date,xau_close,xau_high,xau_low,dxy_close,dfii10
2018-01-02,1317.82,1318.8,1308.4,91.85,0.46
2018-01-03,1312.78,1321.24,1307.31,92.16,0.46
2018-01-04,1322.69,1325.84,1305.7,91.85,0.45
2018-01-05,1319.9,1323.26,1313.55,91.95,0.46
2018-01-08,1320.27,1322.0,1314.65,92.33,0.47
2018-01-09,1312.61,1320.04,1308.26,92.53,0.52
2018-01-10,1316.59,1327.6,1307.96,92.33,0.52
2018-01-11,1322.34,1323.79,1315.58,91.85,0.54
2018-01-12,1338.17,1339.21,1321.62,90.97,0.54
2018-01-15,1339.93,1344.6,1335.92,90.97,0.54
2018-01-16,1338.37,1342.13,1331.66,90.39,0.51
2018-01-17,1326.61,1343.82,1326.28,90.54,0.53
2018-01-18,1327.04,1332.96,1324.14,90.5,0.57
2018-01-19,1331.43,1337.86,1326.66,90.57,0.58
2018-01-22,1333.87,1335.44,1328.27,90.4,0.6
2018-01-23,1341.11,1341.64,1331.24,90.12,0.57
2018-01-24,1357.97,1362.02,1339.42,89.21,0.58
2018-01-25,1348.22,1365.92,1342.33,89.39,0.56
2018-01-26,1350.0,1356.96,1344.46,89.07,0.57
2018-01-29,1340.32,1352.39,1337.57,89.31,0.61
2018-01-30,1338.59,1348.9,1334.44,89.19,0.63
2018-01-31,1344.94,1347.57,1332.75,89.13,0.61
2018-02-01,1348.39,1350.97,1337.24,88.67,0.67
2018-02-02,1332.57,1350.06,1327.43,89.2,0.7
2018-02-05,1339.56,1341.59,1328.99,89.55,0.67
2018-02-06,1324.4,1346.08,1320.18,89.59,0.69
2018-02-07,1318.29,1332.3,1311.38,90.26,0.74
2018-02-08,1318.34,1322.02,1307.04,90.23,0.76
2018-02-09,1315.64,1322.63,1311.12,90.44,0.78
2018-02-12,1322.86,1326.69,1315.13,90.21,0.79
2018-02-13,1328.99,1331.02,1321.59,89.7,0.78
2018-02-14,1350.14,1355.5,1317.3,89.12,0.82
2018-02-15,1353.07,1357.07,1348.53,88.59,0.79
2018-02-16,1347.43,1361.69,1344.71,89.1,0.78
2018-02-19,1346.6,1351.34,1345.78,89.1,0.78
2018-02-20,1329.33,1348.09,1328.44,89.72,0.78
2018-02-21,1324.37,1336.22,1322.14,90.08,0.82
2018-02-22,1331.85,1332.07,1320.93,89.75,0.81
2018-02-23,1328.78,1332.13,1325.78,89.88,0.76
2018-02-26,1332.93,1341.0,1326.65,89.82,0.73
2018-02-27,1318.29,1336.7,1313.41,90.36,0.77
2018-02-28,1318.08,1322.49,1315.59,90.61,0.75
2018-03-01,1317.16,1321.07,1302.76,90.32,0.71
2018-03-02,1322.12,1325.42,1315.2,89.94,0.74
2018-03-05,1319.88,1327.73,1317.53,90.08,0.75
2018-03-06,1334.3,1338.46,1320.21,89.62,0.76
2018-03-07,1325.35,1340.37,1322.2,89.64,0.76
2018-03-08,1322.14,1329.0,1318.87,90.12,0.75
2018-03-09,1323.36,1325.14,1312.83,90.09,0.78
2018-03-12,1322.7,1324.13,1315.04,89.9,0.77
2018-03-13,1326.31,1328.28,1313.73,89.66,0.75
2018-03-14,1324.74,1330.01,1321.46,89.7,0.74
2018-03-15,1316.44,1327.88,1314.93,90.14,0.74
2018-03-16,1313.47,1321.72,1309.6,90.23,0.77
2018-03-19,1317.02,1319.58,1307.76,89.9,0.77
2018-03-20,1311.06,1318.24,1307.17,90.37,0.81
2018-03-21,1331.8,1336.6,1309.79,89.78,0.8
2018-03-22,1328.61,1334.86,1324.77,89.86,0.75
2018-03-23,1347.51,1350.2,1330.61,89.44,0.75
2018-03-26,1353.44,1355.87,1343.46,89.03,0.77
2018-03-27,1344.59,1356.84,1339.84,89.37,0.71
2018-03-28,1324.83,1346.99,1323.44,90.06,0.72
2018-03-29,1325.04,1328.3,1321.21,90.15,0.69
2018-04-02,1341.04,1344.84,1324.81,90.05,0.68
2018-04-03,1332.54,1342.45,1328.88,90.2,0.71
2018-04-04,1333.24,1348.22,1331.49,90.14,0.71
2018-04-05,1326.37,1334.85,1322.72,90.46,0.75
2018-04-06,1332.69,1335.42,1319.5,90.11,0.7
2018-04-09,1336.06,1337.95,1326.85,89.84,0.71
2018-04-10,1339.08,1342.53,1331.06,89.59,0.72
2018-04-11,1353.08,1365.2,1339.49,89.57,0.68
2018-04-12,1334.87,1353.15,1333.71,89.75,0.7
2018-04-13,1345.07,1347.1,1333.05,89.8,0.69
2018-04-16,1345.59,1350.48,1340.11,89.43,0.71
2018-04-17,1347.17,1349.36,1337.65,89.52,0.68
2018-04-18,1349.21,1355.67,1342.27,89.62,0.71
2018-04-19,1345.7,1354.65,1340.93,89.94,0.75
2018-04-20,1335.44,1346.15,1334.94,90.32,0.79
2018-04-23,1324.76,1335.43,1322.11,90.94,0.8
2018-04-24,1330.77,1332.64,1322.11,90.77,0.83
2018-04-25,1322.88,1332.03,1318.76,91.17,0.86
2018-04-26,1317.01,1326.57,1315.26,91.56,0.82
2018-04-27,1322.91,1325.19,1315.37,91.54,0.79
2018-04-30,1314.98,1324.88,1310.18,91.84,0.78
2018-05-01,1304.0,1316.32,1301.74,92.45,0.81
2018-05-02,1304.92,1313.43,1303.88,92.51,0.8
2018-05-03,1312.19,1318.06,1305.39,92.41,0.78
2018-05-04,1314.6,1315.32,1307.93,92.57,0.79
2018-05-07,1314.2,1318.86,1310.21,92.75,0.78
2018-05-08,1314.67,1317.77,1305.92,93.12,0.81
2018-05-09,1312.36,1317.38,1304.28,93.04,0.82
2018-05-10,1321.05,1322.82,1310.72,92.65,0.8
2018-05-11,1317.93,1325.9,1316.86,92.54,0.82
2018-05-14,1313.13,1322.29,1312.91,92.59,0.85
2018-05-15,1290.77,1314.84,1288.66,93.22,0.9
2018-05-16,1290.48,1296.87,1286.38,93.39,0.92
2018-05-17,1290.77,1294.34,1284.93,93.47,0.95
2018-05-18,1292.48,1294.18,1286.06,93.64,0.91
2018-05-21,1292.48,1293.12,1282.0,93.68,0.9
2018-05-22,1291.02,1296.09,1287.9,93.61,0.91
2018-05-23,1293.18,1298.28,1287.54,94.01,0.87
2018-05-24,1304.25,1306.59,1292.72,93.78,0.86
2018-05-25,1300.52,1307.75,1299.83,94.19,0.84
2018-05-28,1298.02,1300.3,1295.48,94.19,0.84
2018-05-29,1298.64,1306.57,1292.48,94.83,0.73
2018-05-30,1301.55,1304.28,1295.86,94.15,0.78
2018-05-31,1298.24,1306.43,1297.26,93.99,0.76
2018-06-01,1293.27,1300.54,1289.34,94.19,0.8
2018-06-04,1291.81,1298.08,1290.15,94.02,0.82
2018-06-05,1296.49,1300.5,1289.69,93.89,0.79
2018-06-06,1295.95,1301.76,1293.73,93.66,0.83
2018-06-07,1296.71,1303.09,1294.82,93.4,0.8
2018-06-08,1298.6,1300.51,1292.05,93.55,0.82
2018-06-11,1300.35,1302.2,1294.02,93.58,0.83
2018-06-12,1295.52,1300.23,1292.76,93.8,0.83
2018-06-13,1299.46,1301.2,1291.82,93.71,0.86
2018-06-14,1302.25,1309.28,1297.48,94.77,0.82
2018-06-15,1280.19,1303.07,1275.33,94.79,0.81
2018-06-18,1278.2,1282.39,1276.99,94.75,0.8
2018-06-19,1274.46,1283.99,1270.31,95.09,0.77
2018-06-20,1267.56,1276.38,1267.56,95.06,0.81
2018-06-21,1267.24,1270.06,1261.29,94.87,0.79
2018-06-22,1269.21,1271.03,1266.58,94.52,0.78
2018-06-25,1265.32,1272.56,1264.4,94.28,0.77
2018-06-26,1258.45,1267.61,1254.71,94.68,0.76
2018-06-27,1251.79,1260.05,1250.59,95.29,0.72
2018-06-28,1248.14,1254.24,1245.84,95.39,0.74
2018-06-29,1252.74,1255.57,1245.99,94.63,0.74
2018-07-02,1241.49,1254.15,1239.63,94.87,0.73
2018-07-03,1252.78,1256.85,1237.82,94.59,0.71
2018-07-04,1256.47,1261.07,1252.34,94.59,0.71
2018-07-05,1257.17,1259.68,1251.24,94.47,0.71
2018-07-06,1254.56,1258.94,1252.69,94.04,0.7
2018-07-09,1257.41,1265.84,1254.83,94.08,0.73
2018-07-10,1255.93,1260.24,1247.28,94.11,0.74
2018-07-11,1242.18,1256.84,1241.41,94.72,0.74
2018-07-12,1246.94,1248.5,1241.24,94.81,0.75
2018-07-13,1241.06,1248.04,1236.3,94.75,0.72
2018-07-16,1240.8,1245.51,1238.28,94.51,0.75
2018-07-17,1227.28,1244.94,1226.02,94.97,0.77
2018-07-18,1227.5,1229.1,1220.98,95.08,0.79
2018-07-19,1222.86,1228.98,1211.45,95.17,0.75
2018-07-20,1231.59,1232.22,1215.63,94.46,0.78
2018-07-23,1224.42,1235.15,1222.19,94.67,0.85
2018-07-24,1224.45,1229.45,1218.1,94.61,0.84
2018-07-25,1231.57,1234.14,1223.16,94.36,0.81
2018-07-26,1222.84,1235.18,1222.29,94.75,0.87
2018-07-27,1222.81,1227.32,1217.51,94.68,0.84
2018-07-30,1221.28,1225.03,1218.96,94.36,0.85
2018-07-31,1223.94,1228.53,1213.93,94.49,0.84
2018-08-01,1216.05,1224.76,1215.69,94.62,0.87
2018-08-02,1207.72,1221.05,1206.97,95.17,0.86
2018-08-03,1213.14,1219.98,1204.4,95.14,0.83
2018-08-06,1207.1,1217.85,1206.48,95.36,0.83
2018-08-07,1210.58,1216.1,1207.65,95.22,0.85
2018-08-08,1213.38,1215.82,1206.35,95.1,0.85
2018-08-09,1212.16,1217.31,1210.72,95.5,0.82
2018-08-10,1211.38,1217.09,1205.7,96.36,0.78
2018-08-13,1193.64,1213.8,1191.6,96.39,0.78
2018-08-14,1193.93,1198.67,1191.99,96.73,0.8
2018-08-15,1174.65,1194.66,1173.07,96.7,0.78
2018-08-16,1173.93,1182.02,1160.07,96.65,0.79
2018-08-17,1184.17,1185.0,1171.79,96.1,0.79
2018-08-20,1190.36,1190.79,1182.6,95.9,0.75
2018-08-21,1196.12,1196.91,1187.65,95.26,0.77
2018-08-22,1195.42,1201.52,1192.54,95.15,0.74
2018-08-23,1185.27,1196.54,1183.8,95.62,0.73
2018-08-24,1205.88,1208.49,1183.18,95.15,0.73
2018-08-27,1211.07,1212.33,1203.11,94.78,0.74
2018-08-28,1200.96,1214.21,1199.53,94.72,0.77
2018-08-29,1206.53,1207.26,1201.29,94.6,0.77
2018-08-30,1199.61,1207.81,1196.17,94.72,0.76
2018-08-31,1200.78,1208.77,1198.21,95.14,0.78
2018-09-03,1201.25,1203.84,1195.6,95.14,0.78
2018-09-04,1191.03,1201.93,1189.56,95.42,0.8
2018-09-05,1196.48,1198.37,1190.79,95.13,0.81
2018-09-06,1199.97,1206.95,1195.74,95.02,0.8
2018-09-07,1195.83,1203.48,1193.41,95.37,0.84
2018-09-10,1195.57,1198.49,1191.44,95.15,0.84
2018-09-11,1198.37,1199.32,1187.66,95.06,0.86
2018-09-12,1206.06,1208.43,1192.63,94.8,0.85
2018-09-13,1201.26,1212.6,1200.07,94.54,0.87
2018-09-14,1193.43,1208.52,1192.84,94.98,0.89
2018-09-17,1200.93,1204.77,1192.75,94.51,0.89
2018-09-18,1198.04,1203.48,1195.82,94.62,0.92
2018-09-19,1203.68,1206.16,1197.92,94.55,0.93
2018-09-20,1207.07,1208.4,1201.23,93.91,0.92
2018-09-21,1199.1,1211.03,1191.78,94.22,0.92
2018-09-24,1198.66,1204.12,1194.36,94.26,0.92
2018-09-25,1201.06,1203.34,1197.01,94.13,0.94
2018-09-26,1194.22,1202.44,1190.47,94.19,0.92
2018-09-27,1182.52,1198.52,1181.84,95.0,0.91
2018-09-28,1191.51,1193.94,1180.66,95.19,0.91
2018-10-01,1188.66,1192.15,1184.51,95.3,0.95
2018-10-02,1202.74,1208.19,1188.67,95.51,0.93
2018-10-03,1196.85,1208.25,1196.43,95.76,0.99
2018-10-04,1199.72,1206.74,1195.95,95.75,1.03
2018-10-05,1202.75,1205.76,1197.2,95.62,1.07
2018-10-08,1187.96,1204.04,1183.33,95.77,1.07
2018-10-09,1189.48,1191.81,1183.16,95.68,1.04
2018-10-10,1194.03,1194.75,1185.25,95.51,1.06
2018-10-11,1224.82,1226.3,1191.22,95.02,1.02
2018-10-12,1217.76,1223.67,1215.8,95.22,1.03
2018-10-15,1226.81,1233.22,1217.74,95.07,1.03
2018-10-16,1224.42,1232.36,1223.4,95.05,1.03
2018-10-17,1222.21,1229.43,1220.53,95.58,1.06
2018-10-18,1225.75,1230.1,1218.63,95.9,1.07
2018-10-19,1226.38,1230.75,1223.02,95.71,1.09
2018-10-22,1221.86,1229.51,1219.97,96.01,1.09
2018-10-23,1230.34,1239.71,1221.65,95.96,1.08
2018-10-24,1233.33,1233.57,1225.55,96.43,1.03
2018-10-25,1231.86,1239.14,1228.05,96.68,1.09
2018-10-26,1233.53,1243.36,1229.98,96.36,1.02
2018-10-29,1229.47,1235.34,1224.25,96.58,1.02
2018-10-30,1222.97,1230.53,1219.8,97.01,1.07
2018-10-31,1214.48,1222.96,1211.93,97.13,1.1
2018-11-01,1233.04,1237.33,1215.26,96.28,1.12
2018-11-02,1232.75,1236.37,1229.67,96.54,1.16
2018-11-05,1231.36,1235.1,1226.82,96.35,1.14
2018-11-06,1227.03,1235.89,1223.44,96.32,1.15
2018-11-07,1226.36,1236.43,1222.93,96.0,1.15
2018-11-08,1223.37,1227.03,1219.98,96.64,1.17
2018-11-09,1209.32,1223.44,1206.65,96.91,1.15
2018-11-12,1200.16,1211.39,1200.16,97.54,1.15
2018-11-13,1201.99,1205.11,1196.21,97.3,1.12
2018-11-14,1210.54,1216.49,1197.64,96.8,1.12
2018-11-15,1212.69,1216.42,1207.66,96.93,1.11
2018-11-16,1221.2,1225.23,1213.1,96.47,1.06
2018-11-19,1223.85,1225.16,1217.97,96.19,1.07
2018-11-20,1221.52,1228.7,1219.93,96.81,1.09
2018-11-21,1225.82,1230.03,1219.65,96.71,1.09
2018-11-22,1226.96,1229.06,1224.81,96.71,1.09
2018-11-23,1222.51,1228.49,1219.88,96.92,1.09
2018-11-26,1222.15,1228.07,1221.65,97.07,1.11
2018-11-27,1214.47,1225.21,1211.82,97.37,1.15
2018-11-28,1221.06,1226.65,1211.15,96.79,1.12
2018-11-29,1224.03,1228.91,1220.42,96.78,1.05
2018-11-30,1221.96,1225.49,1216.62,97.27,1.04
2018-12-03,1230.84,1234.86,1221.25,97.04,1.02
2018-12-04,1238.54,1241.89,1230.38,96.97,0.97
2018-12-05,1237.06,1239.2,1233.25,96.97,0.97
2018-12-06,1237.76,1244.29,1234.68,96.81,0.97
2018-12-07,1248.41,1249.98,1237.24,96.51,0.96
2018-12-10,1244.09,1250.49,1241.55,97.22,0.99
2018-12-11,1242.83,1249.46,1240.96,97.39,1.06
2018-12-12,1245.39,1247.19,1241.93,97.04,1.08
2018-12-13,1242.0,1246.68,1240.05,97.06,1.08
2018-12-14,1238.0,1242.95,1232.89,97.44,1.07
2018-12-17,1245.8,1248.06,1235.47,97.1,1.05
2018-12-18,1249.37,1250.33,1244.97,97.14,1.01
2018-12-19,1242.98,1257.99,1241.61,97.04,0.97
2018-12-20,1259.69,1266.43,1242.68,96.28,1.03
2018-12-21,1255.38,1262.7,1253.85,96.96,1.02
2018-12-24,1268.3,1269.75,1257.89,96.55,0.99
2018-12-26,1266.78,1279.05,1264.46,97.05,1.04
2018-12-27,1275.5,1278.92,1265.51,96.48,1.03
2018-12-28,1280.59,1282.1,1274.2,96.39,0.99
2018-12-31,1280.23,1284.02,1277.38,96.17,0.98
2019-01-02,1284.6,1288.7,1278.64,96.82,0.96
2019-01-03,1293.97,1294.96,1284.5,96.31,0.88
2019-01-04,1284.53,1298.52,1276.54,96.19,0.91
2019-01-07,1288.72,1295.03,1282.56,95.71,0.92
2019-01-08,1285.04,1290.18,1279.31,95.9,0.91
2019-01-09,1292.93,1293.9,1280.01,95.22,0.91
2019-01-10,1286.1,1297.03,1286.03,95.54,0.93
2019-01-11,1287.39,1295.12,1286.72,95.67,0.88
2019-01-14,1291.37,1295.79,1287.77,95.59,0.9
2019-01-15,1288.92,1294.59,1286.71,95.97,0.91
2019-01-16,1293.62,1294.95,1287.78,96.06,0.91
2019-01-17,1291.78,1295.33,1288.67,96.07,0.96
2019-01-18,1281.18,1292.4,1280.56,96.34,0.96
2019-01-21,1280.03,1283.47,1276.76,96.34,0.96
2019-01-22,1284.97,1285.41,1277.35,96.3,0.95
2019-01-23,1282.42,1286.47,1278.59,96.12,0.96
2019-01-24,1280.75,1284.71,1276.7,96.6,0.95
2019-01-25,1302.79,1303.91,1279.89,95.79,0.97
2019-01-28,1303.21,1304.35,1297.56,95.75,0.97
2019-01-29,1311.66,1311.94,1302.66,95.82,0.94
2019-01-30,1319.59,1323.37,1308.92,95.34,0.86
2019-01-31,1321.05,1326.25,1317.36,95.58,0.78
2019-02-01,1317.71,1323.44,1316.06,95.58,0.82
2019-02-04,1311.96,1317.89,1308.53,95.85,0.86
2019-02-05,1314.87,1316.77,1310.66,96.1,0.84
2019-02-06,1306.33,1315.74,1305.53,96.42,0.84
2019-02-07,1309.95,1311.9,1302.73,96.51,0.81
2019-02-08,1313.95,1315.6,1307.72,96.64,0.81
2019-02-11,1308.1,1314.8,1303.59,97.06,0.83
2019-02-12,1310.57,1314.68,1306.45,96.71,0.85
2019-02-13,1305.88,1318.11,1304.94,97.13,0.85
2019-02-14,1312.21,1314.31,1302.34,96.98,0.81
2019-02-15,1321.26,1322.57,1311.29,96.92,0.8
2019-02-18,1326.06,1327.61,1315.81,96.92,0.8
2019-02-19,1341.16,1341.81,1322.81,96.52,0.78
2019-02-20,1338.2,1346.66,1336.83,96.45,0.76
2019-02-21,1323.3,1341.43,1320.88,96.61,0.78
2019-02-22,1327.56,1333.05,1321.5,96.51,0.74
2019-02-25,1327.24,1332.51,1325.07,96.41,0.75
2019-02-26,1328.69,1330.15,1323.43,96.0,0.72
2019-02-27,1319.62,1329.81,1316.57,96.15,0.76
2019-02-28,1313.08,1327.22,1312.55,96.16,0.78
2019-03-01,1293.42,1315.17,1290.12,96.53,0.8
2019-03-04,1286.46,1296.96,1282.8,96.68,0.78
2019-03-05,1287.38,1289.55,1281.13,96.85,0.79
2019-03-06,1286.15,1290.86,1283.49,96.87,0.78
2019-03-07,1285.33,1288.99,1280.77,97.67,0.74
2019-03-08,1298.23,1300.69,1284.41,97.37,0.72
2019-03-11,1293.27,1299.04,1290.42,97.22,0.73
2019-03-12,1301.15,1302.19,1291.96,96.94,0.71
2019-03-13,1309.1,1311.19,1300.87,96.55,0.69
2019-03-14,1296.08,1310.31,1292.73,96.79,0.69
2019-03-15,1301.92,1306.36,1293.93,96.6,0.65
2019-03-18,1303.41,1306.67,1298.13,96.52,0.64
2019-03-19,1306.41,1310.87,1302.27,96.38,0.66
2019-03-20,1312.34,1316.98,1298.57,95.76,0.58
2019-03-21,1309.28,1320.35,1303.16,96.5,0.58
2019-03-22,1313.07,1314.92,1306.79,96.65,0.54
2019-03-25,1322.01,1324.49,1310.91,96.57,0.55
2019-03-26,1315.1,1323.21,1312.63,96.74,0.55
2019-03-27,1309.63,1319.27,1308.02,96.77,0.55
2019-03-28,1289.87,1312.24,1288.48,97.2,0.56
2019-03-29,1292.16,1299.71,1286.66,97.28,0.53
2019-04-01,1287.3,1296.97,1286.37,97.25,0.59
2019-04-02,1292.34,1292.41,1285.24,97.36,0.58
2019-04-03,1289.66,1294.52,1288.34,97.09,0.61
2019-04-04,1292.38,1294.35,1280.88,97.31,0.61
2019-04-05,1291.49,1293.53,1284.35,97.4,0.6
2019-04-08,1297.49,1303.66,1291.39,97.05,0.61
2019-04-09,1303.9,1306.15,1296.55,97.01,0.6
2019-04-10,1307.94,1310.53,1300.9,96.95,0.54
2019-04-11,1292.26,1309.13,1289.53,97.18,0.57
2019-04-12,1290.46,1295.76,1290.01,96.97,0.61
2019-04-15,1287.57,1291.89,1282.43,96.94,0.61
2019-04-16,1276.69,1288.72,1272.89,97.04,0.64
2019-04-17,1273.76,1279.71,1272.93,97.01,0.65
2019-04-18,1275.47,1277.65,1271.09,97.47,0.62
2019-04-22,1274.7,1279.77,1273.74,97.28,0.64
2019-04-23,1272.1,1276.44,1266.21,97.57,0.62
2019-04-24,1275.5,1278.49,1268.72,98.1,0.57
2019-04-25,1277.18,1282.53,1273.31,98.2,0.56
2019-04-26,1285.95,1288.67,1274.15,98.01,0.54
2019-04-29,1279.49,1286.65,1278.01,97.86,0.58
2019-04-30,1283.29,1286.14,1279.85,97.48,0.56
2019-05-01,1276.48,1287.23,1272.83,97.69,0.59
2019-05-02,1270.48,1277.91,1266.2,97.83,0.66
2019-05-03,1278.97,1282.52,1268.13,97.52,0.63
2019-05-06,1280.2,1285.77,1276.93,97.52,0.6
2019-05-07,1284.28,1286.03,1278.13,97.63,0.58
2019-05-08,1280.49,1291.44,1279.27,97.62,0.62
2019-05-09,1283.4,1288.17,1279.56,97.37,0.6
2019-05-10,1285.66,1289.37,1283.11,97.33,0.59
2019-05-13,1299.79,1301.19,1281.9,97.32,0.55
2019-05-14,1296.76,1303.23,1293.65,97.53,0.56
2019-05-15,1296.35,1300.84,1292.99,97.57,0.54
2019-05-16,1286.31,1298.72,1283.97,97.84,0.56
2019-05-17,1277.48,1288.89,1274.72,98.0,0.58
2019-05-20,1277.63,1278.95,1273.61,97.93,0.6
2019-05-21,1274.69,1277.86,1269.41,98.06,0.6
2019-05-22,1273.41,1277.26,1272.43,98.11,0.6
2019-05-23,1283.56,1287.27,1272.78,97.85,0.58
2019-05-24,1284.8,1285.2,1280.71,97.61,0.56
2019-05-27,1284.95,1287.33,1283.72,97.61,0.56
2019-05-28,1279.4,1286.51,1276.09,97.96,0.53
2019-05-29,1280.2,1285.51,1279.11,98.14,0.5
2019-05-30,1288.41,1289.17,1274.95,98.14,0.48
2019-05-31,1305.13,1306.92,1287.93,97.75,0.4
2019-06-03,1324.48,1327.92,1306.49,97.14,0.34
2019-06-04,1325.59,1329.0,1319.87,97.07,0.38
2019-06-05,1330.09,1344.04,1324.49,97.37,0.37
2019-06-06,1335.52,1339.79,1327.18,97.03,0.39
2019-06-07,1340.24,1348.23,1330.23,96.61,0.35
2019-06-10,1327.84,1337.65,1325.03,96.76,0.42
2019-06-11,1326.65,1329.84,1319.83,96.69,0.43
2019-06-12,1333.23,1338.38,1325.98,97.0,0.42
2019-06-13,1341.81,1343.09,1332.38,97.01,0.42
2019-06-14,1340.82,1358.12,1337.73,97.57,0.46
2019-06-17,1339.48,1343.47,1332.93,97.56,0.48
2019-06-18,1346.51,1354.57,1338.59,97.64,0.42
2019-06-19,1359.64,1362.54,1341.31,97.12,0.36
2019-06-20,1388.35,1393.9,1357.65,96.63,0.27
2019-06-21,1398.68,1411.76,1382.48,96.22,0.34
2019-06-24,1419.11,1421.41,1399.42,95.98,0.31
2019-06-25,1423.19,1439.21,1411.82,96.16,0.33
2019-06-26,1408.67,1422.04,1401.82,96.21,0.35
2019-06-27,1409.1,1412.12,1398.59,96.19,0.33
2019-06-28,1409.91,1424.6,1405.63,96.13,0.31
2019-07-01,1383.75,1397.72,1381.66,96.84,0.34
2019-07-02,1418.0,1420.97,1383.74,96.73,0.33
2019-07-03,1418.41,1437.73,1411.96,96.77,0.31
2019-07-04,1415.29,1421.61,1410.13,96.77,0.31
2019-07-05,1398.09,1424.15,1386.63,97.25,0.35
2019-07-08,1395.28,1407.53,1391.68,97.38,0.35
2019-07-09,1397.51,1399.93,1385.69,97.49,0.36
2019-07-10,1417.87,1418.55,1389.81,97.1,0.33
2019-07-11,1403.73,1427.07,1400.73,97.05,0.36
2019-07-12,1414.83,1416.84,1403.08,96.81,0.35
2019-07-15,1413.7,1419.73,1407.63,96.93,0.32
2019-07-16,1405.82,1418.22,1400.68,97.4,0.33
2019-07-17,1426.21,1426.75,1400.01,97.22,0.31
2019-07-18,1445.65,1448.07,1414.56,96.79,0.25
2019-07-19,1424.96,1452.92,1420.13,97.15,0.25
2019-07-22,1424.67,1429.98,1422.18,97.26,0.26
2019-07-23,1417.6,1430.21,1414.13,97.71,0.27
2019-07-24,1425.11,1429.51,1416.27,97.73,0.26
2019-07-25,1414.11,1433.73,1411.0,97.82,0.28
2019-07-26,1418.31,1424.79,1413.4,98.01,0.3
2019-07-29,1426.62,1428.11,1414.8,98.04,0.29
2019-07-30,1430.61,1433.2,1422.26,98.05,0.28
2019-07-31,1412.23,1434.47,1410.17,98.52,0.26
2019-08-01,1444.89,1445.95,1400.44,98.39,0.2
2019-08-02,1440.32,1447.93,1430.29,98.1,0.2
2019-08-05,1463.72,1469.72,1436.67,97.5,0.15
2019-08-06,1474.27,1474.81,1456.33,97.63,0.11
2019-08-07,1501.25,1510.33,1472.18,97.54,0.09
2019-08-08,1500.88,1509.53,1489.97,97.62,0.07
2019-08-09,1497.02,1508.09,1494.74,97.49,0.08
2019-08-12,1511.72,1519.99,1487.2,97.38,0.04
2019-08-13,1501.35,1534.95,1479.77,97.81,0.05
2019-08-14,1516.18,1524.03,1493.78,97.99,0.02
2019-08-15,1523.42,1526.97,1507.81,98.14,-0.02
2019-08-16,1512.1,1527.97,1503.63,98.14,0.01
2019-08-19,1495.79,1512.9,1493.18,98.35,0.04
2019-08-20,1507.36,1508.55,1492.93,98.19,0.02
2019-08-21,1502.31,1508.03,1496.43,98.3,0.05
2019-08-22,1498.16,1504.55,1492.43,98.17,0.07
2019-08-23,1526.25,1530.2,1493.47,97.64,-0.02
2019-08-26,1527.38,1555.21,1524.93,98.08,0.0
2019-08-27,1542.63,1544.65,1525.63,98.0,-0.06
2019-08-28,1541.01,1546.83,1531.79,98.21,-0.08
2019-08-29,1526.87,1550.3,1519.52,98.51,-0.09
2019-08-30,1520.55,1533.11,1516.93,98.92,-0.05
2019-09-02,1528.96,1533.77,1519.22,98.92,-0.05
2019-09-03,1548.7,1549.68,1521.61,98.95,-0.03
2019-09-04,1552.6,1556.98,1533.78,98.45,-0.04
2019-09-05,1518.89,1552.95,1506.19,98.41,0.01
2019-09-06,1506.38,1527.81,1502.47,98.39,0.01
2019-09-09,1498.81,1515.43,1497.54,98.28,0.06
2019-09-10,1485.77,1500.97,1484.45,98.33,0.12
2019-09-11,1496.52,1498.23,1485.99,98.65,0.15
2019-09-12,1498.97,1524.13,1489.16,98.31,0.16
2019-09-13,1488.55,1508.94,1485.71,98.26,0.23
2019-09-16,1498.4,1512.09,1495.83,98.65,0.17
2019-09-17,1501.32,1507.03,1493.39,98.26,0.15
2019-09-18,1493.24,1511.54,1482.97,98.6,0.21
2019-09-19,1498.47,1504.45,1488.92,98.27,0.18
2019-09-20,1516.27,1517.01,1497.89,98.51,0.13
2019-09-23,1522.12,1526.77,1511.48,98.6,0.11
2019-09-24,1531.17,1535.63,1515.55,98.34,0.06
2019-09-25,1503.64,1535.08,1500.4,99.04,0.13
2019-09-26,1504.56,1512.25,1500.25,99.21,0.13
2019-09-27,1496.61,1507.34,1486.79,99.11,0.16
2019-09-30,1472.29,1500.41,1464.43,99.38,0.15
2019-10-01,1479.38,1487.19,1459.03,99.13,0.13
2019-10-02,1499.92,1505.02,1474.44,99.04,0.1
2019-10-03,1504.83,1519.48,1495.76,98.86,0.06
2019-10-04,1504.5,1515.54,1495.77,98.81,0.02
2019-10-07,1493.27,1509.25,1487.97,98.99,0.05
2019-10-08,1505.48,1509.65,1486.81,99.14,0.06
2019-10-09,1505.42,1512.34,1499.8,99.12,0.1
2019-10-10,1493.39,1516.98,1491.02,98.71,0.15
2019-10-11,1487.93,1503.13,1473.93,98.3,0.2
2019-10-14,1493.03,1497.06,1482.77,98.45,0.2
2019-10-15,1481.0,1498.53,1477.13,98.29,0.21
2019-10-16,1489.52,1491.51,1476.96,98.01,0.18
2019-10-17,1492.23,1497.31,1483.37,97.61,0.17
2019-10-18,1489.93,1494.17,1484.81,97.28,0.16
2019-10-21,1484.06,1495.17,1481.42,97.33,0.19
2019-10-22,1487.77,1488.93,1480.78,97.53,0.17
2019-10-23,1491.75,1496.23,1487.62,97.47,0.16
2019-10-24,1502.9,1503.96,1487.93,97.63,0.15
2019-10-25,1504.16,1517.93,1500.55,97.83,0.15
2019-10-28,1492.54,1508.17,1489.93,97.76,0.21
2019-10-29,1487.9,1494.71,1483.33,97.69,0.23
2019-10-30,1495.6,1496.52,1481.08,97.65,0.21
2019-10-31,1512.13,1514.19,1493.89,97.35,0.15
2019-11-01,1513.9,1516.09,1503.22,97.24,0.14
2019-11-04,1509.48,1514.77,1504.34,97.51,0.15
2019-11-05,1483.78,1509.61,1479.31,97.98,0.18
2019-11-06,1490.14,1494.13,1482.91,97.95,0.15
2019-11-07,1468.52,1492.21,1460.46,98.14,0.23
2019-11-08,1458.72,1472.87,1456.12,98.35,0.23
2019-11-11,1455.65,1466.36,1448.15,98.2,0.23
2019-11-12,1456.3,1460.32,1445.57,98.31,0.22
2019-11-13,1463.26,1467.0,1456.64,98.37,0.22
2019-11-14,1470.97,1474.55,1461.07,98.16,0.2
2019-11-15,1467.37,1471.31,1462.37,98.0,0.21
2019-11-18,1470.78,1473.89,1456.28,97.79,0.18
2019-11-19,1472.31,1475.23,1464.72,97.86,0.16
2019-11-20,1471.05,1478.75,1465.88,97.93,0.13
2019-11-21,1464.32,1475.59,1462.28,97.99,0.14
2019-11-22,1461.81,1473.18,1461.25,98.27,0.15
2019-11-25,1454.94,1462.08,1454.0,98.32,0.14
2019-11-26,1461.3,1462.87,1450.02,98.25,0.12
2019-11-27,1453.93,1461.75,1452.45,98.41,0.14
2019-11-28,1455.74,1458.26,1454.16,98.41,0.14
2019-11-29,1463.83,1466.53,1452.94,98.27,0.17
2019-12-02,1462.45,1465.29,1453.89,97.86,0.18
2019-12-03,1477.32,1481.73,1459.78,97.74,0.09
2019-12-04,1474.33,1484.01,1471.35,97.65,0.11
2019-12-05,1475.76,1480.29,1472.86,97.41,0.13
2019-12-06,1459.53,1479.82,1458.66,97.7,0.15
2019-12-09,1461.71,1465.35,1458.48,97.64,0.14
2019-12-10,1464.35,1469.17,1459.95,97.41,0.14
2019-12-11,1474.72,1478.84,1462.63,97.16,0.1
2019-12-12,1469.4,1486.69,1463.89,97.4,0.18
2019-12-13,1475.44,1478.0,1461.73,97.17,0.12
2019-12-16,1475.9,1479.85,1473.09,97.07,0.16
2019-12-17,1475.99,1480.49,1474.12,97.21,0.14
2019-12-18,1475.45,1479.24,1470.38,97.41,0.16
2019-12-19,1478.7,1481.64,1473.19,97.42,0.15
2019-12-20,1477.93,1480.94,1475.78,97.71,0.15
2019-12-23,1485.38,1486.09,1477.46,97.66,0.18
2019-12-24,1498.99,1500.44,1484.33,97.65,0.15
2019-12-26,1511.04,1512.56,1502.27,97.59,0.16
2019-12-27,1510.63,1515.29,1507.28,96.92,0.15
2019-12-30,1514.96,1516.07,1510.7,96.74,0.15
2019-12-31,1520.21,1525.23,1514.54,96.39,0.15
2020-01-02,1528.77,1531.32,1518.38,96.85,0.08
2020-01-03,1551.44,1553.43,1527.86,96.84,0.03
2020-01-06,1565.63,1582.09,1560.7,96.67,0.06
2020-01-07,1573.24,1577.32,1555.23,96.98,0.09
2020-01-08,1556.36,1611.35,1552.22,97.3,0.12
2020-01-09,1552.08,1561.29,1540.2,97.45,0.11
2020-01-10,1561.76,1563.13,1545.73,97.36,0.07
2020-01-13,1548.34,1560.6,1546.51,97.35,0.08
2020-01-14,1546.25,1548.85,1535.96,97.37,0.05
2020-01-15,1556.22,1558.17,1546.27,97.23,0.04
2020-01-16,1552.46,1558.06,1547.98,97.32,0.07
2020-01-17,1556.83,1561.21,1549.33,97.61,0.09
2020-01-20,1560.5,1562.76,1556.35,97.61,0.09
2020-01-21,1557.91,1568.59,1546.3,97.53,0.04
2020-01-22,1558.6,1559.22,1550.15,97.53,0.05
2020-01-23,1562.8,1567.91,1551.85,97.69,0.04
2020-01-24,1570.9,1575.95,1556.49,97.85,0.02
2020-01-27,1581.88,1588.28,1575.87,97.96,-0.02
2020-01-28,1567.78,1583.03,1565.44,98.02,0.0
2020-01-29,1577.11,1578.0,1563.35,97.99,-0.04
2020-01-30,1573.85,1585.99,1572.22,97.87,-0.07
2020-01-31,1588.83,1590.48,1570.87,97.39,-0.14
2020-02-03,1576.3,1592.0,1569.28,97.8,-0.09
2020-02-04,1552.74,1579.61,1548.97,97.96,-0.03
2020-02-05,1556.41,1562.41,1547.38,98.27,0.0
2020-02-06,1566.46,1568.23,1552.46,98.5,-0.02
2020-02-07,1570.0,1574.05,1560.08,98.68,-0.07
2020-02-10,1571.87,1577.01,1567.96,98.83,-0.1
2020-02-11,1567.63,1574.05,1561.92,98.72,-0.06
2020-02-12,1565.73,1570.46,1561.95,99.05,-0.04
2020-02-13,1575.98,1578.33,1565.51,99.07,-0.06
2020-02-14,1583.69,1585.01,1573.02,99.12,-0.07
2020-02-17,1580.86,1583.78,1578.85,99.12,-0.07
2020-02-18,1601.35,1605.05,1583.23,99.46,-0.1
2020-02-19,1611.34,1612.91,1599.53,99.6,-0.09
2020-02-20,1619.26,1623.73,1603.84,99.87,-0.11
2020-02-21,1643.73,1649.23,1618.92,99.26,-0.15
2020-02-24,1658.5,1689.25,1650.83,99.29,-0.21
2020-02-25,1635.26,1658.77,1624.98,98.97,-0.2
2020-02-26,1640.5,1654.95,1624.73,99.0,-0.21
2020-02-27,1644.23,1660.37,1635.19,98.44,-0.23
2020-02-28,1584.7,1649.46,1562.93,98.13,-0.28
2020-03-02,1589.75,1610.94,1575.31,97.36,-0.31
2020-03-03,1639.48,1649.29,1589.58,97.15,-0.43
2020-03-04,1635.73,1653.13,1631.81,97.34,-0.44
2020-03-05,1671.58,1674.57,1634.97,96.82,-0.48
2020-03-06,1674.06,1692.09,1641.97,95.95,-0.57
2020-03-09,1678.15,1703.44,1657.41,94.9,-0.45
2020-03-10,1649.37,1671.42,1641.49,96.41,-0.24
2020-03-11,1636.63,1671.24,1632.94,96.51,-0.14
2020-03-12,1578.63,1650.07,1560.59,97.47,-0.04
2020-03-13,1529.78,1597.91,1504.62,98.75,0.04
2020-03-16,1509.09,1562.94,1451.13,98.09,0.0
2020-03-17,1527.8,1553.85,1465.42,99.58,0.39
2020-03-18,1484.63,1543.29,1472.61,101.16,0.55
2020-03-19,1474.34,1500.77,1461.89,102.76,0.62
2020-03-20,1498.64,1515.93,1465.83,102.82,0.17
2020-03-23,1552.39,1561.08,1485.0,102.49,-0.04
2020-03-24,1625.33,1632.3,1557.62,101.74,-0.13
2020-03-25,1616.35,1638.85,1594.95,101.05,-0.19
2020-03-26,1628.93,1644.37,1595.26,99.42,-0.24
2020-03-27,1622.55,1631.06,1613.83,98.37,-0.22
2020-03-30,1620.31,1632.25,1610.39,99.18,-0.25
2020-03-31,1576.78,1622.22,1574.19,99.05,-0.17
2020-04-01,1591.26,1599.96,1569.33,99.67,-0.29
2020-04-02,1611.66,1620.17,1582.65,100.18,-0.4
2020-04-03,1615.7,1626.04,1605.85,100.58,-0.46
2020-04-06,1658.19,1669.88,1608.35,100.69,-0.47
2020-04-07,1647.94,1674.02,1642.16,99.98,-0.42
2020-04-08,1645.4,1656.87,1641.58,100.12,-0.42
2020-04-09,1683.56,1690.43,1643.86,99.52,-0.5
2020-04-13,1711.98,1723.27,1674.98,99.35,-0.5
2020-04-14,1726.54,1747.4,1708.56,98.89,-0.53
2020-04-15,1716.5,1731.11,1707.52,99.46,-0.56
2020-04-16,1718.38,1738.66,1708.01,100.03,-0.42
2020-04-17,1682.14,1718.52,1680.1,99.78,-0.36
2020-04-20,1695.28,1702.7,1671.55,99.96,-0.31
2020-04-21,1683.54,1697.86,1660.03,100.26,-0.38
2020-04-22,1714.87,1718.74,1680.29,100.39,-0.43
2020-04-23,1730.31,1738.78,1707.0,100.43,-0.44
2020-04-24,1726.41,1736.35,1710.36,100.38,-0.51
2020-04-27,1714.94,1727.59,1705.87,100.04,-0.5
2020-04-28,1707.65,1716.16,1691.54,99.87,-0.52
2020-04-29,1712.89,1717.67,1697.76,99.57,-0.51
2020-04-30,1685.98,1721.72,1681.24,99.02,-0.43
2020-05-01,1699.6,1705.47,1670.4,98.8,-0.42
2020-05-04,1701.0,1713.44,1691.64,99.48,-0.43
2020-05-05,1704.71,1712.04,1689.63,99.71,-0.44
2020-05-06,1685.19,1708.06,1681.14,100.09,-0.38
2020-05-07,1715.25,1722.01,1684.14,99.89,-0.45
2020-05-08,1702.09,1723.6,1701.09,99.73,-0.43
2020-05-11,1697.64,1711.8,1691.53,100.24,-0.4
2020-05-12,1702.26,1710.95,1693.61,99.93,-0.4
2020-05-13,1715.3,1718.08,1698.93,100.24,-0.43
2020-05-14,1730.06,1736.39,1711.0,100.47,-0.43
2020-05-15,1741.85,1751.68,1728.61,100.4,-0.45
2020-05-18,1732.2,1765.08,1727.5,99.67,-0.44
2020-05-19,1744.24,1748.03,1725.6,99.37,-0.45
2020-05-20,1747.21,1753.8,1742.3,99.12,-0.48
2020-05-21,1726.76,1748.79,1717.1,99.37,-0.46
2020-05-22,1735.45,1740.09,1724.25,99.86,-0.46
2020-05-25,1728.22,1733.34,1721.55,99.86,-0.46
2020-05-26,1710.31,1735.41,1708.65,98.91,-0.44
2020-05-27,1709.57,1715.99,1693.62,99.06,-0.46
2020-05-28,1718.68,1727.57,1707.27,98.38,-0.48
2020-05-29,1730.41,1737.69,1712.75,98.34,-0.5
2020-06-01,1739.48,1744.51,1726.84,97.83,-0.52
2020-06-02,1727.45,1745.09,1721.3,97.67,-0.5
2020-06-03,1698.26,1731.75,1689.21,97.28,-0.44
2020-06-04,1712.8,1721.73,1696.99,96.68,-0.4
2020-06-05,1684.3,1716.04,1670.55,96.94,-0.36
2020-06-08,1698.39,1700.67,1677.22,96.62,-0.4
2020-06-09,1714.16,1720.83,1692.11,96.32,-0.42
2020-06-10,1737.83,1739.75,1708.2,95.96,-0.52
2020-06-11,1728.56,1744.63,1721.27,96.73,-0.55
2020-06-12,1730.57,1743.03,1722.14,97.32,-0.5
2020-06-15,1725.24,1734.13,1704.11,96.68,-0.52
2020-06-16,1726.41,1732.84,1716.41,96.96,-0.52
2020-06-17,1726.19,1730.23,1712.6,97.16,-0.52
2020-06-18,1722.48,1737.59,1717.3,97.42,-0.57
2020-06-19,1742.26,1745.28,1721.17,97.62,-0.6
2020-06-22,1754.55,1763.2,1742.74,97.04,-0.63
2020-06-23,1766.95,1771.07,1747.29,96.69,-0.66
2020-06-24,1761.28,1779.43,1760.68,97.15,-0.64
2020-06-25,1763.63,1768.87,1755.26,97.43,-0.65
2020-06-26,1769.57,1772.03,1747.43,97.5,-0.68
2020-06-29,1772.6,1775.43,1765.61,97.54,-0.7
2020-06-30,1780.54,1785.94,1764.69,97.39,-0.68
2020-07-01,1769.84,1789.08,1759.22,97.2,-0.68
2020-07-02,1774.97,1779.39,1757.43,97.32,-0.73
2020-07-03,1774.9,1777.1,1772.66,97.32,-0.73
2020-07-06,1784.25,1787.0,1769.86,96.79,-0.76
2020-07-07,1794.6,1797.34,1773.47,96.88,-0.78
2020-07-08,1808.45,1817.92,1791.52,96.43,-0.75
2020-07-09,1802.32,1815.91,1795.42,96.7,-0.77
2020-07-10,1798.57,1810.43,1793.98,96.65,-0.76
2020-07-13,1802.27,1813.31,1797.73,96.46,-0.78
2020-07-14,1808.99,1810.84,1790.63,96.26,-0.78
2020-07-15,1809.97,1815.04,1802.45,96.08,-0.77
2020-07-16,1796.84,1813.29,1794.9,96.35,-0.79
2020-07-17,1809.68,1811.95,1795.75,95.94,-0.82
2020-07-20,1817.21,1820.53,1805.62,95.83,-0.84
2020-07-21,1841.48,1843.47,1815.59,95.12,-0.87
2020-07-22,1871.22,1872.02,1840.74,94.97,-0.88
2020-07-23,1885.97,1898.36,1863.64,94.69,-0.9
2020-07-24,1901.63,1906.5,1881.29,94.44,-0.92
2020-07-27,1940.96,1945.62,1902.54,93.67,-0.9
2020-07-28,1957.98,1981.16,1906.63,93.76,-0.92
2020-07-29,1970.82,1980.75,1941.33,93.26,-0.95
2020-07-30,1957.54,1971.32,1939.44,93.02,-0.97
2020-07-31,1975.02,1983.97,1955.33,93.49,-1.0
2020-08-03,1975.98,1984.9,1960.39,93.5,-1.02
2020-08-04,2018.53,2019.82,1966.66,93.38,-1.05
2020-08-05,2038.96,2055.57,2009.39,92.83,-1.06
2020-08-06,2063.25,2069.74,2034.44,92.79,-1.08
2020-08-07,2033.15,2074.87,2015.37,93.44,-1.04
2020-08-10,2027.61,2049.85,2019.15,93.58,-1.02
2020-08-11,1912.57,2029.92,1901.25,93.63,-0.99
2020-08-12,1918.98,1949.48,1862.58,93.44,-0.98
2020-08-13,1953.64,1966.16,1912.66,93.34,-0.96
2020-08-14,1943.57,1962.37,1932.07,93.1,-0.94
2020-08-17,1984.43,1990.68,1929.4,92.85,-0.97
2020-08-18,2002.22,2015.57,1975.86,92.27,-1.01
2020-08-19,1927.66,2006.37,1924.51,92.89,-0.99
2020-08-20,1946.17,1955.26,1924.54,92.79,-0.97
2020-08-21,1938.98,1955.97,1911.26,93.25,-1.0
2020-08-24,1928.38,1961.88,1923.74,93.3,-1.02
2020-08-25,1926.87,1937.49,1914.19,93.02,-1.01
2020-08-26,1953.14,1954.82,1902.64,93.01,-1.03
2020-08-27,1928.32,1976.53,1909.79,93.01,-0.99
2020-08-28,1964.34,1973.78,1923.15,92.37,-1.03
2020-08-31,1968.22,1976.54,1954.23,92.14,-1.08
2020-09-01,1970.63,1992.29,1963.35,92.34,-1.08
2020-09-02,1943.08,1973.26,1932.39,92.85,-1.07
2020-09-03,1930.45,1950.94,1921.75,92.74,-1.02
2020-09-04,1933.09,1948.36,1916.27,92.72,-0.98
2020-09-07,1928.29,1941.37,1924.44,92.72,-0.98
2020-09-08,1931.51,1940.84,1906.54,93.48,-0.99
2020-09-09,1947.37,1950.84,1919.95,93.26,-1.0
2020-09-10,1946.01,1966.53,1941.35,93.34,-1.01
2020-09-11,1940.48,1954.8,1937.12,93.33,-0.98
2020-09-14,1956.52,1962.56,1937.36,93.07,-0.97
2020-09-15,1953.34,1972.21,1948.29,93.05,-0.99
2020-09-16,1959.15,1973.64,1949.87,93.21,-0.99
2020-09-17,1944.2,1960.96,1932.87,92.97,-0.97
2020-09-18,1950.42,1960.1,1943.93,92.93,-0.97
2020-09-21,1911.92,1955.62,1882.71,93.54,-0.94
2020-09-22,1900.34,1920.03,1894.64,93.99,-0.94
2020-09-23,1862.74,1905.39,1855.67,94.39,-0.92
2020-09-24,1868.66,1877.15,1848.75,94.35,-0.91
2020-09-25,1860.14,1875.18,1852.37,94.58,-0.92
2020-09-28,1881.84,1882.96,1848.93,94.26,-0.94
2020-09-29,1897.48,1899.12,1875.49,93.89,-0.98
2020-09-30,1885.23,1902.27,1881.34,93.89,-0.94
2020-10-01,1905.94,1912.12,1884.67,93.71,-0.95
2020-10-02,1900.58,1917.1,1889.76,93.84,-0.94
2020-10-05,1913.65,1918.73,1887.05,93.51,-0.9
2020-10-06,1877.56,1921.09,1876.78,93.83,-0.9
2020-10-07,1887.83,1898.01,1872.94,93.63,-0.9
2020-10-08,1893.5,1900.62,1882.0,93.61,-0.94
2020-10-09,1929.87,1930.41,1893.58,93.06,-0.94
2020-10-12,1922.63,1933.18,1918.2,93.07,-0.94
2020-10-13,1891.07,1925.37,1886.37,93.53,-0.96
2020-10-14,1900.49,1912.94,1882.46,93.38,-0.96
2020-10-15,1907.92,1908.9,1889.48,93.86,-0.95
2020-10-16,1898.76,1913.92,1897.76,93.68,-0.95
2020-10-19,1903.44,1918.47,1896.98,93.43,-0.93
2020-10-20,1907.53,1914.03,1894.81,93.07,-0.91
2020-10-21,1924.6,1931.36,1908.41,92.61,-0.91
2020-10-22,1903.67,1925.94,1894.5,92.95,-0.89
2020-10-23,1901.41,1914.19,1894.29,92.77,-0.9
2020-10-26,1901.68,1908.52,1891.21,93.05,-0.91
2020-10-27,1907.35,1911.42,1897.84,92.94,-0.92
2020-10-28,1876.81,1910.87,1869.36,93.41,-0.91
2020-10-29,1867.11,1884.97,1859.92,93.96,-0.86
2020-10-30,1878.37,1889.79,1864.45,94.04,-0.82
2020-11-02,1895.06,1896.02,1873.41,94.05,-0.84
2020-11-03,1908.94,1910.55,1886.86,93.55,-0.82
2020-11-04,1903.27,1916.31,1881.82,93.41,-0.86
2020-11-05,1949.17,1952.76,1902.45,92.53,-0.87
2020-11-06,1951.81,1960.29,1935.59,92.23,-0.82
2020-11-09,1863.13,1965.46,1850.52,92.73,-0.77
2020-11-10,1877.39,1890.35,1860.69,92.75,-0.78
2020-11-11,1865.5,1884.41,1856.43,93.04,-0.78
2020-11-12,1876.71,1883.81,1862.69,92.96,-0.83
2020-11-13,1889.28,1896.75,1873.97,92.76,-0.83
2020-11-16,1888.66,1899.01,1864.46,92.57,-0.81
2020-11-17,1880.19,1893.43,1876.84,92.42,-0.83
2020-11-18,1871.97,1884.82,1863.47,92.32,-0.82
2020-11-19,1866.84,1874.13,1852.69,92.29,-0.84
2020-11-20,1870.9,1879.75,1860.76,92.39,-0.86
2020-11-23,1837.49,1876.14,1830.95,92.51,-0.85
2020-11-24,1807.71,1838.95,1800.25,92.23,-0.86
2020-11-25,1807.07,1817.63,1801.73,91.99,-0.87
2020-11-26,1810.2,1818.22,1805.7,91.99,-0.87
2020-11-27,1786.76,1813.88,1774.33,91.79,-0.91
2020-11-30,1777.64,1789.86,1764.38,91.87,-0.93
2020-12-01,1815.42,1817.27,1775.74,91.31,-0.89
2020-12-02,1830.72,1832.55,1807.43,91.12,-0.9
2020-12-03,1840.98,1843.91,1823.64,90.71,-0.94
2020-12-04,1838.6,1848.17,1829.11,90.7,-0.92
2020-12-07,1863.1,1868.5,1821.99,90.79,-0.94
2020-12-08,1870.83,1875.28,1860.17,90.97,-0.97
2020-12-09,1839.41,1870.53,1825.4,91.09,-0.96
2020-12-10,1835.96,1849.98,1828.62,90.79,-0.96
2020-12-11,1839.91,1847.66,1823.91,90.98,-0.97
2020-12-14,1827.82,1839.02,1818.34,90.71,-0.98
2020-12-15,1853.67,1855.32,1825.46,90.47,-0.99
2020-12-16,1864.06,1865.77,1844.71,90.45,-1.0
2020-12-17,1886.04,1896.19,1862.01,89.82,-1.0
2020-12-18,1880.55,1889.58,1877.38,90.02,-1.0
2020-12-21,1876.25,1906.7,1854.99,90.04,-1.0
2020-12-22,1859.91,1884.21,1858.93,90.65,-1.01
2020-12-23,1872.63,1878.56,1857.06,90.41,-1.01
2020-12-24,1879.3,1883.46,1869.5,90.33,-1.03
2020-12-28,1873.05,1900.2,1869.12,90.34,-1.03
2020-12-29,1878.17,1886.44,1871.71,90.01,-1.02
2020-12-30,1893.81,1894.04,1876.08,89.63,-1.03
2020-12-31,1893.68,1900.38,1885.41,89.94,-1.06
2021-01-04,1943.23,1944.43,1907.72,89.88,-1.08
2021-01-05,1950.03,1953.09,1934.31,89.44,-1.07
2021-01-06,1918.79,1959.29,1900.83,89.53,-1.02
2021-01-07,1913.51,1927.64,1906.77,89.83,-1.01
2021-01-08,1849.04,1917.48,1828.27,90.1,-0.93
2021-01-11,1844.45,1855.59,1817.0,90.54,-0.91
2021-01-12,1855.31,1863.8,1836.7,90.05,-0.93
2021-01-13,1844.68,1862.94,1841.91,90.32,-0.96
2021-01-14,1846.46,1857.45,1830.94,90.24,-0.94
2021-01-15,1827.65,1856.85,1823.39,90.78,-0.99
2021-01-18,1837.52,1840.72,1810.29,90.78,-0.99
2021-01-19,1839.63,1845.51,1833.12,90.5,-1.0
2021-01-20,1871.42,1871.73,1832.49,90.47,-1.02
2021-01-21,1869.8,1875.01,1858.32,90.13,-0.98
2021-01-22,1854.67,1870.81,1837.4,90.24,-0.99
2021-01-25,1855.94,1867.93,1847.11,90.39,-1.03
2021-01-26,1851.43,1861.73,1848.4,90.17,-1.03
2021-01-27,1843.83,1853.11,1831.35,90.65,-1.04
2021-01-28,1842.61,1864.0,1834.0,90.46,-1.06
2021-01-29,1847.59,1875.69,1839.59,90.58,-1.02
2021-02-01,1860.55,1871.78,1849.15,91.02,-1.02
2021-02-02,1837.65,1864.05,1829.53,91.2,-1.03
2021-02-03,1834.21,1844.98,1829.81,91.12,-1.04
2021-02-04,1793.12,1834.74,1784.9,91.53,-1.02
2021-02-05,1813.4,1815.2,1791.98,91.04,-1.02
2021-02-08,1830.13,1839.19,1807.77,90.93,-1.03
2021-02-09,1837.64,1848.56,1828.83,90.44,-1.04
2021-02-10,1842.35,1855.31,1834.05,90.37,-1.06
2021-02-11,1825.47,1847.54,1821.2,90.42,-1.04
2021-02-12,1824.17,1830.68,1810.52,90.48,-1.01
2021-02-15,1818.72,1827.02,1816.07,90.48,-1.01
2021-02-16,1794.56,1826.42,1789.48,90.51,-0.94
2021-02-17,1776.7,1795.15,1769.47,90.95,-0.92
2021-02-18,1775.44,1789.62,1768.42,90.59,-0.87
2021-02-19,1783.05,1791.63,1760.64,90.36,-0.8
2021-02-22,1809.04,1812.69,1780.68,90.01,-0.79
2021-02-23,1805.07,1816.01,1795.6,90.17,-0.79
2021-02-24,1805.33,1813.94,1783.63,90.18,-0.79
2021-02-25,1770.25,1804.23,1765.28,90.13,-0.6
2021-02-26,1733.84,1775.76,1717.18,90.93,-0.71
2021-03-01,1724.79,1759.89,1719.63,91.04,-0.71
2021-03-02,1738.77,1738.77,1707.2,90.79,-0.78
2021-03-03,1711.71,1740.49,1701.86,90.95,-0.74
2021-03-04,1698.6,1723.19,1690.54,91.63,-0.66
2021-03-05,1700.76,1707.62,1687.28,91.98,-0.66
2021-03-08,1682.53,1714.29,1676.82,92.31,-0.62
2021-03-09,1715.59,1720.58,1680.12,91.96,-0.66
2021-03-10,1726.33,1726.57,1708.2,91.79,-0.73
2021-03-11,1722.38,1739.82,1719.27,91.42,-0.74
2021-03-12,1726.92,1727.96,1699.21,91.68,-0.62
2021-03-15,1732.11,1734.54,1721.66,91.83,-0.65
2021-03-16,1731.85,1741.21,1726.25,91.87,-0.68
2021-03-17,1744.54,1751.63,1724.17,91.4,-0.67
2021-03-18,1736.49,1755.46,1719.25,91.85,-0.56
2021-03-19,1745.14,1746.72,1728.5,91.92,-0.57
2021-03-22,1738.68,1744.33,1727.39,91.8,-0.64
2021-03-23,1726.89,1742.6,1724.68,92.34,-0.66
2021-03-24,1733.83,1738.47,1723.79,92.53,-0.69
2021-03-25,1726.98,1745.43,1721.76,92.88,-0.69
2021-03-26,1732.7,1736.65,1721.63,92.77,-0.67
2021-03-29,1711.81,1732.84,1705.65,92.94,-0.63
2021-03-30,1685.06,1714.36,1678.77,93.3,-0.62
2021-03-31,1707.7,1715.34,1677.86,93.23,-0.63
2021-04-01,1729.49,1730.4,1705.76,92.93,-0.66
2021-04-05,1728.36,1733.57,1721.25,92.6,-0.62
2021-04-06,1743.06,1745.47,1727.16,92.34,-0.65
2021-04-07,1737.57,1744.32,1730.57,92.46,-0.66
2021-04-08,1756.14,1758.66,1733.14,92.06,-0.69
2021-04-09,1743.46,1757.32,1731.26,92.16,-0.64
2021-04-12,1732.34,1745.0,1727.48,92.14,-0.64
2021-04-13,1745.39,1748.99,1723.7,91.85,-0.69
2021-04-14,1736.25,1749.31,1732.58,91.69,-0.69
2021-04-15,1763.5,1769.68,1734.35,91.67,-0.77
2021-04-16,1776.67,1783.79,1759.72,91.56,-0.77
2021-04-19,1770.78,1790.03,1766.76,91.07,-0.73
2021-04-20,1778.55,1780.41,1763.53,91.24,-0.74
2021-04-21,1793.92,1797.63,1776.24,91.16,-0.76
2021-04-22,1784.36,1797.88,1777.45,91.33,-0.76
2021-04-23,1776.48,1795.95,1770.01,90.86,-0.76
2021-04-26,1781.39,1783.5,1768.84,90.81,-0.78
2021-04-27,1776.7,1785.55,1773.76,90.91,-0.76
2021-04-28,1781.47,1782.54,1762.62,90.61,-0.78
2021-04-29,1772.28,1789.98,1756.19,90.61,-0.77
2021-04-30,1768.97,1773.62,1764.24,91.28,-0.76
2021-05-03,1793.04,1797.91,1766.04,90.95,-0.79
2021-05-04,1779.28,1799.09,1771.01,91.29,-0.81
2021-05-05,1787.66,1787.97,1770.49,91.31,-0.88
2021-05-06,1815.22,1818.12,1782.0,90.95,-0.87
2021-05-07,1830.85,1843.3,1812.85,90.23,-0.89
2021-05-10,1835.54,1845.49,1829.97,90.21,-0.91
2021-05-11,1836.8,1841.8,1818.09,90.14,-0.89
2021-05-12,1816.11,1843.68,1813.24,90.71,-0.85
2021-05-13,1826.93,1828.8,1808.77,90.75,-0.85
2021-05-14,1842.56,1845.93,1819.77,90.32,-0.88
2021-05-17,1866.65,1868.41,1843.52,90.22,-0.9
2021-05-18,1869.64,1875.03,1863.2,89.75,-0.88
2021-05-19,1870.15,1890.09,1852.23,90.19,-0.8
2021-05-20,1877.28,1883.94,1863.86,89.81,-0.78
2021-05-21,1881.74,1889.41,1870.1,90.02,-0.8
2021-05-24,1881.35,1887.02,1875.17,89.83,-0.83
2021-05-25,1899.18,1900.21,1872.71,89.64,-0.86
2021-05-26,1896.5,1912.74,1890.77,90.04,-0.82
2021-05-27,1896.43,1903.67,1888.28,89.97,-0.81
2021-05-28,1903.18,1905.95,1882.27,90.03,-0.84
2021-05-31,1906.62,1910.65,1902.14,90.03,-0.84
2021-06-01,1899.87,1916.58,1892.37,89.83,-0.84
2021-06-02,1908.66,1909.09,1894.37,89.9,-0.85
2021-06-03,1870.7,1909.64,1865.37,90.5,-0.79
2021-06-04,1891.51,1896.14,1855.5,90.14,-0.84
2021-06-07,1898.78,1900.13,1881.57,89.95,-0.82
2021-06-08,1893.06,1903.67,1883.84,90.08,-0.83
2021-06-09,1888.89,1898.95,1887.33,90.12,-0.82
2021-06-10,1899.64,1899.86,1869.84,90.08,-0.9
2021-06-11,1876.16,1903.03,1874.44,90.56,-0.85
2021-06-14,1866.31,1877.62,1844.77,90.52,-0.85
2021-06-15,1858.89,1869.16,1851.65,90.54,-0.87
2021-06-16,1810.21,1862.91,1803.33,91.13,-0.75
2021-06-17,1772.78,1825.33,1767.3,91.89,-0.75
2021-06-18,1764.52,1797.14,1760.91,92.23,-0.79
2021-06-21,1783.25,1786.61,1766.4,91.86,-0.75
2021-06-22,1778.63,1790.09,1772.44,91.73,-0.83
2021-06-23,1778.4,1794.95,1773.33,91.8,-0.84
2021-06-24,1774.96,1787.97,1772.85,91.82,-0.81
2021-06-25,1781.11,1790.34,1773.7,91.81,-0.8
2021-06-28,1779.03,1785.74,1770.67,91.88,-0.84
2021-06-29,1761.08,1778.96,1750.69,92.05,-0.83
2021-06-30,1769.65,1774.39,1753.33,92.44,-0.87
2021-07-01,1776.52,1782.78,1765.64,92.6,-0.87
2021-07-02,1787.33,1795.04,1774.33,92.23,-0.89
2021-07-05,1791.73,1794.34,1784.47,92.23,-0.89
2021-07-06,1797.05,1814.97,1790.11,92.55,-0.94
2021-07-07,1803.59,1809.72,1793.85,92.64,-0.95
2021-07-08,1802.35,1818.33,1793.83,92.36,-0.92
2021-07-09,1808.04,1812.33,1796.38,92.13,-0.91
2021-07-12,1806.17,1810.82,1791.65,92.23,-0.95
2021-07-13,1807.14,1817.14,1798.6,92.75,-0.94
2021-07-14,1827.99,1829.73,1804.55,92.41,-0.97
2021-07-15,1829.45,1834.07,1820.22,92.62,-1.01
2021-07-16,1811.51,1832.0,1808.96,92.69,-1.02
2021-07-19,1812.61,1817.27,1794.98,92.89,-1.05
2021-07-20,1810.24,1824.92,1805.1,92.97,-1.03
2021-07-21,1803.42,1813.74,1794.68,92.75,-0.98
2021-07-22,1806.42,1808.04,1792.74,92.82,-1.01
2021-07-23,1801.93,1810.3,1789.63,92.91,-1.05
2021-07-26,1797.65,1811.46,1796.38,92.65,-1.11
2021-07-27,1798.47,1805.22,1793.6,92.43,-1.13
2021-07-28,1807.11,1809.82,1792.36,92.32,-1.15
2021-07-29,1827.79,1832.62,1807.22,91.86,-1.15
2021-07-30,1814.28,1831.34,1810.2,92.17,-1.16
2021-08-02,1813.11,1819.51,1805.78,92.05,-1.17
2021-08-03,1810.12,1814.99,1807.12,92.08,-1.19
2021-08-04,1811.6,1831.65,1806.4,92.27,-1.16
2021-08-05,1803.73,1814.81,1797.83,92.24,-1.1
2021-08-06,1763.18,1804.72,1758.65,92.8,-1.06
2021-08-09,1729.58,1762.27,1683.2,92.95,-1.04
2021-08-10,1728.74,1738.27,1717.71,93.06,-1.04
2021-08-11,1751.5,1754.37,1724.08,92.91,-1.07
2021-08-12,1752.86,1758.15,1741.58,93.04,-1.05
2021-08-13,1779.7,1779.79,1751.69,92.52,-1.08
2021-08-16,1787.24,1789.28,1770.8,92.63,-1.1
2021-08-17,1785.8,1795.46,1780.53,93.13,-1.07
2021-08-18,1787.68,1793.75,1777.32,93.14,-1.05
2021-08-19,1780.0,1792.44,1774.41,93.57,-1.04
2021-08-20,1780.94,1788.37,1778.33,93.5,-1.01
2021-08-23,1805.18,1806.42,1776.44,92.96,-1.02
2021-08-24,1802.83,1809.51,1800.7,92.89,-1.01
2021-08-25,1790.33,1802.78,1782.57,92.83,-1.0
2021-08-26,1791.69,1798.12,1780.07,93.06,-0.99
2021-08-27,1817.85,1819.09,1784.01,92.69,-1.08
2021-08-30,1810.13,1823.24,1807.76,92.65,-1.08
2021-08-31,1814.26,1819.15,1801.71,92.63,-1.03
2021-09-01,1813.77,1820.03,1808.72,92.45,-1.03
2021-09-02,1809.55,1817.15,1804.86,92.23,-1.03
2021-09-03,1827.59,1833.95,1808.94,92.04,-1.01
2021-09-06,1823.14,1830.24,1821.42,92.04,-1.01
2021-09-07,1793.92,1827.22,1792.04,92.52,-0.98
2021-09-08,1789.29,1802.11,1782.43,92.65,-1.03
2021-09-09,1794.36,1800.9,1783.86,92.48,-1.08
2021-09-10,1787.81,1803.77,1787.24,92.58,-1.05
2021-09-13,1793.37,1798.43,1783.64,92.62,-1.04
2021-09-14,1804.69,1808.58,1779.6,92.65,-1.05
2021-09-15,1793.73,1806.94,1790.75,92.49,-1.04
2021-09-16,1752.72,1796.2,1745.24,92.86,-1.01
2021-09-17,1753.92,1767.47,1747.38,93.2,-0.96
2021-09-20,1764.82,1767.05,1742.07,93.24,-0.98
2021-09-21,1773.89,1781.69,1757.97,93.2,-0.96
2021-09-22,1767.99,1787.21,1764.72,93.46,-0.96
2021-09-23,1742.48,1776.56,1737.43,93.1,-0.9
2021-09-24,1749.72,1757.71,1740.49,93.33,-0.87
2021-09-27,1750.15,1760.82,1744.84,93.38,-0.87
2021-09-28,1733.53,1754.49,1728.1,93.77,-0.84
2021-09-29,1726.46,1745.48,1721.65,94.34,-0.82
2021-09-30,1757.16,1764.12,1722.24,94.25,-0.85
2021-10-01,1760.15,1764.28,1749.77,94.04,-0.9
2021-10-04,1769.35,1770.5,1747.79,93.81,-0.89
2021-10-05,1759.87,1769.33,1748.66,93.98,-0.91
2021-10-06,1762.87,1765.03,1745.95,94.27,-0.9
2021-10-07,1754.91,1766.91,1751.97,94.22,-0.88
2021-10-08,1757.1,1781.27,1753.45,94.07,-0.89
2021-10-11,1754.11,1760.97,1750.18,94.32,-0.89
2021-10-12,1760.19,1769.31,1750.8,94.52,-0.9
2021-10-13,1792.75,1796.15,1757.91,94.08,-0.96
2021-10-14,1795.92,1800.57,1786.75,93.96,-1.0
2021-10-15,1767.42,1796.47,1764.93,93.94,-0.97
2021-10-18,1764.53,1772.04,1760.31,93.95,-0.95
2021-10-19,1768.99,1785.11,1763.0,93.79,-0.89
2021-10-20,1782.06,1788.44,1766.9,93.56,-0.92
2021-10-21,1783.32,1789.44,1776.53,93.77,-0.96
2021-10-22,1792.67,1813.79,1782.89,93.61,-0.98
2021-10-25,1807.43,1809.99,1792.25,93.81,-1.02
2021-10-26,1793.0,1808.39,1782.45,93.95,-1.06
2021-10-27,1796.89,1799.05,1783.54,93.86,-1.11
2021-10-28,1798.81,1810.38,1792.25,93.35,-1.0
2021-10-29,1782.98,1801.2,1771.98,94.12,-0.96
2021-11-01,1793.2,1795.79,1779.12,93.88,-0.92
2021-11-02,1787.84,1796.4,1786.41,94.09,-0.95
2021-11-03,1769.89,1788.2,1758.07,93.86,-0.93
2021-11-04,1791.71,1798.9,1770.86,94.35,-1.03
2021-11-05,1817.84,1818.27,1785.1,94.32,-1.09
2021-11-08,1824.14,1826.44,1812.46,94.05,-1.11
2021-11-09,1831.68,1832.7,1819.23,93.96,-1.17
2021-11-10,1848.97,1868.55,1822.32,94.85,-1.14
2021-11-11,1861.77,1866.0,1842.88,95.18,-1.14
2021-11-12,1864.35,1868.61,1845.2,95.13,-1.15
2021-11-15,1862.71,1870.3,1856.38,95.41,-1.13
2021-11-16,1849.98,1877.23,1849.67,95.92,-1.1
2021-11-17,1867.39,1868.03,1849.53,95.83,-1.1
2021-11-18,1858.81,1870.94,1855.03,95.54,-1.14
2021-11-19,1845.7,1865.72,1843.0,96.07,-1.11
2021-11-22,1804.77,1849.15,1802.28,96.5,-0.98
2021-11-23,1789.28,1812.45,1782.0,96.49,-0.95
2021-11-24,1788.64,1796.34,1778.54,96.84,-0.97
2021-11-25,1788.42,1795.04,1786.01,96.84,-0.97
2021-11-26,1790.86,1815.55,1780.4,96.09,-1.07
2021-11-29,1784.96,1799.39,1777.64,96.34,-1.02
2021-11-30,1774.43,1808.74,1769.82,95.99,-1.07
2021-12-01,1781.88,1794.41,1772.17,96.05,-1.01
2021-12-02,1768.4,1783.38,1761.97,96.13,-1.03
2021-12-03,1783.88,1786.12,1766.15,96.12,-1.08
2021-12-06,1778.37,1787.71,1775.74,96.29,-1.01
2021-12-07,1784.16,1787.68,1772.35,96.37,-0.99
2021-12-08,1782.49,1793.15,1779.64,95.89,-1.0
2021-12-09,1775.13,1787.64,1773.27,96.27,-0.98
2021-12-10,1782.82,1789.41,1770.1,96.05,-0.96
2021-12-13,1786.99,1791.57,1781.83,96.32,-0.98
2021-12-14,1770.58,1789.53,1766.43,96.57,-0.93
2021-12-15,1777.09,1780.85,1752.34,96.51,-0.92
2021-12-16,1799.02,1799.55,1775.54,96.04,-0.98
2021-12-17,1797.98,1814.28,1795.94,96.57,-0.97
2021-12-20,1790.3,1804.21,1788.29,96.55,-0.96
2021-12-21,1788.63,1800.52,1785.0,96.49,-0.96
2021-12-22,1803.54,1804.92,1785.86,96.08,-1.01
2021-12-23,1807.76,1810.63,1798.9,96.02,-0.97
2021-12-27,1811.82,1813.47,1802.92,96.09,-1.02
2021-12-28,1806.13,1820.18,1805.05,96.2,-1.01
2021-12-29,1803.9,1807.71,1789.47,95.93,-0.98
2021-12-30,1815.08,1817.21,1796.12,95.97,-1.06
2021-12-31,1828.27,1828.57,1814.2,95.67,-1.04
2022-01-03,1801.2,1831.82,1798.32,96.24,-0.97
2022-01-04,1814.36,1816.74,1798.51,96.29,-0.91
2022-01-05,1810.53,1829.6,1808.32,96.19,-0.82
2022-01-06,1789.72,1811.58,1786.5,96.25,-0.73
2022-01-07,1796.3,1798.63,1782.64,95.74,-0.72
2022-01-10,1801.69,1802.32,1790.36,95.99,-0.7
2022-01-11,1821.43,1823.25,1799.97,95.62,-0.79
2022-01-12,1826.14,1828.01,1814.71,95.0,-0.74
2022-01-13,1822.71,1828.14,1812.35,94.79,-0.73
2022-01-14,1817.54,1829.18,1814.7,95.17,-0.66
2022-01-17,1819.11,1823.17,1813.2,95.17,-0.66
2022-01-18,1813.7,1822.78,1805.79,95.73,-0.59
2022-01-19,1840.63,1843.32,1810.25,95.51,-0.57
2022-01-20,1839.53,1847.92,1835.95,95.74,-0.5
2022-01-21,1834.63,1843.24,1828.39,95.64,-0.59
2022-01-24,1843.16,1844.38,1829.72,95.92,-0.63
2022-01-25,1847.69,1853.9,1834.94,95.95,-0.63
2022-01-26,1818.84,1850.06,1815.03,96.49,-0.53
2022-01-27,1796.7,1822.12,1791.84,97.26,-0.59
2022-01-28,1791.58,1799.42,1780.3,97.27,-0.66
2022-01-31,1796.88,1799.89,1785.57,96.54,-0.65
2022-02-01,1800.9,1808.79,1795.77,96.39,-0.62
2022-02-02,1806.86,1810.77,1794.51,95.94,-0.63
2022-02-03,1804.88,1808.93,1788.66,95.38,-0.56
2022-02-04,1807.84,1814.88,1792.14,95.48,-0.48
2022-02-07,1820.48,1823.54,1807.84,95.4,-0.48
2022-02-08,1826.03,1828.75,1815.43,95.64,-0.46
2022-02-09,1832.87,1835.8,1824.73,95.49,-0.48
2022-02-10,1826.75,1841.92,1821.68,95.55,-0.42
2022-02-11,1858.98,1865.45,1820.92,96.08,-0.51
2022-02-14,1871.74,1874.16,1850.82,96.37,-0.5
2022-02-15,1853.36,1879.51,1844.49,95.99,-0.43
2022-02-16,1869.0,1872.57,1850.33,95.7,-0.43
2022-02-17,1898.25,1901.13,1867.81,95.8,-0.46
2022-02-18,1897.34,1902.51,1886.58,96.04,-0.49
2022-02-21,1903.46,1908.26,1887.62,96.04,-0.49
2022-02-22,1898.5,1913.98,1891.38,96.03,-0.51
2022-02-23,1908.08,1910.49,1889.62,96.19,-0.54
2022-02-24,1903.77,1974.52,1878.0,97.14,-0.59
2022-02-25,1888.25,1921.42,1882.86,96.62,-0.57
2022-02-28,1908.26,1926.69,1890.86,96.71,-0.79
2022-03-01,1945.17,1950.17,1901.39,97.41,-0.9
2022-03-02,1927.61,1947.87,1913.42,97.39,-0.85
2022-03-03,1936.62,1941.18,1922.08,97.79,-0.83
2022-03-04,1969.74,1970.19,1929.56,98.65,-0.93
2022-03-07,1997.24,2002.61,1961.03,99.29,-0.99
2022-03-08,2050.15,2070.3,1981.08,99.06,-1.04
2022-03-09,1992.39,2059.24,1976.04,97.97,-0.9
2022-03-10,1996.01,2009.1,1970.26,98.51,-0.88
2022-03-11,1985.22,1998.88,1958.56,99.12,-0.94
2022-03-14,1951.44,1983.64,1949.7,99.06,-0.79
2022-03-15,1917.56,1954.5,1907.05,99.07,-0.69
2022-03-16,1924.83,1929.49,1895.01,98.38,-0.61
2022-03-17,1942.56,1949.74,1923.35,98.01,-0.71
2022-03-18,1920.74,1945.36,1917.97,98.23,-0.72
2022-03-21,1934.91,1941.02,1917.69,98.5,-0.58
2022-03-22,1921.53,1938.35,1910.67,98.49,-0.53
2022-03-23,1944.86,1948.28,1915.51,98.62,-0.62
2022-03-24,1956.95,1966.2,1937.54,98.79,-0.58
2022-03-25,1957.24,1964.37,1943.2,98.81,-0.47
2022-03-28,1921.82,1958.52,1917.02,99.09,-0.49
2022-03-29,1919.31,1929.36,1890.02,98.4,-0.45
2022-03-30,1933.13,1938.45,1915.81,97.79,-0.51
2022-03-31,1936.88,1949.76,1919.1,98.31,-0.52
2022-04-01,1924.09,1939.6,1918.06,98.63,-0.41
2022-04-04,1932.72,1936.82,1915.5,98.99,-0.38
2022-04-05,1923.62,1944.58,1917.97,99.47,-0.3
2022-04-06,1925.61,1933.41,1915.15,99.6,-0.22
2022-04-07,1931.25,1937.72,1920.47,99.75,-0.16
2022-04-08,1946.4,1948.13,1927.67,99.8,-0.15
2022-04-11,1954.81,1969.78,1940.0,99.93,-0.12
2022-04-12,1966.38,1978.68,1949.81,100.29,-0.14
2022-04-13,1977.76,1981.59,1962.81,99.88,-0.1
2022-04-14,1973.19,1980.35,1960.38,100.32,-0.06
2022-04-18,1978.71,1998.43,1971.66,100.78,-0.07
2022-04-19,1949.19,1982.0,1943.81,100.96,0.0
2022-04-20,1957.63,1958.33,1939.32,100.39,-0.07
2022-04-21,1951.74,1957.32,1936.84,100.58,-0.12
2022-04-22,1931.91,1955.63,1926.68,101.22,-0.08
2022-04-25,1897.67,1934.26,1891.43,101.75,-0.1
2022-04-26,1906.14,1911.27,1895.77,102.3,-0.08
2022-04-27,1885.53,1907.03,1881.42,102.95,-0.06
2022-04-28,1894.22,1896.72,1872.04,103.62,-0.12
2022-04-29,1896.42,1919.83,1892.48,102.96,0.01
2022-05-02,1863.21,1899.86,1854.6,103.74,0.18
2022-05-03,1868.01,1878.13,1850.38,103.47,0.14
2022-05-04,1881.75,1889.81,1861.42,102.59,0.07
2022-05-05,1877.2,1909.77,1872.57,103.75,0.18
2022-05-06,1882.37,1892.56,1866.06,103.66,0.26
2022-05-09,1854.13,1885.59,1851.63,103.65,0.3
2022-05-10,1838.24,1865.39,1835.49,103.92,0.34
2022-05-11,1852.3,1858.15,1831.97,103.85,0.21
2022-05-12,1821.94,1858.77,1821.53,104.85,0.25
2022-05-13,1811.66,1828.76,1799.06,104.56,0.24
2022-05-16,1824.79,1826.89,1786.84,104.19,0.2
2022-05-17,1814.52,1836.05,1812.86,103.36,0.27
2022-05-18,1817.35,1824.71,1807.32,103.81,0.17
2022-05-19,1841.17,1849.15,1810.96,102.72,0.25
2022-05-20,1845.71,1849.44,1832.38,103.15,0.23
2022-05-23,1853.6,1865.39,1843.32,102.08,0.26
2022-05-24,1866.14,1869.67,1849.4,101.86,0.21
2022-05-25,1853.79,1868.05,1842.05,102.06,0.19
2022-05-26,1850.85,1854.37,1840.78,101.83,0.13
2022-05-27,1852.98,1862.0,1847.96,101.67,0.11
2022-05-30,1855.1,1863.96,1848.22,101.67,0.11
2022-05-31,1838.26,1857.09,1835.1,101.75,0.21
2022-06-01,1846.64,1850.02,1828.5,102.55,0.29
2022-06-02,1868.36,1870.37,1844.13,101.77,0.26
2022-06-03,1851.16,1874.09,1847.38,102.14,0.22
2022-06-06,1842.14,1857.82,1839.84,102.44,0.28
2022-06-07,1852.01,1855.52,1837.03,102.32,0.25
2022-06-08,1852.83,1859.62,1844.61,102.54,0.28
2022-06-09,1847.94,1855.32,1840.03,103.22,0.29
2022-06-10,1871.57,1876.0,1825.13,104.15,0.39
2022-06-13,1819.11,1878.78,1819.06,105.08,0.69
2022-06-14,1809.31,1831.55,1805.17,105.52,0.89
2022-06-15,1833.77,1841.82,1807.31,105.16,0.63
2022-06-16,1856.47,1857.23,1815.32,103.63,0.66
2022-06-17,1840.39,1853.62,1833.94,104.7,0.67
2022-06-20,1838.41,1846.03,1834.48,104.7,0.67
2022-06-21,1833.41,1843.63,1828.67,104.44,0.7
2022-06-22,1838.32,1847.93,1823.48,104.2,0.62
2022-06-23,1823.25,1846.04,1822.58,104.43,0.59
2022-06-24,1827.42,1831.7,1816.92,104.19,0.57
2022-06-27,1822.75,1841.03,1820.81,103.94,0.65
2022-06-28,1820.62,1829.48,1818.37,104.51,0.72
2022-06-29,1818.25,1833.07,1812.16,105.11,0.74
2022-06-30,1807.16,1825.1,1802.75,104.69,0.65
2022-07-01,1808.94,1809.32,1784.45,105.14,0.54
2022-07-04,1807.9,1814.26,1803.99,105.14,0.54
2022-07-05,1764.58,1812.13,1763.95,106.5,0.52
2022-07-06,1739.08,1772.86,1732.25,107.1,0.64
2022-07-07,1740.09,1749.12,1736.5,107.13,0.68
2022-07-08,1742.45,1752.45,1732.95,107.01,0.72
2022-07-11,1734.02,1744.51,1731.37,108.02,0.67
2022-07-12,1726.09,1744.2,1723.23,108.07,0.64
2022-07-13,1735.49,1745.42,1707.03,107.96,0.6
2022-07-14,1709.72,1736.28,1697.61,108.54,0.62
2022-07-15,1707.32,1716.62,1699.09,108.06,0.57
2022-07-18,1708.99,1723.95,1705.94,107.37,0.59
2022-07-19,1711.56,1718.42,1705.38,106.68,0.62
2022-07-20,1696.53,1714.46,1692.46,107.08,0.66
2022-07-21,1718.2,1720.32,1680.84,106.91,0.58
2022-07-22,1727.38,1739.31,1712.9,106.73,0.43
2022-07-25,1719.64,1736.28,1714.77,106.48,0.45
2022-07-26,1717.2,1728.22,1713.66,107.19,0.45
2022-07-27,1734.33,1740.32,1711.52,106.45,0.36
2022-07-28,1755.83,1757.11,1734.06,106.35,0.2
2022-07-29,1766.0,1767.93,1751.98,105.9,0.14
2022-08-01,1772.12,1775.23,1758.37,105.45,0.09
2022-08-02,1761.04,1788.06,1760.5,106.24,0.27
2022-08-03,1765.47,1772.8,1754.34,106.51,0.23
2022-08-04,1791.13,1794.95,1763.16,105.69,0.22
2022-08-05,1775.42,1794.89,1764.98,106.62,0.37
2022-08-08,1788.98,1790.01,1770.82,106.44,0.29
2022-08-09,1794.31,1800.45,1783.23,106.37,0.33
2022-08-10,1792.19,1807.87,1787.62,105.2,0.35
2022-08-11,1789.44,1799.31,1783.59,105.09,0.4
2022-08-12,1801.62,1802.11,1784.88,105.63,0.37
2022-08-15,1779.42,1802.27,1772.98,106.55,0.35
2022-08-16,1775.46,1783.09,1771.47,106.5,0.38
2022-08-17,1762.0,1782.34,1759.8,106.57,0.43
2022-08-18,1758.38,1772.4,1755.35,107.48,0.36
2022-08-19,1747.28,1759.31,1745.54,108.17,0.43
2022-08-22,1736.15,1749.06,1727.77,109.05,0.46
2022-08-23,1747.79,1754.11,1730.82,108.62,0.47
2022-08-24,1751.29,1755.9,1742.46,108.68,0.49
2022-08-25,1758.62,1765.5,1749.98,108.47,0.43
2022-08-26,1738.08,1758.82,1734.2,108.8,0.47
2022-08-29,1737.45,1745.52,1720.31,108.84,0.54
2022-08-30,1724.23,1740.55,1721.18,108.77,0.56
2022-08-31,1710.99,1726.52,1709.57,108.7,0.67
2022-09-01,1697.55,1711.39,1688.8,109.69,0.81
2022-09-02,1712.78,1717.98,1694.99,109.53,0.73
2022-09-05,1710.07,1715.75,1707.71,109.53,0.73
2022-09-06,1701.9,1726.77,1699.85,110.21,0.85
2022-09-07,1718.27,1719.39,1691.27,109.84,0.82
2022-09-08,1708.42,1728.2,1703.96,109.71,0.88
2022-09-09,1716.85,1729.41,1708.31,109.0,0.91
2022-09-12,1724.69,1735.13,1711.95,108.33,0.95
2022-09-13,1702.32,1731.82,1697.11,109.82,0.98
2022-09-14,1697.36,1707.11,1693.67,109.66,0.95
2022-09-15,1664.56,1698.24,1660.35,109.74,1.02
2022-09-16,1675.01,1680.34,1654.16,109.76,1.07
2022-09-19,1675.71,1680.0,1659.63,109.74,1.15
2022-09-20,1664.76,1679.46,1660.0,110.22,1.17
2022-09-21,1673.73,1688.03,1653.93,110.64,1.13
2022-09-22,1671.16,1684.91,1655.67,111.35,1.29
2022-09-23,1644.87,1675.92,1639.75,113.19,1.32
2022-09-26,1622.4,1649.76,1621.17,114.1,1.56
2022-09-27,1629.16,1642.45,1623.44,114.11,1.64
2022-09-28,1659.88,1662.69,1614.81,112.6,1.39
2022-09-29,1660.52,1664.87,1641.53,112.25,1.57
2022-09-30,1660.79,1675.36,1659.24,112.12,1.68
2022-10-03,1699.62,1701.51,1659.72,111.75,1.43
2022-10-04,1726.34,1729.49,1695.24,110.07,1.38
2022-10-05,1716.25,1727.8,1700.54,111.07,1.54
2022-10-06,1712.49,1725.57,1706.96,112.26,1.61
2022-10-07,1694.8,1714.83,1690.65,112.8,1.62
2022-10-10,1668.03,1699.81,1665.71,113.14,1.62
2022-10-11,1666.1,1683.97,1661.01,113.22,1.62
2022-10-12,1673.12,1678.38,1661.38,113.32,1.62
2022-10-13,1666.19,1682.46,1642.46,112.36,1.63
2022-10-14,1644.29,1671.77,1640.19,113.31,1.59
2022-10-17,1650.57,1668.46,1644.06,112.04,1.57
2022-10-18,1651.92,1660.93,1645.83,112.13,1.6
2022-10-19,1629.01,1654.5,1627.68,112.98,1.72
2022-10-20,1628.03,1645.64,1622.43,112.88,1.73
2022-10-21,1657.33,1657.74,1617.29,112.01,1.69
2022-10-24,1649.36,1670.53,1644.01,111.99,1.66
2022-10-25,1653.08,1662.43,1638.2,110.95,1.59
2022-10-26,1664.62,1674.93,1649.68,109.7,1.6
2022-10-27,1663.26,1670.83,1654.88,110.59,1.51
2022-10-28,1644.6,1667.04,1638.05,110.67,1.51
2022-10-31,1633.56,1645.65,1631.8,111.53,1.58
2022-11-01,1647.66,1657.04,1630.65,111.48,1.56
2022-11-02,1635.07,1669.33,1634.74,111.35,1.57
2022-11-03,1629.55,1641.0,1616.72,112.93,1.74
2022-11-04,1680.79,1681.72,1628.77,110.88,1.69
2022-11-07,1675.31,1681.9,1666.9,110.12,1.69
2022-11-08,1712.33,1716.88,1664.71,109.62,1.64
2022-11-09,1706.92,1722.37,1702.2,110.55,1.7
2022-11-10,1755.48,1757.19,1703.71,108.21,1.43
2022-11-11,1770.15,1772.78,1747.3,106.29,1.43
2022-11-14,1771.09,1775.09,1753.3,106.66,1.51
2022-11-15,1778.72,1786.57,1767.13,106.4,1.45
2022-11-16,1773.79,1785.06,1770.35,106.28,1.38
2022-11-17,1760.17,1774.88,1754.51,106.69,1.49
2022-11-18,1750.97,1767.72,1747.55,106.93,1.57
2022-11-21,1737.75,1752.95,1732.54,107.84,1.52
2022-11-22,1739.97,1749.74,1737.08,107.22,1.44
2022-11-23,1749.4,1753.39,1727.31,106.08,1.39
2022-11-24,1755.38,1758.61,1748.67,106.08,1.39
2022-11-25,1754.65,1761.24,1746.05,105.96,1.36
2022-11-28,1741.5,1763.76,1739.63,106.68,1.43
2022-11-29,1749.67,1759.05,1740.06,106.82,1.5
2022-11-30,1768.39,1769.99,1744.91,105.95,1.34
2022-12-01,1802.86,1804.12,1768.56,104.73,1.17
2022-12-02,1797.98,1804.52,1778.49,104.55,1.08
2022-12-05,1768.65,1810.01,1765.85,105.29,1.21
2022-12-06,1770.99,1780.86,1767.27,105.58,1.2
2022-12-07,1785.98,1790.52,1768.74,105.1,1.16
2022-12-08,1788.98,1794.83,1781.45,104.77,1.2
2022-12-09,1797.46,1806.14,1788.44,104.81,1.31
2022-12-12,1781.27,1796.94,1777.63,105.13,1.33
2022-12-13,1810.51,1824.52,1780.86,103.98,1.27
2022-12-14,1807.2,1814.22,1795.64,103.77,1.3
2022-12-15,1776.8,1808.6,1773.75,104.56,1.28
2022-12-16,1793.1,1794.27,1774.25,104.7,1.35
2022-12-19,1787.65,1798.73,1783.79,104.72,1.42
2022-12-20,1817.67,1821.12,1784.61,103.97,1.45
2022-12-21,1814.15,1823.84,1811.85,104.16,1.41
2022-12-22,1792.4,1820.43,1784.67,104.43,1.48
2022-12-23,1798.51,1803.22,1791.18,104.31,1.55
2022-12-27,1813.47,1833.63,1799.76,104.18,1.58
2022-12-28,1804.21,1814.62,1797.04,104.46,1.6
2022-12-29,1814.79,1820.24,1803.78,103.84,1.56
2022-12-30,1823.55,1826.04,1813.39,103.52,1.58
2023-01-03,1839.47,1849.99,1823.52,104.52,1.53
2023-01-04,1854.68,1865.12,1836.18,104.25,1.47
2023-01-05,1832.92,1859.03,1825.11,105.04,1.49
2023-01-06,1866.03,1869.87,1831.31,103.88,1.34
2023-01-09,1871.67,1881.58,1866.44,103.0,1.31
2023-01-10,1876.91,1880.77,1867.72,103.24,1.37
2023-01-11,1875.65,1886.63,1867.15,103.19,1.31
2023-01-12,1896.75,1901.61,1874.63,102.25,1.22
2023-01-13,1920.29,1921.89,1892.32,102.2,1.31
2023-01-16,1915.45,1928.96,1910.85,102.2,1.31
2023-01-17,1908.59,1919.0,1903.82,102.39,1.36
2023-01-18,1904.16,1925.89,1896.59,102.36,1.25
2023-01-19,1932.12,1935.17,1900.98,102.06,1.19
2023-01-20,1925.92,1937.54,1920.69,102.01,1.25
2023-01-23,1930.85,1935.59,1911.4,102.14,1.24
2023-01-24,1937.26,1942.53,1917.17,101.92,1.19
2023-01-25,1946.08,1948.06,1919.88,101.64,1.17
2023-01-26,1928.94,1949.09,1918.62,101.84,1.16
2023-01-27,1928.3,1935.11,1916.59,101.93,1.19
2023-01-30,1923.23,1934.5,1920.69,102.28,1.26
2023-01-31,1928.1,1931.15,1900.82,102.1,1.28
2023-02-01,1950.06,1954.54,1920.54,101.22,1.14
2023-02-02,1912.6,1959.68,1911.3,101.75,1.18
2023-02-03,1865.81,1918.6,1861.44,102.92,1.31
2023-02-06,1867.65,1881.38,1861.98,103.62,1.38
2023-02-07,1873.63,1884.4,1864.99,103.43,1.36
2023-02-08,1875.55,1886.36,1869.03,103.41,1.29
2023-02-09,1861.59,1890.31,1858.91,103.22,1.34
2023-02-10,1865.35,1872.23,1852.8,103.63,1.41
2023-02-13,1853.41,1866.58,1850.47,103.35,1.41
2023-02-14,1854.36,1870.66,1843.29,103.23,1.46
2023-02-15,1835.85,1860.11,1830.45,103.92,1.46
2023-02-16,1836.43,1845.3,1827.64,103.86,1.49
2023-02-17,1842.54,1843.6,1818.9,103.86,1.46
2023-02-20,1841.26,1847.48,1837.29,103.86,1.46
2023-02-21,1834.87,1843.84,1830.23,104.18,1.53
2023-02-22,1825.2,1846.03,1823.55,104.59,1.52
2023-02-23,1822.27,1833.78,1817.46,104.6,1.49
2023-02-24,1810.82,1827.82,1808.93,105.21,1.57
2023-02-27,1817.25,1820.18,1806.69,104.67,1.56
2023-02-28,1826.5,1831.18,1804.69,104.87,1.49
2023-03-01,1836.56,1844.55,1823.08,104.48,1.57
2023-03-02,1835.6,1839.01,1829.99,105.03,1.6
2023-03-03,1855.3,1856.32,1836.07,104.52,1.45
2023-03-06,1846.61,1858.27,1845.12,104.35,1.49
2023-03-07,1813.05,1851.66,1812.69,105.62,1.59
2023-03-08,1813.72,1824.3,1809.41,105.66,1.66
2023-03-09,1830.77,1835.68,1811.94,105.31,1.63
2023-03-10,1867.15,1870.18,1827.75,104.58,1.44
2023-03-13,1913.56,1914.62,1871.55,103.6,1.31
2023-03-14,1903.86,1914.15,1895.42,103.6,1.33
2023-03-15,1918.01,1937.36,1885.75,104.65,1.22
2023-03-16,1919.34,1933.51,1907.58,104.42,1.34
2023-03-17,1988.17,1988.17,1918.26,103.71,1.29
2023-03-20,1978.64,2009.8,1965.83,103.28,1.33
2023-03-21,1940.53,1985.19,1935.44,103.26,1.36
2023-03-22,1969.79,1979.19,1934.27,102.35,1.2
2023-03-23,1993.97,2003.33,1964.41,102.53,1.19
2023-03-24,1978.81,2002.96,1975.15,103.12,1.16
2023-03-27,1956.35,1978.74,1944.04,102.86,1.29
2023-03-28,1973.52,1975.32,1949.15,102.43,1.24
2023-03-29,1964.37,1974.28,1958.68,102.64,1.24
2023-03-30,1980.21,1984.37,1955.22,102.14,1.21
2023-03-31,1969.41,1987.63,1966.89,102.51,1.16
2023-04-03,1984.35,1990.54,1949.76,102.09,1.14
2023-04-04,2020.53,2025.0,1977.01,101.59,1.1
2023-04-05,2020.66,2032.26,2009.9,101.85,1.07
2023-04-06,2007.32,2021.4,2000.84,101.82,1.06
2023-04-10,1991.18,2006.29,1981.72,102.58,1.14
2023-04-11,2003.52,2007.44,1988.82,102.2,1.14
2023-04-12,2014.77,2028.35,2001.39,101.5,1.14
2023-04-13,2040.1,2048.67,2013.95,101.01,1.16
2023-04-14,2004.42,2047.47,1992.4,101.55,1.22
2023-04-17,1995.08,2015.05,1981.18,102.1,1.28
2023-04-18,2005.21,2011.82,1991.19,101.75,1.3
2023-04-19,1994.67,2008.2,1969.18,101.97,1.32
2023-04-20,2004.7,2012.39,1990.5,101.84,1.28
2023-04-21,1982.84,2005.53,1971.59,101.82,1.29
2023-04-24,1989.05,1990.79,1974.13,101.35,1.24
2023-04-25,1997.06,2003.85,1976.09,101.86,1.15
2023-04-26,1989.29,2009.43,1983.37,101.47,1.18
2023-04-27,1987.74,2003.34,1974.22,101.5,1.26
2023-04-28,1989.55,1995.04,1976.15,101.67,1.26
2023-05-01,1982.44,2006.0,1977.09,102.15,1.36
2023-05-02,2016.53,2019.41,1978.49,101.96,1.24
2023-05-03,2038.52,2040.37,2007.78,101.34,1.18
2023-05-04,2050.15,2066.81,2030.38,101.4,1.18
2023-05-05,2016.54,2053.0,1999.51,101.21,1.23
2023-05-08,2021.36,2029.42,2014.07,101.37,1.29
2023-05-09,2034.42,2037.62,2019.51,101.64,1.3
2023-05-10,2030.1,2048.18,2021.55,101.48,1.26
2023-05-11,2014.95,2041.29,2011.04,102.06,1.23
2023-05-12,2010.91,2022.59,2000.89,102.68,1.28
2023-05-15,2016.32,2022.21,2007.28,102.43,1.31
2023-05-16,1988.81,2018.32,1985.19,102.56,1.35
2023-05-17,1981.41,1993.04,1974.98,102.88,1.35
2023-05-18,1957.39,1986.01,1951.98,103.58,1.42
2023-05-19,1977.5,1984.18,1954.02,103.2,1.46
2023-05-22,1971.73,1982.59,1968.87,103.2,1.48
2023-05-23,1974.88,1977.78,1954.24,103.49,1.44
2023-05-24,1957.24,1985.29,1956.71,103.89,1.48
2023-05-25,1940.69,1964.77,1938.84,104.21,1.58
2023-05-26,1946.72,1957.3,1936.76,104.21,1.57
2023-05-29,1943.15,1949.71,1940.22,104.21,1.57
2023-05-30,1959.17,1963.55,1932.05,104.17,1.47
2023-05-31,1962.6,1974.79,1953.68,104.32,1.46
2023-06-01,1977.4,1983.1,1953.39,103.56,1.45
2023-06-02,1947.62,1983.48,1947.5,104.02,1.51
2023-06-05,1961.7,1964.03,1938.13,104.0,1.5
2023-06-06,1963.23,1966.4,1954.39,104.13,1.5
2023-06-07,1939.87,1970.18,1939.77,104.1,1.58
2023-06-08,1965.44,1970.5,1940.12,103.34,1.53
2023-06-09,1960.46,1973.1,1956.64,103.56,1.55
2023-06-12,1957.34,1966.97,1949.2,103.63,1.56
2023-06-13,1943.44,1971.13,1940.05,103.34,1.64
2023-06-14,1941.74,1960.27,1939.61,103.01,1.62
2023-06-15,1957.96,1960.26,1924.7,102.12,1.51
2023-06-16,1957.51,1967.93,1953.28,102.3,1.55
2023-06-19,1950.48,1958.76,1947.78,102.3,1.55
2023-06-20,1936.08,1956.79,1929.78,102.54,1.52
2023-06-21,1932.43,1939.45,1919.19,102.07,1.51
2023-06-22,1913.64,1934.82,1912.18,102.39,1.56
2023-06-23,1920.53,1937.47,1909.99,102.9,1.53
2023-06-26,1923.14,1933.36,1921.56,102.69,1.54
2023-06-27,1913.62,1930.69,1910.86,102.49,1.57
2023-06-28,1907.28,1917.14,1902.79,102.91,1.53
2023-06-29,1908.25,1913.13,1892.95,103.34,1.65
2023-06-30,1919.17,1922.8,1900.56,102.91,1.59
2023-07-03,1921.48,1930.98,1909.97,102.99,1.61
2023-07-04,1925.89,1930.75,1919.74,102.99,1.61
2023-07-05,1915.21,1935.05,1914.74,103.37,1.69
2023-07-06,1910.93,1927.59,1902.59,103.17,1.78
2023-07-07,1925.31,1934.97,1909.45,102.27,1.79
2023-07-10,1925.28,1928.06,1912.69,101.97,1.76
2023-07-11,1932.09,1938.47,1924.35,101.73,1.75
2023-07-12,1957.35,1959.7,1932.14,100.52,1.6
2023-07-13,1960.39,1963.65,1952.38,99.77,1.52
2023-07-14,1955.45,1963.78,1950.93,99.91,1.59
2023-07-17,1954.92,1959.85,1945.77,99.84,1.56
2023-07-18,1978.73,1984.36,1954.53,99.94,1.57
2023-07-19,1976.97,1980.93,1969.69,100.28,1.53
2023-07-20,1969.5,1987.43,1965.36,100.88,1.5
2023-07-21,1961.84,1973.8,1956.81,101.07,1.49
2023-07-24,1954.87,1967.88,1953.47,101.35,1.48
2023-07-25,1964.85,1965.69,1951.74,101.35,1.52
2023-07-26,1972.27,1978.32,1962.0,100.89,1.5
2023-07-27,1945.52,1982.23,1942.57,101.77,1.64
2023-07-28,1959.15,1963.56,1945.35,101.62,1.58
2023-07-31,1965.52,1972.39,1950.87,101.86,1.6
2023-08-01,1944.19,1965.98,1941.26,102.3,1.68
2023-08-02,1934.87,1954.84,1932.94,102.59,1.72
2023-08-03,1933.98,1938.88,1929.51,102.54,1.83
2023-08-04,1942.65,1946.95,1925.53,102.02,1.67
2023-08-07,1936.52,1946.72,1931.53,102.05,1.68
2023-08-08,1925.22,1938.06,1922.73,102.53,1.66
2023-08-09,1914.7,1932.34,1913.98,102.49,1.66
2023-08-10,1912.33,1930.14,1912.1,102.52,1.76
2023-08-11,1913.62,1920.95,1910.77,102.84,1.8
2023-08-14,1907.42,1916.24,1902.69,103.19,1.83
2023-08-15,1901.85,1911.65,1896.35,103.21,1.89
2023-08-16,1891.92,1907.22,1891.85,103.42,1.96
2023-08-17,1889.33,1903.49,1885.04,103.44,1.97
2023-08-18,1889.37,1896.91,1886.76,103.38,1.94
2023-08-21,1894.67,1898.78,1884.81,103.33,2.0
2023-08-22,1897.38,1904.53,1889.11,103.56,1.99
2023-08-23,1915.38,1920.38,1897.18,103.36,1.84
2023-08-24,1916.69,1923.4,1911.77,103.98,1.91
2023-08-25,1914.21,1922.45,1903.78,104.08,1.92
2023-08-28,1920.06,1926.07,1912.77,104.06,1.9
2023-08-29,1937.32,1938.2,1914.44,103.55,1.83
2023-08-30,1942.42,1949.07,1934.95,103.16,1.86
2023-08-31,1940.06,1947.91,1939.01,103.62,1.85
2023-09-01,1939.85,1953.02,1934.4,104.24,1.92
2023-09-04,1938.47,1946.28,1936.79,104.24,1.92
2023-09-05,1925.97,1938.99,1925.36,104.81,1.98
2023-09-06,1916.42,1929.19,1915.31,104.86,2.0
2023-09-07,1919.62,1923.58,1916.25,105.06,1.95
2023-09-08,1919.13,1929.7,1917.35,105.09,1.93
2023-09-11,1922.33,1930.77,1916.47,104.57,1.94
2023-09-12,1913.34,1924.48,1907.59,104.71,1.93
2023-09-13,1908.15,1915.77,1905.51,104.77,1.9
2023-09-14,1910.51,1912.91,1901.02,105.41,1.95
2023-09-15,1923.68,1930.43,1909.71,105.32,1.98
2023-09-18,1933.61,1934.23,1922.52,105.2,1.96
2023-09-19,1931.34,1937.41,1929.75,105.2,2.0
2023-09-20,1930.36,1947.42,1927.95,105.16,2.0
2023-09-21,1919.94,1931.6,1913.9,105.36,2.11
2023-09-22,1925.25,1929.12,1919.58,105.58,2.07
2023-09-25,1915.78,1927.22,1915.11,106.0,2.18
2023-09-26,1900.58,1916.81,1899.12,106.23,2.23
2023-09-27,1874.99,1903.92,1872.55,106.67,2.27
2023-09-28,1864.8,1879.58,1857.66,106.22,2.2
2023-09-29,1848.74,1879.88,1846.33,106.17,2.24
2023-10-02,1827.77,1848.93,1827.14,106.9,2.34
2023-10-03,1822.94,1833.38,1815.25,107.0,2.45
2023-10-04,1821.1,1830.79,1816.58,106.8,2.4
2023-10-05,1820.24,1829.2,1813.01,106.33,2.41
2023-10-06,1831.84,1834.9,1810.47,106.04,2.47
2023-10-09,1861.35,1863.49,1844.23,106.08,2.47
2023-10-10,1860.42,1865.37,1853.0,105.83,2.34
2023-10-11,1874.27,1877.2,1858.61,105.82,2.26
2023-10-12,1868.73,1885.12,1867.91,106.57,2.36
2023-10-13,1932.41,1932.41,1868.94,106.65,2.29
2023-10-16,1920.06,1927.68,1908.2,106.24,2.33
2023-10-17,1923.05,1931.57,1912.41,106.25,2.42
2023-10-18,1947.62,1962.67,1923.28,106.57,2.47
2023-10-19,1974.28,1977.73,1945.25,106.25,2.49
2023-10-20,1980.9,1997.21,1972.04,106.16,2.46
2023-10-23,1972.74,1982.81,1964.38,105.54,2.45
2023-10-24,1971.03,1980.87,1953.49,106.27,2.43
2023-10-25,1979.45,1987.28,1962.96,106.53,2.52
2023-10-26,1984.73,1993.44,1971.63,106.6,2.44
2023-10-27,2005.91,2009.47,1976.78,106.56,2.42
2023-10-30,1996.15,2006.74,1990.96,106.12,2.44
2023-10-31,1983.97,2007.93,1978.88,106.66,2.46
2023-11-01,1982.67,1992.03,1969.88,106.88,2.36
2023-11-02,1985.77,1991.08,1978.84,106.12,2.27
2023-11-03,1992.52,2004.11,1983.17,105.02,2.18
2023-11-06,1977.82,1993.16,1977.42,105.22,2.25
2023-11-07,1969.03,1978.34,1956.71,105.54,2.19
2023-11-08,1950.2,1971.04,1947.44,105.59,2.15
2023-11-09,1958.41,1965.64,1944.51,105.91,2.29
2023-11-10,1938.62,1960.81,1933.06,105.86,2.29
2023-11-13,1946.1,1949.22,1931.6,105.66,2.32
2023-11-14,1963.16,1970.87,1943.76,104.11,2.16
2023-11-15,1959.19,1975.34,1955.37,104.39,2.22
2023-11-16,1981.1,1987.91,1956.41,104.37,2.18
2023-11-17,1980.56,1993.36,1978.53,103.82,2.16
2023-11-20,1977.65,1985.15,1965.4,103.47,2.12
2023-11-21,1998.26,2007.53,1977.8,103.59,2.16
2023-11-22,1989.81,2006.43,1986.86,103.92,2.16
2023-11-23,1992.78,1998.52,1989.18,103.92,2.16
2023-11-24,2002.33,2003.58,1991.45,103.4,2.21
2023-11-27,2014.18,2018.12,2000.38,103.2,2.18
2023-11-28,2041.07,2042.98,2011.49,102.75,2.12
2023-11-29,2044.12,2051.99,2035.42,102.77,2.06
2023-11-30,2036.09,2047.25,2031.01,103.5,2.14
2023-12-01,2071.63,2075.36,2033.91,103.27,2.0
2023-12-04,2028.89,2144.77,2020.13,103.64,2.07
2023-12-05,2019.36,2041.17,2009.8,104.05,2.01
2023-12-06,2025.26,2035.86,2017.21,104.15,1.98
2023-12-07,2028.54,2039.94,2020.18,103.54,1.97
2023-12-08,2004.04,2033.98,1994.58,104.01,2.02
2023-12-11,1981.69,2007.71,1975.78,104.1,2.04
2023-12-12,1979.3,1996.68,1977.21,103.87,2.04
2023-12-13,2027.23,2027.79,1973.0,102.87,1.88
2023-12-14,2036.2,2047.9,2024.35,101.96,1.7
2023-12-15,2019.02,2044.95,2015.48,102.55,1.69
2023-12-18,2027.21,2033.77,2015.86,102.51,1.74
2023-12-19,2040.13,2047.03,2021.62,102.17,1.74
2023-12-20,2031.31,2043.56,2027.27,102.41,1.67
2023-12-21,2045.78,2046.12,2031.39,101.84,1.7
2023-12-22,2052.75,2070.7,2045.87,101.7,1.71
2023-12-26,2067.44,2069.05,2052.97,101.47,1.71
2023-12-27,2077.49,2084.51,2061.32,100.99,1.64
2023-12-28,2065.25,2088.51,2064.37,101.23,1.68
2023-12-29,2063.03,2074.87,2058.07,101.33,1.72
2024-01-02,2058.91,2078.99,2055.82,102.2,1.74
2024-01-03,2041.27,2066.05,2030.49,102.46,1.71
2024-01-04,2043.28,2051.04,2036.1,102.42,1.77
2024-01-05,2045.3,2064.07,2024.34,102.41,1.83
2024-01-08,2028.18,2046.55,2016.61,102.21,1.79
2024-01-09,2030.21,2042.09,2025.95,102.57,1.8
2024-01-10,2024.32,2040.37,2020.31,102.36,1.82
2024-01-11,2028.54,2045.8,2013.16,102.29,1.76
2024-01-12,2048.81,2062.33,2028.73,102.4,1.69
2024-01-15,2054.6,2058.66,2045.68,102.4,1.69
2024-01-16,2028.22,2055.59,2024.19,103.36,1.77
2024-01-17,2006.11,2033.0,2001.68,103.45,1.8
2024-01-18,2022.93,2023.31,2005.62,103.54,1.8
2024-01-19,2029.33,2039.5,2020.26,103.29,1.81
2024-01-22,2021.62,2032.19,2016.42,103.33,1.8
2024-01-23,2029.23,2037.98,2019.51,103.62,1.85
2024-01-24,2013.5,2036.78,2011.06,103.24,1.88
2024-01-25,2020.7,2025.44,2009.47,103.57,1.85
2024-01-26,2018.49,2026.75,2015.81,103.47,1.85
2024-01-29,2032.7,2037.46,2019.18,103.61,1.78
2024-01-30,2036.87,2048.64,2028.96,103.4,1.8
2024-01-31,2039.2,2056.07,2030.79,103.27,1.73
2024-02-01,2054.98,2065.54,2029.93,103.05,1.68
2024-02-02,2039.57,2057.73,2027.73,103.92,1.82
2024-02-05,2025.03,2042.29,2014.76,104.45,1.9
2024-02-06,2035.86,2038.96,2022.77,104.18,1.85
2024-02-07,2035.0,2044.64,2030.5,104.04,1.86
2024-02-08,2034.33,2038.7,2020.08,104.15,1.91
2024-02-09,2024.26,2037.28,2020.2,104.08,1.92
2024-02-12,2019.94,2027.59,2011.75,104.17,1.93
2024-02-13,1992.95,2031.91,1989.97,104.96,2.02
2024-02-14,1992.1,1996.12,1984.03,104.72,1.97
2024-02-15,2004.25,2008.38,1990.09,104.3,1.94
2024-02-16,2013.18,2015.24,1995.19,104.28,1.97
2024-02-19,2017.91,2023.04,2011.38,104.28,1.97
2024-02-20,2024.23,2030.94,2014.87,104.08,1.95
2024-02-21,2025.97,2032.27,2020.05,104.01,1.98
2024-02-22,2024.27,2034.86,2019.48,103.96,2.02
2024-02-23,2035.52,2041.39,2015.92,103.94,1.96
2024-02-26,2031.16,2037.1,2024.94,103.83,1.97
2024-02-27,2030.38,2039.51,2028.63,103.83,1.99
2024-02-28,2034.37,2037.94,2024.38,103.98,1.94
2024-02-29,2044.12,2050.78,2027.97,104.16,1.92
2024-03-01,2083.26,2088.38,2038.92,103.86,1.87
2024-03-04,2114.27,2119.94,2079.37,103.83,1.88
2024-03-05,2127.84,2141.81,2110.43,103.8,1.81
2024-03-06,2148.03,2152.27,2123.59,103.37,1.81
2024-03-07,2159.93,2164.76,2144.2,102.82,1.81
2024-03-08,2178.55,2195.22,2153.96,102.74,1.81
2024-03-11,2182.65,2189.03,2174.72,102.87,1.83
2024-03-12,2158.13,2184.76,2150.5,102.96,1.86
2024-03-13,2174.32,2179.85,2155.72,102.79,1.89
2024-03-14,2162.19,2176.97,2152.75,103.36,1.99
2024-03-15,2155.82,2172.71,2155.17,103.43,1.99
2024-03-18,2160.26,2163.58,2146.08,103.58,2.03
2024-03-19,2157.48,2162.77,2147.14,103.81,2.0
2024-03-20,2186.24,2188.77,2149.61,103.41,1.96
2024-03-21,2181.25,2222.65,2166.43,104.0,1.93
2024-03-22,2165.27,2186.03,2157.09,104.43,1.87
2024-03-25,2171.73,2181.26,2163.5,104.23,1.92
2024-03-26,2178.63,2200.03,2167.57,104.29,1.92
2024-03-27,2194.88,2197.55,2172.87,104.35,1.88
2024-03-28,2232.88,2236.18,2187.27,104.55,1.88
2024-04-01,2251.31,2265.61,2228.51,105.02,1.98
2024-04-02,2280.53,2281.01,2246.67,104.82,2.0
2024-04-03,2299.64,2301.14,2265.42,104.25,2.0
2024-04-04,2290.95,2305.56,2279.95,104.12,1.97
2024-04-05,2329.28,2330.44,2267.75,104.3,2.02
2024-04-08,2338.82,2353.84,2302.9,104.14,2.04
2024-04-09,2352.22,2365.28,2336.97,104.15,2.0
2024-04-10,2333.55,2360.03,2319.43,105.25,2.15
2024-04-11,2372.41,2377.64,2325.85,105.28,2.16
2024-04-12,2344.22,2431.44,2333.86,106.04,2.11
2024-04-15,2383.1,2387.51,2323.98,106.21,2.2
2024-04-16,2382.85,2398.18,2362.99,106.26,2.24
2024-04-17,2361.16,2395.53,2354.54,105.95,2.2
2024-04-18,2378.86,2392.76,2361.37,106.15,2.24
2024-04-19,2390.63,2417.83,2372.91,106.15,2.21
2024-04-22,2327.25,2389.8,2324.47,106.08,2.21
2024-04-23,2322.11,2334.34,2291.39,105.69,2.2
2024-04-24,2315.96,2337.19,2311.78,105.86,2.24
2024-04-25,2332.37,2344.8,2304.8,105.6,2.28
2024-04-26,2337.78,2352.5,2326.17,105.94,2.24
2024-04-29,2335.36,2346.63,2320.04,105.58,2.22
2024-04-30,2286.3,2336.23,2285.04,106.22,2.28
2024-05-01,2319.48,2328.2,2281.63,105.76,2.25
2024-05-02,2303.51,2326.43,2285.5,105.3,2.21
2024-05-03,2301.67,2320.59,2277.38,105.03,2.15
2024-05-06,2323.76,2331.99,2291.79,105.05,2.14
2024-05-07,2313.83,2329.88,2310.01,105.41,2.15
2024-05-08,2308.83,2321.32,2303.72,105.55,2.17
2024-05-09,2346.02,2347.17,2306.73,105.23,2.13
2024-05-10,2360.47,2378.32,2345.04,105.31,2.16
2024-05-13,2336.14,2364.42,2332.11,105.22,2.15
2024-05-14,2358.0,2359.61,2334.84,105.01,2.12
2024-05-15,2385.76,2390.23,2351.84,104.35,2.05
2024-05-16,2376.72,2397.25,2371.02,104.46,2.07
2024-05-17,2413.84,2422.74,2374.05,104.45,2.1
2024-05-20,2426.22,2450.07,2407.4,104.57,2.11
2024-05-21,2420.88,2433.83,2406.43,104.66,2.09
2024-05-22,2378.58,2426.59,2375.06,104.94,2.1
2024-05-23,2328.55,2383.66,2326.68,105.11,2.17
2024-05-24,2333.86,2347.37,2325.46,104.72,2.14
2024-05-27,2350.08,2358.52,2331.68,104.72,2.14
2024-05-28,2361.13,2364.14,2340.32,104.61,2.2
2024-05-29,2338.0,2362.66,2334.61,105.1,2.25
2024-05-30,2342.98,2351.77,2322.74,104.72,2.19
2024-05-31,2327.46,2359.8,2320.6,104.67,2.16
2024-06-03,2350.45,2354.76,2314.77,104.14,2.08
2024-06-04,2326.79,2352.83,2315.62,104.11,2.02
2024-06-05,2355.13,2357.41,2325.92,104.27,1.99
2024-06-06,2375.68,2378.5,2353.44,104.1,2.0
2024-06-07,2293.38,2387.69,2286.71,104.89,2.13
2024-06-10,2310.86,2313.84,2287.78,105.15,2.16
2024-06-11,2316.73,2319.94,2297.75,105.23,2.12
2024-06-12,2324.88,2341.66,2310.75,104.65,2.09
2024-06-13,2303.85,2326.67,2295.67,105.2,2.03
2024-06-14,2332.6,2336.59,2301.62,105.55,2.03
2024-06-17,2318.96,2332.87,2310.03,105.32,2.06
2024-06-18,2329.34,2333.11,2306.64,105.26,2.01
2024-06-19,2327.98,2335.06,2323.92,105.26,2.01
2024-06-20,2360.02,2365.46,2327.81,105.59,2.0
2024-06-21,2321.42,2368.73,2316.7,105.8,2.02
2024-06-24,2334.43,2334.68,2317.73,105.47,2.03
2024-06-25,2319.51,2337.13,2315.54,105.61,2.01
2024-06-26,2298.06,2323.72,2293.67,106.05,2.06
2024-06-27,2327.48,2330.91,2296.54,105.91,2.03
2024-06-28,2326.4,2339.75,2319.06,105.87,2.08
2024-07-01,2331.72,2338.53,2318.5,105.9,2.16
2024-07-02,2329.35,2336.78,2319.12,105.72,2.13
2024-07-03,2356.07,2364.92,2326.82,105.4,2.09
2024-07-04,2356.1,2362.52,2350.64,105.4,2.09
2024-07-05,2391.06,2392.91,2352.3,104.88,2.0
2024-07-08,2359.09,2391.13,2351.14,105.01,2.01
2024-07-09,2363.73,2371.33,2349.29,105.12,2.04
2024-07-10,2371.26,2386.61,2362.19,105.05,2.01
2024-07-11,2415.3,2424.54,2370.44,104.44,1.95
2024-07-12,2411.59,2418.17,2391.44,104.09,1.94
2024-07-15,2422.23,2439.67,2401.32,104.19,1.96
2024-07-16,2468.69,2469.65,2420.01,104.27,1.91
2024-07-17,2458.66,2483.54,2451.36,103.75,1.9
2024-07-18,2445.08,2474.8,2440.23,104.17,1.89
2024-07-19,2400.3,2445.67,2393.71,104.4,1.93
2024-07-22,2396.35,2412.04,2383.71,104.31,1.96
2024-07-23,2409.62,2411.91,2388.17,104.45,1.96
2024-07-24,2397.23,2431.9,2396.72,104.39,2.0
2024-07-25,2364.49,2401.11,2352.97,104.36,1.99
2024-07-26,2387.34,2390.68,2355.7,104.32,1.93
2024-07-29,2383.5,2403.05,2369.54,104.56,1.92
2024-07-30,2410.92,2412.64,2376.36,104.55,1.9
2024-07-31,2447.24,2450.8,2403.76,104.1,1.85
2024-08-01,2446.3,2462.17,2430.12,104.42,1.79
2024-08-02,2441.38,2477.61,2410.72,103.21,1.76
2024-08-05,2409.96,2458.65,2364.06,102.69,1.71
2024-08-06,2389.85,2418.23,2381.48,102.97,1.78
2024-08-07,2383.06,2406.9,2378.94,103.2,1.85
2024-08-08,2427.18,2427.53,2380.95,103.21,1.87
2024-08-09,2431.07,2436.93,2416.78,103.14,1.84
2024-08-12,2472.03,2473.16,2423.75,103.14,1.79
2024-08-13,2464.98,2476.82,2458.4,102.56,1.76
2024-08-14,2447.92,2479.7,2437.98,102.57,1.77
2024-08-15,2456.24,2469.95,2432.09,102.98,1.8
2024-08-16,2507.46,2509.61,2450.64,102.46,1.81
2024-08-19,2504.23,2510.06,2485.54,101.89,1.79
2024-08-20,2514.01,2531.53,2497.23,101.44,1.75
2024-08-21,2512.3,2519.84,2493.81,101.04,1.72
2024-08-22,2484.73,2514.56,2470.73,101.51,1.76
2024-08-23,2511.93,2518.23,2484.33,100.72,1.68
2024-08-26,2517.91,2526.7,2508.63,100.85,1.67
2024-08-27,2524.59,2525.84,2503.45,100.55,1.68
2024-08-28,2504.67,2528.9,2493.55,101.09,1.69
2024-08-29,2521.09,2528.6,2503.55,101.34,1.71
2024-08-30,2503.35,2526.75,2494.06,101.7,1.76
2024-09-02,2499.46,2507.18,2489.94,101.7,1.76
2024-09-03,2492.86,2506.18,2473.39,101.83,1.73
2024-09-04,2495.44,2500.15,2471.77,101.36,1.7
2024-09-05,2516.63,2523.31,2493.72,101.11,1.7
2024-09-06,2497.61,2529.08,2485.02,101.18,1.69
2024-09-09,2506.22,2507.04,2485.44,101.55,1.66
2024-09-10,2516.54,2518.32,2500.02,101.63,1.63
2024-09-11,2511.35,2528.93,2500.85,101.68,1.61
2024-09-12,2558.6,2559.98,2510.9,101.37,1.63
2024-09-13,2578.38,2585.92,2556.61,101.11,1.58
2024-09-16,2582.42,2589.56,2575.17,100.76,1.54
2024-09-17,2569.45,2586.82,2560.69,100.89,1.53
2024-09-18,2559.27,2600.04,2546.71,100.6,1.58
2024-09-19,2586.61,2594.76,2550.94,100.61,1.56
2024-09-20,2622.26,2625.65,2584.71,100.72,1.58
2024-09-23,2628.39,2634.74,2613.78,100.92,1.58
2024-09-24,2656.99,2664.24,2622.56,100.37,1.55
2024-09-25,2657.02,2670.39,2649.61,100.92,1.61
2024-09-26,2672.23,2685.44,2654.7,100.56,1.63
2024-09-27,2659.81,2674.2,2643.04,100.42,1.6
2024-09-30,2634.53,2665.9,2624.59,100.78,1.63
2024-10-01,2663.37,2673.04,2632.13,101.19,1.55
2024-10-02,2658.67,2663.26,2641.02,101.68,1.58
2024-10-03,2656.01,2662.79,2636.9,101.99,1.64
2024-10-04,2653.57,2670.15,2631.91,102.52,1.75
2024-10-07,2642.51,2659.61,2637.74,102.54,1.76
2024-10-08,2621.85,2652.96,2604.77,102.55,1.77
2024-10-09,2607.68,2624.34,2605.21,102.93,1.77
2024-10-10,2630.05,2631.52,2605.89,102.99,1.76
2024-10-11,2656.38,2661.4,2628.02,102.89,1.75
2024-10-14,2648.52,2666.77,2643.17,103.3,1.75
2024-10-15,2662.64,2668.96,2638.33,103.26,1.75
2024-10-16,2673.64,2685.24,2658.73,103.59,1.75
2024-10-17,2692.83,2696.74,2673.15,103.83,1.79
2024-10-18,2721.91,2722.6,2691.82,103.49,1.77
2024-10-21,2719.5,2740.56,2714.27,104.01,1.88
2024-10-22,2748.81,2748.86,2718.93,104.08,1.87
2024-10-23,2715.57,2758.47,2708.78,104.43,1.93
2024-10-24,2735.84,2743.19,2715.09,104.06,1.91
2024-10-25,2747.39,2747.55,2717.02,104.26,1.96
2024-10-28,2742.24,2745.92,2724.72,104.32,1.99
2024-10-29,2774.44,2774.75,2739.8,104.28,1.98
2024-10-30,2787.21,2790.05,2770.87,103.99,1.95
2024-10-31,2743.77,2790.09,2731.64,103.98,1.95
2024-11-01,2735.84,2762.26,2733.17,104.28,2.04
2024-11-04,2736.46,2748.16,2730.55,103.89,2.03
2024-11-05,2743.72,2749.88,2724.71,103.42,1.99
2024-11-06,2658.94,2749.69,2652.44,105.09,2.04
2024-11-07,2706.24,2710.27,2643.33,104.51,1.98
2024-11-08,2684.15,2710.35,2680.35,105.0,1.95
2024-11-11,2619.3,2686.22,2610.59,105.54,1.95
2024-11-12,2597.98,2627.13,2589.81,106.02,2.08
2024-11-13,2572.7,2618.81,2572.65,106.48,2.09
2024-11-14,2564.53,2581.29,2536.77,106.67,2.1
2024-11-15,2561.78,2576.05,2554.58,106.69,2.1
2024-11-18,2611.72,2615.02,2564.79,106.28,2.08
2024-11-19,2632.11,2639.4,2610.23,106.21,2.05
2024-11-20,2650.08,2655.35,2618.91,106.68,2.06
2024-11-21,2669.41,2673.47,2648.63,106.97,2.09
2024-11-22,2715.34,2715.5,2668.21,107.49,2.07
2024-11-25,2625.46,2721.31,2615.6,106.82,1.98
2024-11-26,2633.02,2641.9,2604.86,107.01,2.02
2024-11-27,2635.95,2658.2,2627.0,106.08,1.99
2024-11-28,2637.07,2649.57,2620.92,106.08,1.99
2024-11-29,2650.33,2666.37,2634.03,105.74,1.92
2024-12-02,2638.62,2652.69,2621.86,106.45,1.93
2024-12-03,2643.5,2655.56,2634.11,106.37,1.95
2024-12-04,2649.88,2656.99,2632.31,106.34,1.9
2024-12-05,2631.66,2655.54,2623.52,105.71,1.92
2024-12-06,2632.67,2645.6,2612.32,105.97,1.91
2024-12-09,2660.18,2676.32,2627.57,106.15,1.93
2024-12-10,2693.8,2695.46,2657.93,106.4,1.93
2024-12-11,2717.95,2721.07,2674.85,106.71,1.96
2024-12-12,2680.55,2726.15,2675.03,106.96,2.0
2024-12-13,2648.8,2692.77,2645.68,107.0,2.07
2024-12-16,2652.62,2664.23,2643.52,106.86,2.07
2024-12-17,2646.4,2658.57,2633.03,106.96,2.09
2024-12-18,2585.31,2651.7,2583.62,108.03,2.18
2024-12-19,2594.39,2626.42,2582.92,108.41,2.28
2024-12-20,2623.03,2631.82,2589.69,107.62,2.23
2024-12-23,2612.77,2633.22,2608.13,108.04,2.27
2024-12-24,2616.59,2621.46,2610.02,108.26,2.24
2024-12-26,2633.53,2639.14,2614.12,108.13,2.23
2024-12-27,2621.54,2638.34,2611.69,108.0,2.28
2024-12-30,2605.96,2628.13,2596.09,108.13,2.24
2024-12-31,2624.43,2627.58,2602.59,108.49,2.24
2025-01-02,2657.98,2660.46,2621.48,109.39,2.23
2025-01-03,2639.98,2665.15,2636.51,108.95,2.26
2025-01-06,2635.77,2649.45,2614.45,108.26,2.28
2025-01-07,2648.42,2664.33,2632.98,108.54,2.29
2025-01-08,2661.44,2670.0,2645.25,109.09,2.27
2025-01-09,2670.34,2678.23,2655.51,109.18,2.29
2025-01-10,2688.96,2698.01,2663.96,109.65,2.34
2025-01-13,2662.98,2693.27,2656.84,109.96,2.34
2025-01-14,2677.37,2678.38,2659.86,109.27,2.34
2025-01-15,2696.28,2697.55,2669.39,109.09,2.24
2025-01-16,2714.26,2724.76,2690.03,108.96,2.19
2025-01-17,2702.92,2717.38,2698.47,109.35,2.2
2025-01-20,2706.7,2713.76,2689.26,109.35,2.2
2025-01-21,2744.69,2746.02,2702.81,108.06,2.19
2025-01-22,2756.18,2763.45,2741.1,108.17,2.2
2025-01-23,2754.52,2758.92,2735.58,108.05,2.23
2025-01-24,2771.48,2785.94,2753.49,107.44,2.2
2025-01-27,2740.7,2772.53,2730.48,107.34,2.13
2025-01-28,2763.17,2765.11,2734.81,107.87,2.13
2025-01-29,2759.68,2766.2,2744.76,108.0,2.15
2025-01-30,2794.06,2798.49,2758.23,107.8,2.14
2025-01-31,2798.47,2817.23,2791.02,108.37,2.16
2025-02-03,2814.75,2830.4,2772.17,108.99,2.09
2025-02-04,2842.01,2845.49,2807.19,107.96,2.08
2025-02-05,2867.02,2882.49,2839.67,107.58,2.01
2025-02-06,2855.55,2873.28,2834.1,107.69,2.03
2025-02-07,2861.3,2886.68,2852.39,108.04,2.07
2025-02-10,2907.88,2911.77,2854.81,108.32,2.07
2025-02-11,2897.53,2942.58,2881.81,107.96,2.08
2025-02-12,2903.97,2909.15,2863.54,107.94,2.16
2025-02-13,2928.34,2929.5,2900.56,107.31,2.08
2025-02-14,2882.5,2940.06,2877.03,106.57,2.04
2025-02-17,2899.45,2906.4,2877.6,106.57,2.04
2025-02-18,2935.08,2937.05,2891.98,107.05,2.1
2025-02-19,2932.99,2947.05,2918.61,107.17,2.08
2025-02-20,2939.06,2954.91,2924.26,106.34,2.05
2025-02-21,2935.89,2949.59,2916.74,106.61,2.0
2025-02-24,2952.62,2956.18,2921.33,106.6,1.98
2025-02-25,2914.82,2953.79,2888.27,106.31,1.92
2025-02-26,2916.11,2930.08,2890.77,106.42,1.89
2025-02-27,2877.12,2920.76,2867.79,107.24,1.92
2025-02-28,2859.06,2885.05,2832.57,107.61,1.86
2025-03-03,2892.99,2895.29,2857.88,106.75,1.8
2025-03-04,2917.7,2927.76,2881.99,105.74,1.87
2025-03-05,2919.13,2930.06,2894.3,105.74,1.94
2025-03-06,2910.74,2926.52,2891.12,104.06,1.95
2025-03-07,2911.94,2930.33,2894.8,103.84,1.99
2025-03-10,2889.24,2918.22,2880.28,103.91,1.91
2025-03-11,2915.5,2922.03,2880.26,103.44,1.97
2025-03-12,2933.31,2940.63,2905.97,103.61,1.99
2025-03-13,2988.8,2989.1,2932.99,103.83,1.98
2025-03-14,2986.24,3004.85,2978.45,103.72,2.01
2025-03-17,3001.02,3001.99,2982.22,103.37,2.02
2025-03-18,3033.76,3038.26,2999.56,103.24,1.99
2025-03-19,3047.16,3051.84,3022.89,103.43,1.94
2025-03-20,3044.47,3057.26,3025.52,103.85,1.93
2025-03-21,3022.94,3047.39,2999.55,104.09,1.92
2025-03-24,3011.96,3033.22,3002.46,104.26,1.98
2025-03-25,3019.81,3035.95,3007.64,104.18,1.96
2025-03-26,3018.85,3032.04,3012.45,104.55,1.98
2025-03-27,3056.42,3059.56,3017.6,104.07,1.99
2025-03-28,3084.2,3086.77,3053.75,104.04,1.9
2025-03-31,3123.96,3127.94,3076.72,104.21,1.85
2025-04-01,3114.12,3149.04,3100.87,104.26,1.84
2025-04-02,3132.12,3142.05,3104.45,103.81,1.88
2025-04-03,3114.19,3167.73,3054.08,102.07,1.78
2025-04-04,3037.34,3136.58,3015.78,103.02,1.83
2025-04-07,2982.01,3055.31,2956.26,103.26,1.96
2025-04-08,2981.96,3022.73,2974.73,102.96,2.04
2025-04-09,3082.78,3099.6,2970.07,102.9,2.07
2025-04-10,3175.39,3176.45,3071.36,100.87,2.21
2025-04-11,3237.53,3245.36,3176.0,99.78,2.28
2025-04-14,3210.46,3245.69,3193.57,99.64,2.15
2025-04-15,3229.36,3233.57,3210.01,100.22,2.16
2025-04-16,3342.85,3342.94,3229.84,99.38,2.12
2025-04-17,3327.24,3357.65,3283.84,99.38,2.11
2025-04-21,3424.4,3430.5,3329.03,98.28,2.2
2025-04-22,3380.93,3499.98,3366.78,98.92,2.14
2025-04-23,3288.12,3386.58,3259.98,99.84,2.11
2025-04-24,3348.58,3367.17,3288.83,99.29,2.02
2025-04-25,3318.62,3370.76,3265.19,99.47,2.02
2025-04-28,3343.99,3353.0,3268.19,99.01,1.98
2025-04-29,3317.2,3348.67,3299.69,99.24,1.96
2025-04-30,3288.27,3328.02,3267.13,99.47,1.94
2025-05-01,3237.89,3290.21,3201.91,100.25,2.0
2025-05-02,3240.3,3269.28,3222.78,100.0,2.06
2025-05-05,3333.96,3337.54,3237.44,99.83,2.08
2025-05-06,3430.46,3434.75,3323.52,99.24,2.04
2025-05-07,3364.44,3437.85,3360.21,99.61,2.01
2025-05-08,3305.85,3414.78,3288.75,100.64,2.08
2025-05-09,3327.15,3347.53,3274.86,100.34,2.08
2025-05-12,3234.4,3299.73,3207.74,101.79,2.16
2025-05-13,3249.98,3265.43,3215.99,101.0,2.17
2025-05-14,3177.4,3257.05,3168.03,101.04,2.16
2025-05-15,3239.64,3240.5,3120.78,100.88,2.11
2025-05-16,3201.0,3252.14,3154.35,101.09,2.09
2025-05-19,3230.12,3249.75,3206.42,100.43,2.1
2025-05-20,3289.66,3295.68,3204.57,100.12,2.13
2025-05-21,3315.11,3324.84,3285.56,99.56,2.23
2025-05-22,3294.71,3345.31,3279.37,99.96,2.2
2025-05-23,3357.9,3365.87,3287.05,99.11,2.18
2025-05-26,3342.19,3356.76,3323.52,98.93,2.18
2025-05-27,3300.56,3349.77,3284.9,99.52,2.11
2025-05-28,3288.64,3325.44,3276.94,99.88,2.15
2025-05-29,3317.56,3331.23,3245.52,99.28,2.11
2025-05-30,3288.72,3322.7,3271.82,99.33,2.07
2025-06-02,3381.6,3382.92,3295.92,98.7,2.13
2025-06-03,3353.3,3392.24,3333.2,99.25,2.14
2025-06-04,3372.6,3384.65,3343.8,98.79,2.06
2025-06-05,3352.6,3403.33,3339.61,98.74,2.11
2025-06-06,3312.12,3375.6,3307.13,99.19,2.2
2025-06-09,3325.39,3338.16,3293.61,98.94,2.18
2025-06-10,3322.4,3349.08,3301.94,99.05,2.18
2025-06-11,3354.82,3360.68,3315.53,98.63,2.14
2025-06-12,3386.66,3398.77,3338.67,97.92,2.11
2025-06-13,3434.15,3446.8,3379.81,98.18,2.13
2025-06-16,3385.14,3451.23,3382.76,98.0,2.16
2025-06-17,3388.47,3403.24,3366.15,98.82,2.08
2025-06-18,3369.15,3400.01,3362.56,98.91,2.07
2025-06-19,3370.63,3387.93,3347.65,98.91,2.07
2025-06-20,3368.64,3374.51,3340.37,98.71,2.05
2025-06-23,3369.04,3396.7,3347.12,98.42,2.04
2025-06-24,3322.81,3369.94,3295.5,97.86,2.01
2025-06-25,3332.15,3337.07,3311.98,97.68,2.01
2025-06-26,3327.76,3350.28,3309.99,97.15,1.98
2025-06-27,3274.96,3327.96,3255.89,97.4,2.0
2025-06-30,3302.92,3309.41,3248.48,96.88,1.95
2025-07-01,3338.78,3357.92,3302.38,96.82,1.97
2025-07-02,3356.93,3360.1,3327.61,96.78,2.0
2025-07-03,3325.92,3365.74,3311.69,97.18,2.02
2025-07-04,3337.04,3344.18,3323.59,97.18,2.02
2025-07-07,3336.16,3342.76,3296.45,97.48,2.05
2025-07-08,3301.48,3345.76,3287.13,97.51,2.07
2025-07-09,3313.55,3316.79,3282.77,97.47,2.01
2025-07-10,3323.85,3330.25,3310.12,97.65,2.01
2025-07-11,3355.5,3368.75,3321.78,97.85,2.06
2025-07-14,3343.26,3374.92,3340.71,98.08,2.04
2025-07-15,3324.65,3366.73,3320.25,98.62,2.09
2025-07-16,3346.99,3377.48,3319.62,98.39,2.05
2025-07-17,3338.1,3352.22,3309.9,98.73,2.04
2025-07-18,3350.85,3361.24,3331.8,98.48,2.03
2025-07-21,3397.41,3401.59,3345.0,97.85,1.98
2025-07-22,3429.58,3433.53,3383.26,97.39,1.96
2025-07-23,3388.1,3438.77,3381.52,97.21,2.03
2025-07-24,3367.5,3393.35,3351.39,97.38,1.98
2025-07-25,3336.65,3373.55,3325.08,97.65,1.96
2025-07-28,3314.78,3345.2,3301.8,98.66,1.98
2025-07-29,3325.5,3334.14,3307.94,98.91,1.91
2025-07-30,3275.86,3334.05,3268.17,99.94,1.96
2025-07-31,3290.68,3314.81,3276.45,100.03,1.98
2025-08-01,3363.23,3363.45,3281.59,98.69,1.9
2025-08-04,3374.01,3385.37,3345.07,98.78,1.85
2025-08-05,3380.47,3390.38,3349.99,98.78,1.86
2025-08-06,3368.4,3385.62,3358.24,98.18,1.88
2025-08-07,3395.84,3401.81,3365.3,98.4,1.88
2025-08-08,3397.14,3408.84,3376.62,98.18,1.88
2025-08-11,3342.29,3401.85,3341.4,98.52,1.87
2025-08-12,3348.28,3359.03,3331.13,98.1,1.91
2025-08-13,3355.97,3370.76,3342.72,97.84,1.87
2025-08-14,3334.75,3374.81,3329.85,98.25,1.9
2025-08-15,3336.08,3348.67,3332.2,97.85,1.95
2025-08-18,3332.89,3358.39,3323.62,98.17,1.96
2025-08-19,3315.6,3345.29,3314.89,98.27,1.95
2025-08-20,3347.8,3350.19,3311.55,98.22,1.94
2025-08-21,3338.44,3352.06,3325.17,98.62,1.94
2025-08-22,3371.86,3378.79,3321.44,97.72,1.85
2025-08-25,3365.73,3376.22,3359.81,98.43,1.87
2025-08-26,3392.96,3393.31,3351.29,98.23,1.84
2025-08-27,3397.38,3398.81,3373.81,98.23,1.81
2025-08-28,3417.36,3423.17,3384.6,97.81,1.81
2025-08-29,3448.16,3453.88,3404.36,97.77,1.82
2025-09-01,3476.37,3489.81,3437.12,97.77,1.82
2025-09-02,3534.4,3540.17,3470.34,98.4,1.87
2025-09-03,3560.62,3578.46,3526.3,98.14,1.82
2025-09-04,3545.39,3564.19,3511.45,98.35,1.79
2025-09-05,3587.37,3600.0,3539.79,97.77,1.73
2025-09-08,3636.76,3646.35,3579.64,97.45,1.7
2025-09-09,3626.23,3674.12,3626.05,97.79,1.72
2025-09-10,3640.55,3657.57,3620.29,97.78,1.69
2025-09-11,3633.91,3649.09,3613.51,97.54,1.67
2025-09-12,3642.6,3656.63,3630.59,97.55,1.7
2025-09-15,3678.66,3685.5,3626.69,97.3,1.68
2025-09-16,3689.69,3703.06,3674.68,96.63,1.67
2025-09-17,3659.79,3707.42,3646.21,96.87,1.68
2025-09-18,3644.31,3672.9,3627.78,97.35,1.73
2025-09-19,3685.07,3685.18,3632.16,97.64,1.75
2025-09-22,3746.63,3748.74,3683.69,97.33,1.78
2025-09-23,3764.02,3791.18,3737.02,97.26,1.75
2025-09-24,3735.85,3779.21,3717.48,97.87,1.78
2025-09-25,3749.05,3761.62,3721.97,98.55,1.8
2025-09-26,3760.53,3783.8,3734.55,98.15,1.82
2025-09-29,3833.76,3834.06,3757.78,97.91,1.8
2025-09-30,3858.23,3871.66,3793.21,97.77,1.8
2025-10-01,3865.49,3895.34,3853.35,97.71,1.77
2025-10-02,3856.19,3896.82,3819.28,97.85,1.76
2025-10-03,3886.38,3891.61,3838.11,97.72,1.8
2025-10-06,3960.95,3969.82,3884.26,98.11,1.84
2025-10-07,3984.23,3990.99,3940.96,98.58,1.79
2025-10-08,4041.33,4059.25,3983.27,98.85,1.78
2025-10-09,3975.91,4057.93,3944.81,99.54,1.8
2025-10-10,4012.37,4022.28,3946.85,98.98,1.75
2025-10-13,4110.36,4117.01,4003.2,99.27,1.75
2025-10-14,4142.09,4179.6,4090.64,99.05,1.73
2025-10-15,4208.06,4218.12,4140.73,98.79,1.76
2025-10-16,4325.87,4330.39,4199.79,98.39,1.71
2025-10-17,4252.63,4379.18,4186.45,98.43,1.75
2025-10-20,4356.25,4381.53,4219.03,98.59,1.74
2025-10-21,4124.85,4375.4,4080.66,98.93,1.7
2025-10-22,4098.33,4161.26,4004.22,98.9,1.68
2025-10-23,4125.93,4154.66,4066.19,98.94,1.71
2025-10-24,4112.21,4144.14,4044.04,98.95,1.73
2025-10-27,3981.02,4109.23,3971.49,98.78,1.73
2025-10-28,3952.61,4019.75,3886.62,98.69,1.71
2025-10-29,3930.07,4030.22,3916.15,99.22,1.78
2025-10-30,4024.23,4027.32,3915.08,99.53,1.82
2025-10-31,4002.14,4046.34,3972.58,99.8,1.81
2025-11-03,4001.21,4030.74,3962.74,99.87,1.82
2025-11-04,3931.85,4005.77,3928.9,100.22,1.81
2025-11-05,3978.99,3990.32,3929.03,100.2,1.87
2025-11-06,3976.88,4019.55,3964.71,99.73,1.83
2025-11-07,4000.79,4027.79,3974.49,99.6,1.83
2025-11-10,4115.73,4116.69,3997.76,99.62,1.84
2025-11-11,4126.55,4148.7,4097.16,99.46,1.84
2025-11-12,4195.27,4211.86,4099.01,99.48,1.81
2025-11-13,4171.21,4245.39,4145.36,99.18,1.83
2025-11-14,4085.05,4211.15,4032.39,99.27,1.86
2025-11-17,4045.47,4106.7,4006.99,99.59,1.85
2025-11-18,4067.24,4082.06,3998.36,99.55,1.85
2025-11-19,4077.71,4132.46,4055.51,100.23,1.86
2025-11-20,4077.15,4110.44,4038.55,100.16,1.86
2025-11-21,4065.21,4101.25,4022.61,100.18,1.82
2025-11-24,4134.57,4139.97,4039.89,100.14,1.81
2025-11-25,4130.59,4159.28,4109.01,99.66,1.79
2025-11-26,4163.65,4173.45,4129.74,99.6,1.77
2025-11-27,4155.27,4168.86,4142.58,99.6,1.77
2025-11-28,4219.09,4226.62,4153.9,99.46,1.79
2025-12-01,4232.07,4264.63,4206.13,99.41,1.85
2025-12-02,4205.59,4236.03,4163.43,99.36,1.85
2025-12-03,4202.93,4241.35,4194.61,98.85,1.82
2025-12-04,4208.59,4219.38,4175.07,98.99,1.85
2025-12-05,4199.04,4259.1,4191.89,98.99,1.88
2025-12-08,4190.51,4218.82,4176.64,99.09,1.91
2025-12-09,4208.05,4221.43,4170.27,99.22,1.92
2025-12-10,4227.99,4238.68,4182.08,98.79,1.88
2025-12-11,4279.3,4285.86,4204.34,98.35,1.89
2025-12-12,4299.37,4353.51,4257.44,98.4,1.93
2025-12-15,4305.12,4350.24,4285.24,98.15,1.93
2025-12-16,4302.29,4335.08,4271.54,98.15,1.92
2025-12-17,4338.17,4349.03,4303.09,98.37,1.92
2025-12-18,4332.66,4374.63,4308.62,98.43,1.88
2025-12-19,4338.51,4356.51,4309.3,98.6,1.92
2025-12-22,4443.15,4449.04,4339.55,98.29,1.94
2025-12-23,4484.16,4499.94,4430.63,97.94,1.94
2025-12-24,4479.2,4525.94,4448.33,97.98,1.91
2025-12-26,4533.32,4549.92,4482.43,98.02,1.91
2025-12-29,4332.12,4530.37,4302.53,98.04,1.9
2025-12-30,4339.12,4404.25,4324.54,98.24,1.9
2025-12-31,4318.82,4373.29,4274.49,98.28,1.93
2026-01-02,4332.35,4402.31,4309.97,98.42,1.94
2026-01-05,4449.0,4455.65,4343.87,98.27,1.91
2026-01-06,4494.64,4497.22,4427.96,98.58,1.91
2026-01-07,4456.15,4500.42,4423.48,98.68,1.88
2026-01-08,4477.8,4479.52,4407.73,98.93,1.92
2026-01-09,4509.13,4517.2,4452.87,99.13,1.9
2026-01-12,4597.17,4630.13,4512.82,98.86,1.9
2026-01-13,4586.1,4634.6,4569.58,99.13,1.88
2026-01-14,4626.76,4642.91,4586.1,99.13,1.86
2026-01-15,4615.95,4632.53,4581.14,99.32,1.88
2026-01-16,4596.42,4621.04,4536.85,99.39,1.91
2026-01-19,4670.86,4690.69,4621.06,99.39,1.91
2026-01-20,4763.16,4766.23,4659.5,98.64,1.97
2026-01-21,4832.06,4888.43,4755.93,98.76,1.92
2026-01-22,4935.83,4940.63,4772.34,98.36,1.95
2026-01-23,4986.43,4990.02,4899.74,97.6,1.92
2026-01-26,5010.27,5111.03,4989.86,97.04,1.9
2026-01-27,5178.58,5190.46,5010.27,96.22,1.9
2026-01-28,5416.2,5418.95,5157.31,96.45,1.9
2026-01-29,5376.32,5598.03,5098.23,96.28,1.89
2026-01-30,4894.47,5450.96,4682.18,96.99,1.9
2026-02-02,4658.6,4884.64,4402.14,97.61,1.94
2026-02-03,4946.26,4993.77,4658.6,97.44,1.92
2026-02-04,4965.57,5091.94,4854.54,97.62,1.94
2026-02-05,4777.89,5023.8,4759.71,97.82,1.89
2026-02-06,4964.88,4971.48,4655.27,97.63,1.88
2026-02-09,5058.06,5086.61,4965.15,96.82,1.87
2026-02-10,5025.16,5078.72,4987.68,96.8,1.84
2026-02-11,5084.18,5119.13,5018.88,96.83,1.86
2026-02-12,4921.61,5100.09,4878.71,96.93,1.8
2026-02-13,5042.47,5046.13,4886.65,96.88,1.77
2026-02-16,4993.26,5043.86,4965.56,96.88,1.77
2026-02-17,4877.89,5001.03,4841.48,97.16,1.79
2026-02-18,4975.99,5011.1,4853.99,97.7,1.8
2026-02-19,4996.42,5022.24,4956.26,97.93,1.79
2026-02-20,5107.13,5107.84,4981.58,97.8,1.8
2026-02-23,5228.0,5237.96,5102.67,97.7,1.77
2026-02-24,5142.82,5249.76,5094.14,97.88,1.78
2026-02-25,5163.68,5217.8,5120.04,97.7,1.77
2026-02-26,5190.85,5205.65,5130.65,97.79,1.74
2026-02-27,5278.77,5281.03,5168.7,97.61,1.72
2026-03-02,5321.06,5419.26,5260.77,98.38,1.76
2026-03-03,5087.98,5379.88,4995.97,99.05,1.77
2026-03-04,5140.02,5206.14,5084.39,98.77,1.8
2026-03-05,5081.55,5195.01,5050.88,99.32,1.82
2026-03-06,5171.92,5176.07,5062.82,98.99,1.8
2026-03-09,5138.19,5148.16,5014.71,99.18,1.78
2026-03-10,5191.41,5238.55,5124.65,98.83,1.82
2026-03-11,5175.35,5223.29,5149.28,99.23,1.85
2026-03-12,5079.21,5191.7,5055.0,99.74,1.89
2026-03-13,5018.98,5128.53,5009.66,100.36,1.92
2026-03-16,5005.73,5038.06,4967.62,99.71,1.87
2026-03-17,5005.87,5044.53,4973.51,99.58,1.83
2026-03-18,4817.91,5016.3,4806.64,100.09,1.86
2026-03-19,4648.73,4866.95,4502.57,99.23,1.88
2026-03-20,4493.01,4735.84,4477.27,99.65,2.01
2026-03-23,4405.77,4536.29,4098.53,98.95,2.01
2026-03-24,4474.85,4484.04,4305.89,99.43,2.06
2026-03-25,4505.77,4602.46,4455.97,99.6,2.02
2026-03-26,4376.21,4544.42,4350.93,99.9,2.08
2026-03-27,4493.19,4555.26,4375.38,100.15,2.13
2026-03-30,4513.61,4580.6,4419.53,100.51,2.04
2026-03-31,4682.65,4685.67,4482.59,99.96,2.0
2026-04-01,4766.16,4793.08,4661.63,99.65,2.02
2026-04-02,4671.97,4800.45,4553.84,100.03,1.97
2026-04-03,4676.3,4676.4,4676.3,100.03,1.99
2026-04-06,4655.41,4706.61,4600.76,99.98,1.98
2026-04-07,4700.71,4718.64,4607.28,99.64,1.96
2026-04-08,4730.63,4857.71,4699.67,99.13,1.96
2026-04-09,4768.85,4801.22,4698.62,98.82,1.95
2026-04-10,4759.74,4795.03,4730.68,98.65,1.95
2026-04-13,4741.16,4750.12,4585.32,98.37,1.92
2026-04-14,4844.9,4846.31,4740.46,98.12,1.89
2026-04-15,4795.81,4871.42,4786.33,98.06,1.9
2026-04-16,4793.67,4838.38,4773.15,98.22,1.93
2026-04-17,4854.44,4889.64,4767.59,98.1,1.9
2026-04-20,4814.3,4827.61,4736.93,98.05,1.91
2026-04-21,4679.43,4833.24,4668.29,98.41,1.92
2026-04-22,4740.12,4772.35,4715.58,98.59,1.92
2026-04-23,4696.13,4753.62,4664.33,98.8,1.92
2026-04-24,4716.45,4740.29,4657.74,98.51,1.89
2026-04-27,4680.86,4730.11,4667.22,98.48,1.91
2026-04-28,4595.67,4701.24,4554.83,98.62,1.92
2026-04-29,4546.81,4610.25,4510.02,98.92,1.96
2026-04-30,4616.92,4646.89,4539.04,98.08,1.94
2026-05-01,4610.82,4660.16,4560.1,98.21,1.91
2026-05-04,4517.81,4629.4,4500.98,98.47,1.95
2026-05-05,4554.74,4586.78,4513.6,98.48,1.96
2026-05-06,4692.51,4722.87,4546.14,98.02,1.94
2026-05-07,4703.08,4764.81,4677.09,98.25,1.96
2026-05-08,4724.01,4749.51,4678.29,97.84,1.93
2026-05-11,4733.57,4748.62,4648.14,97.94,1.95
2026-05-12,4715.71,4773.42,4638.32,98.29,1.99
2026-05-13,4688.21,4727.01,4669.45,98.48,1.99
2026-05-14,4654.23,4718.76,4653.03,98.88,2.0
2026-05-15,4545.86,4665.28,4511.76,99.27,2.1
2026-05-18,4558.43,4584.27,4480.3,98.97,2.13
2026-05-19,4483.47,4589.24,4464.68,99.3,2.18
2026-05-20,4545.74,4553.07,4453.52,99.11,2.13
2026-05-21,4543.11,4570.94,4488.69,99.19,2.18
2026-05-22,4508.22,4545.69,4491.82,99.32,2.16
2026-05-25,4569.39,4580.03,4507.36,99.32,2.16
2026-05-26,4509.0,4580.5,4482.41,99.17,2.1
2026-05-27,4450.95,4538.08,4401.52,99.21,2.09
2026-05-28,4497.96,4516.54,4366.52,99.02,2.06
2026-05-29,4545.6,4595.18,4488.5,98.91,2.07
2026-06-01,4481.19,4546.06,4447.68,99.2,2.07
2026-06-02,4488.09,4541.46,4462.94,99.22,2.07
2026-06-03,4443.94,4496.76,4426.29,99.53,2.11
2026-06-04,4480.79,4515.39,4424.02,99.41,2.11
2026-06-05,4318.52,4481.51,4313.84,100.07,2.19
2026-06-08,4326.66,4353.38,4268.51,100.05,2.21
2026-06-09,4258.72,4363.5,4236.55,99.91,2.2
2026-06-10,4082.72,4257.36,4081.61,99.95,2.21
2026-06-11,4208.87,4219.93,4023.74,99.86,2.16
2026-06-12,4210.73,4246.34,4170.16,99.75,2.17
2026-06-15,4320.83,4369.4,4231.18,99.63,2.15
2026-06-16,4334.07,4354.95,4302.82,99.54,2.14
2026-06-17,4235.86,4382.48,4219.14,100.09,2.23
2026-06-18,4216.88,4329.91,4201.27,100.85,2.21
2026-06-19,4152.52,4212.7,4121.68,100.85,2.21
2026-06-22,4181.89990234375,4216.39990234375,4134.7998046875,101.02,2.28
2026-06-23,4129.89990234375,4135.2001953125,4118.5,101.41,2.29
2026-06-24,3990.300048828125,4104.7001953125,3963.300048828125,101.61,2.23
2026-06-25,4030.5,4030.5,3986.699951171875,101.43,2.19
2026-06-26,4078.699951171875,4078.699951171875,4078.699951171875,101.36,2.18
2026-06-29,4022.300048828125,4070.0,4003.199951171875,101.11,2.16
2026-06-30,4022.89990234375,4049.699951171875,3962.5,101.19,2.16
2026-07-01,4029.60009765625,4033.0,3973.0,101.39,2.16
