time,open,high,low,close,volume
2005-01-01 00:00:00,1.3554,1.3563,1.3552,1.3562,84
2005-01-03 00:00:00,1.3562,1.3580999999999999,1.3385,1.3467,9362
2005-01-04 00:00:00,1.3466,1.3497,1.3248,1.3279,9977
2005-01-05 00:00:00,1.3279,1.3304,1.3213,1.326,9881
2005-01-06 00:00:00,1.3261,1.3283,1.3154,1.3173,9842
2005-01-07 00:00:00,1.3172,1.3252,1.3024,1.3053,10008
2005-01-08 00:00:00,1.3052000000000001,1.3078,1.3051,1.3072,167
2005-01-10 00:00:00,1.3058,1.3126,1.3052000000000001,1.3077,8668
2005-01-11 00:00:00,1.3078,1.3172,1.3066,1.3108,9283
2005-01-12 00:00:00,1.3108,1.3294000000000001,1.3082,1.3255,9327
2005-01-13 00:00:00,1.3254000000000001,1.3269,1.3193,1.3223,9070
2005-01-14 00:00:00,1.3222,1.3226,1.3054999999999999,1.3111,10306
2005-01-15 00:00:00,1.3111,1.3119,1.3094999999999999,1.3094999999999999,110
2005-01-17 00:00:00,1.3109,1.3129,1.306,1.3066,7458
2005-01-18 00:00:00,1.3066,1.3077,1.2993000000000001,1.3023,9260
2005-01-19 00:00:00,1.3024,1.312,1.2963,1.3008,9317
2005-01-20 00:00:00,1.3009,1.3026,1.2922,1.2968,9613
2005-01-21 00:00:00,1.2967,1.3069,1.2932000000000001,1.3044,9755
2005-01-22 00:00:00,1.3044,1.3048,1.3008,1.3008,236
2005-01-24 00:00:00,1.3046,1.3102,1.3029,1.3061,8724
2005-01-25 00:00:00,1.306,1.3078,1.2945,1.2972000000000001,9347
2005-01-26 00:00:00,1.2972000000000001,1.3111,1.2965,1.3068,9359
2005-01-27 00:00:00,1.3065,1.3126,1.301,1.3044,9479
2005-01-28 00:00:00,1.3045,1.3083,1.2985,1.3041,9542
2005-01-29 00:00:00,1.3035999999999999,1.3056,1.3035999999999999,1.3056,220
2005-01-31 00:00:00,1.3012000000000001,1.3061,1.2974,1.3039,8871
2005-02-01 00:00:00,1.3038,1.3069,1.2999,1.3048,9600
2005-02-02 00:00:00,1.3046,1.3098,1.3008,1.3028,9882
2005-02-03 00:00:00,1.3026,1.3039,1.2939,1.2974,9274
2005-02-04 00:00:00,1.2974,1.3044,1.2865,1.2869,9414
2005-02-05 00:00:00,1.2871000000000001,1.288,1.2864,1.2864,165
2005-02-07 00:00:00,1.2854999999999999,1.2866,1.2732,1.2757,8971
2005-02-08 00:00:00,1.2757,1.2799,1.2732,1.2763,9375
2005-02-09 00:00:00,1.2763,1.2814999999999999,1.2738,1.2807,9183
2005-02-10 00:00:00,1.2806,1.2909,1.2738,1.2873999999999999,9629
2005-02-11 00:00:00,1.2873,1.2898,1.2844,1.2865,8760
2005-02-12 00:00:00,1.2868,1.288,1.2857,1.2865,193
2005-02-14 00:00:00,1.2881,1.2992,1.2877,1.2976,8414
2005-02-15 00:00:00,1.2974999999999999,1.3054000000000001,1.2952,1.3026,9291
2005-02-16 00:00:00,1.3026,1.3066,1.2959,1.303,9615
2005-02-17 00:00:00,1.3031,1.3091,1.3014000000000001,1.307,8750
2005-02-18 00:00:00,1.307,1.3085,1.3014000000000001,1.3072,8684
2005-02-19 00:00:00,1.3071,1.3077,1.306,1.3064,97
2005-02-21 00:00:00,1.3052000000000001,1.3081,1.3031,1.3066,7485
2005-02-22 00:00:00,1.3066,1.3266,1.3054000000000001,1.326,9559
2005-02-23 00:00:00,1.326,1.3276,1.3185,1.3213,9622
2005-02-24 00:00:00,1.3213,1.3272,1.3176,1.3197999999999999,9436
2005-02-25 00:00:00,1.3197999999999999,1.325,1.3145,1.3247,9179
2005-02-26 00:00:00,1.3247,1.3252,1.3237,1.3243,312
2005-02-28 00:00:00,1.3237999999999999,1.328,1.3221,1.3224,8782
2005-03-01 00:00:00,1.3224,1.3233,1.3167,1.3185,9153
2005-03-02 00:00:00,1.3188,1.3194,1.3087,1.3138,9250
2005-03-03 00:00:00,1.3136999999999999,1.3167,1.3096999999999999,1.3109,8904
2005-03-04 00:00:00,1.3109,1.3256000000000001,1.3094999999999999,1.3239,9130
2005-03-05 00:00:00,1.3237999999999999,1.3248,1.3235999999999999,1.3241,120
2005-03-07 00:00:00,1.3235999999999999,1.3249,1.3176999999999999,1.3213,8148
2005-03-08 00:00:00,1.3212,1.3364,1.3208,1.3346,8816
2005-03-09 00:00:00,1.3352,1.3426,1.3329,1.3392,9389
2005-03-10 00:00:00,1.3392,1.3457,1.337,1.3417,9968
2005-03-11 00:00:00,1.3418,1.3483,1.3391,1.3456000000000001,9922
2005-03-12 00:00:00,1.3456000000000001,1.3468,1.3456000000000001,1.3458,304
2005-03-14 00:00:00,1.3463,1.3479,1.3335,1.337,8756
2005-03-15 00:00:00,1.3369,1.3412,1.3296000000000001,1.331,9627
2005-03-16 00:00:00,1.331,1.3442,1.329,1.342,9477
2005-03-17 00:00:00,1.342,1.3424,1.3341,1.3378,9429
2005-03-18 00:00:00,1.3378,1.3389,1.3265,1.3327,8967
2005-03-19 00:00:00,1.3326,1.3336000000000001,1.3317999999999999,1.3321,150
2005-03-21 00:00:00,1.331,1.3317999999999999,1.314,1.3155000000000001,8923
2005-03-22 00:00:00,1.3155000000000001,1.3221,1.3054000000000001,1.3083,9660
2005-03-23 00:00:00,1.3082,1.309,1.296,1.2986,9587
2005-03-24 00:00:00,1.2987,1.3035,1.2932000000000001,1.2938,9268
2005-03-25 00:00:00,1.2939,1.2972000000000001,1.2928,1.2959,6711
2005-03-26 00:00:00,1.2959,1.2961,1.2955999999999999,1.2955999999999999,31
2005-03-28 00:00:00,1.2962,1.2964,1.2856,1.2885,8188
2005-03-29 00:00:00,1.2885,1.2957,1.2877,1.292,9300
2005-03-30 00:00:00,1.292,1.2987,1.2911000000000001,1.2918,9797
2005-03-31 00:00:00,1.2915,1.3021,1.291,1.2962,9627
2005-04-01 00:00:00,1.2962,1.306,1.287,1.291,9655
2005-04-02 00:00:00,1.2912,1.2913000000000001,1.2899,1.2908,307
2005-04-04 00:00:00,1.2885,1.2907,1.2819,1.2848,8820
2005-04-05 00:00:00,1.2848,1.2878,1.28,1.2873999999999999,9262
2005-04-06 00:00:00,1.2873,1.2912,1.2839,1.2872,9191
2005-04-07 00:00:00,1.2872,1.2942,1.2845,1.2857,9516
2005-04-08 00:00:00,1.2856,1.2934999999999999,1.2811,1.2933,9003
2005-04-09 00:00:00,1.2933,1.2942,1.2918,1.2918,156
2005-04-11 00:00:00,1.2926,1.3005,1.2907,1.2972000000000001,8738
2005-04-12 00:00:00,1.2972000000000001,1.3017,1.2863,1.2922,9724
2005-04-13 00:00:00,1.2921,1.2955999999999999,1.2849,1.2917,9436
2005-04-14 00:00:00,1.2917,1.2923,1.2767,1.2810000000000001,9628
2005-04-15 00:00:00,1.2809,1.2942,1.2778,1.2926,9756
2005-04-16 00:00:00,1.2927,1.2927,1.29,1.29,188
2005-04-18 00:00:00,1.2918,1.3046,1.2876,1.3024,9069
2005-04-19 00:00:00,1.3025,1.3081,1.2981,1.3064,11815
2005-04-20 00:00:00,1.3065,1.3106,1.2991,1.3089,11916
2005-04-21 00:00:00,1.3087,1.3127,1.3024,1.305,11868
2005-04-22 00:00:00,1.3051,1.3096,1.3021,1.3065,11330
2005-04-23 00:00:00,1.3065,1.3077,1.3058,1.3062,161
2005-04-25 00:00:00,1.3057,1.3063,1.2953999999999999,1.3002,11513
2005-04-26 00:00:00,1.3001,1.3017,1.2944,1.2986,11543
2005-04-27 00:00:00,1.2985,1.2997,1.2903,1.2931,12029
2005-04-28 00:00:00,1.293,1.2945,1.2881,1.2894,12196
2005-04-29 00:00:00,1.2894999999999999,1.2982,1.2852999999999999,1.2872,11635
2005-04-30 00:00:00,1.2873,1.2878,1.2866,1.2873999999999999,164
2005-05-02 00:00:00,1.2862,1.2878,1.2836,1.2864,9780
2005-05-03 00:00:00,1.2865,1.2915,1.2827,1.2875,11234
2005-05-04 00:00:00,1.2875,1.2977,1.2867,1.2946,12172
2005-05-05 00:00:00,1.2945,1.2993000000000001,1.2925,1.2955999999999999,11632
2005-05-06 00:00:00,1.2957,1.2969,1.2810000000000001,1.2816,11588
2005-05-07 00:00:00,1.2817,1.2839,1.2814,1.2838,160
2005-05-09 00:00:00,1.2816,1.2851,1.2789,1.2843,11314
2005-05-10 00:00:00,1.2845,1.2893,1.2814999999999999,1.2885,11709
2005-05-11 00:00:00,1.2883,1.2916,1.2777,1.2816,12314
2005-05-12 00:00:00,1.2814,1.2819,1.2684,1.2696,12402
2005-05-13 00:00:00,1.2695,1.2698,1.2610000000000001,1.2631000000000001,11840
2005-05-14 00:00:00,1.263,1.2634,1.2604,1.2614,175
2005-05-16 00:00:00,1.2625,1.2654,1.258,1.2648,11235
2005-05-17 00:00:00,1.2649,1.2667,1.2593,1.2609,11922
2005-05-18 00:00:00,1.2609,1.2692,1.2585,1.2684,11662
2005-05-19 00:00:00,1.2682,1.2694,1.2604,1.2642,11649
2005-05-20 00:00:00,1.2641,1.2658,1.2535,1.2565,11401
2005-05-21 00:00:00,1.2563,1.2565,1.2551,1.2551,145
2005-05-23 00:00:00,1.2543,1.26,1.2534,1.2581,10691
2005-05-24 00:00:00,1.258,1.2631999999999999,1.2556,1.2584,11633
2005-05-25 00:00:00,1.2586,1.2622,1.2551,1.2601,11560
2005-05-26 00:00:00,1.2603,1.2618,1.2493,1.251,11694
2005-05-27 00:00:00,1.2511,1.2591999999999999,1.2505,1.2583,10779
2005-05-28 00:00:00,1.2585,1.2593,1.2567,1.258,154
2005-05-30 00:00:00,1.2538,1.2549000000000001,1.2462,1.2475,9886
2005-05-31 00:00:00,1.2473,1.249,1.2294,1.2306,12621
2005-06-01 00:00:00,1.2304,1.2345,1.2158,1.2178,12599
2005-06-02 00:00:00,1.2178,1.2299,1.2177,1.2272,12427
2005-06-03 00:00:00,1.2272,1.2344,1.2203,1.2232,12634
2005-06-04 00:00:00,1.2233,1.224,1.2226,1.2232,175
2005-06-06 00:00:00,1.2227000000000001,1.2296,1.2218,1.2261,10934
2005-06-07 00:00:00,1.2259,1.2317,1.2236,1.2286,11334
2005-06-08 00:00:00,1.2286,1.2356,1.2206,1.2232,13410
2005-06-09 00:00:00,1.2227000000000001,1.226,1.2176,1.2231,13061
2005-06-10 00:00:00,1.2232,1.2252,1.2106,1.2115,13233
2005-06-11 00:00:00,1.2116,1.2125,1.2115,1.2122,187
2005-06-13 00:00:00,1.2109,1.2124,1.2028,1.2112,12883
2005-06-14 00:00:00,1.2112,1.2154,1.2021,1.203,12798
2005-06-15 00:00:00,1.2033,1.2135,1.2016,1.2116,13835
2005-06-16 00:00:00,1.2117,1.2171,1.2057,1.2107999999999999,13592
2005-06-17 00:00:00,1.2107,1.229,1.2091,1.2285,13247
2005-06-18 00:00:00,1.2287,1.2292,1.2282,1.2283,134
2005-06-20 00:00:00,1.2187999999999999,1.2244,1.2124,1.2152,11787
2005-06-21 00:00:00,1.215,1.219,1.2068,1.2184,13774
2005-06-22 00:00:00,1.2184,1.2209,1.2098,1.2127,13507
2005-06-23 00:00:00,1.2127,1.2146,1.2016,1.2043,13121
2005-06-24 00:00:00,1.2045,1.2111,1.1982,1.2094,12394
2005-06-25 00:00:00,1.2094,1.2106,1.2084,1.2095,262
2005-06-27 00:00:00,1.2099,1.2187999999999999,1.2093,1.2161,11785
2005-06-28 00:00:00,1.216,1.2179,1.2049,1.2052,12975
2005-06-29 00:00:00,1.2057,1.2114,1.2015,1.2069,13098
2005-06-30 00:00:00,1.2069,1.2124,1.2042,1.2106,13360
2005-07-01 00:00:00,1.2107,1.211,1.194,1.1954,12233
2005-07-02 00:00:00,1.1952,1.1964,1.1933,1.1937,202
2005-07-04 00:00:00,1.1932,1.1952,1.1885,1.1904,9678
2005-07-05 00:00:00,1.1903,1.1942,1.1865,1.1914,12302
2005-07-06 00:00:00,1.1913,1.1956,1.1892,1.1932,11606
2005-07-07 00:00:00,1.1931,1.2042,1.1908,1.1951,13222
2005-07-08 00:00:00,1.1951,1.1989,1.1872,1.1967,12353
2005-07-09 00:00:00,1.1967,1.1979,1.1962,1.1975,154
2005-07-11 00:00:00,1.1967,1.2091,1.1955,1.2074,12269
2005-07-12 00:00:00,1.2073,1.2259,1.2052,1.2242,14356
2005-07-13 00:00:00,1.224,1.2246,1.2073,1.2091,12955
2005-07-14 00:00:00,1.2092,1.2129,1.2056,1.2083,13256
2005-07-15 00:00:00,1.2084,1.2141,1.202,1.2038,12827
2005-07-16 00:00:00,1.2033,1.2045,1.2028,1.2043,180
2005-07-18 00:00:00,1.2024,1.2091,1.2023,1.2056,11176
2005-07-19 00:00:00,1.2055,1.2069,1.1952,1.2033,12358
2005-07-20 00:00:00,1.2034,1.219,1.1996,1.2143,13959
2005-07-21 00:00:00,1.2142,1.2257,1.2098,1.217,14345
2005-07-22 00:00:00,1.217,1.2193,1.2055,1.2058,13718
2005-07-23 00:00:00,1.2058,1.2073,1.2057,1.2058,200
2005-07-25 00:00:00,1.2053,1.2091,1.2027,1.206,11027
2005-07-26 00:00:00,1.2059,1.2072,1.198,1.2013,13103
2005-07-27 00:00:00,1.2013,1.2088,1.1963,1.207,12971
2005-07-28 00:00:00,1.2071,1.2152,1.2036,1.2135,12005
2005-07-29 00:00:00,1.2135,1.2163,1.2074,1.2123,13248
2005-07-30 00:00:00,1.2122,1.215,1.2117,1.2123,305
2005-08-01 00:00:00,1.2123,1.2246,1.2117,1.2179,11347
2005-08-02 00:00:00,1.2178,1.2256,1.2171,1.219,12912
2005-08-03 00:00:00,1.219,1.2347,1.2147999999999999,1.2336,12174
2005-08-04 00:00:00,1.2335,1.2405,1.2299,1.2385,12427
2005-08-05 00:00:00,1.2386,1.2398,1.2311,1.2355,13196
2005-08-06 00:00:00,1.2356,1.2376,1.2354,1.2376,236
2005-08-08 00:00:00,1.2337,1.2393,1.2314,1.2352,12050
2005-08-09 00:00:00,1.2349,1.2417,1.2328999999999999,1.2371,13016
2005-08-10 00:00:00,1.237,1.2428,1.2335,1.2377,13321
2005-08-11 00:00:00,1.2376,1.2478,1.2376,1.2472,13340
2005-08-12 00:00:00,1.2471,1.2489,1.2382,1.2435,12727
2005-08-13 00:00:00,1.2436,1.2444,1.2431,1.2438,107
2005-08-15 00:00:00,1.2454,1.246,1.2344,1.2368000000000001,11488
2005-08-16 00:00:00,1.237,1.2376,1.2295,1.2364,12828
2005-08-17 00:00:00,1.2364,1.2373,1.226,1.2272,13049
2005-08-18 00:00:00,1.2271,1.2298,1.2158,1.2176,11575
2005-08-19 00:00:00,1.2176,1.2197,1.2125,1.2155,11176
2005-08-20 00:00:00,1.2155,1.2158,1.2143,1.2153,123
2005-08-22 00:00:00,1.2168,1.2246,1.2155,1.2229,11166
2005-08-23 00:00:00,1.2227999999999999,1.2257,1.219,1.2236,11822
2005-08-24 00:00:00,1.223,1.2282,1.2161,1.2274,11539
2005-08-25 00:00:00,1.2273,1.2328999999999999,1.2256,1.2301,12119
2005-08-26 00:00:00,1.2302,1.2344,1.227,1.2285,12128
2005-08-27 00:00:00,1.2284,1.2293,1.2274,1.2281,97
2005-08-29 00:00:00,1.2284,1.2348,1.2215,1.2234,11387
2005-08-30 00:00:00,1.2233,1.2242,1.217,1.222,12433
2005-08-31 00:00:00,1.222,1.236,1.2187000000000001,1.2348,12681
2005-09-01 00:00:00,1.2348,1.2528000000000001,1.2324,1.2503,12789
2005-09-02 00:00:00,1.25,1.2591,1.2466,1.2532,12775
2005-09-03 00:00:00,1.2533,1.2536,1.2513,1.2515,157
2005-09-05 00:00:00,1.2534,1.2589000000000001,1.2511,1.254,11088
2005-09-06 00:00:00,1.2539,1.2548,1.2442,1.2468,13028
2005-09-07 00:00:00,1.2468,1.254,1.2405,1.2417,12511
2005-09-08 00:00:00,1.2416,1.2456,1.2383,1.2395,11988
2005-09-09 00:00:00,1.2395,1.2462,1.2374,1.2412,11739
2005-09-10 00:00:00,1.2411,1.2418,1.2406,1.2418,64
2005-09-12 00:00:00,1.2402,1.2417,1.227,1.2283,10977
2005-09-13 00:00:00,1.2284,1.232,1.2245,1.227,12456
2005-09-14 00:00:00,1.2272,1.2331,1.2256,1.2288000000000001,12461
2005-09-15 00:00:00,1.2288000000000001,1.2292,1.2193,1.2224,12218
2005-09-16 00:00:00,1.2224,1.2312,1.2199,1.2237,11527
2005-09-17 00:00:00,1.2237,1.2244,1.2229,1.2239,117
2005-09-19 00:00:00,1.2163,1.2177,1.2099,1.2139,10473
2005-09-20 00:00:00,1.2139,1.2192,1.211,1.2116,11514
2005-09-21 00:00:00,1.2115,1.2243,1.211,1.2218,12338
2005-09-22 00:00:00,1.2217,1.2274,1.2131,1.2153,12718
2005-09-23 00:00:00,1.2153,1.2172,1.2038,1.2039,10594
2005-09-24 00:00:00,1.2041,1.2044,1.2033,1.2034,118
2005-09-26 00:00:00,1.2025000000000001,1.2083,1.2009,1.2075,11355
2005-09-27 00:00:00,1.2074,1.2084,1.1978,1.2012,11827
2005-09-28 00:00:00,1.2013,1.2053,1.1991,1.2038,12005
2005-09-29 00:00:00,1.2037,1.2079,1.2005,1.2031,12220
2005-09-30 00:00:00,1.2032,1.2093,1.1995,1.2026,12064
2005-10-01 00:00:00,1.2026,1.2074,1.2021,1.2064,164
2005-10-03 00:00:00,1.202,1.2036,1.1901,1.1919,11260
2005-10-04 00:00:00,1.1917,1.1951,1.19,1.1919,12033
2005-10-05 00:00:00,1.1918,1.199,1.1914,1.1972,11810
2005-10-06 00:00:00,1.1971,1.2209,1.1971,1.2179,13244
2005-10-07 00:00:00,1.2179,1.2193,1.2091,1.2128,11796
2005-10-08 00:00:00,1.2128,1.2131,1.2118,1.2128,63
2005-10-10 00:00:00,1.2117,1.2156,1.2039,1.2069,9033
2005-10-11 00:00:00,1.2068,1.2073,1.1975,1.1992,9223
2005-10-12 00:00:00,1.1991,1.2056,1.1952,1.2025000000000001,9232
2005-10-13 00:00:00,1.2024,1.2041,1.1913,1.2024,9736
2005-10-14 00:00:00,1.2024,1.2111,1.1979,1.2077,10446
2005-10-15 00:00:00,1.2077,1.2082,1.2071,1.2074,52
2005-10-17 00:00:00,1.2078,1.2124,1.201,1.2026,12726
2005-10-18 00:00:00,1.2024,1.203,1.1915,1.1959,9773
2005-10-19 00:00:00,1.1958,1.2005,1.1875,1.1991,10323
2005-10-20 00:00:00,1.1993,1.2026,1.1948,1.2022,9939
2005-10-21 00:00:00,1.2023,1.2079,1.1927,1.1954,10083
2005-10-22 00:00:00,1.1952,1.1957,1.1944,1.1956,131
2005-10-24 00:00:00,1.1944,1.2022,1.1922,1.1988,8183
2005-10-25 00:00:00,1.1988,1.2119,1.1936,1.2106,9769
2005-10-26 00:00:00,1.2106,1.2138,1.2046999999999999,1.2067,9731
2005-10-27 00:00:00,1.2067,1.2174,1.2042,1.214,9930
2005-10-28 00:00:00,1.2141,1.2173,1.2048,1.207,9476
2005-10-29 00:00:00,1.207,1.2073,1.2062,1.2066,135
2005-10-31 00:00:00,1.2063,1.2092,1.1967,1.1993,8988
2005-11-01 00:00:00,1.1993,1.2033,1.1972,1.2019,9850
2005-11-02 00:00:00,1.2019,1.2085,1.1985999999999999,1.2073,9700
2005-11-03 00:00:00,1.2073,1.2083,1.1934,1.1945999999999999,9488
2005-11-04 00:00:00,1.1945000000000001,1.1997,1.18,1.1813,9582
2005-11-05 00:00:00,1.1812,1.1819,1.1804000000000001,1.181,146
2005-11-07 00:00:00,1.1804000000000001,1.1834,1.1775,1.1804000000000001,9041
2005-11-08 00:00:00,1.1804000000000001,1.1804999999999999,1.1709,1.1781,9511
2005-11-09 00:00:00,1.1781,1.1795,1.1717,1.1767,9359
2005-11-10 00:00:00,1.1764999999999999,1.1799,1.1675,1.1684,9786
2005-11-11 00:00:00,1.1685,1.1734,1.1671,1.1728,8562
2005-11-12 00:00:00,1.1728,1.174,1.1727,1.1738,131
2005-11-14 00:00:00,1.1718,1.1775,1.1659,1.1686,8927
2005-11-15 00:00:00,1.1686,1.1731,1.1638,1.172,9596
2005-11-16 00:00:00,1.1719,1.174,1.1645,1.1667,9550
2005-11-17 00:00:00,1.1669,1.1764999999999999,1.1643,1.1752,10020
2005-11-18 00:00:00,1.1752,1.1796,1.1663999999999999,1.1773,9867
2005-11-19 00:00:00,1.1773,1.1784,1.177,1.1771,224
2005-11-21 00:00:00,1.178,1.1839,1.1717,1.1724999999999999,9399
2005-11-22 00:00:00,1.1724,1.1828,1.1685,1.1815,9902
2005-11-23 00:00:00,1.1816,1.1869,1.1763,1.1824,10359
2005-11-24 00:00:00,1.1824,1.1827,1.177,1.1786,8501
2005-11-25 00:00:00,1.1785,1.1792,1.1708,1.1724,8560
2005-11-26 00:00:00,1.1724,1.1729,1.1719,1.1719,96
2005-11-28 00:00:00,1.1707,1.1904,1.168,1.1848,9421
2005-11-29 00:00:00,1.1849,1.1865,1.1737,1.1776,9987
2005-11-30 00:00:00,1.1778,1.1804999999999999,1.1753,1.1787,9461
2005-12-01 00:00:00,1.1787,1.1806,1.1689,1.1739,9599
2005-12-02 00:00:00,1.174,1.1754,1.166,1.1719,9532
2005-12-03 00:00:00,1.1717,1.1721,1.1705,1.171,141
2005-12-05 00:00:00,1.17,1.1821,1.1687,1.1789,9144
2005-12-06 00:00:00,1.1789,1.1808,1.1753,1.1781,9113
2005-12-07 00:00:00,1.1781,1.1804000000000001,1.1703000000000001,1.1724,8752
2005-12-08 00:00:00,1.1723,1.1853,1.1702,1.182,9647
2005-12-09 00:00:00,1.1818,1.1839,1.1766,1.1813,9370
2005-12-10 00:00:00,1.1815,1.1819,1.1809,1.1815,170
2005-12-12 00:00:00,1.1788,1.1984,1.1784,1.1954,9285
2005-12-13 00:00:00,1.1955,1.1989,1.1905000000000001,1.1944,9618
2005-12-14 00:00:00,1.1943,1.2064,1.1928,1.2002,10185
2005-12-15 00:00:00,1.2001,1.2041,1.1935,1.1981,9899
2005-12-16 00:00:00,1.1979,1.2029,1.1936,1.2014,9430
2005-12-17 00:00:00,1.2013,1.2025000000000001,1.2008,1.2015,173
2005-12-19 00:00:00,1.2025000000000001,1.204,1.1975,1.2006999999999999,8670
2005-12-20 00:00:00,1.2006000000000001,1.2015,1.1839,1.1861,9149
2005-12-21 00:00:00,1.1859,1.1914,1.1801,1.1838,9613
2005-12-22 00:00:00,1.1837,1.19,1.1809,1.1869,9013
2005-12-23 00:00:00,1.1869,1.1887,1.1829,1.1869,8459
2005-12-24 00:00:00,1.1868,1.1872,1.1862,1.1862,53
2005-12-26 00:00:00,1.186,1.1898,1.1832,1.1847,5629
2005-12-27 00:00:00,1.1844999999999999,1.1878,1.1826,1.1827,7324
2005-12-28 00:00:00,1.1826,1.1934,1.181,1.1832,8861
2005-12-29 00:00:00,1.1831,1.1883,1.1818,1.184,8695
2005-12-30 00:00:00,1.1839,1.189,1.1778,1.1848,8433
2005-12-31 00:00:00,1.1849,1.185,1.1837,1.1839,125
2006-01-02 00:00:00,1.1849,1.1869,1.1801,1.1823,5646
2006-01-03 00:00:00,1.1825,1.2033,1.181,1.2017,9381
2006-01-04 00:00:00,1.2018,1.2146,1.2004,1.2119,10138
2006-01-05 00:00:00,1.2118,1.2123,1.2065,1.2109,9581
2006-01-06 00:00:00,1.211,1.2182,1.2078,1.2153,9265
2006-01-07 00:00:00,1.2153,1.2154,1.2142,1.2143,240
2006-01-09 00:00:00,1.2143,1.2155,1.2051,1.2089,9235
2006-01-10 00:00:00,1.2086000000000001,1.2112,1.2036,1.2064,9979
2006-01-11 00:00:00,1.2064,1.2146,1.2043,1.2125,9469
2006-01-12 00:00:00,1.2124,1.2165,1.2006999999999999,1.2036,9782
2006-01-13 00:00:00,1.2036,1.2147000000000001,1.2025000000000001,1.2144,9536
2006-01-14 00:00:00,1.2143,1.215,1.2113,1.2115,167
2006-01-16 00:00:00,1.2153,1.2176,1.2104,1.2124,8485
2006-01-17 00:00:00,1.2124,1.2145,1.205,1.2106,9555
2006-01-18 00:00:00,1.2106,1.2161,1.2069,1.2115,9760
2006-01-19 00:00:00,1.2114,1.2127,1.2053,1.2098,9397
2006-01-20 00:00:00,1.2098,1.2143,1.204,1.2136,9265
2006-01-21 00:00:00,1.2137,1.2138,1.2132,1.2136,93
2006-01-23 00:00:00,1.2143,1.2314,1.2141,1.2305,10107
2006-01-24 00:00:00,1.2304,1.2323,1.2256,1.2281,9680
2006-01-25 00:00:00,1.228,1.2324,1.2234,1.2242,10141
2006-01-26 00:00:00,1.2242,1.2273,1.2198,1.2205,9966
2006-01-27 00:00:00,1.2206,1.2238,1.2086000000000001,1.2094,9790
2006-01-28 00:00:00,1.2093,1.21,1.2086999999999999,1.2097,225
2006-01-30 00:00:00,1.2104,1.2116,1.2063,1.2091,8707
2006-01-31 00:00:00,1.209,1.2191,1.2078,1.2157,9495
2006-02-01 00:00:00,1.2158,1.2167,1.2046999999999999,1.2067,9201
2006-02-02 00:00:00,1.2067,1.2109,1.2031,1.2094,9382
2006-02-03 00:00:00,1.2093,1.2113,1.1967,1.2025000000000001,9283
2006-02-04 00:00:00,1.2025000000000001,1.2029,1.2016,1.2025000000000001,114
2006-02-06 00:00:00,1.2033,1.205,1.1944,1.1967,8859
2006-02-07 00:00:00,1.1967,1.2017,1.1942,1.1981,9008
2006-02-08 00:00:00,1.1985000000000001,1.1996,1.1923,1.1962,8888
2006-02-09 00:00:00,1.1962,1.1996,1.1944,1.198,8783
2006-02-10 00:00:00,1.198,1.2028,1.1892,1.1904,9511
2006-02-11 00:00:00,1.1903,1.191,1.1898,1.1908,74
2006-02-13 00:00:00,1.1895,1.1922,1.1877,1.1896,8786
2006-02-14 00:00:00,1.1897,1.1927,1.1859,1.1917,8952
2006-02-15 00:00:00,1.1916,1.1955,1.187,1.1889,9075
2006-02-16 00:00:00,1.1888,1.1911,1.1848,1.1905000000000001,8869
2006-02-17 00:00:00,1.1905000000000001,1.1945000000000001,1.1857,1.1936,9329
2006-02-18 00:00:00,1.1937,1.1941,1.1926,1.1932,157
2006-02-20 00:00:00,1.1925,1.1977,1.1923,1.1939,7809
2006-02-21 00:00:00,1.1937,1.1944,1.189,1.1914,8416
2006-02-22 00:00:00,1.1912,1.1932,1.1864,1.1911,8683
2006-02-23 00:00:00,1.1912,1.1974,1.1893,1.1918,9291
2006-02-24 00:00:00,1.192,1.1935,1.1863,1.1876,8847
2006-02-25 00:00:00,1.1877,1.1888,1.187,1.1872,129
2006-02-27 00:00:00,1.1865999999999999,1.188,1.1825,1.1847,8730
2006-02-28 00:00:00,1.1844999999999999,1.1943,1.1833,1.1925,8919
2006-03-01 00:00:00,1.1923,1.1977,1.189,1.1918,9231
2006-03-02 00:00:00,1.1918,1.2048,1.1912,1.2039,9617
2006-03-03 00:00:00,1.2039,1.2055,1.1995,1.2043,8845
2006-03-04 00:00:00,1.2042,1.2046999999999999,1.2037,1.2037,100
2006-03-06 00:00:00,1.205,1.2095,1.1989,1.2017,8869
2006-03-07 00:00:00,1.2018,1.2024,1.1868,1.1887,10136
2006-03-08 00:00:00,1.1886,1.1943,1.1872,1.1926,9523
2006-03-09 00:00:00,1.1927,1.1954,1.1903,1.1909,9466
2006-03-10 00:00:00,1.1911,1.1931,1.1859,1.191,9424
2006-03-11 00:00:00,1.191,1.1916,1.1908,1.1916,42
2006-03-13 00:00:00,1.1913,1.1971,1.1911,1.1962,8989
2006-03-14 00:00:00,1.1963,1.2034,1.1939,1.2011,10397
2006-03-15 00:00:00,1.2012,1.2076,1.2005,1.207,10018
2006-03-16 00:00:00,1.2069,1.2192,1.2034,1.2183,10411
2006-03-17 00:00:00,1.2181,1.2209,1.214,1.219,9839
2006-03-18 00:00:00,1.2189,1.2193,1.2181,1.219,40
2006-03-20 00:00:00,1.2176,1.2199,1.2145,1.2162,9498
2006-03-21 00:00:00,1.2163,1.217,1.2075,1.2096,10352
2006-03-22 00:00:00,1.2095,1.2116,1.2064,1.2077,9716
2006-03-23 00:00:00,1.2077,1.2084,1.1954,1.1968,9820
2006-03-24 00:00:00,1.197,1.2049,1.1951,1.2038,9353
2006-03-25 00:00:00,1.2037,1.2041,1.2034,1.204,39
2006-03-27 00:00:00,1.2039,1.2064,1.2003,1.201,9358
2006-03-28 00:00:00,1.2009,1.211,1.1991,1.2008,10272
2006-03-29 00:00:00,1.2008,1.2051,1.198,1.2033,9338
2006-03-30 00:00:00,1.2032,1.2169,1.202,1.2162,10598
2006-03-31 00:00:00,1.2161,1.2178,1.2082,1.2117,10785
2006-04-01 00:00:00,1.2118,1.2121,1.211,1.2116,288
2006-04-03 00:00:00,1.2119,1.2151,1.2031,1.2139,9908
2006-04-04 00:00:00,1.2139,1.2279,1.2119,1.2256,9996
2006-04-05 00:00:00,1.2257,1.2308,1.2242,1.2288999999999999,10722
2006-04-06 00:00:00,1.2288999999999999,1.2335,1.2196,1.2227999999999999,10886
2006-04-07 00:00:00,1.2226,1.2235,1.209,1.2094,10738
2006-04-08 00:00:00,1.2093,1.2096,1.2088,1.2093,121
2006-04-10 00:00:00,1.2106,1.2132,1.2075,1.2111,9350
2006-04-11 00:00:00,1.2111,1.2156,1.209,1.2142,9790
2006-04-12 00:00:00,1.2144,1.217,1.2065,1.2104,9264
2006-04-13 00:00:00,1.2105,1.2135,1.2069,1.2111,9637
2006-04-14 00:00:00,1.2111,1.212,1.2093,1.2113,7254
2006-04-15 00:00:00,1.2109,1.2113,1.2109,1.2111,17
2006-04-17 00:00:00,1.2122,1.2288999999999999,1.2119,1.2251,8696
2006-04-18 00:00:00,1.2252,1.2362,1.2223,1.2343,9964
2006-04-19 00:00:00,1.2344,1.2396,1.2284,1.2383,10875
2006-04-20 00:00:00,1.2382,1.2386,1.2286,1.2315,10027
2006-04-21 00:00:00,1.2316,1.2363,1.2268,1.2343,9985
2006-04-22 00:00:00,1.2342,1.2351,1.2332,1.234,153
2006-04-24 00:00:00,1.2371,1.2418,1.2333,1.2393,10012
2006-04-25 00:00:00,1.2391,1.2442,1.2366,1.2431,10483
2006-04-26 00:00:00,1.2432,1.2473,1.2385,1.2453,10641
2006-04-27 00:00:00,1.2452,1.255,1.2403,1.2534,9944
2006-04-28 00:00:00,1.2535,1.2643,1.252,1.2634,10158
2006-04-29 00:00:00,1.2635,1.2641,1.2622,1.2635,167
2006-05-01 00:00:00,1.2629000000000001,1.2692999999999999,1.2555,1.2587,8785
2006-05-02 00:00:00,1.2586,1.2669000000000001,1.2557,1.2615,10416
2006-05-03 00:00:00,1.2615,1.2671999999999999,1.259,1.2631999999999999,10446
2006-05-04 00:00:00,1.2634,1.2726,1.2570999999999999,1.2692,10349
2006-05-05 00:00:00,1.2692,1.2766,1.2671999999999999,1.2727,10375
2006-05-06 00:00:00,1.2728,1.2731,1.2718,1.2727,52
2006-05-08 00:00:00,1.2744,1.279,1.2692,1.2711000000000001,9873
2006-05-09 00:00:00,1.2711999999999999,1.2785,1.266,1.2761,9726
2006-05-10 00:00:00,1.276,1.2836,1.275,1.2783,10154
2006-05-11 00:00:00,1.2783,1.2876,1.2684,1.2837,10064
2006-05-12 00:00:00,1.2837,1.296,1.2829,1.2924,10633
2006-05-13 00:00:00,1.2924,1.2942,1.2924,1.2926,177
2006-05-15 00:00:00,1.2947,1.2973,1.2778,1.279,9719
2006-05-16 00:00:00,1.2792,1.287,1.2769,1.2858,10169
2006-05-17 00:00:00,1.2857,1.2921,1.2701,1.2745,10540
2006-05-18 00:00:00,1.2744,1.2862,1.2721,1.2846,10084
2006-05-19 00:00:00,1.2846,1.2876,1.2692,1.2778,10257
2006-05-20 00:00:00,1.2779,1.278,1.2753,1.2771,217
2006-05-22 00:00:00,1.2763,1.2888,1.2694,1.2867,9417
2006-05-23 00:00:00,1.2866,1.288,1.2806,1.2814999999999999,10097
2006-05-24 00:00:00,1.2816,1.2894999999999999,1.2728,1.2756,11041
2006-05-25 00:00:00,1.2753999999999999,1.282,1.2748,1.2803,9843
2006-05-26 00:00:00,1.2804,1.2836,1.27,1.2737,10113
2006-05-27 00:00:00,1.2737,1.2743,1.2732,1.2737,87
2006-05-29 00:00:00,1.2732,1.2771,1.2718,1.2752,8571
2006-05-30 00:00:00,1.2752,1.2911000000000001,1.274,1.2872,10611
2006-05-31 00:00:00,1.2871000000000001,1.2905,1.2803,1.2810000000000001,10627
2006-06-01 00:00:00,1.2809,1.2826,1.2722,1.2805,10577
2006-06-02 00:00:00,1.2803,1.2941,1.2793999999999999,1.2918,10116
2006-06-03 00:00:00,1.2918,1.2923,1.2913000000000001,1.2922,143
2006-06-05 00:00:00,1.2927,1.2981,1.29,1.2907,9925
2006-06-06 00:00:00,1.2908,1.2937,1.2808,1.2831000000000001,10224
2006-06-07 00:00:00,1.2833999999999999,1.2839,1.2759,1.2784,9852
2006-06-08 00:00:00,1.2785,1.2810000000000001,1.2625,1.2650000000000001,10973
2006-06-09 00:00:00,1.2651,1.2686,1.2597,1.264,10435
2006-06-10 00:00:00,1.2639,1.2651,1.2634,1.2642,111
2006-06-12 00:00:00,1.2615,1.2654,1.2565,1.2587,8578
2006-06-13 00:00:00,1.2587,1.2621,1.2530000000000001,1.2536,9956
2006-06-14 00:00:00,1.2536,1.2650000000000001,1.2532,1.2597,10533
2006-06-15 00:00:00,1.2598,1.2661,1.2579,1.2636,10165
2006-06-16 00:00:00,1.2635,1.2676,1.2617,1.2642,9552
2006-06-17 00:00:00,1.2641,1.2650000000000001,1.2633,1.2647,142
2006-06-19 00:00:00,1.2649,1.2654,1.2551999999999999,1.2575,9155
2006-06-20 00:00:00,1.2574,1.262,1.2538,1.258,9574
2006-06-21 00:00:00,1.258,1.2682,1.2575,1.2661,9190
2006-06-22 00:00:00,1.266,1.2682,1.255,1.2578,9517
2006-06-23 00:00:00,1.2579,1.259,1.2478,1.2504,9504
2006-06-24 00:00:00,1.2504,1.2525,1.2498,1.251,161
2006-06-26 00:00:00,1.2506,1.2606,1.2501,1.2583,9549
2006-06-27 00:00:00,1.2582,1.262,1.2561,1.2579,10031
2006-06-28 00:00:00,1.2577,1.2589000000000001,1.2514,1.2557,8932
2006-06-29 00:00:00,1.2558,1.267,1.2519,1.2664,9921
2006-06-30 00:00:00,1.2666,1.2796,1.2654,1.2793,10191
2006-07-01 00:00:00,1.2792,1.2799,1.2772999999999999,1.279,114
2006-07-03 00:00:00,1.2788,1.2824,1.276,1.2803,8943
2006-07-04 00:00:00,1.2803,1.2826,1.2786,1.2797,9250
2006-07-05 00:00:00,1.2796,1.2841,1.2705,1.2725,10237
2006-07-06 00:00:00,1.2726,1.2785,1.2715,1.278,9873
2006-07-07 00:00:00,1.278,1.2864,1.2765,1.2811,9854
2006-07-08 00:00:00,1.2811,1.2812999999999999,1.2798,1.2810000000000001,77
2006-07-10 00:00:00,1.2812999999999999,1.282,1.2718,1.2730000000000001,9221
2006-07-11 00:00:00,1.2730000000000001,1.2781,1.2705,1.2776,10064
2006-07-12 00:00:00,1.2776,1.2781,1.2674,1.2704,9918
2006-07-13 00:00:00,1.2703,1.2732999999999999,1.2662,1.2692999999999999,9425
2006-07-14 00:00:00,1.2694,1.27,1.2626,1.2649,9440
2006-07-15 00:00:00,1.2650000000000001,1.2655,1.2643,1.2650000000000001,67
2006-07-17 00:00:00,1.2638,1.2647,1.2509000000000001,1.2518,8762
2006-07-18 00:00:00,1.2518,1.2561,1.2473,1.2506,9681
2006-07-19 00:00:00,1.2506,1.2612,1.2457,1.2587,10147
2006-07-20 00:00:00,1.2587,1.2656,1.2584,1.2629000000000001,10005
2006-07-21 00:00:00,1.2629000000000001,1.2699,1.2619,1.2694,9800
2006-07-22 00:00:00,1.2694,1.2708,1.2687,1.27,217
2006-07-24 00:00:00,1.2704,1.2708,1.2610000000000001,1.2634,8788
2006-07-25 00:00:00,1.2634,1.2677,1.2562,1.2578,9653
2006-07-26 00:00:00,1.2583,1.2719,1.2559,1.2716,9523
2006-07-27 00:00:00,1.2717,1.2775,1.268,1.2699,9582
2006-07-28 00:00:00,1.2698,1.2771,1.2659,1.2762,9644
2006-07-29 00:00:00,1.2762,1.2774,1.2759,1.2762,94
2006-07-31 00:00:00,1.2765,1.2786,1.2739,1.2767,8906
2006-08-01 00:00:00,1.2768,1.2833,1.272,1.2829,9501
2006-08-02 00:00:00,1.2828,1.2838,1.2775,1.2787,9497
2006-08-03 00:00:00,1.2787,1.2836,1.2741,1.2803,9533
2006-08-04 00:00:00,1.2802,1.2912,1.2776,1.2873999999999999,9747
2006-08-05 00:00:00,1.2873999999999999,1.2878,1.2867,1.2873999999999999,172
2006-08-07 00:00:00,1.2884,1.2894999999999999,1.2829,1.2841,9048
2006-08-08 00:00:00,1.2841,1.2894,1.2806,1.2835,9871
2006-08-09 00:00:00,1.2835,1.2905,1.2764,1.2863,9720
2006-08-10 00:00:00,1.2863,1.2915,1.2746,1.2793999999999999,10147
2006-08-11 00:00:00,1.2795,1.2802,1.2715,1.2723,9827
2006-08-12 00:00:00,1.2723,1.2727,1.2719,1.2721,139
2006-08-14 00:00:00,1.2711999999999999,1.2764,1.2707,1.2711999999999999,8583
2006-08-15 00:00:00,1.271,1.2807,1.2694,1.2788,9437
2006-08-16 00:00:00,1.2788,1.2867,1.2768,1.2841,9160
2006-08-17 00:00:00,1.2842,1.289,1.2812999999999999,1.2826,9306
2006-08-18 00:00:00,1.2825,1.2848,1.2781,1.2827,9103
2006-08-19 00:00:00,1.2826,1.2835,1.2823,1.2825,83
2006-08-21 00:00:00,1.2827,1.2942,1.2825,1.2893,8963
2006-08-22 00:00:00,1.2892000000000001,1.2899,1.2782,1.2802,9683
2006-08-23 00:00:00,1.2802,1.2854,1.2774,1.2785,9530
2006-08-24 00:00:00,1.2787,1.2841,1.2752,1.2764,9751
2006-08-25 00:00:00,1.2764,1.2785,1.2723,1.2753999999999999,9501
2006-08-26 00:00:00,1.2753999999999999,1.2761,1.2743,1.2753999999999999,189
2006-08-28 00:00:00,1.2761,1.2823,1.2753999999999999,1.278,8429
2006-08-29 00:00:00,1.2778,1.2841,1.2749,1.2824,9551
2006-08-30 00:00:00,1.2824,1.2854999999999999,1.2812000000000001,1.2832,9851
2006-08-31 00:00:00,1.2833999999999999,1.2881,1.2785,1.2814999999999999,10068
2006-09-01 00:00:00,1.2814,1.285,1.2755,1.2837,9650
2006-09-02 00:00:00,1.2838,1.2843,1.2827,1.2836,175
2006-09-04 00:00:00,1.2846,1.2877,1.2838,1.2873,7886
2006-09-05 00:00:00,1.2873,1.2877,1.2795,1.2817,8996
2006-09-06 00:00:00,1.2814999999999999,1.2836,1.2769,1.2805,9162
2006-09-07 00:00:00,1.2805,1.2835,1.2706,1.2731,9881
2006-09-08 00:00:00,1.2732999999999999,1.2746,1.2650000000000001,1.2675,10226
2006-09-09 00:00:00,1.2674,1.2688,1.2668,1.2674,223
2006-09-11 00:00:00,1.2666,1.2745,1.2648,1.2703,8460
2006-09-12 00:00:00,1.2702,1.2735,1.2671000000000001,1.2687,9381
2006-09-13 00:00:00,1.2691,1.2719,1.2664,1.2691,9193
2006-09-14 00:00:00,1.2691,1.2756,1.2675,1.2723,9144
2006-09-15 00:00:00,1.2723,1.274,1.263,1.2666,9558
2006-09-16 00:00:00,1.2666,1.2671999999999999,1.2651,1.2659,109
2006-09-18 00:00:00,1.2637,1.2711999999999999,1.2629000000000001,1.2707,8465
2006-09-19 00:00:00,1.2706,1.2726,1.2650000000000001,1.2677,10838
2006-09-20 00:00:00,1.2678,1.2727,1.2665,1.2686,10793
2006-09-21 00:00:00,1.2685,1.2798,1.2682,1.2779,11314
2006-09-22 00:00:00,1.2781,1.283,1.2776,1.2783,11139
2006-09-25 00:00:00,1.2789,1.2819,1.2731,1.2745,9687
2006-09-26 00:00:00,1.2746,1.2761,1.2662,1.2690000000000001,10641
2006-09-27 00:00:00,1.2689,1.2717,1.267,1.27,10604
2006-09-28 00:00:00,1.2701,1.2732,1.2678,1.2703,10885
2006-09-29 00:00:00,1.2702,1.2713999999999999,1.2639,1.2673,10862
2006-10-02 00:00:00,1.2683,1.2761,1.2662,1.2737,9434
2006-10-03 00:00:00,1.2734,1.2764,1.2719,1.2732,9096
2006-10-04 00:00:00,1.2731,1.2738,1.2668,1.2715,9920
2006-10-05 00:00:00,1.2709,1.2725,1.2671000000000001,1.2692999999999999,8303
2006-10-06 00:00:00,1.2689,1.2713999999999999,1.2574,1.2599,6558
2006-10-09 00:00:00,1.2588,1.2612,1.2584,1.2595,4630
2006-10-10 00:00:00,1.2596,1.2612,1.2517,1.2536,6379
2006-10-11 00:00:00,1.2535,1.2556,1.2502,1.2513,6586
2006-10-12 00:00:00,1.2514,1.2563,1.2511999999999999,1.2551999999999999,6127
2006-10-13 00:00:00,1.2553,1.2577,1.2483,1.2511999999999999,6139
2006-10-16 00:00:00,1.2501,1.2536,1.2488,1.2530999999999999,5104
2006-10-17 00:00:00,1.2532,1.2564,1.2508,1.2543,6741
2006-10-18 00:00:00,1.2542,1.2557,1.2502,1.2532,6077
2006-10-19 00:00:00,1.2530999999999999,1.2641,1.2527,1.2623,6333
2006-10-20 00:00:00,1.2624,1.264,1.2596,1.2616,6008
2006-10-23 00:00:00,1.2615,1.2621,1.2535,1.255,5589
2006-10-24 00:00:00,1.2551,1.2575,1.2524,1.2556,5637
2006-10-25 00:00:00,1.2555,1.2621,1.2551,1.2601,6296
2006-10-26 00:00:00,1.2603,1.2701,1.2598,1.2692,6988
2006-10-27 00:00:00,1.2691,1.2749,1.2662,1.274,7433
2006-10-30 00:00:00,1.2730000000000001,1.2734,1.2698,1.2723,5782
2006-10-31 00:00:00,1.2724,1.2782,1.2677,1.276,7330
2006-11-01 00:00:00,1.2761,1.2797,1.2742,1.2755,5828
2006-11-02 00:00:00,1.2756,1.2784,1.2736,1.2778,6476
2006-11-03 00:00:00,1.2777,1.2782,1.2681,1.2716,6874
2006-11-06 00:00:00,1.2717,1.2724,1.2689,1.2722,4991
2006-11-07 00:00:00,1.2723,1.2817,1.2719,1.2775,6708
2006-11-08 00:00:00,1.2774,1.2806,1.2745,1.2755,6538
2006-11-09 00:00:00,1.2756,1.2847,1.2749,1.2827,7344
2006-11-10 00:00:00,1.2826,1.2899,1.2826,1.284,7606
2006-11-13 00:00:00,1.2851,1.2878,1.2795,1.2803,9937
2006-11-14 00:00:00,1.2805,1.2869,1.2789,1.2809,7917
2006-11-15 00:00:00,1.2808,1.2833,1.2772000000000001,1.2826,6793
2006-11-16 00:00:00,1.2827,1.2839,1.2783,1.2795,7128
2006-11-17 00:00:00,1.2796,1.2844,1.2761,1.2828,6946
2006-11-20 00:00:00,1.2825,1.285,1.2804,1.2814,5701
2006-11-21 00:00:00,1.2814999999999999,1.2852999999999999,1.2797,1.2843,5954
2006-11-22 00:00:00,1.2842,1.2955999999999999,1.2836,1.2941,7668
2006-11-23 00:00:00,1.2943,1.2974,1.2927,1.2943,6234
2006-11-24 00:00:00,1.2945,1.3109,1.2942,1.3093,8358
2006-11-27 00:00:00,1.3155999999999999,1.3161,1.3086,1.3132,8765
2006-11-28 00:00:00,1.3133,1.3208,1.3118,1.3197999999999999,10140
2006-11-29 00:00:00,1.3197,1.3216999999999999,1.3131,1.3153000000000001,8874
2006-11-30 00:00:00,1.3152,1.3273,1.314,1.3241,8772
2006-12-01 00:00:00,1.324,1.3347,1.3219,1.3336000000000001,9106
2006-12-04 00:00:00,1.3362,1.3363,1.3281,1.3342,8091
2006-12-05 00:00:00,1.3341,1.3361,1.3286,1.3315000000000001,9534
2006-12-06 00:00:00,1.3316,1.334,1.3254000000000001,1.3286,8618
2006-12-07 00:00:00,1.3285,1.3323,1.3275000000000001,1.3285,7881
2006-12-08 00:00:00,1.3286,1.3364,1.3189,1.3201,9857
2006-12-09 00:00:00,1.3202,1.3202,1.3202,1.3202,1
2006-12-11 00:00:00,1.3182,1.3261,1.313,1.3235000000000001,8609
2006-12-12 00:00:00,1.3235999999999999,1.3291,1.3212,1.3283,9138
2006-12-13 00:00:00,1.3284,1.3287,1.319,1.3212,8257
2006-12-14 00:00:00,1.3211,1.3252,1.314,1.3142,9057
2006-12-15 00:00:00,1.3143,1.3186,1.3059,1.3079,10076
2006-12-18 00:00:00,1.3082,1.3117,1.3051,1.3096,7087
2006-12-19 00:00:00,1.3094999999999999,1.3214000000000001,1.3082,1.3195999999999999,9224
2006-12-20 00:00:00,1.3197,1.3244,1.3159,1.3171,8145
2006-12-21 00:00:00,1.317,1.3212,1.314,1.3175,7852
2006-12-22 00:00:00,1.3174000000000001,1.3211,1.3107,1.3128,7029
2006-12-26 00:00:00,1.3138,1.314,1.3087,1.3094000000000001,15289
2006-12-27 00:00:00,1.3092,1.3176999999999999,1.3092,1.3112,7729
2006-12-28 00:00:00,1.3114,1.3201,1.3103,1.315,8607
2006-12-29 00:00:00,1.3148,1.3205,1.3134000000000001,1.3197999999999999,8552
2007-01-01 00:00:00,1.3189,1.3189,1.3189,1.3189,1
2007-01-02 00:00:00,1.3205,1.3296000000000001,1.3201,1.3272,9090
2007-01-03 00:00:00,1.3271,1.3289,1.3146,1.3169,9163
2007-01-04 00:00:00,1.3168,1.3179,1.3075,1.3082,9263
2007-01-05 00:00:00,1.3083,1.3104,1.298,1.3001,9257
2007-01-08 00:00:00,1.301,1.3035,1.2971,1.3019,7499
2007-01-09 00:00:00,1.302,1.3051,1.2985,1.2999,7940
2007-01-10 00:00:00,1.3,1.3003,1.2929,1.2936,8880
2007-01-11 00:00:00,1.2938,1.3014000000000001,1.2881,1.2891,8856
2007-01-12 00:00:00,1.289,1.2944,1.2865,1.2922,8972
2007-01-15 00:00:00,1.2927,1.2955,1.2913999999999999,1.2936,5941
2007-01-16 00:00:00,1.2938,1.2988,1.2907,1.2917,8522
2007-01-17 00:00:00,1.2916,1.2949,1.2896,1.2936,8064
2007-01-18 00:00:00,1.2937,1.2974999999999999,1.2894999999999999,1.2961,9087
2007-01-19 00:00:00,1.2962,1.2999,1.2912,1.296,7497
2007-01-22 00:00:00,1.2955999999999999,1.2978,1.2921,1.2948,6376
2007-01-23 00:00:00,1.2947,1.3042,1.2927,1.3024,8404
2007-01-24 00:00:00,1.3025,1.3035999999999999,1.2946,1.2968,9100
2007-01-25 00:00:00,1.2967,1.3,1.2913000000000001,1.2928,9131
2007-01-26 00:00:00,1.2927,1.2943,1.2876,1.2913999999999999,8767
2007-01-29 00:00:00,1.2921,1.2965,1.2896,1.2953999999999999,5108
2007-01-30 00:00:00,1.2955,1.298,1.2942,1.2968,6228
2007-01-31 00:00:00,1.2969,1.3035999999999999,1.2923,1.303,7932
2007-02-01 00:00:00,1.3031,1.3054999999999999,1.3001,1.3019,7024
2007-02-02 00:00:00,1.302,1.3062,1.2949,1.2959,6272
2007-02-05 00:00:00,1.2955,1.2964,1.2912,1.2926,5769
2007-02-06 00:00:00,1.2927,1.2988,1.2911000000000001,1.2982,5467
2007-02-07 00:00:00,1.2983,1.3022,1.2971,1.3008,5183
2007-02-08 00:00:00,1.3009,1.3042,1.2973,1.304,6215
2007-02-09 00:00:00,1.3039,1.3045,1.2982,1.3006,5828
2007-02-12 00:00:00,1.3014999999999999,1.3034,1.2939,1.2964,4703
2007-02-13 00:00:00,1.2963,1.3042,1.2953000000000001,1.3035999999999999,5845
2007-02-14 00:00:00,1.3039,1.3149,1.3022,1.3129,7033
2007-02-15 00:00:00,1.313,1.3171,1.3117,1.3139,7699
2007-02-16 00:00:00,1.3141,1.3143,1.3092,1.3136,6254
2007-02-19 00:00:00,1.3154,1.3159,1.3121,1.3154,3760
2007-02-20 00:00:00,1.3155000000000001,1.3187,1.3128,1.3136,5534
2007-02-21 00:00:00,1.3135,1.3164,1.311,1.3136999999999999,6562
2007-02-22 00:00:00,1.3138,1.3143,1.3079,1.3123,5723
2007-02-23 00:00:00,1.3124,1.3185,1.3101,1.3167,5023
2007-02-26 00:00:00,1.3189,1.3195999999999999,1.3149,1.3186,4225
2007-02-27 00:00:00,1.3185,1.3258,1.3159,1.3242,7712
2007-02-28 00:00:00,1.3241,1.3241,1.318,1.3227,8749
2007-03-01 00:00:00,1.3228,1.3237999999999999,1.3153000000000001,1.3184,8475
2007-03-02 00:00:00,1.3183,1.3201,1.3141,1.319,7329
2007-03-05 00:00:00,1.3209,1.321,1.307,1.3087,9587
2007-03-06 00:00:00,1.3088,1.313,1.3079,1.3127,7129
2007-03-07 00:00:00,1.3126,1.3185,1.3109,1.3176,6081
2007-03-08 00:00:00,1.3175,1.3181,1.3115999999999999,1.3133,6684
2007-03-09 00:00:00,1.3132,1.3159,1.3086,1.3115999999999999,5854
2007-03-12 00:00:00,1.3117,1.32,1.3109,1.3192,5463
2007-03-13 00:00:00,1.3193,1.3221,1.3155000000000001,1.3194,6211
2007-03-14 00:00:00,1.3195000000000001,1.3244,1.3175,1.3216,6919
2007-03-15 00:00:00,1.3215,1.3251,1.3193,1.3237,6465
2007-03-16 00:00:00,1.3237999999999999,1.3338,1.3234,1.3316,7933
2007-03-19 00:00:00,1.3317999999999999,1.3324,1.328,1.3301,5248
2007-03-20 00:00:00,1.3302,1.3322,1.3268,1.3322,6589
2007-03-21 00:00:00,1.3323,1.3389,1.3288,1.3386,5939
2007-03-22 00:00:00,1.3385,1.341,1.331,1.3329,6887
2007-03-23 00:00:00,1.333,1.3342,1.3281,1.3282,6466
2007-03-26 00:00:00,1.3288,1.3346,1.3253,1.3331,6001
2007-03-27 00:00:00,1.3332,1.3363,1.3323,1.335,5962
2007-03-28 00:00:00,1.3351,1.3372,1.3308,1.3312,8253
2007-03-29 00:00:00,1.3313,1.3353,1.3301,1.333,5316
2007-03-30 00:00:00,1.3331,1.3399,1.3287,1.3354,7900
2007-04-02 00:00:00,1.3372,1.3382,1.3331,1.3365,5035
2007-04-03 00:00:00,1.3367,1.338,1.3317999999999999,1.333,4423
2007-04-04 00:00:00,1.3331,1.338,1.3319,1.3366,5319
2007-04-05 00:00:00,1.3367,1.3439,1.3353,1.3429,4884
2007-04-06 00:00:00,1.3428,1.3432,1.3364,1.3378,3137
2007-04-09 00:00:00,1.3375,1.3381,1.3338999999999999,1.3353,2671
2007-04-10 00:00:00,1.3356,1.3453,1.3349,1.3439,5211
2007-04-11 00:00:00,1.3437999999999999,1.3441,1.3406,1.3431,4710
2007-04-12 00:00:00,1.343,1.3505,1.3428,1.3482,5814
2007-04-13 00:00:00,1.3479999999999999,1.3552,1.3479999999999999,1.3527,7282
2007-04-16 00:00:00,1.3566,1.3576,1.3531,1.3535,4917
2007-04-17 00:00:00,1.3534,1.3594,1.3525,1.3565,6478
2007-04-18 00:00:00,1.3566,1.3615,1.3555,1.3608,5918
2007-04-19 00:00:00,1.3607,1.3618999999999999,1.3559999999999999,1.3612,7100
2007-04-20 00:00:00,1.3611,1.3636,1.3585,1.359,4969
2007-04-23 00:00:00,1.3604,1.3608,1.3541,1.3575,4573
2007-04-24 00:00:00,1.3576,1.3643,1.3547,1.3638,5669
2007-04-25 00:00:00,1.3639000000000001,1.3665,1.3620999999999999,1.3637000000000001,7004
2007-04-26 00:00:00,1.3636,1.3653,1.3584,1.3599999999999999,6531
2007-04-27 00:00:00,1.3601,1.3681,1.3585,1.3651,6067
2007-04-30 00:00:00,1.3636,1.3678,1.3589,1.3648,5467
2007-05-01 00:00:00,1.3647,1.3671,1.359,1.3604,5779
2007-05-02 00:00:00,1.3605,1.3612,1.3559999999999999,1.3591,6590
2007-05-03 00:00:00,1.3593,1.3622,1.3546,1.3549,4800
2007-05-04 00:00:00,1.3551,1.3609,1.3535,1.3591,5169
2007-05-07 00:00:00,1.3598,1.3627,1.359,1.3601,3404
2007-05-08 00:00:00,1.3599999999999999,1.362,1.3515,1.3542,5201
2007-05-09 00:00:00,1.3543,1.3564,1.3519,1.3527,4349
2007-05-10 00:00:00,1.3528,1.3563,1.3464,1.3484,6388
2007-05-11 00:00:00,1.3483,1.3531,1.3461,1.3524,5870
2007-05-14 00:00:00,1.3531,1.3557000000000001,1.3523,1.3545,4081
2007-05-15 00:00:00,1.3544,1.3608,1.3526,1.359,5421
2007-05-16 00:00:00,1.3589,1.3609,1.3504,1.3514,5154
2007-05-17 00:00:00,1.3513,1.3544,1.3476,1.3493,5047
2007-05-18 00:00:00,1.3492,1.3521,1.3464,1.3507,5353
2007-05-21 00:00:00,1.3517000000000001,1.3525,1.3435000000000001,1.3467,4353
2007-05-22 00:00:00,1.3466,1.3475,1.3437999999999999,1.3447,4129
2007-05-23 00:00:00,1.3449,1.35,1.3415,1.3458,5226
2007-05-24 00:00:00,1.3458999999999999,1.3462,1.3414,1.3428,4950
2007-05-25 00:00:00,1.3429,1.3472,1.3411,1.3442,4942
2007-05-28 00:00:00,1.3447,1.3458,1.3445,1.3451,1393
2007-05-29 00:00:00,1.3452,1.3519,1.3418999999999999,1.3447,5510
2007-05-30 00:00:00,1.3448,1.3457,1.3406,1.3428,5421
2007-05-31 00:00:00,1.343,1.3477000000000001,1.3423,1.3451,4916
2007-06-01 00:00:00,1.3452,1.3461,1.3392,1.3448,5076
2007-06-04 00:00:00,1.3439999999999999,1.3498999999999999,1.3431,1.3489,3856
2007-06-05 00:00:00,1.349,1.3553,1.3487,1.3523,4741
2007-06-06 00:00:00,1.3524,1.3538000000000001,1.3485,1.3503,4500
2007-06-07 00:00:00,1.3504,1.3512,1.3422,1.3433,5318
2007-06-08 00:00:00,1.3432,1.3434,1.332,1.3372,6317
2007-06-11 00:00:00,1.3362,1.3365,1.3335,1.3357,4061
2007-06-12 00:00:00,1.3357999999999999,1.3368,1.3301,1.3301,4759
2007-06-13 00:00:00,1.3302,1.3315000000000001,1.3262,1.3309,6747
2007-06-14 00:00:00,1.331,1.3323,1.3279,1.3311,4156
2007-06-15 00:00:00,1.3312,1.3388,1.3305,1.3388,4830
2007-06-18 00:00:00,1.3381,1.3417,1.3377,1.3414,3800
2007-06-19 00:00:00,1.3415,1.3436,1.3383,1.3426,4530
2007-06-20 00:00:00,1.3425,1.3437000000000001,1.3395000000000001,1.3403,4103
2007-06-21 00:00:00,1.3402,1.3408,1.3371,1.3388,5109
2007-06-22 00:00:00,1.3387,1.347,1.3381,1.3469,4977
2007-06-25 00:00:00,1.3467,1.3473,1.3437999999999999,1.3462,3725
2007-06-26 00:00:00,1.3461,1.3477999999999999,1.3431,1.3452,4371
2007-06-27 00:00:00,1.345,1.3458,1.3415,1.3453,5271
2007-06-28 00:00:00,1.3451,1.3479999999999999,1.3422,1.3448,5272
2007-06-29 00:00:00,1.3449,1.3541,1.3428,1.354,6074
2007-07-02 00:00:00,1.3542,1.3637000000000001,1.3527,1.3622,4970
2007-07-03 00:00:00,1.3620999999999999,1.3635,1.3583,1.3608,4776
2007-07-04 00:00:00,1.3611,1.363,1.3604,1.3612,2875
2007-07-05 00:00:00,1.3613,1.3659,1.3578000000000001,1.3598,5892
2007-07-06 00:00:00,1.3597000000000001,1.3641,1.3567,1.3625,5803
2007-07-09 00:00:00,1.3632,1.3642,1.3611,1.3625,2323
2007-07-10 00:00:00,1.3626,1.3747,1.3594,1.3746,6346
2007-07-11 00:00:00,1.3745,1.3785,1.373,1.3745,7698
2007-07-12 00:00:00,1.3744,1.38,1.3740999999999999,1.3788,6539
2007-07-13 00:00:00,1.3787,1.3812,1.3761999999999999,1.3782,6063
2007-07-16 00:00:00,1.3780000000000001,1.3804,1.3759000000000001,1.3772,3661
2007-07-17 00:00:00,1.3773,1.3798,1.3758,1.3782,5451
2007-07-18 00:00:00,1.3783,1.3833,1.3752,1.3801999999999999,7918
2007-07-19 00:00:00,1.3803,1.383,1.3785,1.3803,5508
2007-07-20 00:00:00,1.3801999999999999,1.3841999999999999,1.3779,1.3826,5592
2007-07-23 00:00:00,1.383,1.3843,1.3794,1.3806,4740
2007-07-24 00:00:00,1.3807,1.3851,1.3798,1.3822,6786
2007-07-25 00:00:00,1.3820999999999999,1.3831,1.3695,1.3721,7575
2007-07-26 00:00:00,1.3721999999999999,1.377,1.3692,1.3746,8376
2007-07-27 00:00:00,1.3745,1.3753,1.3626,1.3635,10064
2007-07-30 00:00:00,1.3612,1.3704,1.3609,1.3696,7268
2007-07-31 00:00:00,1.3697,1.3726,1.3679000000000001,1.3683,7648
2007-08-01 00:00:00,1.3682,1.3709,1.3637000000000001,1.3666,10077
2007-08-02 00:00:00,1.3665,1.3705,1.3651,1.3698000000000001,7527
2007-08-03 00:00:00,1.3699,1.3817,1.3684,1.3773,6986
2007-08-06 00:00:00,1.3838,1.3838,1.3780000000000001,1.3793,5468
2007-08-07 00:00:00,1.3792,1.3815,1.3735,1.3736,6716
2007-08-08 00:00:00,1.3735,1.3825,1.3721,1.3797,6342
2007-08-09 00:00:00,1.3796,1.3816,1.3654,1.3677000000000001,8938
2007-08-10 00:00:00,1.3679000000000001,1.3704,1.3643,1.3693,9388
2007-08-13 00:00:00,1.3685,1.3708,1.3604,1.3612,6403
2007-08-14 00:00:00,1.3611,1.3625,1.3531,1.3532,7689
2007-08-15 00:00:00,1.3531,1.3538999999999999,1.3439,1.3441,8834
2007-08-16 00:00:00,1.3439999999999999,1.3446,1.336,1.3425,15198
2007-08-17 00:00:00,1.3426,1.3545,1.337,1.3474,15320
2007-08-20 00:00:00,1.3477000000000001,1.3507,1.3458999999999999,1.3473,7792
2007-08-21 00:00:00,1.3474,1.3519,1.3457,1.3466,7997
2007-08-22 00:00:00,1.3465,1.3546,1.345,1.3542,6464
2007-08-23 00:00:00,1.3541,1.3587,1.3536000000000001,1.3565,7617
2007-08-24 00:00:00,1.3563,1.3681,1.3553,1.3675,7174
2007-08-27 00:00:00,1.3672,1.3684,1.3635,1.3646,4401
2007-08-28 00:00:00,1.3644,1.3679000000000001,1.3601,1.3603,6371
2007-08-29 00:00:00,1.3602,1.3678,1.3562,1.3677000000000001,7891
2007-08-30 00:00:00,1.3676,1.3679999999999999,1.3592,1.3624,7625
2007-08-31 00:00:00,1.3625,1.3719000000000001,1.362,1.3628,7949
2007-09-03 00:00:00,1.3628,1.3654,1.3605,1.3624,4190
2007-09-04 00:00:00,1.3623,1.3625,1.355,1.3605,6027
2007-09-05 00:00:00,1.3604,1.3671,1.3569,1.3645,5950
2007-09-06 00:00:00,1.3646,1.3709,1.3634,1.369,6198
2007-09-07 00:00:00,1.3689,1.3797,1.3663,1.3767,6136
2007-09-10 00:00:00,1.3780999999999999,1.3814,1.3766,1.3801999999999999,6625
2007-09-11 00:00:00,1.3801,1.3848,1.3778000000000001,1.3838,6680
2007-09-12 00:00:00,1.3839000000000001,1.3913,1.3824,1.3902,7477
2007-09-13 00:00:00,1.3902999999999999,1.3926,1.3862999999999999,1.3864,6438
2007-09-14 00:00:00,1.3867,1.3895,1.3844,1.3874,7314
2007-09-17 00:00:00,1.3872,1.3888,1.3848,1.3867,5750
2007-09-18 00:00:00,1.3868,1.3987,1.3828,1.3982999999999999,8492
2007-09-19 00:00:00,1.3982,1.3987,1.3935,1.3957,8256
2007-09-20 00:00:00,1.3956,1.4098,1.3954,1.4064,8925
2007-09-21 00:00:00,1.4064999999999999,1.4119,1.4042,1.409,7737
2007-09-24 00:00:00,1.4089,1.4129,1.4067,1.4086,5931
2007-09-25 00:00:00,1.4085,1.4154,1.4060000000000001,1.4137,6911
2007-09-26 00:00:00,1.4138,1.4161000000000001,1.4111,1.4127,6760
2007-09-27 00:00:00,1.4128,1.4189,1.4122,1.4151,6978
2007-09-28 00:00:00,1.4152,1.4278,1.4144999999999999,1.4266,8462
2007-10-01 00:00:00,1.428,1.4281,1.421,1.4231,6516
2007-10-02 00:00:00,1.423,1.4237,1.4138,1.4154,6869
2007-10-03 00:00:00,1.4153,1.4199,1.4083,1.409,6811
2007-10-04 00:00:00,1.4089,1.4148,1.4067,1.4138,6921
2007-10-05 00:00:00,1.4139,1.4156,1.4032,1.4134,7028
2007-10-08 00:00:00,1.415,1.4151,1.4036,1.4046,4356
2007-10-09 00:00:00,1.4047,1.4113,1.4014,1.4104999999999999,6628
2007-10-10 00:00:00,1.4104,1.417,1.4093,1.4144,6475
2007-10-11 00:00:00,1.4143,1.424,1.4135,1.4195,7967
2007-10-12 00:00:00,1.4196,1.4212,1.4155,1.4177,7242
2007-10-15 00:00:00,1.4176,1.4242,1.4161000000000001,1.4203999999999999,5963
2007-10-16 00:00:00,1.4203000000000001,1.4224999999999999,1.4143,1.4172,7900
2007-10-17 00:00:00,1.4171,1.4229,1.4156,1.4207,7422
2007-10-18 00:00:00,1.4205999999999999,1.4309,1.4196,1.4293,7563
2007-10-19 00:00:00,1.4294,1.4317,1.4245,1.43,6951
2007-10-22 00:00:00,1.4334,1.4348,1.4125,1.418,11237
2007-10-23 00:00:00,1.4181,1.4278,1.417,1.4261,8568
2007-10-24 00:00:00,1.4262000000000001,1.4267,1.4187,1.4264999999999999,8508
2007-10-25 00:00:00,1.4266,1.4342,1.4247,1.4323000000000001,7916
2007-10-26 00:00:00,1.4322,1.4393,1.4316,1.4392,7170
2007-10-29 00:00:00,1.4412,1.4435,1.4376,1.4421,6462
2007-10-30 00:00:00,1.4422,1.444,1.4373,1.444,7514
2007-10-31 00:00:00,1.4439,1.4503,1.4418,1.4478,9290
2007-11-01 00:00:00,1.4479,1.4481,1.4403000000000001,1.4418,9531
2007-11-02 00:00:00,1.442,1.4527,1.4418,1.4504000000000001,9263
2007-11-05 00:00:00,1.4518,1.4518,1.4442,1.4468,7309
2007-11-06 00:00:00,1.4469,1.4569,1.4465,1.4555,7375
2007-11-07 00:00:00,1.4556,1.4727999999999999,1.4553,1.4638,12231
2007-11-08 00:00:00,1.4636,1.4703,1.4613,1.4674,11241
2007-11-09 00:00:00,1.4675,1.4751,1.4631,1.4679,12762
2007-11-12 00:00:00,1.4677,1.4677,1.4525000000000001,1.453,12017
2007-11-13 00:00:00,1.4531,1.4633,1.4519,1.4601,10070
2007-11-14 00:00:00,1.4602,1.4727999999999999,1.46,1.465,11359
2007-11-15 00:00:00,1.4649,1.4702,1.4604,1.4612,10395
2007-11-16 00:00:00,1.4613,1.4671,1.4581,1.4661,9940
2007-11-19 00:00:00,1.4667,1.4686,1.462,1.4664,8063
2007-11-20 00:00:00,1.4663,1.4852,1.4635,1.4838,10942
2007-11-21 00:00:00,1.484,1.4868999999999999,1.4775,1.4857,9696
2007-11-22 00:00:00,1.4856,1.4872,1.4821,1.4849,6672
2007-11-23 00:00:00,1.4849999999999999,1.4966,1.4783,1.4836,10520
2007-11-26 00:00:00,1.4826,1.4885,1.4804,1.487,7383
2007-11-27 00:00:00,1.4868999999999999,1.4905,1.4808,1.4828000000000001,10875
2007-11-28 00:00:00,1.4828999999999999,1.4857,1.4711,1.484,10844
2007-11-29 00:00:00,1.4839,1.4842,1.4722,1.4743,9752
2007-11-30 00:00:00,1.4742,1.4783,1.4627,1.4638,10089
2007-12-03 00:00:00,1.4647999999999999,1.4706000000000001,1.462,1.4666000000000001,8558
2007-12-04 00:00:00,1.4665,1.4767000000000001,1.4635,1.4757,9206
2007-12-05 00:00:00,1.4759,1.4769,1.459,1.461,9640
2007-12-06 00:00:00,1.4611,1.4651,1.4527,1.4636,10595
2007-12-07 00:00:00,1.4637,1.467,1.4598,1.4657,7914
2007-12-10 00:00:00,1.4654,1.4735,1.4639,1.4711,6272
2007-12-11 00:00:00,1.471,1.475,1.4639,1.4654,8744
2007-12-12 00:00:00,1.4655,1.4748,1.465,1.4703,9456
2007-12-13 00:00:00,1.471,1.4736,1.4577,1.4633,8902
2007-12-14 00:00:00,1.4634,1.4654,1.441,1.4429,11642
2007-12-17 00:00:00,1.4405000000000001,1.4453,1.4331,1.4399,10491
2007-12-18 00:00:00,1.4398,1.4434,1.4365999999999999,1.4413,9048
2007-12-19 00:00:00,1.4414,1.4422,1.4325,1.4382,8860
2007-12-20 00:00:00,1.4383,1.439,1.4309,1.4329,7534
2007-12-21 00:00:00,1.4328,1.4409,1.4315,1.4381,7095
2007-12-24 00:00:00,1.4373,1.4411,1.437,1.4405999999999999,3166
2007-12-26 00:00:00,1.4417,1.4504000000000001,1.4415,1.4487999999999999,2583
2007-12-27 00:00:00,1.449,1.4638,1.4468,1.4625,7120
2007-12-28 00:00:00,1.4624,1.4727999999999999,1.4591,1.4721,7367
2007-12-31 00:00:00,1.4722,1.4747,1.4581,1.4601,3416
2008-01-02 00:00:00,1.4652,1.4748,1.4641,1.4713,6692
2008-01-03 00:00:00,1.4714,1.478,1.4686,1.475,9925
2008-01-04 00:00:00,1.4751,1.4823,1.4695,1.474,9743
2008-01-07 00:00:00,1.4746000000000001,1.4748999999999999,1.4656,1.4692,8141
2008-01-08 00:00:00,1.4693,1.4741,1.4677,1.4706000000000001,9082
2008-01-09 00:00:00,1.4705,1.4741,1.4638,1.4658,9603
2008-01-10 00:00:00,1.4659,1.4812,1.464,1.4803,11067
2008-01-11 00:00:00,1.4802,1.4819,1.476,1.4776,9868
2008-01-14 00:00:00,1.4807000000000001,1.4913,1.4796,1.4868000000000001,8067
2008-01-15 00:00:00,1.4868999999999999,1.4921,1.4799,1.4804,10309
2008-01-16 00:00:00,1.4803,1.4858,1.4593,1.4652,14250
2008-01-17 00:00:00,1.4651,1.4714,1.4588999999999999,1.4641,13968
2008-01-18 00:00:00,1.464,1.4693,1.4602,1.462,12476
2008-01-21 00:00:00,1.4597,1.4601,1.4421,1.4454,12535
2008-01-22 00:00:00,1.4453,1.4645000000000001,1.4365,1.4628,24189
2008-01-23 00:00:00,1.4627,1.4683,1.451,1.4628999999999999,16322
2008-01-24 00:00:00,1.4628,1.4778,1.4591,1.4755,17734
2008-01-25 00:00:00,1.4754,1.4777,1.466,1.4681,11727
2008-01-28 00:00:00,1.4691,1.4798,1.4661,1.478,9346
2008-01-29 00:00:00,1.4781,1.4796,1.4737,1.4776,9229
2008-01-30 00:00:00,1.4775,1.4906,1.4754,1.4861,11742
2008-01-31 00:00:00,1.4859,1.4913,1.4801,1.4859,15022
2008-02-01 00:00:00,1.486,1.4949,1.4786000000000001,1.4801,13478
2008-02-04 00:00:00,1.4796,1.4847000000000001,1.4792,1.4828999999999999,9331
2008-02-05 00:00:00,1.4828000000000001,1.4834,1.4621,1.4647000000000001,12468
2008-02-06 00:00:00,1.4647999999999999,1.467,1.4591,1.463,11251
2008-02-07 00:00:00,1.4631,1.4651,1.4438,1.4485000000000001,13795
2008-02-08 00:00:00,1.4483,1.4546000000000001,1.4451,1.4504000000000001,11035
2008-02-11 00:00:00,1.4524,1.4576,1.4481,1.4518,9337
2008-02-12 00:00:00,1.452,1.4614,1.4496,1.4582,10978
2008-02-13 00:00:00,1.4583,1.4597,1.4531,1.4572,11028
2008-02-14 00:00:00,1.4573,1.4647999999999999,1.4548,1.4642,10520
2008-02-15 00:00:00,1.4641,1.4707,1.463,1.4681,9918
2008-02-18 00:00:00,1.4672,1.4689999999999999,1.461,1.4655,7231
2008-02-19 00:00:00,1.4658,1.4756,1.4642,1.4724,11934
2008-02-20 00:00:00,1.4725,1.4729999999999999,1.4613,1.4713,12113
2008-02-21 00:00:00,1.4714,1.4836,1.4702,1.4813,11468
2008-02-22 00:00:00,1.4814,1.4861,1.4788000000000001,1.4828000000000001,9728
2008-02-25 00:00:00,1.4834,1.4843,1.4794,1.4828999999999999,9459
2008-02-26 00:00:00,1.483,1.4984,1.4778,1.4971999999999999,11138
2008-02-27 00:00:00,1.4973,1.5142,1.4969999999999999,1.5119,15969
2008-02-28 00:00:00,1.5118,1.5228000000000002,1.5072,1.5192999999999999,13223
2008-02-29 00:00:00,1.5190000000000001,1.5238,1.5143,1.5178,14748
2008-03-03 00:00:00,1.5211999999999999,1.5272999999999999,1.5159,1.5203,13060
2008-03-04 00:00:00,1.5202,1.5248,1.5173,1.5215999999999998,11522
2008-03-05 00:00:00,1.5215,1.5301,1.5145,1.5264,12033
2008-03-06 00:00:00,1.5262,1.5393,1.526,1.5379,13481
2008-03-07 00:00:00,1.538,1.5462,1.5312999999999999,1.5354,15586
2008-03-10 00:00:00,1.5399,1.5403,1.5312000000000001,1.5348000000000002,10000
2008-03-11 00:00:00,1.5347,1.5492,1.5281,1.5338,13168
2008-03-12 00:00:00,1.5339,1.5571000000000002,1.5335,1.5565,14391
2008-03-13 00:00:00,1.5564,1.5644,1.5522,1.5626,16803
2008-03-14 00:00:00,1.5627,1.5687,1.5531000000000001,1.5673,18664
2008-03-17 00:00:00,1.5704,1.5901999999999998,1.5685,1.5727,23000
2008-03-18 00:00:00,1.5728,1.583,1.5617999999999999,1.562,14643
2008-03-19 00:00:00,1.5621,1.5786,1.5581,1.5643,27208
2008-03-20 00:00:00,1.5642,1.5645,1.5396,1.5430000000000001,26660
2008-03-21 00:00:00,1.5428,1.5472000000000001,1.5406,1.5432000000000001,4940
2008-03-24 00:00:00,1.5412,1.5455,1.5343,1.5436,8353
2008-03-25 00:00:00,1.5434999999999999,1.5657999999999999,1.5407,1.5628,13293
2008-03-26 00:00:00,1.5629,1.5859,1.5584,1.5843,14711
2008-03-27 00:00:00,1.5842,1.5845,1.5726,1.5777999999999999,16482
2008-03-28 00:00:00,1.5777,1.5838,1.5742,1.5794000000000001,13709
2008-03-31 00:00:00,1.5804,1.5896,1.5758999999999999,1.5787,13268
2008-04-01 00:00:00,1.5788,1.5788,1.5563,1.5613000000000001,14605
2008-04-02 00:00:00,1.5614,1.5701,1.5532,1.5685,13771
2008-04-03 00:00:00,1.5686,1.5695999999999999,1.5510000000000002,1.5682,14938
2008-04-04 00:00:00,1.5683,1.5773000000000001,1.5636999999999999,1.5737,16710
2008-04-07 00:00:00,1.5729,1.5735999999999999,1.5626,1.5711,10448
2008-04-08 00:00:00,1.571,1.5798,1.5674000000000001,1.5712000000000002,13590
2008-04-09 00:00:00,1.5711,1.5864,1.5683,1.5831,11193
2008-04-10 00:00:00,1.5829,1.5913,1.5725,1.5742,15797
2008-04-11 00:00:00,1.5741,1.5855000000000001,1.5737999999999999,1.5807,14095
2008-04-14 00:00:00,1.5704,1.5884,1.5671,1.5831,13420
2008-04-15 00:00:00,1.583,1.5874000000000001,1.5752000000000002,1.5788,12880
2008-04-16 00:00:00,1.5789,1.5977999999999999,1.576,1.5947,15386
2008-04-17 00:00:00,1.5946,1.5983,1.5847,1.5907,15738
2008-04-18 00:00:00,1.5908,1.5956000000000001,1.571,1.5816,14569
2008-04-21 00:00:00,1.5813000000000001,1.5945,1.579,1.5911,11925
2008-04-22 00:00:00,1.591,1.6018,1.5834000000000001,1.5991,16456
2008-04-23 00:00:00,1.5992,1.6002,1.5859,1.5889,14860
2008-04-24 00:00:00,1.589,1.5896,1.5638,1.5681,18244
2008-04-25 00:00:00,1.568,1.5707,1.5554000000000001,1.5629,17551
2008-04-28 00:00:00,1.5615,1.5693000000000001,1.5594000000000001,1.5655999999999999,12755
2008-04-29 00:00:00,1.5657,1.5663,1.5539,1.5571000000000002,12681
2008-04-30 00:00:00,1.557,1.5643,1.5516,1.5622,15921
2008-05-01 00:00:00,1.5621,1.5643,1.5429,1.5473,14678
2008-05-02 00:00:00,1.5474,1.5497999999999998,1.536,1.5423,15673
2008-05-05 00:00:00,1.5429,1.5518999999999998,1.5423,1.5495999999999999,8634
2008-05-06 00:00:00,1.5497,1.5594000000000001,1.5451000000000001,1.5532,11252
2008-05-07 00:00:00,1.5531000000000001,1.5537999999999998,1.5365,1.5391,12474
2008-05-08 00:00:00,1.5390000000000001,1.544,1.5284,1.5393,15583
2008-05-09 00:00:00,1.5392000000000001,1.5487,1.5391,1.548,11580
2008-05-12 00:00:00,1.5455999999999999,1.5569,1.5365,1.5552000000000001,12024
2008-05-13 00:00:00,1.5551,1.5565,1.5430000000000001,1.5473,13963
2008-05-14 00:00:00,1.5474,1.5485,1.5396,1.5474,12761
2008-05-15 00:00:00,1.5473,1.5546,1.5419,1.5448,13964
2008-05-16 00:00:00,1.5447,1.5601,1.5436,1.5575999999999999,11956
2008-05-19 00:00:00,1.5594999999999999,1.5632000000000001,1.5487,1.5510000000000002,9439
2008-05-20 00:00:00,1.5509,1.568,1.5503,1.5645,13418
2008-05-21 00:00:00,1.5646,1.5796000000000001,1.5631,1.5794000000000001,12816
2008-05-22 00:00:00,1.5793,1.5813000000000001,1.5693000000000001,1.5732,10823
2008-05-23 00:00:00,1.5733000000000001,1.5794000000000001,1.5695999999999999,1.5760999999999998,9427
2008-05-26 00:00:00,1.5765,1.5791,1.5741,1.5769,5647
2008-05-27 00:00:00,1.577,1.5817999999999999,1.5681,1.569,10292
2008-05-28 00:00:00,1.5689,1.576,1.5609,1.5636,11608
2008-05-29 00:00:00,1.5636999999999999,1.5663,1.5485,1.5518,13014
2008-05-30 00:00:00,1.5516999999999999,1.5567,1.5462,1.5554000000000001,12041
2008-06-02 00:00:00,1.5561,1.5588,1.5486,1.5535999999999999,10653
2008-06-03 00:00:00,1.5537999999999998,1.5628,1.541,1.5443,13959
2008-06-04 00:00:00,1.5444,1.5483,1.5419,1.544,13764
2008-06-05 00:00:00,1.5441,1.56,1.5365,1.5593,14130
2008-06-06 00:00:00,1.5592000000000001,1.5777,1.5571000000000002,1.5777,14277
2008-06-09 00:00:00,1.5791,1.5843,1.5617999999999999,1.5645,14342
2008-06-10 00:00:00,1.5646,1.5653000000000001,1.544,1.5467,16288
2008-06-11 00:00:00,1.5466,1.5584,1.5449000000000002,1.5550000000000002,12898
2008-06-12 00:00:00,1.5551,1.5565,1.5377999999999998,1.5438,15253
2008-06-13 00:00:00,1.5436999999999999,1.5483,1.5302,1.5379,15878
2008-06-16 00:00:00,1.5404,1.5518,1.5346,1.5476,12824
2008-06-17 00:00:00,1.5474999999999999,1.5550000000000002,1.5461,1.5510000000000002,13155
2008-06-18 00:00:00,1.5511,1.5537999999999998,1.5462,1.5534,9512
2008-06-19 00:00:00,1.5533000000000001,1.5586,1.5466,1.5504,11360
2008-06-20 00:00:00,1.5503,1.5651000000000002,1.5491000000000001,1.5606,10902
2008-06-23 00:00:00,1.5627,1.5628,1.5468,1.5518,10865
2008-06-24 00:00:00,1.5516999999999999,1.5622,1.5491000000000001,1.5567,10215
2008-06-25 00:00:00,1.5566,1.5687,1.5537,1.5667,10750
2008-06-26 00:00:00,1.5666,1.5766,1.5628,1.5756000000000001,13256
2008-06-27 00:00:00,1.5756999999999999,1.5791,1.5718999999999999,1.5791,13220
2008-06-30 00:00:00,1.5776,1.5835,1.5731000000000002,1.5755,11157
2008-07-01 00:00:00,1.5754000000000001,1.5826,1.5723,1.5791,12258
2008-07-02 00:00:00,1.5792000000000002,1.5888,1.5777,1.5882,13395
2008-07-03 00:00:00,1.5883,1.5908,1.5682,1.5703,12810
2008-07-04 00:00:00,1.5704,1.5727,1.5655000000000001,1.5706,7909
2008-07-07 00:00:00,1.5691000000000002,1.5753,1.5611000000000002,1.5726,12250
2008-07-08 00:00:00,1.5725,1.5739,1.5634000000000001,1.5669,11753
2008-07-09 00:00:00,1.5668,1.575,1.565,1.5742,12068
2008-07-10 00:00:00,1.5741,1.5800999999999998,1.5691000000000002,1.5788,12029
2008-07-11 00:00:00,1.5787,1.5941999999999998,1.5764,1.5937999999999999,14045
2008-07-14 00:00:00,1.5960999999999999,1.5963,1.5840999999999998,1.5908,13402
2008-07-15 00:00:00,1.5907,1.6038000000000001,1.5866,1.5912,16839
2008-07-16 00:00:00,1.5911,1.5948,1.58,1.5826,13572
2008-07-17 00:00:00,1.5825,1.5893000000000002,1.5783,1.5863,14535
2008-07-18 00:00:00,1.5862,1.5887,1.5807,1.5847,11080
2008-07-21 00:00:00,1.5843,1.593,1.5828,1.5920999999999998,9621
2008-07-22 00:00:00,1.592,1.5944,1.5758,1.5783,12502
2008-07-23 00:00:00,1.5781,1.5796999999999999,1.567,1.5697999999999999,13922
2008-07-24 00:00:00,1.5697,1.5713,1.5628,1.5676999999999999,13042
2008-07-25 00:00:00,1.5676,1.5753,1.5661,1.5709,13147
2008-07-28 00:00:00,1.5697,1.5768,1.5683,1.5739999999999998,9171
2008-07-29 00:00:00,1.5739,1.5758,1.5553,1.5588,10129
2008-07-30 00:00:00,1.5587,1.5615,1.5521,1.5575,12315
2008-07-31 00:00:00,1.5575999999999999,1.5699999999999998,1.557,1.5603,11153
2008-08-01 00:00:00,1.5602,1.5604,1.5514999999999999,1.5564,10963
2008-08-04 00:00:00,1.5574,1.5631,1.5553,1.5575,9712
2008-08-05 00:00:00,1.5575999999999999,1.5577999999999999,1.5446,1.5453000000000001,12956
2008-08-06 00:00:00,1.5453999999999999,1.5516,1.5398,1.5408,10798
2008-08-07 00:00:00,1.5406,1.5502,1.5310000000000001,1.5324,13277
2008-08-08 00:00:00,1.5323,1.5333999999999999,1.4997,1.5005,18290
2008-08-11 00:00:00,1.4944,1.5083,1.4879,1.4908000000000001,16186
2008-08-12 00:00:00,1.4909,1.4964,1.4815,1.4926,16908
2008-08-13 00:00:00,1.4925,1.4977,1.4841,1.4918,17340
2008-08-14 00:00:00,1.4919,1.4949,1.4777,1.4827,15859
2008-08-15 00:00:00,1.4828000000000001,1.4828000000000001,1.466,1.4689,14674
2008-08-18 00:00:00,1.4684,1.4766,1.4674,1.4694,12256
2008-08-19 00:00:00,1.4695,1.4792,1.463,1.4775,13122
2008-08-20 00:00:00,1.4774,1.4805,1.4672,1.4747,10599
2008-08-21 00:00:00,1.4746000000000001,1.4902,1.4731,1.4898,12392
2008-08-22 00:00:00,1.4899,1.4908000000000001,1.4759,1.4793,6349
2008-08-25 00:00:00,1.4788999999999999,1.4807000000000001,1.4697,1.4754,9565
2008-08-26 00:00:00,1.4753,1.4759,1.4571,1.4653,14006
2008-08-27 00:00:00,1.4652,1.4775,1.4633,1.4727000000000001,14825
2008-08-28 00:00:00,1.4724,1.4811,1.4671,1.4706000000000001,15474
2008-08-29 00:00:00,1.4705,1.4767000000000001,1.464,1.4678,13288
2008-09-01 00:00:00,1.4708999999999999,1.4723,1.4581,1.4617,10006
2008-09-02 00:00:00,1.4618,1.4618,1.4464000000000001,1.4518,16799
2008-09-03 00:00:00,1.4517,1.4527999999999999,1.4383,1.4496,15620
2008-09-04 00:00:00,1.4495,1.4542,1.4313,1.4323000000000001,17739
2008-09-05 00:00:00,1.4322,1.4346999999999999,1.4196,1.4267,22987
2008-09-08 00:00:00,1.4378,1.4428,1.4053,1.4126,21448
2008-09-09 00:00:00,1.4127,1.4226,1.4046,1.4133,21629
2008-09-10 00:00:00,1.4132,1.4179,1.3989,1.3998,21239
2008-09-11 00:00:00,1.3996,1.3999,1.3881000000000001,1.3997,20807
2008-09-12 00:00:00,1.3998,1.4231,1.3971,1.4223,19704
2008-09-15 00:00:00,1.4289,1.4481,1.4083999999999999,1.4245,31859
2008-09-16 00:00:00,1.4243999999999999,1.4296,1.4071,1.413,34601
2008-09-17 00:00:00,1.4129,1.4384000000000001,1.4075,1.4325999999999999,33233
2008-09-18 00:00:00,1.4324,1.4542,1.4278,1.4346999999999999,35372
2008-09-19 00:00:00,1.4348,1.4498,1.415,1.4466999999999999,30456
2008-09-22 00:00:00,1.449,1.4867,1.4437,1.4774,24946
2008-09-23 00:00:00,1.4775,1.4825,1.4622,1.4647000000000001,18100
2008-09-24 00:00:00,1.4647999999999999,1.4746000000000001,1.461,1.4622,18115
2008-09-25 00:00:00,1.4621,1.4767000000000001,1.4561,1.4607999999999999,22214
2008-09-26 00:00:00,1.4607,1.4677,1.4554,1.4613,21157
2008-09-29 00:00:00,1.4518,1.4569,1.4302000000000001,1.4433,23954
2008-09-30 00:00:00,1.4431,1.4435,1.4008,1.4091,25398
2008-10-01 00:00:00,1.4093,1.4174,1.3975,1.4008,25516
2008-10-02 00:00:00,1.4009,1.4032,1.3747,1.3818,30594
2008-10-03 00:00:00,1.3819,1.3906,1.3702,1.377,29355
2008-10-06 00:00:00,1.3637000000000001,1.3678,1.3443,1.3502,37056
2008-10-07 00:00:00,1.3498,1.3743,1.3479999999999999,1.3587,35819
2008-10-08 00:00:00,1.3586,1.3756,1.3544,1.3654,42900
2008-10-09 00:00:00,1.3655,1.3785,1.3580999999999999,1.3603,33791
2008-10-10 00:00:00,1.3605,1.3649,1.3258,1.3408,36080
2008-10-13 00:00:00,1.3571,1.3682,1.3457,1.3577,26611
2008-10-14 00:00:00,1.3578000000000001,1.3768,1.3576,1.3618999999999999,30736
2008-10-15 00:00:00,1.3618000000000001,1.3687,1.3485,1.3498,31360
2008-10-16 00:00:00,1.3498999999999999,1.3538000000000001,1.3345,1.3455,37606
2008-10-17 00:00:00,1.3453,1.3517000000000001,1.3386,1.3408,24918
2008-10-20 00:00:00,1.3405,1.353,1.3287,1.3343,22235
2008-10-21 00:00:00,1.3341,1.3357999999999999,1.3051,1.3062,24028
2008-10-22 00:00:00,1.3063,1.3077,1.2748,1.2854999999999999,32726
2008-10-23 00:00:00,1.2856,1.2933,1.2727,1.2933,34842
2008-10-24 00:00:00,1.2934,1.3003,1.2497,1.2623,46048
2008-10-27 00:00:00,1.2575,1.2685,1.2334,1.2456,36876
2008-10-28 00:00:00,1.2459,1.279,1.233,1.2786,34561
2008-10-29 00:00:00,1.2784,1.299,1.2627,1.297,39564
2008-10-30 00:00:00,1.2969,1.3288,1.2805,1.2863,38346
2008-10-31 00:00:00,1.2862,1.2894,1.2668,1.2727,34355
2008-11-03 00:00:00,1.2766,1.2897,1.2594,1.2644,25851
2008-11-04 00:00:00,1.2642,1.3048,1.2526,1.2981,34315
2008-11-05 00:00:00,1.298,1.3114,1.2793,1.2955,37642
2008-11-06 00:00:00,1.2955999999999999,1.2955999999999999,1.2679,1.2715,39263
2008-11-07 00:00:00,1.2713999999999999,1.285,1.2652999999999999,1.2717,28452
2008-11-10 00:00:00,1.2814,1.2927,1.2718,1.2749,30848
2008-11-11 00:00:00,1.2748,1.28,1.2506,1.2522,30137
2008-11-12 00:00:00,1.2521,1.2631000000000001,1.2465,1.2504,38860
2008-11-13 00:00:00,1.2505,1.2854,1.2389000000000001,1.2770000000000001,42119
2008-11-14 00:00:00,1.2769,1.2828,1.2572999999999999,1.2604,34828
2008-11-17 00:00:00,1.2536,1.2742,1.2511999999999999,1.2649,32717
2008-11-18 00:00:00,1.2648,1.27,1.2566,1.2617,30063
2008-11-19 00:00:00,1.2618,1.2812999999999999,1.2484,1.2488,27963
2008-11-20 00:00:00,1.2489,1.2593,1.2434,1.2453,31268
2008-11-21 00:00:00,1.2452,1.2637,1.2423,1.2587,31498
2008-11-24 00:00:00,1.2607,1.2953999999999999,1.2563,1.2953999999999999,29720
2008-11-25 00:00:00,1.2955,1.308,1.2804,1.3064,31193
2008-11-26 00:00:00,1.3065,1.307,1.2819,1.2879,26389
2008-11-27 00:00:00,1.2878,1.2968,1.286,1.2904,16036
2008-11-28 00:00:00,1.2903,1.2957,1.2646,1.2690000000000001,16951
2008-12-01 00:00:00,1.2694,1.2711999999999999,1.2585,1.2606,13937
2008-12-02 00:00:00,1.2604,1.2765,1.2563,1.2709,15860
2008-12-03 00:00:00,1.2711999999999999,1.274,1.26,1.2717,14922
2008-12-04 00:00:00,1.2716,1.2847,1.2551999999999999,1.2778,14825
2008-12-05 00:00:00,1.2779,1.2797,1.2627,1.2718,15889
2008-12-08 00:00:00,1.272,1.2966,1.2713999999999999,1.2955999999999999,12787
2008-12-09 00:00:00,1.2957,1.3,1.2799,1.2926,13310
2008-12-10 00:00:00,1.2925,1.3069,1.2903,1.3021,12358
2008-12-11 00:00:00,1.3022,1.3403,1.3001,1.3355000000000001,14346
2008-12-12 00:00:00,1.3354,1.3414,1.325,1.3369,17710
2008-12-15 00:00:00,1.339,1.3721,1.339,1.3687,19492
2008-12-16 00:00:00,1.3688,1.4147,1.363,1.4007,16938
2008-12-17 00:00:00,1.4008,1.4437,1.3994,1.4419,21128
2008-12-18 00:00:00,1.442,1.4719,1.4186,1.4249,39082
2008-12-19 00:00:00,1.4247,1.4309,1.3826,1.3907,33102
2008-12-22 00:00:00,1.392,1.4123999999999999,1.3902999999999999,1.3942,25693
2008-12-23 00:00:00,1.3944,1.4021,1.392,1.3927,20045
2008-12-24 00:00:00,1.3928,1.4019,1.3914,1.3993,12606
2008-12-26 00:00:00,1.4049,1.4116,1.4021,1.4027,4366
2008-12-29 00:00:00,1.4071,1.4362,1.392,1.3927,15021
2008-12-30 00:00:00,1.3926,1.422,1.3917,1.4057,14357
2008-12-31 00:00:00,1.4056,1.4146,1.3851,1.3936,11302
2009-01-02 00:00:00,1.3868,1.3986,1.3838,1.3923,12370
2009-01-05 00:00:00,1.3883,1.3961999999999999,1.3546,1.3631,18880
2009-01-06 00:00:00,1.3632,1.3658000000000001,1.3313,1.3532,21257
2009-01-07 00:00:00,1.3533,1.3746,1.3432,1.3642,20331
2009-01-08 00:00:00,1.3643,1.3795,1.3533,1.3699,21832
2009-01-09 00:00:00,1.37,1.375,1.3414,1.3472,30158
2009-01-12 00:00:00,1.3458999999999999,1.3462,1.3289,1.3361,28247
2009-01-13 00:00:00,1.3357999999999999,1.3373,1.3141,1.3181,33943
2009-01-14 00:00:00,1.318,1.3336000000000001,1.3093,1.319,30121
2009-01-15 00:00:00,1.3189,1.3239,1.3026,1.3115999999999999,32622
2009-01-16 00:00:00,1.3118,1.3343,1.311,1.3266,31391
2009-01-19 00:00:00,1.3349,1.3385,1.3067,1.3067,23452
2009-01-20 00:00:00,1.3068,1.3105,1.2856,1.2906,32930
2009-01-21 00:00:00,1.2903,1.3085,1.2824,1.3022,34563
2009-01-22 00:00:00,1.3023,1.3082,1.2906,1.3,31749
2009-01-23 00:00:00,1.2999,1.3033000000000001,1.2764,1.2973,31681
2009-01-26 00:00:00,1.2916,1.3205,1.2861,1.3188,154927
2009-01-27 00:00:00,1.3187,1.3327,1.3118,1.3159,167982
2009-01-28 00:00:00,1.3159,1.3325,1.3101,1.3165,179280
2009-01-29 00:00:00,1.3164,1.3176999999999999,1.2933,1.2953000000000001,121581
2009-01-30 00:00:00,1.2952,1.2955999999999999,1.2763,1.2812000000000001,167742
2009-02-02 00:00:00,1.2752,1.2897,1.2706,1.2841,136458
2009-02-03 00:00:00,1.2842,1.3054999999999999,1.2801,1.3038,144520
2009-02-04 00:00:00,1.3039,1.3069,1.2812000000000001,1.2847,147829
2009-02-05 00:00:00,1.2848,1.2904,1.276,1.2789,127951
2009-02-06 00:00:00,1.2789,1.299,1.2746,1.2939,101193
2009-02-09 00:00:00,1.2971,1.3093,1.2873,1.3002,44179
2009-02-10 00:00:00,1.3003,1.3074,1.2809,1.2912,40733
2009-02-11 00:00:00,1.2911000000000001,1.2995999999999999,1.2832,1.2905,30938
2009-02-12 00:00:00,1.2904,1.2942,1.272,1.2859,31173
2009-02-13 00:00:00,1.286,1.2941,1.282,1.2862,27070
2009-02-16 00:00:00,1.279,1.2825,1.2726,1.2799,18374
2009-02-17 00:00:00,1.2801,1.2806,1.2562,1.2582,26997
2009-02-18 00:00:00,1.2581,1.264,1.2511999999999999,1.2529,24182
2009-02-19 00:00:00,1.2530000000000001,1.2759,1.2524,1.2673,21808
2009-02-20 00:00:00,1.2671999999999999,1.2884,1.2557,1.2826,26514
2009-02-23 00:00:00,1.2819,1.2991,1.2691,1.2692999999999999,22435
2009-02-24 00:00:00,1.2692,1.2876,1.2662,1.2845,30235
2009-02-25 00:00:00,1.2844,1.2898,1.2690000000000001,1.2723,19332
2009-02-26 00:00:00,1.2722,1.2810000000000001,1.2682,1.2743,18745
2009-02-27 00:00:00,1.2744,1.275,1.2604,1.2666,22939
2009-03-02 00:00:00,1.2617,1.2631000000000001,1.2545,1.2577,20235
2009-03-03 00:00:00,1.2576,1.2677,1.2521,1.256,20086
2009-03-04 00:00:00,1.2561,1.2663,1.2456,1.2659,20219
2009-03-05 00:00:00,1.266,1.2663,1.248,1.2539,21420
2009-03-06 00:00:00,1.2538,1.2753999999999999,1.2529,1.2652999999999999,23704
2009-03-09 00:00:00,1.2671000000000001,1.2726,1.2555,1.2603,19205
2009-03-10 00:00:00,1.2602,1.2822,1.2578,1.2679,22978
2009-03-11 00:00:00,1.2678,1.2864,1.2616,1.2844,22287
2009-03-12 00:00:00,1.2845,1.2945,1.2731,1.2898,25031
2009-03-13 00:00:00,1.2899,1.2957,1.2862,1.2929,21158
2009-03-16 00:00:00,1.2846,1.3071,1.2846,1.2979,21283
2009-03-17 00:00:00,1.2978,1.3033000000000001,1.2931,1.3014000000000001,23345
2009-03-18 00:00:00,1.3014999999999999,1.3534,1.2986,1.351,22811
2009-03-19 00:00:00,1.3509,1.3737,1.3416000000000001,1.3667,24843
2009-03-20 00:00:00,1.3665,1.3726,1.35169,1.35811,35275
2009-03-23 00:00:00,1.36564,1.3735,1.34846,1.36191,40608
2009-03-24 00:00:00,1.36192,1.36775,1.34314,1.34694,49814
2009-03-25 00:00:00,1.34691,1.36287,1.34175,1.35773,45341
2009-03-26 00:00:00,1.35781,1.3639299999999999,1.34931,1.3527,49100
2009-03-27 00:00:00,1.35275,1.35906,1.3256299999999999,1.32866,52450
2009-03-30 00:00:00,1.32211,1.32852,1.31121,1.3197999999999999,45471
2009-03-31 00:00:00,1.31976,1.3342100000000001,1.31731,1.32496,52964
2009-04-01 00:00:00,1.32491,1.32855,1.31661,1.32481,49393
2009-04-02 00:00:00,1.32473,1.35167,1.32216,1.34605,47763
2009-04-03 00:00:00,1.3462,1.3494,1.33646,1.34849,40243
2009-04-06 00:00:00,1.35142,1.35806,1.33571,1.3415599999999999,43868
2009-04-07 00:00:00,1.34151,1.34181,1.32261,1.32711,44917
2009-04-08 00:00:00,1.3271899999999999,1.33076,1.31478,1.32801,44933
2009-04-09 00:00:00,1.32808,1.33349,1.31258,1.31673,47025
2009-04-10 00:00:00,1.31677,1.31875,1.30894,1.31866,15896
2009-04-13 00:00:00,1.31898,1.33915,1.31258,1.33676,24047
2009-04-14 00:00:00,1.33671,1.33798,1.32253,1.3258,41523
2009-04-15 00:00:00,1.32575,1.32953,1.31461,1.32261,40234
2009-04-16 00:00:00,1.3226200000000001,1.32676,1.3126,1.31857,46502
2009-04-17 00:00:00,1.31852,1.31966,1.30167,1.30426,44264
2009-04-20 00:00:00,1.30406,1.30481,1.2888899999999999,1.29207,41167
2009-04-21 00:00:00,1.29203,1.29934,1.28967,1.29441,45418
2009-04-22 00:00:00,1.29486,1.3036400000000001,1.28844,1.30047,54282
2009-04-23 00:00:00,1.30048,1.31602,1.29792,1.31427,56312
2009-04-24 00:00:00,1.31425,1.33002,1.31125,1.32413,56253
2009-04-27 00:00:00,1.32401,1.32416,1.2999,1.3036400000000001,59443
2009-04-28 00:00:00,1.30366,1.3165499999999999,1.29649,1.3148,58529
2009-04-29 00:00:00,1.31481,1.33402,1.31199,1.3272599999999999,58208
2009-04-30 00:00:00,1.32741,1.3384800000000001,1.3191,1.32287,44090
2009-05-01 00:00:00,1.3229600000000001,1.33274,1.32181,1.32636,38363
2009-05-04 00:00:00,1.3281800000000001,1.34223,1.32123,1.3405,48108
2009-05-05 00:00:00,1.34053,1.34363,1.32821,1.33289,60148
2009-05-06 00:00:00,1.33111,1.33738,1.32457,1.33337,97707
2009-05-07 00:00:00,1.33334,1.34681,1.32515,1.33894,108890
2009-05-08 00:00:00,1.33902,1.36497,1.33416,1.36347,100449
2009-05-11 00:00:00,1.36545,1.3666800000000001,1.3557299999999999,1.35819,79763
2009-05-12 00:00:00,1.3582,1.37066,1.35628,1.36476,105434
2009-05-13 00:00:00,1.36474,1.37214,1.3565800000000001,1.35995,100803
2009-05-14 00:00:00,1.35996,1.3664100000000001,1.35255,1.36388,82049
2009-05-15 00:00:00,1.36389,1.3649,1.3461400000000001,1.34947,60754
2009-05-18 00:00:00,1.34836,1.35626,1.34234,1.35605,58491
2009-05-19 00:00:00,1.3560699999999999,1.3667500000000001,1.35304,1.36296,70538
2009-05-20 00:00:00,1.36303,1.3829500000000001,1.35831,1.37796,70738
2009-05-21 00:00:00,1.37798,1.39228,1.37282,1.38894,68625
2009-05-22 00:00:00,1.38898,1.4049800000000001,1.38893,1.39974,86848
2009-05-25 00:00:00,1.4028100000000001,1.4035199999999999,1.39575,1.4016,42246
2009-05-26 00:00:00,1.40164,1.40217,1.38598,1.3984,92412
2009-05-27 00:00:00,1.39839,1.40002,1.3823699999999999,1.3825,88175
2009-05-28 00:00:00,1.38251,1.39826,1.37931,1.3941,94129
2009-05-29 00:00:00,1.39408,1.41678,1.39246,1.41597,92282
2009-06-01 00:00:00,1.41322,1.42453,1.40987,1.41586,85817
2009-06-02 00:00:00,1.41587,1.43308,1.41012,1.43029,96174
2009-06-03 00:00:00,1.43024,1.43378,1.41094,1.4162,104995
2009-06-04 00:00:00,1.41621,1.424,1.407,1.41819,101890
2009-06-05 00:00:00,1.41824,1.42665,1.39327,1.39673,101278
2009-06-08 00:00:00,1.3943400000000001,1.4001700000000001,1.38039,1.38995,81084
2009-06-09 00:00:00,1.38993,1.4101,1.38519,1.40638,87998
2009-06-10 00:00:00,1.40641,1.41432,1.39146,1.39836,92267
2009-06-11 00:00:00,1.39831,1.4171,1.39428,1.41072,98010
2009-06-12 00:00:00,1.41078,1.41281,1.39351,1.40153,89930
2009-06-15 00:00:00,1.39876,1.40008,1.37554,1.3802400000000001,89429
2009-06-16 00:00:00,1.38025,1.39321,1.37477,1.3836300000000001,98466
2009-06-17 00:00:00,1.3836300000000001,1.39839,1.38062,1.3942,94724
2009-06-18 00:00:00,1.39418,1.40005,1.38711,1.39001,77823
2009-06-19 00:00:00,1.3899599999999999,1.40112,1.38822,1.39372,75043
2009-06-22 00:00:00,1.39487,1.3949099999999999,1.3826399999999999,1.3863400000000001,83365
2009-06-23 00:00:00,1.3864,1.41074,1.38284,1.40761,98631
2009-06-24 00:00:00,1.4076,1.41375,1.38888,1.39287,97659
2009-06-25 00:00:00,1.39283,1.40127,1.38891,1.39859,77003
2009-06-26 00:00:00,1.39871,1.41173,1.39824,1.40551,81000
2009-06-29 00:00:00,1.40616,1.41024,1.39825,1.40812,73415
2009-06-30 00:00:00,1.40816,1.41513,1.40009,1.40324,86278
2009-07-01 00:00:00,1.40323,1.41965,1.40009,1.41406,76946
2009-07-02 00:00:00,1.41404,1.41537,1.39885,1.40019,89202
2009-07-03 00:00:00,1.40022,1.40274,1.39273,1.39797,49278
2009-07-06 00:00:00,1.39551,1.39977,1.3876,1.3982999999999999,70934
2009-07-07 00:00:00,1.3982299999999999,1.4049800000000001,1.39032,1.39228,82120
2009-07-08 00:00:00,1.39229,1.3937599999999999,1.38323,1.38832,82683
2009-07-09 00:00:00,1.3883,1.4071500000000001,1.38583,1.40188,81322
2009-07-10 00:00:00,1.40191,1.40294,1.38778,1.39353,77575
2009-07-13 00:00:00,1.3946100000000001,1.40004,1.3896600000000001,1.3977,82176
2009-07-14 00:00:00,1.3976899999999999,1.40141,1.39109,1.39659,63809
2009-07-15 00:00:00,1.3967100000000001,1.41338,1.39626,1.4107,73160
2009-07-16 00:00:00,1.41065,1.41652,1.40557,1.41477,84880
2009-07-17 00:00:00,1.41474,1.41503,1.40629,1.41008,78375
2009-07-20 00:00:00,1.41162,1.42479,1.4109,1.42309,78426
2009-07-21 00:00:00,1.42307,1.42767,1.41634,1.42248,79508
2009-07-22 00:00:00,1.42246,1.42568,1.41556,1.42187,78055
2009-07-23 00:00:00,1.42187,1.42907,1.4119,1.41425,85033
2009-07-24 00:00:00,1.41432,1.42527,1.41348,1.42016,73450
2009-07-27 00:00:00,1.42297,1.42969,1.41712,1.42303,63861
2009-07-28 00:00:00,1.42302,1.43036,1.41303,1.41663,73452
2009-07-29 00:00:00,1.4166400000000001,1.4194,1.40072,1.40489,81692
2009-07-30 00:00:00,1.40435,1.40946,1.40085,1.40743,74966
2009-07-31 00:00:00,1.40744,1.4278,1.40637,1.42561,74905
2009-08-03 00:00:00,1.42703,1.44435,1.4206400000000001,1.4411399999999999,77389
2009-08-04 00:00:00,1.44122,1.44308,1.4367,1.44071,75342
2009-08-05 00:00:00,1.4407,1.44465,1.43559,1.44034,69132
2009-08-06 00:00:00,1.44035,1.44309,1.4329100000000001,1.43451,66894
2009-08-07 00:00:00,1.4346,1.4411800000000001,1.41537,1.41825,56726
2009-08-10 00:00:00,1.4181,1.42184,1.41041,1.41387,46323
2009-08-11 00:00:00,1.4139,1.4184999999999999,1.41097,1.41489,64049
2009-08-12 00:00:00,1.41492,1.42463,1.40861,1.41859,79685
2009-08-13 00:00:00,1.41855,1.4326699999999999,1.41811,1.42913,73836
2009-08-14 00:00:00,1.42901,1.4306,1.41599,1.42022,69595
2009-08-17 00:00:00,1.41879,1.4194200000000001,1.40454,1.40814,73996
2009-08-18 00:00:00,1.40809,1.41483,1.40666,1.41346,72434
2009-08-19 00:00:00,1.41348,1.42661,1.40841,1.42228,76069
2009-08-20 00:00:00,1.42229,1.4273799999999999,1.42005,1.4253,64628
2009-08-21 00:00:00,1.42531,1.43751,1.42081,1.43249,59922
2009-08-24 00:00:00,1.43437,1.43585,1.4280599999999999,1.43029,51473
2009-08-25 00:00:00,1.43029,1.43616,1.42526,1.42962,57805
2009-08-26 00:00:00,1.42957,1.435,1.42065,1.42543,57176
2009-08-27 00:00:00,1.42541,1.44049,1.42192,1.43407,58224
2009-08-28 00:00:00,1.4341,1.4388,1.42811,1.43022,54793
2009-08-31 00:00:00,1.43076,1.43668,1.4255900000000001,1.43326,42757
2009-09-01 00:00:00,1.4332799999999999,1.4376,1.4177,1.4224,52160
2009-09-02 00:00:00,1.4222000000000001,1.4293,1.4189,1.4263,51983
2009-09-03 00:00:00,1.4263,1.4346999999999999,1.4236,1.4251,47071
2009-09-04 00:00:00,1.425,1.4325999999999999,1.4191,1.4295,44217
2009-09-07 00:00:00,1.4304999999999999,1.4358,1.4302000000000001,1.4331,32388
2009-09-08 00:00:00,1.4331,1.4533,1.4328,1.4477,52154
2009-09-09 00:00:00,1.4477,1.4599,1.4466,1.4556,32137
2009-09-10 00:00:00,1.4557,1.4612,1.4502,1.4581,10329
2009-09-11 00:00:00,1.4582,1.4633,1.4553,1.457,10211
2009-09-14 00:00:00,1.4597,1.4651100000000001,1.45154,1.4617,51015
2009-09-15 00:00:00,1.4617200000000001,1.46847,1.45611,1.4657200000000001,51105
2009-09-16 00:00:00,1.4657,1.4736099999999999,1.4641199999999999,1.4708999999999999,53215
2009-09-17 00:00:00,1.4708700000000001,1.47652,1.46879,1.47403,50495
2009-09-18 00:00:00,1.4739900000000001,1.4747,1.46471,1.47106,47889
2009-09-21 00:00:00,1.46953,1.47125,1.4611,1.46791,43795
2009-09-22 00:00:00,1.46789,1.48203,1.4671,1.4788999999999999,45980
2009-09-23 00:00:00,1.47892,1.48427,1.4727299999999999,1.47339,53069
2009-09-24 00:00:00,1.47344,1.48016,1.46282,1.46639,58197
2009-09-25 00:00:00,1.46632,1.4723899999999999,1.46142,1.46881,57468
2009-09-28 00:00:00,1.47011,1.47193,1.4564,1.46216,55654
2009-09-29 00:00:00,1.46217,1.46452,1.45274,1.45871,56994
2009-09-30 00:00:00,1.45874,1.4673,1.45752,1.4638499999999999,56829
2009-10-01 00:00:00,1.4640900000000001,1.46676,1.4517,1.45445,54853
2009-10-02 00:00:00,1.45443,1.46457,1.44835,1.4574,51618
2009-10-05 00:00:00,1.45883,1.46676,1.45791,1.46465,47448
2009-10-06 00:00:00,1.46463,1.4760900000000001,1.46445,1.4720900000000001,52179
2009-10-07 00:00:00,1.47208,1.47355,1.46489,1.46905,49832
2009-10-08 00:00:00,1.46903,1.4815,1.4681600000000001,1.4792399999999999,52605
2009-10-09 00:00:00,1.47922,1.47946,1.46723,1.4729999999999999,52708
2009-10-12 00:00:00,1.47167,1.48115,1.46752,1.47716,41380
2009-10-13 00:00:00,1.47713,1.48737,1.47608,1.4852400000000001,52182
2009-10-14 00:00:00,1.48517,1.49443,1.4837500000000001,1.49221,55476
2009-10-15 00:00:00,1.49224,1.4965600000000001,1.48415,1.49459,55288
2009-10-16 00:00:00,1.4946,1.49651,1.4847299999999999,1.49035,55502
2009-10-19 00:00:00,1.48932,1.49642,1.48267,1.49625,50780
2009-10-20 00:00:00,1.4962,1.49931,1.48823,1.49445,54426
2009-10-21 00:00:00,1.49395,1.50453,1.48879,1.5015800000000001,56691
2009-10-22 00:00:00,1.50159,1.5037500000000001,1.49435,1.5032299999999998,53556
2009-10-23 00:00:00,1.50322,1.50595,1.49855,1.50072,55153
2009-10-26 00:00:00,1.5009000000000001,1.50617,1.48448,1.48681,48055
2009-10-27 00:00:00,1.48685,1.49262,1.47701,1.48116,59859
2009-10-28 00:00:00,1.48115,1.48403,1.4693100000000001,1.47213,60513
2009-10-29 00:00:00,1.47214,1.4858500000000001,1.46829,1.48356,54691
2009-10-30 00:00:00,1.48355,1.48575,1.4703,1.4718499999999999,56847
2009-11-02 00:00:00,1.47346,1.4844300000000001,1.47032,1.47749,58104
2009-11-03 00:00:00,1.4775,1.48102,1.46262,1.47231,58932
2009-11-04 00:00:00,1.4723,1.49079,1.47016,1.48609,54895
2009-11-05 00:00:00,1.4861,1.4916,1.48109,1.4870999999999999,54732
2009-11-06 00:00:00,1.48706,1.49135,1.4813399999999999,1.48462,46852
2009-11-09 00:00:00,1.48716,1.50195,1.48526,1.49984,47910
2009-11-10 00:00:00,1.49986,1.50194,1.49383,1.49924,50911
2009-11-11 00:00:00,1.49922,1.50475,1.49527,1.49865,54815
2009-11-12 00:00:00,1.49866,1.50156,1.4821,1.48502,59077
2009-11-13 00:00:00,1.4849700000000001,1.49372,1.48243,1.4901900000000001,51295
2009-11-16 00:00:00,1.49194,1.5014699999999999,1.48847,1.4969700000000001,53766
2009-11-17 00:00:00,1.49701,1.49985,1.48076,1.4875,62575
2009-11-18 00:00:00,1.4875099999999999,1.49899,1.48599,1.49622,56189
2009-11-19 00:00:00,1.49625,1.49647,1.48431,1.49245,60571
2009-11-20 00:00:00,1.49244,1.49342,1.48011,1.48614,58124
2009-11-23 00:00:00,1.48501,1.49985,1.48482,1.4959799999999999,50894
2009-11-24 00:00:00,1.49599,1.49882,1.48881,1.49683,56190
2009-11-25 00:00:00,1.49685,1.51437,1.49549,1.51334,49090
2009-11-26 00:00:00,1.51336,1.51413,1.49588,1.50195,46437
2009-11-27 00:00:00,1.50196,1.50196,1.48281,1.49869,60258
2009-11-30 00:00:00,1.50084,1.5083,1.49633,1.5004300000000002,57812
2009-12-01 00:00:00,1.50041,1.5116399999999999,1.49712,1.50812,49894
2009-12-02 00:00:00,1.50817,1.5108899999999998,1.5032,1.50439,45449
2009-12-03 00:00:00,1.50438,1.51399,1.5042499999999999,1.50516,47360
2009-12-04 00:00:00,1.50514,1.5089000000000001,1.48198,1.4856,50817
2009-12-07 00:00:00,1.48678,1.49028,1.47545,1.48241,63857
2009-12-08 00:00:00,1.48243,1.48662,1.46808,1.47023,72396
2009-12-09 00:00:00,1.47025,1.47811,1.46681,1.47258,63224
2009-12-10 00:00:00,1.47256,1.47598,1.46845,1.47312,50387
2009-12-11 00:00:00,1.47315,1.47754,1.45859,1.4613800000000001,47446
2009-12-14 00:00:00,1.46146,1.4685000000000001,1.46045,1.46557,45499
2009-12-15 00:00:00,1.46563,1.46624,1.45037,1.45367,41560
2009-12-16 00:00:00,1.45365,1.45892,1.45053,1.45309,43171
2009-12-17 00:00:00,1.45305,1.45353,1.43041,1.43371,48721
2009-12-18 00:00:00,1.43374,1.44108,1.42611,1.4335200000000001,45913
2009-12-21 00:00:00,1.43118,1.43724,1.42671,1.4276499999999999,37661
2009-12-22 00:00:00,1.42759,1.43311,1.42175,1.42479,39790
2009-12-23 00:00:00,1.42481,1.43659,1.42336,1.43361,32451
2009-12-24 00:00:00,1.43364,1.44173,1.43229,1.4353799999999999,21290
2009-12-28 00:00:00,1.43712,1.44127,1.43534,1.43769,25127
2009-12-29 00:00:00,1.43767,1.44573,1.4331,1.43519,34824
2009-12-30 00:00:00,1.43518,1.436,1.42725,1.43369,35435
2009-12-31 00:00:00,1.43368,1.44398,1.43059,1.43306,30039
2010-01-04 00:00:00,1.43259,1.44543,1.42569,1.4411800000000001,44493
2010-01-05 00:00:00,1.4411100000000001,1.4483,1.4346700000000001,1.4365,47002
2010-01-06 00:00:00,1.43651,1.4433799999999999,1.42831,1.44086,45073
2010-01-07 00:00:00,1.4408699999999999,1.44456,1.42994,1.4307699999999999,44323
2010-01-08 00:00:00,1.43076,1.44263,1.42634,1.44093,35457
2010-01-09 00:00:00,1.44085,1.44085,1.44085,1.44085,1
2010-01-11 00:00:00,1.44125,1.45545,1.4412099999999999,1.45119,44777
2010-01-12 00:00:00,1.4512,1.45448,1.44537,1.44851,46551
2010-01-13 00:00:00,1.44859,1.45785,1.44561,1.45098,46882
2010-01-14 00:00:00,1.4509699999999999,1.45547,1.44478,1.44989,43951
2010-01-15 00:00:00,1.44988,1.45108,1.43365,1.43857,47563
2010-01-18 00:00:00,1.4348,1.43995,1.4334799999999999,1.43825,32257
2010-01-19 00:00:00,1.43829,1.44131,1.42527,1.4287,49212
2010-01-20 00:00:00,1.42872,1.42942,1.40818,1.41048,56174
2010-01-21 00:00:00,1.4104700000000001,1.41415,1.40285,1.4083,57912
2010-01-22 00:00:00,1.40832,1.41807,1.40662,1.41363,54768
2010-01-25 00:00:00,1.41523,1.4193799999999999,1.41278,1.41502,41947
2010-01-26 00:00:00,1.41505,1.41784,1.40422,1.40708,51509
2010-01-27 00:00:00,1.40709,1.40963,1.39935,1.40221,54375
2010-01-28 00:00:00,1.4022000000000001,1.40518,1.3946399999999999,1.39703,52852
2010-01-29 00:00:00,1.39707,1.3987,1.3860999999999999,1.38611,51870
2010-02-01 00:00:00,1.3862700000000001,1.3937599999999999,1.38521,1.39302,45870
2010-02-02 00:00:00,1.39298,1.39738,1.38858,1.39638,43394
2010-02-03 00:00:00,1.39633,1.40255,1.38855,1.38923,42775
2010-02-04 00:00:00,1.38926,1.39023,1.37222,1.37222,46809
2010-02-05 00:00:00,1.37221,1.37448,1.35854,1.36776,58687
2010-02-08 00:00:00,1.36561,1.37128,1.3620999999999999,1.36487,46848
2010-02-09 00:00:00,1.36486,1.3838,1.36426,1.3795899999999999,53874
2010-02-10 00:00:00,1.37964,1.38119,1.36767,1.37357,51207
2010-02-11 00:00:00,1.37356,1.38,1.35955,1.36924,47726
2010-02-12 00:00:00,1.36923,1.36943,1.35311,1.3630900000000001,49963
2010-02-15 00:00:00,1.36158,1.36322,1.35785,1.35977,27386
2010-02-16 00:00:00,1.3598,1.37785,1.35879,1.37698,46779
2010-02-17 00:00:00,1.37696,1.37881,1.35859,1.36062,47105
2010-02-18 00:00:00,1.36063,1.36537,1.35041,1.35264,50121
2010-02-19 00:00:00,1.3526500000000001,1.36174,1.34433,1.36116,53808
2010-02-22 00:00:00,1.36133,1.36531,1.35745,1.35954,38087
2010-02-23 00:00:00,1.35953,1.36913,1.34961,1.35063,48459
2010-02-24 00:00:00,1.35064,1.3625,1.3502,1.35358,46039
2010-02-25 00:00:00,1.35393,1.35702,1.34504,1.35476,49284
2010-02-26 00:00:00,1.35479,1.36826,1.353,1.3631,49529
2010-03-01 00:00:00,1.36222,1.36541,1.34601,1.35602,47288
2010-03-02 00:00:00,1.3560400000000001,1.36213,1.34349,1.3615,48847
2010-03-03 00:00:00,1.36151,1.37351,1.35921,1.3695300000000001,49807
2010-03-04 00:00:00,1.36961,1.37117,1.35511,1.35805,45391
2010-03-05 00:00:00,1.35806,1.36297,1.353,1.36198,36897
2010-03-08 00:00:00,1.36307,1.37038,1.36056,1.36321,30912
2010-03-09 00:00:00,1.36323,1.36347,1.3537,1.36008,33845
2010-03-10 00:00:00,1.36007,1.3679299999999999,1.3544,1.36561,32241
2010-03-11 00:00:00,1.36563,1.36864,1.36206,1.3679000000000001,30073
2010-03-12 00:00:00,1.36784,1.37954,1.36693,1.3767800000000001,35272
2010-03-15 00:00:00,1.37612,1.3774600000000001,1.36423,1.36752,33501
2010-03-16 00:00:00,1.3675899999999999,1.37825,1.36566,1.37718,38280
2010-03-17 00:00:00,1.3771499999999999,1.38171,1.3726099999999999,1.3734,37394
2010-03-18 00:00:00,1.37339,1.37402,1.35862,1.36056,39509
2010-03-19 00:00:00,1.36057,1.36263,1.35029,1.35301,36020
2010-03-22 00:00:00,1.35174,1.35676,1.34629,1.35659,34060
2010-03-23 00:00:00,1.3565800000000001,1.35687,1.34755,1.34939,40780
2010-03-24 00:00:00,1.3494,1.34992,1.3305,1.33224,46029
2010-03-25 00:00:00,1.33229,1.33861,1.32673,1.32856,40684
2010-03-26 00:00:00,1.32854,1.34231,1.32671,1.3407499999999999,44207
2010-03-29 00:00:00,1.3471899999999999,1.35056,1.34172,1.34817,36824
2010-03-30 00:00:00,1.34819,1.35367,1.33951,1.3413,35909
2010-03-31 00:00:00,1.34128,1.35477,1.33841,1.35097,43357
2010-04-01 00:00:00,1.35096,1.35904,1.346,1.35877,38514
2010-04-02 00:00:00,1.3587799999999999,1.3590200000000001,1.34748,1.3503,21509
2010-04-05 00:00:00,1.349,1.35378,1.34599,1.3483,21421
2010-04-06 00:00:00,1.3483100000000001,1.34959,1.33551,1.33983,37549
2010-04-07 00:00:00,1.33982,1.34078,1.3326,1.33427,35555
2010-04-08 00:00:00,1.33429,1.33657,1.32821,1.33602,38185
2010-04-09 00:00:00,1.3357,1.34985,1.33414,1.34984,37363
2010-04-12 00:00:00,1.36107,1.36913,1.35656,1.35914,41234
2010-04-13 00:00:00,1.35916,1.36267,1.35463,1.36134,39440
2010-04-14 00:00:00,1.36133,1.3678,1.35959,1.3651200000000001,43623
2010-04-15 00:00:00,1.3651,1.36665,1.35215,1.35712,40719
2010-04-16 00:00:00,1.3571,1.35831,1.34726,1.3501699999999999,43857
2010-04-19 00:00:00,1.34769,1.34972,1.3416000000000001,1.34878,37090
2010-04-20 00:00:00,1.34876,1.35222,1.34283,1.3433899999999999,36053
2010-04-21 00:00:00,1.34342,1.34467,1.33579,1.33888,37861
2010-04-22 00:00:00,1.33886,1.34208,1.32651,1.3293599999999999,42157
2010-04-23 00:00:00,1.32938,1.3399,1.32016,1.338,47144
2010-04-24 00:00:00,1.33811,1.33811,1.33811,1.33811,1
2010-04-26 00:00:00,1.3346,1.33969,1.32916,1.33807,39913
2010-04-27 00:00:00,1.33809,1.34147,1.31654,1.31742,51875
2010-04-28 00:00:00,1.3174000000000001,1.32654,1.31141,1.32195,59730
2010-04-29 00:00:00,1.3219400000000001,1.3277700000000001,1.3183799999999999,1.32328,47489
2010-04-30 00:00:00,1.32329,1.33417,1.32234,1.3293599999999999,44896
2010-05-03 00:00:00,1.33296,1.3332600000000001,1.3154,1.31942,35474
2010-05-04 00:00:00,1.31934,1.32131,1.29812,1.2986900000000001,47761
2010-05-05 00:00:00,1.29868,1.29956,1.28034,1.28132,57608
2010-05-06 00:00:00,1.28131,1.2855699999999999,1.2527,1.2619,72272
2010-05-07 00:00:00,1.2619099999999999,1.27973,1.2586,1.27518,85773
2010-05-10 00:00:00,1.29299,1.30934,1.27588,1.27864,77319
2010-05-11 00:00:00,1.27863,1.28022,1.26562,1.26607,66297
2010-05-12 00:00:00,1.26606,1.27383,1.26051,1.26131,61874
2010-05-13 00:00:00,1.2613400000000001,1.26834,1.25184,1.25339,48949
2010-05-14 00:00:00,1.2534,1.25753,1.23529,1.23577,60026
2010-05-15 00:00:00,1.23569,1.23569,1.23561,1.23566,7
2010-05-17 00:00:00,1.23485,1.24138,1.22332,1.23945,148001
2010-05-18 00:00:00,1.23946,1.24437,1.21616,1.22018,71996
2010-05-19 00:00:00,1.22017,1.2423,1.21435,1.2414,48768
2010-05-20 00:00:00,1.2415,1.25969,1.22957,1.24874,42226
2010-05-21 00:00:00,1.24867,1.26711,1.2455,1.2566899999999999,63162
2010-05-22 00:00:00,1.25686,1.25712,1.25686,1.25712,5
2010-05-24 00:00:00,1.25461,1.25622,1.23476,1.23711,49649
2010-05-25 00:00:00,1.23708,1.23715,1.21776,1.23444,51641
2010-05-26 00:00:00,1.23442,1.23877,1.21665,1.21753,48949
2010-05-27 00:00:00,1.21771,1.23937,1.21534,1.23608,60118
2010-05-28 00:00:00,1.2361,1.24518,1.22651,1.22732,55663
2010-05-29 00:00:00,1.22722,1.22722,1.2272,1.2272,2
2010-05-31 00:00:00,1.22807,1.2334100000000001,1.22665,1.23048,34496
2010-06-01 00:00:00,1.23049,1.23487,1.21107,1.22273,64914
2010-06-02 00:00:00,1.2227000000000001,1.22726,1.21749,1.22484,62189
2010-06-03 00:00:00,1.2248999999999999,1.23252,1.2152,1.21613,55905
2010-06-04 00:00:00,1.21615,1.2215,1.19551,1.19676,54735
2010-06-05 00:00:00,1.19671,1.19671,1.19671,1.19671,1
2010-06-07 00:00:00,1.1945999999999999,1.19907,1.18758,1.19226,62283
2010-06-08 00:00:00,1.19225,1.2008,1.19022,1.19729,62991
2010-06-09 00:00:00,1.1973,1.20724,1.19236,1.19783,55374
2010-06-10 00:00:00,1.19781,1.21411,1.19565,1.21239,63819
2010-06-11 00:00:00,1.2123,1.21521,1.20452,1.21112,71937
2010-06-14 00:00:00,1.21188,1.2297500000000001,1.21155,1.22201,49446
2010-06-15 00:00:00,1.22199,1.2349,1.21679,1.23311,90386
2010-06-16 00:00:00,1.23296,1.23525,1.22552,1.23095,45107
2010-06-17 00:00:00,1.2309700000000001,1.24095,1.22422,1.23883,46358
2010-06-18 00:00:00,1.23879,1.24156,1.23529,1.23872,39407
2010-06-19 00:00:00,1.23871,1.23879,1.23871,1.23875,4
2010-06-21 00:00:00,1.24291,1.24664,1.23038,1.2313399999999999,49646
2010-06-22 00:00:00,1.23131,1.23531,1.22521,1.227,45535
2010-06-23 00:00:00,1.22701,1.23431,1.2209,1.23093,33143
2010-06-24 00:00:00,1.23094,1.23869,1.22614,1.2332,49032
2010-06-25 00:00:00,1.23321,1.23942,1.22538,1.23685,40415
2010-06-26 00:00:00,1.23681,1.23681,1.23681,1.23681,1
2010-06-28 00:00:00,1.23781,1.23966,1.22651,1.22763,40899
2010-06-29 00:00:00,1.22761,1.22902,1.21495,1.2187000000000001,40716
2010-06-30 00:00:00,1.21884,1.23038,1.21662,1.22362,50652
2010-07-01 00:00:00,1.22359,1.25328,1.2193,1.25267,53808
2010-07-02 00:00:00,1.25268,1.26106,1.24824,1.25655,48115
2010-07-05 00:00:00,1.25558,1.25619,1.251,1.25381,22774
2010-07-06 00:00:00,1.25383,1.26623,1.24796,1.26268,46120
2010-07-07 00:00:00,1.26266,1.2663,1.25531,1.2637399999999999,43755
2010-07-08 00:00:00,1.26371,1.27105,1.26199,1.26955,41850
2010-07-09 00:00:00,1.26958,1.27218,1.26085,1.26404,35143
2010-07-12 00:00:00,1.26413,1.26463,1.25506,1.25956,32546
2010-07-13 00:00:00,1.25953,1.27381,1.2521900000000001,1.27234,110581
2010-07-14 00:00:00,1.272,1.27768,1.26822,1.2742,40662
2010-07-15 00:00:00,1.27428,1.2953999999999999,1.27092,1.29491,76915
2010-07-16 00:00:00,1.29494,1.30063,1.28894,1.2929599999999999,48173
2010-07-19 00:00:00,1.2904,1.29908,1.28711,1.29412,36629
2010-07-20 00:00:00,1.29417,1.30275,1.28389,1.28796,42582
2010-07-21 00:00:00,1.28793,1.29123,1.27318,1.27528,43340
2010-07-22 00:00:00,1.27529,1.29302,1.27368,1.28919,44595
2010-07-23 00:00:00,1.28918,1.29642,1.27932,1.29086,46248
2010-07-24 00:00:00,1.29083,1.29086,1.29083,1.29086,2
2010-07-26 00:00:00,1.2894,1.30046,1.28761,1.29928,39439
2010-07-27 00:00:00,1.2993000000000001,1.30453,1.29516,1.29951,42970
2010-07-28 00:00:00,1.29953,1.30412,1.2966199999999999,1.29939,41912
2010-07-29 00:00:00,1.29936,1.3106,1.2977400000000001,1.30766,39896
2010-07-30 00:00:00,1.30773,1.3093,1.29802,1.30504,42721
2010-08-02 00:00:00,1.30596,1.31945,1.30533,1.31787,34700
2010-08-03 00:00:00,1.31791,1.3261,1.31464,1.3229899999999999,35608
2010-08-04 00:00:00,1.32298,1.32382,1.31308,1.31603,34565
2010-08-05 00:00:00,1.31602,1.32344,1.31186,1.31883,36216
2010-08-06 00:00:00,1.31882,1.33327,1.31573,1.32776,34686
2010-08-07 00:00:00,1.32781,1.32781,1.32781,1.32781,1
2010-08-09 00:00:00,1.3288,1.3307,1.32163,1.3221,26337
2010-08-10 00:00:00,1.32209,1.32321,1.30742,1.31758,40244
2010-08-11 00:00:00,1.31756,1.3186,1.28609,1.28622,47055
2010-08-12 00:00:00,1.28623,1.2932000000000001,1.27805,1.28284,45761
2010-08-13 00:00:00,1.28281,1.29052,1.27494,1.27531,42098
2010-08-16 00:00:00,1.2765,1.28705,1.27336,1.28257,38175
2010-08-17 00:00:00,1.28256,1.29152,1.28038,1.28834,41499
2010-08-18 00:00:00,1.28836,1.29214,1.28233,1.28521,38410
2010-08-19 00:00:00,1.28522,1.29021,1.27721,1.28223,46307
2010-08-20 00:00:00,1.28224,1.28315,1.26634,1.2711000000000001,41629
2010-08-21 00:00:00,1.27105,1.27105,1.27105,1.27105,1
2010-08-23 00:00:00,1.2705,1.27287,1.2647,1.2656100000000001,35951
2010-08-24 00:00:00,1.26559,1.27157,1.25874,1.26263,45081
2010-08-25 00:00:00,1.26264,1.27254,1.2609,1.26578,45364
2010-08-26 00:00:00,1.26575,1.27634,1.26501,1.27151,44619
2010-08-27 00:00:00,1.2718099999999999,1.27778,1.2681,1.27604,39424
2010-08-28 00:00:00,1.27607,1.27617,1.27607,1.27617,3
2010-08-30 00:00:00,1.27641,1.27647,1.26585,1.26617,30335
2010-08-31 00:00:00,1.26619,1.2742200000000001,1.2625,1.26788,41785
2010-09-01 00:00:00,1.26785,1.28546,1.2663,1.2807,34381
2010-09-02 00:00:00,1.28073,1.28474,1.2776399999999999,1.28243,29348
2010-09-03 00:00:00,1.28239,1.28969,1.28082,1.2896,26378
2010-09-04 00:00:00,1.28951,1.28951,1.28951,1.28951,1
2010-09-06 00:00:00,1.28934,1.2916699999999999,1.28666,1.28749,17608
2010-09-07 00:00:00,1.28748,1.28758,1.2677,1.26811,33981
2010-09-08 00:00:00,1.26816,1.27624,1.2658800000000001,1.27197,40706
2010-09-09 00:00:00,1.27194,1.27654,1.26645,1.26946,37851
2010-09-10 00:00:00,1.26942,1.27461,1.26434,1.26783,36750
2010-09-11 00:00:00,1.26784,1.26784,1.26784,1.26784,1
2010-09-13 00:00:00,1.2705,1.2892299999999999,1.2704,1.28819,38618
2010-09-14 00:00:00,1.28818,1.30324,1.2829,1.29969,44010
2010-09-15 00:00:00,1.2997,1.3035999999999999,1.29528,1.301,46681
2010-09-16 00:00:00,1.30101,1.3115999999999999,1.2975400000000001,1.30769,42978
2010-09-17 00:00:00,1.30768,1.3158400000000001,1.30189,1.30483,41428
2010-09-18 00:00:00,1.3048600000000001,1.30487,1.3048600000000001,1.30487,2
2010-09-20 00:00:00,1.3046,1.3121,1.30288,1.30603,30126
2010-09-21 00:00:00,1.30602,1.3281399999999999,1.30571,1.32633,41500
2010-09-22 00:00:00,1.32632,1.34388,1.3247499999999999,1.34048,42036
2010-09-23 00:00:00,1.34046,1.3413,1.33069,1.33135,45358
2010-09-24 00:00:00,1.33135,1.34945,1.32863,1.3491900000000001,22781
2010-09-27 00:00:00,1.3482,1.35054,1.34252,1.3454,39048
2010-09-28 00:00:00,1.34535,1.35945,1.3381,1.35843,49149
2010-09-29 00:00:00,1.35846,1.3646099999999999,1.3566,1.36259,40547
2010-09-30 00:00:00,1.36258,1.36825,1.35592,1.36342,55407
2010-10-01 00:00:00,1.36337,1.37915,1.3618299999999999,1.37907,48751
2010-10-02 00:00:00,1.379,1.379,1.379,1.379,1
2010-10-04 00:00:00,1.37877,1.37888,1.36662,1.36847,44831
2010-10-05 00:00:00,1.36843,1.38582,1.36367,1.3838300000000001,53304
2010-10-06 00:00:00,1.38382,1.39469,1.38003,1.39292,50499
2010-10-07 00:00:00,1.393,1.40285,1.38568,1.3925100000000001,52240
2010-10-08 00:00:00,1.39252,1.39831,1.38341,1.3928,48758
2010-10-11 00:00:00,1.4002,1.4007,1.38659,1.3875600000000001,29907
2010-10-12 00:00:00,1.38761,1.39344,1.37752,1.39241,51169
2010-10-13 00:00:00,1.3924400000000001,1.40009,1.39116,1.39605,43818
2010-10-14 00:00:00,1.39608,1.41215,1.39543,1.40824,47946
2010-10-15 00:00:00,1.40826,1.41505,1.39368,1.3976199999999999,51118
2010-10-18 00:00:00,1.39727,1.39975,1.38305,1.39336,50032
2010-10-19 00:00:00,1.39334,1.40022,1.3712900000000001,1.37252,61672
2010-10-20 00:00:00,1.3725800000000001,1.39887,1.36975,1.39632,56097
2010-10-21 00:00:00,1.3963,1.40495,1.38712,1.39195,58381
2010-10-22 00:00:00,1.39193,1.397,1.38604,1.39528,51517
2010-10-25 00:00:00,1.39516,1.40795,1.3934,1.3964400000000001,55619
2010-10-26 00:00:00,1.39642,1.3981,1.38251,1.38572,62571
2010-10-27 00:00:00,1.3857300000000001,1.38763,1.37338,1.37679,66426
2010-10-28 00:00:00,1.37676,1.39448,1.3763,1.39298,60514
2010-10-29 00:00:00,1.39297,1.39502,1.38068,1.39459,61007
2010-11-01 00:00:00,1.39703,1.40106,1.38636,1.38958,59430
2010-11-02 00:00:00,1.38959,1.40573,1.38812,1.4032200000000001,66277
2010-11-03 00:00:00,1.40323,1.41797,1.39916,1.4132500000000001,75280
2010-11-04 00:00:00,1.41324,1.42813,1.4102000000000001,1.4217,80705
2010-11-05 00:00:00,1.42168,1.42478,1.40238,1.40314,67009
2010-11-08 00:00:00,1.40538,1.40846,1.3887399999999999,1.39188,71066
2010-11-09 00:00:00,1.39179,1.3973,1.3752,1.37723,81665
2010-11-10 00:00:00,1.37721,1.38248,1.36711,1.37816,82009
2010-11-11 00:00:00,1.37817,1.3820000000000001,1.36369,1.36667,74864
2010-11-12 00:00:00,1.36664,1.37758,1.35735,1.36907,86958
2010-11-13 00:00:00,1.36904,1.36904,1.369,1.369,2
2010-11-15 00:00:00,1.36829,1.37497,1.3563399999999999,1.35859,71356
2010-11-16 00:00:00,1.35861,1.36547,1.34475,1.34891,91212
2010-11-17 00:00:00,1.3489200000000001,1.35646,1.34602,1.35279,81100
2010-11-18 00:00:00,1.35277,1.36666,1.3525,1.36412,79490
2010-11-19 00:00:00,1.36409,1.37308,1.36081,1.36733,69363
2010-11-20 00:00:00,1.3675,1.36762,1.36718,1.36718,12
2010-11-22 00:00:00,1.37355,1.37853,1.35765,1.36264,77281
2010-11-23 00:00:00,1.36263,1.36323,1.3361,1.3367499999999999,92613
2010-11-24 00:00:00,1.33676,1.34202,1.3284500000000001,1.33356,92513
2010-11-25 00:00:00,1.33354,1.3386,1.32862,1.33589,65482
2010-11-26 00:00:00,1.33599,1.33621,1.32003,1.32408,78981
2010-11-27 00:00:00,1.32402,1.32402,1.32402,1.32402,1
2010-11-29 00:00:00,1.3275000000000001,1.33009,1.30639,1.31259,83932
2010-11-30 00:00:00,1.31257,1.31491,1.29694,1.29817,99629
2010-12-01 00:00:00,1.2981500000000001,1.31806,1.29707,1.31363,97156
2010-12-02 00:00:00,1.31366,1.32462,1.30603,1.32084,92393
2010-12-03 00:00:00,1.32085,1.3437299999999999,1.31929,1.34138,85671
2010-12-04 00:00:00,1.34139,1.34141,1.3413599999999999,1.3413599999999999,7
2010-12-06 00:00:00,1.34078,1.34216,1.32463,1.33072,85247
2010-12-07 00:00:00,1.3307,1.33997,1.32573,1.32605,92851
2010-12-08 00:00:00,1.32606,1.32797,1.31796,1.32614,93152
2010-12-09 00:00:00,1.32621,1.3322,1.3164500000000001,1.32381,82646
2010-12-10 00:00:00,1.3237999999999999,1.32817,1.31786,1.32237,70502
2010-12-11 00:00:00,1.32236,1.3226200000000001,1.32234,1.3226200000000001,5
2010-12-13 00:00:00,1.3205200000000001,1.34325,1.31823,1.33907,73962
2010-12-14 00:00:00,1.3390900000000001,1.34966,1.33637,1.3377,78865
2010-12-15 00:00:00,1.33769,1.33807,1.3208199999999999,1.32132,83286
2010-12-16 00:00:00,1.32131,1.32648,1.31812,1.32429,73573
2010-12-17 00:00:00,1.32431,1.33581,1.31328,1.31874,76147
2010-12-18 00:00:00,1.31873,1.31874,1.31873,1.31873,3
2010-12-20 00:00:00,1.31661,1.31823,1.3094700000000001,1.3130600000000001,69865
2010-12-21 00:00:00,1.31305,1.32006,1.30732,1.31002,75157
2010-12-22 00:00:00,1.31002,1.31798,1.30777,1.30984,69993
2010-12-23 00:00:00,1.30985,1.31506,1.30549,1.31134,57844
2010-12-24 00:00:00,1.3113299999999999,1.31474,1.30948,1.3122,26606
2010-12-25 00:00:00,1.31213,1.31213,1.31209,1.31209,2
2010-12-27 00:00:00,1.31129,1.3169,1.30718,1.31639,45447
2010-12-28 00:00:00,1.31638,1.32737,1.30932,1.31142,61365
2010-12-29 00:00:00,1.31141,1.3237999999999999,1.30832,1.32246,56002
2010-12-30 00:00:00,1.32244,1.33137,1.32162,1.329,59574
2010-12-31 00:00:00,1.32901,1.34223,1.3284799999999999,1.33827,47106
2011-01-03 00:00:00,1.33443,1.33945,1.32501,1.33598,62479
2011-01-04 00:00:00,1.33598,1.3433,1.32919,1.33078,80491
2011-01-05 00:00:00,1.33076,1.33247,1.3125499999999999,1.3149199999999999,83664
2011-01-06 00:00:00,1.31494,1.31699,1.29971,1.30023,72798
2011-01-07 00:00:00,1.30022,1.30206,1.29044,1.29054,84276
2011-01-08 00:00:00,1.29053,1.29055,1.29051,1.29055,6
2011-01-10 00:00:00,1.28939,1.29639,1.28736,1.29514,72467
2011-01-11 00:00:00,1.29508,1.2992,1.29047,1.29734,80966
2011-01-12 00:00:00,1.29733,1.31442,1.29616,1.31307,85312
2011-01-13 00:00:00,1.3132,1.3382800000000001,1.30888,1.33633,83488
2011-01-14 00:00:00,1.33633,1.34562,1.33144,1.33872,83398
2011-01-15 00:00:00,1.33873,1.33875,1.33873,1.33875,2
2011-01-17 00:00:00,1.33704,1.3382,1.3244799999999999,1.32932,67129
2011-01-18 00:00:00,1.3293300000000001,1.34644,1.32532,1.33869,88036
2011-01-19 00:00:00,1.33868,1.35372,1.33683,1.34726,89662
2011-01-20 00:00:00,1.34726,1.35223,1.33959,1.34721,92850
2011-01-21 00:00:00,1.3471899999999999,1.36238,1.34484,1.36202,88572
2011-01-22 00:00:00,1.362,1.362,1.36196,1.36196,3
2011-01-24 00:00:00,1.36097,1.3685100000000001,1.35399,1.36372,81878
2011-01-25 00:00:00,1.36372,1.37023,1.35728,1.36813,93270
2011-01-26 00:00:00,1.36814,1.3721,1.36421,1.37121,90032
2011-01-27 00:00:00,1.3712,1.37573,1.3637000000000001,1.37317,92327
2011-01-28 00:00:00,1.37323,1.37454,1.35833,1.36109,89847
2011-01-29 00:00:00,1.36105,1.36105,1.36101,1.36102,7
2011-01-31 00:00:00,1.358,1.37385,1.35702,1.3693,88939
2011-02-01 00:00:00,1.36929,1.38419,1.36898,1.38275,92393
2011-02-02 00:00:00,1.38275,1.3860700000000001,1.37672,1.38093,83628
2011-02-03 00:00:00,1.3809,1.38248,1.3609200000000001,1.3633,82265
2011-02-04 00:00:00,1.36331,1.36748,1.35436,1.35805,55232
2011-02-05 00:00:00,1.358,1.358,1.358,1.358,2
2011-02-07 00:00:00,1.35686,1.36256,1.3508,1.3582,54562
2011-02-08 00:00:00,1.3581699999999999,1.36871,1.3572,1.36247,53087
2011-02-09 00:00:00,1.36246,1.37424,1.36106,1.37317,51909
2011-02-10 00:00:00,1.37316,1.37337,1.35773,1.35999,67575
2011-02-11 00:00:00,1.3599999999999999,1.36204,1.34972,1.3548,51435
2011-02-12 00:00:00,1.35489,1.35513,1.3548499999999999,1.35513,14
2011-02-14 00:00:00,1.3524,1.35579,1.34279,1.34882,67292
2011-02-15 00:00:00,1.34881,1.35498,1.34609,1.34859,64622
2011-02-16 00:00:00,1.34856,1.35873,1.3462,1.35679,68809
2011-02-17 00:00:00,1.35679,1.36174,1.35367,1.3608,57731
2011-02-18 00:00:00,1.36081,1.37138,1.35453,1.36923,63719
2011-02-21 00:00:00,1.36886,1.3715,1.3647,1.36775,51872
2011-02-22 00:00:00,1.36785,1.37026,1.35278,1.36503,83495
2011-02-23 00:00:00,1.36497,1.3786,1.36477,1.37478,74688
2011-02-24 00:00:00,1.37479,1.3818,1.3704,1.37992,75217
2011-02-25 00:00:00,1.37991,1.38372,1.37239,1.37521,69385
2011-02-26 00:00:00,1.37522,1.37523,1.37522,1.37523,2
2011-02-28 00:00:00,1.3747,1.3854600000000001,1.3711,1.38057,71145
2011-03-01 00:00:00,1.38055,1.38532,1.37628,1.3777,79777
2011-03-02 00:00:00,1.37772,1.38897,1.37447,1.38644,73227
2011-03-03 00:00:00,1.38646,1.39728,1.3832900000000001,1.39687,74899
2011-03-04 00:00:00,1.39688,1.40052,1.39418,1.3986399999999999,60409
2011-03-05 00:00:00,1.39863,1.39863,1.39863,1.39863,1
2011-03-07 00:00:00,1.39921,1.40354,1.3955,1.39664,72531
2011-03-08 00:00:00,1.39664,1.39881,1.38622,1.3904,70470
2011-03-09 00:00:00,1.39039,1.39411,1.38553,1.39072,70660
2011-03-10 00:00:00,1.39075,1.39236,1.37748,1.3796599999999999,74009
2011-03-11 00:00:00,1.37994,1.39147,1.37519,1.39018,70764
2011-03-12 00:00:00,1.39016,1.39016,1.39016,1.39016,1
2011-03-14 00:00:00,1.39507,1.40026,1.39043,1.39878,72102
2011-03-15 00:00:00,1.39877,1.40123,1.3855,1.39971,86525
2011-03-16 00:00:00,1.39972,1.40003,1.38665,1.39306,86730
2011-03-17 00:00:00,1.3930500000000001,1.40518,1.3869099999999999,1.40189,92533
2011-03-18 00:00:00,1.40189,1.41831,1.39801,1.4179300000000001,79024
2011-03-21 00:00:00,1.41808,1.42395,1.41411,1.42191,59911
2011-03-22 00:00:00,1.4218899999999999,1.42479,1.41788,1.41981,62022
2011-03-23 00:00:00,1.41982,1.4214,1.40767,1.4096199999999999,73220
2011-03-24 00:00:00,1.4095900000000001,1.4218899999999999,1.40534,1.41719,69066
2011-03-25 00:00:00,1.41717,1.4193,1.40548,1.40868,66352
2011-03-28 00:00:00,1.40463,1.4114900000000001,1.40204,1.40862,58737
2011-03-29 00:00:00,1.40863,1.4148399999999999,1.40469,1.41123,61593
2011-03-30 00:00:00,1.41123,1.41464,1.40516,1.41277,68236
2011-03-31 00:00:00,1.4127399999999999,1.42319,1.41157,1.41565,69993
2011-04-01 00:00:00,1.4156900000000001,1.42448,1.40614,1.42328,68385
2011-04-02 00:00:00,1.42327,1.42344,1.42325,1.42344,17
2011-04-04 00:00:00,1.42312,1.4267699999999999,1.41925,1.42197,59798
2011-04-05 00:00:00,1.42196,1.42445,1.4151099999999999,1.42219,59963
2011-04-06 00:00:00,1.42218,1.43483,1.42073,1.43312,66191
2011-04-07 00:00:00,1.43309,1.43362,1.42424,1.4307699999999999,68976
2011-04-08 00:00:00,1.4307400000000001,1.44869,1.42908,1.4482599999999999,70298
2011-04-09 00:00:00,1.44822,1.44825,1.4482,1.4482300000000001,12
2011-04-11 00:00:00,1.4453,1.44825,1.44205,1.44353,59542
2011-04-12 00:00:00,1.44354,1.45183,1.4377,1.44771,76631
2011-04-13 00:00:00,1.44769,1.45193,1.4413,1.44421,70822
2011-04-14 00:00:00,1.44422,1.45141,1.43647,1.44871,73762
2011-04-15 00:00:00,1.44872,1.45029,1.43905,1.44282,67710
2011-04-16 00:00:00,1.44287,1.44291,1.4426999999999999,1.44285,8
2011-04-18 00:00:00,1.44162,1.44199,1.41574,1.42337,74593
2011-04-19 00:00:00,1.42334,1.4352,1.42051,1.43339,70908
2011-04-20 00:00:00,1.4334,1.45437,1.43278,1.4522599999999999,75087
2011-04-21 00:00:00,1.45227,1.46478,1.4505,1.45516,70458
2011-04-22 00:00:00,1.45517,1.45873,1.45339,1.45608,34958
2011-04-23 00:00:00,1.45595,1.456,1.4559,1.45597,13
2011-04-25 00:00:00,1.45604,1.46259,1.45251,1.45803,54232
2011-04-26 00:00:00,1.4579900000000001,1.46559,1.44929,1.4643,64102
2011-04-27 00:00:00,1.46431,1.47946,1.4632100000000001,1.47873,70604
2011-04-28 00:00:00,1.47874,1.4880900000000001,1.47676,1.48217,72458
2011-04-29 00:00:00,1.48216,1.48772,1.48034,1.48048,50130
2011-04-30 00:00:00,1.48052,1.48062,1.48052,1.48062,6
2011-05-02 00:00:00,1.4824899999999999,1.4901200000000001,1.47632,1.48288,64783
2011-05-03 00:00:00,1.48288,1.48885,1.47542,1.48236,67512
2011-05-04 00:00:00,1.48239,1.4938500000000001,1.47748,1.4825599999999999,73198
2011-05-05 00:00:00,1.48258,1.48989,1.45096,1.45401,78903
2011-05-06 00:00:00,1.4540199999999999,1.45873,1.43117,1.43149,91186
2011-05-09 00:00:00,1.43656,1.44407,1.42548,1.43634,85523
2011-05-10 00:00:00,1.43635,1.4411800000000001,1.427,1.44083,89095
2011-05-11 00:00:00,1.44086,1.44224,1.4172,1.41909,75285
2011-05-12 00:00:00,1.41909,1.4276,1.41229,1.4243700000000001,69503
2011-05-13 00:00:00,1.42438,1.43388,1.40672,1.41153,57459
2011-05-14 00:00:00,1.41157,1.4117,1.41157,1.4117,19
2011-05-16 00:00:00,1.40753,1.4243700000000001,1.40478,1.41552,64893
2011-05-17 00:00:00,1.41577,1.42379,1.41202,1.42348,62942
2011-05-18 00:00:00,1.42355,1.42862,1.41946,1.42475,35213
2011-05-19 00:00:00,1.42473,1.43246,1.42058,1.43116,36263
2011-05-20 00:00:00,1.43117,1.43451,1.41321,1.41573,35789
2011-05-23 00:00:00,1.41318,1.41429,1.39692,1.4047,39064
2011-05-24 00:00:00,1.40461,1.41327,1.4002,1.40984,38990
2011-05-25 00:00:00,1.40991,1.41177,1.4013,1.40872,51668
2011-05-26 00:00:00,1.40873,1.42062,1.40674,1.41429,121714
2011-05-27 00:00:00,1.41428,1.43216,1.41242,1.4316,94845
2011-05-28 00:00:00,1.4315,1.43173,1.4315,1.43173,11
2011-05-30 00:00:00,1.43099,1.43099,1.42567,1.42812,54619
2011-05-31 00:00:00,1.42811,1.4423599999999999,1.42784,1.4396,76097
2011-06-01 00:00:00,1.43956,1.4457900000000001,1.4320300000000001,1.43281,80331
2011-06-02 00:00:00,1.43279,1.45121,1.43075,1.4491,73510
2011-06-03 00:00:00,1.44909,1.4642,1.44524,1.46327,57473
2011-06-06 00:00:00,1.46269,1.46571,1.4557,1.45749,68063
2011-06-07 00:00:00,1.4574799999999999,1.46955,1.45634,1.46896,60108
2011-06-08 00:00:00,1.46924,1.4694099999999999,1.4564,1.45827,57474
2011-06-09 00:00:00,1.45825,1.46455,1.44775,1.45089,48273
2011-06-10 00:00:00,1.45092,1.4550100000000001,1.4322300000000001,1.43468,49879
2011-06-11 00:00:00,1.4346700000000001,1.43468,1.43458,1.43458,6
2011-06-13 00:00:00,1.4327,1.44295,1.43208,1.44123,79896
2011-06-14 00:00:00,1.44125,1.44971,1.43785,1.44402,74385
2011-06-15 00:00:00,1.444,1.44506,1.4156,1.41785,75354
2011-06-16 00:00:00,1.4178899999999999,1.42184,1.40731,1.42077,99176
2011-06-17 00:00:00,1.4207,1.4338199999999999,1.4127399999999999,1.42858,84696
2011-06-20 00:00:00,1.42747,1.43265,1.4191,1.43033,79286
2011-06-21 00:00:00,1.43032,1.4422,1.43028,1.44107,79592
2011-06-22 00:00:00,1.44122,1.44407,1.4341,1.43555,84309
2011-06-23 00:00:00,1.43545,1.43567,1.41265,1.42554,82803
2011-06-24 00:00:00,1.4255499999999999,1.43055,1.4141599999999999,1.41879,80219
2011-06-25 00:00:00,1.41883,1.4191099999999999,1.41865,1.41865,10
2011-06-27 00:00:00,1.41875,1.42924,1.4102299999999999,1.4286400000000001,81246
2011-06-28 00:00:00,1.4286699999999999,1.43959,1.42366,1.43701,79790
2011-06-29 00:00:00,1.43702,1.44466,1.4338,1.44339,70572
2011-06-30 00:00:00,1.44342,1.45364,1.44268,1.45015,73538
2011-07-01 00:00:00,1.45015,1.4550100000000001,1.44359,1.45259,68835
2011-07-02 00:00:00,1.45242,1.45248,1.45215,1.4524599999999999,9
2011-07-04 00:00:00,1.45366,1.45769,1.44953,1.4539900000000001,60864
2011-07-05 00:00:00,1.45395,1.4553,1.44025,1.4428,76183
2011-07-06 00:00:00,1.44281,1.44657,1.42858,1.43183,76337
2011-07-07 00:00:00,1.43181,1.43733,1.42214,1.43625,73120
2011-07-08 00:00:00,1.4362599999999999,1.43679,1.42059,1.42632,80153
2011-07-11 00:00:00,1.42236,1.42266,1.39858,1.40299,89506
2011-07-12 00:00:00,1.40295,1.40607,1.38371,1.3973900000000001,108252
2011-07-13 00:00:00,1.3974,1.4192,1.39512,1.4161299999999999,98272
2011-07-14 00:00:00,1.41631,1.42808,1.41156,1.4142299999999999,98994
2011-07-15 00:00:00,1.4142299999999999,1.4197899999999999,1.40919,1.41566,79535
2011-07-16 00:00:00,1.4157199999999999,1.41577,1.41566,1.41566,6
2011-07-18 00:00:00,1.41208,1.41339,1.40138,1.41125,154218
2011-07-19 00:00:00,1.41124,1.4216,1.40687,1.41527,110206
2011-07-20 00:00:00,1.41526,1.42391,1.41331,1.4215200000000001,72693
2011-07-21 00:00:00,1.42151,1.44337,1.41388,1.44238,88685
2011-07-22 00:00:00,1.44237,1.44375,1.43241,1.43576,74932
2011-07-23 00:00:00,1.43577,1.4359,1.4356900000000001,1.4358,13
2011-07-25 00:00:00,1.43997,1.4405999999999999,1.43247,1.43765,73987
2011-07-26 00:00:00,1.43766,1.45244,1.43571,1.45099,78778
2011-07-27 00:00:00,1.45098,1.4535,1.4339,1.43658,77005
2011-07-28 00:00:00,1.43643,1.4399899999999999,1.42544,1.43286,87931
2011-07-29 00:00:00,1.43288,1.44128,1.42293,1.43945,84485
2011-08-01 00:00:00,1.43607,1.44526,1.41843,1.42497,84825
2011-08-02 00:00:00,1.42496,1.42822,1.4151,1.41986,86437
2011-08-03 00:00:00,1.4193,1.43436,1.41425,1.43219,89244
2011-08-04 00:00:00,1.43224,1.43671,1.40862,1.40892,105590
2011-08-05 00:00:00,1.4090500000000001,1.42972,1.40553,1.4276200000000001,110194
2011-08-06 00:00:00,1.42759,1.42805,1.42758,1.42804,12
2011-08-08 00:00:00,1.43705,1.44006,1.41303,1.41777,117526
2011-08-09 00:00:00,1.41775,1.43759,1.41521,1.43747,128734
2011-08-10 00:00:00,1.43749,1.44006,1.41622,1.41761,108245
2011-08-11 00:00:00,1.41763,1.42912,1.41039,1.42381,118185
2011-08-12 00:00:00,1.42384,1.42899,1.41495,1.42479,95344
2011-08-15 00:00:00,1.42639,1.44748,1.42635,1.44433,87642
2011-08-16 00:00:00,1.44433,1.44709,1.4353799999999999,1.44073,94700
2011-08-17 00:00:00,1.44074,1.45167,1.4325,1.44263,91902
2011-08-18 00:00:00,1.44262,1.44508,1.4271099999999999,1.4332099999999999,94508
2011-08-19 00:00:00,1.43319,1.44507,1.42585,1.4393,98867
2011-08-20 00:00:00,1.4393500000000001,1.43955,1.4393500000000001,1.4395,11
2011-08-22 00:00:00,1.43735,1.44339,1.4346999999999999,1.4357199999999999,84061
2011-08-23 00:00:00,1.4357199999999999,1.44987,1.43527,1.444,85844
2011-08-24 00:00:00,1.44401,1.44806,1.43798,1.44136,85048
2011-08-25 00:00:00,1.44137,1.4473799999999999,1.43283,1.43731,79350
2011-08-26 00:00:00,1.4371,1.45008,1.4329100000000001,1.44984,82280
2011-08-29 00:00:00,1.44916,1.45482,1.44657,1.45139,73278
2011-08-30 00:00:00,1.45136,1.45328,1.43841,1.44376,96744
2011-08-31 00:00:00,1.44379,1.44688,1.43584,1.43788,93039
2011-09-01 00:00:00,1.4379,1.43802,1.42262,1.42584,83907
2011-09-02 00:00:00,1.42585,1.4287,1.41839,1.4203700000000001,81329
2011-09-05 00:00:00,1.41571,1.41726,1.40606,1.40941,79243
2011-09-06 00:00:00,1.40939,1.42544,1.39733,1.4004400000000001,101920
2011-09-07 00:00:00,1.4003999999999999,1.41476,1.39934,1.40931,95384
2011-09-08 00:00:00,1.4093,1.40955,1.3872,1.38846,96726
2011-09-09 00:00:00,1.3884699999999999,1.3936,1.36272,1.36532,106519
2011-09-12 00:00:00,1.3578299999999999,1.3692,1.34989,1.36769,115620
2011-09-13 00:00:00,1.36768,1.37385,1.35582,1.36774,111545
2011-09-14 00:00:00,1.36776,1.37826,1.3590900000000001,1.3753199999999999,113477
2011-09-15 00:00:00,1.37535,1.39359,1.37031,1.38754,105703
2011-09-16 00:00:00,1.38755,1.38925,1.3753600000000001,1.37995,98061
2011-09-17 00:00:00,1.37991,1.37994,1.37941,1.37941,6
2011-09-19 00:00:00,1.36761,1.37196,1.35868,1.3685800000000001,99828
2011-09-20 00:00:00,1.36853,1.37432,1.35927,1.37004,111323
2011-09-21 00:00:00,1.36991,1.37953,1.35629,1.35703,111426
2011-09-22 00:00:00,1.35704,1.36001,1.33856,1.34628,125541
2011-09-23 00:00:00,1.34633,1.35663,1.34188,1.34974,121210
2011-09-24 00:00:00,1.34973,1.34974,1.34973,1.34974,2
2011-09-26 00:00:00,1.3507799999999999,1.35492,1.33624,1.35328,122151
2011-09-27 00:00:00,1.3532899999999999,1.3666800000000001,1.34793,1.35852,112515
2011-09-28 00:00:00,1.35852,1.3689200000000001,1.3532600000000001,1.35428,109492
2011-09-29 00:00:00,1.35426,1.36774,1.35194,1.3596300000000001,114718
2011-09-30 00:00:00,1.35964,1.36001,1.33837,1.33846,106199
2011-10-03 00:00:00,1.33447,1.33808,1.31667,1.31745,110306
2011-10-04 00:00:00,1.31671,1.33681,1.31458,1.33499,121652
2011-10-05 00:00:00,1.3348200000000001,1.33826,1.32599,1.33477,114748
2011-10-06 00:00:00,1.33478,1.345,1.32417,1.34376,107805
2011-10-07 00:00:00,1.34372,1.35241,1.3360699999999999,1.33745,121302
2011-10-08 00:00:00,1.33743,1.33755,1.33743,1.33755,2
2011-10-10 00:00:00,1.33863,1.36975,1.33774,1.36407,92624
2011-10-11 00:00:00,1.36409,1.36828,1.35654,1.36389,99957
2011-10-12 00:00:00,1.3639000000000001,1.3832499999999999,1.35824,1.37909,102573
2011-10-13 00:00:00,1.3791,1.38251,1.36852,1.37774,104081
2011-10-14 00:00:00,1.3777300000000001,1.38936,1.37231,1.38782,98770
2011-10-15 00:00:00,1.3878,1.3878,1.3878,1.3878,1
2011-10-17 00:00:00,1.38782,1.39137,1.3725,1.3737,95400
2011-10-18 00:00:00,1.37369,1.38163,1.36526,1.37511,105547
2011-10-19 00:00:00,1.37509,1.38681,1.37247,1.37594,105907
2011-10-20 00:00:00,1.3759299999999999,1.38412,1.36565,1.37793,109919
2011-10-21 00:00:00,1.37792,1.39004,1.37043,1.3894,102560
2011-10-22 00:00:00,1.38941,1.38941,1.38907,1.38917,20
2011-10-24 00:00:00,1.38686,1.39557,1.38222,1.39283,100400
2011-10-25 00:00:00,1.39282,1.39588,1.38492,1.39063,104125
2011-10-26 00:00:00,1.3906399999999999,1.3974,1.37997,1.39055,105183
2011-10-27 00:00:00,1.39051,1.4245999999999999,1.38641,1.41876,114092
2011-10-28 00:00:00,1.41875,1.42001,1.41331,1.41489,98780
2011-10-29 00:00:00,1.41482,1.41482,1.41453,1.41453,10
2011-10-31 00:00:00,1.41501,1.41695,1.38287,1.38574,105013
2011-11-01 00:00:00,1.3857300000000001,1.38702,1.3608500000000001,1.37006,114740
2011-11-02 00:00:00,1.37006,1.38265,1.36362,1.3746399999999999,111560
2011-11-03 00:00:00,1.37465,1.38541,1.36563,1.38221,111175
2011-11-04 00:00:00,1.38221,1.38655,1.37111,1.37907,101272
2011-11-05 00:00:00,1.37908,1.37908,1.37885,1.3789799999999999,15
2011-11-07 00:00:00,1.3816,1.38166,1.36814,1.37758,96465
2011-11-08 00:00:00,1.37752,1.38464,1.37242,1.38326,94969
2011-11-09 00:00:00,1.3832499999999999,1.3858,1.3523100000000001,1.35412,108430
2011-11-10 00:00:00,1.35413,1.36518,1.34837,1.36062,107462
2011-11-11 00:00:00,1.36094,1.37944,1.35778,1.37672,87343
2011-11-14 00:00:00,1.37759,1.37919,1.35914,1.36322,96523
2011-11-15 00:00:00,1.36296,1.36402,1.34961,1.3538999999999999,101497
2011-11-16 00:00:00,1.35389,1.3556,1.34286,1.34632,107468
2011-11-17 00:00:00,1.34629,1.35392,1.34213,1.34569,112925
2011-11-18 00:00:00,1.34568,1.36136,1.3447,1.35216,102996
2011-11-19 00:00:00,1.3522,1.35224,1.3522,1.35222,7
2011-11-21 00:00:00,1.35214,1.35398,1.343,1.34887,98791
2011-11-22 00:00:00,1.34886,1.35678,1.34687,1.35039,95897
2011-11-23 00:00:00,1.35038,1.35304,1.33201,1.33416,98562
2011-11-24 00:00:00,1.33415,1.34109,1.3316,1.33457,79632
2011-11-25 00:00:00,1.3345500000000001,1.33507,1.32119,1.3235299999999999,86972
2011-11-26 00:00:00,1.3237,1.3239,1.3237,1.32375,5
2011-11-28 00:00:00,1.33095,1.33981,1.32725,1.33194,93275
2011-11-29 00:00:00,1.33191,1.34412,1.3285,1.33159,94151
2011-11-30 00:00:00,1.33154,1.35302,1.32587,1.34451,93334
2011-12-01 00:00:00,1.3448,1.3519999999999999,1.34177,1.34609,89381
2011-12-02 00:00:00,1.3461,1.35449,1.33625,1.339,74793
2011-12-03 00:00:00,1.33898,1.33898,1.33898,1.33898,1
2011-12-05 00:00:00,1.34094,1.34851,1.33748,1.3400400000000001,80114
2011-12-06 00:00:00,1.34002,1.34271,1.3333300000000001,1.3400699999999999,86881
2011-12-07 00:00:00,1.34006,1.3453,1.33508,1.34111,82883
2011-12-08 00:00:00,1.34111,1.34569,1.32882,1.33395,84420
2011-12-09 00:00:00,1.33396,1.34327,1.3281,1.33847,84592
2011-12-10 00:00:00,1.33845,1.33846,1.33842,1.33842,3
2011-12-12 00:00:00,1.33636,1.33759,1.31623,1.3187,79082
2011-12-13 00:00:00,1.3187,1.32356,1.3008600000000001,1.30358,86995
2011-12-14 00:00:00,1.30359,1.3063500000000001,1.29462,1.2981500000000001,92659
2011-12-15 00:00:00,1.29818,1.3048899999999999,1.29566,1.30146,82396
2011-12-16 00:00:00,1.30146,1.30834,1.2995,1.30423,77488
2011-12-17 00:00:00,1.30419,1.30419,1.30403,1.30419,10
2011-12-19 00:00:00,1.30328,1.3043,1.29828,1.29983,65128
2011-12-20 00:00:00,1.29982,1.31314,1.29922,1.30811,64951
2011-12-21 00:00:00,1.30813,1.31956,1.30254,1.30468,82664
2011-12-22 00:00:00,1.3047,1.31183,1.30171,1.3048600000000001,74414
2011-12-23 00:00:00,1.3048899999999999,1.30946,1.30259,1.30451,62354
2011-12-26 00:00:00,1.30487,1.30813,1.30487,1.30569,20112
2011-12-27 00:00:00,1.30572,1.30824,1.30422,1.30697,51402
2011-12-28 00:00:00,1.30698,1.3079100000000001,1.29116,1.29395,66570
2011-12-29 00:00:00,1.29394,1.29641,1.28577,1.29597,75898
2011-12-30 00:00:00,1.2959800000000001,1.29981,1.29039,1.29557,72562
2011-12-31 00:00:00,1.29558,1.29597,1.29518,1.29565,35
2012-01-02 00:00:00,1.29443,1.29681,1.29168,1.29332,39445
2012-01-03 00:00:00,1.29331,1.30762,1.29312,1.30501,81381
2012-01-04 00:00:00,1.30498,1.30719,1.28974,1.29437,80339
2012-01-05 00:00:00,1.2943500000000001,1.29461,1.27702,1.2789,92427
2012-01-06 00:00:00,1.27891,1.28121,1.26972,1.2718099999999999,80098
2012-01-07 00:00:00,1.27188,1.27188,1.27186,1.27188,11
2012-01-09 00:00:00,1.26923,1.27848,1.26661,1.27647,80179
2012-01-10 00:00:00,1.27646,1.28174,1.27424,1.27771,76280
2012-01-11 00:00:00,1.27772,1.27893,1.26619,1.2706,84284
2012-01-12 00:00:00,1.2705899999999999,1.28442,1.26994,1.28147,83575
2012-01-13 00:00:00,1.28142,1.28778,1.26241,1.26754,92457
2012-01-14 00:00:00,1.26754,1.26754,1.26754,1.26754,4
2012-01-16 00:00:00,1.26383,1.2687300000000001,1.26254,1.2665899999999999,70013
2012-01-17 00:00:00,1.26658,1.2808,1.26488,1.2736399999999999,88472
2012-01-18 00:00:00,1.27366,1.28673,1.27337,1.28633,90401
2012-01-19 00:00:00,1.28632,1.29705,1.2839,1.29685,87058
2012-01-20 00:00:00,1.29683,1.29854,1.28873,1.29311,78755
2012-01-21 00:00:00,1.2931,1.2931,1.29298,1.29298,12
2012-01-23 00:00:00,1.28808,1.30521,1.28807,1.30148,77744
2012-01-24 00:00:00,1.30148,1.30618,1.29534,1.30353,77759
2012-01-25 00:00:00,1.30352,1.31199,1.29307,1.31048,81862
2012-01-26 00:00:00,1.31049,1.31832,1.30896,1.31075,76989
2012-01-27 00:00:00,1.31077,1.3233,1.3077,1.32178,84759
2012-01-28 00:00:00,1.32176,1.32195,1.32176,1.32189,19
2012-01-30 00:00:00,1.32148,1.32206,1.3076699999999999,1.3142,79303
2012-01-31 00:00:00,1.3142,1.32126,1.30427,1.30809,85396
2012-02-01 00:00:00,1.30808,1.32168,1.30257,1.316,87333
2012-02-02 00:00:00,1.31599,1.31959,1.30854,1.31434,84138
2012-02-03 00:00:00,1.31434,1.31989,1.30657,1.31566,82685
2012-02-04 00:00:00,1.31561,1.31561,1.31561,1.31561,1
2012-02-06 00:00:00,1.31211,1.31409,1.30278,1.31292,81551
2012-02-07 00:00:00,1.31292,1.3269199999999999,1.30891,1.32599,88992
2012-02-08 00:00:00,1.32598,1.32878,1.32207,1.32588,82434
2012-02-09 00:00:00,1.32591,1.33199,1.32148,1.32847,88868
2012-02-10 00:00:00,1.32846,1.32901,1.31551,1.3195700000000001,83812
2012-02-13 00:00:00,1.3237999999999999,1.32833,1.3185799999999999,1.31859,78325
2012-02-14 00:00:00,1.3185799999999999,1.32154,1.308,1.31294,88372
2012-02-15 00:00:00,1.31295,1.31902,1.30442,1.30652,91035
2012-02-16 00:00:00,1.30651,1.31572,1.29745,1.3131,93403
2012-02-17 00:00:00,1.3130899999999999,1.31964,1.31148,1.3143099999999999,76425
2012-02-18 00:00:00,1.31437,1.31437,1.31418,1.31418,7
2012-02-20 00:00:00,1.32026,1.32762,1.31821,1.32419,65833
2012-02-21 00:00:00,1.32419,1.32922,1.3186499999999999,1.32348,89499
2012-02-22 00:00:00,1.32346,1.32652,1.3211,1.3251,82381
2012-02-23 00:00:00,1.3250899999999999,1.33776,1.32309,1.33715,76378
2012-02-24 00:00:00,1.33716,1.34856,1.33569,1.34485,74672
2012-02-25 00:00:00,1.34478,1.34478,1.34478,1.34478,1
2012-02-27 00:00:00,1.34595,1.34707,1.33662,1.33968,79551
2012-02-28 00:00:00,1.33968,1.34703,1.33896,1.34576,84334
2012-02-29 00:00:00,1.34575,1.34851,1.33145,1.33233,86525
2012-03-01 00:00:00,1.33234,1.33559,1.32825,1.3311,82445
2012-03-02 00:00:00,1.3311,1.3332,1.31876,1.31994,78865
2012-03-03 00:00:00,1.31993,1.32015,1.31978,1.31979,28
2012-03-05 00:00:00,1.3195299999999999,1.32394,1.316,1.32159,75577
2012-03-06 00:00:00,1.32158,1.32252,1.3103,1.31122,81899
2012-03-07 00:00:00,1.31121,1.31636,1.30961,1.31486,76821
2012-03-08 00:00:00,1.31486,1.32904,1.31349,1.32738,77343
2012-03-09 00:00:00,1.32737,1.32769,1.30966,1.31222,77128
2012-03-10 00:00:00,1.3122099999999999,1.3122099999999999,1.3122099999999999,1.3122099999999999,1
2012-03-12 00:00:00,1.3115999999999999,1.31581,1.30786,1.3147,69581
2012-03-13 00:00:00,1.31471,1.31905,1.3051599999999999,1.3079399999999999,74903
2012-03-14 00:00:00,1.30795,1.30901,1.30106,1.30287,71734
2012-03-15 00:00:00,1.30287,1.3118400000000001,1.30032,1.30781,75109
2012-03-16 00:00:00,1.3078,1.3186200000000001,1.30484,1.31735,67768
2012-03-19 00:00:00,1.3179699999999999,1.32642,1.31415,1.32365,60700
2012-03-20 00:00:00,1.32366,1.32512,1.3172,1.32237,66910
2012-03-21 00:00:00,1.32237,1.3284,1.3178,1.32118,69588
2012-03-22 00:00:00,1.32118,1.3254000000000001,1.3134299999999999,1.31971,74548
2012-03-23 00:00:00,1.31975,1.32916,1.31906,1.3269,69606
2012-03-26 00:00:00,1.3268,1.33667,1.3191899999999999,1.3357700000000001,69766
2012-03-27 00:00:00,1.33576,1.3384800000000001,1.3312599999999999,1.33171,66167
2012-03-28 00:00:00,1.3317,1.3372,1.3277,1.33158,71925
2012-03-29 00:00:00,1.33159,1.33449,1.32518,1.33013,70620
2012-03-30 00:00:00,1.33012,1.33755,1.32934,1.33395,69667
2012-03-31 00:00:00,1.33396,1.3342800000000001,1.33391,1.33408,10
2012-04-02 00:00:00,1.33562,1.33801,1.32781,1.33193,66094
2012-04-03 00:00:00,1.33194,1.3367,1.32128,1.32327,74988
2012-04-04 00:00:00,1.32328,1.32383,1.3106900000000001,1.31415,79856
2012-04-05 00:00:00,1.31416,1.31636,1.30346,1.3065,70682
2012-04-06 00:00:00,1.3065,1.31115,1.30506,1.30918,41793
2012-04-07 00:00:00,1.30891,1.30911,1.30891,1.30911,7
2012-04-09 00:00:00,1.30961,1.3133,1.3033000000000001,1.3105,47211
2012-04-10 00:00:00,1.31049,1.31436,1.30538,1.30807,79557
2012-04-11 00:00:00,1.30808,1.31564,1.30659,1.31084,75489
2012-04-12 00:00:00,1.31087,1.32122,1.31018,1.3186499999999999,77001
2012-04-13 00:00:00,1.3186499999999999,1.32001,1.30691,1.30759,74013
2012-04-14 00:00:00,1.30763,1.3076400000000001,1.30762,1.3076400000000001,5
2012-04-16 00:00:00,1.3069,1.31466,1.29945,1.31406,80529
2012-04-17 00:00:00,1.31405,1.31717,1.30899,1.3126,74109
2012-04-18 00:00:00,1.31261,1.31402,1.3057699999999999,1.31219,75649
2012-04-19 00:00:00,1.3122,1.3164799999999999,1.30697,1.31365,79237
2012-04-20 00:00:00,1.31366,1.3226200000000001,1.31284,1.32168,71300
2012-04-21 00:00:00,1.3216999999999999,1.3216999999999999,1.3216999999999999,1.3216999999999999,1
2012-04-23 00:00:00,1.3192,1.32098,1.31042,1.31556,67478
2012-04-24 00:00:00,1.31555,1.3217400000000001,1.31445,1.3195999999999999,68719
2012-04-25 00:00:00,1.31962,1.32356,1.3173,1.32163,72107
2012-04-26 00:00:00,1.32162,1.32623,1.31983,1.32224,68164
2012-04-27 00:00:00,1.32222,1.32695,1.31572,1.32529,77105
2012-04-28 00:00:00,1.3253300000000001,1.32535,1.3249900000000001,1.32514,16
2012-04-30 00:00:00,1.32408,1.3266,1.32078,1.3237999999999999,61994
2012-05-01 00:00:00,1.32381,1.32828,1.32039,1.32363,50268
2012-05-02 00:00:00,1.32362,1.32408,1.3123,1.31577,68248
2012-05-03 00:00:00,1.31577,1.31795,1.30963,1.31516,62739
2012-05-04 00:00:00,1.31515,1.31775,1.30799,1.30833,63177
2012-05-05 00:00:00,1.30835,1.30836,1.30822,1.30832,26
2012-05-07 00:00:00,1.3024499999999999,1.3064,1.29546,1.30498,74633
2012-05-08 00:00:00,1.30499,1.30645,1.29821,1.30043,78312
2012-05-09 00:00:00,1.30044,1.30068,1.2911000000000001,1.29284,85447
2012-05-10 00:00:00,1.29283,1.29783,1.29237,1.29346,76599
2012-05-11 00:00:00,1.2934700000000001,1.29569,1.29044,1.2916400000000001,76693
2012-05-12 00:00:00,1.29166,1.29166,1.29162,1.29162,5
2012-05-14 00:00:00,1.28872,1.29038,1.28209,1.28214,70669
2012-05-15 00:00:00,1.2822200000000001,1.28689,1.27215,1.27288,74040
2012-05-16 00:00:00,1.27291,1.27579,1.26807,1.27151,81764
2012-05-17 00:00:00,1.27152,1.27488,1.26666,1.26978,77834
2012-05-18 00:00:00,1.26978,1.27933,1.26417,1.27828,86000
2012-05-19 00:00:00,1.27826,1.2783,1.27778,1.27783,38
2012-05-21 00:00:00,1.27767,1.2823,1.27248,1.28176,80773
2012-05-22 00:00:00,1.28175,1.28192,1.26575,1.26826,80844
2012-05-23 00:00:00,1.26828,1.26877,1.25449,1.25807,95789
2012-05-24 00:00:00,1.25807,1.2618800000000001,1.25156,1.25329,92636
2012-05-25 00:00:00,1.25328,1.2601499999999999,1.24964,1.2515399999999999,81677
2012-05-26 00:00:00,1.25155,1.25167,1.2515,1.25153,13
2012-05-28 00:00:00,1.2570700000000001,1.26235,1.25244,1.25406,64565
2012-05-29 00:00:00,1.2540499999999999,1.2574,1.24609,1.25011,85746
2012-05-30 00:00:00,1.25013,1.25043,1.23608,1.23658,92120
2012-05-31 00:00:00,1.23659,1.24278,1.23362,1.23634,90099
2012-06-01 00:00:00,1.23636,1.24537,1.22882,1.24328,97216
2012-06-02 00:00:00,1.2432699999999999,1.24333,1.24325,1.24325,12
2012-06-04 00:00:00,1.24371,1.25087,1.23854,1.24985,80353
2012-06-05 00:00:00,1.24985,1.25411,1.24099,1.24515,83221
2012-06-06 00:00:00,1.24514,1.25848,1.24404,1.25807,91005
2012-06-07 00:00:00,1.25806,1.26243,1.25397,1.25596,90700
2012-06-08 00:00:00,1.256,1.25742,1.24352,1.25164,91535
2012-06-09 00:00:00,1.25163,1.25164,1.2516,1.2516,7
2012-06-11 00:00:00,1.26478,1.26677,1.24802,1.24809,87596
2012-06-12 00:00:00,1.2481,1.2528000000000001,1.24423,1.25033,90203
2012-06-13 00:00:00,1.25033,1.26094,1.24733,1.25555,89567
2012-06-14 00:00:00,1.2555399999999999,1.2635399999999999,1.25419,1.26314,87704
2012-06-15 00:00:00,1.26315,1.26643,1.25919,1.26385,82608
2012-06-16 00:00:00,1.26368,1.26382,1.2635,1.26361,17
2012-06-18 00:00:00,1.27371,1.27468,1.25569,1.2574100000000001,91812
2012-06-19 00:00:00,1.2574100000000001,1.27297,1.25682,1.26855,88528
2012-06-20 00:00:00,1.26857,1.2741799999999999,1.2638099999999999,1.27069,88916
2012-06-21 00:00:00,1.27066,1.2707,1.25317,1.2539500000000001,91696
2012-06-22 00:00:00,1.25392,1.25827,1.25191,1.25679,78151
2012-06-23 00:00:00,1.25679,1.25679,1.25677,1.25677,3
2012-06-25 00:00:00,1.2554400000000001,1.25575,1.2471,1.25035,71245
2012-06-26 00:00:00,1.25035,1.25298,1.24419,1.2493,82414
2012-06-27 00:00:00,1.24932,1.25074,1.24454,1.24676,78218
2012-06-28 00:00:00,1.24677,1.25236,1.24071,1.24431,87466
2012-06-29 00:00:00,1.24431,1.26918,1.24331,1.26611,101057
2012-06-30 00:00:00,1.26613,1.26655,1.26613,1.26655,23
2012-07-02 00:00:00,1.26696,1.26703,1.2568,1.2574,73844
2012-07-03 00:00:00,1.2574,1.26257,1.2558799999999999,1.2607,72539
2012-07-04 00:00:00,1.26071,1.26074,1.2508,1.25247,66247
2012-07-05 00:00:00,1.2524899999999999,1.25375,1.23637,1.23905,83357
2012-07-06 00:00:00,1.23906,1.24008,1.22598,1.2288000000000001,80633
2012-07-07 00:00:00,1.22869,1.22875,1.22866,1.22875,6
2012-07-09 00:00:00,1.22659,1.2323,1.22557,1.23119,72357
2012-07-10 00:00:00,1.23118,1.23331,1.22351,1.22491,76853
2012-07-11 00:00:00,1.22492,1.22957,1.2212399999999999,1.2238,76148
2012-07-12 00:00:00,1.22379,1.22475,1.2167,1.2202600000000001,79265
2012-07-13 00:00:00,1.22028,1.22554,1.21622,1.22486,74571
2012-07-14 00:00:00,1.22486,1.22486,1.22484,1.22485,5
2012-07-16 00:00:00,1.22498,1.22889,1.21753,1.22717,65364
2012-07-17 00:00:00,1.22719,1.23156,1.2189,1.2294,77744
2012-07-18 00:00:00,1.22942,1.23052,1.22166,1.22828,77163
2012-07-19 00:00:00,1.2282899999999999,1.23214,1.2229,1.22797,81701
2012-07-20 00:00:00,1.22796,1.22823,1.2144,1.21555,77969
2012-07-21 00:00:00,1.21554,1.21555,1.21551,1.21551,4
2012-07-23 00:00:00,1.21217,1.21438,1.20669,1.21159,84188
2012-07-24 00:00:00,1.21159,1.21368,1.20418,1.20595,85997
2012-07-25 00:00:00,1.20596,1.21681,1.20529,1.21566,87565
2012-07-26 00:00:00,1.2156500000000001,1.23276,1.21172,1.22812,86511
2012-07-27 00:00:00,1.22787,1.23889,1.22417,1.23174,88359
2012-07-28 00:00:00,1.23186,1.23213,1.23173,1.23211,27
2012-07-30 00:00:00,1.2301199999999999,1.23099,1.22251,1.22596,70330
2012-07-31 00:00:00,1.22597,1.23289,1.22487,1.23019,79419
2012-08-01 00:00:00,1.23021,1.23357,1.2217500000000001,1.2225,75698
2012-08-02 00:00:00,1.22249,1.24011,1.21337,1.21795,88947
2012-08-03 00:00:00,1.21793,1.23918,1.21662,1.23847,82680
2012-08-04 00:00:00,1.23848,1.23848,1.23848,1.23848,1
2012-08-06 00:00:00,1.23945,1.2442199999999999,1.23413,1.23999,75049
2012-08-07 00:00:00,1.24,1.24414,1.23756,1.23982,74959
2012-08-08 00:00:00,1.23983,1.24016,1.23264,1.23649,75117
2012-08-09 00:00:00,1.23649,1.2386,1.22667,1.23052,76758
2012-08-10 00:00:00,1.23051,1.23156,1.22409,1.22908,72402
2012-08-11 00:00:00,1.22907,1.22911,1.22882,1.22884,28
2012-08-13 00:00:00,1.22864,1.23729,1.22604,1.23316,68101
2012-08-14 00:00:00,1.2331699999999999,1.23849,1.23166,1.23204,70317
2012-08-15 00:00:00,1.23207,1.23429,1.2263600000000001,1.22886,62432
2012-08-16 00:00:00,1.22886,1.23718,1.22561,1.23569,68336
2012-08-17 00:00:00,1.23568,1.23814,1.22886,1.23354,67030
2012-08-18 00:00:00,1.23353,1.23353,1.23321,1.23327,20
2012-08-20 00:00:00,1.2338,1.23683,1.22948,1.23441,62861
2012-08-21 00:00:00,1.23445,1.24868,1.23418,1.24719,70317
2012-08-22 00:00:00,1.24718,1.25367,1.2431,1.25285,74289
2012-08-23 00:00:00,1.25284,1.25885,1.2523,1.25621,74389
2012-08-24 00:00:00,1.25624,1.25675,1.2482199999999999,1.2511700000000001,63289
2012-08-25 00:00:00,1.25116,1.2511700000000001,1.25109,1.25109,11
2012-08-27 00:00:00,1.25118,1.25349,1.24894,1.24981,43319
2012-08-28 00:00:00,1.24981,1.25753,1.24647,1.2564199999999999,55759
2012-08-29 00:00:00,1.25641,1.25723,1.25184,1.25293,51746
2012-08-30 00:00:00,1.25293,1.25632,1.24875,1.2505899999999999,52939
2012-08-31 00:00:00,1.25058,1.2636,1.24929,1.2574,67594
2012-09-01 00:00:00,1.2573699999999999,1.25783,1.25735,1.25783,20
2012-09-03 00:00:00,1.25803,1.26098,1.25598,1.2591999999999999,47932
2012-09-04 00:00:00,1.25921,1.26267,1.2555,1.2565,61464
2012-09-05 00:00:00,1.2564899999999999,1.26234,1.25012,1.25998,69674
2012-09-06 00:00:00,1.25997,1.26501,1.25619,1.26301,69627
2012-09-07 00:00:00,1.26302,1.28165,1.26262,1.2815400000000001,69398
2012-09-10 00:00:00,1.28064,1.2808,1.27553,1.27582,57256
2012-09-11 00:00:00,1.27582,1.28705,1.27543,1.28542,66731
2012-09-12 00:00:00,1.28543,1.29358,1.28148,1.28986,73106
2012-09-13 00:00:00,1.28986,1.30008,1.28564,1.2987199999999999,73109
2012-09-14 00:00:00,1.29874,1.31676,1.29795,1.31291,79945
2012-09-15 00:00:00,1.31292,1.31293,1.3127,1.3128600000000001,20
2012-09-17 00:00:00,1.31239,1.3170600000000001,1.30831,1.3115299999999999,67225
2012-09-18 00:00:00,1.31152,1.31196,1.30288,1.30462,71245
2012-09-19 00:00:00,1.30463,1.30844,1.29929,1.30477,72252
2012-09-20 00:00:00,1.30478,1.30584,1.2920099999999999,1.29678,77330
2012-09-21 00:00:00,1.29676,1.30471,1.29553,1.29782,73846
2012-09-22 00:00:00,1.29785,1.29798,1.29785,1.29788,8
2012-09-24 00:00:00,1.29789,1.29798,1.28905,1.29301,60747
2012-09-25 00:00:00,1.29299,1.297,1.28863,1.28982,68928
2012-09-26 00:00:00,1.2898100000000001,1.29122,1.28349,1.28714,67362
2012-09-27 00:00:00,1.28717,1.29272,1.28293,1.29119,69525
2012-09-28 00:00:00,1.2912,1.2959100000000001,1.28382,1.28586,70795
2012-09-29 00:00:00,1.28587,1.28595,1.28585,1.28595,3
2012-10-01 00:00:00,1.28488,1.29382,1.28031,1.28875,63868
2012-10-02 00:00:00,1.28877,1.29669,1.28797,1.29186,58816
2012-10-03 00:00:00,1.29187,1.29362,1.28769,1.2904900000000001,60462
2012-10-04 00:00:00,1.2904900000000001,1.3031,1.2901099999999999,1.30172,65335
2012-10-05 00:00:00,1.30171,1.30708,1.29934,1.3039100000000001,59707
2012-10-08 00:00:00,1.30231,1.30246,1.29373,1.2967,53388
2012-10-09 00:00:00,1.29672,1.29902,1.28585,1.28841,60187
2012-10-10 00:00:00,1.28841,1.29124,1.28352,1.28746,58400
2012-10-11 00:00:00,1.28739,1.29504,1.28253,1.29264,58303
2012-10-12 00:00:00,1.29267,1.2991,1.29219,1.2950300000000001,55003
2012-10-15 00:00:00,1.29545,1.2978399999999999,1.28908,1.29482,53723
2012-10-16 00:00:00,1.29481,1.30602,1.29424,1.30531,56750
2012-10-17 00:00:00,1.30533,1.31384,1.30526,1.31181,61869
2012-10-18 00:00:00,1.31182,1.3128,1.30553,1.3066200000000001,60823
2012-10-19 00:00:00,1.3066,1.3076400000000001,1.30128,1.3023,56483
2012-10-22 00:00:00,1.30231,1.30824,1.30154,1.30594,53910
2012-10-23 00:00:00,1.30593,1.30748,1.29515,1.29859,57581
2012-10-24 00:00:00,1.29858,1.29962,1.2920099999999999,1.29727,57538
2012-10-25 00:00:00,1.29727,1.30224,1.29265,1.29336,55666
2012-10-26 00:00:00,1.29333,1.29556,1.28819,1.29385,52377
2012-10-29 00:00:00,1.29244,1.29356,1.28846,1.29022,32920
2012-10-30 00:00:00,1.29021,1.29828,1.28853,1.29617,36128
2012-10-31 00:00:00,1.2962,1.30199,1.29458,1.29561,50600
2012-11-01 00:00:00,1.29561,1.2982,1.29243,1.29428,50880
2012-11-02 00:00:00,1.29423,1.29502,1.28207,1.28333,55739
2012-11-05 00:00:00,1.28198,1.28418,1.2766899999999999,1.27952,53922
2012-11-06 00:00:00,1.27955,1.2826,1.2763200000000001,1.28138,59115
2012-11-07 00:00:00,1.28137,1.28757,1.27358,1.27702,74793
2012-11-08 00:00:00,1.27702,1.27801,1.2717100000000001,1.27464,64202
2012-11-09 00:00:00,1.27463,1.27895,1.26895,1.27106,64521
2012-11-12 00:00:00,1.27154,1.27385,1.2697,1.27087,47147
2012-11-13 00:00:00,1.27088,1.27261,1.26612,1.27038,61443
2012-11-14 00:00:00,1.27036,1.27758,1.2699799999999999,1.27347,63953
2012-11-15 00:00:00,1.27348,1.2801,1.27169,1.27803,60157
2012-11-16 00:00:00,1.27802,1.27837,1.26905,1.2741799999999999,58836
2012-11-19 00:00:00,1.27411,1.2818800000000001,1.27396,1.28128,53387
2012-11-20 00:00:00,1.2812700000000001,1.2827600000000001,1.27646,1.28165,60788
2012-11-21 00:00:00,1.28164,1.28324,1.27359,1.2828300000000001,60972
2012-11-22 00:00:00,1.28284,1.28983,1.28255,1.28823,52428
2012-11-23 00:00:00,1.28823,1.2989600000000001,1.28677,1.29724,52391
2012-11-24 00:00:00,1.29718,1.29729,1.29718,1.29729,2
2012-11-26 00:00:00,1.29731,1.29836,1.2943500000000001,1.29708,51315
2012-11-27 00:00:00,1.29708,1.30077,1.2915,1.29419,62753
2012-11-28 00:00:00,1.29419,1.2953700000000001,1.28796,1.29522,59013
2012-11-29 00:00:00,1.29517,1.30125,1.29385,1.29778,54576
2012-11-30 00:00:00,1.29783,1.30267,1.29679,1.29848,59097
2012-12-01 00:00:00,1.29849,1.29849,1.29848,1.29848,2
2012-12-03 00:00:00,1.29934,1.30751,1.29882,1.30528,52679
2012-12-04 00:00:00,1.3052000000000001,1.31073,1.30453,1.30942,56129
2012-12-05 00:00:00,1.30944,1.31253,1.30596,1.3066499999999999,53464
2012-12-06 00:00:00,1.30667,1.30857,1.295,1.29669,58108
2012-12-07 00:00:00,1.29671,1.29718,1.28769,1.29261,54537
2012-12-10 00:00:00,1.28992,1.29458,1.2885499999999999,1.29399,48646
2012-12-11 00:00:00,1.29401,1.3014000000000001,1.29283,1.30046,51530
2012-12-12 00:00:00,1.30046,1.3096,1.29951,1.3073000000000001,52769
2012-12-13 00:00:00,1.3073000000000001,1.30998,1.30405,1.30763,52002
2012-12-14 00:00:00,1.30765,1.31727,1.30657,1.31622,53547
2012-12-17 00:00:00,1.31821,1.31863,1.31437,1.31631,46736
2012-12-18 00:00:00,1.31632,1.32376,1.31554,1.32281,46142
2012-12-19 00:00:00,1.3228,1.33076,1.32227,1.32266,55085
2012-12-20 00:00:00,1.32261,1.32942,1.3188900000000001,1.32432,55754
2012-12-21 00:00:00,1.32431,1.32517,1.3157,1.31868,62538
2012-12-22 00:00:00,1.31867,1.31867,1.31867,1.31867,1
2012-12-24 00:00:00,1.3179,1.3232599999999999,1.3170600000000001,1.3187,32298
2012-12-26 00:00:00,1.31867,1.32534,1.31826,1.32233,26753
2012-12-27 00:00:00,1.3223099999999999,1.32833,1.3201399999999999,1.32351,47952
2012-12-28 00:00:00,1.32352,1.32562,1.31654,1.32146,46546
2012-12-31 00:00:00,1.32157,1.32338,1.3171599999999999,1.31964,36556
2013-01-02 00:00:00,1.32036,1.32992,1.31567,1.31859,83836
2013-01-03 00:00:00,1.3186,1.319,1.30464,1.30484,49887
2013-01-04 00:00:00,1.30488,1.30884,1.29975,1.30677,50858
2013-01-07 00:00:00,1.30779,1.3119100000000001,1.30165,1.31151,47540
2013-01-08 00:00:00,1.3115,1.31388,1.30569,1.30805,50284
2013-01-09 00:00:00,1.30806,1.30953,1.3036400000000001,1.30636,49057
2013-01-10 00:00:00,1.3063,1.3272,1.30383,1.32712,53070
2013-01-11 00:00:00,1.32711,1.33644,1.32481,1.33415,56430
2013-01-12 00:00:00,1.33417,1.33417,1.33416,1.33416,2
2013-01-14 00:00:00,1.33621,1.3403100000000001,1.33357,1.338,49061
2013-01-15 00:00:00,1.33805,1.3393,1.32664,1.33048,57102
2013-01-16 00:00:00,1.33042,1.33242,1.32564,1.32885,53683
2013-01-17 00:00:00,1.32884,1.33871,1.32696,1.3372899999999999,54594
2013-01-18 00:00:00,1.3374,1.33979,1.32798,1.33195,55227
2013-01-21 00:00:00,1.33107,1.33315,1.32991,1.3312,36403
2013-01-22 00:00:00,1.33121,1.33711,1.32667,1.3321,55030
2013-01-23 00:00:00,1.3321100000000001,1.33538,1.32642,1.33171,48033
2013-01-24 00:00:00,1.33168,1.33922,1.32859,1.33758,54873
2013-01-25 00:00:00,1.33759,1.34785,1.335,1.34629,58724
2013-01-28 00:00:00,1.34598,1.34765,1.34244,1.34549,48781
2013-01-29 00:00:00,1.34542,1.3496299999999999,1.3414,1.34908,54045
2013-01-30 00:00:00,1.34908,1.35857,1.34816,1.35667,56585
2013-01-31 00:00:00,1.35663,1.35931,1.35409,1.3577,53952
2013-02-01 00:00:00,1.35768,1.37106,1.3572600000000001,1.36391,64892
2013-02-04 00:00:00,1.3648799999999999,1.36532,1.35047,1.35129,55197
2013-02-05 00:00:00,1.35131,1.35969,1.34578,1.35824,64205
2013-02-06 00:00:00,1.35823,1.35953,1.34939,1.35211,59072
2013-02-07 00:00:00,1.3521,1.35765,1.33705,1.33966,63322
2013-02-08 00:00:00,1.33967,1.3428200000000001,1.33532,1.3361399999999999,58750
2013-02-11 00:00:00,1.33682,1.34265,1.33562,1.34051,48689
2013-02-12 00:00:00,1.34052,1.34751,1.3364,1.34535,55882
2013-02-13 00:00:00,1.34534,1.35193,1.3426,1.34523,53182
2013-02-14 00:00:00,1.34517,1.34546,1.33147,1.33617,57174
2013-02-15 00:00:00,1.33619,1.33929,1.3306200000000001,1.33585,46487
2013-02-18 00:00:00,1.33484,1.33782,1.33215,1.3351,29188
2013-02-19 00:00:00,1.33497,1.33954,1.33294,1.33874,34612
2013-02-20 00:00:00,1.33875,1.3431600000000001,1.32709,1.3278699999999999,40104
2013-02-21 00:00:00,1.32793,1.32894,1.31612,1.31891,41938
2013-02-22 00:00:00,1.3189,1.32443,1.31451,1.31907,37014
2013-02-25 00:00:00,1.31904,1.33183,1.30487,1.30609,48974
2013-02-26 00:00:00,1.30618,1.31209,1.3018,1.30612,55404
2013-02-27 00:00:00,1.30594,1.3146499999999999,1.30415,1.31383,47214
2013-02-28 00:00:00,1.31336,1.31605,1.30528,1.30559,39639
2013-03-01 00:00:00,1.30564,1.31006,1.29664,1.3018,41629
2013-03-04 00:00:00,1.30136,1.30304,1.29822,1.30247,15285
2013-03-05 00:00:00,1.30248,1.30742,1.30122,1.30504,14712
2013-03-06 00:00:00,1.3051,1.30698,1.29646,1.29665,23301
2013-03-07 00:00:00,1.29665,1.31181,1.2965900000000001,1.31071,47652
2013-03-08 00:00:00,1.3107,1.31341,1.2955,1.30035,37545
2013-03-09 00:00:00,1.30042,1.30042,1.30042,1.30042,1
2013-03-11 00:00:00,1.29892,1.30535,1.29793,1.30458,34905
2013-03-12 00:00:00,1.3045900000000001,1.30742,1.29909,1.30274,47884
2013-03-13 00:00:00,1.30275,1.30646,1.2922799999999999,1.29603,47149
2013-03-14 00:00:00,1.29603,1.30311,1.2911000000000001,1.30027,53005
2013-03-15 00:00:00,1.30027,1.3106900000000001,1.29992,1.30754,51007
2013-03-18 00:00:00,1.29071,1.29954,1.28817,1.29578,57987
2013-03-19 00:00:00,1.2958,1.29694,1.28438,1.2867199999999999,59628
2013-03-20 00:00:00,1.28665,1.29776,1.28566,1.2944,53234
2013-03-21 00:00:00,1.29443,1.29551,1.28799,1.28949,54203
2013-03-22 00:00:00,1.2894999999999999,1.30095,1.2888,1.29867,47696
2013-03-25 00:00:00,1.29724,1.3047900000000001,1.28296,1.28483,55664
2013-03-26 00:00:00,1.28484,1.28895,1.28286,1.28561,48466
2013-03-27 00:00:00,1.28564,1.28668,1.27509,1.27772,47437
2013-03-28 00:00:00,1.27774,1.28443,1.2755,1.28141,44521
2013-03-29 00:00:00,1.28144,1.28368,1.2793,1.28148,21201
2013-04-01 00:00:00,1.28112,1.28677,1.2771,1.28487,25991
2013-04-02 00:00:00,1.28484,1.28775,1.28086,1.2818399999999999,41869
2013-04-03 00:00:00,1.28187,1.28639,1.27898,1.28482,39318
2013-04-04 00:00:00,1.2848600000000001,1.29487,1.27454,1.2936,51132
2013-04-05 00:00:00,1.2936,1.30397,1.29005,1.29915,49741
2013-04-08 00:00:00,1.2993700000000001,1.30376,1.29683,1.30084,40921
2013-04-09 00:00:00,1.3008199999999999,1.31029,1.30045,1.30822,47246
2013-04-10 00:00:00,1.30822,1.3121399999999999,1.30521,1.30697,41550
2013-04-11 00:00:00,1.30697,1.3138,1.30431,1.30997,45071
2013-04-12 00:00:00,1.30998,1.31262,1.30366,1.31082,46277
2013-04-15 00:00:00,1.31025,1.31094,1.3021,1.30331,54068
2013-04-16 00:00:00,1.3033299999999999,1.32015,1.30275,1.3176999999999999,59847
2013-04-17 00:00:00,1.31769,1.31995,1.30011,1.30304,58062
2013-04-18 00:00:00,1.30312,1.30961,1.3020800000000001,1.30497,54547
2013-04-19 00:00:00,1.30494,1.3128199999999999,1.30458,1.3051,47586
2013-04-22 00:00:00,1.30691,1.3084,1.3014999999999999,1.30664,40460
2013-04-23 00:00:00,1.3066200000000001,1.30831,1.2973,1.29972,48330
2013-04-24 00:00:00,1.29972,1.3034,1.29547,1.3014299999999999,44529
2013-04-25 00:00:00,1.30141,1.30933,1.29887,1.30111,45103
2013-04-26 00:00:00,1.30111,1.30475,1.29905,1.30267,49982
2013-04-29 00:00:00,1.30585,1.31163,1.30318,1.30969,38362
2013-04-30 00:00:00,1.30969,1.3185799999999999,1.3054000000000001,1.31666,43050
2013-05-01 00:00:00,1.31668,1.32427,1.31605,1.31786,38467
2013-05-02 00:00:00,1.31786,1.32176,1.30376,1.30643,47408
2013-05-03 00:00:00,1.30646,1.31582,1.30323,1.31131,42911
2013-05-06 00:00:00,1.3117,1.31406,1.30534,1.3075700000000001,28739
2013-05-07 00:00:00,1.3075700000000001,1.31315,1.30677,1.30777,35606
2013-05-08 00:00:00,1.3078699999999999,1.31944,1.30715,1.31517,39913
2013-05-09 00:00:00,1.31518,1.31769,1.30098,1.30409,42378
2013-05-10 00:00:00,1.3041800000000001,1.30506,1.2934999999999999,1.29853,53820
2013-05-13 00:00:00,1.29756,1.29982,1.2941500000000001,1.29749,41434
2013-05-14 00:00:00,1.2974700000000001,1.30293,1.29129,1.292,48627
2013-05-15 00:00:00,1.29196,1.29424,1.2843,1.28851,47704
2013-05-16 00:00:00,1.28842,1.29297,1.28463,1.28814,45570
2013-05-17 00:00:00,1.28787,1.28897,1.27962,1.28363,42957
2013-05-20 00:00:00,1.28446,1.29006,1.28192,1.28817,36497
2013-05-21 00:00:00,1.28818,1.29333,1.28413,1.29057,45179
2013-05-22 00:00:00,1.29057,1.2998,1.28335,1.28582,57593
2013-05-23 00:00:00,1.28578,1.2956400000000001,1.28214,1.29333,72465
2013-05-24 00:00:00,1.29324,1.2993299999999999,1.29043,1.29278,61078
2013-05-27 00:00:00,1.29363,1.29485,1.29152,1.29284,27691
2013-05-28 00:00:00,1.2928,1.29496,1.2849300000000001,1.2854999999999999,57079
2013-05-29 00:00:00,1.28555,1.29775,1.28378,1.29393,64541
2013-05-30 00:00:00,1.29393,1.30614,1.29334,1.30492,64209
2013-05-31 00:00:00,1.30492,1.30593,1.2944200000000001,1.29943,64288
2013-06-01 00:00:00,1.29956,1.29956,1.29956,1.29956,1
2013-06-03 00:00:00,1.29922,1.31074,1.29555,1.30756,56313
2013-06-04 00:00:00,1.30756,1.31012,1.30426,1.30805,56434
2013-06-05 00:00:00,1.30803,1.3115700000000001,1.30532,1.30921,62227
2013-06-06 00:00:00,1.30923,1.33045,1.30749,1.32446,65955
2013-06-07 00:00:00,1.32444,1.32844,1.31915,1.3218,70361
2013-06-08 00:00:00,1.3218,1.32304,1.32118,1.32168,1450
2013-06-10 00:00:00,1.31917,1.32687,1.31772,1.32559,54365
2013-06-11 00:00:00,1.3256000000000001,1.33171,1.32322,1.33151,67959
2013-06-12 00:00:00,1.3315000000000001,1.33589,1.32656,1.33327,60768
2013-06-13 00:00:00,1.33325,1.33898,1.32786,1.33597,64264
2013-06-14 00:00:00,1.33598,1.33779,1.32947,1.33445,58564
2013-06-17 00:00:00,1.33487,1.33803,1.3318400000000001,1.33656,43986
2013-06-18 00:00:00,1.33653,1.3415599999999999,1.33258,1.33933,54411
2013-06-19 00:00:00,1.33933,1.34158,1.32621,1.32938,53648
2013-06-20 00:00:00,1.32937,1.33015,1.31612,1.32187,79837
2013-06-21 00:00:00,1.32189,1.32541,1.30988,1.31209,66767
2013-06-24 00:00:00,1.31042,1.3143799999999999,1.30592,1.31185,65128
2013-06-25 00:00:00,1.31188,1.31508,1.30651,1.30793,62695
2013-06-26 00:00:00,1.30795,1.3087,1.29848,1.30117,62261
2013-06-27 00:00:00,1.3011300000000001,1.30545,1.29999,1.304,48874
2013-06-28 00:00:00,1.30396,1.31022,1.29911,1.30155,50477
2013-06-29 00:00:00,1.30154,1.30168,1.30077,1.30078,1196
2013-07-02 00:00:00,1.30628,1.3078,1.29636,1.29787,52747
2013-07-03 00:00:00,1.29783,1.30314,1.2923,1.30099,56698
2013-07-04 00:00:00,1.30099,1.30232,1.28831,1.29132,50112
2013-07-05 00:00:00,1.29132,1.2916699999999999,1.28061,1.28291,56104
2013-07-08 00:00:00,1.28204,1.28819,1.28117,1.28696,44866
2013-07-09 00:00:00,1.28705,1.2898100000000001,1.27553,1.27808,56249
2013-07-10 00:00:00,1.27806,1.2983799999999999,1.27647,1.29739,61476
2013-07-11 00:00:00,1.29749,1.32066,1.2962099999999999,1.30962,88853
2013-07-12 00:00:00,1.30966,1.3100100000000001,1.29992,1.30651,53445
2013-07-15 00:00:00,1.30664,1.30788,1.29934,1.30615,45074
2013-07-16 00:00:00,1.30615,1.31742,1.30524,1.31619,53468
2013-07-17 00:00:00,1.31619,1.31781,1.30831,1.31243,53822
2013-07-18 00:00:00,1.3124500000000001,1.31273,1.30668,1.31088,45682
2013-07-19 00:00:00,1.3109,1.31539,1.30891,1.3140800000000001,45139
2013-07-22 00:00:00,1.31366,1.32179,1.31358,1.31849,40152
2013-07-23 00:00:00,1.31847,1.32386,1.31634,1.3222800000000001,43217
2013-07-24 00:00:00,1.3222800000000001,1.3256000000000001,1.31772,1.32006,48726
2013-07-25 00:00:00,1.31993,1.32956,1.3165499999999999,1.32767,49855
2013-07-26 00:00:00,1.32765,1.32968,1.32526,1.32765,44763
2013-07-29 00:00:00,1.32792,1.32949,1.32393,1.32619,41267
2013-07-30 00:00:00,1.32629,1.33009,1.32346,1.32617,42599
2013-07-31 00:00:00,1.32619,1.33446,1.3214000000000001,1.3302,54507
2013-08-01 00:00:00,1.3302,1.33108,1.31943,1.32063,48586
2013-08-02 00:00:00,1.32061,1.32937,1.31877,1.32798,47567
2013-08-03 00:00:00,1.32798,1.32798,1.32798,1.32798,1
2013-08-05 00:00:00,1.32813,1.33003,1.32327,1.32577,39354
2013-08-06 00:00:00,1.32587,1.33229,1.3246,1.33045,41900
2013-08-07 00:00:00,1.33043,1.33452,1.3265500000000001,1.33352,48736
2013-08-08 00:00:00,1.33352,1.34002,1.33282,1.33808,45128
2013-08-09 00:00:00,1.33802,1.33903,1.3332600000000001,1.3338700000000001,35858
2013-08-12 00:00:00,1.33366,1.33439,1.32772,1.32989,36462
2013-08-13 00:00:00,1.32988,1.33171,1.32335,1.32614,46585
2013-08-14 00:00:00,1.32621,1.32795,1.32388,1.32546,41763
2013-08-15 00:00:00,1.32546,1.33623,1.32058,1.33462,44403
2013-08-16 00:00:00,1.33472,1.33798,1.33109,1.33279,41646
2013-08-17 00:00:00,1.33279,1.33279,1.33279,1.33279,1
2013-08-19 00:00:00,1.33354,1.33744,1.33152,1.33338,40310
2013-08-20 00:00:00,1.33338,1.34518,1.33233,1.34166,48589
2013-08-21 00:00:00,1.34167,1.34267,1.33355,1.33541,48767
2013-08-22 00:00:00,1.33542,1.3373,1.3298,1.3356,46209
2013-08-23 00:00:00,1.33549,1.34097,1.33334,1.33788,40846
2013-08-26 00:00:00,1.33819,1.33942,1.33566,1.33684,27514
2013-08-27 00:00:00,1.33678,1.33986,1.33232,1.3392,42789
2013-08-28 00:00:00,1.33918,1.33976,1.3305,1.33388,43431
2013-08-29 00:00:00,1.33388,1.3343099999999999,1.32195,1.32402,44747
2013-08-30 00:00:00,1.32399,1.32546,1.3175,1.32195,41575
2013-09-02 00:00:00,1.32122,1.3227,1.31837,1.31903,30282
2013-09-03 00:00:00,1.31903,1.31969,1.31386,1.317,36678
2013-09-04 00:00:00,1.317,1.32178,1.31571,1.32065,34761
2013-09-05 00:00:00,1.32055,1.32226,1.31104,1.31197,37542
2013-09-06 00:00:00,1.31197,1.3189,1.31047,1.31766,33138
2013-09-09 00:00:00,1.31735,1.32806,1.31651,1.32546,31806
2013-09-10 00:00:00,1.32546,1.32757,1.323,1.32671,34366
2013-09-11 00:00:00,1.32676,1.33244,1.3243800000000001,1.33103,34804
2013-09-12 00:00:00,1.33099,1.3324099999999999,1.32577,1.3299,34452
2013-09-13 00:00:00,1.32985,1.3321100000000001,1.3254299999999999,1.32931,33259
2013-09-14 00:00:00,1.32932,1.32932,1.32932,1.32932,1
2013-09-16 00:00:00,1.33627,1.33854,1.333,1.33335,32532
2013-09-17 00:00:00,1.33332,1.33693,1.33251,1.33601,29547
2013-09-18 00:00:00,1.3358400000000001,1.35415,1.3338,1.35212,37108
2013-09-19 00:00:00,1.35212,1.3568500000000001,1.35009,1.3529,45180
2013-09-20 00:00:00,1.3529,1.35486,1.3498,1.35217,34195
2013-09-23 00:00:00,1.35318,1.3544399999999999,1.34792,1.34925,33149
2013-09-24 00:00:00,1.34928,1.35186,1.34643,1.34731,33882
2013-09-25 00:00:00,1.3473,1.35372,1.34622,1.35257,31098
2013-09-26 00:00:00,1.35257,1.35315,1.34722,1.34878,30864
2013-09-27 00:00:00,1.34878,1.35642,1.34741,1.35216,30915
2013-09-30 00:00:00,1.34819,1.35556,1.34775,1.35251,33276
2013-10-01 00:00:00,1.35253,1.35876,1.35168,1.35254,37756
2013-10-02 00:00:00,1.35252,1.36068,1.3506,1.35775,37250
2013-10-03 00:00:00,1.35774,1.36455,1.35774,1.36177,38099
2013-10-04 00:00:00,1.36181,1.36315,1.35384,1.35567,34749
2013-10-05 00:00:00,1.35565,1.35565,1.35565,1.35565,1
2013-10-07 00:00:00,1.35629,1.3590900000000001,1.35425,1.35801,30622
2013-10-08 00:00:00,1.35801,1.3607,1.3557299999999999,1.3572600000000001,32074
2013-10-09 00:00:00,1.35723,1.36044,1.34857,1.35233,38893
2013-10-10 00:00:00,1.35239,1.35463,1.34877,1.35193,33783
2013-10-11 00:00:00,1.35193,1.35813,1.35179,1.35365,31910
2013-10-12 00:00:00,1.35372,1.35372,1.35372,1.35372,1
2013-10-14 00:00:00,1.35569,1.35974,1.35453,1.35606,25061
2013-10-15 00:00:00,1.35603,1.35708,1.34794,1.35226,37205
2013-10-16 00:00:00,1.35228,1.35673,1.34734,1.35334,38483
2013-10-17 00:00:00,1.35338,1.36816,1.35154,1.36751,41820
2013-10-18 00:00:00,1.36753,1.37036,1.36594,1.36853,33093
2013-10-21 00:00:00,1.36829,1.36884,1.36509,1.36799,24873
2013-10-22 00:00:00,1.36802,1.37916,1.36622,1.3780700000000001,30136
2013-10-23 00:00:00,1.37808,1.37927,1.37414,1.37752,34251
2013-10-24 00:00:00,1.37763,1.38249,1.37647,1.38005,35008
2013-10-25 00:00:00,1.38004,1.3832,1.3774199999999999,1.3801999999999999,33849
2013-10-28 00:00:00,1.3808,1.38171,1.37748,1.37859,27169
2013-10-29 00:00:00,1.3786,1.38129,1.37364,1.37463,37903
2013-10-30 00:00:00,1.37451,1.3784100000000001,1.36961,1.37369,34992
2013-10-31 00:00:00,1.37357,1.37384,1.3575,1.35881,42124
2013-11-01 00:00:00,1.35882,1.35892,1.34799,1.3485800000000001,38068
2013-11-04 00:00:00,1.3491,1.35244,1.34425,1.3513600000000001,28892
2013-11-05 00:00:00,1.3513600000000001,1.35221,1.34489,1.3474,33607
2013-11-06 00:00:00,1.34737,1.35472,1.3467500000000001,1.35122,30460
2013-11-07 00:00:00,1.35121,1.35286,1.32959,1.34189,43369
2013-11-08 00:00:00,1.34188,1.34376,1.33178,1.33644,39591
2013-11-11 00:00:00,1.33574,1.34158,1.33445,1.34055,27231
2013-11-12 00:00:00,1.34059,1.34558,1.33591,1.34349,40730
2013-11-13 00:00:00,1.34351,1.34954,1.339,1.3486099999999999,39115
2013-11-14 00:00:00,1.3486,1.34972,1.34182,1.34577,39356
2013-11-15 00:00:00,1.34586,1.35046,1.3431899999999999,1.34943,31873
2013-11-18 00:00:00,1.34917,1.3541699999999999,1.3474300000000001,1.35052,32197
2013-11-19 00:00:00,1.35052,1.35469,1.34876,1.35379,35370
2013-11-20 00:00:00,1.35373,1.3577,1.34152,1.34384,41262
2013-11-21 00:00:00,1.34383,1.34862,1.33992,1.34816,40638
2013-11-22 00:00:00,1.34816,1.35567,1.3462100000000001,1.35554,32796
2013-11-25 00:00:00,1.3553600000000001,1.3559999999999999,1.3490199999999999,1.35161,29050
2013-11-26 00:00:00,1.35164,1.35747,1.3513,1.35714,32011
2013-11-27 00:00:00,1.35706,1.36128,1.35576,1.35789,34577
2013-11-28 00:00:00,1.35789,1.36179,1.35635,1.36046,27929
2013-11-29 00:00:00,1.36042,1.3621400000000001,1.35798,1.35901,35874
2013-12-02 00:00:00,1.3587799999999999,1.36152,1.35259,1.3541400000000001,35781
2013-12-03 00:00:00,1.3541400000000001,1.36134,1.35241,1.35894,37752
2013-12-04 00:00:00,1.3586,1.36052,1.35282,1.3593,41863
2013-12-05 00:00:00,1.35927,1.36771,1.35431,1.36673,45341
2013-12-06 00:00:00,1.36662,1.37061,1.36195,1.37045,37730
2013-12-09 00:00:00,1.37101,1.37452,1.36943,1.37386,29664
2013-12-10 00:00:00,1.37389,1.37947,1.37339,1.37608,33833
2013-12-11 00:00:00,1.37608,1.38105,1.37412,1.37858,34695
2013-12-12 00:00:00,1.3786399999999999,1.3803,1.3737599999999999,1.37528,39816
2013-12-13 00:00:00,1.37528,1.37689,1.37093,1.3737599999999999,35868
2013-12-16 00:00:00,1.3737,1.37984,1.37361,1.376,35143
2013-12-17 00:00:00,1.37599,1.3782,1.3723,1.37676,35333
2013-12-18 00:00:00,1.37666,1.38111,1.36742,1.36845,43972
2013-12-19 00:00:00,1.3683,1.36938,1.3649200000000001,1.3660700000000001,42466
2013-12-20 00:00:00,1.36605,1.3709,1.3625099999999999,1.367,40543
2013-12-21 00:00:00,1.367,1.367,1.367,1.367,1
2013-12-23 00:00:00,1.36723,1.37164,1.36714,1.36957,27527
2013-12-24 00:00:00,1.3696,1.37137,1.36547,1.36794,21162
2013-12-26 00:00:00,1.3685399999999999,1.37018,1.3679700000000001,1.36903,15380
2013-12-27 00:00:00,1.36903,1.3893,1.36865,1.37461,41175
2013-12-28 00:00:00,1.37462,1.37462,1.37462,1.37462,1
2013-12-30 00:00:00,1.37586,1.38189,1.3728500000000001,1.38023,32074
2013-12-31 00:00:00,1.37969,1.38123,1.37596,1.37876,25243
2014-01-02 00:00:00,1.3755,1.3774899999999999,1.36294,1.36714,60139
2014-01-03 00:00:00,1.36713,1.36722,1.35821,1.35874,39142
2014-01-06 00:00:00,1.35955,1.36528,1.35712,1.3627799999999999,39696
2014-01-07 00:00:00,1.3627799999999999,1.36562,1.3596599999999999,1.36152,38372
2014-01-08 00:00:00,1.36152,1.36349,1.35533,1.35752,41826
2014-01-09 00:00:00,1.35751,1.36328,1.35484,1.36075,41675
2014-01-10 00:00:00,1.36074,1.36871,1.35721,1.36665,38639
2014-01-13 00:00:00,1.36662,1.36846,1.3637299999999999,1.36708,37551
2014-01-14 00:00:00,1.367,1.36992,1.3649,1.36787,38138
2014-01-15 00:00:00,1.36784,1.36808,1.35812,1.3605,38373
2014-01-16 00:00:00,1.3605,1.3649200000000001,1.3583,1.36197,38904
2014-01-17 00:00:00,1.36192,1.36208,1.35168,1.35405,36227
2014-01-20 00:00:00,1.35325,1.35677,1.35074,1.3551199999999999,28852
2014-01-21 00:00:00,1.35511,1.35687,1.35162,1.3560400000000001,38149
2014-01-22 00:00:00,1.35606,1.35832,1.35344,1.3547,36717
2014-01-23 00:00:00,1.35469,1.36981,1.35303,1.36961,47587
2014-01-24 00:00:00,1.36961,1.37393,1.36627,1.36752,47521
2014-01-27 00:00:00,1.3679999999999999,1.3716300000000001,1.36529,1.36727,43376
2014-01-28 00:00:00,1.3672,1.36882,1.3629,1.36706,37313
2014-01-29 00:00:00,1.3670499999999999,1.36845,1.36029,1.36629,48656
2014-01-30 00:00:00,1.3660999999999999,1.36652,1.35434,1.3554300000000001,44895
2014-01-31 00:00:00,1.35545,1.35733,1.3479,1.34849,47777
2014-02-03 00:00:00,1.34855,1.3535300000000001,1.3477000000000001,1.35247,43164
2014-02-04 00:00:00,1.35247,1.35384,1.34934,1.35179,40284
2014-02-05 00:00:00,1.3518,1.35552,1.34986,1.35331,47212
2014-02-06 00:00:00,1.35332,1.36188,1.3484099999999999,1.35895,48294
2014-02-07 00:00:00,1.35899,1.36425,1.35516,1.36342,45120
2014-02-10 00:00:00,1.36232,1.36513,1.36179,1.36455,27049
2014-02-11 00:00:00,1.3645,1.3682699999999999,1.36291,1.36377,33643
2014-02-12 00:00:00,1.36377,1.36525,1.3562,1.35931,35832
2014-02-13 00:00:00,1.35928,1.36916,1.35852,1.36795,37760
2014-02-14 00:00:00,1.36796,1.37145,1.36735,1.36918,33778
2014-02-17 00:00:00,1.3700700000000001,1.3724,1.3691900000000001,1.37064,24001
2014-02-18 00:00:00,1.37064,1.37696,1.36943,1.37579,32456
2014-02-19 00:00:00,1.37583,1.3773,1.37242,1.37326,28779
2014-02-20 00:00:00,1.37328,1.37623,1.36857,1.37181,34526
2014-02-21 00:00:00,1.37181,1.37583,1.37018,1.3738000000000001,28729
2014-02-24 00:00:00,1.37382,1.3771,1.37081,1.37344,29280
2014-02-25 00:00:00,1.37343,1.37668,1.37152,1.37448,31960
2014-02-26 00:00:00,1.37447,1.37569,1.3661400000000001,1.36862,33960
2014-02-27 00:00:00,1.3686099999999999,1.37266,1.3643,1.37099,34374
2014-02-28 00:00:00,1.37096,1.3824100000000001,1.3694,1.3801700000000001,41224
2014-03-01 00:00:00,1.38016,1.38016,1.38016,1.38016,1
2014-03-03 00:00:00,1.37856,1.37924,1.3726,1.37344,35672
2014-03-04 00:00:00,1.37343,1.37812,1.37206,1.37428,33939
2014-03-05 00:00:00,1.37428,1.37491,1.37072,1.37326,31678
2014-03-06 00:00:00,1.37326,1.38723,1.3721,1.38604,35838
2014-03-07 00:00:00,1.38606,1.39146,1.38522,1.38746,46739
2014-03-10 00:00:00,1.38761,1.3897599999999999,1.38614,1.3878,46858
2014-03-11 00:00:00,1.3878300000000001,1.38784,1.38335,1.38582,52503
2014-03-12 00:00:00,1.38582,1.39142,1.38432,1.39029,58071
2014-03-13 00:00:00,1.39016,1.39666,1.3845399999999999,1.38724,85672
2014-03-14 00:00:00,1.38724,1.39374,1.38473,1.39134,81969
2014-03-17 00:00:00,1.39062,1.39474,1.38788,1.39205,53456
2014-03-18 00:00:00,1.39207,1.3942700000000001,1.38797,1.39337,65550
2014-03-19 00:00:00,1.39337,1.39338,1.38095,1.38164,71515
2014-03-20 00:00:00,1.38183,1.38448,1.3749,1.37798,73682
2014-03-21 00:00:00,1.3780000000000001,1.38106,1.3765399999999999,1.37933,52850
2014-03-24 00:00:00,1.37914,1.38757,1.37601,1.38381,60904
2014-03-25 00:00:00,1.3838300000000001,1.3847,1.3749,1.38259,78233
2014-03-26 00:00:00,1.38259,1.38275,1.37762,1.3785,65719
2014-03-27 00:00:00,1.37848,1.37967,1.37283,1.37409,74241
2014-03-28 00:00:00,1.3740999999999999,1.37729,1.37047,1.37513,63264
2014-03-31 00:00:00,1.37531,1.3808500000000001,1.37215,1.37695,70478
2014-04-01 00:00:00,1.37683,1.38152,1.37683,1.37928,56590
2014-04-02 00:00:00,1.37928,1.38201,1.3753,1.37669,53698
2014-04-03 00:00:00,1.37668,1.38066,1.3698000000000001,1.3719700000000001,73719
2014-04-04 00:00:00,1.37196,1.3731200000000001,1.36725,1.3701400000000001,72903
2014-04-07 00:00:00,1.37008,1.37483,1.3696,1.37413,39806
2014-04-08 00:00:00,1.37413,1.38116,1.37371,1.3796599999999999,69990
2014-04-09 00:00:00,1.3796599999999999,1.3862,1.37799,1.3854899999999999,70704
2014-04-10 00:00:00,1.3854899999999999,1.38988,1.38357,1.38857,43298
2014-04-11 00:00:00,1.38857,1.3905699999999999,1.38632,1.38845,39317
2014-04-12 00:00:00,1.3884400000000001,1.3884400000000001,1.3884400000000001,1.3884400000000001,1
2014-04-14 00:00:00,1.3857300000000001,1.3862700000000001,1.3808,1.38205,40186
2014-04-15 00:00:00,1.38205,1.3833199999999999,1.37899,1.3814199999999999,39182
2014-04-16 00:00:00,1.38141,1.38507,1.38035,1.38151,38600
2014-04-17 00:00:00,1.38151,1.38645,1.38109,1.38132,34089
2014-04-18 00:00:00,1.38131,1.38222,1.38068,1.38068,10975
2014-04-21 00:00:00,1.38164,1.3830200000000001,1.37869,1.3792499999999999,16792
2014-04-22 00:00:00,1.37923,1.38247,1.37849,1.38048,30005
2014-04-23 00:00:00,1.3804699999999999,1.38545,1.38001,1.38164,37192
2014-04-24 00:00:00,1.3816899999999999,1.38432,1.37912,1.38311,36103
2014-04-25 00:00:00,1.38311,1.3848099999999999,1.38267,1.3833,27943
2014-04-28 00:00:00,1.38394,1.38792,1.38145,1.38507,35207
2014-04-29 00:00:00,1.38506,1.38788,1.3805399999999999,1.38119,36566
2014-04-30 00:00:00,1.38119,1.38764,1.3774899999999999,1.38667,46152
2014-05-01 00:00:00,1.38667,1.38889,1.38626,1.3869,20723
2014-05-02 00:00:00,1.3869099999999999,1.38811,1.3812,1.3868800000000001,41553
2014-05-03 00:00:00,1.38689,1.38689,1.38689,1.38689,1
2014-05-05 00:00:00,1.38724,1.38858,1.38643,1.38748,23408
2014-05-06 00:00:00,1.38753,1.39511,1.38719,1.3927100000000001,42169
2014-05-07 00:00:00,1.39273,1.39384,1.39097,1.39097,59057
2014-05-08 00:00:00,1.39097,1.39932,1.38328,1.38392,64181
2014-05-09 00:00:00,1.38392,1.38441,1.37453,1.37577,44146
2014-05-12 00:00:00,1.37569,1.37747,1.37492,1.37568,33836
2014-05-13 00:00:00,1.3757,1.37713,1.36889,1.37029,53798
2014-05-14 00:00:00,1.37028,1.37304,1.36978,1.37142,38982
2014-05-15 00:00:00,1.37146,1.3732199999999999,1.36484,1.37089,45387
2014-05-16 00:00:00,1.37093,1.37267,1.3685100000000001,1.36933,34250
2014-05-19 00:00:00,1.36978,1.37337,1.36951,1.37084,28196
2014-05-20 00:00:00,1.37085,1.37133,1.3678,1.37009,26222
2014-05-21 00:00:00,1.37009,1.37229,1.36353,1.36863,31595
2014-05-22 00:00:00,1.36862,1.36871,1.3645100000000001,1.36554,34781
2014-05-23 00:00:00,1.36551,1.36584,1.36155,1.3628,33908
2014-05-26 00:00:00,1.36246,1.3654,1.3615300000000001,1.36447,19010
2014-05-27 00:00:00,1.3645,1.36681,1.36123,1.36337,29691
2014-05-28 00:00:00,1.36337,1.3637299999999999,1.3588,1.35903,28553
2014-05-29 00:00:00,1.35903,1.36253,1.35858,1.3601,28016
2014-05-30 00:00:00,1.36009,1.36498,1.3598,1.3633899999999999,30680
2014-06-02 00:00:00,1.36304,1.36359,1.35879,1.35962,35440
2014-06-03 00:00:00,1.35979,1.36475,1.35867,1.3627099999999999,36554
2014-06-04 00:00:00,1.36274,1.36389,1.35962,1.35981,41700
2014-06-05 00:00:00,1.35979,1.36693,1.35028,1.366,54758
2014-06-06 00:00:00,1.366,1.36769,1.36208,1.36423,43705
2014-06-09 00:00:00,1.3645800000000001,1.36685,1.35823,1.35935,35115
2014-06-10 00:00:00,1.3593600000000001,1.36017,1.35333,1.35473,42417
2014-06-11 00:00:00,1.35462,1.35569,1.35215,1.3531,40673
2014-06-12 00:00:00,1.35311,1.35714,1.35121,1.3551199999999999,42431
2014-06-13 00:00:00,1.35508,1.3578700000000001,1.3520699999999999,1.35411,36481
2014-06-14 00:00:00,1.35379,1.35379,1.35379,1.35379,1
2014-06-16 00:00:00,1.35373,1.35792,1.35129,1.35731,35333
2014-06-17 00:00:00,1.35733,1.35869,1.3536000000000001,1.35465,37725
2014-06-18 00:00:00,1.35465,1.35992,1.35416,1.35951,37586
2014-06-19 00:00:00,1.35951,1.36433,1.35838,1.36076,40103
2014-06-20 00:00:00,1.36077,1.36338,1.35642,1.35998,32735
2014-06-21 00:00:00,1.35995,1.35995,1.35995,1.35995,1
2014-06-23 00:00:00,1.35949,1.36133,1.35738,1.36039,30750
2014-06-24 00:00:00,1.3604,1.36274,1.35832,1.36064,34475
2014-06-25 00:00:00,1.3605800000000001,1.3651,1.36003,1.36286,31212
2014-06-26 00:00:00,1.36283,1.36411,1.35757,1.36109,35148
2014-06-27 00:00:00,1.3611,1.36502,1.36091,1.3648799999999999,34721
2014-06-30 00:00:00,1.3645,1.36969,1.36402,1.3691499999999999,29675
2014-07-01 00:00:00,1.36916,1.36991,1.36753,1.36784,20307
2014-07-02 00:00:00,1.36783,1.3682,1.36422,1.36587,19838
2014-07-03 00:00:00,1.36584,1.36639,1.35962,1.36097,25179
2014-07-04 00:00:00,1.36098,1.3611,1.3585099999999999,1.35944,15856
2014-07-07 00:00:00,1.35935,1.36089,1.35758,1.36042,23680
2014-07-08 00:00:00,1.36046,1.36172,1.35881,1.36118,23981
2014-07-09 00:00:00,1.3612,1.36473,1.36021,1.36411,28214
2014-07-10 00:00:00,1.36407,1.36506,1.35891,1.36082,28682
2014-07-11 00:00:00,1.36081,1.3624399999999999,1.35916,1.36032,46927
2014-07-14 00:00:00,1.36055,1.36401,1.3597299999999999,1.36182,59183
2014-07-15 00:00:00,1.36186,1.36277,1.35619,1.35674,65737
2014-07-16 00:00:00,1.35667,1.35716,1.35206,1.35245,28391
2014-07-17 00:00:00,1.35245,1.35399,1.35163,1.35253,29649
2014-07-18 00:00:00,1.3525,1.35358,1.34908,1.35203,31617
2014-07-21 00:00:00,1.3526799999999999,1.35484,1.35123,1.35227,22841
2014-07-22 00:00:00,1.35228,1.3529,1.34584,1.34647,49761
2014-07-23 00:00:00,1.34639,1.34737,1.34545,1.34627,43182
2014-07-24 00:00:00,1.34623,1.34846,1.34378,1.34627,51676
2014-07-25 00:00:00,1.34627,1.34752,1.3421,1.34288,53639
2014-07-28 00:00:00,1.34305,1.34436,1.34265,1.34383,39757
2014-07-29 00:00:00,1.34368,1.3444099999999999,1.34039,1.34079,53545
2014-07-30 00:00:00,1.34074,1.34149,1.3366500000000001,1.33958,54091
2014-07-31 00:00:00,1.33961,1.3400400000000001,1.3371,1.3383,32350
2014-08-01 00:00:00,1.33891,1.34446,1.33781,1.34264,35874
2014-08-04 00:00:00,1.34271,1.34308,1.34091,1.34212,28741
2014-08-05 00:00:00,1.34212,1.34244,1.3357999999999999,1.33756,42357
2014-08-06 00:00:00,1.33755,1.33865,1.33327,1.33819,51537
2014-08-07 00:00:00,1.33817,1.33933,1.3336700000000001,1.3363,52973
2014-08-08 00:00:00,1.33624,1.34323,1.33432,1.34094,53305
2014-08-11 00:00:00,1.34061,1.34082,1.33801,1.33847,31143
2014-08-12 00:00:00,1.33838,1.33857,1.33356,1.33685,36790
2014-08-13 00:00:00,1.33687,1.34148,1.33419,1.33639,43589
2014-08-14 00:00:00,1.33639,1.34074,1.33479,1.33644,43866
2014-08-15 00:00:00,1.33643,1.34114,1.33583,1.33975,45474
2014-08-18 00:00:00,1.33913,1.33988,1.33526,1.33628,28985
2014-08-19 00:00:00,1.33628,1.33636,1.33129,1.33193,39925
2014-08-20 00:00:00,1.33193,1.3324,1.3255,1.32584,47728
2014-08-21 00:00:00,1.32586,1.32881,1.32417,1.32801,38143
2014-08-22 00:00:00,1.32798,1.3296299999999999,1.3220399999999999,1.32372,43271
2014-08-23 00:00:00,1.32383,1.32383,1.32381,1.32381,2
2014-08-25 00:00:00,1.31914,1.321,1.31834,1.31915,29932
2014-08-26 00:00:00,1.31914,1.32144,1.31644,1.31668,39664
2014-08-27 00:00:00,1.31667,1.32094,1.3152300000000001,1.3192,44203
2014-08-28 00:00:00,1.31921,1.3220399999999999,1.31596,1.31816,37481
2014-08-29 00:00:00,1.3182,1.3195999999999999,1.31323,1.31323,30077
2014-09-01 00:00:00,1.31292,1.31451,1.31188,1.3128,24555
2014-09-02 00:00:00,1.31283,1.31365,1.31098,1.31323,38599
2014-09-03 00:00:00,1.31323,1.316,1.31219,1.31502,38980
2014-09-04 00:00:00,1.31498,1.3154,1.2920099999999999,1.29434,57728
2014-09-05 00:00:00,1.29448,1.29883,1.29221,1.2951,50229
2014-09-08 00:00:00,1.29531,1.2959,1.28811,1.28942,55755
2014-09-09 00:00:00,1.28943,1.29574,1.28594,1.2937400000000001,66077
2014-09-10 00:00:00,1.29388,1.2962799999999999,1.28833,1.29163,58494
2014-09-11 00:00:00,1.29155,1.29516,1.28966,1.29237,53623
2014-09-12 00:00:00,1.29243,1.29791,1.29089,1.29643,62028
2014-09-15 00:00:00,1.29679,1.29694,1.29088,1.29398,47614
2014-09-16 00:00:00,1.29395,1.29951,1.29223,1.2959399999999999,55290
2014-09-17 00:00:00,1.2959399999999999,1.29814,1.28522,1.28646,52190
2014-09-18 00:00:00,1.28648,1.29303,1.2834699999999999,1.2922,49869
2014-09-19 00:00:00,1.29214,1.2928899999999999,1.28275,1.28284,55330
2014-09-22 00:00:00,1.28267,1.2867899999999999,1.28164,1.28488,96719
2014-09-23 00:00:00,1.28488,1.29012,1.28427,1.28465,42216
2014-09-24 00:00:00,1.28478,1.28637,1.27742,1.27802,43931
2014-09-25 00:00:00,1.27808,1.27834,1.26968,1.27505,56342
2014-09-26 00:00:00,1.27507,1.27607,1.26769,1.26825,47812
2014-09-29 00:00:00,1.2681200000000001,1.27149,1.26638,1.26851,45803
2014-09-30 00:00:00,1.26854,1.27024,1.25712,1.26307,57937
2014-10-01 00:00:00,1.26307,1.26397,1.25837,1.26219,57862
2014-10-02 00:00:00,1.26211,1.2698800000000001,1.26138,1.26681,71351
2014-10-03 00:00:00,1.26684,1.2675,1.25006,1.25145,52679
2014-10-06 00:00:00,1.25132,1.2675,1.25089,1.26543,48305
2014-10-07 00:00:00,1.26548,1.2682,1.25836,1.26687,74528
2014-10-08 00:00:00,1.26689,1.27489,1.26228,1.27331,73320
2014-10-09 00:00:00,1.27333,1.27914,1.26638,1.26899,82721
2014-10-10 00:00:00,1.26895,1.27161,1.26056,1.26272,69751
2014-10-13 00:00:00,1.26273,1.27611,1.26273,1.27533,75069
2014-10-14 00:00:00,1.27524,1.27681,1.264,1.26573,83111
2014-10-15 00:00:00,1.26576,1.28868,1.26248,1.28377,111988
2014-10-16 00:00:00,1.2837399999999999,1.2845,1.2705899999999999,1.28082,114649
2014-10-17 00:00:00,1.28087,1.28368,1.27435,1.27591,68439
2014-10-20 00:00:00,1.27552,1.28164,1.27308,1.27992,69739
2014-10-21 00:00:00,1.28003,1.28397,1.2713999999999999,1.27145,80798
2014-10-22 00:00:00,1.27161,1.2739099999999999,1.26367,1.26479,75972
2014-10-23 00:00:00,1.26475,1.26762,1.2613400000000001,1.26448,71363
2014-10-24 00:00:00,1.26456,1.26953,1.2634400000000001,1.26681,65970
2014-10-27 00:00:00,1.2675100000000001,1.27231,1.26653,1.26968,71061
2014-10-28 00:00:00,1.2696399999999999,1.27644,1.26848,1.2732700000000001,64173
2014-10-29 00:00:00,1.27328,1.27701,1.26261,1.26361,71497
2014-10-30 00:00:00,1.2636,1.26388,1.25469,1.2612700000000001,88391
2014-10-31 00:00:00,1.26136,1.26156,1.24851,1.25231,104113
2014-11-03 00:00:00,1.25085,1.2511,1.2438500000000001,1.24807,91605
2014-11-04 00:00:00,1.24818,1.25772,1.24801,1.25458,88377
2014-11-05 00:00:00,1.25443,1.25665,1.2456800000000001,1.24851,102342
2014-11-06 00:00:00,1.2484899999999999,1.25328,1.23645,1.23739,120051
2014-11-07 00:00:00,1.23735,1.24683,1.23571,1.24535,91983
2014-11-10 00:00:00,1.24637,1.2509000000000001,1.24183,1.24199,75056
2014-11-11 00:00:00,1.24183,1.24988,1.23939,1.24741,78262
2014-11-12 00:00:00,1.24733,1.24974,1.24187,1.24374,99286
2014-11-13 00:00:00,1.24375,1.24917,1.24259,1.24763,99205
2014-11-14 00:00:00,1.24746,1.25462,1.23988,1.2521499999999999,112118
2014-11-17 00:00:00,1.25204,1.2577099999999999,1.24449,1.24493,94158
2014-11-18 00:00:00,1.24492,1.25449,1.24432,1.25325,73056
2014-11-19 00:00:00,1.25327,1.25991,1.25116,1.25531,59177
2014-11-20 00:00:00,1.2552400000000001,1.25746,1.2504,1.25383,84343
2014-11-21 00:00:00,1.25386,1.25675,1.23747,1.23892,80405
2014-11-24 00:00:00,1.23623,1.24444,1.23623,1.24411,55592
2014-11-25 00:00:00,1.24416,1.24865,1.24015,1.24759,60366
2014-11-26 00:00:00,1.2476099999999999,1.2530999999999999,1.24429,1.25091,68496
2014-11-27 00:00:00,1.2509299999999999,1.25233,1.24643,1.2466599999999999,36043
2014-11-28 00:00:00,1.2466599999999999,1.24897,1.24259,1.24392,57816
2014-11-29 00:00:00,1.24393,1.24513,1.24393,1.24498,629
2014-12-01 00:00:00,1.24613,1.25062,1.24189,1.24709,59772
2014-12-02 00:00:00,1.2471,1.24757,1.23765,1.23806,55392
2014-12-03 00:00:00,1.23805,1.23904,1.23008,1.23101,53449
2014-12-04 00:00:00,1.2309700000000001,1.24561,1.22794,1.23822,59261
2014-12-05 00:00:00,1.23822,1.23925,1.2270699999999999,1.22891,58169
2014-12-06 00:00:00,1.22891,1.22895,1.22811,1.22844,1005
2014-12-08 00:00:00,1.22828,1.23435,1.22472,1.23105,60508
2014-12-09 00:00:00,1.23106,1.24476,1.2292,1.2371699999999999,71930
2014-12-10 00:00:00,1.2371699999999999,1.24478,1.2361900000000001,1.2444600000000001,70657
2014-12-11 00:00:00,1.24445,1.24949,1.237,1.23885,66598
2014-12-12 00:00:00,1.23884,1.2485,1.23842,1.2454,63729
2014-12-13 00:00:00,1.24539,1.24616,1.24431,1.246,2013
2014-12-15 00:00:00,1.24731,1.24785,1.2414399999999999,1.24346,69324
2014-12-16 00:00:00,1.24348,1.25696,1.24334,1.25149,76708
2014-12-17 00:00:00,1.25149,1.25165,1.23204,1.23411,73764
2014-12-18 00:00:00,1.23422,1.23527,1.22656,1.2285300000000001,69092
2014-12-19 00:00:00,1.22855,1.23019,1.222,1.22264,61752
2014-12-20 00:00:00,1.22262,1.2234,1.22224,1.22224,1086
2014-12-22 00:00:00,1.2223,1.22723,1.22164,1.22261,165139
2014-12-23 00:00:00,1.22261,1.22454,1.21644,1.2171,155128
2014-12-24 00:00:00,1.21711,1.22199,1.21676,1.21891,125464
2014-12-26 00:00:00,1.22085,1.22108,1.21684,1.21778,72115
2014-12-27 00:00:00,1.2178,1.2181899999999999,1.21749,1.21773,4321
2014-12-29 00:00:00,1.21807,1.2220900000000001,1.2143,1.21538,66371
2014-12-30 00:00:00,1.21539,1.21873,1.21237,1.21552,46383
2014-12-31 00:00:00,1.21554,1.21695,1.20973,1.20995,33265
2015-01-02 00:00:00,1.20538,1.2069,1.20011,1.20029,51731
2015-01-03 00:00:00,1.2003,1.20055,1.19997,1.20014,1351
2015-01-05 00:00:00,1.19454,1.19757,1.18642,1.19362,93727
2015-01-06 00:00:00,1.19361,1.19682,1.18836,1.18979,91266
2015-01-07 00:00:00,1.18978,1.18987,1.18014,1.18326,98135
2015-01-08 00:00:00,1.18325,1.1846700000000001,1.17536,1.17878,82626
2015-01-09 00:00:00,1.17877,1.1844999999999999,1.1762299999999999,1.18425,90804
2015-01-10 00:00:00,1.18424,1.18436,1.18306,1.18402,2007
2015-01-12 00:00:00,1.18481,1.18702,1.17856,1.18366,79680
2015-01-13 00:00:00,1.18365,1.18589,1.17529,1.17709,92739
2015-01-14 00:00:00,1.17709,1.18451,1.17267,1.17885,101163
2015-01-15 00:00:00,1.17888,1.17921,1.15673,1.16177,121127
2015-01-16 00:00:00,1.16175,1.16479,1.14594,1.15679,122553
2015-01-17 00:00:00,1.15679,1.15735,1.15526,1.1565,2803
2015-01-19 00:00:00,1.15524,1.16381,1.15512,1.16084,49475
2015-01-20 00:00:00,1.1608100000000001,1.16138,1.15397,1.15502,36446
2015-01-21 00:00:00,1.15502,1.1679,1.15406,1.15876,45653
2015-01-22 00:00:00,1.15878,1.16485,1.13514,1.13599,54949
2015-01-23 00:00:00,1.13598,1.13731,1.11145,1.12071,63369
2015-01-24 00:00:00,1.12073,1.12335,1.12023,1.12032,1167
2015-01-26 00:00:00,1.11492,1.12945,1.1097,1.12619,49794
2015-01-27 00:00:00,1.12621,1.14221,1.1223,1.13791,64898
2015-01-28 00:00:00,1.13791,1.13828,1.12817,1.12885,71061
2015-01-29 00:00:00,1.1289,1.1367,1.12612,1.1324,47428
2015-01-30 00:00:00,1.13239,1.13628,1.12782,1.12989,44155
2015-01-31 00:00:00,1.12989,1.12994,1.1277,1.1284399999999999,1435
2015-02-02 00:00:00,1.1311499999999999,1.13616,1.12918,1.13346,61609
2015-02-03 00:00:00,1.13345,1.15332,1.13122,1.1482,76304
2015-02-04 00:00:00,1.14823,1.14885,1.1378300000000001,1.13896,65297
2015-02-05 00:00:00,1.13898,1.14983,1.13035,1.14857,79029
2015-02-06 00:00:00,1.14855,1.14861,1.1311,1.13196,65808
2015-02-07 00:00:00,1.13194,1.13233,1.1309,1.13102,1805
2015-02-09 00:00:00,1.12952,1.13586,1.12698,1.13229,64161
2015-02-10 00:00:00,1.1323,1.13448,1.12726,1.13156,68565
2015-02-11 00:00:00,1.13157,1.13308,1.12794,1.12929,62429
2015-02-12 00:00:00,1.12926,1.14224,1.12878,1.141,73162
2015-02-13 00:00:00,1.14101,1.14421,1.13792,1.13983,60456
2015-02-14 00:00:00,1.13982,1.1401,1.13845,1.13919,1585
2015-02-16 00:00:00,1.13994,1.14285,1.13191,1.13461,49403
2015-02-17 00:00:00,1.13461,1.14478,1.13217,1.14174,70035
2015-02-18 00:00:00,1.14175,1.14188,1.13335,1.13984,64307
2015-02-19 00:00:00,1.13982,1.14496,1.1355,1.13593,59834
2015-02-20 00:00:00,1.13592,1.14231,1.12788,1.13765,69728
2015-02-21 00:00:00,1.13761,1.13838,1.13697,1.13785,1580
2015-02-23 00:00:00,1.1394,1.13952,1.12947,1.13311,53887
2015-02-24 00:00:00,1.13314,1.13577,1.129,1.13424,59241
2015-02-25 00:00:00,1.13423,1.1388,1.13353,1.13641,56224
2015-02-26 00:00:00,1.13641,1.13791,1.11834,1.11978,61501
2015-02-27 00:00:00,1.1198,1.12446,1.11758,1.11901,64278
2015-02-28 00:00:00,1.11899,1.11975,1.11896,1.11957,1345
2015-03-02 00:00:00,1.11805,1.12402,1.11597,1.11811,52911
2015-03-03 00:00:00,1.11814,1.12171,1.11545,1.11751,56755
2015-03-04 00:00:00,1.11751,1.11852,1.10615,1.10748,59033
2015-03-05 00:00:00,1.10749,1.11118,1.09879,1.10278,65283
2015-03-06 00:00:00,1.10278,1.10322,1.08416,1.0849199999999999,65228
2015-03-07 00:00:00,1.08493,1.08545,1.0838700000000001,1.08433,1646
2015-03-09 00:00:00,1.08296,1.09061,1.08227,1.08507,58184
2015-03-10 00:00:00,1.08501,1.08547,1.06923,1.0697,80169
2015-03-11 00:00:00,1.06942,1.07163,1.05108,1.05463,88989
2015-03-12 00:00:00,1.05464,1.06833,1.04943,1.06334,89993
2015-03-13 00:00:00,1.06335,1.06343,1.04619,1.0491,84587
2015-03-16 00:00:00,1.04855,1.06193,1.04791,1.05663,83013
2015-03-17 00:00:00,1.05679,1.06505,1.0551,1.05969,71544
2015-03-18 00:00:00,1.05943,1.10415,1.05797,1.08656,87815
2015-03-19 00:00:00,1.08656,1.09191,1.06125,1.06583,108506
2015-03-20 00:00:00,1.06583,1.08813,1.06483,1.08189,84248
2015-03-23 00:00:00,1.08667,1.09707,1.07667,1.09449,90487
2015-03-24 00:00:00,1.0945,1.10286,1.08897,1.09234,79875
2015-03-25 00:00:00,1.09233,1.10139,1.09002,1.09691,69968
2015-03-26 00:00:00,1.09691,1.10515,1.08555,1.0883099999999999,89887
2015-03-27 00:00:00,1.0883099999999999,1.09473,1.08007,1.08841,84290
2015-03-30 00:00:00,1.08841,1.08913,1.08095,1.08127,73094
2015-03-31 00:00:00,1.08128,1.08447,1.07123,1.07483,70493
2015-04-01 00:00:00,1.07481,1.07992,1.0718,1.07587,72785
2015-04-02 00:00:00,1.07588,1.09048,1.07497,1.08788,67474
2015-04-03 00:00:00,1.08786,1.10261,1.08632,1.09682,42181
2015-04-04 00:00:00,1.09681,1.09759,1.0965,1.09679,1464
2015-04-06 00:00:00,1.10007,1.10348,1.0909,1.09415,41142
2015-04-07 00:00:00,1.09415,1.0954,1.08144,1.08163,69937
2015-04-08 00:00:00,1.08157,1.0887,1.07627,1.07815,76588
2015-04-09 00:00:00,1.07815,1.07898,1.06372,1.06531,70445
2015-04-10 00:00:00,1.06528,1.06833,1.05674,1.06084,69665
2015-04-11 00:00:00,1.06085,1.06085,1.05948,1.0603,1525
2015-04-13 00:00:00,1.0603,1.0619,1.05202,1.05788,69277
2015-04-14 00:00:00,1.0579,1.07043,1.05311,1.06479,77131
2015-04-15 00:00:00,1.06479,1.07015,1.05705,1.06843,81890
2015-04-16 00:00:00,1.06843,1.08172,1.06246,1.07695,108362
2015-04-17 00:00:00,1.07694,1.08481,1.07343,1.08171,93075
2015-04-18 00:00:00,1.08174,1.08192,1.08033,1.08089,1517
2015-04-20 00:00:00,1.08089,1.08195,1.0712,1.07375,70089
2015-04-21 00:00:00,1.07373,1.07808,1.0659399999999999,1.07354,88662
2015-04-22 00:00:00,1.07354,1.08004,1.07079,1.07268,92003
2015-04-23 00:00:00,1.07269,1.08458,1.0665499999999999,1.08251,100037
2015-04-24 00:00:00,1.08252,1.08996,1.07842,1.0867499999999999,100488
2015-04-25 00:00:00,1.08676,1.08734,1.08593,1.087,1553
2015-04-27 00:00:00,1.08627,1.09263,1.08191,1.0889199999999999,84788
2015-04-28 00:00:00,1.08891,1.09905,1.08595,1.0973600000000001,99939
2015-04-29 00:00:00,1.09738,1.11875,1.09591,1.11114,117786
2015-04-30 00:00:00,1.11114,1.12659,1.10708,1.12286,143299
2015-05-01 00:00:00,1.12285,1.12896,1.11742,1.1207799999999999,102167
2015-05-02 00:00:00,1.1208,1.1216,1.11928,1.11967,1675
2015-05-04 00:00:00,1.11922,1.12238,1.11224,1.11527,61802
2015-05-05 00:00:00,1.1152,1.12203,1.10662,1.11914,21035
2015-05-06 00:00:00,1.1191200000000001,1.13693,1.11749,1.1348,40059
2015-05-07 00:00:00,1.13473,1.13918,1.12371,1.12685,30543
2015-05-08 00:00:00,1.12684,1.12876,1.11789,1.12072,34509
2015-05-09 00:00:00,1.12075,1.12105,1.11998,1.12085,454
2015-05-11 00:00:00,1.12,1.12053,1.11305,1.11505,46731
2015-05-12 00:00:00,1.11507,1.1278,1.11337,1.12147,105042
2015-05-13 00:00:00,1.12149,1.13821,1.12019,1.13424,85950
2015-05-14 00:00:00,1.13424,1.14442,1.13402,1.14077,105379
2015-05-15 00:00:00,1.14077,1.14661,1.13233,1.14473,79161
2015-05-16 00:00:00,1.14473,1.14497,1.14404,1.14466,655
2015-05-18 00:00:00,1.14485,1.14485,1.12979,1.1308,49350
2015-05-19 00:00:00,1.13081,1.13256,1.11184,1.11467,112103
2015-05-20 00:00:00,1.11468,1.11514,1.10616,1.11069,121412
2015-05-21 00:00:00,1.11069,1.11807,1.1078999999999999,1.11141,110198
2015-05-22 00:00:00,1.11141,1.12069,1.10016,1.10073,105950
2015-05-23 00:00:00,1.10074,1.10185,1.10074,1.10141,1594
2015-05-25 00:00:00,1.10052,1.10089,1.09584,1.09787,59291
2015-05-26 00:00:00,1.09787,1.09806,1.08626,1.0873,112667
2015-05-27 00:00:00,1.08729,1.09284,1.08185,1.09002,107336
2015-05-28 00:00:00,1.09004,1.09579,1.08681,1.09413,118415
2015-05-29 00:00:00,1.09415,1.10053,1.09251,1.09821,104825
2015-05-30 00:00:00,1.09821,1.09914,1.09751,1.09895,1729
2015-06-01 00:00:00,1.09835,1.09876,1.08865,1.09205,114371
2015-06-02 00:00:00,1.09204,1.11927,1.09152,1.11439,189536
2015-06-03 00:00:00,1.11436,1.12843,1.10811,1.1273900000000001,104829
2015-06-04 00:00:00,1.12731,1.1379299999999999,1.12219,1.12377,64920
2015-06-05 00:00:00,1.12378,1.12793,1.10489,1.11105,186063
2015-06-06 00:00:00,1.11106,1.1120700000000001,1.11098,1.11163,2392
2015-06-08 00:00:00,1.11018,1.12939,1.10837,1.1286100000000001,147822
2015-06-09 00:00:00,1.1286100000000001,1.13446,1.12136,1.12748,172489
2015-06-10 00:00:00,1.12746,1.13855,1.12599,1.13285,186657
2015-06-11 00:00:00,1.13285,1.13314,1.11816,1.12696,150698
2015-06-12 00:00:00,1.12697,1.12961,1.11509,1.12542,145933
2015-06-13 00:00:00,1.12538,1.12716,1.12513,1.12621,5293
2015-06-15 00:00:00,1.12133,1.12938,1.11893,1.12827,109922
2015-06-16 00:00:00,1.12828,1.13292,1.12044,1.12393,129439
2015-06-17 00:00:00,1.12392,1.13574,1.12057,1.1341700000000001,148977
2015-06-18 00:00:00,1.1341700000000001,1.1436,1.13297,1.13755,165452
2015-06-19 00:00:00,1.13755,1.13962,1.12915,1.13455,127227
2015-06-20 00:00:00,1.13455,1.13531,1.13403,1.13483,2335
2015-06-22 00:00:00,1.1374,1.14097,1.1311499999999999,1.13353,129171
2015-06-23 00:00:00,1.13353,1.13469,1.11347,1.11651,154111
2015-06-24 00:00:00,1.1165,1.12344,1.11539,1.11954,145189
2015-06-25 00:00:00,1.11955,1.12273,1.11534,1.12045,122602
2015-06-26 00:00:00,1.12046,1.12194,1.11297,1.11693,118205
2015-06-27 00:00:00,1.11691,1.11761,1.11582,1.11713,2585
2015-06-29 00:00:00,1.10047,1.12776,1.09538,1.12436,190344
2015-06-30 00:00:00,1.12435,1.12528,1.11123,1.1149,157039
2015-07-01 00:00:00,1.11491,1.11708,1.10425,1.10525,136048
2015-07-02 00:00:00,1.10523,1.11209,1.1031900000000001,1.1084,128359
2015-07-03 00:00:00,1.10834,1.11175,1.10643,1.11056,100541
2015-07-04 00:00:00,1.11053,1.11119,1.10835,1.11038,1896
2015-07-06 00:00:00,1.09794,1.1095,1.09688,1.10529,151190
2015-07-07 00:00:00,1.10528,1.10605,1.09158,1.10168,170680
2015-07-08 00:00:00,1.10166,1.10925,1.09734,1.10697,162466
2015-07-09 00:00:00,1.10695,1.11245,1.0991,1.10236,142006
2015-07-10 00:00:00,1.10234,1.12153,1.10216,1.11444,157369
2015-07-11 00:00:00,1.11444,1.1157,1.11419,1.11541,3676
2015-07-13 00:00:00,1.10993,1.11963,1.09948,1.09969,146049
2015-07-14 00:00:00,1.09968,1.10808,1.09649,1.10041,144049
2015-07-15 00:00:00,1.10046,1.10349,1.09293,1.09526,142474
2015-07-16 00:00:00,1.09524,1.0962,1.08549,1.08765,143078
2015-07-17 00:00:00,1.08768,1.09063,1.08404,1.08435,117014
2015-07-18 00:00:00,1.08436,1.0844,1.08281,1.08299,3080
2015-07-20 00:00:00,1.08332,1.08695,1.08198,1.0834,110979
2015-07-21 00:00:00,1.08343,1.0969,1.08078,1.09346,145583
2015-07-22 00:00:00,1.09347,1.09662,1.08691,1.0916,202191
2015-07-23 00:00:00,1.09161,1.1018,1.09147,1.09943,170597
2015-07-24 00:00:00,1.09943,1.09969,1.09251,1.09775,125143
2015-07-25 00:00:00,1.0977,1.09807,1.09745,1.09762,1840
2015-07-27 00:00:00,1.09759,1.11292,1.09687,1.10942,142780
2015-07-28 00:00:00,1.10942,1.10995,1.10219,1.10599,130478
2015-07-29 00:00:00,1.106,1.10837,1.09667,1.0982,136540
2015-07-30 00:00:00,1.09819,1.09912,1.08931,1.0933,142540
2015-07-31 00:00:00,1.0933,1.11139,1.09208,1.09822,153131
2015-08-01 00:00:00,1.09822,1.09899,1.0977,1.09831,2904
2015-08-03 00:00:00,1.09711,1.09957,1.0941,1.09552,130563
2015-08-04 00:00:00,1.09552,1.09873,1.08826,1.0889,145649
2015-08-05 00:00:00,1.0889,1.0937000000000001,1.08477,1.0904,147796
2015-08-06 00:00:00,1.0904,1.09433,1.08733,1.09297,129995
2015-08-07 00:00:00,1.09299,1.0977999999999999,1.08548,1.09585,124968
2015-08-08 00:00:00,1.09585,1.09649,1.0955300000000001,1.0964,1751
2015-08-10 00:00:00,1.09623,1.10411,1.0925,1.10177,98568
2015-08-11 00:00:00,1.10177,1.1088,1.09602,1.10433,135170
2015-08-12 00:00:00,1.10435,1.12137,1.1024,1.11737,143541
2015-08-13 00:00:00,1.11737,1.11885,1.10796,1.11525,110961
2015-08-14 00:00:00,1.11524,1.11885,1.10976,1.1108,110463
2015-08-15 00:00:00,1.11081,1.11147,1.11076,1.111,2197
2015-08-17 00:00:00,1.1114,1.11245,1.10584,1.10811,118521
2015-08-18 00:00:00,1.10812,1.10935,1.10171,1.10315,119021
2015-08-19 00:00:00,1.10316,1.11342,1.10174,1.11271,147877
2015-08-20 00:00:00,1.1127,1.12204,1.11067,1.12169,152239
2015-08-21 00:00:00,1.12168,1.13764,1.12134,1.13665,187896
2015-08-22 00:00:00,1.13663,1.13884,1.1364,1.13865,4338
2015-08-24 00:00:00,1.13742,1.17138,1.13679,1.15999,255840
2015-08-25 00:00:00,1.15999,1.16215,1.13961,1.14917,238975
2015-08-26 00:00:00,1.14917,1.15612,1.13218,1.13355,232929
2015-08-27 00:00:00,1.13355,1.13642,1.12028,1.12428,183605
2015-08-28 00:00:00,1.12426,1.13094,1.11559,1.1187,157852
2015-08-29 00:00:00,1.11873,1.11918,1.11803,1.11803,3101
2015-08-31 00:00:00,1.11767,1.1262,1.11692,1.1218,120849
2015-09-01 00:00:00,1.12177,1.13318,1.12077,1.12995,172331
2015-09-02 00:00:00,1.12995,1.13193,1.12162,1.12271,160759
2015-09-03 00:00:00,1.12265,1.1243,1.10869,1.11246,144065
2015-09-04 00:00:00,1.11246,1.11894,1.10897,1.11437,145297
2015-09-05 00:00:00,1.11437,1.1155,1.1141,1.11469,2571
2015-09-07 00:00:00,1.11571,1.11774,1.1121,1.11635,110589
2015-09-08 00:00:00,1.11636,1.12292,1.11522,1.11999,143541
2015-09-09 00:00:00,1.11999,1.1216,1.11313,1.1206,152596
2015-09-10 00:00:00,1.1206,1.1295,1.11715,1.12796,168312
2015-09-11 00:00:00,1.12794,1.13493,1.12538,1.13415,146802
2015-09-12 00:00:00,1.13416,1.1341700000000001,1.13275,1.13395,2512
2015-09-14 00:00:00,1.1329799999999999,1.13729,1.12832,1.13232,120859
2015-09-15 00:00:00,1.13231,1.13284,1.1258,1.12682,137105
2015-09-16 00:00:00,1.12683,1.13204,1.12138,1.12863,132144
2015-09-17 00:00:00,1.1286100000000001,1.14408,1.1282,1.14382,143542
2015-09-18 00:00:00,1.14382,1.146,1.12691,1.12817,159408
2015-09-19 00:00:00,1.12817,1.1304,1.12807,1.12985,4318
2015-09-21 00:00:00,1.12823,1.1329799999999999,1.11809,1.11941,137165
2015-09-22 00:00:00,1.1194,1.12072,1.1113,1.11328,136808
2015-09-23 00:00:00,1.1132900000000001,1.1213,1.11049,1.11819,143259
2015-09-24 00:00:00,1.11818,1.1295600000000001,1.11641,1.12236,159241
2015-09-25 00:00:00,1.12238,1.12334,1.11159,1.12044,156434
2015-09-26 00:00:00,1.12043,1.12084,1.11947,1.11994,2520
2015-09-28 00:00:00,1.1191,1.12474,1.11463,1.12326,142876
2015-09-29 00:00:00,1.12325,1.1280999999999999,1.11935,1.12506,156116
2015-09-30 00:00:00,1.12507,1.1261,1.11569,1.1175,143617
2015-10-01 00:00:00,1.11749,1.1209,1.11347,1.11872,136893
2015-10-02 00:00:00,1.11872,1.13181,1.11501,1.12025,151594
2015-10-03 00:00:00,1.12025,1.12205,1.12024,1.1209500000000001,3691
2015-10-05 00:00:00,1.12202,1.1289,1.11731,1.11839,152969
2015-10-06 00:00:00,1.11842,1.12791,1.11717,1.12787,136845
2015-10-07 00:00:00,1.12788,1.1284,1.12112,1.12421,145725
2015-10-08 00:00:00,1.12423,1.13265,1.12341,1.1274,140104
2015-10-09 00:00:00,1.1273900000000001,1.13869,1.12667,1.13548,144530
2015-10-10 00:00:00,1.13548,1.13631,1.13548,1.13569,3027
2015-10-12 00:00:00,1.13588,1.1396600000000001,1.13547,1.13617,91087
2015-10-13 00:00:00,1.13618,1.14108,1.13438,1.13845,125606
2015-10-14 00:00:00,1.1384400000000001,1.14889,1.13768,1.14848,137557
2015-10-15 00:00:00,1.14848,1.1494900000000001,1.13629,1.13748,144255
2015-10-16 00:00:00,1.13755,1.13945,1.13339,1.13536,122412
2015-10-17 00:00:00,1.13536,1.13584,1.13474,1.13474,3189
2015-10-19 00:00:00,1.13546,1.13788,1.1305399999999999,1.13266,122697
2015-10-20 00:00:00,1.13265,1.13868,1.13198,1.13384,110458
2015-10-21 00:00:00,1.13384,1.13772,1.13342,1.1338300000000001,111534
2015-10-22 00:00:00,1.13372,1.13507,1.11065,1.11081,146542
2015-10-23 00:00:00,1.11079,1.11394,1.0996299999999999,1.10113,154120
2015-10-24 00:00:00,1.10115,1.10174,1.10073,1.10169,3330
2015-10-26 00:00:00,1.10071,1.10682,1.10035,1.10586,112978
2015-10-27 00:00:00,1.10531,1.1078000000000001,1.103,1.10449,115423
2015-10-28 00:00:00,1.10511,1.10955,1.08966,1.09243,128131
2015-10-29 00:00:00,1.09214,1.09854,1.09026,1.09779,125027
2015-10-30 00:00:00,1.09759,1.10723,1.09653,1.1005,139485
2015-11-02 00:00:00,1.10266,1.10527,1.09998,1.10166,107118
2015-11-03 00:00:00,1.10166,1.10298,1.09357,1.09626,117806
2015-11-04 00:00:00,1.09628,1.09685,1.08439,1.08599,138357
2015-11-05 00:00:00,1.08597,1.08972,1.08333,1.08762,133758
2015-11-06 00:00:00,1.08762,1.08935,1.0707,1.07434,132922
2015-11-07 00:00:00,1.07435,1.07453,1.0737,1.0739,2070
2015-11-09 00:00:00,1.07283,1.07896,1.07191,1.07557,144626
2015-11-10 00:00:00,1.07558,1.07637,1.0674,1.07141,139993
2015-11-11 00:00:00,1.07142,1.07733,1.07054,1.0742099999999999,132734
2015-11-12 00:00:00,1.07423,1.08301,1.06906,1.08091,173099
2015-11-13 00:00:00,1.08092,1.0823,1.07137,1.07502,159218
2015-11-14 00:00:00,1.07502,1.07743,1.07466,1.07668,4540
2015-11-16 00:00:00,1.07366,1.07578,1.06744,1.06848,146198
2015-11-17 00:00:00,1.06847,1.06904,1.06305,1.06463,145328
2015-11-18 00:00:00,1.06465,1.06922,1.06166,1.06517,136385
2015-11-19 00:00:00,1.06516,1.07628,1.06512,1.07329,156867
2015-11-20 00:00:00,1.07329,1.07382,1.06405,1.06448,141486
2015-11-21 00:00:00,1.06446,1.06495,1.06397,1.06451,2558
2015-11-23 00:00:00,1.06372,1.06565,1.05922,1.06267,147867
2015-11-24 00:00:00,1.06266,1.0673300000000001,1.06193,1.06449,154092
2015-11-25 00:00:00,1.06451,1.0689,1.05657,1.06167,163395
2015-11-26 00:00:00,1.06166,1.0627,1.05996,1.06064,101521
2015-11-27 00:00:00,1.06063,1.06376,1.05682,1.05932,122819
2015-11-28 00:00:00,1.05932,1.0596,1.05898,1.05938,2247
2015-11-30 00:00:00,1.05887,1.05947,1.05576,1.05662,122985
2015-12-01 00:00:00,1.05663,1.06369,1.05621,1.06318,141502
2015-12-02 00:00:00,1.06318,1.06355,1.05505,1.06145,149295
2015-12-03 00:00:00,1.06149,1.09807,1.05222,1.09496,192337
2015-12-04 00:00:00,1.09497,1.09587,1.08357,1.0873599999999999,200162
2015-12-05 00:00:00,1.08738,1.08803,1.08696,1.08779,2714
2015-12-07 00:00:00,1.08681,1.08872,1.07958,1.08462,134305
2015-12-08 00:00:00,1.08461,1.09021,1.08299,1.08942,147893
2015-12-09 00:00:00,1.08941,1.10427,1.08789,1.10184,172921
2015-12-10 00:00:00,1.10183,1.10296,1.09247,1.09458,152411
2015-12-11 00:00:00,1.09462,1.10305,1.09263,1.09891,163670
2015-12-12 00:00:00,1.09894,1.0996299999999999,1.09792,1.09894,3848
2015-12-14 00:00:00,1.09801,1.10483,1.09452,1.09854,171144
2015-12-15 00:00:00,1.09852,1.10593,1.09044,1.09207,157527
2015-12-16 00:00:00,1.09207,1.10116,1.08878,1.09172,171605
2015-12-17 00:00:00,1.09171,1.0918,1.08023,1.08176,153490
2015-12-18 00:00:00,1.08176,1.08742,1.08047,1.08727,156779
2015-12-19 00:00:00,1.08727,1.0873,1.08613,1.08613,2869
2015-12-21 00:00:00,1.08511,1.09387,1.08457,1.09202,125739
2015-12-22 00:00:00,1.09203,1.09839,1.09021,1.09508,119709
2015-12-23 00:00:00,1.09508,1.09568,1.08696,1.09228,104330
2015-12-24 00:00:00,1.09229,1.09673,1.09023,1.09542,64315
2015-12-28 00:00:00,1.0944099999999999,1.09922,1.0944099999999999,1.09735,77324
2015-12-29 00:00:00,1.09732,1.09914,1.08988,1.09339,92268
2015-12-30 00:00:00,1.09339,1.09434,1.0901399999999999,1.09305,92993
2015-12-31 00:00:00,1.09305,1.09368,1.08526,1.08609,70304
2016-01-04 00:00:00,1.08696,1.09462,1.07808,1.08286,153556
2016-01-05 00:00:00,1.08286,1.08386,1.07104,1.07498,134603
2016-01-06 00:00:00,1.07496,1.07992,1.07127,1.0787,149067
2016-01-07 00:00:00,1.0787,1.09399,1.07707,1.09342,176354
2016-01-08 00:00:00,1.09342,1.09394,1.08028,1.09191,172648
2016-01-09 00:00:00,1.09189,1.09299,1.0917,1.09245,3167
2016-01-11 00:00:00,1.09171,1.09697,1.08476,1.08518,151900
2016-01-12 00:00:00,1.08517,1.08999,1.08193,1.08536,158969
2016-01-13 00:00:00,1.08539,1.08834,1.08046,1.08823,163326
2016-01-14 00:00:00,1.08823,1.09429,1.08342,1.08642,183225
2016-01-15 00:00:00,1.08639,1.09844,1.0854300000000001,1.0917,183722
2016-01-16 00:00:00,1.09169,1.0919699999999999,1.0905,1.09132,2730
2016-01-18 00:00:00,1.09206,1.09273,1.08684,1.08982,127354
2016-01-19 00:00:00,1.08981,1.09389,1.08591,1.091,160653
2016-01-20 00:00:00,1.091,1.09757,1.08769,1.0891,194127
2016-01-21 00:00:00,1.08911,1.09208,1.0777,1.08879,207751
2016-01-22 00:00:00,1.08875,1.0889,1.07888,1.07965,167163
2016-01-23 00:00:00,1.07964,1.08013,1.07934,1.07965,2832
2016-01-25 00:00:00,1.07886,1.08563,1.07886,1.08541,151148
2016-01-26 00:00:00,1.08541,1.0874,1.08185,1.08589,148590
2016-01-27 00:00:00,1.08592,1.09163,1.08503,1.0892,175202
2016-01-28 00:00:00,1.08914,1.09674,1.08694,1.09408,169762
2016-01-29 00:00:00,1.09408,1.09483,1.08096,1.08328,210778
2016-01-30 00:00:00,1.08334,1.08364,1.08289,1.083,2483
2016-02-01 00:00:00,1.08297,1.09125,1.08142,1.08941,146554
2016-02-02 00:00:00,1.08943,1.09397,1.08819,1.0913,151128
2016-02-03 00:00:00,1.0913,1.11452,1.09034,1.11088,199586
2016-02-04 00:00:00,1.1108,1.12387,1.10693,1.12051,226330
2016-02-05 00:00:00,1.12052,1.12468,1.11084,1.11526,187181
2016-02-06 00:00:00,1.11527,1.11657,1.11526,1.11578,3504
2016-02-08 00:00:00,1.11415,1.12155,1.10862,1.11899,186367
2016-02-09 00:00:00,1.11893,1.13378,1.1162,1.12937,233007
2016-02-10 00:00:00,1.1294,1.13111,1.11602,1.1293199999999999,225505
2016-02-11 00:00:00,1.12934,1.13761,1.12736,1.13256,254781
2016-02-12 00:00:00,1.13247,1.13337,1.12138,1.12544,210303
2016-02-13 00:00:00,1.12542,1.12589,1.1248,1.12503,2834
2016-02-15 00:00:00,1.12336,1.1249500000000001,1.11276,1.11525,157267
2016-02-16 00:00:00,1.11525,1.11928,1.11239,1.11416,168430
2016-02-17 00:00:00,1.11421,1.11788,1.11057,1.11299,170873
2016-02-18 00:00:00,1.11301,1.11493,1.10707,1.10975,166186
2016-02-19 00:00:00,1.10977,1.1139000000000001,1.10664,1.11296,157917
2016-02-20 00:00:00,1.11295,1.1132900000000001,1.11267,1.11279,3141
2016-02-22 00:00:00,1.11111,1.11244,1.10028,1.10246,145816
2016-02-23 00:00:00,1.10244,1.10524,1.09898,1.10179,160151
2016-02-24 00:00:00,1.10177,1.10459,1.09571,1.10068,174750
2016-02-25 00:00:00,1.10067,1.10496,1.09865,1.10245,161986
2016-02-26 00:00:00,1.10244,1.10679,1.09114,1.09396,160632
2016-02-27 00:00:00,1.09396,1.09401,1.09256,1.09289,2553
2016-02-29 00:00:00,1.0913,1.09625,1.08589,1.08785,158707
2016-03-01 00:00:00,1.08785,1.08932,1.08338,1.0867499999999999,161718
2016-03-02 00:00:00,1.0867499999999999,1.08807,1.08251,1.08655,160290
2016-03-03 00:00:00,1.08655,1.09725,1.08533,1.09613,155778
2016-03-04 00:00:00,1.09613,1.1043,1.09027,1.10015,165687
2016-03-05 00:00:00,1.1002,1.1012,1.10003,1.10064,3167
2016-03-07 00:00:00,1.09879,1.10255,1.09397,1.10118,124949
2016-03-08 00:00:00,1.10119,1.10575,1.09933,1.10054,143399
2016-03-09 00:00:00,1.10053,1.10345,1.09457,1.10041,134106
2016-03-10 00:00:00,1.10042,1.12177,1.08219,1.11779,175212
2016-03-11 00:00:00,1.11779,1.12093,1.10801,1.11502,152191
2016-03-12 00:00:00,1.11502,1.11541,1.11452,1.11462,2243
2016-03-14 00:00:00,1.11444,1.11759,1.10775,1.11004,126104
2016-03-15 00:00:00,1.11,1.11248,1.10715,1.11074,130197
2016-03-16 00:00:00,1.11075,1.1242,1.10575,1.12227,145734
2016-03-17 00:00:00,1.12221,1.13422,1.12048,1.13168,161682
2016-03-18 00:00:00,1.13151,1.13365,1.12558,1.1268799999999999,140062
2016-03-21 00:00:00,1.12682,1.1284399999999999,1.12344,1.12401,113982
2016-03-22 00:00:00,1.12392,1.12596,1.11881,1.12158,119021
2016-03-23 00:00:00,1.12161,1.12231,1.11628,1.11791,89924
2016-03-24 00:00:00,1.11791,1.11874,1.11439,1.11732,105065
2016-03-25 00:00:00,1.11741,1.11807,1.11536,1.11613,46574
2016-03-28 00:00:00,1.11599,1.12197,1.11527,1.11993,59712
2016-03-29 00:00:00,1.11995,1.13032,1.11687,1.12972,140448
2016-03-30 00:00:00,1.12971,1.13652,1.12831,1.13348,152312
2016-03-31 00:00:00,1.13349,1.14115,1.13098,1.13784,145775
2016-04-01 00:00:00,1.13784,1.14377,1.13344,1.139,159939
2016-04-02 00:00:00,1.13898,1.13989,1.13849,1.13897,2678
2016-04-04 00:00:00,1.13994,1.14123,1.1357,1.13924,126607
2016-04-05 00:00:00,1.13925,1.14049,1.1335600000000001,1.13868,147127
2016-04-06 00:00:00,1.13865,1.14317,1.13262,1.13995,149632
2016-04-07 00:00:00,1.13996,1.14538,1.13373,1.13718,165745
2016-04-08 00:00:00,1.13717,1.1419,1.1348799999999999,1.14001,139451
2016-04-09 00:00:00,1.14002,1.14007,1.13928,1.13949,3127
2016-04-11 00:00:00,1.14138,1.1447,1.13721,1.14049,124678
2016-04-12 00:00:00,1.14046,1.14645,1.13458,1.13914,143544
2016-04-13 00:00:00,1.13914,1.13926,1.1272,1.12797,151290
2016-04-14 00:00:00,1.12797,1.12945,1.12335,1.12549,137495
2016-04-15 00:00:00,1.12552,1.13167,1.12453,1.12827,120063
2016-04-16 00:00:00,1.12826,1.1286100000000001,1.12802,1.12827,2861
2016-04-18 00:00:00,1.12998,1.13317,1.12734,1.13069,117312
2016-04-19 00:00:00,1.13074,1.13842,1.1303,1.13623,121183
2016-04-20 00:00:00,1.13622,1.13876,1.12901,1.12908,129835
2016-04-21 00:00:00,1.12913,1.13985,1.12696,1.12896,148123
2016-04-22 00:00:00,1.12893,1.13084,1.12178,1.12218,142574
2016-04-23 00:00:00,1.12218,1.12362,1.12154,1.12154,2699
2016-04-25 00:00:00,1.12167,1.12779,1.12145,1.1259000000000001,119804
2016-04-26 00:00:00,1.1259000000000001,1.13394,1.12559,1.1287099999999999,124762
2016-04-27 00:00:00,1.12872,1.13611,1.12713,1.13123,131927
2016-04-28 00:00:00,1.13122,1.13676,1.1296,1.13546,154789
2016-04-29 00:00:00,1.13544,1.1459,1.1347,1.14501,155121
2016-04-30 00:00:00,1.14501,1.1452499999999999,1.1445,1.14504,4110
2016-05-02 00:00:00,1.14582,1.15345,1.14479,1.15177,128865
2016-05-03 00:00:00,1.1518,1.16159,1.15008,1.1506,158637
2016-05-04 00:00:00,1.1506,1.15292,1.14659,1.14903,156111
2016-05-05 00:00:00,1.14903,1.14938,1.13856,1.14015,130450
2016-05-06 00:00:00,1.14015,1.14796,1.13863,1.14039,138148
2016-05-07 00:00:00,1.14041,1.14059,1.1400000000000001,1.14009,2509
2016-05-09 00:00:00,1.13939,1.14194,1.1375,1.1381000000000001,116219
2016-05-10 00:00:00,1.1381000000000001,1.14096,1.13583,1.13703,117181
2016-05-11 00:00:00,1.13702,1.14462,1.13682,1.14231,109854
2016-05-12 00:00:00,1.14231,1.14288,1.13716,1.13731,116525
2016-05-13 00:00:00,1.1373,1.138,1.12825,1.13109,133002
2016-05-14 00:00:00,1.13112,1.13131,1.13022,1.1308799999999999,2723
2016-05-16 00:00:00,1.13098,1.1342,1.13019,1.13189,102144
2016-05-17 00:00:00,1.1319,1.13482,1.13013,1.13145,120701
2016-05-18 00:00:00,1.13145,1.1317599999999999,1.12171,1.12178,142102
2016-05-19 00:00:00,1.12178,1.12297,1.11796,1.11952,138461
2016-05-20 00:00:00,1.11951,1.1237,1.11951,1.12162,100582
2016-05-21 00:00:00,1.12158,1.12237,1.12158,1.1221700000000001,2051
2016-05-23 00:00:00,1.12033,1.12426,1.11873,1.12157,103940
2016-05-24 00:00:00,1.1215600000000001,1.12267,1.11321,1.11408,122143
2016-05-25 00:00:00,1.11408,1.11666,1.11285,1.11531,117233
2016-05-26 00:00:00,1.11531,1.12164,1.11492,1.1188,118016
2016-05-27 00:00:00,1.11882,1.12004,1.11109,1.11123,110701
2016-05-28 00:00:00,1.11122,1.11141,1.11107,1.1113,2208
2016-05-30 00:00:00,1.11125,1.11443,1.10977,1.11403,73480
2016-05-31 00:00:00,1.11402,1.11731,1.11219,1.11265,132551
2016-06-01 00:00:00,1.11265,1.11937,1.11138,1.11924,143919
2016-06-02 00:00:00,1.11924,1.12198,1.11449,1.11527,134172
2016-06-03 00:00:00,1.11527,1.13568,1.10707,1.13554,148699
2016-06-04 00:00:00,1.13554,1.1373199999999999,1.13545,1.13662,4778
2016-06-06 00:00:00,1.13542,1.13923,1.13262,1.13614,139757
2016-06-07 00:00:00,1.13617,1.13801,1.1338300000000001,1.13571,122727
2016-06-08 00:00:00,1.13572,1.14103,1.13536,1.13943,118417
2016-06-09 00:00:00,1.13945,1.14151,1.13052,1.13202,128496
2016-06-10 00:00:00,1.13203,1.13217,1.1245,1.12527,133327
2016-06-11 00:00:00,1.12526,1.12585,1.12494,1.12533,2764
2016-06-13 00:00:00,1.12478,1.1302699999999999,1.12316,1.12958,148217
2016-06-14 00:00:00,1.1295600000000001,1.12984,1.11886,1.12048,138948
2016-06-15 00:00:00,1.12047,1.12982,1.11894,1.12524,140458
2016-06-16 00:00:00,1.12525,1.12946,1.11307,1.124,179038
2016-06-17 00:00:00,1.12398,1.12961,1.12224,1.12785,136888
2016-06-18 00:00:00,1.12786,1.12796,1.12713,1.12752,2452
2016-06-20 00:00:00,1.13308,1.13821,1.13018,1.13059,138792
2016-06-21 00:00:00,1.13059,1.13492,1.12428,1.1251,126693
2016-06-22 00:00:00,1.12511,1.13372,1.12362,1.1301,122137
2016-06-23 00:00:00,1.1301,1.14208,1.1293,1.13815,138006
2016-06-24 00:00:00,1.13815,1.14278,1.09113,1.10864,299180
2016-06-25 00:00:00,1.10864,1.11178,1.10847,1.1091199999999999,4312
2016-06-27 00:00:00,1.1002399999999999,1.10833,1.09705,1.10172,208177
2016-06-28 00:00:00,1.10172,1.11112,1.10098,1.10777,154678
2016-06-29 00:00:00,1.10777,1.113,1.10489,1.1102,152386
2016-06-30 00:00:00,1.1102,1.11541,1.10238,1.10939,172030
2016-07-01 00:00:00,1.10939,1.11689,1.10716,1.11342,134093
2016-07-02 00:00:00,1.1134,1.11426,1.11254,1.11361,2760
2016-07-04 00:00:00,1.11245,1.11591,1.10975,1.11549,93089
2016-07-05 00:00:00,1.11549,1.11862,1.10619,1.10678,127731
2016-07-06 00:00:00,1.10678,1.11112,1.10288,1.11012,158494
2016-07-07 00:00:00,1.11012,1.11069,1.10522,1.10627,128961
2016-07-08 00:00:00,1.10628,1.11198,1.10016,1.10512,124844
2016-07-09 00:00:00,1.10512,1.10569,1.10469,1.10497,2176
2016-07-11 00:00:00,1.10448,1.10743,1.10153,1.10568,113615
2016-07-12 00:00:00,1.10568,1.1126,1.10517,1.1062,142641
2016-07-13 00:00:00,1.10618,1.11195,1.10418,1.10933,133584
2016-07-14 00:00:00,1.10934,1.11644,1.1085,1.11131,151614
2016-07-15 00:00:00,1.11131,1.11486,1.10526,1.10687,133922
2016-07-16 00:00:00,1.10689,1.10701,1.1024,1.10244,7910
2016-07-18 00:00:00,1.10497,1.10839,1.10372,1.10709,106220
2016-07-19 00:00:00,1.10709,1.10801,1.09996,1.1019,109149
2016-07-20 00:00:00,1.1019,1.10298,1.0981,1.10178,104955
2016-07-21 00:00:00,1.10175,1.106,1.09793,1.10217,133748
2016-07-22 00:00:00,1.10216,1.10406,1.09551,1.09732,118975
2016-07-23 00:00:00,1.09728,1.09786,1.09707,1.09747,2317
2016-07-25 00:00:00,1.09725,1.09986,1.09516,1.09903,98613
2016-07-26 00:00:00,1.09903,1.10294,1.09778,1.09877,103583
2016-07-27 00:00:00,1.09877,1.10647,1.09314,1.10524,117495
2016-07-28 00:00:00,1.10526,1.11191,1.105,1.10753,118355
2016-07-29 00:00:00,1.10752,1.11972,1.1072,1.11777,138564
2016-07-30 00:00:00,1.11778,1.11849,1.11718,1.11743,3683
2016-08-01 00:00:00,1.11715,1.11831,1.11548,1.11671,98696
2016-08-02 00:00:00,1.11672,1.12334,1.11573,1.12209,117112
2016-08-03 00:00:00,1.1221700000000001,1.12265,1.11403,1.11475,99409
2016-08-04 00:00:00,1.11474,1.11561,1.11135,1.11305,110649
2016-08-05 00:00:00,1.11305,1.11608,1.10453,1.1087,103017
2016-08-06 00:00:00,1.10871,1.10887,1.10828,1.10867,2445
2016-08-08 00:00:00,1.10795,1.11046,1.10716,1.10826,86359
2016-08-09 00:00:00,1.10826,1.11221,1.107,1.11116,93049
2016-08-10 00:00:00,1.11119,1.11898,1.11114,1.11745,106092
2016-08-11 00:00:00,1.11747,1.11909,1.11362,1.11407,107051
2016-08-12 00:00:00,1.11405,1.12209,1.11309,1.1161,108793
2016-08-13 00:00:00,1.11609,1.11656,1.11592,1.11634,2291
2016-08-15 00:00:00,1.11659,1.12032,1.1153,1.11854,82302
2016-08-16 00:00:00,1.11854,1.13221,1.1177,1.1278299999999999,123152
2016-08-17 00:00:00,1.12786,1.13155,1.12403,1.12818,114136
2016-08-18 00:00:00,1.12818,1.1366100000000001,1.1280000000000001,1.13642,121411
2016-08-19 00:00:00,1.13642,1.13659,1.13037,1.13279,110615
2016-08-20 00:00:00,1.13279,1.13279,1.13215,1.1323699999999999,1781
2016-08-22 00:00:00,1.13087,1.13302,1.12707,1.13206,103862
2016-08-23 00:00:00,1.13206,1.13548,1.13033,1.13053,100793
2016-08-24 00:00:00,1.13051,1.13111,1.12448,1.12614,109175
2016-08-25 00:00:00,1.12615,1.1297,1.12588,1.1280999999999999,82993
2016-08-26 00:00:00,1.1280000000000001,1.13406,1.11806,1.11931,121723
2016-08-27 00:00:00,1.11933,1.12002,1.11856,1.11856,2657
2016-08-29 00:00:00,1.11823,1.12074,1.11575,1.11872,93733
2016-08-30 00:00:00,1.11873,1.1192,1.11317,1.11419,96025
2016-08-31 00:00:00,1.1142,1.1165,1.11227,1.11536,102937
2016-09-01 00:00:00,1.11538,1.12048,1.11272,1.12002,105979
2016-09-02 00:00:00,1.12003,1.12518,1.11501,1.11579,119718
2016-09-03 00:00:00,1.11579,1.11583,1.11449,1.11449,1435
2016-09-05 00:00:00,1.11564,1.11819,1.11393,1.11475,77690
2016-09-06 00:00:00,1.11476,1.1262699999999999,1.11404,1.1248,112937
2016-09-07 00:00:00,1.12477,1.12706,1.12283,1.12405,109899
2016-09-08 00:00:00,1.12405,1.13266,1.1234,1.12564,127235
2016-09-09 00:00:00,1.12564,1.12849,1.11981,1.12259,120963
2016-09-10 00:00:00,1.12259,1.12351,1.12226,1.12235,2140
2016-09-12 00:00:00,1.12304,1.1268,1.121,1.12337,125293
2016-09-13 00:00:00,1.12335,1.12601,1.12036,1.12133,123768
2016-09-14 00:00:00,1.12132,1.12737,1.12097,1.12494,117069
2016-09-15 00:00:00,1.12494,1.12833,1.12187,1.12445,123587
2016-09-16 00:00:00,1.12445,1.12497,1.11492,1.11532,118659
2016-09-17 00:00:00,1.11533,1.11584,1.11511,1.11535,2577
2016-09-19 00:00:00,1.11531,1.11975,1.11505,1.11772,97127
2016-09-20 00:00:00,1.11775,1.12131,1.11546,1.1158,113347
2016-09-21 00:00:00,1.1158,1.11962,1.11228,1.11866,135101
2016-09-22 00:00:00,1.11863,1.12569,1.11813,1.12039,110853
2016-09-23 00:00:00,1.12042,1.12403,1.11935,1.12267,105818
2016-09-24 00:00:00,1.12266,1.1232199999999999,1.12149,1.12149,1795
2016-09-26 00:00:00,1.1229,1.12788,1.12204,1.12536,98968
2016-09-27 00:00:00,1.12537,1.12586,1.11906,1.12212,118758
2016-09-28 00:00:00,1.1221,1.12365,1.11814,1.12146,121305
2016-09-29 00:00:00,1.12148,1.12496,1.11965,1.12179,127230
2016-09-30 00:00:00,1.12179,1.12503,1.11531,1.12327,158334
2016-10-01 00:00:00,1.12328,1.12441,1.12327,1.12399,3484
2016-10-03 00:00:00,1.12262,1.12439,1.12049,1.12123,101404
2016-10-04 00:00:00,1.12125,1.12384,1.11376,1.12038,145633
2016-10-05 00:00:00,1.12038,1.1233,1.11894,1.12049,127963
2016-10-06 00:00:00,1.12049,1.12121,1.11395,1.11493,127250
2016-10-07 00:00:00,1.11493,1.12048,1.1104,1.1196,187919
2016-10-08 00:00:00,1.1195599999999999,1.1201699999999999,1.11931,1.11931,2191
2016-10-10 00:00:00,1.1181,1.12028,1.11309,1.11353,108013
2016-10-11 00:00:00,1.11353,1.11419,1.10486,1.10559,146849
2016-10-12 00:00:00,1.10558,1.10673,1.10041,1.1014,152244
2016-10-13 00:00:00,1.10145,1.10553,1.09851,1.10492,121428
2016-10-14 00:00:00,1.10495,1.10582,1.09706,1.09714,132895
2016-10-15 00:00:00,1.09712,1.09763,1.09699,1.09711,2456
2016-10-17 00:00:00,1.09689,1.10076,1.09635,1.1004,108304
2016-10-18 00:00:00,1.10039,1.10262,1.09697,1.09801,108790
2016-10-19 00:00:00,1.09799,1.10044,1.09547,1.09692,111200
2016-10-20 00:00:00,1.09691,1.10388,1.09154,1.09265,119563
2016-10-21 00:00:00,1.09263,1.09293,1.0859,1.08803,107337
2016-10-22 00:00:00,1.08804,1.08886,1.0873599999999999,1.0873599999999999,2014
2016-10-24 00:00:00,1.08801,1.08993,1.08592,1.08733,93310
2016-10-25 00:00:00,1.08732,1.09045,1.08507,1.08893,118152
2016-10-26 00:00:00,1.08891,1.09462,1.0874,1.09008,101418
2016-10-27 00:00:00,1.09011,1.09418,1.08821,1.08976,112208
2016-10-28 00:00:00,1.08975,1.09915,1.08926,1.09823,124734
2016-10-29 00:00:00,1.09828,1.09899,1.09745,1.09745,2957
2016-10-31 00:00:00,1.0984099999999999,1.09907,1.09355,1.09801,97366
2016-11-01 00:00:00,1.09788,1.10686,1.0959699999999999,1.10555,115416
2016-11-02 00:00:00,1.10537,1.11228,1.10493,1.10969,130248
2016-11-03 00:00:00,1.1095,1.11255,1.10595,1.11051,127627
2016-11-04 00:00:00,1.1103399999999999,1.11405,1.10795,1.11375,118398
2016-11-07 00:00:00,1.10616,1.11099,1.1027,1.10447,111617
2016-11-08 00:00:00,1.10445,1.10667,1.10083,1.10143,103442
2016-11-09 00:00:00,1.10142,1.12991,1.09086,1.09089,289588
2016-11-10 00:00:00,1.09088,1.09533,1.08645,1.08858,180384
2016-11-11 00:00:00,1.08857,1.09229,1.08301,1.08467,169620
2016-11-12 00:00:00,1.08465,1.086,1.08458,1.08503,2119
2016-11-14 00:00:00,1.08316,1.08403,1.07087,1.0734,183652
2016-11-15 00:00:00,1.07344,1.08161,1.07138,1.07285,160142
2016-11-16 00:00:00,1.07285,1.07592,1.06656,1.0683,148714
2016-11-17 00:00:00,1.06831,1.07453,1.06197,1.06243,160205
2016-11-18 00:00:00,1.06243,1.06425,1.05687,1.05923,174141
2016-11-19 00:00:00,1.05923,1.05969,1.05826,1.05826,3243
2016-11-21 00:00:00,1.05915,1.06488,1.05785,1.0625,161302
2016-11-22 00:00:00,1.0625,1.06575,1.05835,1.06239,155406
2016-11-23 00:00:00,1.06239,1.06433,1.05258,1.05526,150925
2016-11-24 00:00:00,1.05528,1.05849,1.05176,1.05518,138518
2016-11-25 00:00:00,1.05518,1.0627,1.05291,1.05922,153134
2016-11-26 00:00:00,1.05924,1.05985,1.05772,1.05772,1575
2016-11-28 00:00:00,1.06079,1.06854,1.05632,1.0607,154058
2016-11-29 00:00:00,1.0607,1.06493,1.05645,1.0645,145578
2016-11-30 00:00:00,1.06453,1.06662,1.05521,1.05966,173129
2016-12-01 00:00:00,1.05965,1.06627,1.05842,1.06597,141349
2016-12-02 00:00:00,1.06597,1.06896,1.06248,1.06627,128847
2016-12-03 00:00:00,1.06627,1.06751,1.06538,1.06538,2496
2016-12-05 00:00:00,1.06171,1.07959,1.05044,1.0762,164926
2016-12-06 00:00:00,1.0762,1.0785,1.06979,1.07211,109041
2016-12-07 00:00:00,1.07211,1.07679,1.07095,1.07624,89560
2016-12-08 00:00:00,1.07623,1.08734,1.05968,1.06152,136626
2016-12-09 00:00:00,1.06153,1.06293,1.05306,1.05592,106876
2016-12-10 00:00:00,1.05592,1.05606,1.05512,1.05515,1918
2016-12-12 00:00:00,1.05326,1.06513,1.0525,1.06337,108356
2016-12-13 00:00:00,1.06337,1.06667,1.06034,1.06201,110856
2016-12-14 00:00:00,1.06202,1.06698,1.04955,1.0527,127672
2016-12-15 00:00:00,1.05265,1.05398,1.0366,1.04132,177575
2016-12-16 00:00:00,1.04128,1.04738,1.04003,1.04419,133039
2016-12-17 00:00:00,1.04416,1.04524,1.04401,1.04401,2493
2016-12-19 00:00:00,1.0437400000000001,1.04791,1.03945,1.03999,118708
2016-12-20 00:00:00,1.04,1.04175,1.03519,1.03892,115624
2016-12-21 00:00:00,1.03894,1.04509,1.03819,1.04305,104998
2016-12-22 00:00:00,1.04306,1.04989,1.0421,1.04336,111775
2016-12-23 00:00:00,1.04338,1.04684,1.04262,1.04484,74424
2016-12-24 00:00:00,1.04483,1.047,1.04472,1.047,2489
2016-12-26 00:00:00,1.04607,1.04668,1.03249,1.04563,28675
2016-12-27 00:00:00,1.04559,1.0463,1.04319,1.04549,90576
2016-12-28 00:00:00,1.04549,1.04795,1.03717,1.04072,91900
2016-12-29 00:00:00,1.0407,1.04936,1.04058,1.04832,115123
2016-12-30 00:00:00,1.04831,1.06522,1.04807,1.05242,149819
2016-12-31 00:00:00,1.05243,1.05284,1.05068,1.05068,2190
2017-01-02 00:00:00,1.051,1.05275,1.04501,1.04587,65984
2017-01-03 00:00:00,1.04581,1.04898,1.03399,1.04017,143516
2017-01-04 00:00:00,1.04017,1.04996,1.03895,1.04859,137601
2017-01-05 00:00:00,1.04855,1.06149,1.04803,1.05987,171917
2017-01-06 00:00:00,1.05986,1.06207,1.05247,1.05339,146231
2017-01-07 00:00:00,1.05338,1.05349,1.05235,1.05235,2440
2017-01-09 00:00:00,1.05292,1.05826,1.05104,1.05685,123742
2017-01-10 00:00:00,1.05685,1.06268,1.05506,1.05613,147391
2017-01-11 00:00:00,1.05615,1.06226,1.04534,1.05724,179986
2017-01-12 00:00:00,1.05724,1.06844,1.0571,1.06229,181590
2017-01-13 00:00:00,1.06227,1.0673,1.05959,1.06366,141408
2017-01-14 00:00:00,1.06363,1.06445,1.06363,1.0642,1776
2017-01-16 00:00:00,1.06023,1.06355,1.05789,1.05986,110682
2017-01-17 00:00:00,1.05986,1.0719,1.05893,1.07044,176745
2017-01-18 00:00:00,1.07044,1.0715,1.06297,1.06375,144278
2017-01-19 00:00:00,1.06375,1.06763,1.05888,1.06602,167878
2017-01-20 00:00:00,1.06601,1.0709,1.06248,1.06958,160905
2017-01-21 00:00:00,1.06958,1.07045,1.06918,1.06982,2402
2017-01-23 00:00:00,1.07004,1.07544,1.0693,1.07431,152641
2017-01-24 00:00:00,1.07434,1.07745,1.07199,1.07327,144765
2017-01-25 00:00:00,1.07331,1.07694,1.07109,1.07517,137933
2017-01-26 00:00:00,1.0752,1.07653,1.06572,1.06753,144663
2017-01-27 00:00:00,1.06751,1.07247,1.06579,1.06953,132438
2017-01-28 00:00:00,1.06953,1.06986,1.06928,1.06968,1738
2017-01-30 00:00:00,1.07023,1.07399,1.062,1.06941,128113
2017-01-31 00:00:00,1.06942,1.0812,1.06843,1.07957,167901
2017-02-01 00:00:00,1.07957,1.0807,1.07298,1.07695,148044
2017-02-02 00:00:00,1.07693,1.08284,1.07556,1.07621,150474
2017-02-03 00:00:00,1.0762,1.07973,1.07106,1.07795,138625
2017-02-04 00:00:00,1.07795,1.07863,1.07775,1.07789,2304
2017-02-06 00:00:00,1.0784799999999999,1.07906,1.07053,1.07502,126426
2017-02-07 00:00:00,1.07505,1.07537,1.06558,1.06886,128355
2017-02-08 00:00:00,1.06884,1.07138,1.06402,1.06876,128718
2017-02-09 00:00:00,1.06874,1.07092,1.06505,1.06624,122691
2017-02-10 00:00:00,1.06621,1.06674,1.06072,1.06373,126330
2017-02-11 00:00:00,1.06373,1.06405,1.06327,1.0637699999999999,2030
2017-02-13 00:00:00,1.06276,1.06581,1.05917,1.05954,109556
2017-02-14 00:00:00,1.05953,1.06331,1.05607,1.05753,121780
2017-02-15 00:00:00,1.05752,1.0609,1.0521,1.06018,129690
2017-02-16 00:00:00,1.06016,1.0679,1.0590600000000001,1.06732,129242
2017-02-17 00:00:00,1.06731,1.06766,1.06051,1.06079,117956
2017-02-18 00:00:00,1.06082,1.06154,1.06056,1.06056,1836
2017-02-20 00:00:00,1.06069,1.06326,1.06029,1.0614,92722
2017-02-21 00:00:00,1.0614,1.06155,1.05255,1.05445,114578
2017-02-22 00:00:00,1.05444,1.05737,1.04933,1.05658,130336
2017-02-23 00:00:00,1.05658,1.05949,1.05373,1.05818,114831
2017-02-24 00:00:00,1.05818,1.06176,1.05568,1.05613,115694
2017-02-25 00:00:00,1.05613,1.05619,1.05513,1.05513,1294
2017-02-27 00:00:00,1.05622,1.06304,1.05511,1.05898,110653
2017-02-28 00:00:00,1.05897,1.06298,1.0568,1.05944,116580
2017-03-01 00:00:00,1.05944,1.05944,1.05138,1.05457,148295
2017-03-02 00:00:00,1.05457,1.05512,1.04946,1.05068,119746
2017-03-03 00:00:00,1.05067,1.06169,1.05015,1.06157,132429
2017-03-04 00:00:00,1.06157,1.06236,1.06116,1.06166,2239
2017-03-06 00:00:00,1.06033,1.06397,1.05745,1.05821,108718
2017-03-07 00:00:00,1.05819,1.06022,1.0558,1.05697,101804
2017-03-08 00:00:00,1.05695,1.05738,1.05345,1.05434,113831
2017-03-09 00:00:00,1.05432,1.06151,1.05247,1.05818,139222
2017-03-10 00:00:00,1.0582,1.06988,1.05721,1.06861,133617
2017-03-11 00:00:00,1.06864,1.06891,1.06685,1.06712,3172
2017-03-13 00:00:00,1.06832,1.07141,1.06519,1.06529,123594
2017-03-14 00:00:00,1.06527,1.06624,1.05995,1.06063,113461
2017-03-15 00:00:00,1.06042,1.07397,1.0603,1.07321,129851
2017-03-16 00:00:00,1.0728,1.077,1.07053,1.07635,139425
2017-03-17 00:00:00,1.07625,1.07821,1.07272,1.07362,116040
2017-03-20 00:00:00,1.07384,1.0777,1.07249,1.07387,96023
2017-03-21 00:00:00,1.07387,1.0819,1.07189,1.08093,129751
2017-03-22 00:00:00,1.08094,1.08245,1.07755,1.07958,127284
2017-03-23 00:00:00,1.07948,1.08047,1.07677,1.07828,119342
2017-03-24 00:00:00,1.07819,1.08178,1.076,1.07957,112353
2017-03-27 00:00:00,1.08316,1.09057,1.08266,1.08646,112971
2017-03-28 00:00:00,1.08644,1.08723,1.07985,1.08128,101649
2017-03-29 00:00:00,1.08128,1.08263,1.07396,1.07713,110845
2017-03-30 00:00:00,1.07712,1.07718,1.06797,1.06798,108896
2017-03-31 00:00:00,1.06798,1.07017,1.06642,1.06692,109807
2017-04-01 00:00:00,1.06694,1.06715,1.06462,1.06462,4646
2017-04-03 00:00:00,1.06591,1.06807,1.06421,1.0672,93770
2017-04-04 00:00:00,1.0672,1.06758,1.06354,1.06673,90565
2017-04-05 00:00:00,1.0667200000000001,1.06887,1.06345,1.06778,100982
2017-04-06 00:00:00,1.0677699999999999,1.0683799999999999,1.06287,1.06413,104130
2017-04-07 00:00:00,1.06411,1.06664,1.05804,1.05936,120061
2017-04-08 00:00:00,1.05938,1.06026,1.0588,1.05884,2844
2017-04-10 00:00:00,1.0586,1.06063,1.05695,1.05924,82798
2017-04-11 00:00:00,1.05925,1.06299,1.05783,1.06048,92841
2017-04-12 00:00:00,1.06047,1.06722,1.05886,1.06584,95242
2017-04-13 00:00:00,1.06581,1.06773,1.06089,1.06178,98914
2017-04-14 00:00:00,1.06178,1.06294,1.06056,1.06109,57493
2017-04-15 00:00:00,1.06109,1.0612,1.06092,1.06096,920
2017-04-17 00:00:00,1.06102,1.06701,1.06025,1.06394,64636
2017-04-18 00:00:00,1.06393,1.07357,1.06365,1.07338,104480
2017-04-19 00:00:00,1.0734,1.07366,1.06995,1.07159,89208
2017-04-20 00:00:00,1.07157,1.07773,1.07073,1.07178,88989
2017-04-21 00:00:00,1.07177,1.07378,1.0682,1.07027,86435
2017-04-22 00:00:00,1.07027,1.0729899999999999,1.06986,1.07266,3055
2017-04-24 00:00:00,1.09047,1.09061,1.08205,1.08677,124826
2017-04-25 00:00:00,1.08677,1.09497,1.08511,1.0937000000000001,98010
2017-04-26 00:00:00,1.09372,1.09506,1.08554,1.09066,115475
2017-04-27 00:00:00,1.09068,1.09325,1.08514,1.08744,107754
2017-04-28 00:00:00,1.08745,1.09471,1.08567,1.08928,103979
2017-04-29 00:00:00,1.08929,1.08995,1.08891,1.08921,2168
2017-05-01 00:00:00,1.09086,1.09234,1.08838,1.08978,59781
2017-05-02 00:00:00,1.08979,1.09301,1.08878,1.09256,88359
2017-05-03 00:00:00,1.09255,1.09365,1.08865,1.0895,99124
2017-05-04 00:00:00,1.08949,1.0985,1.08745,1.09844,120560
2017-05-05 00:00:00,1.09844,1.09988,1.09476,1.09973,109629
2017-05-06 00:00:00,1.09972,1.09987,1.09863,1.09863,3629
2017-05-08 00:00:00,1.1016,1.10176,1.09159,1.09299,112574
2017-05-09 00:00:00,1.09295,1.09331,1.08631,1.08733,113719
2017-05-10 00:00:00,1.08731,1.08979,1.0853,1.08658,107312
2017-05-11 00:00:00,1.08658,1.08927,1.0838700000000001,1.0863,102634
2017-05-12 00:00:00,1.08627,1.09341,1.0855299999999999,1.09292,99050
2017-05-13 00:00:00,1.09292,1.09325,1.09267,1.09268,2680
2017-05-15 00:00:00,1.09318,1.09892,1.09222,1.09773,91673
2017-05-16 00:00:00,1.09772,1.1097,1.0973,1.10844,114199
2017-05-17 00:00:00,1.10842,1.11577,1.10792,1.1152,137028
2017-05-18 00:00:00,1.11519,1.11716,1.10755,1.11126,167710
2017-05-19 00:00:00,1.11126,1.12115,1.10957,1.12039,116988
2017-05-20 00:00:00,1.1204,1.1208,1.1174,1.1174,2240
2017-05-22 00:00:00,1.11984,1.12631,1.11611,1.1237,107216
2017-05-23 00:00:00,1.12369,1.1268,1.11747,1.11823,132867
2017-05-24 00:00:00,1.11825,1.12171,1.11681,1.12146,121803
2017-05-25 00:00:00,1.12144,1.12502,1.11932,1.12106,106764
2017-05-26 00:00:00,1.12106,1.12342,1.11602,1.11707,105794
2017-05-27 00:00:00,1.11707,1.11812,1.11673,1.11733,2245
2017-05-29 00:00:00,1.1166,1.11896,1.11615,1.11712,60373
2017-05-30 00:00:00,1.11714,1.12051,1.11092,1.11882,113783
2017-05-31 00:00:00,1.11879,1.1252,1.11643,1.12333,117332
2017-06-01 00:00:00,1.12332,1.12564,1.12018,1.12141,101900
2017-06-02 00:00:00,1.1213899999999999,1.12848,1.12047,1.12817,102235
2017-06-03 00:00:00,1.12817,1.12845,1.12784,1.12784,1604
2017-06-05 00:00:00,1.12699,1.12835,1.12339,1.12552,69214
2017-06-06 00:00:00,1.12551,1.12837,1.12401,1.12778,83623
2017-06-07 00:00:00,1.1278,1.12824,1.12037,1.12672,91267
2017-06-08 00:00:00,1.12672,1.12691,1.11948,1.12172,96341
2017-06-09 00:00:00,1.12168,1.12365,1.11661,1.1195,104763
2017-06-10 00:00:00,1.11949,1.1198,1.11924,1.11935,1717
2017-06-12 00:00:00,1.12045,1.12318,1.11916,1.12042,73442
2017-06-13 00:00:00,1.12043,1.12247,1.1185,1.12067,70955
2017-06-14 00:00:00,1.12066,1.12954,1.11927,1.1218,112723
2017-06-15 00:00:00,1.12178,1.12283,1.11318,1.1145100000000001,103294
2017-06-16 00:00:00,1.11449,1.12011,1.11382,1.12002,80859
2017-06-17 00:00:00,1.12004,1.12014,1.11924,1.11961,2033
2017-06-19 00:00:00,1.12037,1.12125,1.11428,1.11482,72337
2017-06-20 00:00:00,1.11482,1.11647,1.11186,1.11253,85302
2017-06-21 00:00:00,1.11254,1.11681,1.11253,1.11653,78233
2017-06-22 00:00:00,1.11651,1.11777,1.1139000000000001,1.1151200000000001,76417
2017-06-23 00:00:00,1.1151200000000001,1.12087,1.11449,1.1197,66083
2017-06-24 00:00:00,1.11969,1.11978,1.11914,1.11928,1468
2017-06-26 00:00:00,1.11969,1.12195,1.11714,1.11801,75705
2017-06-27 00:00:00,1.11799,1.1349,1.11785,1.13484,100178
2017-06-28 00:00:00,1.13483,1.13901,1.12912,1.13813,125230
2017-06-29 00:00:00,1.13813,1.14451,1.13741,1.14389,104946
2017-06-30 00:00:00,1.14391,1.14449,1.13919,1.14212,102354
2017-07-01 00:00:00,1.14212,1.14254,1.14181,1.14254,1731
2017-07-03 00:00:00,1.14175,1.14264,1.13548,1.13626,76312
2017-07-04 00:00:00,1.13625,1.13766,1.13357,1.13458,72854
2017-07-05 00:00:00,1.13458,1.13682,1.13121,1.1341700000000001,88624
2017-07-06 00:00:00,1.1341700000000001,1.14243,1.13269,1.14195,92163
2017-07-07 00:00:00,1.14197,1.14395,1.13794,1.14044,94988
2017-07-08 00:00:00,1.14042,1.14045,1.13954,1.13954,1409
2017-07-10 00:00:00,1.13965,1.14177,1.13814,1.13998,67989
2017-07-11 00:00:00,1.13997,1.1479300000000001,1.13825,1.14632,85967
2017-07-12 00:00:00,1.14633,1.1489099999999999,1.13914,1.142,110179
2017-07-13 00:00:00,1.14201,1.14556,1.137,1.1406399999999999,101711
2017-07-14 00:00:00,1.14065,1.1471,1.13912,1.14703,95388
2017-07-15 00:00:00,1.14703,1.14718,1.14657,1.14666,1318
2017-07-17 00:00:00,1.14688,1.14866,1.14345,1.14821,84290
2017-07-18 00:00:00,1.1482,1.1583,1.14711,1.1557,123306
2017-07-19 00:00:00,1.15572,1.15582,1.15097,1.15172,87140
2017-07-20 00:00:00,1.15173,1.1657899999999999,1.1479,1.16282,128879
2017-07-21 00:00:00,1.16282,1.16825,1.16188,1.16683,99459
2017-07-22 00:00:00,1.16681,1.167,1.1660300000000001,1.16623,2968
2017-07-24 00:00:00,1.16589,1.1684,1.16256,1.16434,92363
2017-07-25 00:00:00,1.16434,1.17122,1.16304,1.1647,105608
2017-07-26 00:00:00,1.1647,1.17394,1.16123,1.17216,114517
2017-07-27 00:00:00,1.17214,1.17765,1.16497,1.16756,126424
2017-07-28 00:00:00,1.16757,1.17638,1.16703,1.17583,115058
2017-07-29 00:00:00,1.17583,1.17592,1.17458,1.17494,2041
2017-07-31 00:00:00,1.1751800000000001,1.18446,1.17229,1.18361,103822
2017-08-01 00:00:00,1.18363,1.18437,1.17849,1.17998,109115
2017-08-02 00:00:00,1.17999,1.191,1.17932,1.18536,105316
2017-08-03 00:00:00,1.18537,1.18926,1.18302,1.18749,102705
2017-08-04 00:00:00,1.18749,1.18889,1.17278,1.17801,100258
2017-08-05 00:00:00,1.178,1.17826,1.17688,1.17719,2233
2017-08-07 00:00:00,1.17729,1.18139,1.17679,1.17937,76520
2017-08-08 00:00:00,1.17937,1.18235,1.17149,1.17488,89696
2017-08-09 00:00:00,1.17487,1.17635,1.16885,1.17555,108776
2017-08-10 00:00:00,1.17555,1.1785,1.17039,1.17732,105406
2017-08-11 00:00:00,1.17732,1.18468,1.17483,1.18245,99813
2017-08-12 00:00:00,1.18248,1.18249,1.18189,1.18189,1598
2017-08-14 00:00:00,1.18212,1.1838,1.17694,1.17846,81925
2017-08-15 00:00:00,1.17845,1.17923,1.16869,1.17391,99844
2017-08-16 00:00:00,1.1739,1.17783,1.16809,1.17688,107772
2017-08-17 00:00:00,1.17687,1.17897,1.16619,1.17286,118314
2017-08-18 00:00:00,1.17287,1.17741,1.1708,1.17628,106552
2017-08-19 00:00:00,1.17629,1.17655,1.17567,1.17578,1605
2017-08-21 00:00:00,1.1759,1.18277,1.17307,1.1809,73961
2017-08-22 00:00:00,1.18092,1.18239,1.17448,1.17593,80419
2017-08-23 00:00:00,1.1759,1.1823,1.17398,1.18175,83442
2017-08-24 00:00:00,1.18176,1.1819600000000001,1.17838,1.18009,81191
2017-08-25 00:00:00,1.18007,1.19411,1.17728,1.1924,100663
2017-08-26 00:00:00,1.19241,1.1934,1.19167,1.19209,2527
2017-08-28 00:00:00,1.19443,1.19837,1.1917,1.19775,129991
2017-08-29 00:00:00,1.19774,1.20703,1.19463,1.19676,233546
2017-08-30 00:00:00,1.19677,1.19844,1.1880600000000001,1.18935,186111
2017-08-31 00:00:00,1.18934,1.19207,1.1823,1.19205,191156
2017-09-01 00:00:00,1.19201,1.1979899999999999,1.18494,1.1863299999999999,192227
2017-09-04 00:00:00,1.1876,1.1922,1.18735,1.18956,127021
2017-09-05 00:00:00,1.18955,1.19407,1.18683,1.19137,195901
2017-09-06 00:00:00,1.19136,1.19504,1.19029,1.1921,186890
2017-09-07 00:00:00,1.1920600000000001,1.20596,1.1914,1.20188,228905
2017-09-08 00:00:00,1.20188,1.20923,1.20147,1.20298,216683
2017-09-11 00:00:00,1.20221,1.20296,1.19478,1.19544,158111
2017-09-12 00:00:00,1.19549,1.19782,1.19262,1.19649,162059
2017-09-13 00:00:00,1.19649,1.1994799999999999,1.1873,1.18873,161603
2017-09-14 00:00:00,1.18876,1.19224,1.18377,1.19183,181421
2017-09-15 00:00:00,1.19183,1.19872,1.19009,1.19473,190575
2017-09-18 00:00:00,1.19194,1.1969400000000001,1.19148,1.19541,147825
2017-09-19 00:00:00,1.19498,1.20066,1.1948400000000001,1.19945,172294
2017-09-20 00:00:00,1.19942,1.20342,1.18613,1.18944,204609
2017-09-21 00:00:00,1.18903,1.19537,1.1865700000000001,1.19411,182990
2017-09-22 00:00:00,1.19414,1.20047,1.19364,1.19479,165040
2017-09-25 00:00:00,1.18986,1.19366,1.1831800000000001,1.18491,168598
2017-09-26 00:00:00,1.1847,1.18616,1.17574,1.17935,178872
2017-09-27 00:00:00,1.17926,1.17953,1.1717,1.17446,175511
2017-09-28 00:00:00,1.17438,1.18041,1.17212,1.1786699999999999,173724
2017-09-29 00:00:00,1.17853,1.18326,1.17725,1.18166,152517
2017-10-02 00:00:00,1.17883,1.18151,1.17301,1.17319,148225
2017-10-03 00:00:00,1.17313,1.17736,1.16962,1.17447,139765
2017-10-04 00:00:00,1.17424,1.17876,1.17351,1.176,141512
2017-10-05 00:00:00,1.17581,1.17789,1.1699,1.17096,133206
2017-10-06 00:00:00,1.17105,1.17388,1.16693,1.17342,165262
2017-10-09 00:00:00,1.17246,1.17561,1.17195,1.17411,75684
2017-10-10 00:00:00,1.17401,1.18254,1.17389,1.1808,148054
2017-10-11 00:00:00,1.18073,1.18691,1.17951,1.18611,152739
2017-10-12 00:00:00,1.18575,1.18799,1.18269,1.18304,135758
2017-10-13 00:00:00,1.1829,1.18752,1.18053,1.1820599999999999,151242
2017-10-16 00:00:00,1.18102,1.1819600000000001,1.17805,1.17963,117500
2017-10-17 00:00:00,1.17958,1.17998,1.17361,1.17665,124997
2017-10-18 00:00:00,1.17653,1.18054,1.17301,1.17873,128878
2017-10-19 00:00:00,1.17865,1.18582,1.17678,1.18512,169756
2017-10-20 00:00:00,1.18506,1.1858,1.17625,1.17805,166086
2017-10-23 00:00:00,1.17645,1.17773,1.17248,1.17492,122817
2017-10-24 00:00:00,1.17481,1.1793,1.17427,1.17604,133580
2017-10-25 00:00:00,1.17617,1.18177,1.1753,1.18128,176754
2017-10-26 00:00:00,1.18117,1.18368,1.16404,1.16526,190454
2017-10-27 00:00:00,1.165,1.16573,1.15741,1.16076,188846
2017-10-30 00:00:00,1.1605699999999999,1.1657899999999999,1.15938,1.16514,118766
2017-10-31 00:00:00,1.16506,1.16614,1.1625,1.1645699999999999,132506
2017-11-01 00:00:00,1.16458,1.16574,1.16063,1.16178,149083
2017-11-02 00:00:00,1.16174,1.16873,1.1613,1.16584,179477
2017-11-03 00:00:00,1.16578,1.16912,1.15991,1.16093,134757
2017-11-06 00:00:00,1.1614,1.1623999999999999,1.1580300000000001,1.1609099999999999,123534
2017-11-07 00:00:00,1.16094,1.16155,1.1554,1.15902,129389
2017-11-08 00:00:00,1.159,1.16111,1.1579,1.15967,114115
2017-11-09 00:00:00,1.15982,1.1655,1.15856,1.16428,149047
2017-11-10 00:00:00,1.16425,1.1678,1.16228,1.16653,116713
2017-11-13 00:00:00,1.16522,1.1675200000000001,1.16374,1.16687,91925
2017-11-14 00:00:00,1.16683,1.1804999999999999,1.16615,1.1793,122314
2017-11-15 00:00:00,1.1792799999999999,1.18607,1.17847,1.17924,160559
2017-11-16 00:00:00,1.17926,1.1801,1.17566,1.17696,129794
2017-11-17 00:00:00,1.17705,1.18218,1.17653,1.17996,138820
2017-11-20 00:00:00,1.1783,1.18086,1.17222,1.17287,144327
2017-11-21 00:00:00,1.17289,1.17578,1.17129,1.17385,112842
2017-11-22 00:00:00,1.17389,1.18271,1.17321,1.18188,119752
2017-11-23 00:00:00,1.18199,1.1856,1.18132,1.185,82340
2017-11-24 00:00:00,1.18509,1.19444,1.18368,1.19296,106467
2017-11-27 00:00:00,1.1939,1.19612,1.18956,1.18968,126447
2017-11-28 00:00:00,1.18998,1.192,1.1827,1.18402,161918
2017-11-29 00:00:00,1.1841599999999999,1.18828,1.18165,1.18517,148784
2017-11-30 00:00:00,1.18512,1.19316,1.18089,1.19006,155937
2017-12-01 00:00:00,1.1902300000000001,1.19403,1.18509,1.18927,220171
2017-12-04 00:00:00,1.18548,1.18786,1.18291,1.18577,136945
2017-12-05 00:00:00,1.18564,1.18766,1.18007,1.18255,134761
2017-12-06 00:00:00,1.18242,1.18482,1.1780599999999999,1.17977,125916
2017-12-07 00:00:00,1.17957,1.18146,1.17727,1.17767,111351
2017-12-08 00:00:00,1.17746,1.17766,1.17301,1.17651,125046
2017-12-11 00:00:00,1.17619,1.18118,1.17615,1.17719,91652
2017-12-12 00:00:00,1.17727,1.17926,1.17175,1.17432,98633
2017-12-13 00:00:00,1.17452,1.18259,1.17294,1.1825700000000001,124508
2017-12-14 00:00:00,1.18248,1.18625,1.17707,1.17868,152221
2017-12-15 00:00:00,1.17879,1.18124,1.17506,1.17557,126927
2017-12-18 00:00:00,1.17389,1.18344,1.17376,1.17826,110691
2017-12-19 00:00:00,1.17811,1.18488,1.17764,1.18425,128510
2017-12-20 00:00:00,1.18405,1.19018,1.18289,1.18777,122651
2017-12-21 00:00:00,1.1878199999999999,1.18896,1.18493,1.18776,112273
2017-12-22 00:00:00,1.18764,1.18783,1.18171,1.18581,116547
2017-12-26 00:00:00,1.18643,1.18788,1.18466,1.18634,47418
2017-12-27 00:00:00,1.18627,1.19103,1.1855,1.18956,96996
2017-12-28 00:00:00,1.18943,1.19591,1.18844,1.19411,93809
2017-12-29 00:00:00,1.19405,1.20255,1.19361,1.19993,94762
2018-01-02 00:00:00,1.20096,1.20814,1.20011,1.20591,109028
2018-01-03 00:00:00,1.20596,1.20662,1.20012,1.20133,106480
2018-01-04 00:00:00,1.20124,1.2089,1.20044,1.20688,110895
2018-01-05 00:00:00,1.20686,1.20827,1.20206,1.20397,112603
2018-01-08 00:00:00,1.20246,1.20523,1.19557,1.19659,97866
2018-01-09 00:00:00,1.19669,1.19756,1.19156,1.19376,113332
2018-01-10 00:00:00,1.19374,1.20182,1.19231,1.19576,167484
2018-01-11 00:00:00,1.1957200000000001,1.20589,1.19292,1.20297,169772
2018-01-12 00:00:00,1.20307,1.2187000000000001,1.20283,1.21853,195633
2018-01-15 00:00:00,1.21989,1.22966,1.21876,1.22688,153806
2018-01-16 00:00:00,1.22692,1.22835,1.21952,1.22651,182593
2018-01-17 00:00:00,1.22662,1.23232,1.21964,1.2212399999999999,216389
2018-01-18 00:00:00,1.22131,1.22652,1.21651,1.22383,185515
2018-01-19 00:00:00,1.22388,1.22954,1.22184,1.22272,177195
2018-01-22 00:00:00,1.22721,1.2274,1.22138,1.22594,139858
2018-01-23 00:00:00,1.22584,1.2306300000000001,1.22229,1.22922,168750
2018-01-24 00:00:00,1.2294,1.24149,1.22913,1.24001,207904
2018-01-25 00:00:00,1.2399,1.25378,1.23639,1.24091,326194
2018-01-26 00:00:00,1.24064,1.24938,1.237,1.24158,263296
2018-01-29 00:00:00,1.242,1.24323,1.23368,1.23834,212680
2018-01-30 00:00:00,1.23824,1.24541,1.23348,1.2396099999999999,225499
2018-01-31 00:00:00,1.23942,1.24748,1.23868,1.24147,259793
2018-02-01 00:00:00,1.24152,1.25229,1.23852,1.2515,221613
2018-02-02 00:00:00,1.25147,1.25183,1.24094,1.2463,234428
2018-02-05 00:00:00,1.24331,1.24749,1.23905,1.23905,236695
2018-02-06 00:00:00,1.23883,1.24347,1.23139,1.237,361490
2018-02-07 00:00:00,1.23715,1.24062,1.22457,1.22626,226510
2018-02-08 00:00:00,1.22606,1.2295,1.22121,1.22439,295991
2018-02-09 00:00:00,1.22432,1.22873,1.22055,1.2242,272072
2018-02-12 00:00:00,1.22446,1.22974,1.2235,1.22907,160419
2018-02-13 00:00:00,1.2291,1.23711,1.22847,1.2358,177341
2018-02-14 00:00:00,1.23561,1.24625,1.2275800000000001,1.24604,239468
2018-02-15 00:00:00,1.24638,1.25104,1.24475,1.25034,209080
2018-02-16 00:00:00,1.25045,1.25556,1.23933,1.24055,216675
2018-02-19 00:00:00,1.2398500000000001,1.24352,1.2368999999999999,1.24062,139795
2018-02-20 00:00:00,1.24061,1.24124,1.23197,1.23367,190601
2018-02-21 00:00:00,1.2336,1.236,1.2281,1.22882,211508
2018-02-22 00:00:00,1.22902,1.23522,1.22594,1.23267,193979
2018-02-23 00:00:00,1.23255,1.23372,1.22798,1.23005,152101
2018-02-26 00:00:00,1.22881,1.23552,1.22778,1.23128,150607
2018-02-27 00:00:00,1.23127,1.23465,1.22215,1.22291,192955
2018-02-28 00:00:00,1.22291,1.22417,1.21878,1.2200199999999999,173202
2018-03-01 00:00:00,1.22006,1.22733,1.21546,1.22626,213766
2018-03-02 00:00:00,1.22626,1.2336,1.2251400000000001,1.23309,195640
2018-03-05 00:00:00,1.23261,1.23644,1.22689,1.23382,181478
2018-03-06 00:00:00,1.23381,1.24203,1.23281,1.24029,179271
2018-03-07 00:00:00,1.24026,1.2444600000000001,1.23848,1.24127,196336
2018-03-08 00:00:00,1.24124,1.24463,1.22979,1.23133,207291
2018-03-09 00:00:00,1.23132,1.23343,1.2273100000000001,1.23066,183593
2018-03-12 00:00:00,1.23101,1.23456,1.22904,1.23322,132013
2018-03-13 00:00:00,1.23322,1.24076,1.23145,1.23908,172659
2018-03-14 00:00:00,1.23891,1.24127,1.23472,1.23676,162745
2018-03-15 00:00:00,1.2366,1.23837,1.2300200000000001,1.23043,162815
2018-03-16 00:00:00,1.23035,1.23363,1.226,1.22879,142298
2018-03-19 00:00:00,1.22805,1.23588,1.2258,1.23345,165233
2018-03-20 00:00:00,1.2334,1.23548,1.22396,1.22408,162718
2018-03-21 00:00:00,1.22411,1.2349999999999999,1.22403,1.23386,195867
2018-03-22 00:00:00,1.2337,1.23886,1.22854,1.23005,213944
2018-03-23 00:00:00,1.23013,1.23735,1.22973,1.23539,193024
2018-03-26 00:00:00,1.2347,1.24616,1.2347,1.24486,157648
2018-03-27 00:00:00,1.24426,1.24765,1.23722,1.2402199999999999,173620
2018-03-28 00:00:00,1.24016,1.24217,1.23001,1.23084,184452
2018-03-29 00:00:00,1.23067,1.23358,1.22839,1.23006,161229
2018-03-30 00:00:00,1.22992,1.23305,1.22894,1.23264,42689
2018-04-02 00:00:00,1.23205,1.2345,1.22814,1.23018,85039
2018-04-03 00:00:00,1.23004,1.23362,1.22536,1.2269,152865
2018-04-04 00:00:00,1.22692,1.23148,1.2257,1.22785,149298
2018-04-05 00:00:00,1.22767,1.22903,1.22183,1.22394,140246
2018-04-06 00:00:00,1.22389,1.22909,1.2215,1.2281,201930
2018-04-09 00:00:00,1.22854,1.23309,1.22603,1.23209,161430
2018-04-10 00:00:00,1.232,1.23777,1.23028,1.2355,183351
2018-04-11 00:00:00,1.2355,1.23959,1.2347,1.23672,161635
2018-04-12 00:00:00,1.23664,1.23798,1.22993,1.23257,166462
2018-04-13 00:00:00,1.23257,1.2346,1.23071,1.23301,132865
2018-04-16 00:00:00,1.23322,1.23946,1.23234,1.23793,116914
2018-04-17 00:00:00,1.23788,1.24138,1.2336,1.23693,125361
2018-04-18 00:00:00,1.2368999999999999,1.23972,1.23415,1.2375099999999999,142901
2018-04-19 00:00:00,1.23732,1.24003,1.2328999999999999,1.23451,159072
2018-04-20 00:00:00,1.2345,1.23529,1.22498,1.22897,136282
2018-04-23 00:00:00,1.22733,1.22894,1.21976,1.22075,129229
2018-04-24 00:00:00,1.22078,1.2245,1.21818,1.2233,144238
2018-04-25 00:00:00,1.22319,1.22387,1.21607,1.2161,135202
2018-04-26 00:00:00,1.216,1.22099,1.20963,1.21027,175104
2018-04-27 00:00:00,1.21027,1.2133,1.20554,1.21293,144482
2018-04-30 00:00:00,1.21232,1.21388,1.2064300000000001,1.20803,138339
2018-05-01 00:00:00,1.20768,1.20842,1.19811,1.1992,127579
2018-05-02 00:00:00,1.19922,1.20317,1.1938,1.19499,191449
2018-05-03 00:00:00,1.19502,1.20088,1.19478,1.19884,189899
2018-05-04 00:00:00,1.19878,1.19954,1.19108,1.1963300000000001,149905
2018-05-07 00:00:00,1.19574,1.19781,1.18976,1.19231,109518
2018-05-08 00:00:00,1.19219,1.1938900000000001,1.1838,1.18634,159796
2018-05-09 00:00:00,1.18643,1.1897,1.18226,1.1851099999999999,149123
2018-05-10 00:00:00,1.18499,1.19467,1.18429,1.19158,187806
2018-05-11 00:00:00,1.19147,1.19679,1.18912,1.1939899999999999,138887
2018-05-14 00:00:00,1.19408,1.19962,1.19264,1.19268,131024
2018-05-15 00:00:00,1.1926,1.19385,1.18202,1.18373,176219
2018-05-16 00:00:00,1.18372,1.18542,1.17632,1.18079,197450
2018-05-17 00:00:00,1.18062,1.18376,1.17764,1.17944,176295
2018-05-18 00:00:00,1.17927,1.18222,1.17498,1.17695,129411
2018-05-21 00:00:00,1.17675,1.17956,1.17166,1.17908,124017
2018-05-22 00:00:00,1.17909,1.18298,1.17568,1.1778,140851
2018-05-23 00:00:00,1.17774,1.17896,1.16759,1.16966,192007
2018-05-24 00:00:00,1.16948,1.17503,1.1690800000000001,1.172,177093
2018-05-25 00:00:00,1.17191,1.17336,1.1645699999999999,1.16515,171607
2018-05-28 00:00:00,1.16834,1.1728399999999999,1.16074,1.16242,141550
2018-05-29 00:00:00,1.16233,1.1639599999999999,1.151,1.15374,236042
2018-05-30 00:00:00,1.1539,1.1676199999999999,1.15186,1.1663999999999999,230606
2018-05-31 00:00:00,1.16622,1.17243,1.16411,1.16927,200735
2018-06-01 00:00:00,1.169,1.17181,1.1617,1.1660300000000001,187431
2018-06-04 00:00:00,1.1656,1.17447,1.1656,1.16958,151809
2018-06-05 00:00:00,1.16971,1.17322,1.16525,1.17178,183501
2018-06-06 00:00:00,1.17164,1.17958,1.17105,1.17746,172420
2018-06-07 00:00:00,1.17734,1.184,1.17726,1.1798,186137
2018-06-08 00:00:00,1.17977,1.18104,1.17271,1.17706,172540
2018-06-11 00:00:00,1.17739,1.1820599999999999,1.1771099999999999,1.17854,131788
2018-06-12 00:00:00,1.17814,1.18091,1.17332,1.17445,166894
2018-06-13 00:00:00,1.17442,1.18011,1.17253,1.17923,162604
2018-06-14 00:00:00,1.17905,1.18515,1.15627,1.15658,214167
2018-06-15 00:00:00,1.1565,1.1627,1.15432,1.16067,189925
2018-06-18 00:00:00,1.15862,1.16243,1.1565400000000001,1.16226,133173
2018-06-19 00:00:00,1.16221,1.16446,1.15306,1.1589800000000001,203990
2018-06-20 00:00:00,1.1587399999999999,1.16002,1.15369,1.15751,168117
2018-06-21 00:00:00,1.15692,1.1633499999999999,1.15082,1.16027,216652
2018-06-22 00:00:00,1.15976,1.16751,1.15975,1.1657,198201
2018-06-25 00:00:00,1.1662,1.1713,1.16285,1.17033,184341
2018-06-26 00:00:00,1.17024,1.17204,1.16348,1.16482,207729
2018-06-27 00:00:00,1.16459,1.16723,1.15406,1.15544,214753
2018-06-28 00:00:00,1.15517,1.16008,1.15272,1.15686,218928
2018-06-29 00:00:00,1.1567,1.16904,1.15594,1.16827,230750
2018-07-02 00:00:00,1.1673,1.1688399999999999,1.15913,1.16388,151912
2018-07-03 00:00:00,1.16387,1.16732,1.16205,1.16587,155302
2018-07-04 00:00:00,1.16545,1.16818,1.16306,1.16564,121672
2018-07-05 00:00:00,1.16554,1.17202,1.165,1.1692,166619
2018-07-06 00:00:00,1.16894,1.17678,1.168,1.17416,148603
2018-07-09 00:00:00,1.17392,1.17907,1.17326,1.17499,142837
2018-07-10 00:00:00,1.17492,1.17627,1.16903,1.17448,135977
2018-07-11 00:00:00,1.17427,1.17582,1.16653,1.16745,182347
2018-07-12 00:00:00,1.16715,1.16956,1.16496,1.1670099999999999,151581
2018-07-13 00:00:00,1.16699,1.16867,1.1613,1.1686,144585
2018-07-16 00:00:00,1.16897,1.17254,1.16757,1.17111,130072
2018-07-17 00:00:00,1.1710099999999999,1.17447,1.16493,1.16611,153840
2018-07-18 00:00:00,1.16594,1.1665,1.1602000000000001,1.16397,150007
2018-07-19 00:00:00,1.16379,1.16784,1.15749,1.16421,203060
2018-07-20 00:00:00,1.16405,1.17388,1.16262,1.1721,223460
2018-07-23 00:00:00,1.1724999999999999,1.1751,1.16837,1.16914,124802
2018-07-24 00:00:00,1.16909,1.17169,1.16546,1.16816,133896
2018-07-25 00:00:00,1.16822,1.17387,1.1663999999999999,1.1728399999999999,144671
2018-07-26 00:00:00,1.17276,1.17438,1.16402,1.16429,142800
2018-07-27 00:00:00,1.16424,1.16643,1.16202,1.16566,118663
2018-07-30 00:00:00,1.16564,1.17188,1.1648,1.17054,90869
2018-07-31 00:00:00,1.17033,1.1746,1.1683,1.169,128667
2018-08-01 00:00:00,1.16901,1.16997,1.16572,1.1660300000000001,118968
2018-08-02 00:00:00,1.16586,1.16675,1.15817,1.1584699999999999,112571
2018-08-03 00:00:00,1.15839,1.16106,1.15601,1.1566,124817
2018-08-06 00:00:00,1.15666,1.15705,1.153,1.15527,87008
2018-08-07 00:00:00,1.15533,1.16083,1.1549,1.15985,92952
2018-08-08 00:00:00,1.15979,1.16284,1.15733,1.16096,90933
2018-08-09 00:00:00,1.16098,1.16194,1.15258,1.15271,107926
2018-08-10 00:00:00,1.15257,1.15364,1.1388099999999999,1.14084,227546
2018-08-13 00:00:00,1.13709,1.14328,1.13649,1.14091,193534
2018-08-14 00:00:00,1.14097,1.14294,1.13302,1.13432,159664
2018-08-15 00:00:00,1.13431,1.13552,1.1301,1.13455,159907
2018-08-16 00:00:00,1.1344400000000001,1.14091,1.13358,1.13762,172321
2018-08-17 00:00:00,1.1375899999999999,1.1445,1.13665,1.14416,141238
2018-08-20 00:00:00,1.14372,1.1485,1.13944,1.14832,119500
2018-08-21 00:00:00,1.14802,1.16012,1.14786,1.15712,166447
2018-08-22 00:00:00,1.15703,1.1623,1.1553200000000001,1.15964,144344
2018-08-23 00:00:00,1.15955,1.15995,1.15298,1.15422,139970
2018-08-24 00:00:00,1.15353,1.164,1.15348,1.16216,143209
2018-08-27 00:00:00,1.1614,1.16936,1.15946,1.16784,114500
2018-08-28 00:00:00,1.16772,1.1733500000000001,1.16626,1.16943,137006
2018-08-29 00:00:00,1.16934,1.171,1.16519,1.1706699999999999,148615
2018-08-30 00:00:00,1.17058,1.17182,1.16416,1.16673,146344
2018-08-31 00:00:00,1.16707,1.16902,1.15845,1.16079,158704
2018-09-03 00:00:00,1.1595,1.16279,1.1589,1.1617,91805
2018-09-04 00:00:00,1.16165,1.16193,1.15301,1.15825,137246
2018-09-05 00:00:00,1.15795,1.16403,1.15427,1.16302,151121
2018-09-06 00:00:00,1.16288,1.16592,1.16054,1.16241,149191
2018-09-07 00:00:00,1.16216,1.16495,1.15506,1.15538,151454
2018-09-10 00:00:00,1.1549,1.16164,1.15258,1.15947,110510
2018-09-11 00:00:00,1.15901,1.16443,1.15655,1.1604700000000001,116541
2018-09-12 00:00:00,1.16038,1.16497,1.15701,1.1626400000000001,128314
2018-09-13 00:00:00,1.16249,1.17011,1.1609099999999999,1.16905,128631
2018-09-14 00:00:00,1.16894,1.17216,1.16207,1.16217,108235
2018-09-17 00:00:00,1.1623,1.16981,1.1617899999999999,1.16836,96211
2018-09-18 00:00:00,1.16818,1.17245,1.16522,1.16662,146468
2018-09-19 00:00:00,1.16622,1.17149,1.16499,1.16732,128098
2018-09-20 00:00:00,1.16714,1.17845,1.16689,1.17774,150090
2018-09-21 00:00:00,1.17766,1.18028,1.17327,1.17525,131315
2018-09-24 00:00:00,1.17401,1.18152,1.17241,1.17461,113741
2018-09-25 00:00:00,1.17474,1.17926,1.17309,1.17663,127243
2018-09-26 00:00:00,1.17657,1.1797900000000001,1.1726,1.1740599999999999,148219
2018-09-27 00:00:00,1.17359,1.17571,1.1639,1.1642000000000001,172270
2018-09-28 00:00:00,1.16402,1.16512,1.15697,1.16031,150560
2018-10-01 00:00:00,1.1616900000000001,1.16248,1.15636,1.15785,132367
2018-10-02 00:00:00,1.15779,1.15802,1.15053,1.15463,152640
2018-10-03 00:00:00,1.15449,1.15938,1.14643,1.14784,176466
2018-10-04 00:00:00,1.14765,1.15428,1.14634,1.1514,169457
2018-10-05 00:00:00,1.1513200000000001,1.15497,1.1484,1.15197,160167
2018-10-08 00:00:00,1.1522999999999999,1.15296,1.14598,1.14914,114570
2018-10-09 00:00:00,1.14904,1.15035,1.14323,1.14923,166473
2018-10-10 00:00:00,1.1488800000000001,1.15454,1.14799,1.15182,155925
2018-10-11 00:00:00,1.15185,1.15993,1.15182,1.15934,236989
2018-10-12 00:00:00,1.15932,1.16106,1.1534200000000001,1.15583,156904
2018-10-15 00:00:00,1.1537,1.16062,1.1537,1.15786,140583
2018-10-16 00:00:00,1.15792,1.16214,1.15659,1.15738,138895
2018-10-17 00:00:00,1.15729,1.15804,1.14959,1.15002,158669
2018-10-18 00:00:00,1.14996,1.15273,1.14492,1.14512,169591
2018-10-19 00:00:00,1.14528,1.15347,1.14329,1.15156,162625
2018-10-22 00:00:00,1.1516,1.15502,1.1455899999999999,1.14645,138390
2018-10-23 00:00:00,1.1464,1.14938,1.1439300000000001,1.14704,168928
2018-10-24 00:00:00,1.14712,1.14767,1.13788,1.13925,170496
2018-10-25 00:00:00,1.13914,1.14326,1.13562,1.13734,171803
2018-10-26 00:00:00,1.13751,1.1421000000000001,1.13357,1.14018,185609
2018-10-29 00:00:00,1.13918,1.14164,1.13605,1.13726,151717
2018-10-30 00:00:00,1.13719,1.13878,1.13405,1.1345,140737
2018-10-31 00:00:00,1.13429,1.13601,1.13021,1.13136,150010
2018-11-01 00:00:00,1.13105,1.14242,1.13072,1.1408800000000001,164651
2018-11-02 00:00:00,1.14079,1.14558,1.1372200000000001,1.1388,171781
2018-11-05 00:00:00,1.13869,1.14242,1.13533,1.14075,133702
2018-11-06 00:00:00,1.1406399999999999,1.14378,1.13914,1.14266,133863
2018-11-07 00:00:00,1.14258,1.14998,1.13945,1.14255,212532
2018-11-08 00:00:00,1.14253,1.14468,1.1351499999999999,1.13638,163662
2018-11-09 00:00:00,1.13623,1.13689,1.13162,1.13352,150978
2018-11-12 00:00:00,1.1319,1.13307,1.12155,1.12174,152792
2018-11-13 00:00:00,1.12167,1.12936,1.12163,1.12908,171102
2018-11-14 00:00:00,1.12888,1.13475,1.12631,1.13094,193913
2018-11-15 00:00:00,1.13074,1.13625,1.12706,1.13304,201661
2018-11-16 00:00:00,1.13245,1.14202,1.13214,1.1417,161857
2018-11-19 00:00:00,1.14128,1.14645,1.13939,1.14534,123285
2018-11-20 00:00:00,1.1451500000000001,1.14724,1.13588,1.13704,144612
2018-11-21 00:00:00,1.13691,1.14248,1.13636,1.13855,133720
2018-11-22 00:00:00,1.13795,1.1434,1.13795,1.1404,117749
2018-11-23 00:00:00,1.13998,1.14212,1.13273,1.1333199999999999,119920
2018-11-26 00:00:00,1.13398,1.13837,1.1325,1.13276,118207
2018-11-27 00:00:00,1.13264,1.13437,1.12774,1.12914,142300
2018-11-28 00:00:00,1.12852,1.13874,1.12671,1.13662,145494
2018-11-29 00:00:00,1.13658,1.14017,1.13487,1.13935,136716
2018-11-30 00:00:00,1.13927,1.14004,1.1305399999999999,1.13154,126905
2018-12-03 00:00:00,1.13481,1.13797,1.13194,1.1353900000000001,123292
2018-12-04 00:00:00,1.1352,1.14188,1.13185,1.1342,151276
2018-12-05 00:00:00,1.13406,1.13613,1.13105,1.13446,82485
2018-12-06 00:00:00,1.13441,1.14126,1.13209,1.13776,166576
2018-12-07 00:00:00,1.13718,1.14235,1.13602,1.14019,145377
2018-12-10 00:00:00,1.13903,1.1443,1.1350500000000001,1.13553,166037
2018-12-11 00:00:00,1.13544,1.14004,1.13063,1.13184,141264
2018-12-12 00:00:00,1.13155,1.13873,1.1315,1.13689,143226
2018-12-13 00:00:00,1.13678,1.13933,1.13312,1.13585,128558
2018-12-14 00:00:00,1.13602,1.1365,1.127,1.13005,120619
2018-12-17 00:00:00,1.12998,1.1357599999999999,1.12965,1.13474,112775
2018-12-18 00:00:00,1.13469,1.14024,1.13366,1.13632,122722
2018-12-19 00:00:00,1.1359,1.1439300000000001,1.13589,1.1376,163309
2018-12-20 00:00:00,1.13735,1.14858,1.13693,1.14456,180780
2018-12-21 00:00:00,1.14449,1.14741,1.1356,1.13655,154816
2018-12-24 00:00:00,1.13701,1.14385,1.13604,1.13968,126506
2018-12-26 00:00:00,1.13858,1.142,1.13429,1.1353900000000001,86769
2018-12-27 00:00:00,1.13504,1.14541,1.13504,1.14313,185704
2018-12-28 00:00:00,1.14275,1.14728,1.14234,1.14401,147698
2018-12-31 00:00:00,1.14328,1.14673,1.14213,1.14673,102075
2019-01-02 00:00:00,1.1463,1.14967,1.1325,1.13435,152420
2019-01-03 00:00:00,1.13419,1.14111,1.13071,1.1394199999999999,193258
2019-01-04 00:00:00,1.13921,1.1419,1.13458,1.13958,156591
2019-01-07 00:00:00,1.13946,1.14826,1.13946,1.14741,113991
2019-01-08 00:00:00,1.1474199999999999,1.14846,1.14221,1.14413,121327
2019-01-09 00:00:00,1.14404,1.15578,1.1436600000000001,1.1543,158884
2019-01-10 00:00:00,1.15423,1.15697,1.14844,1.15003,151209
2019-01-11 00:00:00,1.14997,1.15404,1.14581,1.14646,133261
2019-01-14 00:00:00,1.14578,1.1482,1.14506,1.14689,116430
2019-01-15 00:00:00,1.14682,1.14897,1.13819,1.14124,154137
2019-01-16 00:00:00,1.14126,1.14248,1.13777,1.13913,120031
2019-01-17 00:00:00,1.13919,1.1406,1.137,1.13884,123687
2019-01-18 00:00:00,1.13874,1.14102,1.13533,1.13639,109504
2019-01-21 00:00:00,1.13604,1.13913,1.13568,1.13667,72744
2019-01-22 00:00:00,1.13659,1.1374,1.13361,1.13597,99963
2019-01-23 00:00:00,1.13588,1.13944,1.13509,1.13804,104132
2019-01-24 00:00:00,1.13811,1.13914,1.12893,1.13074,153015
2019-01-25 00:00:00,1.1302699999999999,1.14176,1.12998,1.14041,136491
2019-01-28 00:00:00,1.14002,1.1443699999999999,1.13901,1.14257,101374
2019-01-29 00:00:00,1.1427,1.14502,1.14112,1.14319,126231
2019-01-30 00:00:00,1.14322,1.15017,1.1406100000000001,1.1479300000000001,133232
2019-01-31 00:00:00,1.14788,1.1514199999999999,1.14357,1.14475,130565
2019-02-01 00:00:00,1.14458,1.14886,1.14343,1.14541,111843
2019-02-04 00:00:00,1.14508,1.14604,1.1424400000000001,1.14357,95004
2019-02-05 00:00:00,1.14346,1.14405,1.14012,1.14047,89422
2019-02-06 00:00:00,1.14049,1.14095,1.13608,1.13616,89421
2019-02-07 00:00:00,1.13616,1.13684,1.13245,1.13378,96531
2019-02-08 00:00:00,1.13382,1.13508,1.13211,1.13235,78430
2019-02-11 00:00:00,1.13208,1.13299,1.12673,1.12748,84710
2019-02-12 00:00:00,1.12754,1.13398,1.12577,1.13269,84985
2019-02-13 00:00:00,1.13247,1.13415,1.12603,1.12612,94417
2019-02-14 00:00:00,1.1259000000000001,1.13099,1.12492,1.12955,113898
2019-02-15 00:00:00,1.12952,1.13062,1.12341,1.12926,99592
2019-02-18 00:00:00,1.1291,1.13339,1.12888,1.13107,65236
2019-02-19 00:00:00,1.13077,1.1357599999999999,1.12756,1.13403,103199
2019-02-20 00:00:00,1.13394,1.13711,1.13248,1.1337,102523
2019-02-21 00:00:00,1.13357,1.13664,1.13203,1.13327,120611
2019-02-22 00:00:00,1.13341,1.13557,1.13162,1.13321,96902
2019-02-25 00:00:00,1.13338,1.13675,1.13278,1.13569,89925
2019-02-26 00:00:00,1.13585,1.14028,1.13452,1.13889,99779
2019-02-27 00:00:00,1.1388099999999999,1.1403699999999999,1.13623,1.13694,101105
2019-02-28 00:00:00,1.1369,1.14196,1.13594,1.13703,118944
2019-03-01 00:00:00,1.13699,1.14086,1.13533,1.13634,102424
2019-03-04 00:00:00,1.13823,1.13823,1.13091,1.13398,81086
2019-03-05 00:00:00,1.1339299999999999,1.13409,1.12896,1.13072,77404
2019-03-06 00:00:00,1.13076,1.13247,1.12856,1.13063,92056
2019-03-07 00:00:00,1.13063,1.13203,1.11764,1.11937,129678
2019-03-08 00:00:00,1.11937,1.12461,1.11852,1.12333,115161
2019-03-11 00:00:00,1.12308,1.12584,1.12218,1.12442,89110
2019-03-12 00:00:00,1.12446,1.1305,1.12438,1.12862,125717
2019-03-13 00:00:00,1.12872,1.13386,1.12775,1.13289,102930
2019-03-14 00:00:00,1.13262,1.13375,1.12942,1.13048,112934
2019-03-15 00:00:00,1.13033,1.13443,1.12985,1.13238,95502
2019-03-18 00:00:00,1.13202,1.1359,1.13191,1.13397,92077
2019-03-19 00:00:00,1.13354,1.13617,1.13323,1.13512,79745
2019-03-20 00:00:00,1.13513,1.14481,1.13355,1.14121,133122
2019-03-21 00:00:00,1.1413,1.14374,1.13425,1.13752,169484
2019-03-22 00:00:00,1.13733,1.13909,1.12733,1.13003,110399
2019-03-25 00:00:00,1.1287,1.13314,1.12859,1.13126,83162
2019-03-26 00:00:00,1.13119,1.13259,1.12632,1.12658,94382
2019-03-27 00:00:00,1.12655,1.12856,1.12422,1.1244,107425
2019-03-28 00:00:00,1.12435,1.12612,1.12136,1.12238,100107
2019-03-29 00:00:00,1.12192,1.12465,1.12098,1.12178,98146
2019-04-01 00:00:00,1.12253,1.12499,1.12041,1.12121,84759
2019-04-02 00:00:00,1.12121,1.12159,1.11837,1.12043,81027
2019-04-03 00:00:00,1.1204,1.12547,1.12001,1.1233,78221
2019-04-04 00:00:00,1.12318,1.12476,1.12061,1.12203,72655
2019-04-05 00:00:00,1.12193,1.12475,1.12101,1.12167,67055
2019-04-08 00:00:00,1.12141,1.12745,1.12103,1.12592,61633
2019-04-09 00:00:00,1.126,1.12842,1.12551,1.12631,70484
2019-04-10 00:00:00,1.12621,1.12868,1.12296,1.12745,76784
2019-04-11 00:00:00,1.12732,1.12874,1.125,1.12544,65362
2019-04-12 00:00:00,1.1251,1.1324,1.1251,1.12981,73579
2019-04-15 00:00:00,1.13034,1.1320999999999999,1.12976,1.1304,61324
2019-04-16 00:00:00,1.1303,1.1313900000000001,1.12795,1.12806,80590
2019-04-17 00:00:00,1.12797,1.13238,1.12789,1.12989,71931
2019-04-18 00:00:00,1.12927,1.1304,1.12262,1.12299,86496
2019-04-19 00:00:00,1.12288,1.12476,1.1227,1.12403,34598
2019-04-22 00:00:00,1.12399,1.12621,1.12359,1.1257,30773
2019-04-23 00:00:00,1.12568,1.12612,1.11922,1.12275,67762
2019-04-24 00:00:00,1.1226099999999999,1.12264,1.11406,1.11521,87940
2019-04-25 00:00:00,1.11536,1.11625,1.11179,1.11327,82228
2019-04-26 00:00:00,1.11283,1.1174,1.1111,1.11475,85514
2019-04-29 00:00:00,1.11447,1.11869,1.11447,1.11847,53481
2019-04-30 00:00:00,1.11853,1.12292,1.11758,1.12153,80073
2019-05-01 00:00:00,1.12137,1.12648,1.11871,1.11947,71795
2019-05-02 00:00:00,1.11948,1.12192,1.11707,1.11716,78857
2019-05-03 00:00:00,1.11712,1.12048,1.1135,1.12016,84187
2019-05-06 00:00:00,1.11709,1.12093,1.11659,1.11989,71593
2019-05-07 00:00:00,1.11983,1.12179,1.11666,1.11917,83806
2019-05-08 00:00:00,1.11898,1.12138,1.11829,1.1192,125671
2019-05-09 00:00:00,1.11902,1.1251,1.11735,1.12121,141986
2019-05-10 00:00:00,1.12134,1.12536,1.12113,1.12343,124606
2019-05-13 00:00:00,1.12298,1.12636,1.1223,1.12246,75979
2019-05-14 00:00:00,1.12209,1.1244,1.12012,1.1204,61194
2019-05-15 00:00:00,1.12033,1.1224,1.1178,1.12018,71480
2019-05-16 00:00:00,1.12016,1.1224,1.11663,1.11727,59614
2019-05-17 00:00:00,1.11732,1.11843,1.11552,1.11584,67461
2019-05-20 00:00:00,1.11603,1.11749,1.11507,1.11655,50967
2019-05-21 00:00:00,1.11651,1.11863,1.1142,1.11616,63881
2019-05-22 00:00:00,1.11574,1.11804,1.11487,1.11503,51671
2019-05-23 00:00:00,1.11502,1.11876,1.11073,1.1182,75023
2019-05-24 00:00:00,1.11812,1.12121,1.11726,1.12053,56474
2019-05-27 00:00:00,1.1209,1.12151,1.1187,1.11925,26336
2019-05-28 00:00:00,1.11923,1.11984,1.11593,1.11601,59163
2019-05-29 00:00:00,1.116,1.11725,1.11244,1.1131,66528
2019-05-30 00:00:00,1.11303,1.1143399999999999,1.11161,1.11294,53984
2019-05-31 00:00:00,1.11288,1.11798,1.11252,1.11684,90914
2019-06-03 00:00:00,1.11606,1.1262,1.11599,1.12411,78758
2019-06-04 00:00:00,1.12407,1.1277300000000001,1.12267,1.12518,86223
2019-06-05 00:00:00,1.12516,1.13049,1.12198,1.12203,92238
2019-06-06 00:00:00,1.12204,1.1309,1.12007,1.12754,96079
2019-06-07 00:00:00,1.12755,1.1347800000000001,1.12513,1.13312,83330
2019-06-10 00:00:00,1.13216,1.13308,1.12902,1.13114,57395
2019-06-11 00:00:00,1.13111,1.13376,1.13014,1.13256,72856
2019-06-12 00:00:00,1.13255,1.13435,1.12826,1.1287,72966
2019-06-13 00:00:00,1.12867,1.13037,1.12685,1.12765,65085
2019-06-14 00:00:00,1.12764,1.12892,1.12025,1.12105,75538
2019-06-17 00:00:00,1.12094,1.12471,1.12037,1.12177,49229
2019-06-18 00:00:00,1.12178,1.12429,1.11813,1.11941,93798
2019-06-19 00:00:00,1.11926,1.12543,1.11872,1.12263,82973
2019-06-20 00:00:00,1.12259,1.13175,1.12257,1.12913,102473
2019-06-21 00:00:00,1.12918,1.13778,1.12831,1.13687,93355
2019-06-24 00:00:00,1.1369799999999999,1.1404,1.13657,1.13983,66019
2019-06-25 00:00:00,1.13978,1.14121,1.13443,1.13667,113374
2019-06-26 00:00:00,1.1366100000000001,1.13913,1.13475,1.13684,94369
2019-06-27 00:00:00,1.13675,1.13815,1.13479,1.13691,85763
2019-06-28 00:00:00,1.1368800000000001,1.13936,1.1351,1.13695,86875
2019-07-01 00:00:00,1.13588,1.13711,1.1280999999999999,1.1285,98879
2019-07-02 00:00:00,1.12848,1.13207,1.12753,1.1286100000000001,80452
2019-07-03 00:00:00,1.12839,1.13102,1.12686,1.12777,75363
2019-07-04 00:00:00,1.12777,1.12951,1.12732,1.12842,33832
2019-07-05 00:00:00,1.12835,1.12878,1.12075,1.1226,79781
2019-07-08 00:00:00,1.12218,1.12344,1.1207,1.12142,52117
2019-07-09 00:00:00,1.12137,1.12188,1.11935,1.12074,55145
2019-07-10 00:00:00,1.12077,1.12638,1.12019,1.12503,86900
2019-07-11 00:00:00,1.12504,1.12858,1.12452,1.12545,86693
2019-07-12 00:00:00,1.12536,1.1274899999999999,1.1238299999999999,1.127,73302
2019-07-15 00:00:00,1.12672,1.12839,1.12534,1.12577,55714
2019-07-16 00:00:00,1.12573,1.12634,1.12019,1.12093,71906
2019-07-17 00:00:00,1.12097,1.12335,1.11997,1.12248,55985
2019-07-18 00:00:00,1.12233,1.12804,1.12052,1.12768,91800
2019-07-19 00:00:00,1.12761,1.12821,1.1203400000000001,1.12199,89058
2019-07-22 00:00:00,1.12144,1.12253,1.12062,1.12083,65668
2019-07-23 00:00:00,1.1208,1.12094,1.11458,1.11508,69507
2019-07-24 00:00:00,1.11514,1.11558,1.11269,1.1139000000000001,67418
2019-07-25 00:00:00,1.11398,1.11877,1.11014,1.11461,118203
2019-07-26 00:00:00,1.11465,1.11509,1.1112,1.11267,64297
2019-07-29 00:00:00,1.11245,1.1151,1.1113,1.1145100000000001,51695
2019-07-30 00:00:00,1.11447,1.11611,1.11322,1.11557,72334
2019-07-31 00:00:00,1.11539,1.11621,1.10602,1.10764,128380
2019-08-01 00:00:00,1.10755,1.10957,1.10269,1.10848,149536
2019-08-02 00:00:00,1.10847,1.11164,1.10699,1.11049,166369
2019-08-05 00:00:00,1.11002,1.12131,1.10981,1.12027,222282
2019-08-06 00:00:00,1.12028,1.1249500000000001,1.11676,1.12015,221438
2019-08-07 00:00:00,1.11967,1.12418,1.1179000000000001,1.11992,211455
2019-08-08 00:00:00,1.12003,1.12327,1.11769,1.11794,130561
2019-08-09 00:00:00,1.11795,1.12229,1.11781,1.12008,126522
2019-08-12 00:00:00,1.11977,1.12308,1.1162,1.12135,119154
2019-08-13 00:00:00,1.1213,1.12286,1.11701,1.1171,221678
2019-08-14 00:00:00,1.11705,1.11908,1.11308,1.11384,177887
2019-08-15 00:00:00,1.11376,1.11586,1.10915,1.11092,270822
2019-08-16 00:00:00,1.11065,1.11122,1.10665,1.10893,219076
2019-08-19 00:00:00,1.10917,1.11139,1.1076,1.10779,147507
2019-08-20 00:00:00,1.10775,1.11068,1.10657,1.11003,166542
2019-08-21 00:00:00,1.10992,1.11073,1.108,1.10843,129744
2019-08-22 00:00:00,1.1084100000000001,1.11132,1.10636,1.10791,189151
2019-08-23 00:00:00,1.10788,1.11533,1.10518,1.1145,244895
2019-08-26 00:00:00,1.11505,1.11641,1.10941,1.10992,222769
2019-08-27 00:00:00,1.11008,1.1116,1.10857,1.10901,140349
2019-08-28 00:00:00,1.10897,1.10981,1.10734,1.10778,132824
2019-08-29 00:00:00,1.10768,1.10933,1.10421,1.10564,136321
2019-08-30 00:00:00,1.1056300000000001,1.10603,1.09632,1.09937,132752
2019-09-02 00:00:00,1.09887,1.09966,1.09579,1.09664,74761
2019-09-03 00:00:00,1.09662,1.09789,1.09261,1.09733,159967
2019-09-04 00:00:00,1.09738,1.10384,1.09685,1.10344,130461
2019-09-05 00:00:00,1.10354,1.10848,1.10168,1.10344,149453
2019-09-06 00:00:00,1.10343,1.10572,1.10202,1.1025,148926
2019-09-09 00:00:00,1.10254,1.10681,1.10156,1.10462,117330
2019-09-10 00:00:00,1.10471,1.10595,1.10306,1.10426,92094
2019-09-11 00:00:00,1.1043,1.10555,1.09854,1.10107,84240
2019-09-12 00:00:00,1.10102,1.10873,1.09269,1.10637,187530
2019-09-13 00:00:00,1.10641,1.1109499999999999,1.10554,1.1076,114819
2019-09-16 00:00:00,1.1073,1.10863,1.09934,1.10039,102374
2019-09-17 00:00:00,1.09976,1.10745,1.09904,1.10719,120367
2019-09-18 00:00:00,1.10719,1.10757,1.10137,1.10292,118947
2019-09-19 00:00:00,1.10293,1.10735,1.10231,1.10405,116693
2019-09-20 00:00:00,1.10406,1.10678,1.09964,1.10195,105305
2019-09-23 00:00:00,1.1004,1.10255,1.0966,1.09929,101382
2019-09-24 00:00:00,1.09931,1.10241,1.09839,1.10202,102724
2019-09-25 00:00:00,1.10195,1.10229,1.09374,1.09427,105400
2019-09-26 00:00:00,1.09421,1.09674,1.09089,1.0919699999999999,104639
2019-09-27 00:00:00,1.09211,1.09587,1.09047,1.09409,96454
2019-09-30 00:00:00,1.09424,1.09479,1.08847,1.08993,85047
2019-10-01 00:00:00,1.08962,1.09429,1.08791,1.09318,111196
2019-10-02 00:00:00,1.09316,1.09637,1.09042,1.09591,97300
2019-10-03 00:00:00,1.09589,1.09992,1.0941,1.09636,101397
2019-10-04 00:00:00,1.09632,1.09983,1.0957,1.0977,96911
2019-10-07 00:00:00,1.09793,1.10007,1.09619,1.09703,76926
2019-10-08 00:00:00,1.097,1.09959,1.09411,1.09556,109922
2019-10-09 00:00:00,1.09556,1.09903,1.0950199999999999,1.09709,84073
2019-10-10 00:00:00,1.09707,1.10338,1.09703,1.10056,121901
2019-10-11 00:00:00,1.10052,1.10628,1.10008,1.10353,136694
2019-10-14 00:00:00,1.10314,1.10428,1.10129,1.10259,72069
2019-10-15 00:00:00,1.1027,1.10461,1.09913,1.10322,120164
2019-10-16 00:00:00,1.10327,1.10856,1.10225,1.10719,126019
2019-10-17 00:00:00,1.10714,1.11399,1.10651,1.11243,120846
2019-10-18 00:00:00,1.11241,1.11707,1.11147,1.11707,86911
2019-10-21 00:00:00,1.11603,1.11794,1.11388,1.11497,74531
2019-10-22 00:00:00,1.11491,1.11568,1.11178,1.11246,82637
2019-10-23 00:00:00,1.11246,1.11402,1.11061,1.113,68175
2019-10-24 00:00:00,1.11303,1.11627,1.10931,1.11049,94227
2019-10-25 00:00:00,1.11036,1.1123,1.1073,1.10795,54806
2019-10-28 00:00:00,1.10793,1.11067,1.10755,1.10997,53881
2019-10-29 00:00:00,1.10995,1.11186,1.10735,1.11108,66027
2019-10-30 00:00:00,1.11118,1.11516,1.108,1.11499,94284
2019-10-31 00:00:00,1.11499,1.11757,1.11315,1.11514,95020
2019-11-01 00:00:00,1.11511,1.11719,1.11282,1.11642,75101
2019-11-04 00:00:00,1.1168,1.11755,1.11247,1.11284,62407
2019-11-05 00:00:00,1.11279,1.11403,1.10635,1.10737,84702
2019-11-06 00:00:00,1.10741,1.10929,1.10651,1.10665,68496
2019-11-07 00:00:00,1.10654,1.10916,1.1036,1.10501,96005
2019-11-08 00:00:00,1.10492,1.10554,1.10167,1.10192,66930
2019-11-11 00:00:00,1.10225,1.1043,1.10164,1.1033,47607
2019-11-12 00:00:00,1.10326,1.10386,1.1002399999999999,1.10089,65325
2019-11-13 00:00:00,1.10087,1.10204,1.09953,1.10069,68958
2019-11-14 00:00:00,1.10056,1.10276,1.09891,1.10208,67564
2019-11-15 00:00:00,1.10226,1.10568,1.10145,1.10519,58720
2019-11-18 00:00:00,1.10505,1.10899,1.10483,1.10722,55880
2019-11-19 00:00:00,1.10714,1.1084,1.10625,1.10781,52539
2019-11-20 00:00:00,1.1078000000000001,1.10816,1.1053,1.10723,67366
2019-11-21 00:00:00,1.10723,1.1097,1.10522,1.10586,61246
2019-11-22 00:00:00,1.10583,1.10871,1.10144,1.10199,67299
2019-11-25 00:00:00,1.1016,1.10322,1.10036,1.10117,57169
2019-11-26 00:00:00,1.10134,1.10255,1.10072,1.1022,56943
2019-11-27 00:00:00,1.1019700000000001,1.10244,1.09923,1.0999,57776
2019-11-28 00:00:00,1.09991,1.10179,1.09984,1.10072,39629
2019-11-29 00:00:00,1.10072,1.10284,1.09811,1.102,50160
2019-12-02 00:00:00,1.10244,1.10904,1.10029,1.10784,64223
2019-12-03 00:00:00,1.10786,1.10935,1.10661,1.10818,64032
2019-12-04 00:00:00,1.10811,1.11163,1.10667,1.10773,73846
2019-12-05 00:00:00,1.10772,1.11081,1.10771,1.1104,54368
2019-12-06 00:00:00,1.1104,1.11097,1.10398,1.10602,58734
2019-12-09 00:00:00,1.10578,1.10781,1.10533,1.10639,42137
2019-12-10 00:00:00,1.10632,1.10977,1.10628,1.10933,54498
2019-12-11 00:00:00,1.10921,1.11448,1.10702,1.11298,64956
2019-12-12 00:00:00,1.11292,1.11543,1.11031,1.11319,89159
2019-12-13 00:00:00,1.11284,1.11996,1.1102,1.11175,122929
2019-12-16 00:00:00,1.11252,1.11581,1.11226,1.11439,60290
2019-12-17 00:00:00,1.11429,1.11746,1.11293,1.11508,66329
2019-12-18 00:00:00,1.11489,1.11541,1.11104,1.11133,59360
2019-12-19 00:00:00,1.1113,1.11443,1.11072,1.11201,63222
2019-12-20 00:00:00,1.11217,1.11248,1.10663,1.10749,55367
2019-12-23 00:00:00,1.108,1.10959,1.10699,1.10893,53126
2019-12-24 00:00:00,1.10885,1.10939,1.10691,1.10873,62646
2019-12-26 00:00:00,1.10907,1.1109,1.10822,1.10967,24470
2019-12-27 00:00:00,1.1097299999999999,1.11883,1.10941,1.11761,75869
2019-12-30 00:00:00,1.11708,1.12208,1.11708,1.1199,72538
2019-12-31 00:00:00,1.11978,1.12392,1.11971,1.12098,66727
2020-01-02 00:00:00,1.1208,1.12245,1.11636,1.11725,69227
2020-01-03 00:00:00,1.11716,1.11799,1.11249,1.11558,78390
2020-01-06 00:00:00,1.11576,1.12055,1.11572,1.11968,64057
2020-01-07 00:00:00,1.11967,1.11976,1.11336,1.11518,73202
2020-01-08 00:00:00,1.11518,1.11682,1.11017,1.1104,103993
2020-01-09 00:00:00,1.11052,1.11204,1.10927,1.11067,65406
2020-01-10 00:00:00,1.1105,1.11291,1.1085099999999999,1.1121,58228
2020-01-13 00:00:00,1.11157,1.11469,1.11122,1.1135,48970
2020-01-14 00:00:00,1.11337,1.11445,1.11043,1.11264,58265
2020-01-15 00:00:00,1.11274,1.11634,1.11185,1.11496,51365
2020-01-16 00:00:00,1.11493,1.11728,1.11279,1.11357,58327
2020-01-17 00:00:00,1.1136,1.11425,1.10863,1.10895,54717
2020-01-20 00:00:00,1.10903,1.11023,1.10767,1.10949,33779
2020-01-21 00:00:00,1.10938,1.1118,1.10809,1.10818,56906
2020-01-22 00:00:00,1.10817,1.10984,1.10702,1.10944,54607
2020-01-23 00:00:00,1.10926,1.11088,1.10364,1.10578,74803
2020-01-24 00:00:00,1.10531,1.10617,1.102,1.1026,61526
2020-01-27 00:00:00,1.1027,1.10376,1.10097,1.10193,56654
2020-01-28 00:00:00,1.10187,1.10253,1.09978,1.10215,48555
2020-01-29 00:00:00,1.10221,1.10277,1.09924,1.10102,49587
2020-01-30 00:00:00,1.10091,1.10393,1.10045,1.10312,59942
2020-01-31 00:00:00,1.10312,1.10954,1.10169,1.10948,70908
2020-02-03 00:00:00,1.10931,1.1094,1.10356,1.1061,68738
2020-02-04 00:00:00,1.10582,1.10641,1.10329,1.10444,58089
2020-02-05 00:00:00,1.1044,1.10479,1.09937,1.09987,61478
2020-02-06 00:00:00,1.09986,1.10139,1.09646,1.09808,54154
2020-02-07 00:00:00,1.09823,1.0985,1.0942,1.0943100000000001,65665
2020-02-10 00:00:00,1.09436,1.09575,1.09076,1.09105,52564
2020-02-11 00:00:00,1.09106,1.0924800000000001,1.08914,1.09156,55619
2020-02-12 00:00:00,1.09149,1.09255,1.08654,1.08737,56900
2020-02-13 00:00:00,1.08734,1.08889,1.08341,1.0839,61541
2020-02-14 00:00:00,1.08407,1.08612,1.08273,1.08306,51694
2020-02-17 00:00:00,1.0836999999999999,1.0851,1.08291,1.08337,34945
2020-02-18 00:00:00,1.0835,1.08373,1.07855,1.0791,64665
2020-02-19 00:00:00,1.0790899999999999,1.08117,1.07821,1.0807,58203
2020-02-20 00:00:00,1.08043,1.08212,1.07778,1.07832,78883
2020-02-21 00:00:00,1.07845,1.08635,1.07827,1.08476,81693
2020-02-24 00:00:00,1.08245,1.0872,1.08051,1.08533,109503
2020-02-25 00:00:00,1.08525,1.08902,1.08302,1.0881,115069
2020-02-26 00:00:00,1.08809,1.09088,1.0855,1.08802,125437
2020-02-27 00:00:00,1.08812,1.10064,1.08771,1.09999,149988
2020-02-28 00:00:00,1.09993,1.10532,1.09509,1.10295,193968
2020-03-02 00:00:00,1.10427,1.11846,1.10365,1.11323,216260
2020-03-03 00:00:00,1.11332,1.12136,1.10954,1.117,234222
2020-03-04 00:00:00,1.11713,1.11876,1.10955,1.11349,150026
2020-03-05 00:00:00,1.11331,1.12447,1.11196,1.12368,133122
2020-03-06 00:00:00,1.12365,1.13547,1.12114,1.12903,237745
2020-03-09 00:00:00,1.13467,1.14967,1.13346,1.14351,455271
2020-03-10 00:00:00,1.14386,1.14579,1.1275,1.12814,390639
2020-03-11 00:00:00,1.12799,1.13666,1.12574,1.12704,262598
2020-03-12 00:00:00,1.12686,1.13336,1.10553,1.1185,454928
2020-03-13 00:00:00,1.11844,1.12213,1.10551,1.11021,398507
2020-03-16 00:00:00,1.10634,1.12366,1.10634,1.11816,747696
2020-03-17 00:00:00,1.11796,1.11892,1.09551,1.09986,448951
2020-03-18 00:00:00,1.09965,1.10452,1.08016,1.09165,500770
2020-03-19 00:00:00,1.09121,1.09818,1.06551,1.06929,672114
2020-03-20 00:00:00,1.06907,1.08308,1.0637699999999999,1.06928,558271
2020-03-23 00:00:00,1.07006,1.08279,1.06357,1.0724,505630
2020-03-24 00:00:00,1.07203,1.08881,1.07183,1.0787,403287
2020-03-25 00:00:00,1.07871,1.08939,1.076,1.08807,324647
2020-03-26 00:00:00,1.08824,1.10588,1.08699,1.10329,321497
2020-03-27 00:00:00,1.10301,1.11476,1.09534,1.11431,298391
2020-03-30 00:00:00,1.11156,1.11443,1.10099,1.10446,222873
2020-03-31 00:00:00,1.10397,1.10531,1.09266,1.10357,293761
2020-04-01 00:00:00,1.10285,1.10387,1.09028,1.09624,199547
2020-04-02 00:00:00,1.09613,1.0968,1.08207,1.0857,206656
2020-04-03 00:00:00,1.08556,1.08647,1.07728,1.08128,167852
2020-04-06 00:00:00,1.08077,1.08353,1.07683,1.07935,164586
2020-04-07 00:00:00,1.07929,1.09269,1.07837,1.08918,165860
2020-04-08 00:00:00,1.08901,1.0902,1.083,1.08545,145447
2020-04-09 00:00:00,1.08559,1.09516,1.08409,1.09295,153084
2020-04-10 00:00:00,1.09289,1.09526,1.09185,1.09359,51560
2020-04-13 00:00:00,1.09476,1.09678,1.08927,1.0909,95397
2020-04-14 00:00:00,1.09054,1.09871,1.0898,1.0982,122015
2020-04-15 00:00:00,1.09783,1.09907,1.08565,1.09114,118253
2020-04-16 00:00:00,1.09074,1.09112,1.08167,1.08389,144186
2020-04-17 00:00:00,1.08381,1.08926,1.0812,1.08741,137464
2020-04-20 00:00:00,1.08633,1.08968,1.08413,1.08627,104978
2020-04-21 00:00:00,1.086,1.08802,1.08167,1.08568,123023
2020-04-22 00:00:00,1.08561,1.08853,1.08033,1.08229,86409
2020-04-23 00:00:00,1.08224,1.08467,1.0756000000000001,1.07763,141220
2020-04-24 00:00:00,1.07759,1.0826,1.07271,1.0824799999999999,121953
2020-04-27 00:00:00,1.08209,1.08602,1.08113,1.08294,106382
2020-04-28 00:00:00,1.08284,1.08885,1.08097,1.08196,106403
2020-04-29 00:00:00,1.08184,1.08856,1.08176,1.08762,116379
2020-04-30 00:00:00,1.08706,1.09728,1.0833,1.09515,163748
2020-05-01 00:00:00,1.09531,1.1019,1.09345,1.09804,114840
2020-05-04 00:00:00,1.09657,1.09766,1.08958,1.09037,113932
2020-05-05 00:00:00,1.09053,1.09259,1.08258,1.08374,119867
2020-05-06 00:00:00,1.08375,1.08462,1.0782,1.07958,109752
2020-05-07 00:00:00,1.07924,1.08341,1.07664,1.08318,127180
2020-05-08 00:00:00,1.08333,1.08756,1.08151,1.08386,88235
2020-05-11 00:00:00,1.08259,1.08505,1.08005,1.08064,96165
2020-05-12 00:00:00,1.0806,1.08852,1.07844,1.08484,107753
2020-05-13 00:00:00,1.08468,1.08965,1.08116,1.0818699999999999,110697
2020-05-14 00:00:00,1.08174,1.08239,1.07749,1.08042,96768
2020-05-15 00:00:00,1.08037,1.08511,1.07889,1.0818699999999999,93424
2020-05-18 00:00:00,1.0808200000000001,1.09272,1.07998,1.09143,91547
2020-05-19 00:00:00,1.09138,1.09761,1.09021,1.09229,98345
2020-05-20 00:00:00,1.09215,1.09991,1.09187,1.09786,86934
2020-05-21 00:00:00,1.0979,1.10083,1.09372,1.0949200000000001,88314
2020-05-22 00:00:00,1.09461,1.09537,1.08853,1.09024,75938
2020-05-25 00:00:00,1.08954,1.09145,1.08706,1.08968,43792
2020-05-26 00:00:00,1.08947,1.09958,1.08925,1.09823,92503
2020-05-27 00:00:00,1.09815,1.1031,1.09339,1.10092,155930
2020-05-28 00:00:00,1.10035,1.10936,1.09917,1.10771,130569
2020-05-29 00:00:00,1.10765,1.11452,1.10652,1.11076,155979
2020-06-01 00:00:00,1.11136,1.11541,1.11005,1.11338,122534
2020-06-02 00:00:00,1.11355,1.1196,1.11152,1.11689,137048
2020-06-03 00:00:00,1.11691,1.12579,1.1166800000000001,1.12336,153098
2020-06-04 00:00:00,1.12326,1.13624,1.11948,1.13354,183001
2020-06-05 00:00:00,1.13368,1.13837,1.12784,1.12874,172956
2020-06-08 00:00:00,1.1293199999999999,1.13199,1.12683,1.12938,122514
2020-06-09 00:00:00,1.12939,1.13638,1.1241,1.13381,138161
2020-06-10 00:00:00,1.1339299999999999,1.14223,1.13223,1.13755,184229
2020-06-11 00:00:00,1.13727,1.14036,1.12887,1.12978,203472
2020-06-12 00:00:00,1.12986,1.13406,1.12126,1.12606,180718
2020-06-15 00:00:00,1.12332,1.13324,1.12264,1.13226,187657
2020-06-16 00:00:00,1.13236,1.13534,1.1227800000000001,1.12635,175944
2020-06-17 00:00:00,1.1262699999999999,1.1294,1.1207,1.1243,171139
2020-06-18 00:00:00,1.12438,1.12614,1.11855,1.12046,147978
2020-06-19 00:00:00,1.12054,1.12544,1.11682,1.11766,149101
2020-06-22 00:00:00,1.11822,1.12699,1.11687,1.12613,125838
2020-06-23 00:00:00,1.12577,1.13486,1.12332,1.13087,181194
2020-06-24 00:00:00,1.13071,1.13259,1.12484,1.125,156451
2020-06-25 00:00:00,1.12502,1.12598,1.11904,1.1218,160078
2020-06-26 00:00:00,1.12171,1.12394,1.11953,1.12179,106744
2020-06-29 00:00:00,1.12147,1.12879,1.12109,1.12425,116241
2020-06-30 00:00:00,1.12413,1.12619,1.1191,1.12335,142324
2020-07-01 00:00:00,1.12338,1.12752,1.1185,1.12511,126043
2020-07-02 00:00:00,1.12507,1.1302699999999999,1.12234,1.12396,126515
2020-07-03 00:00:00,1.12391,1.12514,1.12193,1.12452,106137
2020-07-06 00:00:00,1.12431,1.13456,1.1242,1.13087,111763
2020-07-07 00:00:00,1.1309,1.13326,1.12589,1.12742,115813
2020-07-08 00:00:00,1.12728,1.13519,1.12619,1.13297,109913
2020-07-09 00:00:00,1.1329500000000001,1.13707,1.12802,1.12847,129846
2020-07-10 00:00:00,1.1280999999999999,1.13248,1.1255,1.12967,109635
2020-07-13 00:00:00,1.13041,1.1374900000000001,1.13009,1.13427,115477
2020-07-14 00:00:00,1.13436,1.1408800000000001,1.13251,1.13998,135684
2020-07-15 00:00:00,1.13989,1.14521,1.13893,1.14114,123979
2020-07-16 00:00:00,1.14109,1.14419,1.13704,1.13821,131509
2020-07-17 00:00:00,1.13833,1.14438,1.1374900000000001,1.14259,81886
2020-07-20 00:00:00,1.14058,1.14677,1.14023,1.14474,126617
2020-07-21 00:00:00,1.14467,1.15398,1.14231,1.15285,148193
2020-07-22 00:00:00,1.15263,1.16016,1.1507100000000001,1.15701,205371
2020-07-23 00:00:00,1.15694,1.16268,1.1540300000000001,1.15971,196163
2020-07-24 00:00:00,1.15958,1.16581,1.1581299999999999,1.16551,162896
2020-07-27 00:00:00,1.16432,1.17814,1.16403,1.17512,178788
2020-07-28 00:00:00,1.17508,1.17736,1.16986,1.17167,171563
2020-07-29 00:00:00,1.17149,1.18064,1.17096,1.17901,175363
2020-07-30 00:00:00,1.17914,1.18484,1.17309,1.18468,145282
2020-07-31 00:00:00,1.18453,1.19088,1.17614,1.17719,173784
2020-08-03 00:00:00,1.17708,1.17967,1.16959,1.17627,134135
2020-08-04 00:00:00,1.17617,1.18063,1.1721300000000001,1.18027,130683
2020-08-05 00:00:00,1.18025,1.1905000000000001,1.1792,1.18641,122879
2020-08-06 00:00:00,1.18627,1.19162,1.18179,1.18768,156013
2020-08-07 00:00:00,1.18762,1.18831,1.17553,1.17855,151472
2020-08-10 00:00:00,1.17869,1.18007,1.1736,1.17365,98435
2020-08-11 00:00:00,1.17365,1.1808,1.1722,1.17394,145167
2020-08-12 00:00:00,1.17398,1.18171,1.17111,1.17853,142254
2020-08-13 00:00:00,1.17839,1.18642,1.17776,1.18145,120374
2020-08-14 00:00:00,1.18125,1.18504,1.17817,1.18414,114725
2020-08-17 00:00:00,1.18384,1.1881,1.18281,1.18701,98639
2020-08-18 00:00:00,1.18666,1.19657,1.18611,1.19313,128061
2020-08-19 00:00:00,1.1931,1.19527,1.18303,1.18392,130465
2020-08-20 00:00:00,1.18364,1.18687,1.18021,1.18612,134149
2020-08-21 00:00:00,1.1859,1.18829,1.17542,1.17964,114001
2020-08-24 00:00:00,1.17899,1.18496,1.17842,1.17872,90693
2020-08-25 00:00:00,1.17873,1.18437,1.17842,1.18337,120449
2020-08-26 00:00:00,1.18341,1.18393,1.17723,1.18302,105744
2020-08-27 00:00:00,1.18299,1.19022,1.17622,1.18216,180701
2020-08-28 00:00:00,1.18214,1.19198,1.1811,1.19063,162604
2020-08-31 00:00:00,1.1893799999999999,1.19662,1.18841,1.19363,130673
2020-09-01 00:00:00,1.19361,1.20115,1.19014,1.19117,152502
2020-09-02 00:00:00,1.19117,1.19288,1.18221,1.18542,125209
2020-09-03 00:00:00,1.18544,1.18646,1.1789,1.18514,146718
2020-09-04 00:00:00,1.18513,1.18655,1.17807,1.18395,153689
2020-09-07 00:00:00,1.18453,1.18487,1.18116,1.18127,69794
2020-09-08 00:00:00,1.18118,1.18275,1.17654,1.17737,147688
2020-09-09 00:00:00,1.17733,1.18341,1.1752799999999999,1.18028,129034
2020-09-10 00:00:00,1.18026,1.19176,1.17971,1.18147,153431
2020-09-11 00:00:00,1.18132,1.18741,1.18058,1.18461,108850
2020-09-14 00:00:00,1.1832799999999999,1.18879,1.18319,1.18637,82444
2020-09-15 00:00:00,1.1864,1.19006,1.18395,1.18465,91766
2020-09-16 00:00:00,1.18468,1.18826,1.17875,1.18161,132844
2020-09-17 00:00:00,1.18155,1.18523,1.17372,1.18476,143594
2020-09-18 00:00:00,1.18475,1.18705,1.18262,1.1841599999999999,104519
2020-09-21 00:00:00,1.18419,1.18717,1.17317,1.17715,119783
2020-09-22 00:00:00,1.17709,1.17736,1.1691799999999999,1.17045,140485
2020-09-23 00:00:00,1.17073,1.17191,1.16514,1.16601,130785
2020-09-24 00:00:00,1.16601,1.16869,1.1626400000000001,1.16682,131600
2020-09-25 00:00:00,1.16722,1.16851,1.16122,1.16291,101187
2020-09-28 00:00:00,1.16193,1.16802,1.1615,1.1666400000000001,92465
2020-09-29 00:00:00,1.16616,1.17455,1.16606,1.17432,91271
2020-09-30 00:00:00,1.17427,1.1755,1.1684700000000001,1.17209,128007
2020-10-01 00:00:00,1.17193,1.17697,1.17172,1.17455,132549
2020-10-02 00:00:00,1.17478,1.17492,1.16957,1.17166,142271
2020-10-05 00:00:00,1.17095,1.17976,1.17052,1.17845,85445
2020-10-06 00:00:00,1.1782,1.18078,1.17319,1.1733500000000001,110380
2020-10-07 00:00:00,1.17332,1.17819,1.1724999999999999,1.17629,98567
2020-10-08 00:00:00,1.17602,1.17817,1.17329,1.176,80443
2020-10-09 00:00:00,1.17582,1.18309,1.17529,1.18293,78106
2020-10-12 00:00:00,1.1810100000000001,1.1826699999999999,1.17868,1.18118,63224
2020-10-13 00:00:00,1.18108,1.18153,1.17303,1.17454,73996
2020-10-14 00:00:00,1.17442,1.1771,1.17199,1.17458,80412
2020-10-15 00:00:00,1.17449,1.17578,1.1688399999999999,1.17073,79744
2020-10-16 00:00:00,1.1707,1.17462,1.16939,1.17165,69450
2020-10-19 00:00:00,1.17158,1.17939,1.17031,1.17709,73669
2020-10-20 00:00:00,1.1768399999999999,1.18408,1.17599,1.18222,70862
2020-10-21 00:00:00,1.18212,1.18808,1.18201,1.18611,92869
2020-10-22 00:00:00,1.18617,1.18669,1.18115,1.18186,75506
2020-10-23 00:00:00,1.1817,1.18648,1.1786699999999999,1.18598,70940
2020-10-26 00:00:00,1.18535,1.18594,1.18033,1.18091,66840
2020-10-27 00:00:00,1.18078,1.18388,1.17925,1.17953,57285
2020-10-28 00:00:00,1.17948,1.1797,1.17178,1.17461,76844
2020-10-29 00:00:00,1.17458,1.17588,1.16502,1.16729,82026
2020-10-30 00:00:00,1.16738,1.17043,1.164,1.16465,83436
2020-11-02 00:00:00,1.16463,1.16558,1.16222,1.16401,69307
2020-11-03 00:00:00,1.16405,1.17398,1.16231,1.17201,57435
2020-11-04 00:00:00,1.17127,1.17712,1.16027,1.17229,179442
2020-11-05 00:00:00,1.17243,1.18598,1.17108,1.18268,116499
2020-11-06 00:00:00,1.18254,1.1891,1.17953,1.1875,111357
2020-11-09 00:00:00,1.18893,1.19201,1.17953,1.1813500000000001,139914
2020-11-10 00:00:00,1.18128,1.18433,1.17797,1.1817199999999999,121134
2020-11-11 00:00:00,1.1814,1.18327,1.17455,1.17788,115216
2020-11-12 00:00:00,1.17768,1.18232,1.17587,1.18055,124119
2020-11-13 00:00:00,1.18045,1.18375,1.1799,1.18329,99685
2020-11-16 00:00:00,1.18398,1.1869,1.18142,1.1853799999999999,119583
2020-11-17 00:00:00,1.18503,1.18939,1.18426,1.1861,96955
2020-11-18 00:00:00,1.18615,1.18911,1.18493,1.18543,95929
2020-11-19 00:00:00,1.18529,1.18826,1.18163,1.18734,104481
2020-11-20 00:00:00,1.18742,1.18909,1.18497,1.18593,81823
2020-11-23 00:00:00,1.18498,1.19061,1.18,1.1841,93369
2020-11-24 00:00:00,1.18405,1.18961,1.1835,1.18927,97616
2020-11-25 00:00:00,1.18914,1.19298,1.18819,1.19138,109322
2020-11-26 00:00:00,1.1915499999999999,1.1941,1.18853,1.1913,58818
2020-11-27 00:00:00,1.19126,1.1963300000000001,1.19066,1.1960600000000001,69080
2020-11-30 00:00:00,1.1961,1.2003300000000001,1.19238,1.19258,107919
2020-12-01 00:00:00,1.19253,1.20766,1.19247,1.20719,118732
2020-12-02 00:00:00,1.20685,1.21184,1.204,1.21155,125001
2020-12-03 00:00:00,1.21149,1.21746,1.21011,1.21479,114885
2020-12-04 00:00:00,1.21444,1.21774,1.21101,1.21203,129117
2020-12-07 00:00:00,1.21281,1.21664,1.20785,1.2109,116988
2020-12-08 00:00:00,1.21089,1.21342,1.20953,1.21046,106465
2020-12-09 00:00:00,1.21023,1.21474,1.20588,1.20814,106482
2020-12-10 00:00:00,1.20796,1.21591,1.20742,1.21416,143397
2020-12-11 00:00:00,1.21359,1.2163,1.21054,1.21127,104301
2020-12-14 00:00:00,1.2134800000000001,1.21769,1.21157,1.21426,88545
2020-12-15 00:00:00,1.21437,1.21689,1.21214,1.21527,92831
2020-12-16 00:00:00,1.21496,1.22122,1.21252,1.2199200000000001,121005
2020-12-17 00:00:00,1.21984,1.22728,1.21899,1.22685,102579
2020-12-18 00:00:00,1.22672,1.22722,1.22256,1.22543,93256
2020-12-21 00:00:00,1.22199,1.22531,1.21294,1.22435,166123
2020-12-22 00:00:00,1.22411,1.22573,1.21523,1.21627,118544
2020-12-23 00:00:00,1.2162,1.22211,1.21539,1.21861,146114
2020-12-24 00:00:00,1.21851,1.22156,1.21772,1.2184,81637
2020-12-28 00:00:00,1.21842,1.22505,1.2181,1.22147,104624
2020-12-29 00:00:00,1.22162,1.22751,1.22068,1.22495,114484
2020-12-30 00:00:00,1.22473,1.23101,1.2246,1.22998,134861
2020-12-31 00:00:00,1.22956,1.23094,1.22092,1.2215799999999999,138742
2021-01-04 00:00:00,1.22391,1.23095,1.22275,1.2252,210578
2021-01-05 00:00:00,1.22483,1.23057,1.22432,1.22984,174063
2021-01-06 00:00:00,1.22953,1.23495,1.22656,1.23262,253112
2021-01-07 00:00:00,1.23251,1.23445,1.22451,1.22693,181369
2021-01-08 00:00:00,1.2270699999999999,1.22846,1.2193100000000001,1.22218,212427
2021-01-11 00:00:00,1.22156,1.22215,1.21323,1.21502,154805
2021-01-12 00:00:00,1.21512,1.2209699999999999,1.21372,1.22077,148088
2021-01-13 00:00:00,1.2206,1.22228,1.21399,1.21578,161971
2021-01-14 00:00:00,1.21568,1.2178499999999999,1.21111,1.21545,186911
2021-01-15 00:00:00,1.21526,1.2162600000000001,1.2075,1.2077,139684
2021-01-18 00:00:00,1.2082,1.20868,1.20536,1.20756,112135
2021-01-19 00:00:00,1.20749,1.2145,1.2074,1.21284,130193
2021-01-20 00:00:00,1.21283,1.21582,1.20768,1.21056,142273
2021-01-21 00:00:00,1.21056,1.21732,1.2102,1.21678,122645
2021-01-22 00:00:00,1.21607,1.21896,1.21516,1.21705,109658
2021-01-25 00:00:00,1.21668,1.21834,1.21161,1.21416,113916
2021-01-26 00:00:00,1.21384,1.21759,1.21079,1.21599,115538
2021-01-27 00:00:00,1.21599,1.2169699999999999,1.20586,1.2112,162994
2021-01-28 00:00:00,1.21095,1.21425,1.20808,1.21222,166535
2021-01-29 00:00:00,1.21197,1.21562,1.20945,1.21355,165055
2021-02-01 00:00:00,1.21278,1.21364,1.20561,1.20606,130946
2021-02-02 00:00:00,1.2059199999999999,1.20878,1.20115,1.2043,123745
2021-02-03 00:00:00,1.20432,1.20501,1.20041,1.20352,96765
2021-02-04 00:00:00,1.20352,1.20427,1.19575,1.1961,101699
2021-02-05 00:00:00,1.19616,1.20501,1.19523,1.20495,114448
2021-02-08 00:00:00,1.20364,1.20658,1.20198,1.20498,90204
2021-02-09 00:00:00,1.20462,1.21218,1.20429,1.21196,112636
2021-02-10 00:00:00,1.21176,1.2144,1.21089,1.21182,104086
2021-02-11 00:00:00,1.21176,1.21495,1.21135,1.21315,76910
2021-02-12 00:00:00,1.2128700000000001,1.21349,1.20815,1.21189,83653
2021-02-15 00:00:00,1.21243,1.21451,1.21167,1.2127,57886
2021-02-16 00:00:00,1.21272,1.21695,1.20951,1.21035,105160
2021-02-17 00:00:00,1.21066,1.21079,1.20233,1.20415,116985
2021-02-18 00:00:00,1.20374,1.20946,1.20356,1.20933,105152
2021-02-19 00:00:00,1.20892,1.21444,1.20824,1.21178,98676
2021-02-22 00:00:00,1.21123,1.21693,1.20912,1.2158,120963
2021-02-23 00:00:00,1.21539,1.21801,1.21354,1.21494,106900
2021-02-24 00:00:00,1.21493,1.21746,1.21091,1.21683,141113
2021-02-25 00:00:00,1.2163599999999999,1.2242899999999999,1.2156,1.21772,182042
2021-02-26 00:00:00,1.21768,1.21835,1.20622,1.20724,201392
2021-03-01 00:00:00,1.20688,1.21011,1.20276,1.20484,119045
2021-03-02 00:00:00,1.20488,1.20944,1.19918,1.20904,123910
2021-03-03 00:00:00,1.20905,1.21133,1.20428,1.20622,130423
2021-03-04 00:00:00,1.20627,1.20664,1.19616,1.1972,163011
2021-03-05 00:00:00,1.1966700000000001,1.19773,1.18932,1.19118,190085
2021-03-08 00:00:00,1.19167,1.19323,1.18441,1.18462,145868
2021-03-09 00:00:00,1.18464,1.19157,1.18356,1.19006,127043
2021-03-10 00:00:00,1.1899899999999999,1.19298,1.18688,1.19289,124595
2021-03-11 00:00:00,1.19283,1.19899,1.19156,1.1985000000000001,120840
2021-03-12 00:00:00,1.1979899999999999,1.19886,1.191,1.19519,122337
2021-03-15 00:00:00,1.19432,1.19674,1.1911,1.19296,105521
2021-03-16 00:00:00,1.19261,1.19519,1.18825,1.19025,106809
2021-03-17 00:00:00,1.1902,1.19854,1.18862,1.19796,112359
2021-03-18 00:00:00,1.19784,1.19889,1.19062,1.19156,136503
2021-03-19 00:00:00,1.19135,1.19371,1.18739,1.19043,109049
2021-03-22 00:00:00,1.18707,1.19469,1.18707,1.19324,58350
2021-03-23 00:00:00,1.19317,1.19407,1.18423,1.1850100000000001,56666
2021-03-24 00:00:00,1.18489,1.18527,1.18096,1.18116,61262
2021-03-25 00:00:00,1.18126,1.18276,1.17618,1.17639,63000
2021-03-26 00:00:00,1.17638,1.1804999999999999,1.17629,1.17932,52290
2021-03-29 00:00:00,1.17887,1.1794,1.17608,1.17651,52650
2021-03-30 00:00:00,1.17637,1.17737,1.17112,1.17158,50039
2021-03-31 00:00:00,1.17159,1.17599,1.17041,1.17299,56686
2021-04-01 00:00:00,1.17302,1.17779,1.17127,1.17775,45808
2021-04-02 00:00:00,1.17754,1.17865,1.17492,1.17601,24677
2021-04-05 00:00:00,1.17547,1.1819600000000001,1.17379,1.18122,35416
2021-04-06 00:00:00,1.18118,1.18776,1.17953,1.18762,51948
2021-04-07 00:00:00,1.18747,1.19147,1.18609,1.18716,56332
2021-04-08 00:00:00,1.1865,1.19274,1.18607,1.19161,54800
2021-04-09 00:00:00,1.19126,1.19201,1.18674,1.19011,53965
2021-04-12 00:00:00,1.18896,1.19191,1.18712,1.19113,44096
2021-04-13 00:00:00,1.191,1.19558,1.18777,1.1948699999999999,61111
2021-04-14 00:00:00,1.1948,1.19873,1.1945000000000001,1.19791,57200
2021-04-15 00:00:00,1.19784,1.19933,1.19562,1.19661,53107
2021-04-16 00:00:00,1.19639,1.19946,1.19504,1.1981,49160
2021-04-19 00:00:00,1.19717,1.20479,1.1942599999999999,1.20367,58410
2021-04-20 00:00:00,1.2037200000000001,1.20798,1.20225,1.20365,61204
2021-04-21 00:00:00,1.20353,1.20436,1.19985,1.20356,55683
2021-04-22 00:00:00,1.2034799999999999,1.20696,1.19936,1.2016,63724
2021-04-23 00:00:00,1.20145,1.21001,1.20128,1.20974,54185
2021-04-26 00:00:00,1.20909,1.21169,1.20611,1.20857,54768
2021-04-27 00:00:00,1.2083,1.20928,1.20568,1.20915,48382
2021-04-28 00:00:00,1.2088700000000001,1.21347,1.20562,1.21256,62345
2021-04-29 00:00:00,1.21238,1.21499,1.21021,1.2119900000000001,52847
2021-04-30 00:00:00,1.21203,1.21266,1.20167,1.20207,53986
2021-05-03 00:00:00,1.20307,1.2076,1.2013099999999999,1.2063,44234
2021-05-04 00:00:00,1.20639,1.20639,1.19991,1.20136,57298
2021-05-05 00:00:00,1.20089,1.20265,1.19861,1.20053,47738
2021-05-06 00:00:00,1.20038,1.20716,1.19932,1.20638,51967
2021-05-07 00:00:00,1.20638,1.21715,1.20529,1.21619,64129
2021-05-10 00:00:00,1.21586,1.21783,1.21279,1.21282,61492
2021-05-11 00:00:00,1.21283,1.21817,1.21232,1.2147999999999999,71989
2021-05-12 00:00:00,1.21466,1.21522,1.20656,1.20708,79815
2021-05-13 00:00:00,1.20697,1.21061,1.20514,1.20783,80647
2021-05-14 00:00:00,1.20788,1.21477,1.20708,1.21442,67141
2021-05-17 00:00:00,1.21432,1.21688,1.2126000000000001,1.21516,56314
2021-05-18 00:00:00,1.21503,1.2234099999999999,1.21495,1.22232,61927
2021-05-19 00:00:00,1.22161,1.22452,1.21599,1.21757,80320
2021-05-20 00:00:00,1.21672,1.22293,1.21671,1.22276,60873
2021-05-21 00:00:00,1.22261,1.22398,1.21608,1.21806,61963
2021-05-24 00:00:00,1.21752,1.22299,1.2171,1.22161,52304
2021-05-25 00:00:00,1.22162,1.22664,1.22117,1.22516,61953
2021-05-26 00:00:00,1.2248,1.22628,1.2182,1.21923,55811
2021-05-27 00:00:00,1.219,1.2215,1.21752,1.2194099999999999,58739
2021-05-28 00:00:00,1.21925,1.22048,1.21326,1.21895,58224
2021-05-31 00:00:00,1.21975,1.22313,1.21834,1.22244,36291
2021-06-01 00:00:00,1.22241,1.22544,1.22117,1.22137,48109
2021-06-02 00:00:00,1.22127,1.22265,1.21641,1.2209699999999999,48762
2021-06-03 00:00:00,1.22103,1.22141,1.21184,1.2127,49250
2021-06-04 00:00:00,1.21265,1.21857,1.21039,1.21661,51231
2021-06-07 00:00:00,1.2160199999999999,1.22018,1.2145,1.21894,34236
2021-06-08 00:00:00,1.21891,1.21942,1.21643,1.21726,42046
2021-06-09 00:00:00,1.21725,1.2218,1.21712,1.21788,33088
2021-06-10 00:00:00,1.21774,1.21946,1.21434,1.21761,47810
2021-06-11 00:00:00,1.21676,1.2193,1.20927,1.21062,40007
2021-06-14 00:00:00,1.21015,1.21305,1.20943,1.21195,33775
2021-06-15 00:00:00,1.21187,1.21474,1.21014,1.21252,37869
2021-06-16 00:00:00,1.21259,1.2134800000000001,1.19952,1.19957,53595
2021-06-17 00:00:00,1.19943,1.20063,1.18919,1.19057,66885
2021-06-18 00:00:00,1.19065,1.1925,1.18473,1.18594,68316
2021-06-21 00:00:00,1.18553,1.19214,1.1847699999999999,1.19177,62812
2021-06-22 00:00:00,1.19168,1.19527,1.1881,1.19409,51786
2021-06-23 00:00:00,1.19368,1.19701,1.19116,1.19265,48380
2021-06-24 00:00:00,1.19266,1.19563,1.19178,1.19311,46595
2021-06-25 00:00:00,1.19298,1.19752,1.19263,1.19369,42789
2021-06-28 00:00:00,1.19322,1.19445,1.19025,1.19241,43157
2021-06-29 00:00:00,1.19286,1.19297,1.18777,1.18963,41007
2021-06-30 00:00:00,1.18955,1.1909,1.18451,1.18573,47185
2021-07-01 00:00:00,1.18595,1.18842,1.18374,1.18496,47964
2021-07-02 00:00:00,1.185,1.18742,1.18071,1.18643,50341
2021-07-05 00:00:00,1.18584,1.18805,1.18514,1.18612,34166
2021-07-06 00:00:00,1.18609,1.18952,1.18068,1.18232,58224
2021-07-07 00:00:00,1.18236,1.18362,1.17816,1.17907,53517
2021-07-08 00:00:00,1.17895,1.18679,1.17835,1.18464,64957
2021-07-09 00:00:00,1.18417,1.18807,1.1825,1.188,49774
2021-07-12 00:00:00,1.18716,1.18801,1.18361,1.18598,43724
2021-07-13 00:00:00,1.18609,1.18751,1.17723,1.17765,50928
2021-07-14 00:00:00,1.17746,1.18388,1.17719,1.18364,49640
2021-07-15 00:00:00,1.18371,1.18508,1.17963,1.18108,50708
2021-07-16 00:00:00,1.18057,1.18224,1.17923,1.18056,45747
2021-07-19 00:00:00,1.18034,1.18244,1.17638,1.1798899999999999,58868
2021-07-20 00:00:00,1.1796,1.18025,1.17556,1.17805,57074
2021-07-21 00:00:00,1.1779,1.18048,1.17519,1.17944,48667
2021-07-22 00:00:00,1.17902,1.18304,1.17575,1.17707,52758
2021-07-23 00:00:00,1.17685,1.17865,1.17544,1.17688,41223
2021-07-26 00:00:00,1.17686,1.18173,1.17633,1.18023,46447
2021-07-27 00:00:00,1.1803,1.18411,1.1770100000000001,1.18161,48346
2021-07-28 00:00:00,1.18161,1.18496,1.17722,1.18424,53668
2021-07-29 00:00:00,1.18415,1.1892800000000001,1.18392,1.18864,39881
2021-07-30 00:00:00,1.1887,1.19086,1.18517,1.18729,48399
2021-08-02 00:00:00,1.18634,1.18969,1.18574,1.18715,43530
2021-08-03 00:00:00,1.1869399999999999,1.18933,1.18536,1.1865,41475
2021-08-04 00:00:00,1.18632,1.18997,1.18327,1.1837,41587
2021-08-05 00:00:00,1.18363,1.18573,1.18281,1.18315,38713
2021-08-06 00:00:00,1.18321,1.18354,1.17544,1.1761300000000001,39358
2021-08-09 00:00:00,1.17548,1.17689,1.17349,1.17359,38213
2021-08-10 00:00:00,1.17364,1.17428,1.17099,1.17201,33681
2021-08-11 00:00:00,1.17187,1.17538,1.1706,1.17392,36721
2021-08-12 00:00:00,1.17371,1.17482,1.17237,1.173,29735
2021-08-13 00:00:00,1.17289,1.18046,1.17287,1.1796,27192
2021-08-16 00:00:00,1.17942,1.1801,1.17675,1.17756,30663
2021-08-17 00:00:00,1.17773,1.17847,1.17079,1.17079,42701
2021-08-18 00:00:00,1.1708,1.17428,1.16937,1.1709,38777
2021-08-19 00:00:00,1.17138,1.17155,1.16659,1.16763,45221
2021-08-20 00:00:00,1.16739,1.17045,1.16639,1.16995,36239
2021-08-23 00:00:00,1.16913,1.17503,1.16893,1.17459,35056
2021-08-24 00:00:00,1.17454,1.17651,1.17272,1.17574,33810
2021-08-25 00:00:00,1.17538,1.17746,1.17261,1.17724,37472
2021-08-26 00:00:00,1.17707,1.17789,1.17461,1.17519,39025
2021-08-27 00:00:00,1.17514,1.18023,1.1735,1.17958,43684
2021-08-30 00:00:00,1.17876,1.18099,1.17827,1.17967,32077
2021-08-31 00:00:00,1.17965,1.18451,1.17931,1.18085,47718
2021-09-01 00:00:00,1.18078,1.18571,1.17936,1.18396,39060
2021-09-02 00:00:00,1.18391,1.18761,1.18343,1.18753,32178
2021-09-03 00:00:00,1.18749,1.19091,1.1865700000000001,1.18772,43986
2021-09-06 00:00:00,1.18771,1.18864,1.18558,1.18682,24776
2021-09-07 00:00:00,1.18682,1.18852,1.18375,1.18419,44720
2021-09-08 00:00:00,1.18377,1.1851099999999999,1.18021,1.18156,47357
2021-09-09 00:00:00,1.1813500000000001,1.18413,1.18052,1.18236,37553
2021-09-10 00:00:00,1.18232,1.1851099999999999,1.18093,1.18107,35578
2021-09-13 00:00:00,1.18145,1.1817,1.1770100000000001,1.18106,42395
2021-09-14 00:00:00,1.18092,1.18458,1.18001,1.1804000000000001,46767
2021-09-15 00:00:00,1.18031,1.18319,1.17992,1.18154,45007
2021-09-16 00:00:00,1.18152,1.18207,1.17505,1.17687,49027
2021-09-17 00:00:00,1.17626,1.17889,1.17245,1.17253,43200
2021-09-20 00:00:00,1.173,1.17364,1.17002,1.17267,30635
2021-09-21 00:00:00,1.17233,1.17487,1.17149,1.17255,44743
2021-09-22 00:00:00,1.17229,1.17557,1.16845,1.16881,58075
2021-09-23 00:00:00,1.1687,1.17502,1.16834,1.17387,56919
2021-09-24 00:00:00,1.17384,1.17476,1.17008,1.17208,45247
2021-09-27 00:00:00,1.17253,1.17261,1.16846,1.16944,53101
2021-09-28 00:00:00,1.16963,1.17032,1.16683,1.16835,58134
2021-09-29 00:00:00,1.16832,1.16901,1.15895,1.1597,63507
2021-09-30 00:00:00,1.15968,1.16097,1.15625,1.15764,68733
2021-10-01 00:00:00,1.1575,1.16074,1.1562999999999999,1.15927,66001
2021-10-04 00:00:00,1.15943,1.16401,1.15876,1.16195,53175
2021-10-05 00:00:00,1.16195,1.16219,1.15806,1.15967,50395
2021-10-06 00:00:00,1.16042,1.16042,1.15293,1.15564,62527
2021-10-07 00:00:00,1.1553499999999999,1.15721,1.15475,1.15529,50409
2021-10-08 00:00:00,1.15518,1.15861,1.15414,1.1574200000000001,52271
2021-10-11 00:00:00,1.15661,1.15867,1.15491,1.1553200000000001,42758
2021-10-12 00:00:00,1.15502,1.15702,1.15244,1.15298,49651
2021-10-13 00:00:00,1.15296,1.15973,1.15249,1.1595900000000001,53324
2021-10-14 00:00:00,1.15927,1.16244,1.15841,1.1596899999999999,45006
2021-10-15 00:00:00,1.1595,1.16188,1.15881,1.15984,47207
2021-10-18 00:00:00,1.15926,1.16224,1.15717,1.16105,47977
2021-10-19 00:00:00,1.16085,1.16693,1.16084,1.16322,49145
2021-10-20 00:00:00,1.16308,1.16587,1.16168,1.16504,50123
2021-10-21 00:00:00,1.16505,1.1667399999999999,1.16195,1.16243,51504
2021-10-22 00:00:00,1.1621299999999999,1.16557,1.16211,1.16439,55287
2021-10-25 00:00:00,1.16378,1.16652,1.15907,1.16102,50415
2021-10-26 00:00:00,1.16034,1.16258,1.1585,1.15957,46035
2021-10-27 00:00:00,1.15882,1.1626,1.1585,1.16023,59158
2021-10-28 00:00:00,1.16026,1.16922,1.15823,1.16826,72879
2021-10-29 00:00:00,1.16794,1.16899,1.1535199999999999,1.15621,64784
2021-11-01 00:00:00,1.1556899999999999,1.1609,1.15461,1.16063,52992
2021-11-02 00:00:00,1.16007,1.16133,1.1575199999999999,1.15788,53366
2021-11-03 00:00:00,1.15766,1.16162,1.15623,1.16121,58485
2021-11-04 00:00:00,1.16106,1.16164,1.15283,1.15541,55808
2021-11-05 00:00:00,1.15517,1.15732,1.15133,1.15663,58443
2021-11-08 00:00:00,1.1556899999999999,1.15948,1.15505,1.15869,43207
2021-11-09 00:00:00,1.1584699999999999,1.1609,1.15698,1.15943,55947
2021-11-10 00:00:00,1.15917,1.15953,1.14758,1.14761,68652
2021-11-11 00:00:00,1.14763,1.14876,1.14431,1.14489,42727
2021-11-12 00:00:00,1.14508,1.14621,1.14329,1.14433,46102
2021-11-15 00:00:00,1.14467,1.1464,1.13563,1.13667,46360
2021-11-16 00:00:00,1.13677,1.13857,1.13091,1.1319,55434
2021-11-17 00:00:00,1.13218,1.1332200000000001,1.12635,1.13186,60162
2021-11-18 00:00:00,1.13191,1.13741,1.13138,1.13726,53544
2021-11-19 00:00:00,1.13678,1.13727,1.125,1.12831,63519
2021-11-22 00:00:00,1.12835,1.12904,1.12307,1.12321,65807
2021-11-23 00:00:00,1.1232,1.1275,1.1226,1.12486,62384
2021-11-24 00:00:00,1.12453,1.12552,1.1186099999999999,1.12003,64139
2021-11-25 00:00:00,1.11964,1.12297,1.11964,1.12062,40134
2021-11-26 00:00:00,1.12061,1.13296,1.12046,1.13133,86417
2021-11-29 00:00:00,1.12997,1.1312,1.12584,1.12917,66707
2021-11-30 00:00:00,1.12887,1.13829,1.12351,1.13395,90686
2021-12-01 00:00:00,1.13365,1.13596,1.13026,1.13192,74707
2021-12-02 00:00:00,1.13192,1.13477,1.12954,1.13014,60332
2021-12-03 00:00:00,1.13002,1.13335,1.12666,1.1308799999999999,69083
2021-12-06 00:00:00,1.12998,1.13129,1.12666,1.1285,51004
2021-12-07 00:00:00,1.12826,1.12984,1.12275,1.12682,52435
2021-12-08 00:00:00,1.1265,1.13548,1.12633,1.13418,63211
2021-12-09 00:00:00,1.13419,1.13453,1.12784,1.12926,52249
2021-12-10 00:00:00,1.12924,1.1324,1.12652,1.13163,49515
2021-12-13 00:00:00,1.13074,1.13193,1.12602,1.12855,42654
2021-12-14 00:00:00,1.12818,1.13238,1.12536,1.12577,44903
2021-12-15 00:00:00,1.12577,1.12992,1.12216,1.12939,61366
2021-12-16 00:00:00,1.12913,1.13604,1.12811,1.13302,60466
2021-12-17 00:00:00,1.1329500000000001,1.13489,1.12347,1.1237300000000001,49866
2021-12-20 00:00:00,1.12359,1.13038,1.12347,1.12764,53960
2021-12-21 00:00:00,1.12781,1.13026,1.12608,1.12857,45809
2021-12-22 00:00:00,1.12827,1.13423,1.12644,1.13265,44219
2021-12-23 00:00:00,1.13243,1.13422,1.12901,1.13258,40205
2021-12-24 00:00:00,1.13227,1.13435,1.1301700000000001,1.13068,53140
2021-12-27 00:00:00,1.13068,1.13344,1.13025,1.13267,28424
2021-12-28 00:00:00,1.13259,1.1333199999999999,1.1289500000000001,1.13077,32923
2021-12-29 00:00:00,1.13071,1.1369,1.12737,1.13469,41292
2021-12-30 00:00:00,1.13458,1.13598,1.12985,1.13253,37559
2021-12-31 00:00:00,1.13222,1.13864,1.13033,1.13775,34660
2022-01-03 00:00:00,1.1365,1.13788,1.12798,1.12976,45629
2022-01-04 00:00:00,1.12951,1.13225,1.12723,1.12877,56198
2022-01-05 00:00:00,1.1284,1.13464,1.1277,1.13124,54983
2022-01-06 00:00:00,1.13109,1.13318,1.12847,1.12982,59902
2022-01-07 00:00:00,1.12952,1.13648,1.129,1.13594,50579
2022-01-10 00:00:00,1.13555,1.13604,1.12851,1.13278,58578
2022-01-11 00:00:00,1.13218,1.13693,1.1313,1.13685,46910
2022-01-12 00:00:00,1.13668,1.14527,1.13547,1.14412,53858
2022-01-13 00:00:00,1.1440299999999999,1.14816,1.14358,1.1454,52418
2022-01-14 00:00:00,1.14542,1.1482700000000001,1.13985,1.14156,59227
2022-01-17 00:00:00,1.14097,1.14344,1.13918,1.1406100000000001,36305
2022-01-18 00:00:00,1.14052,1.14215,1.13146,1.13276,64976
2022-01-19 00:00:00,1.13182,1.13572,1.13182,1.1342,55990
2022-01-20 00:00:00,1.13411,1.13689,1.13032,1.13104,53914
2022-01-21 00:00:00,1.13089,1.13598,1.13008,1.13419,56108
2022-01-24 00:00:00,1.13374,1.13449,1.1290499999999999,1.13241,61028
2022-01-25 00:00:00,1.13218,1.13285,1.12633,1.13012,52797
2022-01-26 00:00:00,1.12988,1.13107,1.12355,1.12413,64569
2022-01-27 00:00:00,1.12412,1.12432,1.11316,1.11445,71226
2022-01-28 00:00:00,1.11454,1.11735,1.11214,1.11474,63935
2022-01-31 00:00:00,1.11399,1.12478,1.1138,1.12327,61126
2022-02-01 00:00:00,1.12335,1.12787,1.1221,1.12736,58456
2022-02-02 00:00:00,1.12702,1.13301,1.12667,1.13043,47991
2022-02-03 00:00:00,1.13013,1.1451500000000001,1.12673,1.14387,74773
2022-02-04 00:00:00,1.14365,1.14838,1.14116,1.14519,70985
2022-02-07 00:00:00,1.14631,1.1463700000000001,1.14152,1.14413,60820
2022-02-08 00:00:00,1.14411,1.1448800000000001,1.13964,1.1417,56023
2022-02-09 00:00:00,1.14129,1.14479,1.1402700000000001,1.14224,48211
2022-02-10 00:00:00,1.14229,1.1494900000000001,1.1375,1.14274,74345
2022-02-11 00:00:00,1.1427,1.14303,1.1329799999999999,1.13479,90502
2022-02-14 00:00:00,1.13369,1.13691,1.1280000000000001,1.13063,87461
2022-02-15 00:00:00,1.13052,1.13682,1.1301,1.13574,67916
2022-02-16 00:00:00,1.13558,1.13957,1.1345,1.13726,58460
2022-02-17 00:00:00,1.13715,1.1386,1.13231,1.13618,82885
2022-02-18 00:00:00,1.13585,1.13769,1.13147,1.1323,62036
2022-02-21 00:00:00,1.13134,1.13906,1.13067,1.1309,48619
2022-02-22 00:00:00,1.13072,1.13666,1.1288,1.13251,79398
2022-02-23 00:00:00,1.13231,1.13588,1.13012,1.13048,52409
2022-02-24 00:00:00,1.13055,1.13087,1.11064,1.11936,145618
2022-02-25 00:00:00,1.11907,1.12742,1.1166,1.12721,94717
2022-02-28 00:00:00,1.11231,1.12464,1.11231,1.1219,126566
2022-03-01 00:00:00,1.12161,1.12331,1.10897,1.11234,101087
2022-03-02 00:00:00,1.11212,1.1144,1.10576,1.11194,112460
2022-03-03 00:00:00,1.1117,1.11215,1.10336,1.10655,84134
2022-03-04 00:00:00,1.10634,1.10679,1.08859,1.09305,107927
2022-03-07 00:00:00,1.09188,1.09323,1.0806,1.08539,149555
2022-03-08 00:00:00,1.08548,1.09583,1.08486,1.08962,129158
2022-03-09 00:00:00,1.09006,1.10953,1.08901,1.10761,93639
2022-03-10 00:00:00,1.10704,1.11211,1.09762,1.09885,107405
2022-03-11 00:00:00,1.0983,1.10437,1.0902,1.09142,94535
2022-03-14 00:00:00,1.09183,1.09939,1.09007,1.09399,84232
2022-03-15 00:00:00,1.09395,1.10198,1.09262,1.09541,97003
2022-03-16 00:00:00,1.0953,1.1047,1.09478,1.10348,107299
2022-03-17 00:00:00,1.10354,1.11375,1.10076,1.1091,71130
2022-03-18 00:00:00,1.10906,1.11186,1.1003,1.10497,71501
2022-03-21 00:00:00,1.10552,1.10702,1.10103,1.10166,60788
2022-03-22 00:00:00,1.1014599999999999,1.10458,1.0961,1.10304,73277
2022-03-23 00:00:00,1.10245,1.1044,1.09641,1.10055,64221
2022-03-24 00:00:00,1.10064,1.10138,1.0966,1.09968,66006
2022-03-25 00:00:00,1.0996,1.10377,1.09809,1.09849,73224
2022-03-28 00:00:00,1.09829,1.09996,1.09447,1.09861,79479
2022-03-29 00:00:00,1.09767,1.11372,1.09695,1.1086,97079
2022-03-30 00:00:00,1.10862,1.1171,1.10798,1.11579,88329
2022-03-31 00:00:00,1.11575,1.11848,1.10609,1.10659,81429
2022-04-01 00:00:00,1.10631,1.10761,1.10281,1.10452,68478
2022-04-04 00:00:00,1.10265,1.10545,1.09606,1.09712,51909
2022-04-05 00:00:00,1.09698,1.09886,1.09001,1.09055,56262
2022-04-06 00:00:00,1.09055,1.09379,1.08746,1.0896,77705
2022-04-07 00:00:00,1.08913,1.09383,1.08648,1.08799,72590
2022-04-08 00:00:00,1.08758,1.08918,1.08364,1.08749,60363
2022-04-11 00:00:00,1.09155,1.09332,1.08728,1.08835,64071
2022-04-12 00:00:00,1.08825,1.09036,1.08214,1.08257,76949
2022-04-13 00:00:00,1.08259,1.08944,1.08089,1.08916,71319
2022-04-14 00:00:00,1.08866,1.09234,1.07575,1.08293,86050
2022-04-15 00:00:00,1.08277,1.08299,1.07965,1.08066,58678
2022-04-18 00:00:00,1.07998,1.08217,1.07699,1.07806,49593
2022-04-19 00:00:00,1.07792,1.08144,1.07611,1.07887,70653
2022-04-20 00:00:00,1.07868,1.08671,1.0784,1.08542,81173
2022-04-21 00:00:00,1.0849199999999999,1.09362,1.08236,1.08316,82142
2022-04-22 00:00:00,1.08329,1.08515,1.07707,1.08016,82599
2022-04-25 00:00:00,1.08029,1.08149,1.06968,1.07113,107288
2022-04-26 00:00:00,1.07124,1.07386,1.06358,1.06371,80670
2022-04-27 00:00:00,1.06374,1.06546,1.05146,1.05585,96250
2022-04-28 00:00:00,1.05621,1.05648,1.04712,1.0499,119066
2022-04-29 00:00:00,1.04976,1.05929,1.04913,1.05462,103093
2022-05-02 00:00:00,1.05464,1.05684,1.04903,1.05074,83778
2022-05-03 00:00:00,1.0502,1.05778,1.04922,1.05192,86008
2022-05-04 00:00:00,1.05204,1.06311,1.05063,1.06223,104369
2022-05-05 00:00:00,1.062,1.06419,1.04926,1.0539,126272
2022-05-06 00:00:00,1.0542,1.05988,1.04829,1.05438,144434
2022-05-09 00:00:00,1.05353,1.05924,1.04952,1.05582,114351
2022-05-10 00:00:00,1.05558,1.05855,1.05256,1.05298,117382
2022-05-11 00:00:00,1.05265,1.05771,1.05019,1.05138,123184
2022-05-12 00:00:00,1.05206,1.05293,1.03541,1.03797,133192
2022-05-13 00:00:00,1.03759,1.04198,1.03497,1.04082,95639
2022-05-16 00:00:00,1.04079,1.04431,1.03891,1.04341,83673
2022-05-17 00:00:00,1.0434,1.05556,1.04284,1.05505,98592
2022-05-18 00:00:00,1.05443,1.05638,1.04603,1.04607,89292
2022-05-19 00:00:00,1.04672,1.06071,1.04604,1.05837,125514
2022-05-20 00:00:00,1.05823,1.05988,1.0533,1.0559,93950
2022-05-23 00:00:00,1.056,1.06974,1.05538,1.06921,88367
2022-05-24 00:00:00,1.06878,1.07485,1.0661,1.07359,93412
2022-05-25 00:00:00,1.0734,1.0739,1.06423,1.06785,94925
2022-05-26 00:00:00,1.06821,1.0731600000000001,1.06624,1.07296,83867
2022-05-27 00:00:00,1.07176,1.07651,1.0697,1.07311,74906
2022-05-30 00:00:00,1.0733,1.07869,1.0725,1.07796,52611
2022-05-31 00:00:00,1.0776,1.07792,1.06789,1.07325,101439
2022-06-01 00:00:00,1.07324,1.07392,1.06273,1.06525,84480
2022-06-02 00:00:00,1.0644,1.07501,1.06429,1.07468,72736
2022-06-03 00:00:00,1.07443,1.07643,1.07039,1.07166,67219
2022-06-06 00:00:00,1.0715,1.0752,1.0684,1.06959,65794
2022-06-07 00:00:00,1.0689899999999999,1.0714299999999999,1.0652,1.0705,84630
2022-06-08 00:00:00,1.07019,1.07485,1.06715,1.07154,77911
2022-06-09 00:00:00,1.07157,1.07739,1.06114,1.06177,108321
2022-06-10 00:00:00,1.06154,1.06422,1.05057,1.05211,109140
2022-06-13 00:00:00,1.0514000000000001,1.052,1.03998,1.04079,129543
2022-06-14 00:00:00,1.04068,1.04848,1.03971,1.0417399999999999,130357
2022-06-15 00:00:00,1.04088,1.05078,1.0359,1.04471,167530
2022-06-16 00:00:00,1.04428,1.06013,1.03809,1.05497,162227
2022-06-17 00:00:00,1.05466,1.05605,1.04446,1.04968,142130
2022-06-20 00:00:00,1.04731,1.05458,1.04731,1.05105,79454
2022-06-21 00:00:00,1.05071,1.05825,1.05057,1.05346,94234
2022-06-22 00:00:00,1.05328,1.06059,1.04689,1.05687,119252
2022-06-23 00:00:00,1.05647,1.05811,1.04828,1.0521,136992
2022-06-24 00:00:00,1.0521,1.05712,1.05121,1.05539,97833
2022-06-27 00:00:00,1.05387,1.06149,1.05387,1.05817,100554
2022-06-28 00:00:00,1.05832,1.06061,1.05035,1.05206,108120
2022-06-29 00:00:00,1.05181,1.05355,1.04352,1.04412,116884
2022-06-30 00:00:00,1.04395,1.04887,1.03827,1.04832,122724
2022-07-01 00:00:00,1.04787,1.04833,1.03657,1.04268,123471
2022-07-04 00:00:00,1.04183,1.04627,1.0416,1.04226,76678
2022-07-05 00:00:00,1.04199,1.04488,1.02353,1.0264,123753
2022-07-06 00:00:00,1.02677,1.02766,1.01615,1.01808,140431
2022-07-07 00:00:00,1.01806,1.0221,1.01441,1.01613,105115
2022-07-08 00:00:00,1.01624,1.01914,1.0072,1.01835,120118
2022-07-11 00:00:00,1.01774,1.01834,1.00337,1.00407,106134
2022-07-12 00:00:00,1.00365,1.00738,1.00001,1.0036,125515
2022-07-13 00:00:00,1.00372,1.01222,0.9998,1.00574,139025
2022-07-14 00:00:00,1.0058,1.00589,0.99522,1.00202,148440
2022-07-15 00:00:00,1.00132,1.00978,1.00068,1.00859,107580
2022-07-18 00:00:00,1.00822,1.02011,1.00786,1.01438,98790
2022-07-19 00:00:00,1.01387,1.02692,1.01196,1.02243,116897
2022-07-20 00:00:00,1.02235,1.02731,1.01554,1.01818,108976
2022-07-21 00:00:00,1.01764,1.0278,1.01533,1.02278,138227
2022-07-22 00:00:00,1.02258,1.02554,1.01297,1.02111,126746
2022-07-25 00:00:00,1.02107,1.02578,1.01789,1.02183,110995
2022-07-26 00:00:00,1.02159,1.025,1.01076,1.01177,96436
2022-07-27 00:00:00,1.01146,1.02209,1.00966,1.01989,105175
2022-07-28 00:00:00,1.02004,1.02343,1.0114,1.01968,130826
2022-07-29 00:00:00,1.01972,1.02542,1.0146,1.02263,120039
2022-08-01 00:00:00,1.02167,1.02754,1.02054,1.02601,108220
2022-08-02 00:00:00,1.02592,1.02938,1.01633,1.01659,135553
2022-08-03 00:00:00,1.01647,1.02099,1.01225,1.01686,117336
2022-08-04 00:00:00,1.01626,1.02537,1.01544,1.02453,99480
2022-08-05 00:00:00,1.02459,1.0252,1.01417,1.01779,100215
2022-08-08 00:00:00,1.0176,1.02219,1.01591,1.01935,82836
2022-08-09 00:00:00,1.01913,1.02475,1.01887,1.02131,64659
2022-08-10 00:00:00,1.0212,1.03686,1.02019,1.02975,101924
2022-08-11 00:00:00,1.02978,1.03644,1.02754,1.03195,107770
2022-08-12 00:00:00,1.03179,1.03273,1.02385,1.02565,88556
2022-08-15 00:00:00,1.02565,1.02682,1.01545,1.01591,84888
2022-08-16 00:00:00,1.0161,1.01948,1.01225,1.01705,88079
2022-08-17 00:00:00,1.01649,1.02029,1.01454,1.01772,105395
2022-08-18 00:00:00,1.01772,1.01931,1.00797,1.00867,94367
2022-08-19 00:00:00,1.00856,1.00955,1.0032,1.00391,83314
2022-08-22 00:00:00,1.00369,1.00465,0.99262,0.99421,87828
2022-08-23 00:00:00,0.99417,1.00182,0.99004,0.99676,102340
2022-08-24 00:00:00,0.99667,0.99992,0.99101,0.99678,95428
2022-08-25 00:00:00,0.99647,1.00334,0.99491,0.99739,99426
2022-08-26 00:00:00,0.99731,1.009,0.99466,0.99651,105286
2022-08-29 00:00:00,0.99625,1.00291,0.99143,0.99977,98506
2022-08-30 00:00:00,0.99934,1.00547,0.9982,1.00147,111220
2022-08-31 00:00:00,1.00135,1.00791,0.99713,1.00524,114898
2022-09-01 00:00:00,1.00511,1.00543,0.99108,0.99456,111018
2022-09-02 00:00:00,0.99436,1.00335,0.99413,0.99573,108062
2022-09-05 00:00:00,0.99249,0.99442,0.98778,0.99314,94729
2022-09-06 00:00:00,0.99248,0.99863,0.98639,0.99066,125438
2022-09-07 00:00:00,0.99036,1.00109,0.98753,1.00063,107890
2022-09-08 00:00:00,1.00074,1.00295,0.99307,0.99984,134348
2022-09-09 00:00:00,0.99943,1.01133,0.99943,1.00461,113698
2022-09-12 00:00:00,1.01,1.01978,1.00597,1.01217,105237
2022-09-13 00:00:00,1.01221,1.01871,0.99669,0.99671,105507
2022-09-14 00:00:00,0.99683,1.00235,0.99555,0.99793,121767
2022-09-15 00:00:00,0.99736,1.00178,0.99557,0.99963,90215
2022-09-16 00:00:00,0.99979,1.00365,0.99451,1.0013,100979
2022-09-19 00:00:00,1.00113,1.00293,0.99659,1.00249,79129
2022-09-20 00:00:00,1.00208,1.00506,0.99551,0.99696,104401
2022-09-21 00:00:00,0.99677,0.99754,0.98127,0.98369,137801
2022-09-22 00:00:00,0.98359,0.99074,0.98073,0.9834,202701
2022-09-23 00:00:00,0.98313,0.98518,0.96681,0.96885,133906
2022-09-26 00:00:00,0.967,0.97098,0.95506,0.96083,207958
2022-09-27 00:00:00,0.96089,0.96709,0.95692,0.95932,147756
2022-09-28 00:00:00,0.95929,0.97509,0.95358,0.97362,190923
2022-09-29 00:00:00,0.97309,0.9815,0.96358,0.98133,165998
2022-09-30 00:00:00,0.98171,0.98538,0.97347,0.97992,163297
2022-10-03 00:00:00,0.97898,0.98445,0.97526,0.98247,135741
2022-10-04 00:00:00,0.98243,0.99997,0.98063,0.99855,144930
2022-10-05 00:00:00,0.99854,0.9995,0.9835,0.98858,127294
2022-10-06 00:00:00,0.98769,0.99264,0.97883,0.97911,138405
2022-10-07 00:00:00,0.97895,0.98169,0.97263,0.9738,127695
2022-10-10 00:00:00,0.97293,0.97532,0.96818,0.97031,108732
2022-10-11 00:00:00,0.96994,0.97747,0.96711,0.97047,141609
2022-10-12 00:00:00,0.97043,0.97347,0.96679,0.97023,139608
2022-10-13 00:00:00,0.97014,0.98061,0.96318,0.97772,160856
2022-10-14 00:00:00,0.97707,0.98087,0.97072,0.97238,146639
2022-10-17 00:00:00,0.97225,0.98521,0.97184,0.9844,121026
2022-10-18 00:00:00,0.98412,0.98757,0.98127,0.98601,123172
2022-10-19 00:00:00,0.98535,0.98725,0.97573,0.97721,125137
2022-10-20 00:00:00,0.97717,0.98455,0.97547,0.97877,133367
2022-10-21 00:00:00,0.97838,0.9869,0.97048,0.98629,162713
2022-10-24 00:00:00,0.98729,0.98994,0.98068,0.9873,158466
2022-10-25 00:00:00,0.98739,0.99768,0.98488,0.99677,107744
2022-10-26 00:00:00,0.99633,1.00887,0.99436,1.00832,122331
2022-10-27 00:00:00,1.00707,1.00936,0.99576,0.99648,135002
2022-10-28 00:00:00,0.99639,0.99979,0.99267,0.99656,114956
2022-10-31 00:00:00,0.99495,0.99658,0.98729,0.98824,85861
2022-11-01 00:00:00,0.98769,0.9954,0.98529,0.98738,108003
2022-11-02 00:00:00,0.98778,0.99759,0.98129,0.98143,126129
2022-11-03 00:00:00,0.98147,0.98395,0.973,0.97498,111195
2022-11-04 00:00:00,0.97498,0.99666,0.97423,0.99594,140543
2022-11-07 00:00:00,0.99053,1.0034,0.99053,1.00209,117850
2022-11-08 00:00:00,1.00167,1.00964,0.99717,1.0073,98909
2022-11-09 00:00:00,1.00742,1.00882,0.99929,1.00119,138232
2022-11-10 00:00:00,1.00077,1.02218,0.99355,1.0208,158070
2022-11-11 00:00:00,1.02068,1.03642,1.01631,1.03534,163919
2022-11-14 00:00:00,1.03377,1.03586,1.02715,1.03257,146071
2022-11-15 00:00:00,1.03259,1.04812,1.028,1.03471,184674
2022-11-16 00:00:00,1.03478,1.04386,1.03309,1.03942,151443
2022-11-17 00:00:00,1.03933,1.04067,1.03053,1.03646,127512
2022-11-18 00:00:00,1.03592,1.03962,1.03135,1.03194,107853
2022-11-21 00:00:00,1.03219,1.03333,1.02227,1.02408,102818
2022-11-22 00:00:00,1.0241,1.03082,1.02389,1.03023,92489
2022-11-23 00:00:00,1.03017,1.0405,1.02967,1.03944,100447
2022-11-24 00:00:00,1.03967,1.04485,1.03819,1.04102,77184
2022-11-25 00:00:00,1.04016,1.04293,1.0354700000000001,1.03888,87712
2022-11-28 00:00:00,1.03698,1.04969,1.03303,1.03396,109394
2022-11-29 00:00:00,1.03368,1.03944,1.03201,1.03293,113106
2022-11-30 00:00:00,1.03248,1.04288,1.0290300000000001,1.04083,121790
2022-12-01 00:00:00,1.04033,1.05336,1.03932,1.05253,135643
2022-12-02 00:00:00,1.05203,1.05451,1.04284,1.05413,125225
2022-12-05 00:00:00,1.05308,1.05949,1.04802,1.04931,107932
2022-12-06 00:00:00,1.04866,1.0533,1.04594,1.04673,98599
2022-12-07 00:00:00,1.04631,1.05498,1.04432,1.05058,102781
2022-12-08 00:00:00,1.05022,1.0565,1.04896,1.05546,86769
2022-12-09 00:00:00,1.05523,1.05883,1.05019,1.05335,97804
2022-12-12 00:00:00,1.05286,1.05803,1.05058,1.05385,85204
2022-12-13 00:00:00,1.05303,1.0673300000000001,1.05279,1.06322,114752
2022-12-14 00:00:00,1.0632,1.06951,1.06189,1.06812,116974
2022-12-15 00:00:00,1.06809,1.07363,1.05923,1.0626,109780
2022-12-16 00:00:00,1.06213,1.06632,1.05848,1.05895,98730
2022-12-19 00:00:00,1.05841,1.06578,1.05759,1.06067,77037
2022-12-20 00:00:00,1.06036,1.06586,1.05789,1.06242,126097
2022-12-21 00:00:00,1.06183,1.06456,1.05903,1.06037,83859
2022-12-22 00:00:00,1.06034,1.06595,1.05732,1.05981,85028
2022-12-23 00:00:00,1.05916,1.06329,1.05865,1.06204,75205
2022-12-27 00:00:00,1.06349,1.06694,1.06114,1.06387,65175
2022-12-28 00:00:00,1.06385,1.06745,1.06064,1.06123,78637
2022-12-29 00:00:00,1.0607,1.06904,1.0607,1.06618,75799
2022-12-30 00:00:00,1.06599,1.0713,1.06384,1.06997,80821
2023-01-02 00:00:00,1.06967,1.07069,1.06505,1.0659399999999999,20606
2023-01-03 00:00:00,1.06645,1.06833,1.05194,1.05486,109285
2023-01-04 00:00:00,1.05457,1.06351,1.05405,1.06035,110727
2023-01-05 00:00:00,1.06018,1.06313,1.05151,1.05218,100293
2023-01-06 00:00:00,1.05214,1.0648,1.0482,1.0642800000000001,94953
2023-01-09 00:00:00,1.06386,1.07606,1.0637,1.07326,92207
2023-01-10 00:00:00,1.0728,1.07593,1.0712,1.0734,95684
2023-01-11 00:00:00,1.07322,1.07763,1.07254,1.07562,75663
2023-01-12 00:00:00,1.07538,1.08667,1.07293,1.08506,120683
2023-01-13 00:00:00,1.0844,1.08679,1.07805,1.08325,94576
2023-01-16 00:00:00,1.08295,1.08742,1.08015,1.08212,63366
2023-01-17 00:00:00,1.082,1.08694,1.07745,1.0788,99198
2023-01-18 00:00:00,1.07882,1.08875,1.07662,1.0794,123732
2023-01-19 00:00:00,1.07895,1.084,1.07823,1.08306,94772
2023-01-20 00:00:00,1.08281,1.08591,1.08023,1.08559,76278
2023-01-23 00:00:00,1.08676,1.09269,1.08462,1.08712,85137
2023-01-24 00:00:00,1.0871,1.0898,1.08352,1.0888,73641
2023-01-25 00:00:00,1.08862,1.09237,1.08573,1.09151,77800
2023-01-26 00:00:00,1.09155,1.09295,1.08506,1.08912,75307
2023-01-27 00:00:00,1.08912,1.09003,1.08379,1.08674,67785
2023-01-30 00:00:00,1.08633,1.09137,1.08393,1.08514,80622
2023-01-31 00:00:00,1.0848200000000001,1.08749,1.0802,1.0861399999999999,82303
2023-02-01 00:00:00,1.08611,1.1001,1.08522,1.09893,90021
2023-02-02 00:00:00,1.09871,1.10329,1.08855,1.09102,107028
2023-02-03 00:00:00,1.09082,1.09401,1.07924,1.07934,98057
2023-02-06 00:00:00,1.07828,1.07989,1.07095,1.07256,82063
2023-02-07 00:00:00,1.0725500000000001,1.07667,1.06691,1.07275,105657
2023-02-08 00:00:00,1.07236,1.07608,1.07095,1.07139,72718
2023-02-09 00:00:00,1.07099,1.07908,1.07079,1.07385,78078
2023-02-10 00:00:00,1.07349,1.07528,1.06663,1.06782,83636
2023-02-13 00:00:00,1.06801,1.073,1.06555,1.0725,67161
2023-02-14 00:00:00,1.072,1.08048,1.07068,1.07356,115257
2023-02-15 00:00:00,1.07365,1.07446,1.06605,1.06865,85024
2023-02-16 00:00:00,1.06865,1.07224,1.06545,1.06727,101143
2023-02-17 00:00:00,1.06715,1.06985,1.06127,1.06935,82361
2023-02-20 00:00:00,1.06855,1.07047,1.06704,1.06846,47074
2023-02-21 00:00:00,1.06843,1.06982,1.06374,1.06461,87125
2023-02-22 00:00:00,1.06438,1.06641,1.05991,1.0605,97120
2023-02-23 00:00:00,1.06038,1.06277,1.0577,1.05942,79463
2023-02-24 00:00:00,1.05943,1.06144,1.05362,1.05446,94348
2023-02-27 00:00:00,1.05485,1.062,1.0533,1.06088,73529
2023-02-28 00:00:00,1.0601,1.06453,1.05741,1.05757,77026
2023-03-01 00:00:00,1.05735,1.06916,1.05654,1.0669,98070
2023-03-02 00:00:00,1.0667200000000001,1.06728,1.05766,1.0597,86449
2023-03-03 00:00:00,1.05956,1.06387,1.05884,1.0633,73117
2023-03-06 00:00:00,1.0623,1.06944,1.0622,1.06827,67911
2023-03-07 00:00:00,1.06809,1.06945,1.0546,1.0549,94058
2023-03-08 00:00:00,1.0548,1.05739,1.05243,1.05439,67439
2023-03-09 00:00:00,1.05427,1.05912,1.05372,1.05822,66390
2023-03-10 00:00:00,1.0577,1.07007,1.0574,1.0639,124218
2023-03-13 00:00:00,1.06803,1.07486,1.06503,1.07315,163245
2023-03-14 00:00:00,1.073,1.07495,1.06787,1.07328,126898
2023-03-15 00:00:00,1.07314,1.07599,1.05161,1.05757,150943
2023-03-16 00:00:00,1.05741,1.06355,1.05509,1.06133,142117
2023-03-17 00:00:00,1.06047,1.06853,1.06047,1.06648,102737
2023-03-20 00:00:00,1.06857,1.0731,1.06313,1.07235,109733
2023-03-21 00:00:00,1.07169,1.07888,1.07039,1.07695,79269
2023-03-22 00:00:00,1.07651,1.09125,1.0759,1.08549,93250
2023-03-23 00:00:00,1.08567,1.09298,1.08242,1.08323,99674
2023-03-24 00:00:00,1.08293,1.0838700000000001,1.07132,1.07603,112460
2023-03-27 00:00:00,1.0774,1.08002,1.07449,1.07984,73927
2023-03-28 00:00:00,1.07951,1.08486,1.07947,1.08457,66581
2023-03-29 00:00:00,1.084,1.08716,1.08177,1.08443,69660
2023-03-30 00:00:00,1.0843,1.09264,1.08236,1.09054,73345
2023-03-31 00:00:00,1.09043,1.0925799999999999,1.08369,1.08428,70840
2023-04-03 00:00:00,1.084,1.09167,1.07883,1.09024,74905
2023-04-04 00:00:00,1.08878,1.09735,1.08829,1.09557,72287
2023-04-05 00:00:00,1.0949,1.09696,1.08911,1.0907,72092
2023-04-06 00:00:00,1.09006,1.09377,1.08846,1.09208,56825
2023-04-07 00:00:00,1.09184,1.09241,1.08764,1.08972,24716
2023-04-10 00:00:00,1.08957,1.09173,1.08314,1.0860400000000001,53512
2023-04-11 00:00:00,1.086,1.09281,1.08586,1.09129,59748
2023-04-12 00:00:00,1.09129,1.10006,1.09079,1.09911,65927
2023-04-13 00:00:00,1.09903,1.10678,1.09767,1.10469,62160
2023-04-14 00:00:00,1.10449,1.10758,1.09724,1.09947,68717
2023-04-17 00:00:00,1.09885,1.09997,1.0909,1.09271,64102
2023-04-18 00:00:00,1.0922,1.0983,1.0922,1.09734,56786
2023-04-19 00:00:00,1.09705,1.0984099999999999,1.09173,1.09556,60967
2023-04-20 00:00:00,1.09528,1.09898,1.09336,1.09705,63031
2023-04-21 00:00:00,1.09642,1.09938,1.09379,1.09896,56992
2023-04-24 00:00:00,1.09892,1.1050200000000001,1.09659,1.10462,56710
2023-04-25 00:00:00,1.10447,1.10671,1.09641,1.0973600000000001,71470
2023-04-26 00:00:00,1.09701,1.10955,1.0966,1.10386,83296
2023-04-27 00:00:00,1.10397,1.10636,1.09922,1.10289,73175
2023-04-28 00:00:00,1.10232,1.1045,1.09625,1.10167,95181
2023-05-01 00:00:00,1.10211,1.10356,1.09644,1.09759,61055
2023-05-02 00:00:00,1.09677,1.1008,1.09422,1.09992,72559
2023-05-03 00:00:00,1.09965,1.10914,1.09955,1.10617,83034
2023-05-04 00:00:00,1.10575,1.10917,1.09863,1.10122,100602
2023-05-05 00:00:00,1.10093,1.10477,1.09667,1.10183,70079
2023-05-08 00:00:00,1.10179,1.10537,1.10001,1.10039,50520
2023-05-09 00:00:00,1.10008,1.10051,1.09413,1.09612,57923
2023-05-10 00:00:00,1.0959699999999999,1.1007,1.09416,1.09822,66677
2023-05-11 00:00:00,1.0979,1.09982,1.09002,1.09156,69309
2023-05-12 00:00:00,1.09145,1.09355,1.0848,1.08497,54174
2023-05-15 00:00:00,1.08501,1.0890900000000001,1.08457,1.08742,49291
2023-05-16 00:00:00,1.08725,1.09047,1.08549,1.08625,56923
2023-05-17 00:00:00,1.08594,1.0873599999999999,1.08102,1.08384,57935
2023-05-18 00:00:00,1.08378,1.08481,1.07625,1.07694,55055
2023-05-19 00:00:00,1.0767,1.08289,1.07599,1.08051,67360
2023-05-22 00:00:00,1.08042,1.08314,1.07957,1.08121,58547
2023-05-23 00:00:00,1.08064,1.08205,1.0760399999999999,1.07699,61298
2023-05-24 00:00:00,1.07666,1.08015,1.0748199999999999,1.07489,69826
2023-05-25 00:00:00,1.07496,1.07567,1.07073,1.07248,68032
2023-05-26 00:00:00,1.07164,1.07588,1.07019,1.07253,61098
2023-05-29 00:00:00,1.07156,1.07436,1.07056,1.07085,26322
2023-05-30 00:00:00,1.07053,1.07467,1.06726,1.07338,64230
2023-05-31 00:00:00,1.07302,1.07359,1.06352,1.06882,70328
2023-06-01 00:00:00,1.06848,1.07685,1.06618,1.07621,67480
2023-06-02 00:00:00,1.07608,1.07791,1.07053,1.07058,61408
2023-06-05 00:00:00,1.071,1.07225,1.06745,1.0712,56676
2023-06-06 00:00:00,1.07121,1.07329,1.06671,1.06921,54369
2023-06-07 00:00:00,1.06928,1.07398,1.06683,1.06987,54756
2023-06-08 00:00:00,1.06977,1.07871,1.06951,1.0783,58159
2023-06-09 00:00:00,1.07785,1.07852,1.0743,1.07494,57033
2023-06-12 00:00:00,1.07458,1.07901,1.07332,1.07574,48271
2023-06-13 00:00:00,1.07544,1.08237,1.07532,1.07928,64843
2023-06-14 00:00:00,1.07931,1.08643,1.0774,1.08308,64703
2023-06-15 00:00:00,1.0824,1.09526,1.08038,1.09452,64487
2023-06-16 00:00:00,1.09411,1.09707,1.09178,1.09408,61921
2023-06-19 00:00:00,1.09397,1.09463,1.09071,1.09202,38944
2023-06-20 00:00:00,1.0917,1.09463,1.08923,1.09179,59636
2023-06-21 00:00:00,1.09137,1.09909,1.09057,1.09862,67793
2023-06-22 00:00:00,1.09859,1.10124,1.09486,1.09554,65211
2023-06-23 00:00:00,1.09554,1.0959,1.08444,1.08943,70011
2023-06-26 00:00:00,1.09032,1.09202,1.08875,1.0905,52291
2023-06-27 00:00:00,1.09052,1.09768,1.09022,1.09604,60088
2023-06-28 00:00:00,1.09581,1.09628,1.08969,1.09128,62367
2023-06-29 00:00:00,1.09123,1.09415,1.08603,1.08638,66017
2023-06-30 00:00:00,1.08619,1.0932,1.08353,1.09107,66760
2023-07-03 00:00:00,1.09074,1.0934,1.08704,1.09132,50497
2023-07-04 00:00:00,1.09089,1.09164,1.08767,1.08791,31873
2023-07-05 00:00:00,1.08777,1.0908,1.0851,1.08535,49627
2023-07-06 00:00:00,1.08515,1.09007,1.08335,1.08921,73134
2023-07-07 00:00:00,1.08857,1.09733,1.08671,1.09661,67538
2023-07-10 00:00:00,1.096,1.10015,1.09435,1.10009,57187
2023-07-11 00:00:00,1.10006,1.10271,1.09771,1.10082,52516
2023-07-12 00:00:00,1.10067,1.11404,1.1,1.11313,67679
2023-07-13 00:00:00,1.11284,1.1228,1.11273,1.12262,66722
2023-07-14 00:00:00,1.1214,1.1245,1.12042,1.12287,65539
2023-07-17 00:00:00,1.1227,1.12489,1.1203400000000001,1.1238,50323
2023-07-18 00:00:00,1.12329,1.12758,1.12091,1.1227800000000001,72128
2023-07-19 00:00:00,1.1224,1.12401,1.11744,1.12022,66310
2023-07-20 00:00:00,1.11978,1.12291,1.11185,1.11293,65936
2023-07-21 00:00:00,1.11282,1.1145100000000001,1.11079,1.11254,61254
2023-07-24 00:00:00,1.1120700000000001,1.11469,1.10603,1.10645,69110
2023-07-25 00:00:00,1.10633,1.10869,1.1021,1.1055,56361
2023-07-26 00:00:00,1.10474,1.11068,1.10378,1.10856,79479
2023-07-27 00:00:00,1.10815,1.11498,1.0966,1.09768,94526
2023-07-28 00:00:00,1.09755,1.10476,1.09436,1.10166,98535
2023-07-31 00:00:00,1.10133,1.1046,1.09935,1.09966,68195
2023-08-01 00:00:00,1.09935,1.1003,1.09524,1.09836,65428
2023-08-02 00:00:00,1.09803,1.10199,1.09181,1.09382,83490
2023-08-03 00:00:00,1.09357,1.09629,1.09124,1.09487,82244
2023-08-04 00:00:00,1.09421,1.1042,1.09302,1.1011,81254
2023-08-07 00:00:00,1.101,1.10152,1.09655,1.10032,57016
2023-08-08 00:00:00,1.10009,1.10112,1.09291,1.09562,69935
2023-08-09 00:00:00,1.09512,1.09954,1.09495,1.09737,60772
2023-08-10 00:00:00,1.0972,1.10653,1.09674,1.09805,75882
2023-08-11 00:00:00,1.09802,1.10051,1.0943100000000001,1.09481,65119
2023-08-14 00:00:00,1.0949,1.09604,1.08748,1.09063,68025
2023-08-15 00:00:00,1.09012,1.09524,1.08968,1.09047,78106
2023-08-16 00:00:00,1.09036,1.09345,1.08716,1.08791,69787
2023-08-17 00:00:00,1.08761,1.09184,1.08566,1.08723,68950
2023-08-18 00:00:00,1.08669,1.08939,1.0845,1.08722,63887
2023-08-21 00:00:00,1.0868,1.09138,1.08618,1.08952,56978
2023-08-22 00:00:00,1.0891,1.09304,1.0833,1.08456,57312
2023-08-23 00:00:00,1.08441,1.08714,1.08025,1.08632,62988
2023-08-24 00:00:00,1.08619,1.08766,1.08051,1.08101,65809
2023-08-25 00:00:00,1.08069,1.08419,1.07659,1.07937,65959
2023-08-28 00:00:00,1.07949,1.08223,1.07934,1.08191,45530
2023-08-29 00:00:00,1.08132,1.0892,1.07824,1.08789,58466
2023-08-30 00:00:00,1.0876,1.09454,1.08552,1.09228,60908
2023-08-31 00:00:00,1.09198,1.09397,1.08352,1.08436,55825
2023-09-01 00:00:00,1.08384,1.08819,1.07722,1.07735,62543
2023-09-04 00:00:00,1.0776,1.08089,1.07717,1.07965,30620
2023-09-05 00:00:00,1.07911,1.07984,1.07065,1.07219,57506
2023-09-06 00:00:00,1.07222,1.07489,1.07026,1.07258,57276
2023-09-07 00:00:00,1.07218,1.07319,1.06863,1.06954,50359
2023-09-08 00:00:00,1.06961,1.07437,1.06941,1.07003,54401
2023-09-11 00:00:00,1.07153,1.07594,1.07075,1.0749900000000001,63628
2023-09-12 00:00:00,1.07413,1.07691,1.07055,1.07547,53160
2023-09-13 00:00:00,1.07491,1.07648,1.0711,1.07291,68032
2023-09-14 00:00:00,1.0728,1.07522,1.0632,1.06439,71015
2023-09-15 00:00:00,1.06327,1.06878,1.06315,1.06625,60947
2023-09-18 00:00:00,1.06582,1.06988,1.06547,1.06919,44094
2023-09-19 00:00:00,1.06919,1.0718,1.06752,1.0679,54315
2023-09-20 00:00:00,1.06757,1.07368,1.06502,1.06601,70374
2023-09-21 00:00:00,1.06566,1.06736,1.06169,1.06609,71227
2023-09-22 00:00:00,1.06531,1.06719,1.06149,1.0644,63507
2023-09-25 00:00:00,1.06497,1.06556,1.05755,1.05919,62671
2023-09-26 00:00:00,1.0590600000000001,1.06091,1.05622,1.05717,63012
2023-09-27 00:00:00,1.0566,1.05741,1.04881,1.05026,79857
2023-09-28 00:00:00,1.05003,1.05788,1.04911,1.05658,84610
2023-09-29 00:00:00,1.05562,1.06171,1.05549,1.05737,85755
2023-10-02 00:00:00,1.05649,1.0592,1.04774,1.04775,81150
2023-10-03 00:00:00,1.04768,1.04936,1.04484,1.0466,83706
2023-10-04 00:00:00,1.04661,1.05322,1.04514,1.05035,91565
2023-10-05 00:00:00,1.05024,1.05519,1.0500099999999999,1.05506,90045
2023-10-06 00:00:00,1.05432,1.06,1.04825,1.05833,97161
2023-10-09 00:00:00,1.05514,1.05745,1.05195,1.05665,85662
2023-10-10 00:00:00,1.05602,1.06199,1.05544,1.06047,100451
2023-10-11 00:00:00,1.06009,1.06348,1.05807,1.06187,91010
2023-10-12 00:00:00,1.06139,1.06398,1.05257,1.05279,87714
2023-10-13 00:00:00,1.05271,1.05586,1.04955,1.05068,97580
2023-10-16 00:00:00,1.05049,1.05628,1.05028,1.05593,73732
2023-10-17 00:00:00,1.05585,1.0594999999999999,1.0533,1.05759,81182
2023-10-18 00:00:00,1.05703,1.05943,1.05232,1.05362,85330
2023-10-19 00:00:00,1.05322,1.06168,1.05282,1.05816,102979
2023-10-20 00:00:00,1.05766,1.06037,1.0565,1.05948,81108
2023-10-23 00:00:00,1.05952,1.06779,1.05715,1.06685,79882
2023-10-24 00:00:00,1.06634,1.06942,1.05831,1.05905,82873
2023-10-25 00:00:00,1.05864,1.06067,1.05657,1.0566,80878
2023-10-26 00:00:00,1.05661,1.05693,1.05216,1.05627,91208
2023-10-27 00:00:00,1.05522,1.05972,1.05355,1.05655,79203
2023-10-30 00:00:00,1.05621,1.06251,1.05473,1.0615,74366
2023-10-31 00:00:00,1.06149,1.06748,1.05575,1.05753,86227
2023-11-01 00:00:00,1.05709,1.05806,1.05166,1.05696,99080
2023-11-02 00:00:00,1.05617,1.06676,1.05617,1.06222,87761
2023-11-03 00:00:00,1.06181,1.07468,1.06144,1.07277,88793
2023-11-06 00:00:00,1.07234,1.07563,1.07162,1.0717,75454
2023-11-07 00:00:00,1.07063,1.07227,1.06642,1.06998,82049
2023-11-08 00:00:00,1.06989,1.07161,1.06593,1.07087,82852
2023-11-09 00:00:00,1.06971,1.0725500000000001,1.06601,1.06681,93251
2023-11-10 00:00:00,1.0665499999999999,1.06928,1.06562,1.06839,81354
2023-11-13 00:00:00,1.0683,1.07062,1.06652,1.06987,68189
2023-11-14 00:00:00,1.0692,1.08875,1.06915,1.0878700000000001,85086
2023-11-15 00:00:00,1.08758,1.08857,1.08315,1.08467,85211
2023-11-16 00:00:00,1.08461,1.08956,1.08302,1.0853,83247
2023-11-17 00:00:00,1.08467,1.09139,1.08247,1.09131,84819
2023-11-20 00:00:00,1.09065,1.0952,1.08976,1.094,84194
2023-11-21 00:00:00,1.09359,1.09652,1.09001,1.09105,87388
2023-11-22 00:00:00,1.09066,1.09229,1.08524,1.08884,87817
2023-11-23 00:00:00,1.08834,1.09305,1.08814,1.09038,58879
2023-11-24 00:00:00,1.0902,1.09486,1.0895,1.09329,74520
2023-11-27 00:00:00,1.09416,1.09592,1.09251,1.09536,92149
2023-11-28 00:00:00,1.0953,1.1009,1.09344,1.09947,106506
2023-11-29 00:00:00,1.09897,1.10172,1.09601,1.09688,117289
2023-11-30 00:00:00,1.09682,1.0984,1.08794,1.08882,122352
2023-12-01 00:00:00,1.08835,1.09129,1.08288,1.08811,123637
2023-12-04 00:00:00,1.08766,1.08951,1.0804,1.08359,119432
2023-12-05 00:00:00,1.08344,1.08475,1.07782,1.07978,118260
2023-12-06 00:00:00,1.07892,1.08047,1.07586,1.0764,104924
2023-12-07 00:00:00,1.07623,1.08177,1.07551,1.0793,129782
2023-12-08 00:00:00,1.0789900000000001,1.08008,1.07233,1.07624,140911
2023-12-11 00:00:00,1.07547,1.07791,1.07416,1.07642,99990
2023-12-12 00:00:00,1.07605,1.08273,1.07541,1.07943,105757
2023-12-13 00:00:00,1.07884,1.08967,1.07731,1.0875,121056
2023-12-14 00:00:00,1.08692,1.10094,1.08617,1.09917,159378
2023-12-15 00:00:00,1.0991,1.10038,1.08884,1.08951,134637
2023-12-18 00:00:00,1.08966,1.09312,1.089,1.09238,96379
2023-12-19 00:00:00,1.09107,1.09875,1.09104,1.09806,112356
2023-12-20 00:00:00,1.09755,1.09829,1.09298,1.09426,104479
2023-12-21 00:00:00,1.09351,1.10126,1.09351,1.10106,118648
2023-12-22 00:00:00,1.10084,1.10404,1.0984,1.10104,102963
2023-12-26 00:00:00,1.10016,1.10451,1.10009,1.10418,47777
2023-12-27 00:00:00,1.10409,1.11228,1.10284,1.11062,76162
2023-12-28 00:00:00,1.1101,1.11395,1.10552,1.10619,92665
2023-12-29 00:00:00,1.10601,1.10843,1.1034,1.10343,93989
2024-01-02 00:00:00,1.10429,1.10442,1.09384,1.09411,108958
2024-01-03 00:00:00,1.09413,1.09654,1.0893,1.09218,124590
2024-01-04 00:00:00,1.09087,1.09723,1.09085,1.09455,101545
2024-01-05 00:00:00,1.09404,1.09984,1.08769,1.09407,130556
2024-01-08 00:00:00,1.09397,1.09789,1.09227,1.09501,96606
2024-01-09 00:00:00,1.09487,1.09665,1.09102,1.09311,102331
2024-01-10 00:00:00,1.09271,1.09729,1.09217,1.09723,89226
2024-01-11 00:00:00,1.09664,1.09996,1.09304,1.09731,133065
2024-01-12 00:00:00,1.09617,1.0987,1.0936,1.09496,115580
2024-01-15 00:00:00,1.09455,1.09676,1.09336,1.09503,68457
2024-01-16 00:00:00,1.09477,1.09509,1.0862,1.08751,133132
2024-01-17 00:00:00,1.08699,1.08845,1.08446,1.08819,116608
2024-01-18 00:00:00,1.08803,1.09069,1.08466,1.08756,114076
2024-01-19 00:00:00,1.08713,1.08978,1.08649,1.08976,100522
2024-01-22 00:00:00,1.08896,1.09097,1.088,1.08825,88441
2024-01-23 00:00:00,1.08824,1.09163,1.08216,1.08536,95706
2024-01-24 00:00:00,1.08537,1.09323,1.08413,1.08845,114720
2024-01-25 00:00:00,1.08822,1.0902,1.08218,1.08458,120479
2024-01-26 00:00:00,1.08378,1.08859,1.08129,1.08529,100903
2024-01-29 00:00:00,1.08428,1.08502,1.07959,1.08333,85232
2024-01-30 00:00:00,1.08304,1.08574,1.08119,1.08455,101057
2024-01-31 00:00:00,1.0838,1.08875,1.07948,1.08176,152418
2024-02-01 00:00:00,1.08162,1.0875,1.07799,1.08721,135804
2024-02-02 00:00:00,1.08707,1.08976,1.07806,1.07889,116399
2024-02-05 00:00:00,1.07851,1.07862,1.07233,1.07424,105775
2024-02-06 00:00:00,1.07385,1.07624,1.07226,1.07541,100174
2024-02-07 00:00:00,1.0752,1.0784,1.07467,1.07729,100405
2024-02-08 00:00:00,1.07703,1.07889,1.07415,1.07779,93490
2024-02-09 00:00:00,1.07753,1.07953,1.07621,1.0784799999999999,95308
2024-02-12 00:00:00,1.07783,1.08056,1.07559,1.07715,74264
2024-02-13 00:00:00,1.0771,1.07992,1.07004,1.0709,104207
2024-02-14 00:00:00,1.07074,1.07346,1.0695000000000001,1.07275,95768
2024-02-15 00:00:00,1.07248,1.07849,1.0723799999999999,1.07721,94547
2024-02-16 00:00:00,1.07653,1.07875,1.0732,1.07762,94313
2024-02-19 00:00:00,1.07715,1.07895,1.07621,1.07774,51361
2024-02-20 00:00:00,1.07766,1.08389,1.07616,1.08077,96874
2024-02-21 00:00:00,1.08047,1.08243,1.079,1.08195,83933
2024-02-22 00:00:00,1.08127,1.08884,1.08027,1.08228,77374
2024-02-23 00:00:00,1.08169,1.08395,1.08118,1.08206,76121
2024-02-26 00:00:00,1.08291,1.08597,1.0812599999999999,1.08512,60507
2024-02-27 00:00:00,1.08463,1.08659,1.08329,1.08449,65963
2024-02-28 00:00:00,1.08423,1.0846,1.07966,1.08384,69795
2024-02-29 00:00:00,1.08328,1.08558,1.07957,1.08048,98828
2024-03-01 00:00:00,1.07991,1.08432,1.0798,1.08396,79314
2024-03-04 00:00:00,1.08286,1.08667,1.08286,1.08555,60744
2024-03-05 00:00:00,1.0853,1.08761,1.084,1.08564,69012
2024-03-06 00:00:00,1.08532,1.0915300000000001,1.08421,1.08987,52354
2024-03-07 00:00:00,1.08936,1.0949200000000001,1.08677,1.09482,51885
2024-03-08 00:00:00,1.09407,1.09812,1.09181,1.0939,57183
2024-03-11 00:00:00,1.09416,1.0948,1.09145,1.09252,45842
2024-03-12 00:00:00,1.09185,1.09436,1.09023,1.0926,51507
2024-03-13 00:00:00,1.09227,1.09638,1.09201,1.09478,45169
2024-03-14 00:00:00,1.09472,1.09548,1.08806,1.08835,54926
2024-03-15 00:00:00,1.08798,1.08996,1.08728,1.08885,56087
2024-03-18 00:00:00,1.089,1.09062,1.0866,1.0872,42962
2024-03-19 00:00:00,1.08679,1.08766,1.08346,1.08655,65505
2024-03-20 00:00:00,1.08585,1.09228,1.08364,1.0922,62260
2024-03-21 00:00:00,1.09191,1.09425,1.08555,1.08596,72106
2024-03-22 00:00:00,1.0855299999999999,1.08682,1.08017,1.08086,58226
2024-03-25 00:00:00,1.08072,1.08424,1.0802100000000001,1.08371,51213
2024-03-26 00:00:00,1.08359,1.08643,1.08242,1.08311,57562
2024-03-27 00:00:00,1.08303,1.0839,1.08108,1.08276,59526
2024-03-28 00:00:00,1.08253,1.0826500000000001,1.0775,1.07872,65276
2024-03-29 00:00:00,1.07853,1.08046,1.07679,1.07898,49453
2024-04-01 00:00:00,1.07865,1.07987,1.07309,1.07428,50774
2024-04-02 00:00:00,1.07413,1.0779,1.07246,1.0769,51967
2024-04-03 00:00:00,1.07667,1.08368,1.0764,1.08358,59482
2024-04-04 00:00:00,1.0829,1.08766,1.08287,1.0836999999999999,48152
2024-04-05 00:00:00,1.08339,1.08478,1.07914,1.08371,61259
2024-04-08 00:00:00,1.08364,1.08622,1.08208,1.08591,47023
2024-04-09 00:00:00,1.08545,1.0885,1.08476,1.08566,49185
2024-04-10 00:00:00,1.0855,1.0866500000000001,1.07287,1.07422,69369
2024-04-11 00:00:00,1.07399,1.07565,1.06992,1.07258,74679
2024-04-12 00:00:00,1.07225,1.07292,1.06223,1.06413,63164
2024-04-15 00:00:00,1.06319,1.06651,1.06202,1.0624,76101
2024-04-16 00:00:00,1.06179,1.06536,1.0601099999999999,1.06187,86812
2024-04-17 00:00:00,1.06148,1.06795,1.0606,1.06726,75133
2024-04-18 00:00:00,1.06709,1.069,1.06414,1.06435,60764
2024-04-19 00:00:00,1.06422,1.06776,1.06105,1.06572,73176
2024-04-22 00:00:00,1.06523,1.06706,1.06239,1.06538,47371
2024-04-23 00:00:00,1.06516,1.07113,1.06385,1.0702099999999999,62771
2024-04-24 00:00:00,1.07017,1.07142,1.06779,1.06989,53474
2024-04-25 00:00:00,1.06927,1.07403,1.06783,1.07296,61378
2024-04-26 00:00:00,1.07251,1.07528,1.06739,1.0694,62161
2024-04-29 00:00:00,1.06869,1.07336,1.06869,1.07197,90929
2024-04-30 00:00:00,1.07166,1.07354,1.06648,1.06654,72647
2024-05-01 00:00:00,1.06644,1.07327,1.06494,1.07135,73142
2024-05-02 00:00:00,1.0705,1.07301,1.06742,1.07246,77337
2024-05-03 00:00:00,1.07223,1.08128,1.07178,1.07632,78847
2024-05-06 00:00:00,1.07583,1.07908,1.07552,1.077,76658
2024-05-07 00:00:00,1.07643,1.07875,1.07479,1.07548,81171
2024-05-08 00:00:00,1.07522,1.07575,1.0735,1.07479,74373
2024-05-09 00:00:00,1.07428,1.07846,1.07239,1.07815,83109
2024-05-10 00:00:00,1.07795,1.07901,1.07603,1.07696,72916
2024-05-13 00:00:00,1.07708,1.08069,1.07649,1.07898,76815
2024-05-14 00:00:00,1.07866,1.08257,1.0766499999999999,1.08196,78201
2024-05-15 00:00:00,1.08164,1.08861,1.0813,1.08837,89052
2024-05-16 00:00:00,1.08842,1.08951,1.0854300000000001,1.0867,82320
2024-05-17 00:00:00,1.08634,1.08785,1.08357,1.08702,69329
2024-05-20 00:00:00,1.08654,1.08846,1.0854300000000001,1.08566,65326
2024-05-21 00:00:00,1.08556,1.08747,1.08426,1.08537,69698
2024-05-22 00:00:00,1.0854,1.08636,1.08175,1.0822,77270
2024-05-23 00:00:00,1.08209,1.0861,1.08047,1.08155,95867
2024-05-24 00:00:00,1.08115,1.08578,1.08055,1.0846,74532
2024-05-27 00:00:00,1.08409,1.08673,1.08402,1.08566,47409
2024-05-28 00:00:00,1.08572,1.0889,1.08487,1.08565,79746
2024-05-29 00:00:00,1.08579,1.08595,1.08,1.08006,89448
2024-05-30 00:00:00,1.08014,1.08451,1.0788,1.0832,93861
2024-05-31 00:00:00,1.08262,1.08824,1.08111,1.08494,97326
2024-06-03 00:00:00,1.08434,1.09044,1.08278,1.09039,95942
2024-06-04 00:00:00,1.09005,1.0916,1.08589,1.08789,98898
2024-06-05 00:00:00,1.08786,1.08914,1.08544,1.0869,85847
2024-06-06 00:00:00,1.08687,1.0902,1.08619,1.08893,82949
2024-06-07 00:00:00,1.08894,1.09019,1.07997,1.0802,101498
2024-06-10 00:00:00,1.07717,1.07817,1.07327,1.07656,87815
2024-06-11 00:00:00,1.07628,1.07735,1.07195,1.07404,87632
2024-06-12 00:00:00,1.0735,1.08524,1.07341,1.0809,115330
2024-06-13 00:00:00,1.08061,1.08164,1.07322,1.07381,138953
2024-06-14 00:00:00,1.07365,1.0745,1.06676,1.07056,113819
2024-06-17 00:00:00,1.0697,1.07378,1.06864,1.07337,98018
2024-06-18 00:00:00,1.07336,1.07614,1.071,1.07396,87055
2024-06-19 00:00:00,1.0739,1.07533,1.07248,1.07433,49167
2024-06-20 00:00:00,1.07409,1.07488,1.07019,1.07024,69058
2024-06-21 00:00:00,1.07015,1.07206,1.0671,1.0693,70503
2024-06-24 00:00:00,1.06834,1.07464,1.06791,1.07341,73647
2024-06-25 00:00:00,1.07296,1.07442,1.06907,1.0714,66216
2024-06-26 00:00:00,1.07074,1.07181,1.0666,1.06802,72617
2024-06-27 00:00:00,1.06805,1.07264,1.0677,1.07037,79044
2024-06-28 00:00:00,1.07026,1.07248,1.06854,1.07129,81970
2024-07-01 00:00:00,1.07399,1.07764,1.07197,1.07399,76957
2024-07-02 00:00:00,1.07392,1.07471,1.07099,1.07453,70618
2024-07-03 00:00:00,1.07416,1.08168,1.07363,1.07868,65993
2024-07-04 00:00:00,1.07839,1.08139,1.07811,1.08111,48416
2024-07-05 00:00:00,1.08109,1.08427,1.0796000000000001,1.08391,88604
2024-07-08 00:00:00,1.08011,1.0845,1.08009,1.08245,88034
2024-07-09 00:00:00,1.08224,1.08334,1.08055,1.08137,84713
2024-07-10 00:00:00,1.08127,1.08305,1.08109,1.08301,78917
2024-07-11 00:00:00,1.08298,1.08998,1.08254,1.08678,102699
2024-07-12 00:00:00,1.08655,1.09114,1.08618,1.09049,103773
2024-07-15 00:00:00,1.08843,1.09224,1.08826,1.08944,90812
2024-07-16 00:00:00,1.08918,1.09056,1.08716,1.08986,73702
2024-07-17 00:00:00,1.08984,1.09481,1.08952,1.09396,81396
2024-07-18 00:00:00,1.0939,1.0941,1.08936,1.08959,79978
2024-07-19 00:00:00,1.08946,1.09018,1.08756,1.08818,68848
2024-07-22 00:00:00,1.08835,1.09027,1.08731,1.08905,62647
2024-07-23 00:00:00,1.08903,1.08967,1.08438,1.08529,57634
2024-07-24 00:00:00,1.08534,1.0866500000000001,1.08257,1.08392,67617
2024-07-25 00:00:00,1.08391,1.087,1.08284,1.0845,81480
2024-07-26 00:00:00,1.08455,1.08682,1.08422,1.08551,60264
2024-07-29 00:00:00,1.08544,1.08699,1.08022,1.08211,64569
2024-07-30 00:00:00,1.08183,1.08357,1.07981,1.08142,64466
2024-07-31 00:00:00,1.08138,1.08494,1.08018,1.08258,86955
2024-08-01 00:00:00,1.08241,1.08355,1.07774,1.07913,74444
2024-08-02 00:00:00,1.07873,1.09265,1.07817,1.09107,70801
2024-08-05 00:00:00,1.09237,1.10087,1.08925,1.09511,123205
2024-08-06 00:00:00,1.0945,1.0963,1.09038,1.09315,80501
2024-08-07 00:00:00,1.09242,1.09366,1.09054,1.09236,66695
2024-08-08 00:00:00,1.09195,1.09451,1.08815,1.09188,63246
2024-08-09 00:00:00,1.09107,1.09314,1.0909200000000001,1.09156,49319
2024-08-12 00:00:00,1.0915,1.09393,1.09102,1.09321,42650
2024-08-13 00:00:00,1.0928,1.09997,1.09138,1.09928,48428
2024-08-14 00:00:00,1.09847,1.10472,1.09831,1.10124,50160
2024-08-15 00:00:00,1.10116,1.10159,1.09497,1.09712,43952
2024-08-16 00:00:00,1.09695,1.10295,1.09693,1.10267,41574
2024-08-19 00:00:00,1.10251,1.10866,1.10204,1.10852,44454
2024-08-20 00:00:00,1.10821,1.11303,1.10717,1.113,50508
2024-08-21 00:00:00,1.1122,1.1173899999999999,1.10986,1.11499,52881
2024-08-22 00:00:00,1.11438,1.11644,1.10981,1.11113,51123
2024-08-23 00:00:00,1.11037,1.12008,1.11021,1.11932,52409
2024-08-26 00:00:00,1.11859,1.1201699999999999,1.11503,1.1161,55322
2024-08-27 00:00:00,1.11568,1.11905,1.115,1.11843,48962
2024-08-28 00:00:00,1.11803,1.1185100000000001,1.11048,1.11199,51995
2024-08-29 00:00:00,1.11193,1.114,1.10557,1.1078000000000001,53657
2024-08-30 00:00:00,1.10748,1.10951,1.10439,1.10483,51444
2024-09-02 00:00:00,1.10459,1.10775,1.10421,1.10723,35973
2024-09-03 00:00:00,1.10653,1.1073,1.10263,1.10435,52142
2024-09-04 00:00:00,1.10359,1.10951,1.10338,1.1083,52777
2024-09-05 00:00:00,1.10805,1.11197,1.10747,1.11106,51957
2024-09-06 00:00:00,1.11062,1.11545,1.10656,1.10861,61302
2024-09-09 00:00:00,1.1077,1.10911,1.10338,1.10351,45511
2024-09-10 00:00:00,1.10322,1.10496,1.10153,1.10192,41097
2024-09-11 00:00:00,1.10188,1.10549,1.10021,1.10111,53854
2024-09-12 00:00:00,1.10102,1.10752,1.10054,1.10747,48399
2024-09-13 00:00:00,1.10677,1.11017,1.10677,1.10745,49013
2024-09-16 00:00:00,1.10757,1.11375,1.10737,1.11326,44998
2024-09-17 00:00:00,1.11315,1.11463,1.1111,1.11141,49036
2024-09-18 00:00:00,1.11117,1.11889,1.10969,1.11177,53350
2024-09-19 00:00:00,1.11116,1.1179000000000001,1.10686,1.11616,66227
2024-09-20 00:00:00,1.11604,1.11819,1.11363,1.1163,55613
2024-09-23 00:00:00,1.11582,1.11673,1.10834,1.11107,62742
2024-09-24 00:00:00,1.11102,1.11808,1.1103399999999999,1.11797,87199
2024-09-25 00:00:00,1.1177,1.12138,1.11215,1.11327,86942
2024-09-26 00:00:00,1.11318,1.11893,1.11259,1.11765,95643
2024-09-27 00:00:00,1.11765,1.12029,1.11249,1.11594,105633
2024-09-30 00:00:00,1.11529,1.12088,1.11139,1.1135,99224
2024-10-01 00:00:00,1.11262,1.11442,1.10459,1.10678,107625
2024-10-02 00:00:00,1.10616,1.10828,1.10326,1.10453,85263
2024-10-03 00:00:00,1.10431,1.10495,1.10084,1.10297,96717
2024-10-04 00:00:00,1.10302,1.10396,1.09513,1.09757,72745
2024-10-07 00:00:00,1.09639,1.09869,1.09542,1.09742,64081
2024-10-08 00:00:00,1.09701,1.09973,1.09606,1.09805,61192
2024-10-09 00:00:00,1.09678,1.0981,1.09361,1.09399,56868
2024-10-10 00:00:00,1.09381,1.09548,1.09003,1.09373,65485
2024-10-11 00:00:00,1.09224,1.09537,1.09213,1.09353,48807
2024-10-14 00:00:00,1.09308,1.09368,1.08883,1.09089,45706
2024-10-15 00:00:00,1.09037,1.09168,1.08817,1.08915,55923
2024-10-16 00:00:00,1.08889,1.09015,1.08534,1.08621,53883
2024-10-17 00:00:00,1.08532,1.08738,1.08112,1.08307,57952
2024-10-18 00:00:00,1.08252,1.08696,1.08233,1.0867499999999999,48653
2024-10-21 00:00:00,1.08595,1.08715,1.08111,1.08146,49662
2024-10-22 00:00:00,1.08132,1.08382,1.0792,1.07986,54897
2024-10-23 00:00:00,1.07978,1.08067,1.07613,1.07823,57073
2024-10-24 00:00:00,1.07808,1.083,1.07706,1.08279,59712
2024-10-25 00:00:00,1.08261,1.08395,1.07929,1.07956,51717
2024-10-28 00:00:00,1.07928,1.08278,1.07821,1.08119,54985
2024-10-29 00:00:00,1.08106,1.08264,1.0769,1.0818,62319
2024-10-30 00:00:00,1.08135,1.08713,1.0808200000000001,1.08566,65461
2024-10-31 00:00:00,1.08558,1.08882,1.08441,1.08839,68497
2024-11-01 00:00:00,1.08827,1.09059,1.08319,1.08341,61936
2024-11-04 00:00:00,1.08748,1.09148,1.08698,1.08769,65794
2024-11-05 00:00:00,1.08755,1.09367,1.08727,1.09297,51745
2024-11-06 00:00:00,1.09239,1.09373,1.06826,1.07288,137091
2024-11-07 00:00:00,1.07245,1.0824799999999999,1.07128,1.0803,84537
2024-11-08 00:00:00,1.08046,1.0805,1.0687,1.07179,77793
2024-11-11 00:00:00,1.0704,1.0728,1.06286,1.06557,59985
2024-11-12 00:00:00,1.06479,1.0663,1.05946,1.06236,69770
2024-11-13 00:00:00,1.06211,1.06534,1.05557,1.05643,75655
2024-11-14 00:00:00,1.05626,1.05826,1.04964,1.05301,80542
2024-11-15 00:00:00,1.05269,1.05927,1.05165,1.05333,75858
2024-11-18 00:00:00,1.05294,1.06072,1.05282,1.05982,64880
2024-11-19 00:00:00,1.0597,1.06008,1.05237,1.05962,74754
2024-11-20 00:00:00,1.059,1.06099,1.0507,1.05434,63030
2024-11-21 00:00:00,1.05405,1.05549,1.04623,1.04736,67699
2024-11-22 00:00:00,1.04732,1.04978,1.03316,1.04175,78218
2024-11-25 00:00:00,1.04786,1.05305,1.04491,1.0496,80011
2024-11-26 00:00:00,1.04856,1.05447,1.0425,1.04894,87072
2024-11-27 00:00:00,1.04792,1.05877,1.04744,1.05666,78355
2024-11-28 00:00:00,1.05642,1.05696,1.05276,1.05539,53342
2024-11-29 00:00:00,1.05452,1.05971,1.05414,1.0576699999999999,79762
2024-12-02 00:00:00,1.05641,1.0569,1.04605,1.04976,88472
2024-12-03 00:00:00,1.0497,1.05352,1.04808,1.05094,75122
2024-12-04 00:00:00,1.05052,1.05443,1.04719,1.05102,79430
2024-12-05 00:00:00,1.0507900000000001,1.05895,1.0506,1.05876,69334
2024-12-06 00:00:00,1.05839,1.06296,1.05422,1.05681,70707
2024-12-09 00:00:00,1.05549,1.05946,1.05322,1.05536,65974
2024-12-10 00:00:00,1.05535,1.05681,1.04984,1.05274,66170
2024-12-11 00:00:00,1.05271,1.05395,1.04802,1.0495700000000001,74894
2024-12-12 00:00:00,1.04928,1.0531,1.04638,1.04662,78174
2024-12-13 00:00:00,1.04655,1.05242,1.0453,1.05036,69614
2024-12-16 00:00:00,1.04854,1.05246,1.04743,1.05115,62385
2024-12-17 00:00:00,1.05101,1.05344,1.0479,1.04915,64627
2024-12-18 00:00:00,1.04908,1.05129,1.03443,1.03498,75238
2024-12-19 00:00:00,1.03475,1.04225,1.0347,1.0363,91129
2024-12-20 00:00:00,1.03614,1.04475,1.0343,1.04285,78015
2024-12-23 00:00:00,1.0425,1.04454,1.03842,1.04064,56812
2024-12-24 00:00:00,1.04,1.04103,1.03835,1.03925,38571
2024-12-26 00:00:00,1.03997,1.043,1.03906,1.04229,39709
2024-12-27 00:00:00,1.04148,1.0444,1.0405,1.0424,49833
2024-12-30 00:00:00,1.04266,1.04585,1.03717,1.04065,54238
2024-12-31 00:00:00,1.03972,1.04245,1.03442,1.03542,55552
2025-01-02 00:00:00,1.03516,1.03755,1.02247,1.02669,72087
2025-01-03 00:00:00,1.02541,1.03099,1.02528,1.03081,57051
2025-01-06 00:00:00,1.03022,1.04369,1.02939,1.03898,83073
2025-01-07 00:00:00,1.03791,1.04345,1.03397,1.03399,70985
2025-01-08 00:00:00,1.03393,1.03576,1.02733,1.03194,75687
2025-01-09 00:00:00,1.03136,1.03216,1.02836,1.02996,58351
2025-01-10 00:00:00,1.02988,1.0312,1.0213,1.02447,75765
2025-01-13 00:00:00,1.02293,1.025,1.01771,1.02426,71187
2025-01-14 00:00:00,1.02386,1.03084,1.02383,1.03079,73835
2025-01-15 00:00:00,1.03045,1.03543,1.02593,1.0290300000000001,68100
2025-01-16 00:00:00,1.0283,1.03152,1.02606,1.03019,71349
2025-01-17 00:00:00,1.02938,1.03306,1.02652,1.02699,90691
2025-01-20 00:00:00,1.02777,1.04345,1.02665,1.04167,138020
2025-01-21 00:00:00,1.04117,1.04353,1.03419,1.04238,169562
2025-01-22 00:00:00,1.04255,1.04574,1.03923,1.04095,126436
2025-01-23 00:00:00,1.04029,1.04381,1.0372,1.04154,134236
2025-01-24 00:00:00,1.04115,1.05216,1.04115,1.0495700000000001,143755
2025-01-27 00:00:00,1.04793,1.05331,1.0454,1.04918,154965
2025-01-28 00:00:00,1.04864,1.04931,1.04139,1.04308,139683
2025-01-29 00:00:00,1.04261,1.04439,1.03825,1.04199,138853
2025-01-30 00:00:00,1.04184,1.04677,1.03862,1.0392,137845
2025-01-31 00:00:00,1.0381,1.04339,1.03499,1.03586,170174
2025-02-03 00:00:00,1.02384,1.035,1.02107,1.03423,245264
2025-02-04 00:00:00,1.03372,1.03877,1.02723,1.03792,169652
2025-02-05 00:00:00,1.03722,1.04428,1.03697,1.04024,151572
2025-02-06 00:00:00,1.03998,1.04057,1.03524,1.03828,135674
2025-02-07 00:00:00,1.03816,1.04116,1.03054,1.03258,150917
2025-02-10 00:00:00,1.02856,1.0336400000000001,1.02794,1.03068,122046
2025-02-11 00:00:00,1.03019,1.03816,1.02922,1.03613,118878
2025-02-12 00:00:00,1.0359099999999999,1.043,1.03169,1.0383,160585
2025-02-13 00:00:00,1.03757,1.04668,1.03729,1.04655,174195
2025-02-14 00:00:00,1.04627,1.05142,1.04472,1.04887,138042
2025-02-17 00:00:00,1.04851,1.05065,1.04671,1.04833,95163
2025-02-18 00:00:00,1.0476,1.04864,1.0435,1.04456,121028
2025-02-19 00:00:00,1.04442,1.04615,1.04009,1.04223,129128
2025-02-20 00:00:00,1.04151,1.05036,1.04151,1.05015,143012
2025-02-21 00:00:00,1.04938,1.05056,1.04493,1.04596,144326
2025-02-24 00:00:00,1.04712,1.05283,1.04527,1.0468,170122
2025-02-25 00:00:00,1.0464,1.05192,1.04562,1.05149,159464
2025-02-26 00:00:00,1.05121,1.05287,1.04748,1.04848,160672
2025-02-27 00:00:00,1.048,1.04927,1.03969,1.03983,164732
2025-02-28 00:00:00,1.03968,1.04201,1.03597,1.03756,174789
2025-03-03 00:00:00,1.04032,1.05042,1.03885,1.04882,186319
2025-03-04 00:00:00,1.04861,1.06273,1.04713,1.06257,226777
2025-03-05 00:00:00,1.06216,1.07968,1.06022,1.07891,249174
2025-03-06 00:00:00,1.07886,1.08538,1.07658,1.07844,241560
2025-03-07 00:00:00,1.07779,1.08888,1.07779,1.08361,208286
2025-03-10 00:00:00,1.08256,1.08748,1.08051,1.08361,175249
2025-03-11 00:00:00,1.08341,1.09475,1.08256,1.09193,186619
2025-03-12 00:00:00,1.09181,1.09305,1.08756,1.08872,177871
2025-03-13 00:00:00,1.08869,1.08973,1.08224,1.08519,168643
2025-03-14 00:00:00,1.08478,1.09127,1.08306,1.08821,154894
2025-03-17 00:00:00,1.08772,1.09298,1.08688,1.09218,126606
2025-03-18 00:00:00,1.09198,1.09547,1.08924,1.09451,121064
2025-03-19 00:00:00,1.09437,1.09461,1.08606,1.09025,133512
2025-03-20 00:00:00,1.09025,1.09175,1.08147,1.08534,121634
2025-03-21 00:00:00,1.08454,1.08612,1.0796999999999999,1.08131,114279
2025-03-24 00:00:00,1.0812,1.08583,1.07817,1.08011,131228
2025-03-25 00:00:00,1.08011,1.08303,1.07769,1.07919,118417
2025-03-26 00:00:00,1.07902,1.08029,1.07439,1.07525,128901
2025-03-27 00:00:00,1.07535,1.08215,1.07329,1.08017,144484
2025-03-28 00:00:00,1.0799,1.08449,1.07645,1.08304,127523
2025-03-31 00:00:00,1.08237,1.08495,1.07839,1.08148,143996
2025-04-01 00:00:00,1.08183,1.08303,1.07784,1.07923,137874
2025-04-02 00:00:00,1.07904,1.09242,1.07804,1.08601,142456
2025-04-03 00:00:00,1.08429,1.11466,1.08051,1.1051,303247
2025-04-04 00:00:00,1.10442,1.1108,1.09243,1.09628,358765
2025-04-07 00:00:00,1.08923,1.1050200000000001,1.08779,1.09053,405042
2025-04-08 00:00:00,1.09036,1.0992,1.08885,1.0958,284878
2025-04-09 00:00:00,1.09536,1.10951,1.09133,1.09477,415112
2025-04-10 00:00:00,1.0949,1.12419,1.0943100000000001,1.12015,323571
2025-04-11 00:00:00,1.1191,1.14735,1.1186,1.13511,394325
2025-04-14 00:00:00,1.1313,1.14246,1.12961,1.13495,261249
2025-04-15 00:00:00,1.1344400000000001,1.13791,1.12642,1.12814,207647
2025-04-16 00:00:00,1.12797,1.14131,1.12796,1.13983,247669
2025-04-17 00:00:00,1.13908,1.14097,1.13352,1.13634,207689
2025-04-18 00:00:00,1.1360000000000001,1.13977,1.13565,1.13939,186305
2025-04-21 00:00:00,1.13896,1.15735,1.13852,1.15128,190675
2025-04-22 00:00:00,1.15141,1.1547399999999999,1.14175,1.14205,219496
2025-04-23 00:00:00,1.14184,1.14401,1.13071,1.13145,265898
2025-04-24 00:00:00,1.13095,1.1398,1.13095,1.13887,177252
2025-04-25 00:00:00,1.1384400000000001,1.13914,1.13157,1.13601,162129
2025-04-28 00:00:00,1.13653,1.14249,1.13296,1.14213,169087
2025-04-29 00:00:00,1.14166,1.1421999999999999,1.13702,1.13839,179870
2025-04-30 00:00:00,1.13789,1.13997,1.13174,1.13293,179045
2025-05-01 00:00:00,1.13264,1.1341,1.1266,1.12898,160669
2025-05-02 00:00:00,1.12858,1.13814,1.12738,1.1299299999999999,195163
2025-05-05 00:00:00,1.13008,1.13649,1.12912,1.13144,155728
2025-05-06 00:00:00,1.1314,1.13813,1.12799,1.13681,159405
2025-05-07 00:00:00,1.13636,1.13784,1.12916,1.13019,192348
2025-05-08 00:00:00,1.12961,1.13362,1.12119,1.12276,188723
2025-05-09 00:00:00,1.12222,1.12929,1.11967,1.1248,150767
2025-05-12 00:00:00,1.11919,1.12429,1.10654,1.10861,226459
2025-05-13 00:00:00,1.10876,1.11948,1.10849,1.1185100000000001,172125
2025-05-14 00:00:00,1.11837,1.12658,1.11644,1.11712,191830
2025-05-15 00:00:00,1.11696,1.12281,1.11663,1.11829,154579
2025-05-16 00:00:00,1.1185100000000001,1.12197,1.11311,1.1161,143080
2025-05-19 00:00:00,1.11742,1.12883,1.1168,1.12406,172003
2025-05-20 00:00:00,1.12341,1.12858,1.1218,1.12842,143724
2025-05-21 00:00:00,1.12817,1.13628,1.12784,1.13307,168277
2025-05-22 00:00:00,1.1323,1.13451,1.12557,1.12788,171948
2025-05-23 00:00:00,1.1279,1.13754,1.12784,1.13648,161111
2025-05-26 00:00:00,1.13604,1.14189,1.1359,1.13868,109535
2025-05-27 00:00:00,1.13809,1.14073,1.13233,1.1328,151183
2025-05-28 00:00:00,1.13239,1.13453,1.12838,1.1291,153191
2025-05-29 00:00:00,1.12918,1.13849,1.12105,1.13659,191948
2025-05-30 00:00:00,1.1363,1.13901,1.13127,1.1347,186924
2025-06-02 00:00:00,1.13435,1.145,1.13412,1.14436,168697
2025-06-03 00:00:00,1.14385,1.1454900000000001,1.13642,1.13708,147424
2025-06-04 00:00:00,1.1372,1.14347,1.13568,1.14182,160746
2025-06-05 00:00:00,1.14141,1.1495,1.14047,1.14443,173154
2025-06-06 00:00:00,1.14426,1.1457600000000001,1.13716,1.13931,155493
2025-06-09 00:00:00,1.1394199999999999,1.1439300000000001,1.13867,1.14203,110695
2025-06-10 00:00:00,1.14171,1.14476,1.13731,1.14254,140342
2025-06-11 00:00:00,1.14202,1.14996,1.14054,1.14887,152462
2025-06-12 00:00:00,1.14863,1.16314,1.14831,1.15849,189175
2025-06-13 00:00:00,1.1580300000000001,1.16145,1.1489,1.15476,211861
2025-06-16 00:00:00,1.15255,1.16147,1.15238,1.15604,174697
2025-06-17 00:00:00,1.15564,1.15797,1.14748,1.14804,181677
2025-06-18 00:00:00,1.14759,1.15303,1.14609,1.14834,177289
2025-06-19 00:00:00,1.14786,1.15004,1.14462,1.14969,139346
2025-06-20 00:00:00,1.1494,1.15442,1.1486,1.15219,155972
2025-06-23 00:00:00,1.14553,1.15817,1.14536,1.15784,210521
2025-06-24 00:00:00,1.15778,1.16419,1.15736,1.16086,190183
2025-06-25 00:00:00,1.16017,1.16652,1.15899,1.16599,139014
2025-06-26 00:00:00,1.16562,1.17448,1.16533,1.17016,177330
2025-06-27 00:00:00,1.16957,1.1754,1.16805,1.17194,159553
2025-06-30 00:00:00,1.17282,1.17883,1.17078,1.1788,155306
2025-07-01 00:00:00,1.17801,1.18298,1.17614,1.18059,154981
2025-07-02 00:00:00,1.18038,1.18103,1.1747,1.17988,150206
2025-07-03 00:00:00,1.17958,1.18102,1.17172,1.17574,133768
2025-07-04 00:00:00,1.17586,1.17876,1.17519,1.17733,126438
2025-07-07 00:00:00,1.17773,1.17903,1.16865,1.17084,139308
2025-07-08 00:00:00,1.17075,1.17653,1.16824,1.17254,151123
2025-07-09 00:00:00,1.17166,1.17293,1.16897,1.17226,133603
2025-07-10 00:00:00,1.17157,1.17496,1.16626,1.17003,127371
2025-07-11 00:00:00,1.1700599999999999,1.17142,1.16649,1.16923,160848
2025-07-14 00:00:00,1.16619,1.1697899999999999,1.16544,1.16657,133681
2025-07-15 00:00:00,1.1660300000000001,1.16929,1.15929,1.16026,139030
2025-07-16 00:00:00,1.1599,1.17215,1.15624,1.16403,182273
2025-07-17 00:00:00,1.1633,1.16424,1.1555900000000001,1.15977,133644
2025-07-18 00:00:00,1.15912,1.16712,1.15871,1.16226,130242
2025-07-21 00:00:00,1.16236,1.17167,1.16144,1.16952,122247
2025-07-22 00:00:00,1.16906,1.17605,1.1679,1.17544,115415
2025-07-23 00:00:00,1.17529,1.17753,1.17109,1.17733,150315
2025-07-24 00:00:00,1.17671,1.17888,1.17304,1.17488,144788
2025-07-25 00:00:00,1.17414,1.17608,1.17032,1.17392,142429
2025-07-28 00:00:00,1.17532,1.17704,1.15853,1.1589,162820
2025-07-29 00:00:00,1.15875,1.15995,1.15189,1.15455,161436
2025-07-30 00:00:00,1.15472,1.15727,1.14008,1.14036,179048
2025-07-31 00:00:00,1.1403,1.14609,1.14014,1.1414,167347
2025-08-01 00:00:00,1.14156,1.1597,1.13916,1.15955,213053
2025-08-04 00:00:00,1.15897,1.15957,1.15495,1.15726,177088
2025-08-05 00:00:00,1.15683,1.1588,1.15276,1.15753,156229
2025-08-06 00:00:00,1.1571799999999999,1.16686,1.15642,1.16599,147775
2025-08-07 00:00:00,1.16538,1.16989,1.16111,1.16644,166322
2025-08-08 00:00:00,1.16584,1.16795,1.16288,1.1641,153567
2025-08-11 00:00:00,1.16399,1.16755,1.159,1.16158,124568
2025-08-12 00:00:00,1.16065,1.16973,1.15984,1.16732,179436
2025-08-13 00:00:00,1.1669,1.17303,1.1667,1.17045,133883
2025-08-14 00:00:00,1.17018,1.1715200000000001,1.1631,1.16483,156305
2025-08-15 00:00:00,1.16471,1.17155,1.16459,1.17032,120955
2025-08-18 00:00:00,1.17103,1.17159,1.16562,1.16612,122883
2025-08-19 00:00:00,1.16527,1.1693,1.16392,1.16469,127266
2025-08-20 00:00:00,1.16394,1.16738,1.16221,1.16505,126022
2025-08-21 00:00:00,1.16495,1.1663000000000001,1.16012,1.16063,142245
2025-08-22 00:00:00,1.15991,1.17427,1.15829,1.1721300000000001,153390
2025-08-25 00:00:00,1.1721,1.17258,1.16028,1.16194,149749
2025-08-26 00:00:00,1.16189,1.16654,1.16023,1.16406,192438
2025-08-27 00:00:00,1.16377,1.16478,1.15739,1.16376,149979
2025-08-28 00:00:00,1.16376,1.16973,1.1628,1.1682299999999999,155085
2025-08-29 00:00:00,1.16801,1.1709,1.16507,1.16869,155507
2025-09-01 00:00:00,1.16944,1.17364,1.16842,1.17113,130317
2025-09-02 00:00:00,1.17085,1.17184,1.16129,1.16417,212292
2025-09-03 00:00:00,1.1635,1.16824,1.16083,1.16612,135456
2025-09-04 00:00:00,1.16588,1.16694,1.163,1.16509,158540
2025-09-05 00:00:00,1.16461,1.17597,1.1645699999999999,1.17208,182198
2025-09-08 00:00:00,1.1712,1.17656,1.17036,1.1763,159633
2025-09-09 00:00:00,1.17619,1.17801,1.17037,1.17098,162269
2025-09-10 00:00:00,1.17055,1.17304,1.16824,1.16949,168746
2025-09-11 00:00:00,1.16948,1.1746,1.16595,1.17361,163820
2025-09-12 00:00:00,1.1731,1.17479,1.1701,1.17323,138450
2025-09-15 00:00:00,1.1727,1.17746,1.17158,1.17612,127523
2025-09-16 00:00:00,1.17611,1.18786,1.17575,1.1867,161532
2025-09-17 00:00:00,1.18595,1.19181,1.18081,1.1813500000000001,149271
2025-09-18 00:00:00,1.18113,1.18484,1.175,1.1786,174980
2025-09-19 00:00:00,1.17807,1.17925,1.17289,1.17432,166576
2025-09-22 00:00:00,1.17386,1.18029,1.17261,1.1802,140567
2025-09-23 00:00:00,1.1792,1.18199,1.17783,1.18148,156163
2025-09-24 00:00:00,1.18127,1.18189,1.1728,1.17381,152564
2025-09-25 00:00:00,1.17375,1.17542,1.16454,1.16655,163468
2025-09-26 00:00:00,1.16577,1.17071,1.16517,1.1702,152284
2025-09-29 00:00:00,1.16987,1.17548,1.16961,1.17271,142370
2025-09-30 00:00:00,1.17224,1.17617,1.17122,1.1733500000000001,148358
2025-10-01 00:00:00,1.17301,1.17787,1.17155,1.17307,172162
2025-10-02 00:00:00,1.17236,1.17585,1.16831,1.17163,143844
2025-10-03 00:00:00,1.1712,1.17594,1.1712,1.17399,132584
2025-10-06 00:00:00,1.17194,1.1731,1.16517,1.17123,180485
2025-10-07 00:00:00,1.17049,1.17147,1.16475,1.16573,157088
2025-10-08 00:00:00,1.16543,1.16614,1.15984,1.16284,182393
2025-10-09 00:00:00,1.16284,1.1648399999999999,1.15422,1.15642,201764
2025-10-10 00:00:00,1.15642,1.16306,1.1553,1.16245,185786
2025-10-13 00:00:00,1.16109,1.16299,1.15575,1.15705,172282
2025-10-14 00:00:00,1.15635,1.1615,1.1542,1.16077,201336
2025-10-15 00:00:00,1.16058,1.16476,1.16016,1.16471,174168
2025-10-16 00:00:00,1.16433,1.16943,1.1641,1.16873,185963
2025-10-17 00:00:00,1.16826,1.17283,1.16504,1.16531,190600
2025-10-20 00:00:00,1.1661299999999999,1.16757,1.16383,1.16412,146656
2025-10-21 00:00:00,1.16404,1.16553,1.15978,1.15995,173311
2025-10-22 00:00:00,1.15977,1.16224,1.1577,1.16094,145951
2025-10-23 00:00:00,1.16058,1.1620300000000001,1.15852,1.1617899999999999,123169
2025-10-24 00:00:00,1.16163,1.16485,1.1601,1.16272,140089
2025-10-27 00:00:00,1.1632,1.16521,1.16174,1.16441,132046
2025-10-28 00:00:00,1.16443,1.16689,1.16253,1.16523,141577
2025-10-29 00:00:00,1.16501,1.16659,1.1577600000000001,1.16007,173237
2025-10-30 00:00:00,1.16001,1.16374,1.1547,1.1565,163566
2025-10-31 00:00:00,1.15636,1.1577600000000001,1.15215,1.15356,131328
2025-11-03 00:00:00,1.15303,1.15415,1.15051,1.15189,130047
2025-11-04 00:00:00,1.1517,1.15335,1.14729,1.14824,137659
2025-11-05 00:00:00,1.14834,1.14981,1.14688,1.14929,125549
2025-11-06 00:00:00,1.1491,1.15525,1.149,1.1547399999999999,129223
2025-11-07 00:00:00,1.15428,1.15912,1.15297,1.1564,127386
2025-11-10 00:00:00,1.1553,1.15831,1.15411,1.15571,125565
2025-11-11 00:00:00,1.15501,1.16058,1.15472,1.15823,115779
2025-11-12 00:00:00,1.15797,1.15978,1.15628,1.15928,132798
2025-11-13 00:00:00,1.15919,1.16563,1.1579,1.16342,161930
2025-11-14 00:00:00,1.1626,1.16539,1.16063,1.16221,179336
2025-11-17 00:00:00,1.16125,1.16246,1.15819,1.15924,134816
2025-11-18 00:00:00,1.15899,1.16077,1.15714,1.1580300000000001,150765
2025-11-19 00:00:00,1.15723,1.15974,1.15181,1.15383,166339
2025-11-20 00:00:00,1.15359,1.15499,1.15018,1.15284,184373
2025-11-21 00:00:00,1.15211,1.15525,1.14912,1.15156,183874
2025-11-24 00:00:00,1.15112,1.15505,1.15017,1.15213,131357
2025-11-25 00:00:00,1.1515900000000001,1.15859,1.15116,1.15697,159133
2025-11-26 00:00:00,1.15677,1.16008,1.15472,1.15972,181462
2025-11-27 00:00:00,1.15829,1.16136,1.15765,1.15956,107517
2025-11-28 00:00:00,1.1590799999999999,1.16075,1.15551,1.15976,234242
2025-12-01 00:00:00,1.1592,1.16525,1.15893,1.1609099999999999,155838
2025-12-02 00:00:00,1.16074,1.16261,1.15913,1.1625,122863
2025-12-03 00:00:00,1.16156,1.16779,1.16156,1.16713,127409
2025-12-04 00:00:00,1.16655,1.16821,1.16411,1.16448,134936
2025-12-05 00:00:00,1.16424,1.16717,1.16282,1.16415,129243
2025-12-08 00:00:00,1.16341,1.16721,1.16164,1.16367,166076
2025-12-09 00:00:00,1.16321,1.16573,1.16151,1.16268,150587
2025-12-10 00:00:00,1.16234,1.16997,1.16216,1.16955,170020
2025-12-11 00:00:00,1.16946,1.17629,1.1682299999999999,1.17386,171932
2025-12-12 00:00:00,1.17362,1.175,1.17196,1.17386,148828
2025-12-15 00:00:00,1.17347,1.1769,1.17262,1.17538,140930
2025-12-16 00:00:00,1.17459,1.18041,1.17343,1.17473,168264
2025-12-17 00:00:00,1.17452,1.17581,1.17033,1.17407,167792
2025-12-18 00:00:00,1.17334,1.1763,1.1712500000000001,1.17237,164377
2025-12-19 00:00:00,1.1715200000000001,1.17378,1.17028,1.17081,150094
2025-12-22 00:00:00,1.1714,1.17693,1.17062,1.17616,129191
2025-12-23 00:00:00,1.17506,1.18021,1.17505,1.17931,155227
2025-12-24 00:00:00,1.17873,1.18082,1.17727,1.17808,123515
2025-12-26 00:00:00,1.17758,1.17967,1.17614,1.177,143398
2025-12-29 00:00:00,1.17619,1.1789100000000001,1.17496,1.17723,155564
2025-12-30 00:00:00,1.17652,1.178,1.17434,1.17478,128447
2025-12-31 00:00:00,1.17435,1.17594,1.17199,1.17418,132503
2026-01-02 00:00:00,1.17438,1.17651,1.17133,1.17207,126096
2026-01-05 00:00:00,1.17161,1.17288,1.16591,1.17216,169725
2026-01-06 00:00:00,1.17182,1.1743000000000001,1.16838,1.16888,153470
2026-01-07 00:00:00,1.16849,1.17027,1.16728,1.1676,145574
2026-01-08 00:00:00,1.1673499999999999,1.16832,1.16424,1.16586,140046
2026-01-09 00:00:00,1.16507,1.16626,1.16182,1.16304,151732
2026-01-12 00:00:00,1.16268,1.16985,1.16218,1.1666400000000001,150160
2026-01-13 00:00:00,1.16642,1.16774,1.16342,1.16429,146951
2026-01-14 00:00:00,1.16407,1.16618,1.16354,1.16454,129167
2026-01-15 00:00:00,1.16382,1.16472,1.1593,1.16098,124916
2026-01-16 00:00:00,1.1604,1.16276,1.15846,1.15984,120283
2026-01-19 00:00:00,1.15818,1.16489,1.15764,1.16458,120890
2026-01-20 00:00:00,1.1641,1.17689,1.16326,1.17265,187406
2026-01-21 00:00:00,1.1718899999999999,1.1743000000000001,1.16764,1.16875,168628
2026-01-22 00:00:00,1.16811,1.17564,1.1670099999999999,1.17549,139896
2026-01-23 00:00:00,1.1746,1.18335,1.17283,1.1829399999999999,165056
2026-01-26 00:00:00,1.18628,1.19069,1.18348,1.18802,204040
2026-01-27 00:00:00,1.18697,1.20821,1.18503,1.204,211726
2026-01-28 00:00:00,1.20366,1.20458,1.18958,1.19537,224050
2026-01-29 00:00:00,1.19536,1.19967,1.19059,1.19706,224254
2026-01-30 00:00:00,1.1960600000000001,1.19747,1.18499,1.18512,240974
2026-02-02 00:00:00,1.1847699999999999,1.18748,1.1776,1.17903,219341
2026-02-03 00:00:00,1.17834,1.18289,1.17794,1.1819,163761
2026-02-04 00:00:00,1.18126,1.18381,1.17907,1.18056,157309
2026-02-05 00:00:00,1.18017,1.18219,1.17749,1.17793,168584
2026-02-06 00:00:00,1.17769,1.18263,1.17656,1.18141,120750
2026-02-09 00:00:00,1.18086,1.1926700000000001,1.18086,1.1915,144687
2026-02-10 00:00:00,1.19075,1.19287,1.18869,1.18941,129940
2026-02-11 00:00:00,1.18897,1.19274,1.1833,1.18713,155240
2026-02-12 00:00:00,1.18664,1.18902,1.18523,1.18709,154427
2026-02-13 00:00:00,1.18614,1.18847,1.18471,1.18681,126491
2026-02-16 00:00:00,1.18754,1.18756,1.18462,1.18517,71077
2026-02-17 00:00:00,1.18485,1.18547,1.18049,1.1853799999999999,125934
2026-02-18 00:00:00,1.1852,1.18577,1.17821,1.17836,105734
2026-02-19 00:00:00,1.17837,1.1807699999999999,1.17419,1.17714,124658
2026-02-20 00:00:00,1.17681,1.1807400000000001,1.17433,1.17856,146233
2026-02-23 00:00:00,1.17913,1.18349,1.17744,1.17853,130430
2026-02-24 00:00:00,1.17869,1.17965,1.17659,1.17739,117858
2026-02-25 00:00:00,1.17722,1.18145,1.17706,1.1810100000000001,119055
2026-02-26 00:00:00,1.18046,1.18291,1.17739,1.17977,117958
2026-02-27 00:00:00,1.17934,1.18271,1.1789,1.18124,128221
2026-03-02 00:00:00,1.1764999999999999,1.17959,1.16716,1.16902,210788
2026-03-03 00:00:00,1.1684,1.17069,1.15302,1.16123,252689
2026-03-04 00:00:00,1.16096,1.16549,1.15746,1.16355,212319
2026-03-05 00:00:00,1.1628,1.16476,1.1559,1.1608100000000001,237096
2026-03-06 00:00:00,1.16078,1.16216,1.15459,1.16131,220598
2026-03-09 00:00:00,1.1545,1.16375,1.1507100000000001,1.16363,294088
2026-03-10 00:00:00,1.16341,1.16675,1.16064,1.16085,216060
2026-03-11 00:00:00,1.16095,1.16454,1.15609,1.1567,185680
2026-03-12 00:00:00,1.15655,1.1574,1.15099,1.15107,175118
2026-03-13 00:00:00,1.1509800000000001,1.15299,1.1411,1.14142,191162
2026-03-16 00:00:00,1.14157,1.15251,1.14142,1.15059,174392
2026-03-17 00:00:00,1.15033,1.15473,1.1466,1.15399,144978
2026-03-18 00:00:00,1.1537,1.15555,1.1449799999999999,1.14507,173287
2026-03-19 00:00:00,1.14506,1.16161,1.14428,1.15889,237561
2026-03-20 00:00:00,1.15872,1.15949,1.15248,1.15702,187882
2026-03-23 00:00:00,1.15356,1.164,1.14845,1.16104,293185
2026-03-24 00:00:00,1.16102,1.16284,1.15571,1.16072,116297
2026-03-25 00:00:00,1.16077,1.16307,1.15553,1.15592,93366
2026-03-26 00:00:00,1.15581,1.15726,1.15195,1.15293,83652
2026-03-27 00:00:00,1.15256,1.15479,1.15018,1.15123,80041
2026-03-30 00:00:00,1.15009,1.15213,1.14431,1.14618,78966
2026-03-31 00:00:00,1.14663,1.15636,1.14475,1.15531,96075
2026-04-01 00:00:00,1.15502,1.16272,1.15502,1.15905,92609
2026-04-02 00:00:00,1.15842,1.16056,1.15092,1.15388,93369
2026-04-03 00:00:00,1.15332,1.15491,1.151,1.1514,40392
2026-04-06 00:00:00,1.15209,1.15713,1.15053,1.15432,72623
2026-04-07 00:00:00,1.15393,1.1605,1.15242,1.15972,88131
2026-04-08 00:00:00,1.15938,1.17218,1.15888,1.16624,121062
2026-04-09 00:00:00,1.16544,1.17235,1.16504,1.16985,76452
2026-04-10 00:00:00,1.16959,1.17395,1.16775,1.173,67242
2026-04-13 00:00:00,1.16694,1.17655,1.16622,1.17587,79978
2026-04-14 00:00:00,1.17513,1.1811,1.17507,1.17949,69336
2026-04-15 00:00:00,1.17936,1.18082,1.1772,1.17993,69793
2026-04-16 00:00:00,1.17995,1.18239,1.17671,1.17822,67790
2026-04-17 00:00:00,1.17721,1.18491,1.17606,1.17631,76376
2026-04-20 00:00:00,1.1736900000000001,1.17904,1.17291,1.1786699999999999,100675
2026-04-21 00:00:00,1.17826,1.17912,1.17193,1.17434,99322
2026-04-22 00:00:00,1.17411,1.17626,1.17031,1.17066,84435
2026-04-23 00:00:00,1.17038,1.17165,1.1669,1.16828,102897
2026-04-24 00:00:00,1.16828,1.17226,1.16729,1.17221,86529
2026-04-27 00:00:00,1.16899,1.1755,1.16899,1.17204,78348
2026-04-28 00:00:00,1.17204,1.1727,1.16774,1.17124,92583
2026-04-29 00:00:00,1.17078,1.17208,1.16614,1.16754,92352
2026-04-30 00:00:00,1.16714,1.17415,1.16552,1.17309,120059
2026-05-01 00:00:00,1.17275,1.17852,1.17155,1.17203,90100
2026-05-04 00:00:00,1.1743999999999999,1.17481,1.16811,1.16919,101774
2026-05-05 00:00:00,1.16868,1.17136,1.16764,1.16929,92697
2026-05-06 00:00:00,1.16915,1.17967,1.16905,1.17485,157546
2026-05-07 00:00:00,1.17438,1.17782,1.17224,1.17232,144884
2026-05-08 00:00:00,1.17241,1.17879,1.17202,1.17872,120159
2026-05-11 00:00:00,1.17435,1.17879,1.17435,1.1782,109743
2026-05-12 00:00:00,1.17769,1.1788,1.17219,1.17405,125927
2026-05-13 00:00:00,1.17338,1.17419,1.16952,1.17135,107738
2026-05-14 00:00:00,1.17039,1.17216,1.16658,1.1669,114364
2026-05-15 00:00:00,1.16667,1.16727,1.1616900000000001,1.16237,141437
2026-05-18 00:00:00,1.16163,1.16608,1.16083,1.16563,144814
2026-05-19 00:00:00,1.16517,1.1662,1.15922,1.16065,133979
2026-05-20 00:00:00,1.16,1.16451,1.15824,1.16254,139430
2026-05-21 00:00:00,1.16171,1.16357,1.15762,1.16173,160543
2026-05-22 00:00:00,1.1615,1.16204,1.15882,1.16027,110336
2026-05-25 00:00:00,1.1636199999999999,1.16529,1.16287,1.16431,75975
2026-05-26 00:00:00,1.16376,1.16453,1.16163,1.16319,102785
2026-05-27 00:00:00,1.16242,1.16615,1.16198,1.1626,119979
2026-05-28 00:00:00,1.16222,1.16614,1.15863,1.16494,133358
2026-05-29 00:00:00,1.16478,1.16858,1.1625,1.16597,116260
2026-06-01 00:00:00,1.16511,1.1665,1.16069,1.16323,127955
2026-06-02 00:00:00,1.16251,1.16558,1.16136,1.16314,99780
2026-06-03 00:00:00,1.16249,1.1633499999999999,1.15948,1.15984,121470
2026-06-04 00:00:00,1.15943,1.16454,1.15943,1.1611,107611
2026-06-05 00:00:00,1.16079,1.16443,1.1518,1.15224,131524
2026-06-08 00:00:00,1.15085,1.15549,1.14995,1.15317,145935
2026-06-09 00:00:00,1.15348,1.15782,1.15269,1.15436,141686
2026-06-10 00:00:00,1.15414,1.15733,1.1533,1.15358,162754
2026-06-11 00:00:00,1.1534200000000001,1.15896,1.15028,1.15787,166104
2026-06-12 00:00:00,1.15749,1.15895,1.15571,1.15678,131615
2026-06-15 00:00:00,1.15711,1.16221,1.15697,1.15896,107941
2026-06-16 00:00:00,1.15878,1.16198,1.15749,1.16084,96867
2026-06-17 00:00:00,1.16048,1.16167,1.14779,1.15016,122164
2026-06-18 00:00:00,1.14997,1.15284,1.14513,1.14573,137686
2026-06-19 00:00:00,1.14622,1.14807,1.14178,1.14723,103008
2026-06-22 00:00:00,1.146,1.14736,1.1419,1.1428,123453
2026-06-23 00:00:00,1.14204,1.1439,1.13757,1.13815,116236
2026-06-24 00:00:00,1.13819,1.13838,1.13244,1.13585,128104
2026-06-25 00:00:00,1.13555,1.1388099999999999,1.13336,1.137,124437
2026-06-26 00:00:00,1.13644,1.14341,1.13542,1.1381999999999999,123025
2026-06-29 00:00:00,1.13883,1.14307,1.13781,1.14242,102645
2026-06-30 00:00:00,1.14192,1.14369,1.13828,1.14218,116711
2026-07-01 00:00:00,1.1415899999999999,1.14231,1.13618,1.13782,123931
2026-07-02 00:00:00,1.13756,1.14728,1.13752,1.14336,132689
2026-07-03 00:00:00,1.14259,1.14625,1.14207,1.14357,95870
2026-07-06 00:00:00,1.1438,1.14452,1.14084,1.14407,97095
2026-07-07 00:00:00,1.14407,1.14479,1.14079,1.14114,102067
2026-07-08 00:00:00,1.1406,1.14318,1.13912,1.14164,134277
2026-07-09 00:00:00,1.14139,1.14493,1.14119,1.14303,92293
2026-07-10 00:00:00,1.14303,1.14608,1.14114,1.14143,106346
2026-07-13 00:00:00,1.13996,1.1446,1.13775,1.13804,123810
2026-07-14 00:00:00,1.13775,1.14623,1.13764,1.14209,134413
2026-07-15 00:00:00,1.14148,1.14826,1.1406100000000001,1.14635,125581
2026-07-16 00:00:00,1.1461000000000001,1.14765,1.14312,1.14429,103606
2026-07-17 00:00:00,1.1439,1.14523,1.1424400000000001,1.14379,92740
2026-07-20 00:00:00,1.14254,1.14495,1.14026,1.14138,89655
2026-07-21 00:00:00,1.14089,1.14288,1.13972,1.13979,82672
2026-07-22 00:00:00,1.13953,1.14216,1.13953,1.14119,87576
2026-07-23 00:00:00,1.14066,1.14359,1.1364,1.13776,111256
2026-07-24 00:00:00,1.13716,1.14012,1.13649,1.137,100395
2026-07-27 00:00:00,1.13906,1.1418300000000001,1.13669,1.13681,108711
2026-07-28 00:00:00,1.13666,1.14053,1.13531,1.13863,96483
2026-07-29 00:00:00,1.13879,1.14038,1.13747,1.13902,64687
