time,open,high,low,close,volume
2005-01-01 00:00:00,1.9184999999999999,1.9196,1.9180000000000001,1.9191,27
2005-01-03 00:00:00,1.9192,1.9203999999999999,1.8981,1.9043,10891
2005-01-04 00:00:00,1.9043999999999999,1.9085,1.8780000000000001,1.8824,11008
2005-01-05 00:00:00,1.8826,1.8899,1.873,1.8829,11396
2005-01-06 00:00:00,1.8828,1.8858000000000001,1.8696000000000002,1.8753,11264
2005-01-07 00:00:00,1.8753,1.8864999999999998,1.8645,1.8712,12193
2005-01-08 00:00:00,1.8711,1.8721,1.8709,1.8712,115
2005-01-10 00:00:00,1.8700999999999999,1.8795,1.8696000000000002,1.8753,10192
2005-01-11 00:00:00,1.8752,1.8824,1.8749,1.8780999999999999,10615
2005-01-12 00:00:00,1.8782,1.8942,1.8695,1.8907,10603
2005-01-13 00:00:00,1.8906,1.8931,1.8793,1.8822,10376
2005-01-14 00:00:00,1.8822999999999999,1.883,1.8638,1.8708,11871
2005-01-15 00:00:00,1.8706,1.8727,1.8699,1.8705,83
2005-01-17 00:00:00,1.8704,1.8753,1.8584,1.8592,8888
2005-01-18 00:00:00,1.8593,1.874,1.8523,1.8666,11371
2005-01-19 00:00:00,1.8666,1.8831,1.8627,1.8711,10880
2005-01-20 00:00:00,1.871,1.8755,1.8636,1.8719000000000001,11048
2005-01-21 00:00:00,1.8718,1.8811,1.8612,1.877,11239
2005-01-22 00:00:00,1.8768,1.8780999999999999,1.875,1.8771,108
2005-01-24 00:00:00,1.8784999999999998,1.884,1.874,1.8807,10156
2005-01-25 00:00:00,1.8782999999999999,1.8811,1.8622999999999998,1.8641,10373
2005-01-26 00:00:00,1.8639999999999999,1.8858000000000001,1.8634,1.8822999999999999,10929
2005-01-27 00:00:00,1.8824999999999998,1.8904,1.8793,1.8895,10443
2005-01-28 00:00:00,1.8897,1.8932,1.8784,1.8885,11060
2005-01-29 00:00:00,1.8883,1.8889,1.8875,1.8875,55
2005-01-31 00:00:00,1.8853,1.8885999999999998,1.8786,1.8829,10047
2005-02-01 00:00:00,1.8829,1.8868,1.8776000000000002,1.8841999999999999,10167
2005-02-02 00:00:00,1.8841,1.889,1.8822,1.8853,10095
2005-02-03 00:00:00,1.8859,1.8916,1.8769,1.8822,10547
2005-02-04 00:00:00,1.8822,1.8921999999999999,1.8728,1.876,10988
2005-02-05 00:00:00,1.8761,1.8761,1.8747,1.8747,45
2005-02-07 00:00:00,1.8719999999999999,1.8754,1.8547,1.8574000000000002,10185
2005-02-08 00:00:00,1.8575,1.8599999999999999,1.8509,1.8549,10307
2005-02-09 00:00:00,1.8549,1.8646,1.8524,1.8580999999999999,10736
2005-02-10 00:00:00,1.8580999999999999,1.8733,1.8507,1.8686,10752
2005-02-11 00:00:00,1.8686,1.8712,1.8624,1.8683,9579
2005-02-12 00:00:00,1.8683999999999998,1.8700999999999999,1.8677000000000001,1.8697,40
2005-02-14 00:00:00,1.8697,1.8919000000000001,1.8677000000000001,1.8881000000000001,10255
2005-02-15 00:00:00,1.888,1.8979,1.8831,1.8972,10882
2005-02-16 00:00:00,1.8973,1.8973,1.8753,1.8851,11310
2005-02-17 00:00:00,1.8851,1.896,1.8835,1.8951,10025
2005-02-18 00:00:00,1.8953,1.8974,1.8892,1.8939,10053
2005-02-19 00:00:00,1.8942999999999999,1.8953,1.8928,1.8942999999999999,155
2005-02-21 00:00:00,1.8934,1.9001000000000001,1.8906,1.8967,8286
2005-02-22 00:00:00,1.8963,1.9139,1.8952,1.9117,10559
2005-02-23 00:00:00,1.9117,1.9135,1.9042,1.9085,11094
2005-02-24 00:00:00,1.9085,1.9144,1.9015,1.9095,11183
2005-02-25 00:00:00,1.9096,1.9198,1.9062999999999999,1.9195,10608
2005-02-26 00:00:00,1.9195,1.92,1.9184999999999999,1.919,92
2005-02-28 00:00:00,1.9173,1.9262000000000001,1.9163000000000001,1.9209,9987
2005-03-01 00:00:00,1.921,1.9231,1.9169,1.9214,10120
2005-03-02 00:00:00,1.9214,1.9219,1.9078,1.9138,10126
2005-03-03 00:00:00,1.9137,1.9142000000000001,1.9057,1.9066999999999998,9564
2005-03-04 00:00:00,1.9066999999999998,1.9276,1.9054,1.9226999999999999,9868
2005-03-05 00:00:00,1.9226,1.924,1.9217,1.9226999999999999,116
2005-03-07 00:00:00,1.923,1.9253,1.9112,1.9144,8923
2005-03-08 00:00:00,1.9144999999999999,1.9327999999999999,1.9129,1.929,10229
2005-03-09 00:00:00,1.929,1.9322,1.92,1.9252,10568
2005-03-10 00:00:00,1.9252,1.9308,1.9205,1.9226,11168
2005-03-11 00:00:00,1.9224999999999999,1.9293,1.9163000000000001,1.9254,10963
2005-03-12 00:00:00,1.9257,1.9268999999999998,1.9256,1.9262000000000001,84
2005-03-14 00:00:00,1.9264000000000001,1.9278,1.9099,1.9136,9919
2005-03-15 00:00:00,1.9136,1.9258,1.9111,1.9131,10688
2005-03-16 00:00:00,1.9132,1.9295,1.911,1.9264000000000001,10769
2005-03-17 00:00:00,1.9266,1.9285,1.9184,1.925,10531
2005-03-18 00:00:00,1.9251,1.9257,1.9125,1.9220000000000002,10041
2005-03-19 00:00:00,1.9219,1.9229,1.9218,1.9221,58
2005-03-21 00:00:00,1.9198,1.9203000000000001,1.8942,1.8965,9978
2005-03-22 00:00:00,1.8965,1.9024999999999999,1.8799000000000001,1.8859,10489
2005-03-23 00:00:00,1.8859,1.8888,1.8660999999999999,1.8691,11186
2005-03-24 00:00:00,1.8692,1.8742,1.8671,1.8691,10511
2005-03-25 00:00:00,1.8692,1.8725,1.8676,1.8699,7884
2005-03-26 00:00:00,1.8700999999999999,1.8714,1.8700999999999999,1.8712,8
2005-03-28 00:00:00,1.8705,1.8707,1.8593,1.8657,9112
2005-03-29 00:00:00,1.8657,1.8768,1.865,1.8740999999999999,10278
2005-03-30 00:00:00,1.874,1.885,1.8734,1.8787,10699
2005-03-31 00:00:00,1.8787,1.8921000000000001,1.8754,1.8898000000000001,10684
2005-04-01 00:00:00,1.8899,1.8979,1.876,1.8809,11053
2005-04-02 00:00:00,1.881,1.8822,1.8799000000000001,1.8816000000000002,317
2005-04-04 00:00:00,1.8782,1.8808,1.8709,1.875,9305
2005-04-05 00:00:00,1.875,1.8819,1.8717000000000001,1.8811,9737
2005-04-06 00:00:00,1.8809,1.885,1.8740999999999999,1.8806,10719
2005-04-07 00:00:00,1.8808,1.8862,1.8679999999999999,1.8699,10652
2005-04-08 00:00:00,1.8697,1.8859,1.8671,1.8856000000000002,9918
2005-04-09 00:00:00,1.8855,1.8862,1.8847,1.8862,74
2005-04-11 00:00:00,1.8849,1.8936,1.8812,1.8908,9370
2005-04-12 00:00:00,1.8908,1.8957000000000002,1.8829,1.892,10187
2005-04-13 00:00:00,1.892,1.8958,1.8872,1.8946,10518
2005-04-14 00:00:00,1.8944999999999999,1.895,1.8757000000000001,1.8813,10891
2005-04-15 00:00:00,1.8814,1.895,1.8771,1.8925999999999998,11146
2005-04-16 00:00:00,1.8927,1.8935,1.8923,1.893,57
2005-04-18 00:00:00,1.8934,1.9059,1.8883,1.9039000000000001,9841
2005-04-19 00:00:00,1.9037,1.921,1.9,1.9186999999999999,12366
2005-04-20 00:00:00,1.9183,1.9220000000000002,1.9097,1.9195,12601
2005-04-21 00:00:00,1.9193,1.9218,1.9062999999999999,1.9089,12654
2005-04-22 00:00:00,1.9088,1.9172,1.9055,1.9142000000000001,11662
2005-04-23 00:00:00,1.9144,1.916,1.9138,1.9143,93
2005-04-25 00:00:00,1.9169,1.9177,1.9079000000000002,1.9108,11543
2005-04-26 00:00:00,1.9109,1.9134,1.9020000000000001,1.9062000000000001,11776
2005-04-27 00:00:00,1.9062000000000001,1.9099,1.8987,1.9057,11949
2005-04-28 00:00:00,1.9055,1.9108,1.9015,1.9059,12456
2005-04-29 00:00:00,1.9059,1.9163000000000001,1.9054,1.9085999999999999,12877
2005-04-30 00:00:00,1.9089,1.9092,1.9076,1.9085999999999999,67
2005-05-02 00:00:00,1.9066,1.907,1.8925,1.8949,10181
2005-05-03 00:00:00,1.8942999999999999,1.8961000000000001,1.8883999999999999,1.8927,12066
2005-05-04 00:00:00,1.893,1.9037,1.8914,1.9026,12762
2005-05-05 00:00:00,1.9026,1.9079000000000002,1.8995,1.9066,11878
2005-05-06 00:00:00,1.9069,1.9071,1.8895,1.8902999999999999,12227
2005-05-07 00:00:00,1.8900000000000001,1.8913,1.8900000000000001,1.8913,45
2005-05-09 00:00:00,1.8907,1.8914,1.8805,1.8837000000000002,11315
2005-05-10 00:00:00,1.8838,1.8871,1.8761999999999999,1.8829,12068
2005-05-11 00:00:00,1.8827,1.8915,1.8695,1.8725,12591
2005-05-12 00:00:00,1.8729,1.874,1.8601999999999999,1.8655,12623
2005-05-13 00:00:00,1.8651,1.8662,1.8481999999999998,1.8507,12363
2005-05-14 00:00:00,1.8506,1.8513,1.8491,1.8493,55
2005-05-16 00:00:00,1.8506,1.8511,1.8331,1.8388,11600
2005-05-17 00:00:00,1.8387,1.8431,1.8319999999999999,1.8338999999999999,12708
2005-05-18 00:00:00,1.8338,1.8416000000000001,1.8292000000000002,1.8407,12405
2005-05-19 00:00:00,1.8406,1.8437000000000001,1.8321,1.8363,12409
2005-05-20 00:00:00,1.8359999999999999,1.8394,1.8233000000000001,1.8271,11858
2005-05-21 00:00:00,1.827,1.8277999999999999,1.8258999999999999,1.8266,84
2005-05-23 00:00:00,1.825,1.8317999999999999,1.8239999999999998,1.8305,10842
2005-05-24 00:00:00,1.8306,1.8361,1.826,1.8274,11897
2005-05-25 00:00:00,1.8271,1.834,1.8247,1.8316,11943
2005-05-26 00:00:00,1.8317,1.833,1.8187,1.8199,12118
2005-05-27 00:00:00,1.8199,1.8276,1.8195999999999999,1.8243,11362
2005-05-28 00:00:00,1.8245,1.8252000000000002,1.8239,1.8244,25
2005-05-30 00:00:00,1.8241,1.8258999999999999,1.8195000000000001,1.8234,10059
2005-05-31 00:00:00,1.8235999999999999,1.826,1.8103,1.8171,13168
2005-06-01 00:00:00,1.8171,1.8229,1.8075999999999999,1.8092000000000001,12771
2005-06-02 00:00:00,1.8092000000000001,1.8208,1.8082,1.8155000000000001,12696
2005-06-03 00:00:00,1.8153000000000001,1.8242,1.8096999999999999,1.815,12607
2005-06-04 00:00:00,1.8151000000000002,1.8157999999999999,1.8145,1.8153000000000001,69
2005-06-06 00:00:00,1.8131,1.8253,1.8126,1.8246,11374
2005-06-07 00:00:00,1.8246,1.8357999999999999,1.8204,1.8349,12214
2005-06-08 00:00:00,1.835,1.8405,1.8221,1.8234,14826
2005-06-09 00:00:00,1.8237,1.8289,1.8173,1.8205,14651
2005-06-10 00:00:00,1.8205,1.8266,1.8107,1.8128,14630
2005-06-11 00:00:00,1.8124,1.8133,1.8114,1.8126,117
2005-06-13 00:00:00,1.8117999999999999,1.8131,1.7999,1.8071000000000002,14831
2005-06-14 00:00:00,1.8066,1.8157999999999999,1.803,1.806,14304
2005-06-15 00:00:00,1.8062,1.8251,1.8045,1.8229,15152
2005-06-16 00:00:00,1.8231000000000002,1.8291,1.8168,1.8227,15041
2005-06-17 00:00:00,1.8225,1.8309,1.8189,1.8309,14677
2005-06-18 00:00:00,1.8307,1.8312,1.8298999999999999,1.8312,64
2005-06-20 00:00:00,1.8239999999999998,1.8291,1.821,1.8244,11920
2005-06-21 00:00:00,1.8245,1.8300999999999998,1.8164,1.8295,15235
2005-06-22 00:00:00,1.8296000000000001,1.8335,1.8176999999999999,1.8218999999999999,15255
2005-06-23 00:00:00,1.8216999999999999,1.8237,1.8136999999999999,1.8157,14975
2005-06-24 00:00:00,1.8155999999999999,1.8253,1.812,1.8244,13283
2005-06-25 00:00:00,1.8245,1.8251,1.8239,1.8239999999999998,91
2005-06-27 00:00:00,1.8231000000000002,1.8317999999999999,1.822,1.8285,12844
2005-06-28 00:00:00,1.8287,1.8300999999999998,1.8142,1.8146,13923
2005-06-29 00:00:00,1.8145,1.8183,1.7993999999999999,1.8064,14530
2005-06-30 00:00:00,1.8064,1.8107,1.7871000000000001,1.7917,15033
2005-07-01 00:00:00,1.7915,1.7922,1.7673,1.7673,13565
2005-07-02 00:00:00,1.7673999999999999,1.7686,1.7667000000000002,1.768,122
2005-07-04 00:00:00,1.7603,1.7657,1.7569,1.7596,10914
2005-07-05 00:00:00,1.7596,1.7623,1.7504,1.7568000000000001,14539
2005-07-06 00:00:00,1.7566000000000002,1.7612999999999999,1.7517,1.754,13719
2005-07-07 00:00:00,1.7543,1.7547000000000001,1.7399,1.7446000000000002,15648
2005-07-08 00:00:00,1.7445,1.7452,1.7309999999999999,1.7384,13925
2005-07-09 00:00:00,1.7383,1.7389999999999999,1.7378,1.7384,74
2005-07-11 00:00:00,1.7368999999999999,1.7593999999999999,1.7358,1.7579,14292
2005-07-12 00:00:00,1.7577,1.7791000000000001,1.755,1.7783,15891
2005-07-13 00:00:00,1.7781,1.7793,1.7526000000000002,1.7645,15096
2005-07-14 00:00:00,1.7647,1.7652,1.7544,1.7567,15125
2005-07-15 00:00:00,1.7567,1.764,1.751,1.7521,13766
2005-07-16 00:00:00,1.752,1.7522,1.7506,1.751,23
2005-07-18 00:00:00,1.7502,1.7561,1.7452999999999999,1.7488000000000001,12283
2005-07-19 00:00:00,1.7487,1.7494,1.734,1.7403,13740
2005-07-20 00:00:00,1.7404,1.7458,1.7271,1.7377,16014
2005-07-21 00:00:00,1.7376,1.7619,1.7370999999999999,1.7516,15088
2005-07-22 00:00:00,1.7516,1.7576,1.7357,1.7385000000000002,15197
2005-07-23 00:00:00,1.7387000000000001,1.7421,1.7384,1.7401,105
2005-07-25 00:00:00,1.7378,1.7476,1.7330999999999999,1.7458,10960
2005-07-26 00:00:00,1.7458,1.7476,1.7348,1.7372999999999998,14143
2005-07-27 00:00:00,1.7372999999999998,1.7478,1.7334,1.7449,13692
2005-07-28 00:00:00,1.7448000000000001,1.7599,1.7404,1.7559,12279
2005-07-29 00:00:00,1.7557,1.7614999999999998,1.7515,1.7579,14568
2005-07-30 00:00:00,1.7576,1.7582,1.7561,1.7574,186
2005-08-01 00:00:00,1.7556,1.7734,1.754,1.7682,12463
2005-08-02 00:00:00,1.7681,1.7755999999999998,1.7665,1.7708,13702
2005-08-03 00:00:00,1.7706,1.7833999999999999,1.7650000000000001,1.7779,12140
2005-08-04 00:00:00,1.7778,1.7829000000000002,1.7711999999999999,1.7806,12136
2005-08-05 00:00:00,1.7805,1.7828,1.7715,1.7791000000000001,13496
2005-08-06 00:00:00,1.7792,1.7798,1.7776,1.7784,135
2005-08-08 00:00:00,1.7763,1.7905,1.7727,1.7845,12538
2005-08-09 00:00:00,1.7843,1.792,1.782,1.7873999999999999,12914
2005-08-10 00:00:00,1.7873999999999999,1.798,1.7863,1.7947,13278
2005-08-11 00:00:00,1.7948,1.8119,1.7945,1.811,14145
2005-08-12 00:00:00,1.8109,1.818,1.8073000000000001,1.8145,14185
2005-08-13 00:00:00,1.8144,1.8151000000000002,1.8138999999999998,1.8148,83
2005-08-15 00:00:00,1.8159999999999998,1.8167,1.8072,1.8117,12094
2005-08-16 00:00:00,1.8117,1.8148,1.8037999999999998,1.8117,14553
2005-08-17 00:00:00,1.8113000000000001,1.8131,1.8016999999999999,1.806,14607
2005-08-18 00:00:00,1.806,1.8094000000000001,1.7913999999999999,1.7955,12442
2005-08-19 00:00:00,1.7953999999999999,1.798,1.7890000000000001,1.7955,12144
2005-08-20 00:00:00,1.7952,1.7953000000000001,1.7943,1.7951000000000001,76
2005-08-22 00:00:00,1.7966,1.8051,1.7939,1.8002,11390
2005-08-23 00:00:00,1.8001,1.8024,1.7962,1.802,11939
2005-08-24 00:00:00,1.8016999999999999,1.8032,1.7906,1.8010000000000002,12438
2005-08-25 00:00:00,1.8013,1.8086,1.7976999999999999,1.8033000000000001,12582
2005-08-26 00:00:00,1.8034,1.8101,1.7989000000000002,1.8,12324
2005-08-27 00:00:00,1.7999,1.8016999999999999,1.7997999999999998,1.8014000000000001,91
2005-08-29 00:00:00,1.8018,1.8090000000000002,1.7925,1.7962,11572
2005-08-30 00:00:00,1.7962,1.7969,1.7819,1.7866,12618
2005-08-31 00:00:00,1.7865,1.806,1.7819,1.8042,12527
2005-09-01 00:00:00,1.8041,1.8367,1.8004,1.8345,13096
2005-09-02 00:00:00,1.8344,1.8452,1.83,1.8408,13448
2005-09-03 00:00:00,1.8418999999999999,1.8437999999999999,1.8413,1.8437999999999999,55
2005-09-05 00:00:00,1.8397999999999999,1.8502999999999998,1.8372000000000002,1.8443,11796
2005-09-06 00:00:00,1.8443,1.8471,1.8372000000000002,1.8424,13306
2005-09-07 00:00:00,1.8424,1.8465,1.8352,1.8366,13327
2005-09-08 00:00:00,1.8365,1.8445,1.833,1.8354,12308
2005-09-09 00:00:00,1.8354,1.8428,1.8319,1.8396,11690
2005-09-10 00:00:00,1.8395000000000001,1.8399999999999999,1.8382,1.8391,65
2005-09-12 00:00:00,1.8414000000000001,1.8431,1.8183,1.8195999999999999,12422
2005-09-13 00:00:00,1.8197999999999999,1.8252000000000002,1.8183,1.8225,12364
2005-09-14 00:00:00,1.8225,1.8306,1.821,1.8239,12053
2005-09-15 00:00:00,1.8243,1.8247,1.8037,1.806,12971
2005-09-16 00:00:00,1.806,1.8151000000000002,1.8018999999999998,1.8081,10975
2005-09-17 00:00:00,1.8081,1.8089,1.8074,1.8077,57
2005-09-19 00:00:00,1.8037999999999998,1.8068,1.7969,1.8024,11064
2005-09-20 00:00:00,1.802,1.8085,1.7976999999999999,1.7984,11634
2005-09-21 00:00:00,1.7982,1.8131,1.7957999999999998,1.8096999999999999,11974
2005-09-22 00:00:00,1.8098,1.8151000000000002,1.7879,1.7907,12153
2005-09-23 00:00:00,1.7906,1.7932000000000001,1.7751000000000001,1.7755999999999998,11663
2005-09-24 00:00:00,1.776,1.7761,1.7751000000000001,1.776,59
2005-09-26 00:00:00,1.7723,1.7798,1.7704,1.7792,10649
2005-09-27 00:00:00,1.7793,1.7801,1.7639,1.7664,11891
2005-09-28 00:00:00,1.7664,1.772,1.7602,1.7679,11895
2005-09-29 00:00:00,1.7678,1.7706,1.7591999999999999,1.7614,11993
2005-09-30 00:00:00,1.7612999999999999,1.7734,1.7565,1.7643,12527
2005-10-01 00:00:00,1.7644,1.7682,1.7638,1.7682,121
2005-10-03 00:00:00,1.7619,1.7639,1.7519,1.7551999999999999,11976
2005-10-04 00:00:00,1.7553,1.7625,1.7511999999999999,1.7591999999999999,12253
2005-10-05 00:00:00,1.7591,1.7664,1.7574999999999998,1.7622,12093
2005-10-06 00:00:00,1.7621,1.7816,1.7619,1.779,13527
2005-10-07 00:00:00,1.7791000000000001,1.7801,1.7576,1.7610999999999999,12277
2005-10-08 00:00:00,1.7616,1.7618,1.7605,1.7609,22
2005-10-10 00:00:00,1.7601,1.7637,1.7513999999999998,1.7564,9672
2005-10-11 00:00:00,1.7564,1.7566000000000002,1.7441,1.7464,10427
2005-10-12 00:00:00,1.7465000000000002,1.7551999999999999,1.7391999999999999,1.7517,10277
2005-10-13 00:00:00,1.7516,1.7576,1.7443,1.7567,10885
2005-10-14 00:00:00,1.7567,1.7709000000000001,1.7481,1.7685,11344
2005-10-15 00:00:00,1.7684,1.7699,1.7684,1.7684,47
2005-10-17 00:00:00,1.7683,1.7732999999999999,1.7528000000000001,1.7542,13385
2005-10-18 00:00:00,1.7542,1.7551,1.7423,1.7511,10915
2005-10-19 00:00:00,1.751,1.7671999999999999,1.7424,1.7652,11393
2005-10-20 00:00:00,1.7652999999999999,1.7752,1.7595,1.7746,11130
2005-10-21 00:00:00,1.7745,1.78,1.7638,1.7687,10997
2005-10-22 00:00:00,1.7687,1.7689,1.7682,1.7686,44
2005-10-24 00:00:00,1.7664,1.7732,1.7646,1.7690000000000001,9750
2005-10-25 00:00:00,1.7694,1.787,1.7633,1.7845,11210
2005-10-26 00:00:00,1.7845,1.7869000000000002,1.7715,1.7746,11287
2005-10-27 00:00:00,1.7747000000000002,1.7904,1.7734999999999999,1.7835,12667
2005-10-28 00:00:00,1.783,1.786,1.7728000000000002,1.7734999999999999,12203
2005-10-29 00:00:00,1.7734999999999999,1.7742,1.7727,1.774,100
2005-10-31 00:00:00,1.7738,1.7826,1.7671999999999999,1.7699,10941
2005-11-01 00:00:00,1.7698,1.7728000000000002,1.7608000000000001,1.7650000000000001,11912
2005-11-02 00:00:00,1.7654999999999998,1.7774,1.7623,1.7769,11506
2005-11-03 00:00:00,1.7769,1.7795999999999998,1.7692999999999999,1.7707000000000002,11316
2005-11-04 00:00:00,1.7708,1.7715999999999998,1.7457,1.7499,12563
2005-11-05 00:00:00,1.7497,1.7506,1.749,1.7506,141
2005-11-07 00:00:00,1.7462,1.752,1.7389999999999999,1.7442,11444
2005-11-08 00:00:00,1.7441,1.7449,1.7326000000000001,1.7442,11758
2005-11-09 00:00:00,1.7444,1.7462,1.7361,1.7435,11640
2005-11-10 00:00:00,1.7435,1.7519,1.7396,1.7412999999999998,11381
2005-11-11 00:00:00,1.7412,1.7438,1.7374,1.7418,10731
2005-11-12 00:00:00,1.742,1.7435,1.741,1.7425000000000002,141
2005-11-14 00:00:00,1.7423,1.7499,1.7342,1.737,11103
2005-11-15 00:00:00,1.7370999999999999,1.7399,1.7304,1.7353,11514
2005-11-16 00:00:00,1.7354,1.7372999999999998,1.7137,1.7165,11578
2005-11-17 00:00:00,1.7165,1.7227000000000001,1.7147000000000001,1.7189999999999999,12107
2005-11-18 00:00:00,1.7191999999999998,1.7229,1.7097,1.7177,12463
2005-11-19 00:00:00,1.7177,1.7187000000000001,1.7147999999999999,1.7167,146
2005-11-21 00:00:00,1.7168,1.7247,1.714,1.7157,11600
2005-11-22 00:00:00,1.7158,1.724,1.7064,1.7224,10459
2005-11-23 00:00:00,1.7222,1.7261,1.7175,1.7237,10472
2005-11-24 00:00:00,1.7237,1.7288000000000001,1.7199,1.7227000000000001,9035
2005-11-25 00:00:00,1.7227000000000001,1.7236,1.7123,1.7143000000000002,9385
2005-11-26 00:00:00,1.7144,1.7151999999999998,1.7143000000000002,1.7144,18
2005-11-28 00:00:00,1.7126000000000001,1.7345000000000002,1.7046999999999999,1.7292999999999998,9892
2005-11-29 00:00:00,1.7292999999999998,1.7302,1.7143000000000002,1.7177,10389
2005-11-30 00:00:00,1.7177,1.7351999999999999,1.7162,1.7294,10272
2005-12-01 00:00:00,1.7292999999999998,1.7345000000000002,1.7261,1.7311999999999999,10271
2005-12-02 00:00:00,1.7313,1.7381,1.7248,1.7328000000000001,10261
2005-12-03 00:00:00,1.733,1.734,1.7306,1.7328999999999999,97
2005-12-05 00:00:00,1.7316,1.7446000000000002,1.7271,1.7422,9614
2005-12-06 00:00:00,1.7422,1.7454,1.7311999999999999,1.7412,9906
2005-12-07 00:00:00,1.7410999999999999,1.7431,1.7290999999999999,1.7355,9747
2005-12-08 00:00:00,1.7355,1.7562,1.7322,1.7529,10637
2005-12-09 00:00:00,1.7530999999999999,1.7568000000000001,1.7461,1.7548,9966
2005-12-10 00:00:00,1.7547000000000001,1.7557,1.7529,1.7543,95
2005-12-12 00:00:00,1.7507000000000001,1.7776,1.7502,1.7763,10017
2005-12-13 00:00:00,1.7763,1.7782,1.7652999999999999,1.7702,10059
2005-12-14 00:00:00,1.7701,1.7811,1.7684,1.7734,10637
2005-12-15 00:00:00,1.7732,1.7748,1.7612999999999999,1.7652,10953
2005-12-16 00:00:00,1.7652,1.7739,1.7626,1.7727,10584
2005-12-17 00:00:00,1.7729,1.7737,1.7719,1.7719,177
2005-12-19 00:00:00,1.7692999999999999,1.7732999999999999,1.7591,1.7628,9459
2005-12-20 00:00:00,1.7628,1.7686,1.7525,1.7544,10460
2005-12-21 00:00:00,1.7548,1.7595,1.7381,1.745,10574
2005-12-22 00:00:00,1.7448000000000001,1.7461,1.7338,1.7372999999999998,10231
2005-12-23 00:00:00,1.7372999999999998,1.7405,1.7305000000000001,1.7337,9509
2005-12-24 00:00:00,1.7336,1.7338,1.7328999999999999,1.7335,39
2005-12-26 00:00:00,1.7332999999999998,1.7379,1.7311999999999999,1.7328000000000001,5825
2005-12-27 00:00:00,1.7330999999999999,1.7386,1.7264,1.7274,8134
2005-12-28 00:00:00,1.7271,1.7410999999999999,1.7128999999999999,1.7166000000000001,10500
2005-12-29 00:00:00,1.7164000000000001,1.7283,1.7164000000000001,1.7248999999999999,9937
2005-12-30 00:00:00,1.7250999999999999,1.7297,1.7165,1.7227999999999999,10376
2005-12-31 00:00:00,1.7231,1.7238,1.7222,1.7229,30
2006-01-02 00:00:00,1.7223000000000002,1.7248999999999999,1.7198,1.7201,5819
2006-01-03 00:00:00,1.7204000000000002,1.7465000000000002,1.7187000000000001,1.7463,10699
2006-01-04 00:00:00,1.7461,1.7619,1.745,1.7586,11031
2006-01-05 00:00:00,1.7585,1.7591,1.7485,1.7559,10531
2006-01-06 00:00:00,1.7558,1.7723,1.7511999999999999,1.7704,10230
2006-01-07 00:00:00,1.7707000000000002,1.7709000000000001,1.7692,1.7694999999999999,106
2006-01-09 00:00:00,1.7681,1.7727,1.7627000000000002,1.7652999999999999,9930
2006-01-10 00:00:00,1.7652999999999999,1.7703,1.7619,1.7647,10771
2006-01-11 00:00:00,1.7647,1.7671999999999999,1.7517,1.7642,10754
2006-01-12 00:00:00,1.7642,1.7728000000000002,1.7576,1.7602,10952
2006-01-13 00:00:00,1.7602,1.7784,1.7593,1.7770000000000001,10109
2006-01-14 00:00:00,1.7769,1.778,1.7746,1.7747000000000002,187
2006-01-16 00:00:00,1.7767,1.7799,1.764,1.7684,9411
2006-01-17 00:00:00,1.7683,1.7703,1.7586,1.7675,10000
2006-01-18 00:00:00,1.7675999999999998,1.7707000000000002,1.7585,1.7638,10568
2006-01-19 00:00:00,1.7639,1.7641,1.7527,1.7597,10506
2006-01-20 00:00:00,1.7596,1.7727,1.7541,1.7711000000000001,10607
2006-01-21 00:00:00,1.7711000000000001,1.7718,1.7702,1.7709000000000001,68
2006-01-23 00:00:00,1.7715,1.7884,1.7713,1.7873999999999999,10873
2006-01-24 00:00:00,1.7873,1.7898,1.7805,1.7845,10356
2006-01-25 00:00:00,1.7846,1.7936999999999999,1.7816,1.784,10739
2006-01-26 00:00:00,1.7839,1.7892000000000001,1.7776999999999998,1.7795,9936
2006-01-27 00:00:00,1.7795,1.7881,1.7666,1.7673999999999999,11054
2006-01-28 00:00:00,1.7673,1.768,1.7665,1.768,66
2006-01-30 00:00:00,1.7687,1.7718,1.7633999999999999,1.7687,9300
2006-01-31 00:00:00,1.7686,1.7861,1.7665,1.7795,10151
2006-02-01 00:00:00,1.7798,1.7822,1.7725,1.7747000000000002,10172
2006-02-02 00:00:00,1.7745,1.7816,1.7711000000000001,1.7808000000000002,10286
2006-02-03 00:00:00,1.7807,1.7812000000000001,1.7591999999999999,1.7628,10111
2006-02-04 00:00:00,1.7631000000000001,1.7635999999999998,1.7617,1.7623,110
2006-02-06 00:00:00,1.7624,1.7643,1.7433999999999998,1.7477,10030
2006-02-07 00:00:00,1.7479,1.7518,1.7403,1.7445,9759
2006-02-08 00:00:00,1.7445,1.7476,1.7376,1.7415,9805
2006-02-09 00:00:00,1.7414,1.7467000000000001,1.7374,1.7414,9974
2006-02-10 00:00:00,1.7412999999999998,1.7577,1.7410999999999999,1.7443,10579
2006-02-11 00:00:00,1.7443,1.7457,1.7436,1.7457,120
2006-02-13 00:00:00,1.7433999999999998,1.7445,1.7363,1.7412,9675
2006-02-14 00:00:00,1.7410999999999999,1.7446000000000002,1.7278,1.7364000000000002,10201
2006-02-15 00:00:00,1.7364000000000002,1.7490999999999999,1.7330999999999999,1.741,10338
2006-02-16 00:00:00,1.741,1.7416,1.7306,1.7393999999999998,10011
2006-02-17 00:00:00,1.7393,1.7426,1.7328999999999999,1.7422,10345
2006-02-18 00:00:00,1.7421,1.7429000000000001,1.7403,1.7405,115
2006-02-20 00:00:00,1.7415,1.7464,1.7405,1.7436,8794
2006-02-21 00:00:00,1.7435,1.7478,1.7410999999999999,1.7457,9803
2006-02-22 00:00:00,1.7456,1.7469000000000001,1.7374,1.7437,9741
2006-02-23 00:00:00,1.7437,1.7557,1.7414,1.7511999999999999,10303
2006-02-24 00:00:00,1.7511999999999999,1.7539,1.7427000000000001,1.7457,10000
2006-02-25 00:00:00,1.7458,1.7464,1.7449,1.7449,123
2006-02-27 00:00:00,1.7433999999999998,1.7454,1.7376,1.7399,9575
2006-02-28 00:00:00,1.74,1.7570999999999999,1.7372999999999998,1.7536,10057
2006-03-01 00:00:00,1.7537,1.7596,1.7461,1.7497,9988
2006-03-02 00:00:00,1.7497,1.7551,1.7433,1.7534,9881
2006-03-03 00:00:00,1.7532999999999999,1.7587000000000002,1.75,1.7553999999999998,9908
2006-03-04 00:00:00,1.7553999999999998,1.7561,1.7545,1.7545,107
2006-03-06 00:00:00,1.7563,1.7626,1.7466,1.7504,10016
2006-03-07 00:00:00,1.7505,1.7511,1.733,1.7362,10528
2006-03-08 00:00:00,1.736,1.7422,1.7343,1.7387000000000001,10081
2006-03-09 00:00:00,1.7387000000000001,1.7414,1.7346,1.7355,10623
2006-03-10 00:00:00,1.7355,1.7403,1.7231,1.7263,10163
2006-03-11 00:00:00,1.7259,1.7268,1.7254,1.726,48
2006-03-13 00:00:00,1.7261,1.7338,1.7231,1.733,9501
2006-03-14 00:00:00,1.7327,1.7487,1.7327,1.7463,10496
2006-03-15 00:00:00,1.7462,1.7496,1.7416,1.7478,10007
2006-03-16 00:00:00,1.7479,1.7597,1.7437,1.7572999999999999,10277
2006-03-17 00:00:00,1.7572,1.7581,1.7511,1.7565,9706
2006-03-18 00:00:00,1.7565,1.7566000000000002,1.7547000000000001,1.7555,116
2006-03-20 00:00:00,1.7553,1.759,1.7528000000000001,1.7563,9063
2006-03-21 00:00:00,1.7563,1.7565,1.745,1.7477,10399
2006-03-22 00:00:00,1.7478,1.751,1.7452,1.7471,9563
2006-03-23 00:00:00,1.7469999999999999,1.7475,1.7327,1.7348,9654
2006-03-24 00:00:00,1.7345000000000002,1.7446000000000002,1.7309,1.7425000000000002,9798
2006-03-25 00:00:00,1.7425000000000002,1.7431,1.7415,1.742,94
2006-03-27 00:00:00,1.7429000000000001,1.7496,1.7414,1.7465000000000002,9300
2006-03-28 00:00:00,1.7464,1.7539,1.7426,1.7438,10548
2006-03-29 00:00:00,1.7437,1.7445,1.7315,1.7351999999999999,9453
2006-03-30 00:00:00,1.7351999999999999,1.7486000000000002,1.7334,1.7465000000000002,10508
2006-03-31 00:00:00,1.7466,1.748,1.7336,1.7370999999999999,10397
2006-04-01 00:00:00,1.7372,1.7385000000000002,1.7367,1.7372,300
2006-04-03 00:00:00,1.7365,1.7407,1.725,1.7391999999999999,9671
2006-04-04 00:00:00,1.7391999999999999,1.7579,1.7368999999999999,1.755,9986
2006-04-05 00:00:00,1.7551,1.7619,1.748,1.7536,10602
2006-04-06 00:00:00,1.7536,1.7599,1.7489,1.7532,10748
2006-04-07 00:00:00,1.7532999999999999,1.7537,1.7393999999999998,1.7429000000000001,10674
2006-04-08 00:00:00,1.7429000000000001,1.7442,1.7416,1.7421,222
2006-04-10 00:00:00,1.7428,1.7475,1.7376,1.7428,8424
2006-04-11 00:00:00,1.7427000000000001,1.7496,1.7393,1.7489,9565
2006-04-12 00:00:00,1.7489,1.7574999999999998,1.746,1.7495,9439
2006-04-13 00:00:00,1.7494,1.7564,1.7484,1.7524,10163
2006-04-14 00:00:00,1.7523,1.7536,1.7506,1.7513,7183
2006-04-15 00:00:00,1.7513,1.7513999999999998,1.7503,1.7511999999999999,24
2006-04-17 00:00:00,1.7532,1.775,1.7530999999999999,1.7692999999999999,9257
2006-04-18 00:00:00,1.7694,1.7835999999999999,1.7679,1.783,10004
2006-04-19 00:00:00,1.7829000000000002,1.7938,1.7795,1.7928,10242
2006-04-20 00:00:00,1.7928,1.7934,1.7755,1.7788,10050
2006-04-21 00:00:00,1.7787,1.7850000000000001,1.7749000000000001,1.7827,9603
2006-04-22 00:00:00,1.7825,1.7833,1.7812999999999999,1.7824,171
2006-04-24 00:00:00,1.7868,1.7934,1.7792,1.7883,10006
2006-04-25 00:00:00,1.7883,1.7945,1.7826,1.7883,9955
2006-04-26 00:00:00,1.7883,1.7912,1.78,1.7846,10497
2006-04-27 00:00:00,1.7846,1.8048,1.7819,1.8018999999999998,10170
2006-04-28 00:00:00,1.802,1.8262,1.8,1.8256999999999999,10618
2006-04-29 00:00:00,1.8256999999999999,1.8268,1.8251,1.8256999999999999,120
2006-05-01 00:00:00,1.8235999999999999,1.8416000000000001,1.8205,1.8254000000000001,9122
2006-05-02 00:00:00,1.8255,1.8428,1.8206,1.8397999999999999,10443
2006-05-03 00:00:00,1.8397999999999999,1.8479,1.8354,1.842,10662
2006-05-04 00:00:00,1.8420999999999998,1.8552,1.8336000000000001,1.8519,10675
2006-05-05 00:00:00,1.8518,1.8625,1.8475000000000001,1.8592,10501
2006-05-06 00:00:00,1.8592,1.8599,1.8587,1.8595000000000002,74
2006-05-08 00:00:00,1.8628,1.8693,1.8549,1.8592,9991
2006-05-09 00:00:00,1.8591,1.8692,1.8513,1.8673,9915
2006-05-10 00:00:00,1.8673,1.8736000000000002,1.8601999999999999,1.8638,10746
2006-05-11 00:00:00,1.8636,1.8860000000000001,1.8531,1.8827,10972
2006-05-12 00:00:00,1.8827,1.9001000000000001,1.8816000000000002,1.8946,11850
2006-05-13 00:00:00,1.8947,1.8961000000000001,1.8935,1.8947,172
2006-05-15 00:00:00,1.8965999999999998,1.8999000000000001,1.8763999999999998,1.879,10028
2006-05-16 00:00:00,1.879,1.8898000000000001,1.8745,1.8879000000000001,10429
2006-05-17 00:00:00,1.8879000000000001,1.9026999999999998,1.8775,1.8829,11516
2006-05-18 00:00:00,1.883,1.895,1.8791,1.8933,10761
2006-05-19 00:00:00,1.8933,1.8965,1.87,1.8796,11324
2006-05-20 00:00:00,1.8796,1.8799000000000001,1.8772,1.8778000000000001,136
2006-05-22 00:00:00,1.8771,1.8889,1.8632,1.8868,10150
2006-05-23 00:00:00,1.8868,1.8887,1.8776000000000002,1.88,10573
2006-05-24 00:00:00,1.88,1.8864,1.8652,1.8688,11644
2006-05-25 00:00:00,1.8687,1.8748,1.8665,1.8732,10361
2006-05-26 00:00:00,1.8733,1.8776000000000002,1.8531,1.8594,10593
2006-05-27 00:00:00,1.8593,1.8599999999999999,1.8587,1.8594,233
2006-05-29 00:00:00,1.858,1.8645,1.8561,1.8599,8999
2006-05-30 00:00:00,1.8599999999999999,1.887,1.858,1.8839000000000001,11152
2006-05-31 00:00:00,1.8839000000000001,1.8860000000000001,1.8685,1.8696000000000002,11185
2006-06-01 00:00:00,1.8697,1.8728,1.8563,1.8657,10513
2006-06-02 00:00:00,1.8656000000000001,1.8862999999999999,1.8608,1.8824,10368
2006-06-03 00:00:00,1.8826,1.8826,1.8806,1.8819,108
2006-06-05 00:00:00,1.8833,1.8881999999999999,1.8717000000000001,1.8721999999999999,10186
2006-06-06 00:00:00,1.8723,1.8775,1.8589,1.8606,11201
2006-06-07 00:00:00,1.8605,1.865,1.8529,1.8545,10913
2006-06-08 00:00:00,1.8546,1.858,1.837,1.8423,11600
2006-06-09 00:00:00,1.8424,1.8487,1.8364,1.8406,10873
2006-06-10 00:00:00,1.8405,1.8416000000000001,1.8401,1.8406,128
2006-06-12 00:00:00,1.8395000000000001,1.8472,1.8378,1.8424,9616
2006-06-13 00:00:00,1.8420999999999998,1.846,1.8316,1.8327,10593
2006-06-14 00:00:00,1.8328,1.8502,1.8326,1.8427,10911
2006-06-15 00:00:00,1.8428,1.8549,1.8418999999999999,1.8496000000000001,10982
2006-06-16 00:00:00,1.8495,1.8563,1.8469,1.8502,9885
2006-06-17 00:00:00,1.8502,1.8524,1.8498,1.8505,86
2006-06-19 00:00:00,1.8517000000000001,1.8533,1.8369,1.8414000000000001,9770
2006-06-20 00:00:00,1.8414000000000001,1.8463,1.8368,1.8420999999999998,9891
2006-06-21 00:00:00,1.842,1.8475000000000001,1.8409,1.8448,9775
2006-06-22 00:00:00,1.8448,1.8474,1.8262,1.8279999999999998,10319
2006-06-23 00:00:00,1.8279999999999998,1.8315000000000001,1.8126,1.8176999999999999,10577
2006-06-24 00:00:00,1.8176,1.8192,1.817,1.8187,141
2006-06-26 00:00:00,1.8188,1.8248,1.8161,1.8235999999999999,10034
2006-06-27 00:00:00,1.8237999999999999,1.8266,1.8185,1.8213,10496
2006-06-28 00:00:00,1.8215,1.8243,1.8141,1.8187,10050
2006-06-29 00:00:00,1.8187,1.83,1.8089,1.8277999999999999,10902
2006-06-30 00:00:00,1.8277999999999999,1.8502,1.8262,1.8481999999999998,11166
2006-07-01 00:00:00,1.8481999999999998,1.8502999999999998,1.8477000000000001,1.8498,42
2006-07-03 00:00:00,1.8476,1.8491,1.8384,1.842,9416
2006-07-04 00:00:00,1.8420999999999998,1.8481999999999998,1.8414000000000001,1.8458,9472
2006-07-05 00:00:00,1.846,1.8489,1.8326,1.8345,10320
2006-07-06 00:00:00,1.8344,1.8411,1.8333,1.8372000000000002,10117
2006-07-07 00:00:00,1.8372000000000002,1.8542,1.8355000000000001,1.851,9775
2006-07-08 00:00:00,1.8511,1.8512,1.8498,1.8509,114
2006-07-10 00:00:00,1.8502,1.8523,1.8367,1.8409,9551
2006-07-11 00:00:00,1.8409,1.8475000000000001,1.8366,1.8464,10367
2006-07-12 00:00:00,1.8463,1.8483,1.8309,1.8348,10195
2006-07-13 00:00:00,1.8348,1.847,1.833,1.8437999999999999,10407
2006-07-14 00:00:00,1.8437999999999999,1.8453,1.8338999999999999,1.8382,11356
2006-07-15 00:00:00,1.8384,1.8395000000000001,1.8376000000000001,1.8387,138
2006-07-17 00:00:00,1.8378,1.839,1.8176,1.8186,9429
2006-07-18 00:00:00,1.8185,1.833,1.8182,1.8262,11143
2006-07-19 00:00:00,1.826,1.8443,1.8229,1.8418999999999999,11130
2006-07-20 00:00:00,1.8418999999999999,1.8521,1.8413,1.8486,10798
2006-07-21 00:00:00,1.8487,1.8601,1.8467,1.8587,9884
2006-07-22 00:00:00,1.8585,1.8599999999999999,1.8582,1.8584,190
2006-07-24 00:00:00,1.8593,1.8599,1.8481,1.8512,9983
2006-07-25 00:00:00,1.8512,1.854,1.8384,1.8395000000000001,10562
2006-07-26 00:00:00,1.8395000000000001,1.8553,1.8389,1.8544,10139
2006-07-27 00:00:00,1.8542,1.8678,1.8527,1.8574000000000002,10765
2006-07-28 00:00:00,1.8576000000000001,1.8668,1.8542999999999998,1.8636,10673
2006-07-29 00:00:00,1.8638,1.8645,1.8625,1.8632,120
2006-07-31 00:00:00,1.8627,1.8692,1.8617,1.8674,9847
2006-08-01 00:00:00,1.8675000000000002,1.8767,1.8626,1.8763,10793
2006-08-02 00:00:00,1.8765,1.8799000000000001,1.8731,1.8766,10432
2006-08-03 00:00:00,1.8766,1.8917000000000002,1.8697,1.8878,11813
2006-08-04 00:00:00,1.8877000000000002,1.9131,1.8852,1.908,11213
2006-08-05 00:00:00,1.908,1.9088,1.9066999999999998,1.9076,134
2006-08-07 00:00:00,1.9074,1.9117,1.9043999999999999,1.9066999999999998,9249
2006-08-08 00:00:00,1.9066999999999998,1.9146,1.9033,1.9075,10132
2006-08-09 00:00:00,1.9076,1.9113,1.8972,1.9045999999999998,10624
2006-08-10 00:00:00,1.9045,1.9092,1.8867,1.8935,11598
2006-08-11 00:00:00,1.8934,1.8992,1.8885999999999998,1.8904999999999998,10837
2006-08-12 00:00:00,1.8902999999999999,1.8911,1.8896,1.8902,93
2006-08-14 00:00:00,1.8897,1.8954,1.8841,1.8873,9659
2006-08-15 00:00:00,1.8874,1.8981,1.8854,1.8939,10604
2006-08-16 00:00:00,1.8938000000000001,1.9026,1.8879000000000001,1.8954,9927
2006-08-17 00:00:00,1.8954,1.9011,1.8820000000000001,1.8853,10434
2006-08-18 00:00:00,1.8851,1.8871,1.8775,1.8815,9815
2006-08-19 00:00:00,1.8814,1.8831,1.8808,1.8815,112
2006-08-21 00:00:00,1.8814,1.8999000000000001,1.8809,1.8942,9959
2006-08-22 00:00:00,1.8942,1.8953,1.8855,1.888,11095
2006-08-23 00:00:00,1.888,1.9001000000000001,1.8862,1.8934,10556
2006-08-24 00:00:00,1.8934,1.8976,1.8858000000000001,1.8868,11099
2006-08-25 00:00:00,1.8869,1.8919000000000001,1.8829,1.8872,10782
2006-08-26 00:00:00,1.8872,1.8883999999999999,1.8859,1.887,374
2006-08-28 00:00:00,1.8874,1.8994,1.8862,1.8929,8643
2006-08-29 00:00:00,1.8929,1.9031,1.8897,1.8984,10801
2006-08-30 00:00:00,1.8984,1.9062999999999999,1.8971,1.9043999999999999,10714
2006-08-31 00:00:00,1.9043999999999999,1.9094,1.8994,1.9049,10748
2006-09-01 00:00:00,1.9048,1.9071,1.8956,1.9054,10833
2006-09-02 00:00:00,1.9053,1.9071,1.9033,1.9045,155
2006-09-04 00:00:00,1.9064999999999999,1.9083999999999999,1.9029,1.9072,8771
2006-09-05 00:00:00,1.9071,1.9075,1.8912,1.8947,10561
2006-09-06 00:00:00,1.8947,1.8959000000000001,1.879,1.8845,11016
2006-09-07 00:00:00,1.8843999999999999,1.8873,1.8707,1.8755,11373
2006-09-08 00:00:00,1.8755,1.8775,1.8628,1.8651,12090
2006-09-09 00:00:00,1.8652,1.8665,1.8636,1.8654,320
2006-09-11 00:00:00,1.8653,1.8709,1.8601,1.8657,9828
2006-09-12 00:00:00,1.8657,1.8776000000000002,1.863,1.8746,10827
2006-09-13 00:00:00,1.8746,1.8780000000000001,1.871,1.876,10779
2006-09-14 00:00:00,1.8761999999999999,1.8921000000000001,1.8755,1.8864999999999998,10756
2006-09-15 00:00:00,1.8864999999999998,1.8883999999999999,1.8753,1.8813,10446
2006-09-16 00:00:00,1.8813,1.8816000000000002,1.879,1.879,83
2006-09-18 00:00:00,1.8780000000000001,1.8843,1.8735,1.8803,11212
2006-09-19 00:00:00,1.8801999999999999,1.8885,1.8772,1.8822,14136
2006-09-20 00:00:00,1.8817,1.8928,1.8801,1.8883999999999999,14102
2006-09-21 00:00:00,1.8883,1.9031,1.8862,1.9021,15973
2006-09-22 00:00:00,1.9020000000000001,1.9062000000000001,1.8993,1.9001000000000001,15268
2006-09-25 00:00:00,1.9008,1.9072,1.8981,1.8996,13903
2006-09-26 00:00:00,1.8997000000000002,1.9026999999999998,1.893,1.8942999999999999,15020
2006-09-27 00:00:00,1.8941,1.8961000000000001,1.8852,1.889,15180
2006-09-28 00:00:00,1.8892,1.8916,1.8721999999999999,1.8769,14786
2006-09-29 00:00:00,1.8772,1.8780999999999999,1.8631,1.8721999999999999,13021
2006-10-02 00:00:00,1.8747,1.8875,1.8676,1.8868,11466
2006-10-03 00:00:00,1.8867,1.8900000000000001,1.8855,1.8876,12262
2006-10-04 00:00:00,1.8877000000000002,1.8883,1.8784,1.8860999999999999,14630
2006-10-05 00:00:00,1.8862,1.8868,1.875,1.8791,10337
2006-10-06 00:00:00,1.8792,1.8856000000000002,1.8672,1.8705,9399
2006-10-09 00:00:00,1.8688,1.8714,1.8634,1.8671,7116
2006-10-10 00:00:00,1.8672,1.8702,1.8527,1.8540999999999999,9291
2006-10-11 00:00:00,1.854,1.8588,1.8517000000000001,1.8533,8623
2006-10-12 00:00:00,1.8535,1.8612,1.8531,1.859,8241
2006-10-13 00:00:00,1.8591,1.8632,1.8533,1.8557000000000001,8369
2006-10-16 00:00:00,1.8549,1.8646,1.8523,1.8617,8930
2006-10-17 00:00:00,1.8615,1.8735,1.8608,1.8706,9303
2006-10-18 00:00:00,1.8705,1.8738000000000001,1.8662,1.8679000000000001,10250
2006-10-19 00:00:00,1.8681,1.8798,1.8664,1.8775,9032
2006-10-20 00:00:00,1.8776000000000002,1.8860000000000001,1.8754,1.8833,9278
2006-10-23 00:00:00,1.8829,1.8832,1.8685,1.8735,7269
2006-10-24 00:00:00,1.8739,1.8767,1.8672,1.8726,7821
2006-10-25 00:00:00,1.8725,1.8799000000000001,1.8717000000000001,1.877,8880
2006-10-26 00:00:00,1.8771,1.8923999999999999,1.8767,1.8904999999999998,9435
2006-10-27 00:00:00,1.8902999999999999,1.9002,1.8869,1.8978000000000002,8849
2006-10-30 00:00:00,1.8961999999999999,1.9041000000000001,1.8953,1.9013,8047
2006-10-31 00:00:00,1.9011,1.9097,1.8956,1.9072,9236
2006-11-01 00:00:00,1.9073,1.9135,1.9054,1.9085,9106
2006-11-02 00:00:00,1.9087,1.9106,1.9033,1.9083999999999999,8452
2006-11-03 00:00:00,1.9083,1.9106999999999998,1.8974,1.9011,8150
2006-11-06 00:00:00,1.9016,1.9026999999999998,1.8947,1.8974,6942
2006-11-07 00:00:00,1.8975,1.9121000000000001,1.8969,1.9058000000000002,8296
2006-11-08 00:00:00,1.9057,1.9096,1.9005,1.9051,8310
2006-11-09 00:00:00,1.9052,1.9083999999999999,1.8973,1.9049,9211
2006-11-10 00:00:00,1.905,1.9177,1.9049,1.9104999999999999,9478
2006-11-13 00:00:00,1.9119000000000002,1.9153,1.8996,1.9009,10406
2006-11-14 00:00:00,1.9008,1.9049,1.8921999999999999,1.8952,9580
2006-11-15 00:00:00,1.8953,1.8968,1.8836,1.8887,8977
2006-11-16 00:00:00,1.8885999999999998,1.8932,1.8851,1.8883,7736
2006-11-17 00:00:00,1.8881000000000001,1.8965999999999998,1.8835,1.8942999999999999,7452
2006-11-20 00:00:00,1.8944999999999999,1.8984999999999999,1.8931,1.8975,6918
2006-11-21 00:00:00,1.8976,1.9005999999999998,1.896,1.8988,6569
2006-11-22 00:00:00,1.8989,1.9165,1.8982999999999999,1.9144,7726
2006-11-23 00:00:00,1.9146,1.9169,1.9129,1.9156,5982
2006-11-24 00:00:00,1.9156,1.9348,1.9144999999999999,1.932,8363
2006-11-27 00:00:00,1.939,1.9409999999999998,1.9304999999999999,1.938,9289
2006-11-28 00:00:00,1.9374,1.9535,1.9367,1.9515,9958
2006-11-29 00:00:00,1.9514,1.9544000000000001,1.9434,1.9464000000000001,12114
2006-11-30 00:00:00,1.9462000000000002,1.9697,1.9445999999999999,1.9659,10531
2006-12-01 00:00:00,1.9658,1.9846,1.9634,1.9809999999999999,10009
2006-12-04 00:00:00,1.9832,1.9838,1.9722,1.9814,8739
2006-12-05 00:00:00,1.9815,1.9819,1.9677,1.9731,9727
2006-12-06 00:00:00,1.9729,1.9739,1.9615,1.9663,8259
2006-12-07 00:00:00,1.9661,1.971,1.9611,1.9628999999999999,8504
2006-12-08 00:00:00,1.9632,1.9727999999999999,1.9517,1.9545,10443
2006-12-11 00:00:00,1.9529,1.9594,1.9463,1.958,8237
2006-12-12 00:00:00,1.9578,1.9714,1.9574,1.9710999999999999,9394
2006-12-13 00:00:00,1.971,1.9727000000000001,1.9604,1.9666000000000001,8058
2006-12-14 00:00:00,1.9667,1.9712,1.9578,1.9601,7388
2006-12-15 00:00:00,1.9603000000000002,1.9664000000000001,1.9498,1.9521,9770
2006-12-18 00:00:00,1.9522,1.9578,1.9433,1.9475,6546
2006-12-19 00:00:00,1.9474,1.97,1.9463,1.9694,8224
2006-12-20 00:00:00,1.9691999999999998,1.9747,1.9618,1.9642,7730
2006-12-21 00:00:00,1.9641,1.9697,1.9557,1.9615,8402
2006-12-22 00:00:00,1.9613,1.9682,1.9557,1.9579,8399
2006-12-26 00:00:00,1.9579,1.9597,1.9514,1.9536,7770
2006-12-27 00:00:00,1.9533,1.9632,1.9526,1.956,8810
2006-12-28 00:00:00,1.9561,1.9677,1.9552,1.9624000000000001,9455
2006-12-29 00:00:00,1.9628,1.9668999999999999,1.9566,1.9586999999999999,9403
2007-01-02 00:00:00,1.9613,1.9741,1.9586999999999999,1.9736,13029
2007-01-03 00:00:00,1.9737,1.975,1.948,1.9513,9810
2007-01-04 00:00:00,1.9515,1.9529,1.9396,1.9426999999999999,10788
2007-01-05 00:00:00,1.9428,1.9445999999999999,1.9263,1.929,10561
2007-01-06 00:00:00,1.9291,1.9291,1.9291,1.9291,1
2007-01-08 00:00:00,1.9303,1.9403000000000001,1.9260000000000002,1.9378,8364
2007-01-09 00:00:00,1.9377,1.9454,1.9374,1.9393,9332
2007-01-10 00:00:00,1.9392,1.9421,1.9312,1.932,9928
2007-01-11 00:00:00,1.9319,1.9536,1.9316,1.9449999999999998,10842
2007-01-12 00:00:00,1.9451,1.9606,1.9425,1.9588999999999999,10452
2007-01-15 00:00:00,1.959,1.9667,1.9569,1.9642,7139
2007-01-16 00:00:00,1.9647999999999999,1.9706000000000001,1.959,1.9613,10152
2007-01-17 00:00:00,1.9611,1.9726,1.9596,1.9694,8983
2007-01-18 00:00:00,1.9696,1.9777,1.9635,1.9741,10111
2007-01-19 00:00:00,1.974,1.9771999999999998,1.9694,1.9738,9100
2007-01-22 00:00:00,1.9737,1.9786000000000001,1.9715,1.976,7660
2007-01-23 00:00:00,1.9761,1.9912999999999998,1.9748,1.9811999999999999,9676
2007-01-24 00:00:00,1.9809999999999999,1.983,1.9644,1.9695,11012
2007-01-25 00:00:00,1.9693,1.9733,1.9623,1.964,9677
2007-01-26 00:00:00,1.9639,1.9679,1.9559,1.9593,8987
2007-01-29 00:00:00,1.9609999999999999,1.9613,1.9546999999999999,1.9607999999999999,5424
2007-01-30 00:00:00,1.9607,1.9695,1.9596,1.9626000000000001,7001
2007-01-31 00:00:00,1.9627,1.9668,1.948,1.9653,8775
2007-02-01 00:00:00,1.9651,1.9737,1.962,1.9667,7408
2007-02-02 00:00:00,1.9665,1.9746000000000001,1.9635,1.966,6858
2007-02-05 00:00:00,1.9653,1.9667,1.9535,1.9601,6414
2007-02-06 00:00:00,1.9602,1.972,1.9588,1.971,5960
2007-02-07 00:00:00,1.9708,1.9731999999999998,1.9672,1.9706000000000001,5535
2007-02-08 00:00:00,1.9704000000000002,1.9727000000000001,1.9541,1.9586999999999999,7888
2007-02-09 00:00:00,1.9590999999999998,1.96,1.9457,1.9489999999999998,7202
2007-02-12 00:00:00,1.9518,1.9566,1.9437,1.9468999999999999,6014
2007-02-13 00:00:00,1.9468,1.9522,1.94,1.9468,6847
2007-02-14 00:00:00,1.9466,1.9639,1.9453,1.9627,7779
2007-02-15 00:00:00,1.9625,1.9678,1.9508,1.951,8794
2007-02-16 00:00:00,1.9508999999999999,1.954,1.9461,1.9496,7053
2007-02-19 00:00:00,1.9543,1.956,1.9428999999999998,1.9515,4495
2007-02-20 00:00:00,1.9513,1.9575,1.9477,1.9550999999999998,6214
2007-02-21 00:00:00,1.9548999999999999,1.959,1.9485999999999999,1.954,8163
2007-02-22 00:00:00,1.9539,1.96,1.946,1.9561,6559
2007-02-23 00:00:00,1.9562,1.9654,1.9535,1.9635,4960
2007-02-26 00:00:00,1.9632,1.9659,1.9606,1.9634,4882
2007-02-27 00:00:00,1.9635,1.9672,1.9590999999999998,1.9619,9831
2007-02-28 00:00:00,1.962,1.9644,1.9516,1.9638,12178
2007-03-01 00:00:00,1.9637,1.9651,1.9553,1.9583,9033
2007-03-02 00:00:00,1.9586999999999999,1.9586999999999999,1.9411,1.9433,9064
2007-03-05 00:00:00,1.9444,1.9447,1.9184,1.9203000000000001,9615
2007-03-06 00:00:00,1.9205999999999999,1.9321000000000002,1.9184999999999999,1.9315,7872
2007-03-07 00:00:00,1.9314,1.936,1.9260000000000002,1.9327999999999999,6988
2007-03-08 00:00:00,1.9327,1.9352,1.9271,1.9282,6652
2007-03-09 00:00:00,1.9284,1.9340000000000002,1.9266,1.932,5787
2007-03-12 00:00:00,1.9346,1.9433,1.925,1.9327999999999999,6243
2007-03-13 00:00:00,1.9327,1.9353,1.927,1.9281000000000001,6461
2007-03-14 00:00:00,1.9282,1.9372,1.9212,1.9342000000000001,7610
2007-03-15 00:00:00,1.9340000000000002,1.9392,1.9306,1.9363000000000001,6671
2007-03-16 00:00:00,1.9364,1.9504000000000001,1.9357,1.9421,6799
2007-03-19 00:00:00,1.9403000000000001,1.9472,1.9394,1.9449999999999998,4886
2007-03-20 00:00:00,1.9451,1.9622000000000002,1.9428999999999998,1.9616,6516
2007-03-21 00:00:00,1.9618,1.9691,1.9554,1.9686,6213
2007-03-22 00:00:00,1.9687000000000001,1.9724,1.9611,1.9644,6705
2007-03-23 00:00:00,1.9641,1.9689999999999999,1.9586000000000001,1.9615,6558
2007-03-26 00:00:00,1.9601,1.972,1.9569999999999999,1.9691,5656
2007-03-27 00:00:00,1.9691999999999998,1.9701,1.9619,1.9655,5591
2007-03-28 00:00:00,1.9656,1.9681,1.9597,1.9615,8551
2007-03-29 00:00:00,1.9613,1.9658,1.9612,1.9619,5039
2007-03-30 00:00:00,1.9618,1.9716,1.9544000000000001,1.9679,6990
2007-04-02 00:00:00,1.9691,1.9801,1.9662,1.9778,5215
2007-04-03 00:00:00,1.9777,1.9823,1.9727999999999999,1.9741,4948
2007-04-04 00:00:00,1.974,1.9773,1.9716,1.9762,5139
2007-04-05 00:00:00,1.9763,1.9769,1.9667,1.9708,5432
2007-04-06 00:00:00,1.9706000000000001,1.9722,1.9636,1.9651999999999998,2826
2007-04-09 00:00:00,1.9651,1.9655,1.9590999999999998,1.9626000000000001,2652
2007-04-10 00:00:00,1.9625,1.9750999999999999,1.9612,1.9727000000000001,5069
2007-04-11 00:00:00,1.9727999999999999,1.9817,1.9708999999999999,1.9748,6152
2007-04-12 00:00:00,1.9744000000000002,1.9813,1.9724,1.9790999999999999,6070
2007-04-13 00:00:00,1.9792,1.9886,1.978,1.9862,7031
2007-04-16 00:00:00,1.9868000000000001,1.9939,1.9861,1.9895,5427
2007-04-17 00:00:00,1.9891999999999999,2.0074,1.988,2.0067,6547
2007-04-18 00:00:00,2.0069,2.0132,2.0013,2.0085,5939
2007-04-19 00:00:00,2.0083,2.0094,1.9982,2.0031,6915
2007-04-20 00:00:00,2.0028,2.0068,1.9989,2.0021,5434
2007-04-23 00:00:00,2.0055,2.0057,1.9969999999999999,2.0007,4902
2007-04-24 00:00:00,2.0006,2.0044,1.9952999999999999,2.0018,6038
2007-04-25 00:00:00,2.0021,2.0061,2.0004,2.0013,5170
2007-04-26 00:00:00,2.0011,2.0058,1.9891,1.9912999999999998,5954
2007-04-27 00:00:00,1.9910999999999999,2.0043,1.9864000000000002,1.9973999999999998,6702
2007-04-30 00:00:00,1.9965000000000002,2.0031,1.9889000000000001,1.9995,5951
2007-05-01 00:00:00,1.9992999999999999,2.0072,1.9979,1.9986000000000002,5767
2007-05-02 00:00:00,1.9983,1.9997,1.987,1.9898,6256
2007-05-03 00:00:00,1.9896,1.9946000000000002,1.9855,1.9867,4989
2007-05-04 00:00:00,1.9868000000000001,1.994,1.9842,1.9921,5575
2007-05-07 00:00:00,1.994,1.9973999999999998,1.9924,1.9928,3667
2007-05-08 00:00:00,1.9927000000000001,1.9963,1.9878,1.9895,5180
2007-05-09 00:00:00,1.9893,1.9999,1.9882,1.9936,4967
2007-05-10 00:00:00,1.9935,1.9961,1.9769999999999999,1.9795,7356
2007-05-11 00:00:00,1.9798,1.9845000000000002,1.9762,1.9811999999999999,5838
2007-05-14 00:00:00,1.9817,1.9843,1.978,1.9792,3769
2007-05-15 00:00:00,1.9794,1.9870999999999999,1.9744000000000002,1.9859,6132
2007-05-16 00:00:00,1.9863,1.9872999999999998,1.9756,1.9769,5943
2007-05-17 00:00:00,1.9771,1.9790999999999999,1.9733,1.9746000000000001,4546
2007-05-18 00:00:00,1.9744000000000002,1.9777,1.9699,1.9745,5045
2007-05-21 00:00:00,1.9744000000000002,1.9756,1.9677,1.9713,4586
2007-05-22 00:00:00,1.9712,1.9769,1.9701,1.9744000000000002,4157
2007-05-23 00:00:00,1.9745,1.9893,1.9715,1.9866000000000001,5753
2007-05-24 00:00:00,1.9864000000000002,1.9888,1.9828000000000001,1.9845000000000002,5217
2007-05-25 00:00:00,1.9846,1.9878,1.9830999999999999,1.9837,4643
2007-05-28 00:00:00,1.9841,1.9849,1.9827,1.9835,1347
2007-05-29 00:00:00,1.9832,1.9899,1.9788999999999999,1.9809999999999999,6147
2007-05-30 00:00:00,1.9811999999999999,1.983,1.9733,1.9759,5303
2007-05-31 00:00:00,1.976,1.9819,1.9735,1.9795,4974
2007-06-01 00:00:00,1.9796,1.9824000000000002,1.9767000000000001,1.9823,5389
2007-06-04 00:00:00,1.982,1.9927000000000001,1.9813,1.9912999999999998,4044
2007-06-05 00:00:00,1.9910999999999999,1.9967000000000001,1.9907,1.9933999999999998,4196
2007-06-06 00:00:00,1.9931999999999999,1.9956,1.9909,1.9924,4020
2007-06-07 00:00:00,1.9925000000000002,1.994,1.9745,1.978,6267
2007-06-08 00:00:00,1.9777,1.9790999999999999,1.962,1.9698,6904
2007-06-11 00:00:00,1.9694,1.9702,1.9651999999999998,1.9691,4218
2007-06-12 00:00:00,1.9694,1.9783,1.9687000000000001,1.9741,5736
2007-06-13 00:00:00,1.9742,1.9763,1.9674,1.9729999999999999,6160
2007-06-14 00:00:00,1.9727999999999999,1.9735,1.9656,1.9691,5591
2007-06-15 00:00:00,1.9691999999999998,1.9777,1.9687000000000001,1.976,5143
2007-06-18 00:00:00,1.9759,1.9843,1.9756,1.9832999999999998,6039
2007-06-19 00:00:00,1.9830999999999999,1.9889000000000001,1.9825,1.9887000000000001,5611
2007-06-20 00:00:00,1.9888,1.9947,1.9867,1.9929999999999999,5775
2007-06-21 00:00:00,1.9929000000000001,1.9941,1.9886,1.9925000000000002,5933
2007-06-22 00:00:00,1.9924,1.9996,1.9910999999999999,1.9992,6014
2007-06-25 00:00:00,1.9985,2.0005,1.9956,1.9975,4444
2007-06-26 00:00:00,1.9976,2.0016,1.9959,1.9988000000000001,5801
2007-06-27 00:00:00,1.9987,1.9992999999999999,1.9928,1.9992999999999999,6512
2007-06-28 00:00:00,1.9990999999999999,2.0042,1.9975,2.0027,6403
2007-06-29 00:00:00,2.0028,2.0086,2.0009,2.0086,7532
2007-07-02 00:00:00,2.0084,2.0181,2.007,2.0169,6573
2007-07-03 00:00:00,2.0167,2.0195,2.0131,2.0158,5741
2007-07-04 00:00:00,2.0157,2.0206,2.0149,2.0164,4167
2007-07-05 00:00:00,2.0163,2.0201,2.0089,2.0115,7460
2007-07-06 00:00:00,2.0114,2.0141,2.0057,2.0107,6908
2007-07-09 00:00:00,2.0116,2.0171,2.0097,2.0153,4392
2007-07-10 00:00:00,2.0152,2.028,2.012,2.0279,7986
2007-07-11 00:00:00,2.0278,2.0361,2.0244,2.0322,8416
2007-07-12 00:00:00,2.0323,2.0362999999999998,2.0269,2.0301,7154
2007-07-13 00:00:00,2.0299,2.0365,2.0259,2.0341,7368
2007-07-16 00:00:00,2.0339,2.04,2.0326,2.0361,5062
2007-07-17 00:00:00,2.036,2.0474,2.0348,2.0465,6641
2007-07-18 00:00:00,2.0466,2.0547,2.0459,2.0527,9218
2007-07-19 00:00:00,2.0528,2.0541,2.0469,2.0487,6633
2007-07-20 00:00:00,2.0488,2.0586,2.048,2.0561,6783
2007-07-23 00:00:00,2.0551,2.0602,2.0548,2.0592,6065
2007-07-24 00:00:00,2.0593,2.0652,2.0585,2.0625,7658
2007-07-25 00:00:00,2.0627,2.063,2.0485,2.0537,8562
2007-07-26 00:00:00,2.0536,2.0561,2.0425,2.0492,11835
2007-07-27 00:00:00,2.0489,2.0493,2.0231,2.024,13551
2007-07-30 00:00:00,2.0206,2.0288,2.0182,2.0245,8719
2007-07-31 00:00:00,2.0246,2.0377,2.0235,2.0311,9334
2007-08-01 00:00:00,2.031,2.035,2.0203,2.0324,11199
2007-08-02 00:00:00,2.0323,2.0377,2.0281,2.0372,8975
2007-08-03 00:00:00,2.0371,2.046,2.0338,2.0408,8252
2007-08-06 00:00:00,2.0421,2.0462,2.028,2.0313,9484
2007-08-07 00:00:00,2.0312,2.0336,2.0188,2.0212,9040
2007-08-08 00:00:00,2.0211,2.0397,2.0156,2.037,9933
2007-08-09 00:00:00,2.0368,2.0393,2.021,2.0232,14053
2007-08-10 00:00:00,2.0234,2.0268,2.0154,2.0231,12316
2007-08-13 00:00:00,2.0219,2.0259,2.0084,2.0124,9371
2007-08-14 00:00:00,2.0123,2.0132,1.9963,1.9965000000000002,11539
2007-08-15 00:00:00,1.9968,1.9971999999999999,1.9855,1.9886,13823
2007-08-16 00:00:00,1.9887000000000001,1.9889999999999999,1.9769999999999999,1.9828000000000001,20669
2007-08-17 00:00:00,1.9824000000000002,1.9935,1.9651999999999998,1.9811,17254
2007-08-20 00:00:00,1.9813,1.9901,1.9769,1.9876,10364
2007-08-21 00:00:00,1.9878,1.9907,1.9743,1.9816,10954
2007-08-22 00:00:00,1.9818,1.9928,1.9802,1.9927000000000001,9326
2007-08-23 00:00:00,1.9926,2.0092,1.9917,2.0057,12326
2007-08-24 00:00:00,2.0058,2.0148,1.9979,2.0141,10326
2007-08-27 00:00:00,2.0135,2.0191,2.0118,2.012,5929
2007-08-28 00:00:00,2.0121,2.014,2.0,2.0019,10139
2007-08-29 00:00:00,2.0018,2.018,1.996,2.0176,12322
2007-08-30 00:00:00,2.0175,2.0183,2.0043,2.0117,11730
2007-08-31 00:00:00,2.0119,2.0232,2.0109,2.017,12581
2007-09-03 00:00:00,2.0166,2.0213,2.0138,2.0182,5660
2007-09-04 00:00:00,2.0183,2.0195,2.0074,2.013,9197
2007-09-05 00:00:00,2.0129,2.0225,2.0042,2.0195,9787
2007-09-06 00:00:00,2.0196,2.0265,2.014,2.0238,10547
2007-09-07 00:00:00,2.0236,2.0322,2.016,2.0286,9473
2007-09-10 00:00:00,2.0281,2.033,2.0261,2.0277,7520
2007-09-11 00:00:00,2.0276,2.0335,2.0235,2.0332,10116
2007-09-12 00:00:00,2.0331,2.0365,2.0286,2.029,10067
2007-09-13 00:00:00,2.0291,2.0344,2.019,2.0191,9768
2007-09-14 00:00:00,2.019,2.0224,2.0054,2.0073,12905
2007-09-17 00:00:00,2.0059,2.0091,1.9915,1.9946000000000002,10093
2007-09-18 00:00:00,1.9945,2.015,1.9879,2.013,11979
2007-09-19 00:00:00,2.0129,2.0172,1.9950999999999999,2.0007,12302
2007-09-20 00:00:00,2.0008,2.0145,1.9973,2.0076,11751
2007-09-21 00:00:00,2.0077,2.0214,2.0077,2.0202,9495
2007-09-24 00:00:00,2.0206,2.0318,2.0198,2.0222,8338
2007-09-25 00:00:00,2.0221,2.0228,2.0085,2.0185,11256
2007-09-26 00:00:00,2.0182,2.0216,2.0105,2.0157,9384
2007-09-27 00:00:00,2.0156,2.0284,2.0135,2.0275,10072
2007-09-28 00:00:00,2.0274,2.0488,2.0195,2.0471,12959
2007-10-01 00:00:00,2.0472,2.0492,2.0376,2.0433,9067
2007-10-02 00:00:00,2.0434,2.0448,2.0368,2.0416,9199
2007-10-03 00:00:00,2.0414,2.0441,2.0309,2.0321,9729
2007-10-04 00:00:00,2.032,2.0427,2.0278,2.0386,10317
2007-10-05 00:00:00,2.0385,2.0441,2.0303,2.0422,9962
2007-10-08 00:00:00,2.0418,2.0426,2.0331,2.036,5446
2007-10-09 00:00:00,2.0359,2.0385,2.0255,2.0375,8109
2007-10-10 00:00:00,2.0374,2.0474,2.0365,2.0424,8803
2007-10-11 00:00:00,2.0423,2.0425,2.0308,2.0315,10110
2007-10-12 00:00:00,2.0316,2.0362999999999998,2.0244,2.0359,9255
2007-10-15 00:00:00,2.0351,2.0436,2.0319,2.0428,7257
2007-10-16 00:00:00,2.0429,2.0437,2.0292,2.0326,9965
2007-10-17 00:00:00,2.0327,2.0417,2.0285,2.0401,9796
2007-10-18 00:00:00,2.04,2.0512,2.0382,2.0442,9891
2007-10-19 00:00:00,2.0443,2.0523,2.0407,2.0516,9717
2007-10-22 00:00:00,2.0535,2.0538,2.0257,2.033,13066
2007-10-23 00:00:00,2.0329,2.0516,2.0305,2.0509,10694
2007-10-24 00:00:00,2.0508,2.0518,2.0424,2.0497,10450
2007-10-25 00:00:00,2.0496,2.0552,2.0452,2.0511,9641
2007-10-26 00:00:00,2.0513,2.0572,2.048,2.0524,8644
2007-10-29 00:00:00,2.0548,2.064,2.0528,2.0628,7424
2007-10-30 00:00:00,2.063,2.0701,2.0563,2.0677,8377
2007-10-31 00:00:00,2.0678,2.0822,2.0673,2.0811,10696
2007-11-01 00:00:00,2.0813,2.0873,2.0753,2.0775,11487
2007-11-02 00:00:00,2.0777,2.0897,2.0765,2.0894,11834
2007-11-05 00:00:00,2.0889,2.0893,2.0781,2.0806,9543
2007-11-06 00:00:00,2.0804,2.0904,2.0803,2.0876,8222
2007-11-07 00:00:00,2.0877,2.1069,2.086,2.1025,13800
2007-11-08 00:00:00,2.1022,2.1116,2.0974,2.1073,13052
2007-11-09 00:00:00,2.1074,2.1161,2.0878,2.0902,15153
2007-11-12 00:00:00,2.0824,2.087,2.0527,2.0529,15057
2007-11-13 00:00:00,2.053,2.076,2.0524,2.0708,12562
2007-11-14 00:00:00,2.0707,2.0843,2.0504,2.0524,14753
2007-11-15 00:00:00,2.0522,2.0618,2.0416,2.045,12944
2007-11-16 00:00:00,2.0451,2.055,2.0352,2.0544,11863
2007-11-19 00:00:00,2.0536,2.0565,2.045,2.0501,9826
2007-11-20 00:00:00,2.0503,2.0683,2.0455,2.0665,12476
2007-11-21 00:00:00,2.0664,2.0698,2.0526,2.0653,12652
2007-11-22 00:00:00,2.0655,2.0684,2.0584,2.062,7643
2007-11-23 00:00:00,2.0621,2.0762,2.0517,2.0627,12307
2007-11-26 00:00:00,2.0618,2.0736,2.0614,2.0709,9284
2007-11-27 00:00:00,2.0708,2.0755,2.0639,2.0685000000000002,11905
2007-11-28 00:00:00,2.0686,2.083,2.0581,2.0822,12956
2007-11-29 00:00:00,2.0821,2.0823,2.0594,2.0612,11817
2007-11-30 00:00:00,2.0611,2.0699,2.0532,2.0577,12386
2007-12-03 00:00:00,2.0558,2.0677,2.0523,2.0657,9797
2007-12-04 00:00:00,2.0656,2.0672,2.0558,2.0591,10568
2007-12-05 00:00:00,2.059,2.061,2.0241,2.026,13138
2007-12-06 00:00:00,2.0262000000000002,2.031,2.0179,2.0279,13436
2007-12-07 00:00:00,2.028,2.0344,2.022,2.0303,10409
2007-12-10 00:00:00,2.032,2.0487,2.031,2.0462,8510
2007-12-11 00:00:00,2.046,2.0518,2.0329,2.0342,10416
2007-12-12 00:00:00,2.0344,2.0577,2.0341,2.0468,10961
2007-12-13 00:00:00,2.0461,2.0482,2.0339,2.0413,11325
2007-12-14 00:00:00,2.0414,2.0447,2.0146,2.0174,13962
2007-12-17 00:00:00,2.0164,2.0226,2.01,2.0204,12543
2007-12-18 00:00:00,2.0205,2.0225,2.011,2.0144,11554
2007-12-19 00:00:00,2.0142,2.0195,1.9928,1.9978,13615
2007-12-20 00:00:00,1.9977,1.9984,1.9809999999999999,1.9839,10114
2007-12-21 00:00:00,1.9837,1.9893,1.9808,1.9836,10063
2007-12-24 00:00:00,1.9832,1.9845000000000002,1.9755,1.9769,5246
2007-12-26 00:00:00,1.9814,1.9849,1.9802,1.9839,2796
2007-12-27 00:00:00,1.984,1.9965000000000002,1.9825,1.9961,7777
2007-12-28 00:00:00,1.9958,2.0022,1.9903,1.9962,7900
2007-12-31 00:00:00,1.9971999999999999,2.0099,1.982,1.9842,4520
2008-01-02 00:00:00,1.9813,1.9872999999999998,1.9774,1.9807000000000001,9534
2008-01-03 00:00:00,1.9804,1.9838,1.9703,1.9708999999999999,12406
2008-01-04 00:00:00,1.971,1.9849,1.9673,1.9741,12601
2008-01-07 00:00:00,1.9736,1.9755,1.9654,1.9697,10481
2008-01-08 00:00:00,1.97,1.9827,1.9666000000000001,1.9731,11959
2008-01-09 00:00:00,1.9729999999999999,1.9762,1.9552,1.9584000000000001,12775
2008-01-10 00:00:00,1.9583,1.9668999999999999,1.9539,1.9614,14638
2008-01-11 00:00:00,1.9613,1.9635,1.9481000000000002,1.9565000000000001,13140
2008-01-14 00:00:00,1.9588999999999999,1.9647000000000001,1.9554,1.9558,9543
2008-01-15 00:00:00,1.9559,1.974,1.9525000000000001,1.9625,13525
2008-01-16 00:00:00,1.9624000000000001,1.972,1.9527,1.9634,17852
2008-01-17 00:00:00,1.9633,1.9788999999999999,1.9604,1.9714,16697
2008-01-18 00:00:00,1.9713,1.9726,1.9512,1.9553,14360
2008-01-21 00:00:00,1.9571,1.9583,1.9428999999999998,1.9433,12116
2008-01-22 00:00:00,1.9432,1.963,1.9337,1.9607,24252
2008-01-23 00:00:00,1.9606,1.9645000000000001,1.9463,1.9552,16662
2008-01-24 00:00:00,1.9554,1.9779,1.9501,1.9764,22819
2008-01-25 00:00:00,1.9763,1.9847000000000001,1.9746000000000001,1.983,13209
2008-01-28 00:00:00,1.9830999999999999,1.9889999999999999,1.9731,1.9841,9997
2008-01-29 00:00:00,1.9842,1.9928,1.9811,1.9893,10846
2008-01-30 00:00:00,1.9893999999999998,1.9957,1.9838,1.9864000000000002,12155
2008-01-31 00:00:00,1.9863,1.9944,1.9824000000000002,1.9870999999999999,14557
2008-02-01 00:00:00,1.9872,1.9938,1.9646,1.9649999999999999,15037
2008-02-04 00:00:00,1.9639,1.9786000000000001,1.9627,1.9734,10982
2008-02-05 00:00:00,1.9733,1.9763,1.9603000000000002,1.9647000000000001,13526
2008-02-06 00:00:00,1.9647999999999999,1.9661,1.9552,1.9614,11572
2008-02-07 00:00:00,1.9615,1.9621,1.9386,1.9422000000000001,14730
2008-02-08 00:00:00,1.9424000000000001,1.9508,1.9401000000000002,1.9458,11059
2008-02-11 00:00:00,1.9464000000000001,1.9529,1.9401000000000002,1.9508,10618
2008-02-12 00:00:00,1.9508999999999999,1.9633,1.9444,1.9597,13838
2008-02-13 00:00:00,1.9596,1.9663,1.9548999999999999,1.9628999999999999,12526
2008-02-14 00:00:00,1.9628,1.9737,1.9614,1.9689,10524
2008-02-15 00:00:00,1.9687999999999999,1.9723000000000002,1.9579,1.9612,10682
2008-02-18 00:00:00,1.9567999999999999,1.9636,1.9474,1.9523000000000001,8399
2008-02-19 00:00:00,1.9524,1.9542000000000002,1.9452,1.9483000000000001,12786
2008-02-20 00:00:00,1.9482,1.9501,1.9361000000000002,1.9417,12808
2008-02-21 00:00:00,1.9418,1.9641,1.9407999999999999,1.9626000000000001,11797
2008-02-22 00:00:00,1.9627,1.9707,1.9609,1.9668,9646
2008-02-25 00:00:00,1.9689999999999999,1.9699,1.9616,1.9672,8929
2008-02-26 00:00:00,1.9674,1.9875,1.9643000000000002,1.9868000000000001,11974
2008-02-27 00:00:00,1.987,1.9971,1.979,1.9816,15787
2008-02-28 00:00:00,1.9815,1.9946000000000002,1.9762,1.9887000000000001,13234
2008-02-29 00:00:00,1.9888,1.992,1.9783,1.9891,14285
2008-03-03 00:00:00,1.9858,1.9936,1.9808,1.9841,14151
2008-03-04 00:00:00,1.9836,1.9889000000000001,1.9811999999999999,1.9862,11151
2008-03-05 00:00:00,1.9863,1.9965000000000002,1.972,1.9919,13248
2008-03-06 00:00:00,1.9921,2.0115,1.9895,2.0091,14085
2008-03-07 00:00:00,2.0092,2.0215,2.0083,2.0135,15173
2008-03-10 00:00:00,2.0195,2.0219,2.0053,2.0054,11779
2008-03-11 00:00:00,2.0056,2.0208,1.9994,2.0071,13377
2008-03-12 00:00:00,2.0072,2.0281,2.0056,2.0274,14323
2008-03-13 00:00:00,2.0273,2.0389,2.0251,2.0324,14885
2008-03-14 00:00:00,2.0323,2.0391,2.0175,2.0193,17632
2008-03-17 00:00:00,2.0166,2.0232,1.9946000000000002,1.9994,26096
2008-03-18 00:00:00,1.9992999999999999,2.0271,1.9956,2.0085,18482
2008-03-19 00:00:00,2.0084,2.015,1.9803,1.9830999999999999,22403
2008-03-20 00:00:00,1.983,1.9881,1.9736,1.9845000000000002,18858
2008-03-21 00:00:00,1.9846,1.9865,1.9807000000000001,1.9819,4430
2008-03-24 00:00:00,1.9803,1.9876,1.9759,1.9876,6866
2008-03-25 00:00:00,1.9877,2.0066,1.9848,2.0047,13334
2008-03-26 00:00:00,2.0048,2.011,1.9926,2.0076,14400
2008-03-27 00:00:00,2.0077,2.0192,2.0022,2.0062,14884
2008-03-28 00:00:00,2.0061,2.0089,1.988,1.9944,14652
2008-03-31 00:00:00,1.9950999999999999,1.9979,1.9811999999999999,1.9837,14906
2008-04-01 00:00:00,1.9838,1.9875,1.9731,1.9758,15622
2008-04-02 00:00:00,1.9759,1.9898,1.9747,1.9872999999999998,13371
2008-04-03 00:00:00,1.9874,1.9975,1.9758,1.9964,15588
2008-04-04 00:00:00,1.9966,2.0048,1.9908000000000001,1.9933,15164
2008-04-07 00:00:00,1.9939,1.994,1.9832999999999998,1.9882,10262
2008-04-08 00:00:00,1.9883,1.9927000000000001,1.9663,1.9696,14811
2008-04-09 00:00:00,1.9695,1.9790999999999999,1.9651,1.9758,11896
2008-04-10 00:00:00,1.9757,1.9841,1.9704000000000002,1.9706000000000001,15463
2008-04-11 00:00:00,1.9707,1.9767000000000001,1.9682,1.9693,11247
2008-04-14 00:00:00,1.9662,1.9893,1.9658,1.9782,12910
2008-04-15 00:00:00,1.9781,1.979,1.9599,1.9625,14424
2008-04-16 00:00:00,1.9624000000000001,1.9805000000000001,1.96,1.9722,14001
2008-04-17 00:00:00,1.9723000000000002,1.9924,1.9691,1.9910999999999999,15968
2008-04-18 00:00:00,1.9912,1.9998,1.9882,1.9978,15420
2008-04-21 00:00:00,1.998,2.0029,1.9776,1.9802,12997
2008-04-22 00:00:00,1.9801,1.9997,1.9745,1.9950999999999999,14632
2008-04-23 00:00:00,1.9943,1.9973999999999998,1.9771999999999998,1.9804,13815
2008-04-24 00:00:00,1.9803,1.9815,1.9685000000000001,1.9739,15919
2008-04-25 00:00:00,1.974,1.9889999999999999,1.9676,1.9858,15674
2008-04-28 00:00:00,1.9837,1.9965000000000002,1.9781,1.9912999999999998,11429
2008-04-29 00:00:00,1.9912,1.9918,1.9666000000000001,1.9696,14680
2008-04-30 00:00:00,1.9697,1.9893,1.9625,1.9865,16760
2008-05-01 00:00:00,1.9866000000000001,1.9908000000000001,1.9710999999999999,1.9747,13907
2008-05-02 00:00:00,1.9748,1.9897,1.9704000000000002,1.9717,14434
2008-05-05 00:00:00,1.9731,1.9784000000000002,1.9654,1.9719,8066
2008-05-06 00:00:00,1.9718,1.9771999999999998,1.9634,1.9737,12232
2008-05-07 00:00:00,1.9736,1.9737,1.9502000000000002,1.9539,13795
2008-05-08 00:00:00,1.954,1.9621,1.9503,1.954,14892
2008-05-09 00:00:00,1.9541,1.9567999999999999,1.9458,1.9539,11974
2008-05-12 00:00:00,1.9506000000000001,1.9632,1.9442,1.9578,12295
2008-05-13 00:00:00,1.9576,1.9588999999999999,1.9419,1.9454,15449
2008-05-14 00:00:00,1.9451,1.9473,1.9363000000000001,1.9458,13703
2008-05-15 00:00:00,1.9455,1.95,1.9403000000000001,1.9472,13636
2008-05-16 00:00:00,1.947,1.9598,1.9441000000000002,1.9569,12991
2008-05-19 00:00:00,1.9572,1.9622000000000002,1.9453,1.9487999999999999,9310
2008-05-20 00:00:00,1.9487,1.9719,1.9475,1.9683000000000002,13581
2008-05-21 00:00:00,1.9684,1.9731999999999998,1.9612,1.9731,13085
2008-05-22 00:00:00,1.9729999999999999,1.9849,1.9686,1.9803,11075
2008-05-23 00:00:00,1.9802,1.9851999999999999,1.9755,1.9797,9557
2008-05-26 00:00:00,1.9809,1.9830999999999999,1.9758,1.982,3810
2008-05-27 00:00:00,1.9816,1.9846,1.9715,1.9763,11400
2008-05-28 00:00:00,1.9767000000000001,1.9826000000000001,1.9705,1.9808,11925
2008-05-29 00:00:00,1.9813,1.9818,1.9672,1.9766,14545
2008-05-30 00:00:00,1.9765000000000001,1.9822,1.9683000000000002,1.9822,13002
2008-06-02 00:00:00,1.9766,1.9771,1.9595,1.9670999999999998,13791
2008-06-03 00:00:00,1.9673,1.9741,1.9605000000000001,1.9634,14947
2008-06-04 00:00:00,1.9632,1.9636,1.9526,1.9556,12698
2008-06-05 00:00:00,1.9555,1.9597,1.9461,1.9583,14255
2008-06-06 00:00:00,1.9581,1.9734,1.9537,1.9707,13716
2008-06-09 00:00:00,1.9704000000000002,1.98,1.9670999999999998,1.9750999999999999,15639
2008-06-10 00:00:00,1.975,1.9757,1.9518,1.9544000000000001,15892
2008-06-11 00:00:00,1.9545,1.9666000000000001,1.9489999999999998,1.9632,13051
2008-06-12 00:00:00,1.9630999999999998,1.9644,1.9434,1.9463,14608
2008-06-13 00:00:00,1.9464000000000001,1.9512,1.9407999999999999,1.9476,13970
2008-06-16 00:00:00,1.9471,1.9687000000000001,1.9461,1.9632,10977
2008-06-17 00:00:00,1.9630999999999998,1.9698,1.9468999999999999,1.9567999999999999,15174
2008-06-18 00:00:00,1.9569999999999999,1.9609999999999999,1.9477,1.9599,11403
2008-06-19 00:00:00,1.9598,1.9744000000000002,1.9579,1.9723000000000002,13167
2008-06-20 00:00:00,1.9722,1.9790999999999999,1.97,1.976,10208
2008-06-23 00:00:00,1.9750999999999999,1.9756,1.9586000000000001,1.9653,9790
2008-06-24 00:00:00,1.9654,1.9723000000000002,1.9625,1.9708,10167
2008-06-25 00:00:00,1.971,1.9769,1.9654,1.9750999999999999,10924
2008-06-26 00:00:00,1.975,1.9895,1.9714,1.9889999999999999,12989
2008-06-27 00:00:00,1.9891,1.9950999999999999,1.9804,1.9949,11641
2008-06-30 00:00:00,1.9943,1.9966,1.988,1.9923,11039
2008-07-01 00:00:00,1.9922,2.0006,1.9888,1.9948000000000001,11454
2008-07-02 00:00:00,1.9946000000000002,1.9973999999999998,1.9844,1.9929999999999999,11686
2008-07-03 00:00:00,1.9931,1.9937,1.98,1.9832999999999998,11855
2008-07-04 00:00:00,1.9832,1.9848,1.9794,1.9823,7442
2008-07-07 00:00:00,1.9825,1.9828000000000001,1.9647000000000001,1.9761,11469
2008-07-08 00:00:00,1.976,1.9797,1.9665,1.9695,11527
2008-07-09 00:00:00,1.9694,1.9832,1.9670999999999998,1.9832,11330
2008-07-10 00:00:00,1.9830999999999999,1.9837,1.9713,1.9779,11933
2008-07-11 00:00:00,1.978,1.9959,1.9752999999999998,1.9886,12328
2008-07-14 00:00:00,1.991,1.9962,1.9814,1.995,11920
2008-07-15 00:00:00,1.9949,2.0158,1.9931,2.0057,15418
2008-07-16 00:00:00,2.0056,2.0095,1.9958,1.999,13040
2008-07-17 00:00:00,1.9989,2.0072,1.9949,2.004,13910
2008-07-18 00:00:00,2.0039,2.0039,1.9906000000000001,1.9984,12651
2008-07-21 00:00:00,1.9952,2.0038,1.9907,2.0032,9698
2008-07-22 00:00:00,2.0033,2.0076,1.9897,1.9916,11857
2008-07-23 00:00:00,1.9915,2.003,1.9902,1.9992999999999999,14232
2008-07-24 00:00:00,1.9994,1.9994,1.9817,1.9868000000000001,14851
2008-07-25 00:00:00,1.9867,1.9978,1.9830999999999999,1.9916,13933
2008-07-28 00:00:00,1.991,1.9963,1.9841,1.9938,9891
2008-07-29 00:00:00,1.9939,1.9968,1.9761,1.9788000000000001,10755
2008-07-30 00:00:00,1.9786000000000001,1.9841,1.9744000000000002,1.9817,11676
2008-07-31 00:00:00,1.9819,1.9929000000000001,1.9781,1.9841,11772
2008-08-01 00:00:00,1.984,1.9841,1.9727000000000001,1.9752,11618
2008-08-04 00:00:00,1.9755,1.9758,1.9599,1.9621,9518
2008-08-05 00:00:00,1.9622000000000002,1.9625,1.9521,1.9546999999999999,11998
2008-08-06 00:00:00,1.9546000000000001,1.9594,1.9466,1.9477,10543
2008-08-07 00:00:00,1.9476,1.9538,1.942,1.9438,13105
2008-08-08 00:00:00,1.9437,1.9438,1.9146,1.9209,17549
2008-08-11 00:00:00,1.9137,1.9256,1.9066,1.9108,14969
2008-08-12 00:00:00,1.9106999999999998,1.9122,1.8953,1.8968,16607
2008-08-13 00:00:00,1.8967,1.9035,1.8639999999999999,1.8702999999999999,19798
2008-08-14 00:00:00,1.8702,1.8787,1.8618999999999999,1.8697,16109
2008-08-15 00:00:00,1.8698000000000001,1.8698000000000001,1.8512,1.8660999999999999,14952
2008-08-18 00:00:00,1.8643999999999998,1.8721999999999999,1.8626,1.8651,12251
2008-08-19 00:00:00,1.865,1.8678,1.8537,1.867,11733
2008-08-20 00:00:00,1.8669,1.8683999999999998,1.854,1.862,10371
2008-08-21 00:00:00,1.8620999999999999,1.8788,1.8605,1.8782,12231
2008-08-22 00:00:00,1.8780999999999999,1.8794,1.8505,1.8526,7167
2008-08-25 00:00:00,1.8516,1.859,1.8405,1.8532,10982
2008-08-26 00:00:00,1.8531,1.8531,1.833,1.8399999999999999,14068
2008-08-27 00:00:00,1.8399,1.8488,1.8285,1.8355000000000001,14788
2008-08-28 00:00:00,1.8357,1.8397999999999999,1.8239999999999998,1.8295,18158
2008-08-29 00:00:00,1.8296000000000001,1.8342,1.8174000000000001,1.821,14041
2008-09-01 00:00:00,1.811,1.8127,1.7983,1.8014000000000001,14168
2008-09-02 00:00:00,1.8013,1.8014000000000001,1.7782,1.7838,20528
2008-09-03 00:00:00,1.7837,1.784,1.7667000000000002,1.7768000000000002,18824
2008-09-04 00:00:00,1.7767,1.786,1.7625,1.7684,20764
2008-09-05 00:00:00,1.7683,1.7745,1.7537,1.7665,24811
2008-09-08 00:00:00,1.7872,1.7974,1.7471,1.7581,25387
2008-09-09 00:00:00,1.758,1.7707000000000002,1.7505,1.7606000000000002,22664
2008-09-10 00:00:00,1.7605,1.7678,1.7521,1.7530999999999999,19931
2008-09-11 00:00:00,1.7529,1.759,1.7446000000000002,1.758,21756
2008-09-12 00:00:00,1.7579,1.7957999999999998,1.7543,1.7941,21110
2008-09-15 00:00:00,1.7991000000000001,1.813,1.7765,1.8003,26443
2008-09-16 00:00:00,1.8004,1.8010000000000002,1.7731,1.7833999999999999,28013
2008-09-17 00:00:00,1.7835,1.8244,1.7787,1.8173,25846
2008-09-18 00:00:00,1.8174000000000001,1.8277,1.8090000000000002,1.8178999999999998,25834
2008-09-19 00:00:00,1.8181,1.8387,1.7915999999999999,1.8315000000000001,23970
2008-09-22 00:00:00,1.8325,1.8641,1.8264,1.8538999999999999,22365
2008-09-23 00:00:00,1.854,1.8634,1.8472,1.8518,17374
2008-09-24 00:00:00,1.8519,1.8606,1.846,1.8466,18020
2008-09-25 00:00:00,1.8465,1.8668,1.8306,1.8372000000000002,19537
2008-09-26 00:00:00,1.8371,1.8468,1.8335,1.8441,20434
2008-09-29 00:00:00,1.8279999999999998,1.8342,1.796,1.8086,22628
2008-09-30 00:00:00,1.8084,1.8117999999999999,1.7759,1.7805,25070
2008-10-01 00:00:00,1.7806,1.7873,1.7633999999999999,1.7696,25172
2008-10-02 00:00:00,1.7697,1.7725,1.7551,1.7638,25005
2008-10-03 00:00:00,1.7639,1.7835999999999999,1.756,1.7713999999999999,24648
2008-10-06 00:00:00,1.7624,1.7694999999999999,1.7335,1.7442,31976
2008-10-07 00:00:00,1.7441,1.7658,1.7318,1.7455,30596
2008-10-08 00:00:00,1.7454,1.7659,1.7261,1.7306,35481
2008-10-09 00:00:00,1.7305000000000001,1.7398,1.7063000000000001,1.7097,27150
2008-10-10 00:00:00,1.7094,1.7179,1.6785999999999999,1.7048999999999999,32546
2008-10-13 00:00:00,1.7118,1.7442,1.6926,1.734,27598
2008-10-14 00:00:00,1.7339,1.7623,1.7332999999999998,1.7395,28141
2008-10-15 00:00:00,1.7393999999999998,1.7602,1.7267000000000001,1.7268,27233
2008-10-16 00:00:00,1.7269,1.7353,1.7136,1.7303,31116
2008-10-17 00:00:00,1.7302,1.7381,1.7224,1.7281,17588
2008-10-20 00:00:00,1.7306,1.7517,1.7104,1.7151999999999998,20361
2008-10-21 00:00:00,1.7149999999999999,1.7197,1.6652,1.6705,24981
2008-10-22 00:00:00,1.6703999999999999,1.6728,1.6136,1.6266,33417
2008-10-23 00:00:00,1.6263999999999998,1.6343999999999999,1.6045,1.6229,28796
2008-10-24 00:00:00,1.6231,1.6327,1.5269,1.5907,45457
2008-10-27 00:00:00,1.5725,1.5876000000000001,1.5278,1.5546,41041
2008-10-28 00:00:00,1.5544,1.6004,1.5407,1.6004,32728
2008-10-29 00:00:00,1.6008,1.6473,1.5937999999999999,1.6397,38010
2008-10-30 00:00:00,1.6395,1.6671,1.6212,1.6358000000000001,36182
2008-10-31 00:00:00,1.6359,1.6418,1.6002,1.6075,38306
2008-11-03 00:00:00,1.6101,1.6397,1.5781,1.5821,32775
2008-11-04 00:00:00,1.5819999999999999,1.6107,1.5603,1.5956000000000001,39150
2008-11-05 00:00:00,1.5957,1.6198000000000001,1.5762,1.5899999999999999,42397
2008-11-06 00:00:00,1.5899,1.6038999999999999,1.5566,1.5627,38417
2008-11-07 00:00:00,1.5623,1.5876000000000001,1.5535,1.5642,28819
2008-11-10 00:00:00,1.5763,1.5884,1.5574,1.5608,23342
2008-11-11 00:00:00,1.5605,1.5703,1.536,1.5383,22846
2008-11-12 00:00:00,1.5375999999999999,1.5484,1.4895,1.4965,24095
2008-11-13 00:00:00,1.4967,1.4993,1.4557,1.4841,29186
2008-11-14 00:00:00,1.484,1.4961,1.4656,1.4739,31886
2008-11-17 00:00:00,1.4666000000000001,1.5083,1.4657,1.4987,26386
2008-11-18 00:00:00,1.4989,1.509,1.49,1.4957,20369
2008-11-19 00:00:00,1.4956,1.5248,1.4903,1.4952,21783
2008-11-20 00:00:00,1.4950999999999999,1.4993,1.4712,1.4727000000000001,22970
2008-11-21 00:00:00,1.4724,1.5061,1.4705,1.4925,21432
2008-11-24 00:00:00,1.4957,1.5187,1.4842,1.5183,21604
2008-11-25 00:00:00,1.5184,1.5534,1.4982,1.5474,24168
2008-11-26 00:00:00,1.5471,1.5484,1.5177,1.5325,21201
2008-11-27 00:00:00,1.5323,1.5512000000000001,1.5312999999999999,1.5406,13657
2008-11-28 00:00:00,1.5407,1.5448,1.5259,1.5369000000000002,17339
2008-12-01 00:00:00,1.5381,1.5396,1.4807000000000001,1.4884,19353
2008-12-02 00:00:00,1.4883,1.5069,1.4777,1.4918,21184
2008-12-03 00:00:00,1.492,1.4931,1.4665,1.4784,21194
2008-12-04 00:00:00,1.4782,1.4813,1.4466999999999999,1.4681,23380
2008-12-05 00:00:00,1.468,1.4774,1.453,1.4685000000000001,21163
2008-12-08 00:00:00,1.4716,1.5047000000000001,1.4683,1.4915,18861
2008-12-09 00:00:00,1.4913,1.4915,1.4679,1.4748,14495
2008-12-10 00:00:00,1.4748999999999999,1.4878,1.4734,1.4779,13240
2008-12-11 00:00:00,1.4777,1.508,1.4772,1.5034,14868
2008-12-12 00:00:00,1.5034999999999998,1.5112999999999999,1.4816,1.4944,17132
2008-12-15 00:00:00,1.4958,1.5375999999999999,1.492,1.5306,22571
2008-12-16 00:00:00,1.5305,1.5647,1.5204,1.5579,16541
2008-12-17 00:00:00,1.558,1.5722,1.5247000000000002,1.5535,20840
2008-12-18 00:00:00,1.5535999999999999,1.5615999999999999,1.4896,1.5013999999999998,28842
2008-12-19 00:00:00,1.5015,1.5186,1.4809999999999999,1.4927000000000001,25106
2008-12-22 00:00:00,1.4948000000000001,1.499,1.4686,1.4828000000000001,19410
2008-12-23 00:00:00,1.4827,1.4897,1.4671,1.4725,18333
2008-12-24 00:00:00,1.4729,1.4804,1.4658,1.4712,14168
2008-12-26 00:00:00,1.4767000000000001,1.4783,1.4581,1.4617,4416
2008-12-29 00:00:00,1.4657,1.4769999999999999,1.4382,1.4391,12736
2008-12-30 00:00:00,1.4393,1.4551,1.4389,1.4408,11121
2008-12-31 00:00:00,1.4409,1.4698,1.4354,1.4537,10923
2009-01-02 00:00:00,1.4607999999999999,1.461,1.4377,1.4546999999999999,10964
2009-01-05 00:00:00,1.4546000000000001,1.4738,1.4431,1.4699,18983
2009-01-06 00:00:00,1.4698,1.4992,1.4503,1.4916,21440
2009-01-07 00:00:00,1.4918,1.5279,1.4805,1.5093,20378
2009-01-08 00:00:00,1.5093999999999999,1.5372,1.4983,1.5215,22044
2009-01-09 00:00:00,1.5213999999999999,1.5348000000000002,1.5116,1.5163,26127
2009-01-12 00:00:00,1.5068000000000001,1.5114999999999998,1.4808,1.4821,26798
2009-01-13 00:00:00,1.4822,1.4828000000000001,1.4469,1.45,27872
2009-01-14 00:00:00,1.4499,1.4706000000000001,1.4487,1.4611,25915
2009-01-15 00:00:00,1.461,1.4683,1.4475,1.4633,25838
2009-01-16 00:00:00,1.4631,1.498,1.4625,1.4732,28758
2009-01-19 00:00:00,1.4872,1.4909,1.4414,1.4419,21362
2009-01-20 00:00:00,1.442,1.4444,1.3862,1.3927,36359
2009-01-21 00:00:00,1.3926,1.4025,1.3620999999999999,1.3955,34948
2009-01-22 00:00:00,1.3954,1.4024,1.3689,1.3876,32025
2009-01-23 00:00:00,1.3875,1.3901,1.3503,1.3799000000000001,31844
2009-01-26 00:00:00,1.3682,1.3994,1.3547,1.3992,35589
2009-01-27 00:00:00,1.3991,1.424,1.3928,1.4128,31581
2009-01-28 00:00:00,1.4129,1.4374,1.4123999999999999,1.4245999999999999,29530
2009-01-29 00:00:00,1.4243999999999999,1.441,1.4071,1.4299,27804
2009-01-30 00:00:00,1.43,1.4542,1.4186,1.4539,33117
2009-02-02 00:00:00,1.4438,1.4468,1.4051,1.4262000000000001,30999
2009-02-03 00:00:00,1.4263,1.4484,1.4152,1.4457,27955
2009-02-04 00:00:00,1.4456,1.4577,1.4323000000000001,1.4466999999999999,29620
2009-02-05 00:00:00,1.4463,1.4702,1.4365999999999999,1.4609,30554
2009-02-06 00:00:00,1.4611,1.4842,1.4588,1.4786000000000001,27499
2009-02-09 00:00:00,1.48118,1.49845,1.47019,1.4897,40486
2009-02-10 00:00:00,1.4896,1.49155,1.4454500000000001,1.45415,40009
2009-02-11 00:00:00,1.45425,1.4565000000000001,1.4315,1.4393,35824
2009-02-12 00:00:00,1.4392,1.44135,1.4134,1.4269,34217
2009-02-13 00:00:00,1.4268,1.46055,1.4252,1.4353500000000001,29463
2009-02-16 00:00:00,1.42115,1.4318,1.4149,1.42953,18669
2009-02-17 00:00:00,1.4296,1.43125,1.41225,1.4237,33752
2009-02-18 00:00:00,1.4236,1.42975,1.4093,1.421,30787
2009-02-19 00:00:00,1.4209,1.4447,1.4205999999999999,1.4292,32929
2009-02-20 00:00:00,1.4294,1.44835,1.41495,1.44315,30374
2009-02-23 00:00:00,1.4397,1.46605,1.4364,1.4485999999999999,49583
2009-02-24 00:00:00,1.44862,1.45774,1.43734,1.44791,47725
2009-02-25 00:00:00,1.4479600000000001,1.46055,1.41737,1.42,42859
2009-02-26 00:00:00,1.42015,1.43826,1.416,1.43155,40744
2009-02-27 00:00:00,1.43146,1.43636,1.41105,1.43145,44687
2009-03-02 00:00:00,1.4269,1.4288,1.39566,1.4054,51419
2009-03-03 00:00:00,1.40537,1.41557,1.39837,1.40492,55321
2009-03-04 00:00:00,1.40489,1.4196,1.3985,1.41925,42729
2009-03-05 00:00:00,1.4191500000000001,1.4232,1.40366,1.41163,36723
2009-03-06 00:00:00,1.4116,1.43046,1.4038599999999999,1.40921,42180
2009-03-09 00:00:00,1.41265,1.41821,1.37411,1.37743,40680
2009-03-10 00:00:00,1.3774199999999999,1.39071,1.36881,1.37476,39770
2009-03-11 00:00:00,1.37461,1.3888,1.36542,1.3875600000000001,39777
2009-03-12 00:00:00,1.38745,1.3982700000000001,1.36998,1.39317,43240
2009-03-13 00:00:00,1.39316,1.407,1.38626,1.40011,46813
2009-03-16 00:00:00,1.39135,1.42306,1.39121,1.40756,39375
2009-03-17 00:00:00,1.40736,1.41371,1.39636,1.40424,47070
2009-03-18 00:00:00,1.40423,1.43331,1.38436,1.42996,58660
2009-03-19 00:00:00,1.42998,1.45948,1.4161000000000001,1.4511,67431
2009-03-20 00:00:00,1.45109,1.45872,1.4394,1.4463599999999999,51183
2009-03-23 00:00:00,1.4491,1.46485,1.44481,1.4552100000000001,37764
2009-03-24 00:00:00,1.4553099999999999,1.47785,1.4549699999999999,1.46962,44169
2009-03-25 00:00:00,1.46958,1.47375,1.45146,1.45481,50164
2009-03-26 00:00:00,1.45496,1.46366,1.44226,1.44603,47580
2009-03-27 00:00:00,1.4460899999999999,1.44931,1.42676,1.43191,46779
2009-03-30 00:00:00,1.42458,1.42966,1.41096,1.42656,39453
2009-03-31 00:00:00,1.42661,1.4372,1.42391,1.43221,51709
2009-04-01 00:00:00,1.4322,1.4466999999999999,1.42721,1.4466999999999999,45831
2009-04-02 00:00:00,1.4468,1.4748999999999999,1.44472,1.47226,45448
2009-04-03 00:00:00,1.47247,1.4846,1.46479,1.48387,39206
2009-04-06 00:00:00,1.48447,1.49574,1.46696,1.47686,40196
2009-04-07 00:00:00,1.47681,1.4775800000000001,1.4579900000000001,1.47281,46220
2009-04-08 00:00:00,1.47271,1.47459,1.4634800000000001,1.4715099999999999,51746
2009-04-09 00:00:00,1.47159,1.4778,1.45854,1.46787,50689
2009-04-10 00:00:00,1.46771,1.46826,1.46171,1.46776,20035
2009-04-13 00:00:00,1.46402,1.48675,1.46041,1.48528,32160
2009-04-14 00:00:00,1.48526,1.49435,1.4824899999999999,1.48921,42500
2009-04-15 00:00:00,1.48935,1.50346,1.48213,1.49961,53478
2009-04-16 00:00:00,1.49965,1.5066199999999998,1.4837500000000001,1.49189,52769
2009-04-17 00:00:00,1.49317,1.49406,1.4754,1.47961,43635
2009-04-20 00:00:00,1.47806,1.48135,1.45,1.45381,38777
2009-04-21 00:00:00,1.4537499999999999,1.47075,1.4467400000000001,1.4672100000000001,50422
2009-04-22 00:00:00,1.46726,1.46845,1.43958,1.44915,51728
2009-04-23 00:00:00,1.4492,1.47411,1.44404,1.47211,41081
2009-04-24 00:00:00,1.47196,1.47733,1.4573800000000001,1.46775,42643
2009-04-27 00:00:00,1.46628,1.4693399999999999,1.4514,1.46431,38358
2009-04-28 00:00:00,1.46406,1.46896,1.45154,1.46316,44269
2009-04-29 00:00:00,1.4632100000000001,1.48116,1.46167,1.4771,42026
2009-04-30 00:00:00,1.47706,1.4945599999999999,1.47031,1.47886,58430
2009-05-01 00:00:00,1.47894,1.49326,1.47531,1.49216,39832
2009-05-04 00:00:00,1.49211,1.5021200000000001,1.4834800000000001,1.50166,33194
2009-05-05 00:00:00,1.50141,1.5160900000000002,1.4982,1.5088599999999999,58628
2009-05-06 00:00:00,1.5061,1.51494,1.49911,1.51339,59871
2009-05-07 00:00:00,1.5135100000000001,1.51952,1.49424,1.50171,59830
2009-05-08 00:00:00,1.50168,1.52466,1.49672,1.52331,51832
2009-05-11 00:00:00,1.52276,1.5245,1.5065,1.51156,41346
2009-05-12 00:00:00,1.5116100000000001,1.5352000000000001,1.50725,1.5269300000000001,50249
2009-05-13 00:00:00,1.52699,1.5330599999999999,1.5084499999999998,1.51556,59649
2009-05-14 00:00:00,1.5155699999999999,1.5245600000000001,1.50575,1.52366,51307
2009-05-15 00:00:00,1.5236,1.52867,1.51326,1.51788,61588
2009-05-18 00:00:00,1.5171999999999999,1.5348000000000002,1.5116,1.5345,56108
2009-05-19 00:00:00,1.5346,1.5522,1.5293999999999999,1.5474999999999999,68185
2009-05-20 00:00:00,1.5474999999999999,1.5791,1.5447,1.5752000000000002,69344
2009-05-21 00:00:00,1.5754000000000001,1.5889,1.5514999999999999,1.584,76282
2009-05-22 00:00:00,1.5840999999999998,1.5941999999999998,1.5756000000000001,1.593,83269
2009-05-25 00:00:00,1.5929,1.5937000000000001,1.5834000000000001,1.5907,31640
2009-05-26 00:00:00,1.5907,1.5968,1.5777,1.5924,87126
2009-05-27 00:00:00,1.5923,1.6084,1.5923,1.5953,102490
2009-05-28 00:00:00,1.5954000000000002,1.6012,1.5853000000000002,1.5941999999999998,104472
2009-05-29 00:00:00,1.5941999999999998,1.6196000000000002,1.5917,1.6188,96357
2009-06-01 00:00:00,1.6181999999999999,1.6495,1.6162,1.6442999999999999,101368
2009-06-02 00:00:00,1.6442999999999999,1.6595,1.6322999999999999,1.6578,102572
2009-06-03 00:00:00,1.6577,1.6661000000000001,1.6242,1.6316000000000002,117053
2009-06-04 00:00:00,1.6316000000000002,1.6432,1.6092,1.6173,117682
2009-06-05 00:00:00,1.6174,1.624,1.5941,1.5979,109215
2009-06-08 00:00:00,1.5953,1.6101,1.5802,1.605,92902
2009-06-09 00:00:00,1.6049,1.6359,1.5985,1.6303,99677
2009-06-10 00:00:00,1.6303,1.6471,1.624,1.6357,111180
2009-06-11 00:00:00,1.6357,1.6617,1.634,1.6589,102625
2009-06-12 00:00:00,1.6589,1.6596,1.6347,1.6442999999999999,45870
2009-06-15 00:00:00,1.6425,1.6442999999999999,1.6242,1.6319,27080
2009-06-16 00:00:00,1.6320000000000001,1.6508,1.621,1.6412,32647
2009-06-17 00:00:00,1.6411,1.6482999999999999,1.6219999999999999,1.6400000000000001,23076
2009-06-18 00:00:00,1.6399,1.6469,1.6188,1.6331,23686
2009-06-19 00:00:00,1.633,1.6561,1.6305,1.6494,20335
2009-06-22 00:00:00,1.6505999999999998,1.6515,1.6320999999999999,1.6347,19393
2009-06-23 00:00:00,1.6346,1.6474,1.6209,1.6452,25294
2009-06-24 00:00:00,1.6453,1.6602000000000001,1.637,1.6407,28347
2009-06-25 00:00:00,1.6408,1.6468,1.6232,1.63674,56457
2009-06-26 00:00:00,1.63681,1.65586,1.63644,1.65244,88317
2009-06-29 00:00:00,1.65011,1.6585299999999998,1.64279,1.65649,76176
2009-06-30 00:00:00,1.65651,1.67427,1.64216,1.64574,94165
2009-07-01 00:00:00,1.64581,1.65434,1.63839,1.64772,71285
2009-07-02 00:00:00,1.64771,1.64989,1.6324,1.6393,59899
2009-07-03 00:00:00,1.6394,1.6429,1.6303,1.6332,14348
2009-07-06 00:00:00,1.6282999999999999,1.6328,1.6095000000000002,1.6287,21627
2009-07-07 00:00:00,1.6286,1.6295,1.6118000000000001,1.6138,22346
2009-07-08 00:00:00,1.6137000000000001,1.6138,1.5985,1.6072,24326
2009-07-09 00:00:00,1.6071,1.638,1.6028,1.6336,24970
2009-07-10 00:00:00,1.6335,1.6347,1.6155,1.6211,22724
2009-07-13 00:00:00,1.6183,1.6239,1.6034000000000002,1.6227,22488
2009-07-14 00:00:00,1.6228,1.6343999999999999,1.6223,1.6309,27607
2009-07-15 00:00:00,1.631,1.6467,1.6301999999999999,1.6425,20437
2009-07-16 00:00:00,1.6425999999999998,1.6481,1.6356000000000002,1.6438000000000001,20778
2009-07-17 00:00:00,1.6439,1.6447,1.6266,1.6335,20057
2009-07-20 00:00:00,1.6362,1.6557,1.6359,1.6548,21300
2009-07-21 00:00:00,1.6547,1.6554,1.6383999999999999,1.646,20580
2009-07-22 00:00:00,1.6459000000000001,1.6505,1.6311,1.6492,20503
2009-07-23 00:00:00,1.6491,1.6583999999999999,1.6434,1.6479,20488
2009-07-24 00:00:00,1.6478000000000002,1.6543,1.6391,1.6423999999999999,17206
2009-07-27 00:00:00,1.6448,1.6524,1.6381999999999999,1.6487,14690
2009-07-28 00:00:00,1.6486,1.6556,1.6391,1.6428,14425
2009-07-29 00:00:00,1.6429,1.6469,1.6347,1.6377000000000002,18866
2009-07-30 00:00:00,1.6375,1.6526,1.634,1.6493,17283
2009-07-31 00:00:00,1.6492,1.6732,1.6474,1.6712,15534
2009-08-03 00:00:00,1.6861000000000002,1.6985999999999999,1.6818,1.6928,9258
2009-08-04 00:00:00,1.6928999999999998,1.7004000000000001,1.6888999999999998,1.6939,16636
2009-08-05 00:00:00,1.694,1.7043,1.6902,1.6987999999999999,17922
2009-08-06 00:00:00,1.6989,1.7031,1.6752,1.6783000000000001,17888
2009-08-07 00:00:00,1.6782,1.6835,1.6652,1.6683,16818
2009-08-10 00:00:00,1.6682000000000001,1.6718,1.6431,1.6482,16480
2009-08-11 00:00:00,1.6482999999999999,1.6522000000000001,1.6432,1.6479,14877
2009-08-12 00:00:00,1.6478000000000002,1.6560000000000001,1.6392,1.6480000000000001,17418
2009-08-13 00:00:00,1.6481,1.6663999999999999,1.6477,1.6583,17030
2009-08-14 00:00:00,1.6582,1.6608,1.6484999999999999,1.6543,14943
2009-08-17 00:00:00,1.6505,1.6519,1.6276000000000002,1.6349,16023
2009-08-18 00:00:00,1.635,1.6587,1.6326,1.6559,12685
2009-08-19 00:00:00,1.6560000000000001,1.6593,1.6376,1.6529,17352
2009-08-20 00:00:00,1.653,1.6606,1.6451,1.6505999999999998,14046
2009-08-21 00:00:00,1.6507,1.6623999999999999,1.642,1.6507,14712
2009-08-24 00:00:00,1.6503999999999999,1.6545,1.6393,1.6417000000000002,10371
2009-08-25 00:00:00,1.6418,1.6444,1.6331,1.6348,14032
2009-08-26 00:00:00,1.6349,1.6354,1.616,1.6249,14442
2009-08-27 00:00:00,1.625,1.6303,1.6154,1.6282999999999999,15137
2009-08-28 00:00:00,1.6280000000000001,1.6377000000000002,1.6258,1.627,13259
2009-08-31 00:00:00,1.6267,1.633,1.6183999999999998,1.6289,11125
2009-09-01 00:00:00,1.6288,1.6373,1.6113,1.6157,60151
2009-09-02 00:00:00,1.6157,1.6298,1.6114000000000002,1.6272,60017
2009-09-03 00:00:00,1.6272,1.6411,1.6236000000000002,1.6318000000000001,54357
2009-09-04 00:00:00,1.6318000000000001,1.6409,1.6284999999999998,1.6391,49122
2009-09-07 00:00:00,1.6393,1.6440000000000001,1.6326,1.6347,36286
2009-09-08 00:00:00,1.6347,1.6585,1.6322,1.6488,54218
2009-09-09 00:00:00,1.6488,1.6591,1.6454,1.6545999999999998,34941
2009-09-10 00:00:00,1.6547,1.6686,1.6480000000000001,1.665,12907
2009-09-11 00:00:00,1.6649,1.6741000000000001,1.6643,1.6655,13189
2009-09-14 00:00:00,1.6684,1.6684,1.6521,1.6582,12352
2009-09-15 00:00:00,1.6578,1.6657,1.6402999999999999,1.6487,13561
2009-09-16 00:00:00,1.6486,1.6533,1.6432,1.6493,13344
2009-09-17 00:00:00,1.6492,1.6566999999999998,1.6425,1.6451,13635
2009-09-18 00:00:00,1.645,1.6453,1.623,1.627,13208
2009-09-21 00:00:00,1.6216,1.6263999999999998,1.6133,1.6216,11451
2009-09-22 00:00:00,1.6218,1.6394,1.6202,1.6357,12536
2009-09-23 00:00:00,1.6358000000000001,1.6467,1.6329,1.634,15525
2009-09-24 00:00:00,1.6341,1.6385999999999998,1.6021999999999998,1.6061999999999999,16437
2009-09-25 00:00:00,1.6063,1.6066,1.5916000000000001,1.5949,16093
2009-09-28 00:00:00,1.5967,1.5968,1.577,1.5880999999999998,15617
2009-09-29 00:00:00,1.5883,1.5988,1.5824,1.596,16324
2009-09-30 00:00:00,1.5960999999999999,1.6125,1.5944,1.5981,17030
2009-10-01 00:00:00,1.5979999999999999,1.6023,1.5924,1.5954000000000002,15326
2009-10-02 00:00:00,1.5955,1.5955,1.5806,1.5944,14528
2009-10-03 00:00:00,1.5945,1.5945,1.5945,1.5945,1
2009-10-05 00:00:00,1.5927,1.6023,1.5901999999999998,1.5934,11434
2009-10-06 00:00:00,1.5933000000000002,1.6046,1.5876000000000001,1.5918999999999999,33285
2009-10-07 00:00:00,1.592,1.5971,1.5857999999999999,1.5968,13928
2009-10-08 00:00:00,1.5966,1.6115,1.5949,1.6071,14693
2009-10-09 00:00:00,1.6072,1.6077,1.5825,1.5844,14043
2009-10-12 00:00:00,1.5856,1.5882,1.5728,1.5798,10575
2009-10-13 00:00:00,1.5796999999999999,1.5928,1.5708,1.5923,14479
2009-10-14 00:00:00,1.5924,1.6024,1.5901999999999998,1.5979,14032
2009-10-15 00:00:00,1.5979999999999999,1.6298,1.5972,1.6268,14213
2009-10-16 00:00:00,1.6269,1.6398000000000001,1.6252,1.6355,14685
2009-10-19 00:00:00,1.6313,1.6423,1.6240999999999999,1.642,12064
2009-10-20 00:00:00,1.6421000000000001,1.6488,1.6328,1.6381000000000001,13656
2009-10-21 00:00:00,1.6385999999999998,1.6636,1.6346,1.6606,13571
2009-10-22 00:00:00,1.6606999999999998,1.6637,1.6486,1.6622,13046
2009-10-23 00:00:00,1.6623,1.6692,1.6299000000000001,1.6305,14740
2009-10-26 00:00:00,1.6317,1.6395,1.6251,1.6314,11327
2009-10-27 00:00:00,1.6315,1.6438000000000001,1.6284999999999998,1.6373,14205
2009-10-28 00:00:00,1.6372,1.6461999999999999,1.6286,1.6381999999999999,14140
2009-10-29 00:00:00,1.6381000000000001,1.6602999999999999,1.6338,1.6560000000000001,13514
2009-10-30 00:00:00,1.6559,1.6577600000000001,1.64089,1.6448800000000001,61752
2009-11-02 00:00:00,1.6392799999999998,1.6477,1.63287,1.64069,63709
2009-11-03 00:00:00,1.64072,1.64542,1.6261700000000001,1.64345,61700
2009-11-04 00:00:00,1.64358,1.65965,1.6400299999999999,1.65558,61664
2009-11-05 00:00:00,1.6554,1.66351,1.64656,1.65807,62556
2009-11-06 00:00:00,1.65805,1.66333,1.6516899999999999,1.6610200000000002,51695
2009-11-09 00:00:00,1.6646,1.68414,1.66154,1.67572,54308
2009-11-10 00:00:00,1.67571,1.67873,1.6601,1.6743700000000001,59341
2009-11-11 00:00:00,1.67441,1.67967,1.65354,1.6573,62107
2009-11-12 00:00:00,1.65717,1.66247,1.6514799999999998,1.65757,65492
2009-11-13 00:00:00,1.6575600000000001,1.6705299999999998,1.65709,1.66724,55056
2009-11-16 00:00:00,1.6710099999999999,1.6875200000000001,1.6669,1.68194,57352
2009-11-17 00:00:00,1.68195,1.68738,1.67563,1.68123,65682
2009-11-18 00:00:00,1.68126,1.68445,1.6713900000000002,1.6746699999999999,59018
2009-11-19 00:00:00,1.67468,1.675,1.66056,1.6667100000000001,62756
2009-11-20 00:00:00,1.66673,1.66743,1.64598,1.65018,61440
2009-11-23 00:00:00,1.64757,1.66472,1.64751,1.66044,54381
2009-11-24 00:00:00,1.6604299999999999,1.66177,1.64968,1.65868,60815
2009-11-25 00:00:00,1.6587,1.67447,1.65743,1.67043,55724
2009-11-26 00:00:00,1.67055,1.67248,1.64665,1.6530399999999998,51858
2009-11-27 00:00:00,1.65305,1.6531099999999999,1.62711,1.64995,65018
2009-11-30 00:00:00,1.65251,1.65918,1.6379899999999998,1.64395,62443
2009-12-01 00:00:00,1.64394,1.6646,1.6391200000000001,1.6604,57288
2009-12-02 00:00:00,1.66035,1.66944,1.65496,1.66276,52483
2009-12-03 00:00:00,1.66277,1.67206,1.65303,1.65381,51993
2009-12-04 00:00:00,1.6538,1.6671399999999998,1.64215,1.64733,56094
2009-12-07 00:00:00,1.64628,1.65154,1.63131,1.6445400000000001,67182
2009-12-08 00:00:00,1.64453,1.6476,1.62551,1.62858,78623
2009-12-09 00:00:00,1.6285500000000002,1.63708,1.61669,1.62612,70632
2009-12-10 00:00:00,1.6261299999999999,1.6345399999999999,1.62142,1.62777,57482
2009-12-11 00:00:00,1.6277599999999999,1.63374,1.6197,1.62605,51533
2009-12-14 00:00:00,1.6221,1.63239,1.61896,1.6308,51231
2009-12-15 00:00:00,1.63086,1.63178,1.62051,1.6265800000000001,48222
2009-12-16 00:00:00,1.62659,1.64087,1.62306,1.6333,50827
2009-12-17 00:00:00,1.63331,1.63399,1.60789,1.61507,54511
2009-12-18 00:00:00,1.6151,1.62462,1.60497,1.61558,51630
2009-12-21 00:00:00,1.61163,1.6162,1.60278,1.60357,44811
2009-12-22 00:00:00,1.6035,1.6097000000000001,1.59195,1.59602,46293
2009-12-23 00:00:00,1.59592,1.5990799999999998,1.59219,1.5953300000000001,41880
2009-12-24 00:00:00,1.5953,1.60198,1.59257,1.5945399999999998,26334
2009-12-28 00:00:00,1.59442,1.60114,1.59301,1.5997400000000002,28171
2009-12-29 00:00:00,1.59975,1.6064699999999998,1.5864099999999999,1.59002,41262
2009-12-30 00:00:00,1.5899999999999999,1.6091199999999999,1.58294,1.6072899999999999,43448
2009-12-31 00:00:00,1.6073,1.6232199999999999,1.60465,1.61443,36415
2010-01-04 00:00:00,1.6120999999999999,1.6238000000000001,1.60554,1.6081400000000001,54728
2010-01-05 00:00:00,1.60813,1.6151,1.59633,1.59889,56475
2010-01-06 00:00:00,1.5988799999999999,1.60609,1.59361,1.6017700000000001,56159
2010-01-07 00:00:00,1.60179,1.60574,1.58961,1.59308,51522
2010-01-08 00:00:00,1.5931,1.61093,1.5914700000000002,1.60215,42867
2010-01-09 00:00:00,1.60212,1.60212,1.60212,1.60212,1
2010-01-11 00:00:00,1.60585,1.6192,1.60585,1.6112199999999999,51199
2010-01-12 00:00:00,1.61121,1.61931,1.60623,1.61584,53905
2010-01-13 00:00:00,1.6160999999999999,1.63055,1.61356,1.62786,57637
2010-01-14 00:00:00,1.62785,1.6344699999999999,1.6249500000000001,1.63339,51561
2010-01-15 00:00:00,1.6334,1.63536,1.62096,1.6262699999999999,59938
2010-01-18 00:00:00,1.627,1.63775,1.62497,1.6341,46552
2010-01-19 00:00:00,1.63411,1.64561,1.63114,1.6360299999999999,60854
2010-01-20 00:00:00,1.63602,1.63708,1.62433,1.6291099999999998,64570
2010-01-21 00:00:00,1.6291,1.63107,1.61247,1.6194,66393
2010-01-22 00:00:00,1.61944,1.62828,1.60777,1.61121,62959
2010-01-25 00:00:00,1.6106,1.6258599999999999,1.60956,1.6243699999999999,53134
2010-01-26 00:00:00,1.62433,1.6267200000000002,1.60927,1.61421,60548
2010-01-27 00:00:00,1.61419,1.62432,1.61068,1.61681,62537
2010-01-28 00:00:00,1.6168,1.6274600000000001,1.61121,1.61354,61273
2010-01-29 00:00:00,1.61353,1.61782,1.59781,1.5982699999999999,60812
2010-02-01 00:00:00,1.59464,1.5977700000000001,1.585,1.59562,56803
2010-02-02 00:00:00,1.59559,1.59937,1.59026,1.59721,51311
2010-02-03 00:00:00,1.5972,1.6068099999999998,1.5876000000000001,1.58915,52290
2010-02-04 00:00:00,1.58917,1.5917599999999998,1.57304,1.5752899999999999,57787
2010-02-05 00:00:00,1.5753,1.57747,1.55582,1.5639699999999999,65098
2010-02-08 00:00:00,1.55973,1.5658400000000001,1.5534,1.55843,55220
2010-02-09 00:00:00,1.55842,1.57454,1.55616,1.57179,62049
2010-02-10 00:00:00,1.5718,1.5763099999999999,1.55708,1.55939,59606
2010-02-11 00:00:00,1.55938,1.57157,1.55594,1.57031,58317
2010-02-12 00:00:00,1.57029,1.57399,1.5581,1.56997,60344
2010-02-15 00:00:00,1.56651,1.57192,1.5612,1.5663200000000002,34984
2010-02-16 00:00:00,1.5662500000000001,1.57939,1.56267,1.5789900000000001,52481
2010-02-17 00:00:00,1.579,1.5814599999999999,1.56658,1.56734,55331
2010-02-18 00:00:00,1.5673300000000001,1.5686499999999999,1.55003,1.55297,57506
2010-02-19 00:00:00,1.55295,1.5541800000000001,1.53501,1.54725,64230
2010-02-22 00:00:00,1.54547,1.55196,1.54301,1.54803,49232
2010-02-23 00:00:00,1.5480399999999999,1.55745,1.5392700000000001,1.54234,60553
2010-02-24 00:00:00,1.5423499999999999,1.54755,1.5385900000000001,1.54068,57617
2010-02-25 00:00:00,1.54073,1.5420500000000001,1.51895,1.52638,60351
2010-02-26 00:00:00,1.52637,1.5318800000000001,1.51518,1.52351,62635
2010-03-01 00:00:00,1.51539,1.52027,1.47838,1.49886,63632
2010-03-02 00:00:00,1.49885,1.49989,1.48538,1.4969700000000001,62723
2010-03-03 00:00:00,1.49699,1.5128599999999999,1.4958,1.50976,61229
2010-03-04 00:00:00,1.50977,1.51356,1.50053,1.5030299999999999,55887
2010-03-05 00:00:00,1.50302,1.5165600000000001,1.49919,1.5137399999999999,50019
2010-03-08 00:00:00,1.51311,1.51949,1.50301,1.50648,45851
2010-03-09 00:00:00,1.50647,1.50674,1.49353,1.49955,49390
2010-03-10 00:00:00,1.49954,1.50153,1.48721,1.49762,46106
2010-03-11 00:00:00,1.4977,1.50654,1.49455,1.50616,43864
2010-03-12 00:00:00,1.50617,1.52165,1.50259,1.52031,45077
2010-03-15 00:00:00,1.5175800000000002,1.52057,1.50191,1.50507,47804
2010-03-16 00:00:00,1.50508,1.52579,1.49771,1.52495,51985
2010-03-17 00:00:00,1.52494,1.53816,1.52082,1.53151,52988
2010-03-18 00:00:00,1.53153,1.53274,1.52162,1.52451,49348
2010-03-19 00:00:00,1.52453,1.52549,1.49886,1.5012400000000001,45425
2010-03-22 00:00:00,1.49935,1.51077,1.49311,1.51071,53823
2010-03-23 00:00:00,1.5107,1.51113,1.4972400000000001,1.50339,55084
2010-03-24 00:00:00,1.5034399999999999,1.50394,1.4852699999999999,1.48773,55059
2010-03-25 00:00:00,1.48776,1.49993,1.47983,1.48193,49387
2010-03-26 00:00:00,1.48194,1.49231,1.4806300000000001,1.48945,54041
2010-03-29 00:00:00,1.4954,1.5017800000000001,1.48913,1.4986,45283
2010-03-30 00:00:00,1.49861,1.5125,1.49737,1.50677,48530
2010-03-31 00:00:00,1.5068000000000001,1.52032,1.50424,1.5181900000000002,53546
2010-04-01 00:00:00,1.5182,1.5297399999999999,1.51711,1.5289899999999998,50661
2010-04-02 00:00:00,1.529,1.52966,1.51816,1.5206300000000001,27002
2010-04-05 00:00:00,1.52658,1.5318100000000001,1.52229,1.52942,27281
2010-04-06 00:00:00,1.52941,1.5305900000000001,1.51282,1.52652,49792
2010-04-07 00:00:00,1.52647,1.52848,1.5138099999999999,1.52403,47729
2010-04-08 00:00:00,1.52405,1.5279,1.5140799999999999,1.5278399999999999,47567
2010-04-09 00:00:00,1.52792,1.53901,1.5266600000000001,1.53673,48700
2010-04-12 00:00:00,1.54378,1.5485,1.5351599999999999,1.5366900000000001,49004
2010-04-13 00:00:00,1.5366499999999998,1.5448300000000001,1.53356,1.538,47743
2010-04-14 00:00:00,1.53802,1.54898,1.5371000000000001,1.5465,50142
2010-04-15 00:00:00,1.54646,1.55218,1.5385,1.54952,51091
2010-04-16 00:00:00,1.5495100000000002,1.55057,1.5358800000000001,1.5361500000000001,52301
2010-04-19 00:00:00,1.5290599999999999,1.53395,1.51912,1.53365,50156
2010-04-20 00:00:00,1.53366,1.54317,1.52891,1.53565,47738
2010-04-21 00:00:00,1.53562,1.54385,1.53315,1.54091,51552
2010-04-22 00:00:00,1.5409199999999998,1.54717,1.53418,1.5377800000000001,57039
2010-04-23 00:00:00,1.5378500000000002,1.53966,1.52946,1.5375,58723
2010-04-26 00:00:00,1.5386,1.54968,1.5373,1.54563,52053
2010-04-27 00:00:00,1.54565,1.54828,1.52392,1.52636,58545
2010-04-28 00:00:00,1.5263499999999999,1.5287,1.51251,1.5207199999999998,65198
2010-04-29 00:00:00,1.52075,1.53407,1.5142,1.53185,58409
2010-04-30 00:00:00,1.5318399999999999,1.5389300000000001,1.52528,1.52708,54581
2010-05-03 00:00:00,1.5312000000000001,1.53145,1.52104,1.52443,41878
2010-05-04 00:00:00,1.52439,1.5263900000000001,1.5089700000000001,1.5142099999999998,56919
2010-05-05 00:00:00,1.51423,1.51723,1.5067599999999999,1.51004,63288
2010-05-06 00:00:00,1.51002,1.5146600000000001,1.47139,1.4831400000000001,78407
2010-05-07 00:00:00,1.48311,1.49342,1.44751,1.48026,107402
2010-05-10 00:00:00,1.48384,1.50534,1.4760900000000001,1.48447,88502
2010-05-11 00:00:00,1.48448,1.50033,1.47197,1.49536,83459
2010-05-12 00:00:00,1.49535,1.50434,1.48182,1.4821900000000001,73566
2010-05-13 00:00:00,1.48218,1.4916,1.45948,1.46121,59923
2010-05-14 00:00:00,1.46119,1.4638200000000001,1.44949,1.4539900000000001,71985
2010-05-15 00:00:00,1.45359,1.45359,1.45346,1.45346,4
2010-05-17 00:00:00,1.45244,1.45408,1.42509,1.44732,139076
2010-05-18 00:00:00,1.4472,1.45172,1.4304700000000001,1.43351,69896
2010-05-19 00:00:00,1.4335,1.4447,1.42362,1.4443,48097
2010-05-20 00:00:00,1.4444,1.4465,1.42323,1.43632,46957
2010-05-21 00:00:00,1.4362300000000001,1.4495,1.43173,1.44584,72335
2010-05-22 00:00:00,1.44587,1.44587,1.44587,1.44587,1
2010-05-24 00:00:00,1.44651,1.45273,1.4351099999999999,1.44235,61151
2010-05-25 00:00:00,1.4423300000000001,1.4423599999999999,1.42584,1.44075,60039
2010-05-26 00:00:00,1.44072,1.44474,1.43303,1.43861,55466
2010-05-27 00:00:00,1.4386,1.46058,1.43658,1.4580600000000001,69745
2010-05-28 00:00:00,1.45804,1.46092,1.44341,1.44562,67467
2010-05-31 00:00:00,1.44308,1.45468,1.44266,1.45357,44273
2010-06-01 00:00:00,1.45358,1.47193,1.44384,1.46489,73073
2010-06-02 00:00:00,1.46482,1.4769,1.45529,1.46503,77504
2010-06-03 00:00:00,1.4650699999999999,1.47418,1.45856,1.46127,62390
2010-06-04 00:00:00,1.46128,1.46805,1.44525,1.44537,61954
2010-06-07 00:00:00,1.44183,1.45613,1.4387699999999999,1.44661,69000
2010-06-08 00:00:00,1.44663,1.45274,1.43456,1.44683,66521
2010-06-09 00:00:00,1.44684,1.46072,1.43954,1.4526,58216
2010-06-10 00:00:00,1.45259,1.47172,1.45084,1.4713,69836
2010-06-11 00:00:00,1.47128,1.4757799999999999,1.4503599999999999,1.45498,84492
2010-06-12 00:00:00,1.455,1.455,1.455,1.455,1
2010-06-14 00:00:00,1.45535,1.48078,1.4550100000000001,1.47415,60200
2010-06-15 00:00:00,1.47411,1.48361,1.4681899999999999,1.47972,98529
2010-06-16 00:00:00,1.47966,1.48542,1.47256,1.47293,58072
2010-06-17 00:00:00,1.47294,1.48365,1.46445,1.4823,62740
2010-06-18 00:00:00,1.48228,1.48852,1.47705,1.4822199999999999,54659
2010-06-19 00:00:00,1.48223,1.48224,1.4822199999999999,1.48223,5
2010-06-21 00:00:00,1.48575,1.49352,1.47377,1.47561,65970
2010-06-22 00:00:00,1.47557,1.48577,1.46866,1.48132,59404
2010-06-23 00:00:00,1.48129,1.4972400000000001,1.48019,1.4954,46857
2010-06-24 00:00:00,1.4953699999999999,1.50102,1.49151,1.49341,62886
2010-06-25 00:00:00,1.4934,1.50756,1.48557,1.50579,53909
2010-06-26 00:00:00,1.5060099999999998,1.5060099999999998,1.5060099999999998,1.5060099999999998,1
2010-06-28 00:00:00,1.5053800000000002,1.5128,1.50171,1.5104199999999999,47033
2010-06-29 00:00:00,1.51036,1.5119500000000001,1.5011299999999999,1.5065300000000001,49731
2010-06-30 00:00:00,1.50631,1.5072299999999998,1.49345,1.49444,59770
2010-07-01 00:00:00,1.49441,1.51892,1.4873,1.51748,60031
2010-07-02 00:00:00,1.5174699999999999,1.5228199999999998,1.51498,1.51938,51020
2010-07-05 00:00:00,1.5194,1.51978,1.5089299999999999,1.5134699999999999,28209
2010-07-06 00:00:00,1.51345,1.52263,1.5080900000000002,1.51486,44662
2010-07-07 00:00:00,1.51485,1.5218,1.50806,1.5187,44500
2010-07-08 00:00:00,1.51868,1.52401,1.5101499999999999,1.5165899999999999,45447
2010-07-09 00:00:00,1.51662,1.5203600000000002,1.505,1.50637,37913
2010-07-10 00:00:00,1.50627,1.50627,1.50627,1.50627,1
2010-07-12 00:00:00,1.50617,1.50849,1.49478,1.50298,38811
2010-07-13 00:00:00,1.50295,1.5191599999999998,1.49638,1.5173,110004
2010-07-14 00:00:00,1.51743,1.5295800000000002,1.5170400000000002,1.52665,44750
2010-07-15 00:00:00,1.52661,1.54706,1.52355,1.5461200000000002,47421
2010-07-16 00:00:00,1.54595,1.54631,1.52783,1.52995,45050
2010-07-19 00:00:00,1.52885,1.53505,1.52027,1.52284,43486
2010-07-20 00:00:00,1.52286,1.53095,1.5153400000000001,1.5261900000000002,46185
2010-07-21 00:00:00,1.52617,1.53335,1.51235,1.51626,47018
2010-07-22 00:00:00,1.51628,1.5295,1.5149599999999999,1.52579,45596
2010-07-23 00:00:00,1.5258,1.54484,1.52502,1.54237,49364
2010-07-24 00:00:00,1.54238,1.54263,1.54238,1.54253,6
2010-07-26 00:00:00,1.54136,1.55187,1.54091,1.54888,39748
2010-07-27 00:00:00,1.54886,1.5598999999999998,1.5442399999999998,1.55935,44696
2010-07-28 00:00:00,1.55933,1.56385,1.55469,1.5595599999999998,44775
2010-07-29 00:00:00,1.5597699999999999,1.5660699999999999,1.55789,1.56109,42862
2010-07-30 00:00:00,1.5611199999999998,1.572,1.55511,1.5687799999999998,45480
2010-08-02 00:00:00,1.5725,1.59062,1.56949,1.58856,38761
2010-08-03 00:00:00,1.5885799999999999,1.5966900000000002,1.58608,1.59511,38617
2010-08-04 00:00:00,1.59512,1.59627,1.58561,1.58811,38861
2010-08-05 00:00:00,1.58816,1.59231,1.58196,1.58952,37793
2010-08-06 00:00:00,1.5896,1.5997,1.5839400000000001,1.59406,36860
2010-08-09 00:00:00,1.59849,1.5993,1.58906,1.58906,29971
2010-08-10 00:00:00,1.58907,1.59077,1.57099,1.58506,47040
2010-08-11 00:00:00,1.58508,1.58601,1.56277,1.56568,50747
2010-08-12 00:00:00,1.5657100000000002,1.57118,1.5561,1.55774,45741
2010-08-13 00:00:00,1.55769,1.56778,1.55653,1.55899,41511
2010-08-14 00:00:00,1.55897,1.55897,1.55897,1.55897,1
2010-08-16 00:00:00,1.5588,1.5701100000000001,1.55348,1.5662099999999999,41399
2010-08-17 00:00:00,1.56624,1.56942,1.55515,1.55849,44406
2010-08-18 00:00:00,1.55854,1.56868,1.54977,1.55928,42813
2010-08-19 00:00:00,1.5593,1.56671,1.55081,1.5598999999999998,50117
2010-08-20 00:00:00,1.56,1.56033,1.54644,1.55336,44173
2010-08-21 00:00:00,1.55325,1.55325,1.55325,1.55325,1
2010-08-23 00:00:00,1.55384,1.56169,1.54996,1.55111,38207
2010-08-24 00:00:00,1.5510899999999999,1.5516100000000002,1.53718,1.5394,47372
2010-08-25 00:00:00,1.53939,1.5468899999999999,1.53887,1.54559,43106
2010-08-26 00:00:00,1.5455999999999999,1.55965,1.5455999999999999,1.55268,44869
2010-08-27 00:00:00,1.55267,1.55382,1.54432,1.55274,41998
2010-08-30 00:00:00,1.55343,1.5575299999999999,1.54554,1.546,31405
2010-08-31 00:00:00,1.54599,1.54732,1.53264,1.53468,41274
2010-09-01 00:00:00,1.53471,1.5490300000000001,1.5335299999999998,1.54527,34878
2010-09-02 00:00:00,1.54528,1.54599,1.53499,1.53996,29380
2010-09-03 00:00:00,1.5399500000000002,1.54671,1.53883,1.5448,26851
2010-09-06 00:00:00,1.5444499999999999,1.54882,1.53453,1.53913,23311
2010-09-07 00:00:00,1.53915,1.54229,1.52964,1.53564,33952
2010-09-08 00:00:00,1.53563,1.5532,1.5343499999999999,1.54694,42732
2010-09-09 00:00:00,1.54696,1.54766,1.53754,1.54278,38996
2010-09-10 00:00:00,1.54277,1.54657,1.5344600000000002,1.5355699999999999,36664
2010-09-13 00:00:00,1.5354,1.54866,1.5354,1.54278,39108
2010-09-14 00:00:00,1.5428,1.5585900000000001,1.5347499999999998,1.55372,45426
2010-09-15 00:00:00,1.5537,1.5650300000000001,1.5448300000000001,1.56215,46650
2010-09-16 00:00:00,1.5621800000000001,1.56473,1.55376,1.56231,43542
2010-09-17 00:00:00,1.56227,1.57279,1.55946,1.56301,43427
2010-09-18 00:00:00,1.56304,1.56304,1.56304,1.56304,1
2010-09-20 00:00:00,1.5655999999999999,1.5684,1.55362,1.55443,30829
2010-09-21 00:00:00,1.55442,1.564,1.5503,1.56211,44983
2010-09-22 00:00:00,1.5621,1.5715,1.56013,1.56633,42820
2010-09-23 00:00:00,1.56635,1.5739999999999998,1.56113,1.5682399999999999,50788
2010-09-24 00:00:00,1.56818,1.5842100000000001,1.5640800000000001,1.58228,23669
2010-09-27 00:00:00,1.5821,1.58658,1.57867,1.5826500000000001,36827
2010-09-28 00:00:00,1.58262,1.58942,1.57186,1.58006,49741
2010-09-29 00:00:00,1.58011,1.58732,1.5761699999999998,1.57842,39894
2010-09-30 00:00:00,1.5784099999999999,1.59214,1.56688,1.57152,57893
2010-10-01 00:00:00,1.57151,1.58718,1.5703,1.58189,51235
2010-10-04 00:00:00,1.5804,1.58685,1.5747900000000001,1.58282,45383
2010-10-05 00:00:00,1.58281,1.59292,1.57512,1.58888,53268
2010-10-06 00:00:00,1.5889,1.59382,1.5833,1.58893,50187
2010-10-07 00:00:00,1.5888900000000001,1.6016599999999999,1.5826500000000001,1.58761,54339
2010-10-08 00:00:00,1.58762,1.5965,1.5822699999999998,1.5955,43548
2010-10-11 00:00:00,1.5952,1.5962,1.58674,1.58807,26538
2010-10-12 00:00:00,1.5880999999999998,1.59162,1.57546,1.5807600000000002,52292
2010-10-13 00:00:00,1.5807799999999999,1.59073,1.57734,1.58963,46974
2010-10-14 00:00:00,1.5896,1.60653,1.58875,1.6008900000000001,47671
2010-10-15 00:00:00,1.6009,1.6105399999999999,1.5970499999999999,1.59901,47419
2010-10-18 00:00:00,1.59809,1.60022,1.5836999999999999,1.58755,47095
2010-10-19 00:00:00,1.5875,1.59395,1.5678800000000002,1.57047,57064
2010-10-20 00:00:00,1.57039,1.58772,1.56494,1.58474,53414
2010-10-21 00:00:00,1.58475,1.58477,1.56856,1.57029,54282
2010-10-22 00:00:00,1.57031,1.57492,1.56518,1.56803,53275
2010-10-23 00:00:00,1.5680399999999999,1.5680399999999999,1.56799,1.56799,5
2010-10-25 00:00:00,1.56636,1.57717,1.56633,1.5721500000000002,59110
2010-10-26 00:00:00,1.57212,1.58948,1.569,1.58419,70094
2010-10-27 00:00:00,1.58429,1.58644,1.57297,1.5765799999999999,73011
2010-10-28 00:00:00,1.57684,1.59774,1.57603,1.59451,70646
2010-10-29 00:00:00,1.59462,1.60442,1.58766,1.60384,66838
2010-11-01 00:00:00,1.60438,1.6088,1.59905,1.6040299999999998,64461
2010-11-02 00:00:00,1.60402,1.60792,1.59609,1.6034199999999998,65286
2010-11-03 00:00:00,1.60348,1.61721,1.60059,1.6102400000000001,80700
2010-11-04 00:00:00,1.61023,1.6298,1.6083699999999999,1.62704,82189
2010-11-05 00:00:00,1.62706,1.6293199999999999,1.61659,1.61809,70838
2010-11-08 00:00:00,1.61877,1.62126,1.61036,1.61376,73633
2010-11-09 00:00:00,1.61378,1.6183,1.59528,1.59837,81481
2010-11-10 00:00:00,1.5983800000000001,1.6135199999999998,1.59604,1.61212,83230
2010-11-11 00:00:00,1.61213,1.6177899999999998,1.60807,1.61215,80482
2010-11-12 00:00:00,1.61216,1.61823,1.59851,1.6113,88323
2010-11-13 00:00:00,1.61123,1.61123,1.61123,1.61123,1
2010-11-15 00:00:00,1.61253,1.61531,1.60409,1.60518,71990
2010-11-16 00:00:00,1.60517,1.60853,1.58388,1.58845,92651
2010-11-17 00:00:00,1.58843,1.59475,1.58542,1.59056,86375
2010-11-18 00:00:00,1.59062,1.60542,1.5887799999999999,1.60398,87104
2010-11-19 00:00:00,1.60397,1.6093199999999999,1.5935899999999998,1.5979700000000001,75755
2010-11-20 00:00:00,1.59798,1.59799,1.59781,1.5978400000000001,14
2010-11-22 00:00:00,1.60009,1.60833,1.58979,1.59555,92551
2010-11-23 00:00:00,1.59554,1.59636,1.57584,1.57745,100489
2010-11-24 00:00:00,1.57744,1.5836000000000001,1.57408,1.57708,97868
2010-11-25 00:00:00,1.57706,1.5792899999999999,1.5724900000000002,1.57589,72544
2010-11-26 00:00:00,1.57591,1.5771,1.55761,1.55903,83033
2010-11-29 00:00:00,1.55994,1.56461,1.5527,1.5572599999999999,92397
2010-11-30 00:00:00,1.55725,1.55948,1.5484200000000001,1.55607,102002
2010-12-01 00:00:00,1.55605,1.5647,1.5547,1.56211,103754
2010-12-02 00:00:00,1.56212,1.5666,1.5511300000000001,1.5598800000000002,99118
2010-12-03 00:00:00,1.55985,1.57866,1.55806,1.57751,97242
2010-12-04 00:00:00,1.57752,1.57754,1.57701,1.57736,9
2010-12-06 00:00:00,1.57672,1.57734,1.5655000000000001,1.57145,91135
2010-12-07 00:00:00,1.57146,1.5821100000000001,1.5701800000000001,1.57568,99431
2010-12-08 00:00:00,1.5756700000000001,1.58352,1.56676,1.58026,98302
2010-12-09 00:00:00,1.58027,1.584,1.5711,1.57697,88939
2010-12-10 00:00:00,1.5769600000000001,1.58608,1.57477,1.58011,77670
2010-12-11 00:00:00,1.5800800000000002,1.5800800000000002,1.58004,1.58004,7
2010-12-13 00:00:00,1.5798,1.58958,1.57186,1.5861,79881
2010-12-14 00:00:00,1.58608,1.59096,1.57385,1.57738,85016
2010-12-15 00:00:00,1.57736,1.57738,1.55304,1.55437,94689
2010-12-16 00:00:00,1.55436,1.5635400000000002,1.55395,1.56317,83026
2010-12-17 00:00:00,1.56311,1.5646,1.5453999999999999,1.55323,84224
2010-12-18 00:00:00,1.55322,1.55322,1.55314,1.55314,2
2010-12-20 00:00:00,1.55144,1.55754,1.54758,1.55115,78782
2010-12-21 00:00:00,1.55114,1.55666,1.54353,1.54684,82034
2010-12-22 00:00:00,1.54683,1.5493000000000001,1.53556,1.53843,75021
2010-12-23 00:00:00,1.53847,1.5436,1.5372400000000002,1.54253,70489
2010-12-24 00:00:00,1.54257,1.54753,1.5417,1.5445799999999998,39622
2010-12-25 00:00:00,1.5443,1.5443,1.5443,1.5443,1
2010-12-27 00:00:00,1.54386,1.54558,1.53698,1.5419100000000001,53902
2010-12-28 00:00:00,1.5420099999999999,1.55098,1.5344600000000002,1.53661,70021
2010-12-29 00:00:00,1.53659,1.5516999999999999,1.53503,1.54985,69631
2010-12-30 00:00:00,1.54984,1.55349,1.5366300000000002,1.5425,73349
2010-12-31 00:00:00,1.5425499999999999,1.56643,1.54226,1.5609199999999999,59877
2011-01-03 00:00:00,1.55431,1.5574400000000002,1.54329,1.5487199999999999,71896
2011-01-04 00:00:00,1.5486900000000001,1.56448,1.54535,1.5585499999999999,88461
2011-01-05 00:00:00,1.55854,1.5626600000000002,1.54502,1.5513599999999999,90644
2011-01-06 00:00:00,1.55135,1.55609,1.5448,1.5468899999999999,83855
2011-01-07 00:00:00,1.54692,1.55781,1.54057,1.55449,93969
2011-01-08 00:00:00,1.5545,1.55457,1.55449,1.55457,6
2011-01-10 00:00:00,1.55354,1.5601699999999998,1.54746,1.5572300000000001,85740
2011-01-11 00:00:00,1.5572,1.56384,1.55122,1.55971,85886
2011-01-12 00:00:00,1.55972,1.57795,1.55824,1.57637,92961
2011-01-13 00:00:00,1.57614,1.58827,1.57175,1.5836700000000001,93645
2011-01-14 00:00:00,1.58369,1.58876,1.58114,1.58666,91471
2011-01-15 00:00:00,1.58664,1.58669,1.58664,1.58667,8
2011-01-17 00:00:00,1.58734,1.59531,1.5834700000000002,1.58854,77005
2011-01-18 00:00:00,1.58853,1.6057700000000001,1.58762,1.5960299999999998,96452
2011-01-19 00:00:00,1.59604,1.60368,1.5945,1.59939,97227
2011-01-20 00:00:00,1.5994000000000002,1.60086,1.5838100000000002,1.58954,99588
2011-01-21 00:00:00,1.5895299999999999,1.60149,1.58669,1.5998299999999999,96524
2011-01-22 00:00:00,1.59981,1.59981,1.59981,1.59981,1
2011-01-24 00:00:00,1.59937,1.60127,1.5920299999999998,1.5985200000000002,85085
2011-01-25 00:00:00,1.5985,1.60152,1.5750899999999999,1.58151,102956
2011-01-26 00:00:00,1.58148,1.59338,1.57691,1.59324,102382
2011-01-27 00:00:00,1.59326,1.5989,1.58793,1.5926399999999998,102255
2011-01-28 00:00:00,1.59265,1.5965500000000001,1.5824500000000001,1.5857999999999999,99154
2011-01-29 00:00:00,1.58581,1.58592,1.58579,1.58592,23
2011-01-31 00:00:00,1.58319,1.6047099999999999,1.58213,1.6011600000000001,95962
2011-02-01 00:00:00,1.60118,1.61624,1.6009799999999998,1.61391,100763
2011-02-02 00:00:00,1.6139000000000001,1.62291,1.61267,1.61889,92322
2011-02-03 00:00:00,1.6189200000000001,1.62767,1.61213,1.61346,93521
2011-02-04 00:00:00,1.6134,1.6171,1.60362,1.6108500000000001,65289
2011-02-05 00:00:00,1.61089,1.61089,1.61089,1.61089,1
2011-02-07 00:00:00,1.6096599999999999,1.61842,1.60895,1.61077,61455
2011-02-08 00:00:00,1.6107900000000002,1.6161699999999999,1.60276,1.60669,59613
2011-02-09 00:00:00,1.6067,1.61233,1.60328,1.6101,60629
2011-02-10 00:00:00,1.61009,1.61367,1.60121,1.60957,79471
2011-02-11 00:00:00,1.60958,1.61113,1.59626,1.6005099999999999,61807
2011-02-12 00:00:00,1.6005099999999999,1.60057,1.6004800000000001,1.60049,17
2011-02-14 00:00:00,1.60038,1.60765,1.59808,1.6036700000000002,78512
2011-02-15 00:00:00,1.60366,1.61697,1.60069,1.61245,79069
2011-02-16 00:00:00,1.61247,1.61839,1.59863,1.60918,79339
2011-02-17 00:00:00,1.60919,1.6185100000000001,1.6075,1.6172,68761
2011-02-18 00:00:00,1.6171799999999998,1.62614,1.61473,1.62522,72482
2011-02-19 00:00:00,1.62521,1.62521,1.62521,1.62521,1
2011-02-21 00:00:00,1.6242,1.62548,1.62032,1.62244,63893
2011-02-22 00:00:00,1.62245,1.6227399999999998,1.61003,1.61353,89351
2011-02-23 00:00:00,1.6135199999999998,1.6271900000000001,1.6131799999999998,1.6209500000000001,86944
2011-02-24 00:00:00,1.62097,1.62528,1.60845,1.6136300000000001,85420
2011-02-25 00:00:00,1.6135899999999999,1.61597,1.60305,1.61157,79529
2011-02-26 00:00:00,1.61155,1.61162,1.61155,1.61162,5
2011-02-28 00:00:00,1.60826,1.6274,1.60705,1.6255,82453
2011-03-01 00:00:00,1.6255199999999999,1.63281,1.62503,1.6265399999999999,90048
2011-03-02 00:00:00,1.6265,1.6343,1.6214499999999998,1.63227,77582
2011-03-03 00:00:00,1.63231,1.63328,1.62524,1.62758,82824
2011-03-04 00:00:00,1.62758,1.63043,1.6235,1.6267,71967
2011-03-05 00:00:00,1.6267200000000002,1.6267399999999999,1.62666,1.62666,4
2011-03-07 00:00:00,1.62758,1.63401,1.6181299999999998,1.62002,72684
2011-03-08 00:00:00,1.6200299999999999,1.62074,1.61249,1.61586,76761
2011-03-09 00:00:00,1.61585,1.62419,1.61382,1.6200700000000001,73664
2011-03-10 00:00:00,1.62006,1.6211600000000002,1.60386,1.60583,81638
2011-03-11 00:00:00,1.60622,1.6086399999999998,1.5976599999999999,1.6078700000000001,80626
2011-03-12 00:00:00,1.6078000000000001,1.60784,1.6078000000000001,1.60784,2
2011-03-14 00:00:00,1.60827,1.6197599999999999,1.6026799999999999,1.61713,81585
2011-03-15 00:00:00,1.61714,1.61832,1.5977999999999999,1.60797,97178
2011-03-16 00:00:00,1.60797,1.6130200000000001,1.59851,1.59893,96112
2011-03-17 00:00:00,1.5989200000000001,1.61684,1.59823,1.61406,104029
2011-03-18 00:00:00,1.61407,1.6252499999999999,1.60599,1.62323,91878
2011-03-21 00:00:00,1.62287,1.63262,1.62026,1.63016,73874
2011-03-22 00:00:00,1.63015,1.64001,1.62917,1.63726,77917
2011-03-23 00:00:00,1.63723,1.63819,1.62184,1.62413,85745
2011-03-24 00:00:00,1.62416,1.6265800000000001,1.60906,1.61191,83681
2011-03-25 00:00:00,1.61193,1.61409,1.6006200000000002,1.60398,77484
2011-03-28 00:00:00,1.6007500000000001,1.60368,1.5935700000000002,1.5990799999999998,73529
2011-03-29 00:00:00,1.5990799999999998,1.60413,1.59423,1.6009600000000002,74865
2011-03-30 00:00:00,1.60094,1.6081699999999999,1.59778,1.60701,78806
2011-03-31 00:00:00,1.607,1.61498,1.60162,1.60259,77369
2011-04-01 00:00:00,1.60259,1.6130900000000001,1.59717,1.6109200000000001,76837
2011-04-02 00:00:00,1.6109200000000001,1.6109200000000001,1.6108500000000001,1.6108500000000001,6
2011-04-04 00:00:00,1.6109200000000001,1.6175899999999999,1.61062,1.61294,68024
2011-04-05 00:00:00,1.61293,1.62955,1.6091199999999999,1.6294499999999998,68077
2011-04-06 00:00:00,1.62947,1.6362700000000001,1.62565,1.6329799999999999,73669
2011-04-07 00:00:00,1.63299,1.6340400000000002,1.62623,1.6320700000000001,73752
2011-04-08 00:00:00,1.6320700000000001,1.6426699999999999,1.6313499999999999,1.6377899999999999,75213
2011-04-09 00:00:00,1.63777,1.63794,1.63777,1.63794,19
2011-04-11 00:00:00,1.63727,1.64249,1.6313,1.63436,69218
2011-04-12 00:00:00,1.63435,1.6348099999999999,1.62268,1.62557,81281
2011-04-13 00:00:00,1.62546,1.6308500000000001,1.62367,1.62668,71406
2011-04-14 00:00:00,1.6266699999999998,1.63826,1.6253,1.63475,78178
2011-04-15 00:00:00,1.63475,1.63717,1.62908,1.63226,70272
2011-04-16 00:00:00,1.63227,1.63236,1.6322299999999998,1.63236,12
2011-04-18 00:00:00,1.63188,1.63272,1.61661,1.62645,77676
2011-04-19 00:00:00,1.62643,1.63351,1.62291,1.6312799999999998,71174
2011-04-20 00:00:00,1.63129,1.6424699999999999,1.63084,1.6406800000000001,74206
2011-04-21 00:00:00,1.6407,1.65984,1.63849,1.65202,79151
2011-04-22 00:00:00,1.6520299999999999,1.6567699999999999,1.65021,1.65048,36940
2011-04-23 00:00:00,1.65043,1.65061,1.65043,1.65061,5
2011-04-25 00:00:00,1.6516899999999999,1.6551200000000001,1.64675,1.64948,60567
2011-04-26 00:00:00,1.64951,1.65316,1.64311,1.64797,78339
2011-04-27 00:00:00,1.64797,1.66351,1.64341,1.66245,88271
2011-04-28 00:00:00,1.66248,1.67449,1.66196,1.66295,80726
2011-04-29 00:00:00,1.66295,1.67208,1.6622599999999998,1.6703000000000001,59036
2011-05-02 00:00:00,1.6707,1.67371,1.66347,1.66525,67887
2011-05-03 00:00:00,1.66526,1.6659899999999999,1.6462599999999998,1.6485400000000001,79822
2011-05-04 00:00:00,1.64855,1.65732,1.6451099999999999,1.64866,84441
2011-05-05 00:00:00,1.64865,1.65429,1.63572,1.6390500000000001,87972
2011-05-06 00:00:00,1.63904,1.64619,1.6354199999999999,1.63618,92849
2011-05-09 00:00:00,1.63746,1.6406100000000001,1.62698,1.64022,88528
2011-05-10 00:00:00,1.6402299999999999,1.64188,1.63157,1.63633,87467
2011-05-11 00:00:00,1.63631,1.65154,1.6322,1.63457,77611
2011-05-12 00:00:00,1.63456,1.63789,1.62347,1.62885,72139
2011-05-13 00:00:00,1.62887,1.63075,1.61471,1.6194600000000001,56017
2011-05-14 00:00:00,1.61947,1.61947,1.61927,1.61927,11
2011-05-16 00:00:00,1.61758,1.6252499999999999,1.61599,1.61902,64589
2011-05-17 00:00:00,1.61905,1.63008,1.61737,1.62503,57462
2011-05-18 00:00:00,1.62486,1.62873,1.61052,1.6165699999999998,23766
2011-05-19 00:00:00,1.61647,1.62424,1.6130200000000001,1.6236199999999998,22782
2011-05-20 00:00:00,1.6235300000000001,1.63045,1.61661,1.6228500000000001,21796
2011-05-23 00:00:00,1.62208,1.62324,1.60876,1.61204,23356
2011-05-24 00:00:00,1.61193,1.62085,1.60335,1.6179700000000001,25268
2011-05-25 00:00:00,1.61796,1.62928,1.6131799999999998,1.6272,41073
2011-05-26 00:00:00,1.6272,1.6404,1.62628,1.64022,106301
2011-05-27 00:00:00,1.63971,1.65118,1.6379299999999999,1.65055,92173
2011-05-28 00:00:00,1.65056,1.6505800000000002,1.65055,1.65056,7
2011-05-30 00:00:00,1.6482,1.65102,1.6449,1.64729,60522
2011-05-31 00:00:00,1.64729,1.65461,1.64229,1.6446,76687
2011-06-01 00:00:00,1.6445699999999999,1.6494900000000001,1.63296,1.63327,82758
2011-06-02 00:00:00,1.6332900000000001,1.6417000000000002,1.63041,1.6368399999999999,76236
2011-06-03 00:00:00,1.6368200000000002,1.64363,1.62869,1.64237,60135
2011-06-06 00:00:00,1.64243,1.64592,1.63398,1.63543,65741
2011-06-07 00:00:00,1.63544,1.6470500000000001,1.63232,1.64442,58461
2011-06-08 00:00:00,1.6444999999999999,1.64494,1.63477,1.6401400000000002,56371
2011-06-09 00:00:00,1.64015,1.64653,1.63579,1.63622,49243
2011-06-10 00:00:00,1.6362299999999999,1.6381700000000001,1.62192,1.62225,50960
2011-06-11 00:00:00,1.6221999999999999,1.62226,1.6221999999999999,1.6222400000000001,4
2011-06-13 00:00:00,1.6234899999999999,1.63879,1.62144,1.6374499999999999,81254
2011-06-14 00:00:00,1.6374300000000002,1.64409,1.6354600000000001,1.63687,79397
2011-06-15 00:00:00,1.6368800000000001,1.63823,1.61673,1.6191200000000001,76563
2011-06-16 00:00:00,1.61913,1.62239,1.6077599999999999,1.61566,97387
2011-06-17 00:00:00,1.61557,1.61944,1.6093,1.61613,81997
2011-06-20 00:00:00,1.61608,1.62339,1.61084,1.62008,84274
2011-06-21 00:00:00,1.62008,1.6251600000000002,1.6166800000000001,1.6242999999999999,81800
2011-06-22 00:00:00,1.62426,1.6261,1.6059299999999999,1.6069200000000001,90002
2011-06-23 00:00:00,1.60693,1.6073,1.59375,1.6004,87713
2011-06-24 00:00:00,1.60039,1.6045099999999999,1.5951,1.59568,82438
2011-06-25 00:00:00,1.59568,1.5957,1.59566,1.5957,8
2011-06-27 00:00:00,1.5960999999999999,1.60102,1.59127,1.5988,87830
2011-06-28 00:00:00,1.5988099999999998,1.60413,1.59116,1.59981,86718
2011-06-29 00:00:00,1.5998,1.60732,1.59692,1.60606,76015
2011-06-30 00:00:00,1.60605,1.6117599999999999,1.59717,1.60507,82518
2011-07-01 00:00:00,1.6051,1.60951,1.59876,1.60707,75860
2011-07-02 00:00:00,1.6070600000000002,1.60707,1.6068099999999998,1.6068099999999998,8
2011-07-04 00:00:00,1.60605,1.61391,1.60527,1.60797,72528
2011-07-05 00:00:00,1.6079599999999998,1.6127,1.59897,1.60579,82877
2011-07-06 00:00:00,1.60579,1.60899,1.59473,1.6001699999999999,81105
2011-07-07 00:00:00,1.60018,1.60169,1.5946,1.59713,78419
2011-07-08 00:00:00,1.597,1.60766,1.59307,1.60555,83832
2011-07-09 00:00:00,1.60568,1.60568,1.60568,1.60568,1
2011-07-11 00:00:00,1.6029900000000001,1.60412,1.58815,1.59051,91221
2011-07-12 00:00:00,1.5905200000000002,1.59469,1.5780699999999999,1.59112,104782
2011-07-13 00:00:00,1.59111,1.61202,1.59042,1.61036,98490
2011-07-14 00:00:00,1.61037,1.61925,1.60941,1.6139999999999999,96465
2011-07-15 00:00:00,1.6139000000000001,1.61741,1.6076000000000001,1.6132,87776
2011-07-16 00:00:00,1.61322,1.61322,1.61322,1.61322,1
2011-07-18 00:00:00,1.61174,1.61342,1.60047,1.6056300000000001,121274
2011-07-19 00:00:00,1.60562,1.61769,1.6040999999999999,1.6122100000000001,98156
2011-07-20 00:00:00,1.6122,1.61658,1.60684,1.6150099999999998,82162
2011-07-21 00:00:00,1.61517,1.6331799999999999,1.61209,1.63287,85144
2011-07-22 00:00:00,1.63288,1.6338300000000001,1.62642,1.6297000000000001,78083
2011-07-23 00:00:00,1.62969,1.6297700000000002,1.62969,1.62973,7
2011-07-25 00:00:00,1.63304,1.6330900000000002,1.6261299999999999,1.62745,77623
2011-07-26 00:00:00,1.62744,1.6427800000000001,1.6265100000000001,1.64025,81993
2011-07-27 00:00:00,1.64026,1.6438000000000001,1.63121,1.6326399999999999,77401
2011-07-28 00:00:00,1.63251,1.63825,1.6294499999999998,1.63721,74734
2011-07-29 00:00:00,1.6372,1.64695,1.62609,1.64223,87504
2011-07-30 00:00:00,1.64177,1.6420400000000002,1.64177,1.64192,5
2011-08-01 00:00:00,1.63904,1.64745,1.62372,1.6294,90124
2011-08-02 00:00:00,1.62939,1.6328399999999998,1.62233,1.62987,92996
2011-08-03 00:00:00,1.62996,1.64299,1.6250499999999999,1.64249,90889
2011-08-04 00:00:00,1.64252,1.64381,1.6240999999999999,1.62446,93310
2011-08-05 00:00:00,1.6251799999999998,1.63952,1.62275,1.63887,106510
2011-08-06 00:00:00,1.63886,1.6389,1.63882,1.6389,8
2011-08-08 00:00:00,1.64539,1.64704,1.62974,1.63165,115097
2011-08-09 00:00:00,1.63164,1.6408800000000001,1.6175899999999999,1.63138,129537
2011-08-10 00:00:00,1.6313900000000001,1.63339,1.6122800000000002,1.6131799999999998,110852
2011-08-11 00:00:00,1.61319,1.6237599999999999,1.61101,1.6236899999999999,115143
2011-08-12 00:00:00,1.62372,1.63118,1.61658,1.62748,97649
2011-08-15 00:00:00,1.62865,1.64086,1.62546,1.63872,89248
2011-08-16 00:00:00,1.63873,1.6475300000000002,1.6322999999999999,1.6453600000000002,92808
2011-08-17 00:00:00,1.6453799999999998,1.6589800000000001,1.6352,1.6541000000000001,93456
2011-08-18 00:00:00,1.65411,1.6553,1.64225,1.65147,97229
2011-08-19 00:00:00,1.6514799999999998,1.66174,1.64447,1.64629,101969
2011-08-20 00:00:00,1.64625,1.64635,1.6462400000000001,1.6462400000000001,14
2011-08-22 00:00:00,1.64724,1.65195,1.64354,1.6452200000000001,89043
2011-08-23 00:00:00,1.64521,1.657,1.6445699999999999,1.64926,91167
2011-08-24 00:00:00,1.64926,1.6533,1.63653,1.63728,86888
2011-08-25 00:00:00,1.63727,1.63964,1.62616,1.6279599999999999,80362
2011-08-26 00:00:00,1.62815,1.6377899999999999,1.6207799999999999,1.63667,87140
2011-08-29 00:00:00,1.63396,1.6433900000000001,1.63344,1.64134,72668
2011-08-30 00:00:00,1.6413,1.64187,1.62547,1.63022,82780
2011-08-31 00:00:00,1.63022,1.6333600000000001,1.62306,1.62547,82790
2011-09-01 00:00:00,1.6252499999999999,1.62548,1.61314,1.61775,86602
2011-09-02 00:00:00,1.61775,1.62517,1.6172,1.62148,85113
2011-09-05 00:00:00,1.61707,1.61852,1.60614,1.6107200000000002,85737
2011-09-06 00:00:00,1.61076,1.6175199999999998,1.5920999999999998,1.5943399999999999,104990
2011-09-07 00:00:00,1.59435,1.6036899999999998,1.59166,1.59814,98982
2011-09-08 00:00:00,1.59813,1.60823,1.59123,1.59605,100763
2011-09-09 00:00:00,1.5960299999999998,1.5989900000000001,1.5843500000000001,1.58782,110743
2011-09-12 00:00:00,1.58301,1.58853,1.5774,1.58603,110394
2011-09-13 00:00:00,1.58603,1.58683,1.5760999999999998,1.57774,111740
2011-09-14 00:00:00,1.57775,1.58127,1.57065,1.5766,106490
2011-09-15 00:00:00,1.57664,1.5867499999999999,1.5730499999999998,1.57982,95771
2011-09-16 00:00:00,1.5798100000000002,1.58404,1.57442,1.57862,94710
2011-09-17 00:00:00,1.57863,1.57869,1.5786099999999998,1.5786799999999999,6
2011-09-19 00:00:00,1.57159,1.57546,1.56325,1.57024,96466
2011-09-20 00:00:00,1.5702099999999999,1.57458,1.5654599999999999,1.5733899999999998,104391
2011-09-21 00:00:00,1.57338,1.5745,1.54853,1.5497800000000002,101845
2011-09-22 00:00:00,1.54982,1.55175,1.53271,1.53417,116300
2011-09-23 00:00:00,1.53416,1.54894,1.53319,1.54534,116194
2011-09-24 00:00:00,1.5453299999999999,1.5454400000000001,1.5444,1.54459,5
2011-09-26 00:00:00,1.54742,1.5569600000000001,1.54319,1.55634,111939
2011-09-27 00:00:00,1.55633,1.5704500000000001,1.5525799999999998,1.56319,105796
2011-09-28 00:00:00,1.56319,1.56764,1.55639,1.5574599999999998,106101
2011-09-29 00:00:00,1.55745,1.57146,1.55424,1.56257,108776
2011-09-30 00:00:00,1.56256,1.56644,1.55323,1.55793,107322
2011-10-03 00:00:00,1.5571700000000002,1.55829,1.5426199999999999,1.5430000000000001,108200
2011-10-04 00:00:00,1.54283,1.54936,1.53406,1.5484499999999999,115941
2011-10-05 00:00:00,1.54843,1.54914,1.53941,1.5457999999999998,114145
2011-10-06 00:00:00,1.54582,1.55003,1.52721,1.54433,111371
2011-10-07 00:00:00,1.54432,1.5645,1.54223,1.5556100000000002,127580
2011-10-08 00:00:00,1.55564,1.55575,1.55564,1.55575,2
2011-10-10 00:00:00,1.55537,1.56886,1.55263,1.56658,97842
2011-10-11 00:00:00,1.5665900000000001,1.56684,1.55732,1.5575299999999999,102653
2011-10-12 00:00:00,1.5575299999999999,1.57972,1.55422,1.5751300000000001,105698
2011-10-13 00:00:00,1.57514,1.5782699999999998,1.5666600000000002,1.5764200000000002,104865
2011-10-14 00:00:00,1.5764200000000002,1.58508,1.5721,1.5816400000000002,97853
2011-10-15 00:00:00,1.58165,1.5817,1.5816400000000002,1.5817,4
2011-10-17 00:00:00,1.5818400000000001,1.58468,1.57304,1.57423,97631
2011-10-18 00:00:00,1.57423,1.58208,1.56314,1.5710899999999999,108898
2011-10-19 00:00:00,1.57108,1.58466,1.5693899999999998,1.5772599999999999,114823
2011-10-20 00:00:00,1.57724,1.58022,1.56806,1.57889,115266
2011-10-21 00:00:00,1.57885,1.59728,1.57537,1.59494,104526
2011-10-22 00:00:00,1.5949499999999999,1.59497,1.59458,1.59459,21
2011-10-24 00:00:00,1.59424,1.60067,1.58999,1.5996299999999999,104341
2011-10-25 00:00:00,1.59962,1.60377,1.5956299999999999,1.59998,106445
2011-10-26 00:00:00,1.59995,1.60402,1.58906,1.5972300000000001,105812
2011-10-27 00:00:00,1.59724,1.61398,1.5953300000000001,1.6097700000000001,116375
2011-10-28 00:00:00,1.60978,1.61504,1.60707,1.61236,101139
2011-10-29 00:00:00,1.61239,1.6127500000000001,1.61227,1.6127500000000001,31
2011-10-31 00:00:00,1.6130200000000001,1.6164100000000001,1.59647,1.6086,109507
2011-11-01 00:00:00,1.60859,1.60926,1.589,1.59475,114113
2011-11-02 00:00:00,1.59475,1.60467,1.5915300000000001,1.59475,111009
2011-11-03 00:00:00,1.59474,1.60596,1.5877,1.604,110694
2011-11-04 00:00:00,1.6040100000000002,1.60623,1.5946,1.60312,103394
2011-11-05 00:00:00,1.6031300000000002,1.6031499999999999,1.60307,1.6030799999999998,14
2011-11-07 00:00:00,1.60547,1.60779,1.5979100000000002,1.60549,97656
2011-11-08 00:00:00,1.60548,1.6129099999999998,1.60351,1.60877,92709
2011-11-09 00:00:00,1.60876,1.61184,1.5904500000000001,1.59164,104301
2011-11-10 00:00:00,1.5914199999999998,1.59839,1.5868,1.59328,101631
2011-11-11 00:00:00,1.59331,1.60918,1.58948,1.6067900000000002,87062
2011-11-14 00:00:00,1.60703,1.60896,1.58807,1.59077,94660
2011-11-15 00:00:00,1.5907,1.5930900000000001,1.5798999999999999,1.5819999999999999,98555
2011-11-16 00:00:00,1.58199,1.58253,1.5721699999999998,1.57331,104568
2011-11-17 00:00:00,1.57329,1.58097,1.5690499999999998,1.57531,111366
2011-11-18 00:00:00,1.57528,1.58874,1.57376,1.58014,104433
2011-11-19 00:00:00,1.58016,1.58026,1.58014,1.58026,6
2011-11-21 00:00:00,1.57826,1.57832,1.56121,1.564,99353
2011-11-22 00:00:00,1.56398,1.56908,1.55822,1.56319,96359
2011-11-23 00:00:00,1.5632000000000001,1.56543,1.54941,1.55223,99966
2011-11-24 00:00:00,1.5522399999999998,1.55654,1.5483799999999999,1.54934,85896
2011-11-25 00:00:00,1.54935,1.5516299999999998,1.5422799999999999,1.5430899999999999,87309
2011-11-26 00:00:00,1.5431300000000001,1.54337,1.5430899999999999,1.5433,8
2011-11-28 00:00:00,1.54894,1.5593,1.54583,1.55074,90361
2011-11-29 00:00:00,1.5507900000000001,1.56548,1.54683,1.55941,92205
2011-11-30 00:00:00,1.55937,1.5778699999999999,1.55248,1.5702,96453
2011-12-01 00:00:00,1.57037,1.57551,1.56402,1.56872,89115
2011-12-02 00:00:00,1.56873,1.5724200000000002,1.55759,1.55945,83281
2011-12-05 00:00:00,1.5602800000000001,1.57159,1.5586600000000002,1.5646900000000001,85083
2011-12-06 00:00:00,1.56468,1.5663200000000002,1.5561,1.55989,90677
2011-12-07 00:00:00,1.5598800000000002,1.5720800000000001,1.55937,1.57088,87297
2011-12-08 00:00:00,1.57087,1.57679,1.56095,1.56278,85754
2011-12-09 00:00:00,1.5627900000000001,1.57335,1.55846,1.5665900000000001,86028
2011-12-10 00:00:00,1.56658,1.5666099999999998,1.56654,1.56654,5
2011-12-12 00:00:00,1.56448,1.56566,1.55362,1.55817,80782
2011-12-13 00:00:00,1.5581800000000001,1.56281,1.54507,1.5478100000000001,90728
2011-12-14 00:00:00,1.5478,1.55302,1.54087,1.5464099999999998,91968
2011-12-15 00:00:00,1.54643,1.55279,1.54333,1.55125,86755
2011-12-16 00:00:00,1.55124,1.55557,1.54828,1.55419,78317
2011-12-17 00:00:00,1.55419,1.55424,1.5541800000000001,1.5542099999999999,9
2011-12-19 00:00:00,1.5523500000000001,1.5544799999999999,1.54645,1.54972,57922
2011-12-20 00:00:00,1.54984,1.57004,1.54948,1.5661399999999999,57223
2011-12-21 00:00:00,1.5661100000000001,1.57731,1.56475,1.56732,78266
2011-12-22 00:00:00,1.56731,1.57273,1.5648300000000002,1.56757,80400
2011-12-23 00:00:00,1.5675599999999998,1.57069,1.55815,1.5584099999999999,67465
2011-12-26 00:00:00,1.5626600000000002,1.5644,1.5590000000000002,1.5627499999999999,24253
2011-12-27 00:00:00,1.56277,1.5678800000000002,1.5595400000000001,1.56683,57424
2011-12-28 00:00:00,1.5668199999999999,1.5689899999999999,1.5440800000000001,1.5455999999999999,68136
2011-12-29 00:00:00,1.54562,1.54749,1.53616,1.54152,75068
2011-12-30 00:00:00,1.54152,1.5570599999999999,1.54002,1.55361,79195
2011-12-31 00:00:00,1.55362,1.5537999999999998,1.5535,1.55366,33
2012-01-02 00:00:00,1.5493700000000001,1.5540500000000002,1.54669,1.55097,44697
2012-01-03 00:00:00,1.55095,1.56687,1.54992,1.56475,81094
2012-01-04 00:00:00,1.56475,1.5667200000000001,1.55801,1.56182,81920
2012-01-05 00:00:00,1.56175,1.56283,1.5467,1.5493000000000001,86737
2012-01-06 00:00:00,1.54932,1.5524,1.5375100000000002,1.54244,81639
2012-01-07 00:00:00,1.54243,1.5424600000000002,1.54242,1.54243,8
2012-01-09 00:00:00,1.5415100000000002,1.54688,1.53953,1.54573,82197
2012-01-10 00:00:00,1.5457100000000001,1.54995,1.54459,1.5483099999999999,77586
2012-01-11 00:00:00,1.5483099999999999,1.54901,1.53088,1.53267,80056
2012-01-12 00:00:00,1.53266,1.53667,1.52789,1.5331700000000001,84714
2012-01-13 00:00:00,1.53316,1.54078,1.52358,1.53139,86012
2012-01-14 00:00:00,1.53138,1.53156,1.53133,1.53156,6
2012-01-16 00:00:00,1.5294400000000001,1.53515,1.5281799999999999,1.53228,68883
2012-01-17 00:00:00,1.5322900000000002,1.54034,1.53097,1.53329,81385
2012-01-18 00:00:00,1.53328,1.54409,1.5327,1.54372,89203
2012-01-19 00:00:00,1.54372,1.54916,1.5415,1.54862,81099
2012-01-20 00:00:00,1.54862,1.55765,1.54498,1.55752,79853
2012-01-21 00:00:00,1.55751,1.55754,1.5573700000000001,1.5573700000000001,12
2012-01-23 00:00:00,1.55401,1.56012,1.5516100000000002,1.55659,79829
2012-01-24 00:00:00,1.55659,1.56251,1.55321,1.56249,75929
2012-01-25 00:00:00,1.5624799999999999,1.56772,1.55328,1.56562,83918
2012-01-26 00:00:00,1.56567,1.57333,1.56493,1.56881,77466
2012-01-27 00:00:00,1.5688,1.57392,1.56403,1.57259,84169
2012-01-28 00:00:00,1.5725799999999999,1.5726900000000001,1.5725799999999999,1.5726900000000001,6
2012-01-30 00:00:00,1.57253,1.57298,1.56534,1.57087,77655
2012-01-31 00:00:00,1.57088,1.57952,1.56975,1.57585,81846
2012-02-01 00:00:00,1.57585,1.5882100000000001,1.57054,1.58317,85385
2012-02-02 00:00:00,1.58317,1.5857,1.57948,1.5804200000000002,82405
2012-02-03 00:00:00,1.58043,1.5859100000000002,1.57492,1.58107,88202
2012-02-06 00:00:00,1.5819299999999998,1.58392,1.57294,1.58199,82574
2012-02-07 00:00:00,1.5819999999999999,1.59042,1.57877,1.58955,90592
2012-02-08 00:00:00,1.58954,1.59277,1.57961,1.5815700000000001,82531
2012-02-09 00:00:00,1.58158,1.58839,1.57916,1.5816599999999998,89332
2012-02-10 00:00:00,1.58156,1.58486,1.57295,1.57525,79396
2012-02-13 00:00:00,1.57904,1.5826500000000001,1.57587,1.57647,75157
2012-02-14 00:00:00,1.57648,1.57691,1.56445,1.5692,85722
2012-02-15 00:00:00,1.5691899999999999,1.57349,1.56701,1.5691899999999999,86571
2012-02-16 00:00:00,1.56918,1.58155,1.56543,1.5798299999999998,84255
2012-02-17 00:00:00,1.57982,1.58612,1.57891,1.58209,74532
2012-02-18 00:00:00,1.58217,1.5833,1.58217,1.5833,7
2012-02-20 00:00:00,1.58615,1.58791,1.5838,1.5848499999999999,62270
2012-02-21 00:00:00,1.58483,1.5863800000000001,1.5772300000000001,1.57775,83605
2012-02-22 00:00:00,1.57776,1.58127,1.5648,1.56678,76428
2012-02-23 00:00:00,1.5667900000000001,1.57464,1.56487,1.5743,73132
2012-02-24 00:00:00,1.57431,1.58983,1.5720800000000001,1.58712,72826
2012-02-25 00:00:00,1.58711,1.58711,1.58711,1.58711,1
2012-02-27 00:00:00,1.5891899999999999,1.58941,1.58102,1.5822,70286
2012-02-28 00:00:00,1.5821800000000001,1.59058,1.57992,1.5900400000000001,72536
2012-02-29 00:00:00,1.59002,1.5990799999999998,1.58972,1.5915300000000001,79729
2012-03-01 00:00:00,1.5915300000000001,1.5974,1.58958,1.5954199999999998,75626
2012-03-02 00:00:00,1.59541,1.59652,1.5823,1.58327,70197
2012-03-03 00:00:00,1.58325,1.5832899999999999,1.58311,1.5832199999999998,31
2012-03-05 00:00:00,1.58317,1.5876000000000001,1.57857,1.58644,59828
2012-03-06 00:00:00,1.5864099999999999,1.58809,1.56956,1.5715400000000002,64658
2012-03-07 00:00:00,1.57153,1.57578,1.5696400000000001,1.5739800000000002,62426
2012-03-08 00:00:00,1.5739800000000002,1.58327,1.57237,1.58305,64743
2012-03-09 00:00:00,1.58304,1.5830600000000001,1.5661800000000001,1.56717,66669
2012-03-10 00:00:00,1.56719,1.5672000000000001,1.56719,1.5672000000000001,2
2012-03-12 00:00:00,1.56662,1.56945,1.5602399999999998,1.56338,61412
2012-03-13 00:00:00,1.5633599999999999,1.57465,1.56199,1.57067,66968
2012-03-14 00:00:00,1.5707,1.57424,1.56491,1.5665499999999999,68501
2012-03-15 00:00:00,1.56656,1.57351,1.56332,1.57112,64485
2012-03-16 00:00:00,1.57111,1.58601,1.5693899999999998,1.58398,60230
2012-03-19 00:00:00,1.5844,1.5912899999999999,1.5821100000000001,1.58868,57074
2012-03-20 00:00:00,1.5887,1.5895899999999998,1.583,1.58561,59157
2012-03-21 00:00:00,1.58562,1.59222,1.5817,1.58646,66701
2012-03-22 00:00:00,1.58644,1.5891600000000001,1.5769,1.58131,67297
2012-03-23 00:00:00,1.5813199999999998,1.5907200000000001,1.5805099999999999,1.58663,64534
2012-03-26 00:00:00,1.58712,1.59726,1.5800800000000002,1.59691,63032
2012-03-27 00:00:00,1.59692,1.6000100000000002,1.59419,1.5949499999999999,59612
2012-03-28 00:00:00,1.5949200000000001,1.59634,1.58416,1.58866,69427
2012-03-29 00:00:00,1.58865,1.59568,1.58596,1.5956700000000001,71220
2012-03-30 00:00:00,1.59566,1.60357,1.59462,1.60084,73037
2012-03-31 00:00:00,1.60077,1.6012499999999998,1.60061,1.60061,17
2012-04-02 00:00:00,1.6006200000000002,1.60617,1.59785,1.60225,66913
2012-04-03 00:00:00,1.60225,1.6045,1.58907,1.5912899999999999,72234
2012-04-04 00:00:00,1.59128,1.59166,1.58324,1.58883,75594
2012-04-05 00:00:00,1.5888200000000001,1.59077,1.5804200000000002,1.58267,70440
2012-04-06 00:00:00,1.58267,1.58894,1.58208,1.58687,42878
2012-04-07 00:00:00,1.58701,1.58701,1.58644,1.5864500000000001,7
2012-04-09 00:00:00,1.58895,1.59132,1.58352,1.58897,45561
2012-04-10 00:00:00,1.5889799999999998,1.5929600000000002,1.58088,1.58617,76561
2012-04-11 00:00:00,1.58617,1.5937000000000001,1.58513,1.59046,72994
2012-04-12 00:00:00,1.59043,1.59835,1.59013,1.59578,71559
2012-04-13 00:00:00,1.59577,1.5968499999999999,1.58406,1.5845,66485
2012-04-14 00:00:00,1.58445,1.58445,1.5844399999999998,1.5844399999999998,3
2012-04-16 00:00:00,1.58501,1.59094,1.5817999999999999,1.5898400000000001,70466
2012-04-17 00:00:00,1.58983,1.59691,1.58617,1.5922800000000001,63792
2012-04-18 00:00:00,1.59227,1.6041400000000001,1.58944,1.6021,71212
2012-04-19 00:00:00,1.60209,1.60761,1.6008499999999999,1.6050900000000001,72026
2012-04-20 00:00:00,1.6051,1.61483,1.60378,1.61215,66596
2012-04-21 00:00:00,1.61216,1.61216,1.61215,1.61215,2
2012-04-23 00:00:00,1.6126,1.6133199999999999,1.60759,1.6130200000000001,59301
2012-04-24 00:00:00,1.6130200000000001,1.6162100000000001,1.61089,1.6143,61096
2012-04-25 00:00:00,1.6143,1.6181299999999998,1.60811,1.61613,65327
2012-04-26 00:00:00,1.61616,1.62061,1.6157599999999999,1.61839,60430
2012-04-27 00:00:00,1.61839,1.62793,1.61527,1.62622,67782
2012-04-28 00:00:00,1.6261999999999999,1.62623,1.62594,1.62594,11
2012-04-30 00:00:00,1.6273499999999999,1.6300599999999998,1.6220599999999998,1.62324,56524
2012-05-01 00:00:00,1.6232600000000001,1.6246399999999999,1.61859,1.62191,49606
2012-05-02 00:00:00,1.62192,1.62378,1.616,1.6199,60809
2012-05-03 00:00:00,1.61991,1.6214499999999998,1.61606,1.61764,60511
2012-05-04 00:00:00,1.61765,1.62005,1.61408,1.6147,60683
2012-05-05 00:00:00,1.61469,1.61482,1.61467,1.6147,22
2012-05-07 00:00:00,1.6150099999999998,1.61963,1.6113,1.61884,61591
2012-05-08 00:00:00,1.6188799999999999,1.61975,1.61238,1.61573,67439
2012-05-09 00:00:00,1.61572,1.61609,1.6068099999999998,1.6127,72343
2012-05-10 00:00:00,1.6127,1.6181299999999998,1.60911,1.61457,69687
2012-05-11 00:00:00,1.61457,1.61518,1.6061100000000001,1.60671,67691
2012-05-12 00:00:00,1.6067,1.60691,1.60656,1.60656,10
2012-05-14 00:00:00,1.60656,1.61219,1.60508,1.60906,63886
2012-05-15 00:00:00,1.60907,1.6113,1.59882,1.59918,65481
2012-05-16 00:00:00,1.5991900000000001,1.59986,1.5888900000000001,1.59084,75253
2012-05-17 00:00:00,1.59084,1.59318,1.57853,1.5796000000000001,71438
2012-05-18 00:00:00,1.57959,1.58365,1.57322,1.58197,73666
2012-05-19 00:00:00,1.58196,1.58197,1.58136,1.5814599999999999,29
2012-05-21 00:00:00,1.58104,1.5840100000000001,1.5778699999999999,1.58334,71708
2012-05-22 00:00:00,1.58332,1.58474,1.57402,1.5760100000000001,71322
2012-05-23 00:00:00,1.5760100000000001,1.57706,1.56749,1.5690499999999998,79566
2012-05-24 00:00:00,1.56907,1.57254,1.56382,1.5671300000000001,77705
2012-05-25 00:00:00,1.56717,1.56986,1.56298,1.56586,77074
2012-05-26 00:00:00,1.56589,1.5665200000000001,1.56588,1.5664099999999999,25
2012-05-28 00:00:00,1.5678999999999998,1.57161,1.5671,1.56806,72852
2012-05-29 00:00:00,1.56806,1.57153,1.56074,1.56399,86128
2012-05-30 00:00:00,1.56398,1.56437,1.54742,1.54766,93760
2012-05-31 00:00:00,1.54765,1.5525600000000002,1.5359699999999998,1.54035,93356
2012-06-01 00:00:00,1.54034,1.54356,1.52677,1.5360399999999998,96226
2012-06-02 00:00:00,1.53605,1.53605,1.53589,1.5359099999999999,4
2012-06-04 00:00:00,1.53722,1.54142,1.53411,1.5382,83220
2012-06-05 00:00:00,1.53819,1.5406900000000001,1.53213,1.5381,85739
2012-06-06 00:00:00,1.5381399999999998,1.55144,1.53716,1.54949,93872
2012-06-07 00:00:00,1.54947,1.55999,1.54297,1.5526200000000001,93170
2012-06-08 00:00:00,1.55263,1.5535999999999999,1.54032,1.5470199999999998,91542
2012-06-09 00:00:00,1.5470199999999998,1.5470199999999998,1.5468199999999999,1.5468199999999999,5
2012-06-11 00:00:00,1.55203,1.5580699999999998,1.54826,1.54844,86627
2012-06-12 00:00:00,1.54843,1.55891,1.5453700000000001,1.55687,88059
2012-06-13 00:00:00,1.55686,1.55972,1.5504,1.55046,88083
2012-06-14 00:00:00,1.55047,1.55634,1.54719,1.55607,88661
2012-06-15 00:00:00,1.55605,1.57263,1.54759,1.57139,86479
2012-06-16 00:00:00,1.57134,1.57134,1.57104,1.57111,14
2012-06-18 00:00:00,1.5737,1.57374,1.5636100000000002,1.56649,92171
2012-06-19 00:00:00,1.5665,1.57562,1.56145,1.57233,92299
2012-06-20 00:00:00,1.57232,1.5776400000000002,1.56508,1.57162,93204
2012-06-21 00:00:00,1.57161,1.57322,1.55772,1.5590199999999999,95058
2012-06-22 00:00:00,1.55903,1.56335,1.5556299999999998,1.5584500000000001,87405
2012-06-23 00:00:00,1.55844,1.55844,1.5582500000000001,1.5582500000000001,3
2012-06-25 00:00:00,1.55831,1.55941,1.55382,1.5571899999999999,79555
2012-06-26 00:00:00,1.55718,1.5649600000000001,1.55626,1.56414,80955
2012-06-27 00:00:00,1.56416,1.5641699999999998,1.55451,1.55667,65190
2012-06-28 00:00:00,1.55668,1.56226,1.54843,1.55162,74717
2012-06-29 00:00:00,1.5516100000000002,1.5714299999999999,1.55037,1.57016,86773
2012-06-30 00:00:00,1.57017,1.5704,1.57009,1.5704,13
2012-07-02 00:00:00,1.56956,1.57207,1.56409,1.56907,70446
2012-07-03 00:00:00,1.56906,1.57124,1.56576,1.56897,65223
2012-07-04 00:00:00,1.56898,1.5692300000000001,1.5573700000000001,1.55854,63803
2012-07-05 00:00:00,1.55854,1.5621800000000001,1.5499100000000001,1.55229,73256
2012-07-06 00:00:00,1.55229,1.5550000000000002,1.5460500000000001,1.54874,67999
2012-07-07 00:00:00,1.5487,1.54887,1.5487,1.54887,7
2012-07-09 00:00:00,1.54758,1.55334,1.54697,1.5525799999999998,60194
2012-07-10 00:00:00,1.55259,1.55476,1.54776,1.5516299999999998,65132
2012-07-11 00:00:00,1.5516299999999998,1.5577100000000002,1.5485600000000002,1.55024,64325
2012-07-12 00:00:00,1.5502500000000001,1.55155,1.5392700000000001,1.54261,67980
2012-07-13 00:00:00,1.54261,1.55797,1.54136,1.5573299999999999,66860
2012-07-14 00:00:00,1.55731,1.55741,1.55731,1.55741,6
2012-07-16 00:00:00,1.55812,1.56531,1.55164,1.5635,60315
2012-07-17 00:00:00,1.56349,1.56771,1.5552899999999998,1.5653899999999998,69191
2012-07-18 00:00:00,1.5653700000000002,1.56665,1.5580699999999998,1.56528,67608
2012-07-19 00:00:00,1.56528,1.57351,1.56357,1.5723,70853
2012-07-20 00:00:00,1.5723,1.57245,1.56108,1.56197,67678
2012-07-21 00:00:00,1.56195,1.56195,1.56195,1.56195,1
2012-07-23 00:00:00,1.5604900000000002,1.56149,1.54843,1.55057,74196
2012-07-24 00:00:00,1.55058,1.55507,1.5486,1.55038,73726
2012-07-25 00:00:00,1.5504,1.5550899999999999,1.54581,1.54961,76504
2012-07-26 00:00:00,1.5495999999999999,1.57226,1.54697,1.56848,79656
2012-07-27 00:00:00,1.56843,1.57668,1.56657,1.57433,79350
2012-07-28 00:00:00,1.57435,1.5744799999999999,1.57435,1.57439,25
2012-07-30 00:00:00,1.57331,1.57395,1.5670600000000001,1.57087,65780
2012-07-31 00:00:00,1.57088,1.5729,1.5624799999999999,1.56766,71219
2012-08-01 00:00:00,1.56765,1.56895,1.55295,1.55348,69051
2012-08-02 00:00:00,1.55347,1.5677699999999999,1.54898,1.55125,79324
2012-08-03 00:00:00,1.5512700000000001,1.56559,1.55035,1.56383,74234
2012-08-04 00:00:00,1.56371,1.56371,1.56371,1.56371,1
2012-08-06 00:00:00,1.56362,1.5664500000000001,1.55453,1.56016,67785
2012-08-07 00:00:00,1.5601699999999998,1.5683500000000001,1.5563799999999999,1.5619800000000001,69750
2012-08-08 00:00:00,1.56197,1.56761,1.55718,1.56576,68432
2012-08-09 00:00:00,1.56568,1.56845,1.5604900000000002,1.56373,67579
2012-08-10 00:00:00,1.56372,1.57001,1.55766,1.5686900000000001,63806
2012-08-11 00:00:00,1.56868,1.5687799999999998,1.56868,1.56873,13
2012-08-13 00:00:00,1.56759,1.5716299999999999,1.56565,1.56833,57323
2012-08-14 00:00:00,1.56834,1.57263,1.56707,1.56761,62984
2012-08-15 00:00:00,1.56759,1.57006,1.56596,1.5681500000000002,57708
2012-08-16 00:00:00,1.56816,1.57437,1.56353,1.57315,62561
2012-08-17 00:00:00,1.5731600000000001,1.57385,1.5673599999999999,1.56935,61611
2012-08-18 00:00:00,1.56933,1.56936,1.56931,1.56935,14
2012-08-20 00:00:00,1.56968,1.57166,1.56772,1.5709,54515
2012-08-21 00:00:00,1.57092,1.58033,1.57019,1.57812,60327
2012-08-22 00:00:00,1.57813,1.5880999999999998,1.57679,1.58796,64268
2012-08-23 00:00:00,1.588,1.5911300000000002,1.5856599999999998,1.58606,65387
2012-08-24 00:00:00,1.58603,1.58683,1.5801699999999999,1.5807799999999999,59847
2012-08-25 00:00:00,1.5808200000000001,1.581,1.5808200000000001,1.5808900000000001,14
2012-08-27 00:00:00,1.58138,1.58276,1.5790199999999999,1.57928,41364
2012-08-28 00:00:00,1.5792899999999999,1.5834899999999998,1.57534,1.58178,52964
2012-08-29 00:00:00,1.5817700000000001,1.58537,1.5802,1.5830899999999999,45977
2012-08-30 00:00:00,1.58312,1.58741,1.57704,1.57842,47682
2012-08-31 00:00:00,1.57843,1.5894,1.5777299999999999,1.58643,60528
2012-09-01 00:00:00,1.58642,1.58647,1.58631,1.58636,18
2012-09-03 00:00:00,1.5880800000000002,1.58976,1.5849,1.5883500000000002,49061
2012-09-04 00:00:00,1.58834,1.5907900000000001,1.58578,1.58692,56855
2012-09-05 00:00:00,1.58693,1.59333,1.58258,1.59015,66540
2012-09-06 00:00:00,1.5901399999999999,1.5941,1.58814,1.5930900000000001,63854
2012-09-07 00:00:00,1.5930900000000001,1.6033300000000001,1.5921699999999999,1.6007799999999999,66734
2012-09-08 00:00:00,1.6007500000000001,1.6007500000000001,1.6007500000000001,1.6007500000000001,1
2012-09-10 00:00:00,1.6010900000000001,1.60175,1.59582,1.59885,54059
2012-09-11 00:00:00,1.59884,1.60829,1.59817,1.6069200000000001,62231
2012-09-12 00:00:00,1.60691,1.61301,1.60633,1.6106099999999999,69010
2012-09-13 00:00:00,1.61059,1.6173,1.60737,1.61536,69717
2012-09-14 00:00:00,1.61536,1.62541,1.61426,1.62181,75398
2012-09-15 00:00:00,1.62181,1.62181,1.6212900000000001,1.6214300000000001,22
2012-09-17 00:00:00,1.62275,1.62721,1.621,1.62481,61786
2012-09-18 00:00:00,1.6248200000000002,1.62664,1.62201,1.6244,65953
2012-09-19 00:00:00,1.62439,1.6269900000000002,1.61839,1.62195,68488
2012-09-20 00:00:00,1.62195,1.6235300000000001,1.61627,1.62141,73633
2012-09-21 00:00:00,1.62141,1.63086,1.62117,1.62275,73655
2012-09-22 00:00:00,1.62273,1.62286,1.62271,1.62286,9
2012-09-24 00:00:00,1.62427,1.62458,1.6181299999999998,1.62181,62027
2012-09-25 00:00:00,1.6218,1.62666,1.61816,1.61849,70923
2012-09-26 00:00:00,1.6184699999999999,1.62086,1.61367,1.61634,74487
2012-09-27 00:00:00,1.6163699999999999,1.62428,1.6156199999999998,1.62344,74924
2012-09-28 00:00:00,1.62344,1.62714,1.61123,1.6163699999999999,78466
2012-09-29 00:00:00,1.61635,1.61638,1.61635,1.61638,2
2012-10-01 00:00:00,1.61544,1.6174,1.6108099999999999,1.61293,66556
2012-10-02 00:00:00,1.61293,1.61862,1.6124399999999999,1.6131199999999999,67524
2012-10-03 00:00:00,1.61311,1.61403,1.6066099999999999,1.60748,69057
2012-10-04 00:00:00,1.60748,1.62013,1.60712,1.61907,71066
2012-10-05 00:00:00,1.6190600000000002,1.62161,1.61222,1.61341,67000
2012-10-08 00:00:00,1.61362,1.6138400000000002,1.60205,1.6025399999999999,66041
2012-10-09 00:00:00,1.60256,1.6045099999999999,1.5975899999999998,1.6001699999999999,66694
2012-10-10 00:00:00,1.60018,1.60338,1.59762,1.60046,64690
2012-10-11 00:00:00,1.6004399999999999,1.60534,1.5984,1.60445,59462
2012-10-12 00:00:00,1.60443,1.60964,1.60179,1.60678,56032
2012-10-13 00:00:00,1.60673,1.60673,1.60673,1.60673,1
2012-10-15 00:00:00,1.6076899999999998,1.60797,1.60206,1.60696,54961
2012-10-16 00:00:00,1.60697,1.61314,1.6059999999999999,1.6109,55390
2012-10-17 00:00:00,1.61093,1.6177700000000002,1.6108,1.61477,58744
2012-10-18 00:00:00,1.61476,1.617,1.60412,1.60431,58707
2012-10-19 00:00:00,1.6042999999999998,1.60664,1.59965,1.59993,56819
2012-10-22 00:00:00,1.6006399999999998,1.6051600000000001,1.5989900000000001,1.6013899999999999,52650
2012-10-23 00:00:00,1.60138,1.60235,1.5912600000000001,1.5951499999999998,57273
2012-10-24 00:00:00,1.59514,1.6047500000000001,1.59352,1.6036299999999999,60425
2012-10-25 00:00:00,1.6036299999999999,1.6142699999999999,1.6025399999999999,1.6117599999999999,54727
2012-10-26 00:00:00,1.61175,1.61401,1.60798,1.6102699999999999,53418
2012-10-29 00:00:00,1.60845,1.6092,1.60058,1.60269,33709
2012-10-30 00:00:00,1.6027200000000001,1.6084800000000001,1.60196,1.60777,34446
2012-10-31 00:00:00,1.60778,1.61382,1.60675,1.6129799999999999,46385
2012-11-01 00:00:00,1.61297,1.6174300000000001,1.61195,1.6123699999999999,49679
2012-11-02 00:00:00,1.6123699999999999,1.61324,1.60072,1.60208,48989
2012-11-05 00:00:00,1.60196,1.6038700000000001,1.59569,1.59783,46029
2012-11-06 00:00:00,1.5978400000000001,1.6007,1.59645,1.5996299999999999,52435
2012-11-07 00:00:00,1.5996299999999999,1.60419,1.5954199999999998,1.59844,67376
2012-11-08 00:00:00,1.59842,1.6003699999999998,1.59286,1.5981800000000002,59094
2012-11-09 00:00:00,1.5981999999999998,1.6018599999999998,1.58873,1.58938,60475
2012-11-12 00:00:00,1.59026,1.5914700000000002,1.5863,1.58759,44365
2012-11-13 00:00:00,1.58761,1.5914899999999998,1.58578,1.58698,56470
2012-11-14 00:00:00,1.58697,1.5900699999999999,1.58378,1.58399,57409
2012-11-15 00:00:00,1.58398,1.58784,1.58274,1.5865399999999998,54717
2012-11-16 00:00:00,1.58655,1.59005,1.58351,1.58792,52842
2012-11-19 00:00:00,1.5889799999999998,1.59223,1.58866,1.5907499999999999,46645
2012-11-20 00:00:00,1.59074,1.59354,1.5890900000000001,1.59256,51847
2012-11-21 00:00:00,1.5925799999999999,1.59545,1.58827,1.59509,51930
2012-11-22 00:00:00,1.59511,1.59779,1.5918299999999999,1.5935899999999998,50742
2012-11-23 00:00:00,1.5936,1.60504,1.5926,1.60239,49592
2012-11-24 00:00:00,1.60252,1.60252,1.60252,1.60252,1
2012-11-26 00:00:00,1.60235,1.60371,1.5996000000000001,1.6025399999999999,48786
2012-11-27 00:00:00,1.60253,1.60551,1.60087,1.60205,57358
2012-11-28 00:00:00,1.6020699999999999,1.60244,1.59618,1.60133,57032
2012-11-29 00:00:00,1.6013199999999999,1.60476,1.60015,1.60392,54268
2012-11-30 00:00:00,1.60389,1.60617,1.59885,1.60106,57002
2012-12-01 00:00:00,1.60107,1.60107,1.60107,1.60107,1
2012-12-03 00:00:00,1.60221,1.61152,1.60198,1.6090499999999999,51005
2012-12-04 00:00:00,1.60906,1.61303,1.60859,1.61001,53547
2012-12-05 00:00:00,1.61009,1.6117599999999999,1.60823,1.6093600000000001,49478
2012-12-06 00:00:00,1.60935,1.61272,1.60393,1.60474,56872
2012-12-07 00:00:00,1.60474,1.6060400000000001,1.60016,1.6042,56994
2012-12-08 00:00:00,1.6038299999999999,1.6038299999999999,1.60371,1.6037400000000002,3
2012-12-10 00:00:00,1.60335,1.6096,1.6013,1.6074899999999999,45042
2012-12-11 00:00:00,1.60744,1.6120700000000001,1.6068500000000001,1.61136,49667
2012-12-12 00:00:00,1.6113499999999998,1.61708,1.6094300000000001,1.61482,52715
2012-12-13 00:00:00,1.61483,1.61527,1.60845,1.61112,51638
2012-12-14 00:00:00,1.61114,1.61768,1.6103,1.6171799999999998,53100
2012-12-17 00:00:00,1.61796,1.6215899999999999,1.61568,1.62026,48151
2012-12-18 00:00:00,1.62024,1.62686,1.61939,1.62514,48465
2012-12-19 00:00:00,1.62515,1.63061,1.62429,1.62463,54132
2012-12-20 00:00:00,1.62462,1.62954,1.62379,1.62767,54738
2012-12-21 00:00:00,1.62767,1.6281400000000001,1.6151200000000001,1.61686,59222
2012-12-24 00:00:00,1.6156899999999998,1.6205500000000002,1.61006,1.6132,37739
2012-12-26 00:00:00,1.6126200000000002,1.61701,1.6107,1.61346,34410
2012-12-27 00:00:00,1.61347,1.62018,1.60662,1.60975,54649
2012-12-28 00:00:00,1.60974,1.61699,1.60781,1.61476,45844
2012-12-29 00:00:00,1.61464,1.61464,1.61455,1.61455,2
2012-12-31 00:00:00,1.6164399999999999,1.62737,1.61331,1.62409,37577
2013-01-02 00:00:00,1.62426,1.6380599999999998,1.62245,1.62531,72489
2013-01-03 00:00:00,1.62533,1.62554,1.6091199999999999,1.61057,47249
2013-01-04 00:00:00,1.61051,1.61082,1.60099,1.60678,52276
2013-01-07 00:00:00,1.6077,1.6116700000000002,1.60205,1.61139,45821
2013-01-08 00:00:00,1.6114000000000002,1.6127500000000001,1.60285,1.6053899999999999,47327
2013-01-09 00:00:00,1.60535,1.60745,1.59925,1.60213,49153
2013-01-10 00:00:00,1.60214,1.61674,1.60038,1.61669,55827
2013-01-11 00:00:00,1.6166800000000001,1.61761,1.60888,1.6127099999999999,53363
2013-01-14 00:00:00,1.61277,1.6154199999999999,1.60316,1.6073300000000001,48743
2013-01-15 00:00:00,1.60734,1.61001,1.60323,1.60635,60019
2013-01-16 00:00:00,1.60633,1.608,1.59752,1.60045,59065
2013-01-17 00:00:00,1.60043,1.60388,1.5954899999999999,1.5991900000000001,61410
2013-01-18 00:00:00,1.59918,1.6005500000000001,1.5854,1.5866,62056
2013-01-21 00:00:00,1.58528,1.5893199999999998,1.58057,1.5827,45183
2013-01-22 00:00:00,1.58269,1.5883,1.5809199999999999,1.5837400000000001,59987
2013-01-23 00:00:00,1.5837400000000001,1.5891600000000001,1.5801500000000002,1.5843699999999998,54928
2013-01-24 00:00:00,1.5844,1.58506,1.57557,1.57891,55306
2013-01-25 00:00:00,1.57896,1.5826500000000001,1.57453,1.57955,56671
2013-01-28 00:00:00,1.5777700000000001,1.5785200000000001,1.56742,1.5694,49142
2013-01-29 00:00:00,1.5693899999999998,1.57732,1.56846,1.57616,52169
2013-01-30 00:00:00,1.5761500000000002,1.58151,1.57257,1.57986,54483
2013-01-31 00:00:00,1.57985,1.58748,1.57745,1.5855700000000001,54916
2013-02-01 00:00:00,1.5855700000000001,1.58782,1.56897,1.56916,63785
2013-02-02 00:00:00,1.56913,1.56913,1.56913,1.56913,1
2013-02-04 00:00:00,1.57036,1.57713,1.56929,1.57573,50963
2013-02-05 00:00:00,1.57576,1.58039,1.56304,1.5657999999999999,58518
2013-02-06 00:00:00,1.56581,1.56776,1.56303,1.56575,53676
2013-02-07 00:00:00,1.56575,1.57674,1.56447,1.57144,61960
2013-02-08 00:00:00,1.57145,1.5843,1.57046,1.57969,58085
2013-02-11 00:00:00,1.57896,1.58094,1.56524,1.5657299999999998,48974
2013-02-12 00:00:00,1.56574,1.56696,1.55734,1.56615,56306
2013-02-13 00:00:00,1.56615,1.56884,1.55236,1.55411,54188
2013-02-14 00:00:00,1.55408,1.55423,1.54746,1.54939,53256
2013-02-15 00:00:00,1.54939,1.55494,1.54622,1.55162,38287
2013-02-18 00:00:00,1.5499,1.55076,1.5437699999999999,1.54635,29621
2013-02-19 00:00:00,1.54638,1.55035,1.54141,1.5424,29372
2013-02-20 00:00:00,1.5424,1.54501,1.5192700000000001,1.52336,35095
2013-02-21 00:00:00,1.52339,1.52731,1.51305,1.5253999999999999,38249
2013-02-22 00:00:00,1.5252,1.53192,1.51605,1.51605,33942
2013-02-25 00:00:00,1.51072,1.51978,1.50868,1.51615,41400
2013-02-26 00:00:00,1.51615,1.52183,1.51131,1.51228,42529
2013-02-27 00:00:00,1.51226,1.5187599999999999,1.50803,1.5155699999999999,37854
2013-02-28 00:00:00,1.51546,1.52216,1.51486,1.51624,33162
2013-03-01 00:00:00,1.51623,1.5185300000000002,1.49857,1.50365,37673
2013-03-04 00:00:00,1.50302,1.51162,1.5,1.51138,15379
2013-03-05 00:00:00,1.5114999999999998,1.51982,1.5093999999999999,1.5125899999999999,14316
2013-03-06 00:00:00,1.51258,1.51524,1.50156,1.50171,24221
2013-03-07 00:00:00,1.50168,1.50821,1.4965899999999999,1.5012699999999999,51034
2013-03-08 00:00:00,1.50129,1.50468,1.48864,1.4923199999999999,36314
2013-03-09 00:00:00,1.49226,1.4922900000000001,1.49222,1.49222,3
2013-03-11 00:00:00,1.49077,1.49428,1.48657,1.49159,32591
2013-03-12 00:00:00,1.4916,1.49186,1.4828700000000001,1.48974,41403
2013-03-13 00:00:00,1.48969,1.4981200000000001,1.48921,1.49187,44707
2013-03-14 00:00:00,1.49187,1.51183,1.49148,1.50842,50122
2013-03-15 00:00:00,1.50841,1.51762,1.50683,1.51128,50120
2013-03-18 00:00:00,1.51099,1.51436,1.5070999999999999,1.51075,52057
2013-03-19 00:00:00,1.5106600000000001,1.51441,1.50729,1.5091299999999999,54264
2013-03-20 00:00:00,1.5093100000000002,1.51858,1.50267,1.51017,55105
2013-03-21 00:00:00,1.51048,1.52089,1.50878,1.51693,52462
2013-03-22 00:00:00,1.51689,1.52474,1.51646,1.5226899999999999,45966
2013-03-25 00:00:00,1.52344,1.52599,1.51433,1.5171299999999999,51999
2013-03-26 00:00:00,1.5171299999999999,1.5207000000000002,1.5135100000000001,1.51585,43997
2013-03-27 00:00:00,1.51586,1.5181,1.50925,1.51268,44599
2013-03-28 00:00:00,1.51271,1.5200399999999998,1.51118,1.5189300000000001,44961
2013-03-29 00:00:00,1.51895,1.52182,1.5177100000000001,1.51958,29674
2013-04-01 00:00:00,1.5197,1.52414,1.5177399999999999,1.52308,23459
2013-04-02 00:00:00,1.52305,1.52583,1.50987,1.51025,42235
2013-04-03 00:00:00,1.51027,1.5158,1.5074999999999998,1.5127000000000002,39823
2013-04-04 00:00:00,1.5127000000000002,1.52453,1.50332,1.5231599999999998,50385
2013-04-05 00:00:00,1.52313,1.5363,1.5199,1.53357,48465
2013-04-06 00:00:00,1.53357,1.53357,1.53357,1.53357,1
2013-04-08 00:00:00,1.53294,1.53502,1.52386,1.52523,41685
2013-04-09 00:00:00,1.52555,1.53413,1.5249899999999998,1.5321500000000001,44876
2013-04-10 00:00:00,1.53214,1.53427,1.5292400000000002,1.5329899999999999,42263
2013-04-11 00:00:00,1.53304,1.5411299999999999,1.53171,1.5384799999999998,47328
2013-04-12 00:00:00,1.53847,1.54094,1.53372,1.53393,43861
2013-04-15 00:00:00,1.53381,1.53844,1.52698,1.5282499999999999,51155
2013-04-16 00:00:00,1.5282499999999999,1.53788,1.52725,1.53626,54725
2013-04-17 00:00:00,1.53627,1.5371700000000001,1.52164,1.52386,55877
2013-04-18 00:00:00,1.52407,1.53124,1.52177,1.52773,50761
2013-04-19 00:00:00,1.52772,1.53675,1.5223900000000001,1.52288,47561
2013-04-22 00:00:00,1.52311,1.52923,1.52035,1.52921,40099
2013-04-23 00:00:00,1.5291000000000001,1.52973,1.51963,1.52374,44160
2013-04-24 00:00:00,1.52374,1.52871,1.52261,1.52657,41689
2013-04-25 00:00:00,1.5266199999999999,1.548,1.52607,1.5433599999999998,47649
2013-04-26 00:00:00,1.5434299999999999,1.54984,1.5418500000000002,1.54746,42322
2013-04-29 00:00:00,1.5483500000000001,1.55456,1.54766,1.5499,35870
2013-04-30 00:00:00,1.54993,1.55673,1.5467499999999998,1.5531700000000002,38366
2013-05-01 00:00:00,1.5531000000000001,1.5605099999999998,1.55259,1.5554000000000001,38660
2013-05-02 00:00:00,1.55544,1.55904,1.54963,1.5531899999999998,44614
2013-05-03 00:00:00,1.55315,1.56014,1.5480800000000001,1.5570599999999999,43206
2013-05-04 00:00:00,1.55694,1.55694,1.5568300000000002,1.5568300000000002,3
2013-05-06 00:00:00,1.5565799999999999,1.55976,1.55206,1.55408,27009
2013-05-07 00:00:00,1.55395,1.55518,1.5446900000000001,1.54821,35548
2013-05-08 00:00:00,1.5483099999999999,1.55911,1.54703,1.55338,37687
2013-05-09 00:00:00,1.55341,1.5587499999999999,1.54256,1.54488,45904
2013-05-10 00:00:00,1.54488,1.5457100000000001,1.53139,1.53579,50705
2013-05-13 00:00:00,1.53552,1.53845,1.52776,1.52988,42493
2013-05-14 00:00:00,1.52984,1.5330599999999999,1.52067,1.5208,48090
2013-05-15 00:00:00,1.52078,1.5272700000000001,1.51737,1.52345,51828
2013-05-16 00:00:00,1.52329,1.53223,1.5197699999999998,1.52668,49157
2013-05-17 00:00:00,1.52658,1.5282200000000001,1.5158,1.51666,48662
2013-05-20 00:00:00,1.5186,1.52807,1.5165600000000001,1.52545,40006
2013-05-21 00:00:00,1.52569,1.5276100000000001,1.51124,1.5153699999999999,47941
2013-05-22 00:00:00,1.5153699999999999,1.51732,1.50196,1.50478,58266
2013-05-23 00:00:00,1.5048300000000001,1.51281,1.5013800000000002,1.5107,66654
2013-05-24 00:00:00,1.5107,1.5142099999999998,1.50636,1.5119500000000001,58557
2013-05-27 00:00:00,1.51295,1.51558,1.50868,1.5098,28490
2013-05-28 00:00:00,1.5098,1.51345,1.50268,1.5038200000000002,59403
2013-05-29 00:00:00,1.50383,1.5145499999999998,1.50081,1.51298,66506
2013-05-30 00:00:00,1.5129299999999999,1.52365,1.51102,1.52319,68591
2013-05-31 00:00:00,1.52304,1.52393,1.514,1.51938,69101
2013-06-03 00:00:00,1.5197500000000002,1.53748,1.51919,1.53208,59915
2013-06-04 00:00:00,1.5318,1.5342500000000001,1.52732,1.53115,60539
2013-06-05 00:00:00,1.53112,1.54084,1.5291700000000001,1.5404,68064
2013-06-06 00:00:00,1.54041,1.56833,1.53811,1.56026,63105
2013-06-07 00:00:00,1.5602800000000001,1.5617100000000002,1.54881,1.5554999999999999,67741
2013-06-08 00:00:00,1.5554999999999999,1.5563799999999999,1.55484,1.55552,1651
2013-06-10 00:00:00,1.55159,1.55854,1.54947,1.5576400000000001,51366
2013-06-11 00:00:00,1.55765,1.5652599999999999,1.55207,1.5647199999999999,63501
2013-06-12 00:00:00,1.56473,1.56995,1.5633,1.56786,52860
2013-06-13 00:00:00,1.56787,1.5735999999999999,1.5644200000000001,1.56997,58368
2013-06-14 00:00:00,1.56995,1.57222,1.5615999999999999,1.57008,61604
2013-06-17 00:00:00,1.5710899999999999,1.5751,1.5680399999999999,1.57199,46681
2013-06-18 00:00:00,1.5718800000000002,1.5723500000000001,1.5565,1.56412,55698
2013-06-19 00:00:00,1.5641,1.56769,1.54495,1.5484,59314
2013-06-20 00:00:00,1.54839,1.55164,1.5414400000000001,1.55083,79476
2013-06-21 00:00:00,1.55064,1.55302,1.5368,1.5414400000000001,68607
2013-06-24 00:00:00,1.53939,1.5465200000000001,1.5343499999999999,1.5432000000000001,63605
2013-06-25 00:00:00,1.54326,1.54771,1.53972,1.54213,60033
2013-06-26 00:00:00,1.5421,1.54401,1.52975,1.5312700000000001,59653
2013-06-27 00:00:00,1.53102,1.5345499999999999,1.52016,1.52607,48963
2013-06-28 00:00:00,1.5260500000000001,1.5278399999999999,1.51654,1.52093,48744
2013-06-29 00:00:00,1.52093,1.5213,1.52021,1.52112,1454
2013-07-02 00:00:00,1.5215100000000001,1.5237699999999998,1.51361,1.51542,52023
2013-07-03 00:00:00,1.51542,1.53042,1.5129700000000001,1.52782,55564
2013-07-04 00:00:00,1.5278100000000001,1.52877,1.50557,1.50705,54324
2013-07-05 00:00:00,1.50705,1.5078200000000002,1.4859499999999999,1.48827,65595
2013-07-06 00:00:00,1.48827,1.48827,1.48827,1.48827,1
2013-07-08 00:00:00,1.48777,1.4965600000000001,1.48581,1.49496,49207
2013-07-09 00:00:00,1.49496,1.49804,1.48133,1.48657,60643
2013-07-10 00:00:00,1.48648,1.5017,1.48447,1.50102,63784
2013-07-11 00:00:00,1.50102,1.5221900000000002,1.49973,1.5183499999999999,85271
2013-07-12 00:00:00,1.51817,1.51886,1.5075699999999999,1.51036,53857
2013-07-15 00:00:00,1.51083,1.51262,1.50274,1.5099200000000002,45400
2013-07-16 00:00:00,1.50991,1.51685,1.5044499999999998,1.51592,56821
2013-07-17 00:00:00,1.51592,1.5267300000000001,1.50787,1.52119,59577
2013-07-18 00:00:00,1.5214400000000001,1.52419,1.51576,1.52248,51968
2013-07-19 00:00:00,1.52247,1.52816,1.51962,1.5259,47654
2013-07-22 00:00:00,1.52611,1.5383900000000001,1.5257399999999999,1.53579,42582
2013-07-23 00:00:00,1.53579,1.53915,1.53259,1.53674,44858
2013-07-24 00:00:00,1.53674,1.53897,1.5289000000000001,1.5313400000000001,48081
2013-07-25 00:00:00,1.53125,1.54351,1.52634,1.53884,53488
2013-07-26 00:00:00,1.53881,1.54161,1.5355699999999999,1.53779,45829
2013-07-29 00:00:00,1.5383900000000001,1.54134,1.53286,1.53379,41952
2013-07-30 00:00:00,1.5337800000000001,1.53535,1.52233,1.5235400000000001,46455
2013-07-31 00:00:00,1.52359,1.52534,1.51257,1.5205199999999999,57012
2013-08-01 00:00:00,1.5205199999999999,1.52424,1.51099,1.51194,56155
2013-08-02 00:00:00,1.5118800000000001,1.53087,1.51024,1.5286300000000002,54162
2013-08-05 00:00:00,1.52828,1.53783,1.52588,1.53542,45801
2013-08-06 00:00:00,1.5353599999999998,1.53915,1.53315,1.53472,45347
2013-08-07 00:00:00,1.5347499999999998,1.55308,1.52048,1.54875,59611
2013-08-08 00:00:00,1.54875,1.5574,1.54847,1.55379,47845
2013-08-09 00:00:00,1.55382,1.55584,1.5496699999999999,1.55008,39247
2013-08-10 00:00:00,1.54966,1.54966,1.54966,1.54966,1
2013-08-12 00:00:00,1.55027,1.5522200000000002,1.54584,1.54606,37508
2013-08-13 00:00:00,1.54595,1.55118,1.54269,1.54464,46549
2013-08-14 00:00:00,1.54464,1.55467,1.5422,1.54989,47219
2013-08-15 00:00:00,1.54988,1.56517,1.54956,1.5637699999999999,58949
2013-08-16 00:00:00,1.56379,1.5656400000000001,1.56073,1.56226,45889
2013-08-17 00:00:00,1.56223,1.56223,1.56223,1.56223,1
2013-08-19 00:00:00,1.56296,1.56731,1.56091,1.5647,42023
2013-08-20 00:00:00,1.56468,1.56955,1.56284,1.5665200000000001,45462
2013-08-21 00:00:00,1.56654,1.5716999999999999,1.56373,1.56566,49501
2013-08-22 00:00:00,1.56586,1.5662500000000001,1.55626,1.55873,47778
2013-08-23 00:00:00,1.5587,1.56372,1.55385,1.5566200000000001,44897
2013-08-26 00:00:00,1.55752,1.56117,1.5556299999999998,1.55748,27852
2013-08-27 00:00:00,1.55749,1.55922,1.5481500000000001,1.5545499999999999,44919
2013-08-28 00:00:00,1.5545499999999999,1.55524,1.5428,1.55241,47066
2013-08-29 00:00:00,1.5524499999999999,1.5548,1.54823,1.5503200000000001,41503
2013-08-30 00:00:00,1.5503200000000001,1.5527600000000001,1.54629,1.54904,39999
2013-08-31 00:00:00,1.54912,1.54912,1.54912,1.54912,1
2013-09-02 00:00:00,1.5518,1.55931,1.55054,1.5542,34495
2013-09-03 00:00:00,1.5541,1.56026,1.5522,1.55562,39405
2013-09-04 00:00:00,1.55565,1.56471,1.5554000000000001,1.56247,35990
2013-09-05 00:00:00,1.56239,1.5666799999999999,1.55728,1.5588600000000001,37498
2013-09-06 00:00:00,1.5588600000000001,1.5680800000000001,1.5563,1.5626600000000002,32723
2013-09-09 00:00:00,1.5627499999999999,1.57321,1.56258,1.56936,31000
2013-09-10 00:00:00,1.56934,1.57439,1.56853,1.5732599999999999,33261
2013-09-11 00:00:00,1.5732599999999999,1.58287,1.57184,1.58162,36920
2013-09-12 00:00:00,1.5817700000000001,1.58391,1.57763,1.58037,37077
2013-09-13 00:00:00,1.5803500000000001,1.5884399999999999,1.57761,1.5872899999999999,35391
2013-09-16 00:00:00,1.59318,1.59626,1.5894300000000001,1.58951,34277
2013-09-17 00:00:00,1.5895000000000001,1.59358,1.58857,1.5901999999999998,35623
2013-09-18 00:00:00,1.5901999999999998,1.61624,1.58922,1.61433,40664
2013-09-19 00:00:00,1.6143,1.615,1.60225,1.60304,46689
2013-09-20 00:00:00,1.60303,1.6066500000000001,1.59864,1.60023,36754
2013-09-21 00:00:00,1.60016,1.60016,1.60016,1.60016,1
2013-09-23 00:00:00,1.5998700000000001,1.6072,1.59978,1.6041400000000001,38413
2013-09-24 00:00:00,1.6041400000000001,1.6044399999999999,1.5955,1.60022,37216
2013-09-25 00:00:00,1.60022,1.60877,1.59792,1.60788,36182
2013-09-26 00:00:00,1.60791,1.6095899999999999,1.59992,1.60405,36020
2013-09-27 00:00:00,1.60405,1.61466,1.60296,1.6136599999999999,36063
2013-09-30 00:00:00,1.61419,1.62024,1.6128,1.61846,38851
2013-10-01 00:00:00,1.61836,1.62599,1.61814,1.61948,42309
2013-10-02 00:00:00,1.61944,1.6250200000000001,1.61623,1.62216,37818
2013-10-03 00:00:00,1.62214,1.62405,1.6154,1.61543,38306
2013-10-04 00:00:00,1.61543,1.61775,1.60054,1.6005500000000001,38261
2013-10-07 00:00:00,1.60253,1.60995,1.60251,1.60947,34660
2013-10-08 00:00:00,1.60945,1.6123699999999999,1.60196,1.6082100000000001,34833
2013-10-09 00:00:00,1.60815,1.61209,1.5916000000000001,1.59544,39111
2013-10-10 00:00:00,1.5952199999999999,1.59783,1.59137,1.59668,33144
2013-10-11 00:00:00,1.59666,1.60015,1.59233,1.59459,31436
2013-10-14 00:00:00,1.59668,1.60179,1.59541,1.59813,25015
2013-10-15 00:00:00,1.5982699999999999,1.60086,1.5914899999999998,1.5996000000000001,35787
2013-10-16 00:00:00,1.5996000000000001,1.60578,1.58938,1.59489,37984
2013-10-17 00:00:00,1.59489,1.6171799999999998,1.59398,1.6164,42867
2013-10-18 00:00:00,1.6164,1.6224699999999999,1.61416,1.61638,31393
2013-10-21 00:00:00,1.61712,1.61806,1.6132,1.6146,25286
2013-10-22 00:00:00,1.6146099999999999,1.62476,1.61154,1.6235,30997
2013-10-23 00:00:00,1.62343,1.62562,1.6119599999999998,1.61624,35940
2013-10-24 00:00:00,1.61633,1.62226,1.61374,1.62006,39459
2013-10-25 00:00:00,1.62005,1.62467,1.61502,1.61619,37846
2013-10-28 00:00:00,1.6172900000000001,1.62079,1.61242,1.6138400000000002,30774
2013-10-29 00:00:00,1.61378,1.61439,1.6023399999999999,1.6045500000000001,40830
2013-10-30 00:00:00,1.60469,1.60779,1.59984,1.6035599999999999,37783
2013-10-31 00:00:00,1.6035599999999999,1.60683,1.60056,1.6040999999999999,44039
2013-11-01 00:00:00,1.60411,1.6046200000000002,1.5908600000000002,1.59214,39983
2013-11-04 00:00:00,1.5927,1.59782,1.59032,1.5967500000000001,25657
2013-11-05 00:00:00,1.5967500000000001,1.6062400000000001,1.59482,1.60447,37660
2013-11-06 00:00:00,1.60453,1.61175,1.60409,1.60784,32928
2013-11-07 00:00:00,1.60784,1.61136,1.6009600000000002,1.60961,44567
2013-11-08 00:00:00,1.60953,1.6104699999999998,1.59569,1.6013199999999999,41495
2013-11-09 00:00:00,1.60126,1.60126,1.60126,1.60126,1
2013-11-11 00:00:00,1.60072,1.60215,1.59653,1.59873,30898
2013-11-12 00:00:00,1.59875,1.59921,1.5853899999999999,1.59037,40010
2013-11-13 00:00:00,1.59036,1.60673,1.58779,1.60554,41311
2013-11-14 00:00:00,1.60549,1.6101,1.59885,1.60648,44729
2013-11-15 00:00:00,1.60641,1.6134,1.60481,1.6115300000000001,34776
2013-11-16 00:00:00,1.6114199999999999,1.6114199999999999,1.6114199999999999,1.6114199999999999,1
2013-11-18 00:00:00,1.61197,1.61484,1.6081400000000001,1.6108799999999999,33532
2013-11-19 00:00:00,1.6108799999999999,1.6132,1.6059299999999999,1.61181,38691
2013-11-20 00:00:00,1.61184,1.61778,1.60872,1.6103800000000001,46931
2013-11-21 00:00:00,1.61028,1.62004,1.60721,1.61984,45451
2013-11-22 00:00:00,1.61985,1.62252,1.6176599999999999,1.62212,38328
2013-11-25 00:00:00,1.62351,1.62401,1.61333,1.61541,30704
2013-11-26 00:00:00,1.6154199999999999,1.62189,1.61388,1.62144,30364
2013-11-27 00:00:00,1.62131,1.6330200000000001,1.6197300000000001,1.62863,37336
2013-11-28 00:00:00,1.6285699999999999,1.6357300000000001,1.62766,1.6340599999999998,34047
2013-11-29 00:00:00,1.63414,1.63841,1.6314199999999999,1.63611,41896
2013-12-02 00:00:00,1.63739,1.6442299999999999,1.63429,1.6355,41089
2013-12-03 00:00:00,1.63551,1.64365,1.63464,1.63891,37820
2013-12-04 00:00:00,1.63893,1.6403400000000001,1.63263,1.63823,46932
2013-12-05 00:00:00,1.6382400000000001,1.6403400000000001,1.63001,1.6335,47398
2013-12-06 00:00:00,1.63351,1.63931,1.6291600000000002,1.6345399999999999,41741
2013-12-09 00:00:00,1.6346,1.64322,1.63232,1.6428,33772
2013-12-10 00:00:00,1.64286,1.64652,1.64185,1.64447,34269
2013-12-11 00:00:00,1.64453,1.64573,1.6339000000000001,1.63742,36235
2013-12-12 00:00:00,1.6372200000000001,1.64178,1.63205,1.6349200000000002,37713
2013-12-13 00:00:00,1.6349200000000002,1.63597,1.62623,1.62914,36138
2013-12-16 00:00:00,1.63055,1.6348500000000001,1.62893,1.62969,35004
2013-12-17 00:00:00,1.62969,1.63355,1.62175,1.62628,35570
2013-12-18 00:00:00,1.62628,1.6484100000000002,1.6260400000000002,1.63897,45621
2013-12-19 00:00:00,1.63897,1.6397300000000001,1.63353,1.6369099999999999,39288
2013-12-20 00:00:00,1.6369099999999999,1.63944,1.63157,1.63279,39153
2013-12-23 00:00:00,1.63273,1.63747,1.63215,1.63547,29452
2013-12-24 00:00:00,1.63543,1.63811,1.63219,1.63694,23634
2013-12-26 00:00:00,1.6379299999999999,1.64378,1.63707,1.64117,17301
2013-12-27 00:00:00,1.64097,1.65775,1.64051,1.64787,38361
2013-12-30 00:00:00,1.64883,1.6532499999999999,1.6459700000000002,1.64996,30259
2013-12-31 00:00:00,1.64992,1.65778,1.6474199999999999,1.65649,27045
2014-01-02 00:00:00,1.6562299999999999,1.6602999999999999,1.64106,1.6451799999999999,60307
2014-01-03 00:00:00,1.6451,1.64738,1.63952,1.64151,39456
2014-01-04 00:00:00,1.64151,1.64151,1.64151,1.64151,1
2014-01-06 00:00:00,1.6410900000000002,1.64334,1.63374,1.6404100000000001,37707
2014-01-07 00:00:00,1.64042,1.64381,1.63739,1.64002,33581
2014-01-08 00:00:00,1.64012,1.64715,1.63765,1.64481,36501
2014-01-09 00:00:00,1.64483,1.64973,1.64409,1.64794,36563
2014-01-10 00:00:00,1.64795,1.6516899999999999,1.6380400000000002,1.64784,36128
2014-01-13 00:00:00,1.64867,1.6507800000000001,1.6346500000000002,1.63828,36313
2014-01-14 00:00:00,1.6382400000000001,1.64641,1.6367,1.6438199999999998,37685
2014-01-15 00:00:00,1.6438000000000001,1.64429,1.63222,1.6369799999999999,39575
2014-01-16 00:00:00,1.63701,1.63829,1.63147,1.63529,37898
2014-01-17 00:00:00,1.6353,1.6458300000000001,1.6309,1.64226,37280
2014-01-20 00:00:00,1.64148,1.64519,1.6395300000000002,1.64261,25393
2014-01-21 00:00:00,1.64263,1.64853,1.63991,1.6476199999999999,34942
2014-01-22 00:00:00,1.6475300000000002,1.65865,1.6450399999999998,1.6573600000000002,36756
2014-01-23 00:00:00,1.6573600000000002,1.66428,1.6556600000000001,1.66368,43889
2014-01-24 00:00:00,1.66369,1.6667999999999998,1.64768,1.64768,44946
2014-01-27 00:00:00,1.64754,1.65875,1.64743,1.6583299999999999,38518
2014-01-28 00:00:00,1.65835,1.6625,1.65355,1.6579199999999998,36299
2014-01-29 00:00:00,1.65784,1.66063,1.65253,1.65618,42499
2014-01-30 00:00:00,1.6566999999999998,1.6566999999999998,1.64447,1.6484,39816
2014-01-31 00:00:00,1.6484,1.64978,1.6427100000000001,1.64343,42934
2014-02-03 00:00:00,1.64296,1.6440700000000001,1.6289799999999999,1.63035,40204
2014-02-04 00:00:00,1.6304400000000001,1.63442,1.62569,1.63246,38858
2014-02-05 00:00:00,1.63246,1.6340599999999998,1.62519,1.63084,49470
2014-02-06 00:00:00,1.6307399999999999,1.63483,1.62724,1.63202,48466
2014-02-07 00:00:00,1.63204,1.64177,1.63005,1.64101,48699
2014-02-10 00:00:00,1.6408,1.64269,1.63829,1.6402,28503
2014-02-11 00:00:00,1.64002,1.64871,1.6392099999999998,1.64482,36631
2014-02-12 00:00:00,1.6447500000000002,1.6599300000000001,1.64254,1.65949,41207
2014-02-13 00:00:00,1.6594799999999998,1.6673,1.6591399999999998,1.66571,41256
2014-02-14 00:00:00,1.66575,1.6755499999999999,1.66439,1.67466,36783
2014-02-17 00:00:00,1.6757900000000001,1.6822300000000001,1.66954,1.67136,33412
2014-02-18 00:00:00,1.6712799999999999,1.6741000000000001,1.6655600000000002,1.66824,40732
2014-02-19 00:00:00,1.6682299999999999,1.6733500000000001,1.66367,1.66788,38201
2014-02-20 00:00:00,1.6678899999999999,1.66996,1.66255,1.66506,39134
2014-02-21 00:00:00,1.66494,1.6724700000000001,1.66125,1.6614499999999999,38858
2014-02-24 00:00:00,1.66323,1.66787,1.65831,1.66553,36561
2014-02-25 00:00:00,1.66554,1.67266,1.66424,1.66799,38512
2014-02-26 00:00:00,1.66798,1.67013,1.66215,1.66709,38835
2014-02-27 00:00:00,1.6669,1.66989,1.66166,1.66879,40306
2014-02-28 00:00:00,1.6687699999999999,1.6768399999999999,1.6675900000000001,1.67398,44574
2014-03-03 00:00:00,1.67414,1.67509,1.66532,1.66658,41592
2014-03-04 00:00:00,1.66655,1.67164,1.66403,1.66639,38167
2014-03-05 00:00:00,1.6663700000000001,1.67416,1.6656300000000002,1.67204,36390
2014-03-06 00:00:00,1.6720199999999998,1.67771,1.66852,1.67388,39307
2014-03-07 00:00:00,1.6739199999999999,1.67855,1.6706400000000001,1.6711399999999998,50746
2014-03-10 00:00:00,1.6721,1.6741000000000001,1.66216,1.6645400000000001,59777
2014-03-11 00:00:00,1.66456,1.6652900000000002,1.6596,1.66155,60952
2014-03-12 00:00:00,1.66157,1.66356,1.6568100000000001,1.6617,68994
2014-03-13 00:00:00,1.6617199999999999,1.6718,1.66064,1.6623299999999999,81820
2014-03-14 00:00:00,1.66232,1.66489,1.65869,1.66464,78349
2014-03-17 00:00:00,1.66344,1.66657,1.66044,1.66333,50992
2014-03-18 00:00:00,1.6633499999999999,1.66475,1.65455,1.65922,68248
2014-03-19 00:00:00,1.65926,1.6654200000000001,1.65079,1.65308,80228
2014-03-20 00:00:00,1.65314,1.6568100000000001,1.64798,1.65066,70112
2014-03-21 00:00:00,1.65066,1.65201,1.64752,1.64852,56655
2014-03-24 00:00:00,1.64853,1.6536,1.64652,1.64966,59531
2014-03-25 00:00:00,1.64966,1.65492,1.6481,1.65293,76377
2014-03-26 00:00:00,1.65296,1.6596600000000001,1.65093,1.65767,70607
2014-03-27 00:00:00,1.6577600000000001,1.66466,1.65549,1.66033,78876
2014-03-28 00:00:00,1.6604100000000002,1.6651099999999999,1.65988,1.66378,66220
2014-03-31 00:00:00,1.66422,1.66837,1.66112,1.66614,77640
2014-04-01 00:00:00,1.66614,1.66747,1.66182,1.66289,61006
2014-04-02 00:00:00,1.6629,1.6663700000000001,1.66202,1.6625100000000002,58367
2014-04-03 00:00:00,1.66256,1.66605,1.657,1.65972,73892
2014-04-04 00:00:00,1.65971,1.66055,1.65536,1.65712,68472
2014-04-07 00:00:00,1.65713,1.6623700000000001,1.6565400000000001,1.6606100000000001,41806
2014-04-08 00:00:00,1.66062,1.67545,1.66032,1.6746400000000001,60433
2014-04-09 00:00:00,1.67465,1.6800000000000002,1.67241,1.67927,60622
2014-04-10 00:00:00,1.67929,1.68201,1.6754099999999998,1.6783700000000001,44273
2014-04-11 00:00:00,1.6783700000000001,1.67869,1.67171,1.6730399999999999,42414
2014-04-14 00:00:00,1.6736900000000001,1.67435,1.6696499999999999,1.6728100000000001,39438
2014-04-15 00:00:00,1.67287,1.67489,1.666,1.67285,44250
2014-04-16 00:00:00,1.67278,1.68177,1.67199,1.67962,44894
2014-04-17 00:00:00,1.67963,1.68417,1.67866,1.67931,38202
2014-04-18 00:00:00,1.67927,1.6801300000000001,1.67739,1.67886,19597
2014-04-21 00:00:00,1.6800899999999999,1.68184,1.67828,1.67906,17919
2014-04-22 00:00:00,1.67904,1.6839,1.67856,1.68238,36097
2014-04-23 00:00:00,1.68236,1.68357,1.6762299999999999,1.6781000000000001,42301
2014-04-24 00:00:00,1.67809,1.6806100000000002,1.6764999999999999,1.68014,40253
2014-04-25 00:00:00,1.68022,1.68295,1.67897,1.67977,32993
2014-04-28 00:00:00,1.68025,1.68574,1.6777199999999999,1.68056,41470
2014-04-29 00:00:00,1.68056,1.6846700000000001,1.67927,1.68269,41590
2014-04-30 00:00:00,1.68269,1.69006,1.68069,1.68727,47302
2014-05-01 00:00:00,1.68729,1.6919499999999998,1.68697,1.68923,29837
2014-05-02 00:00:00,1.6892399999999999,1.6894900000000002,1.68215,1.68685,45532
2014-05-05 00:00:00,1.68743,1.68823,1.68532,1.68663,23316
2014-05-06 00:00:00,1.68663,1.6996099999999998,1.68659,1.69746,47253
2014-05-07 00:00:00,1.6974200000000002,1.69859,1.6951,1.69516,57284
2014-05-08 00:00:00,1.69515,1.69752,1.69234,1.69319,62929
2014-05-09 00:00:00,1.69319,1.69379,1.68317,1.68472,43608
2014-05-12 00:00:00,1.68469,1.69029,1.68466,1.68676,36335
2014-05-13 00:00:00,1.68679,1.6883,1.68186,1.6824599999999998,50646
2014-05-14 00:00:00,1.68242,1.68744,1.67535,1.6766999999999999,47589
2014-05-15 00:00:00,1.6766999999999999,1.68059,1.67316,1.6788699999999999,42241
2014-05-16 00:00:00,1.67885,1.6838600000000001,1.67832,1.681,34020
2014-05-19 00:00:00,1.68227,1.68445,1.68049,1.68134,29503
2014-05-20 00:00:00,1.6813,1.6863899999999998,1.68019,1.6838,29535
2014-05-21 00:00:00,1.6837900000000001,1.69201,1.6831800000000001,1.6899199999999999,35777
2014-05-22 00:00:00,1.68993,1.6917200000000001,1.68514,1.68703,39669
2014-05-23 00:00:00,1.6865999999999999,1.68751,1.68125,1.683,37303
2014-05-26 00:00:00,1.68337,1.6852399999999998,1.6825999999999999,1.6841,21055
2014-05-27 00:00:00,1.6840899999999999,1.6881599999999999,1.67823,1.68087,32259
2014-05-28 00:00:00,1.68089,1.68153,1.66971,1.67088,34613
2014-05-29 00:00:00,1.67083,1.67401,1.66925,1.67161,32575
2014-05-30 00:00:00,1.67151,1.6777,1.6714099999999998,1.6750500000000001,32630
2014-06-02 00:00:00,1.67599,1.67612,1.67249,1.6745700000000001,39471
2014-06-03 00:00:00,1.67461,1.67821,1.67305,1.67483,40053
2014-06-04 00:00:00,1.67488,1.6768100000000001,1.66988,1.67362,43318
2014-06-05 00:00:00,1.67362,1.68249,1.67224,1.6819,53250
2014-06-06 00:00:00,1.68193,1.6845400000000001,1.67807,1.67997,45003
2014-06-09 00:00:00,1.68083,1.6832099999999999,1.67838,1.6802700000000002,35557
2014-06-10 00:00:00,1.68028,1.68171,1.67425,1.67557,45262
2014-06-11 00:00:00,1.67557,1.68102,1.67378,1.67869,44066
2014-06-12 00:00:00,1.67868,1.69299,1.67856,1.6927699999999999,46462
2014-06-13 00:00:00,1.69265,1.69913,1.69215,1.69634,45627
2014-06-16 00:00:00,1.69752,1.70106,1.69592,1.69824,38497
2014-06-17 00:00:00,1.69825,1.6989,1.6937600000000002,1.6964000000000001,43911
2014-06-18 00:00:00,1.69638,1.70021,1.6919499999999998,1.69933,49363
2014-06-19 00:00:00,1.6993200000000002,1.7062599999999999,1.69737,1.70387,48283
2014-06-20 00:00:00,1.7038799999999998,1.70602,1.70027,1.70138,42165
2014-06-23 00:00:00,1.7021,1.70491,1.70014,1.70267,38302
2014-06-24 00:00:00,1.70267,1.70317,1.6965599999999998,1.69847,42111
2014-06-25 00:00:00,1.69847,1.70041,1.6952099999999999,1.69831,38624
2014-06-26 00:00:00,1.69829,1.70398,1.6970800000000001,1.70254,40880
2014-06-27 00:00:00,1.70251,1.70512,1.70065,1.70312,34627
2014-06-30 00:00:00,1.7034099999999999,1.71136,1.70085,1.71042,32913
2014-07-01 00:00:00,1.7103899999999999,1.71648,1.70946,1.71485,24726
2014-07-02 00:00:00,1.71486,1.7175,1.7138900000000001,1.7163599999999999,24572
2014-07-03 00:00:00,1.71634,1.71654,1.7105700000000001,1.71544,28231
2014-07-04 00:00:00,1.71542,1.7178900000000001,1.7130999999999998,1.7159499999999999,22476
2014-07-07 00:00:00,1.71625,1.7163,1.7107999999999999,1.71273,21751
2014-07-08 00:00:00,1.7126299999999999,1.71468,1.7084899999999998,1.71303,23493
2014-07-09 00:00:00,1.7130100000000001,1.716,1.7093699999999998,1.71571,26548
2014-07-10 00:00:00,1.71569,1.71669,1.7104599999999999,1.71313,27120
2014-07-11 00:00:00,1.71315,1.71502,1.70885,1.71098,55236
2014-07-14 00:00:00,1.7120600000000001,1.71441,1.7069800000000002,1.7083,83129
2014-07-15 00:00:00,1.70824,1.71898,1.70593,1.7142,86333
2014-07-16 00:00:00,1.7142,1.7151100000000001,1.71132,1.71366,35545
2014-07-17 00:00:00,1.71366,1.71433,1.70853,1.70997,36015
2014-07-18 00:00:00,1.70999,1.7117499999999999,1.7036,1.7076,38041
2014-07-21 00:00:00,1.7081,1.7098900000000001,1.70552,1.70742,37877
2014-07-22 00:00:00,1.7074500000000001,1.70825,1.70412,1.70634,50943
2014-07-23 00:00:00,1.70655,1.70949,1.7023700000000002,1.70419,62799
2014-07-24 00:00:00,1.70382,1.7053099999999999,1.69659,1.69842,60905
2014-07-25 00:00:00,1.69849,1.69977,1.69607,1.6974200000000002,58917
2014-07-26 00:00:00,1.69734,1.69734,1.69734,1.69734,1
2014-07-28 00:00:00,1.6976200000000001,1.70007,1.69721,1.69818,50732
2014-07-29 00:00:00,1.69808,1.6994500000000001,1.6933,1.6942599999999999,64573
2014-07-30 00:00:00,1.69367,1.6954799999999999,1.6888800000000002,1.6911800000000001,62242
2014-07-31 00:00:00,1.69106,1.69264,1.6856200000000001,1.6883599999999999,46348
2014-08-01 00:00:00,1.6883599999999999,1.68923,1.6802700000000002,1.68215,54461
2014-08-04 00:00:00,1.6823700000000001,1.68643,1.6813500000000001,1.68618,46791
2014-08-05 00:00:00,1.68617,1.68883,1.6844700000000001,1.6884700000000001,52134
2014-08-06 00:00:00,1.6884700000000001,1.68871,1.68213,1.68529,49358
2014-08-07 00:00:00,1.6851500000000001,1.68635,1.68231,1.68316,55415
2014-08-08 00:00:00,1.68312,1.68335,1.6766299999999998,1.67685,60755
2014-08-11 00:00:00,1.67736,1.67954,1.6770100000000001,1.67863,35776
2014-08-12 00:00:00,1.67847,1.68155,1.6756600000000001,1.68114,43649
2014-08-13 00:00:00,1.6810800000000001,1.68445,1.6684999999999999,1.66867,63099
2014-08-14 00:00:00,1.66875,1.66966,1.66571,1.66851,46100
2014-08-15 00:00:00,1.6684700000000001,1.67013,1.66764,1.6686100000000001,44355
2014-08-18 00:00:00,1.6715200000000001,1.67371,1.6712099999999999,1.67268,31688
2014-08-19 00:00:00,1.67266,1.67279,1.66109,1.66157,45864
2014-08-20 00:00:00,1.66159,1.66785,1.6589399999999999,1.65941,57321
2014-08-21 00:00:00,1.6592799999999999,1.66012,1.65637,1.65787,56372
2014-08-22 00:00:00,1.65782,1.6597499999999998,1.6560899999999998,1.65649,59649
2014-08-25 00:00:00,1.6541700000000001,1.6598000000000002,1.65388,1.65778,53625
2014-08-26 00:00:00,1.65778,1.6595,1.65381,1.6538300000000001,66266
2014-08-27 00:00:00,1.65387,1.66049,1.65366,1.6575199999999999,66609
2014-08-28 00:00:00,1.6575,1.66132,1.65669,1.6585999999999999,53918
2014-08-29 00:00:00,1.6585999999999999,1.6613099999999998,1.65624,1.65971,42911
2014-09-01 00:00:00,1.65895,1.66435,1.65855,1.66062,44468
2014-09-02 00:00:00,1.66062,1.66147,1.6467399999999999,1.6468099999999999,73225
2014-09-03 00:00:00,1.6468500000000001,1.6497199999999999,1.64398,1.6460599999999999,69672
2014-09-04 00:00:00,1.6461299999999999,1.64656,1.63286,1.6331099999999998,73157
2014-09-05 00:00:00,1.63273,1.63405,1.62806,1.63262,69018
2014-09-08 00:00:00,1.6186500000000001,1.6232799999999998,1.60983,1.61036,95543
2014-09-09 00:00:00,1.61035,1.61568,1.60591,1.61056,98743
2014-09-10 00:00:00,1.6104,1.62298,1.6052,1.62093,88366
2014-09-11 00:00:00,1.62077,1.62702,1.61852,1.62537,75473
2014-09-12 00:00:00,1.6251799999999998,1.6277,1.62046,1.6263,92713
2014-09-15 00:00:00,1.62698,1.62731,1.62209,1.6231900000000001,72454
2014-09-16 00:00:00,1.62317,1.63118,1.6162100000000001,1.62766,85277
2014-09-17 00:00:00,1.6276000000000002,1.63583,1.62489,1.62743,81564
2014-09-18 00:00:00,1.62731,1.6409,1.62465,1.63938,89460
2014-09-19 00:00:00,1.63909,1.65244,1.62838,1.62876,112404
2014-09-22 00:00:00,1.6290499999999999,1.63678,1.62897,1.63605,128377
2014-09-23 00:00:00,1.63609,1.6415600000000001,1.63029,1.63876,67801
2014-09-24 00:00:00,1.63893,1.64134,1.63274,1.63391,64229
2014-09-25 00:00:00,1.6339000000000001,1.63418,1.62763,1.63168,79197
2014-09-26 00:00:00,1.63168,1.6332900000000001,1.62379,1.62416,66955
2014-09-29 00:00:00,1.6238299999999999,1.62745,1.6214300000000001,1.62406,65837
2014-09-30 00:00:00,1.62408,1.62873,1.6166399999999999,1.62124,78918
2014-10-01 00:00:00,1.62124,1.62521,1.61618,1.6185,76417
2014-10-02 00:00:00,1.61834,1.625,1.6112600000000001,1.61437,93037
2014-10-03 00:00:00,1.61433,1.61591,1.59518,1.59672,71681
2014-10-06 00:00:00,1.59683,1.6099299999999999,1.5954199999999998,1.60825,56197
2014-10-07 00:00:00,1.60825,1.6129099999999998,1.6026,1.60953,83614
2014-10-08 00:00:00,1.60948,1.61816,1.6031900000000001,1.61679,86808
2014-10-09 00:00:00,1.6166,1.62268,1.6104500000000002,1.61155,87855
2014-10-10 00:00:00,1.61165,1.61358,1.60086,1.6075599999999999,79522
2014-10-13 00:00:00,1.6068099999999998,1.61267,1.6050900000000001,1.6082999999999998,77688
2014-10-14 00:00:00,1.6082100000000001,1.6097299999999999,1.58974,1.5901999999999998,81613
2014-10-15 00:00:00,1.5901999999999998,1.6069200000000001,1.5875,1.60189,121112
2014-10-16 00:00:00,1.60191,1.60967,1.59412,1.60859,112202
2014-10-17 00:00:00,1.60866,1.61252,1.60296,1.60915,74833
2014-10-20 00:00:00,1.60935,1.61787,1.60795,1.6162999999999998,67173
2014-10-21 00:00:00,1.61635,1.6183800000000002,1.61087,1.61087,78883
2014-10-22 00:00:00,1.611,1.61303,1.6010900000000001,1.60492,74974
2014-10-23 00:00:00,1.6049799999999999,1.60596,1.5994000000000002,1.6029,74428
2014-10-24 00:00:00,1.6029,1.60979,1.60163,1.60832,70504
2014-10-27 00:00:00,1.60927,1.6146500000000001,1.60858,1.61158,61254
2014-10-28 00:00:00,1.61165,1.6181999999999999,1.6088200000000001,1.6131,66567
2014-10-29 00:00:00,1.613,1.61611,1.6002399999999999,1.60118,68506
2014-10-30 00:00:00,1.6011199999999999,1.6038000000000001,1.59505,1.60019,82470
2014-10-31 00:00:00,1.60012,1.60107,1.59414,1.5993,103174
2014-11-03 00:00:00,1.5972499999999998,1.60212,1.59259,1.59703,94162
2014-11-04 00:00:00,1.59717,1.6015700000000002,1.59646,1.60012,86749
2014-11-05 00:00:00,1.60013,1.60212,1.58684,1.5974300000000001,100985
2014-11-06 00:00:00,1.59752,1.60015,1.5823800000000001,1.58298,114936
2014-11-07 00:00:00,1.58305,1.5886,1.57893,1.58703,105349
2014-11-08 00:00:00,1.587,1.587,1.587,1.587,1
2014-11-10 00:00:00,1.58809,1.59169,1.58403,1.58411,80575
2014-11-11 00:00:00,1.58405,1.5944099999999999,1.5834700000000002,1.59168,78048
2014-11-12 00:00:00,1.5916700000000001,1.5940400000000001,1.57752,1.57778,99188
2014-11-13 00:00:00,1.5776599999999998,1.57808,1.56934,1.571,90762
2014-11-14 00:00:00,1.57036,1.5709499999999998,1.55926,1.5667200000000001,112319
2014-11-17 00:00:00,1.56657,1.5735000000000001,1.56193,1.56409,90280
2014-11-18 00:00:00,1.56348,1.56786,1.5629300000000002,1.563,70669
2014-11-19 00:00:00,1.56317,1.5720800000000001,1.55897,1.56796,68150
2014-11-20 00:00:00,1.56792,1.57367,1.56315,1.56909,80919
2014-11-21 00:00:00,1.56906,1.57132,1.56254,1.5655299999999999,80581
2014-11-24 00:00:00,1.5636100000000002,1.5714299999999999,1.5627900000000001,1.57044,61122
2014-11-25 00:00:00,1.57044,1.57351,1.5648300000000002,1.5708600000000001,70145
2014-11-26 00:00:00,1.57089,1.58052,1.56787,1.57962,76737
2014-11-27 00:00:00,1.57962,1.58255,1.57162,1.57409,52192
2014-11-28 00:00:00,1.57405,1.57405,1.5613700000000001,1.56376,82133
2014-11-29 00:00:00,1.56368,1.56524,1.56359,1.56389,547
2014-12-01 00:00:00,1.56405,1.57634,1.55846,1.57383,83376
2014-12-02 00:00:00,1.5737999999999999,1.57422,1.56314,1.56403,68587
2014-12-03 00:00:00,1.56387,1.57192,1.5619,1.56848,55605
2014-12-04 00:00:00,1.56848,1.57254,1.5642800000000001,1.56752,64342
2014-12-05 00:00:00,1.56755,1.56949,1.5568499999999998,1.55711,69149
2014-12-06 00:00:00,1.5571000000000002,1.5588199999999999,1.5571000000000002,1.55763,1557
2014-12-08 00:00:00,1.55576,1.56787,1.55411,1.56446,63417
2014-12-09 00:00:00,1.56447,1.5716700000000001,1.5625499999999999,1.56669,69180
2014-12-10 00:00:00,1.5666600000000002,1.57189,1.5647,1.5711300000000001,66573
2014-12-11 00:00:00,1.57112,1.57566,1.5652,1.57184,67619
2014-12-12 00:00:00,1.57184,1.57463,1.56942,1.5718299999999998,60296
2014-12-13 00:00:00,1.57184,1.57233,1.5704099999999999,1.57159,2654
2014-12-15 00:00:00,1.57144,1.57464,1.5601099999999999,1.56312,64430
2014-12-16 00:00:00,1.56317,1.5785200000000001,1.56079,1.5737,71510
2014-12-17 00:00:00,1.5737,1.57526,1.55408,1.5571000000000002,70869
2014-12-18 00:00:00,1.55714,1.56772,1.55488,1.56726,65589
2014-12-19 00:00:00,1.56724,1.5682,1.5605,1.56311,61734
2014-12-20 00:00:00,1.56311,1.56318,1.56108,1.56167,887
2014-12-22 00:00:00,1.56251,1.56651,1.5572599999999999,1.55797,185872
2014-12-23 00:00:00,1.55797,1.5607799999999998,1.54854,1.5505900000000001,184829
2014-12-24 00:00:00,1.5505900000000001,1.55569,1.54996,1.5550000000000002,158766
2014-12-26 00:00:00,1.55576,1.55664,1.55365,1.55523,100174
2014-12-27 00:00:00,1.55524,1.55594,1.5548600000000001,1.55499,5062
2014-12-29 00:00:00,1.5558800000000002,1.55853,1.5506799999999998,1.5512899999999998,73960
2014-12-30 00:00:00,1.55132,1.5573299999999999,1.55004,1.55559,48141
2014-12-31 00:00:00,1.55559,1.56202,1.5549,1.55801,40530
2015-01-02 00:00:00,1.5544,1.55467,1.53268,1.5333,68609
2015-01-03 00:00:00,1.53328,1.53338,1.5324200000000001,1.53244,2171
2015-01-05 00:00:00,1.52995,1.5318399999999999,1.51718,1.5252,106618
2015-01-06 00:00:00,1.52523,1.52729,1.51483,1.51517,106319
2015-01-07 00:00:00,1.5151599999999998,1.5156800000000001,1.50543,1.5107300000000001,111669
2015-01-08 00:00:00,1.51074,1.51166,1.50336,1.50827,94143
2015-01-09 00:00:00,1.50828,1.51738,1.5076399999999999,1.51644,103768
2015-01-10 00:00:00,1.51642,1.51684,1.51532,1.51571,2940
2015-01-12 00:00:00,1.51768,1.51929,1.50982,1.51772,91561
2015-01-13 00:00:00,1.51772,1.51908,1.50769,1.51614,110340
2015-01-14 00:00:00,1.51613,1.52678,1.51443,1.52348,114127
2015-01-15 00:00:00,1.5234999999999999,1.52665,1.51494,1.51721,125486
2015-01-16 00:00:00,1.51722,1.52336,1.50745,1.51571,125171
2015-01-17 00:00:00,1.51572,1.51582,1.51356,1.5145,4309
2015-01-19 00:00:00,1.51274,1.5178,1.51079,1.51135,50599
2015-01-20 00:00:00,1.51131,1.51985,1.50577,1.51533,41088
2015-01-21 00:00:00,1.5152999999999999,1.51779,1.50751,1.51314,50502
2015-01-22 00:00:00,1.51315,1.52114,1.50015,1.50054,56234
2015-01-23 00:00:00,1.50053,1.50346,1.49503,1.49983,60098
2015-01-24 00:00:00,1.49981,1.49982,1.4984899999999999,1.4987599999999999,1717
2015-01-26 00:00:00,1.5007899999999998,1.50991,1.49858,1.50968,46132
2015-01-27 00:00:00,1.50971,1.52227,1.5059,1.52005,69503
2015-01-28 00:00:00,1.5200200000000001,1.5218500000000001,1.51352,1.51556,82117
2015-01-29 00:00:00,1.5155699999999999,1.51616,1.50176,1.50643,49574
2015-01-30 00:00:00,1.50641,1.5095,1.49882,1.50604,45736
2015-01-31 00:00:00,1.50605,1.50808,1.50379,1.5061900000000001,2074
2015-02-02 00:00:00,1.5093299999999998,1.50982,1.50048,1.50213,74970
2015-02-03 00:00:00,1.5021200000000001,1.51969,1.4988299999999999,1.51669,85970
2015-02-04 00:00:00,1.51666,1.5249899999999998,1.51382,1.52055,71664
2015-02-05 00:00:00,1.52054,1.53427,1.51642,1.53355,83925
2015-02-06 00:00:00,1.53354,1.5351599999999999,1.52103,1.52352,70087
2015-02-07 00:00:00,1.5236,1.5251700000000001,1.5225,1.5225,2794
2015-02-09 00:00:00,1.52265,1.5266199999999999,1.52,1.52157,71638
2015-02-10 00:00:00,1.5215800000000002,1.52746,1.51959,1.5255999999999998,73737
2015-02-11 00:00:00,1.52559,1.52988,1.52184,1.52403,70977
2015-02-12 00:00:00,1.52403,1.54127,1.52088,1.54021,80795
2015-02-13 00:00:00,1.54023,1.54215,1.53705,1.54024,71445
2015-02-14 00:00:00,1.54028,1.5404900000000001,1.53865,1.53928,3747
2015-02-16 00:00:00,1.5417800000000002,1.54396,1.5338500000000002,1.53612,66943
2015-02-17 00:00:00,1.5361099999999999,1.54013,1.53156,1.5356100000000001,75586
2015-02-18 00:00:00,1.53563,1.5477699999999999,1.5341,1.5443799999999999,77352
2015-02-19 00:00:00,1.54434,1.54649,1.5404,1.54104,70534
2015-02-20 00:00:00,1.541,1.54333,1.5343,1.53872,75753
2015-02-21 00:00:00,1.5387300000000002,1.5402200000000001,1.53864,1.53983,2631
2015-02-23 00:00:00,1.53953,1.54739,1.53321,1.54579,61995
2015-02-24 00:00:00,1.54579,1.54733,1.5403799999999999,1.5456699999999999,65371
2015-02-25 00:00:00,1.5456699999999999,1.5537999999999998,1.5446499999999999,1.55329,64661
2015-02-26 00:00:00,1.5533000000000001,1.5551599999999999,1.5394,1.54033,69466
2015-02-27 00:00:00,1.54035,1.5457999999999998,1.5384,1.5438100000000001,70593
2015-02-28 00:00:00,1.54379,1.54417,1.54295,1.54365,2476
2015-03-02 00:00:00,1.5415100000000002,1.54281,1.53513,1.53646,62225
2015-03-03 00:00:00,1.5364499999999999,1.5396999999999998,1.53442,1.53667,61284
2015-03-04 00:00:00,1.53666,1.5371299999999999,1.52515,1.52626,66299
2015-03-05 00:00:00,1.52623,1.5269,1.52149,1.52308,67543
2015-03-06 00:00:00,1.52308,1.52554,1.5031400000000001,1.5050400000000002,69278
2015-03-07 00:00:00,1.5051999999999999,1.5053100000000001,1.50328,1.50333,2412
2015-03-09 00:00:00,1.50345,1.51366,1.50328,1.5127199999999998,64968
2015-03-10 00:00:00,1.51267,1.5129700000000001,1.50284,1.5068000000000001,84186
2015-03-11 00:00:00,1.50691,1.50959,1.48928,1.4928,96450
2015-03-12 00:00:00,1.49281,1.5026000000000002,1.48495,1.4882,87632
2015-03-13 00:00:00,1.48817,1.48962,1.46988,1.47397,88560
2015-03-16 00:00:00,1.47342,1.48529,1.47342,1.48276,83091
2015-03-17 00:00:00,1.48281,1.48447,1.4723600000000001,1.4748,84366
2015-03-18 00:00:00,1.47451,1.51648,1.46347,1.49769,100082
2015-03-19 00:00:00,1.49771,1.50094,1.46876,1.47493,108312
2015-03-20 00:00:00,1.47488,1.4988000000000001,1.47215,1.4945,93282
2015-03-23 00:00:00,1.49723,1.49729,1.48377,1.4950700000000001,91544
2015-03-24 00:00:00,1.49515,1.49835,1.48421,1.48489,97801
2015-03-25 00:00:00,1.48491,1.49533,1.48303,1.48793,78807
2015-03-26 00:00:00,1.48794,1.49933,1.48062,1.48464,92074
2015-03-27 00:00:00,1.48474,1.4921,1.47959,1.487,88160
2015-03-30 00:00:00,1.48826,1.49003,1.47527,1.4793,73687
2015-03-31 00:00:00,1.47927,1.4870999999999999,1.47545,1.48349,80699
2015-04-01 00:00:00,1.48347,1.4870700000000001,1.4739,1.4824899999999999,80063
2015-04-02 00:00:00,1.48257,1.48678,1.47756,1.4823,75489
2015-04-03 00:00:00,1.4822899999999999,1.49445,1.48095,1.49106,55298
2015-04-04 00:00:00,1.49106,1.49203,1.48993,1.49179,1894
2015-04-06 00:00:00,1.49179,1.49806,1.48696,1.48882,39123
2015-04-07 00:00:00,1.48888,1.49197,1.48176,1.48242,77873
2015-04-08 00:00:00,1.48244,1.4972699999999999,1.48021,1.4865599999999999,78521
2015-04-09 00:00:00,1.48657,1.48855,1.46847,1.47012,74438
2015-04-10 00:00:00,1.4701,1.47241,1.45865,1.46469,73823
2015-04-11 00:00:00,1.4647299999999999,1.46505,1.46277,1.4631,2019
2015-04-13 00:00:00,1.4631,1.4680900000000001,1.4565000000000001,1.4677,69436
2015-04-14 00:00:00,1.46772,1.48011,1.46029,1.4777,80769
2015-04-15 00:00:00,1.47772,1.48533,1.47004,1.4849700000000001,80724
2015-04-16 00:00:00,1.48498,1.4969000000000001,1.48114,1.49394,99653
2015-04-17 00:00:00,1.49395,1.5052699999999999,1.49154,1.49625,88833
2015-04-18 00:00:00,1.49625,1.4969000000000001,1.49547,1.4959500000000001,1484
2015-04-20 00:00:00,1.4959500000000001,1.49831,1.4887299999999999,1.49109,74172
2015-04-21 00:00:00,1.49106,1.4972400000000001,1.48557,1.49275,94556
2015-04-22 00:00:00,1.49273,1.50792,1.49127,1.50396,106374
2015-04-23 00:00:00,1.50396,1.5069599999999999,1.49593,1.5059200000000001,102016
2015-04-24 00:00:00,1.50591,1.51851,1.50268,1.51791,102214
2015-04-25 00:00:00,1.51791,1.51868,1.5174699999999999,1.5185499999999998,1219
2015-04-27 00:00:00,1.5174699999999999,1.52614,1.51065,1.52267,90422
2015-04-28 00:00:00,1.52267,1.53381,1.51719,1.5324900000000001,107633
2015-04-29 00:00:00,1.53248,1.54977,1.53224,1.54279,128047
2015-04-30 00:00:00,1.54276,1.54918,1.53033,1.5354,149469
2015-05-01 00:00:00,1.53539,1.53965,1.5114100000000001,1.51463,107245
2015-05-02 00:00:00,1.5146600000000001,1.516,1.5145300000000002,1.5147300000000001,1802
2015-05-04 00:00:00,1.51432,1.51742,1.5089700000000001,1.5125899999999999,67136
2015-05-05 00:00:00,1.5125899999999999,1.52172,1.50899,1.51711,24409
2015-05-06 00:00:00,1.51711,1.52898,1.51508,1.52521,43160
2015-05-07 00:00:00,1.5241,1.5274299999999998,1.51647,1.5262,18061
2015-05-08 00:00:00,1.52604,1.55207,1.5243600000000002,1.54556,35204
2015-05-09 00:00:00,1.54557,1.54569,1.54393,1.54426,431
2015-05-11 00:00:00,1.54484,1.5612,1.53925,1.55894,65453
2015-05-12 00:00:00,1.55896,1.57096,1.55565,1.56726,105508
2015-05-13 00:00:00,1.56725,1.57683,1.56333,1.57386,82346
2015-05-14 00:00:00,1.57393,1.5813899999999999,1.57283,1.57715,94060
2015-05-15 00:00:00,1.5771600000000001,1.5807600000000002,1.57005,1.57347,86833
2015-05-16 00:00:00,1.5733700000000002,1.5734,1.57216,1.57271,738
2015-05-18 00:00:00,1.5738400000000001,1.57446,1.56372,1.5651000000000002,79615
2015-05-19 00:00:00,1.5651000000000002,1.56689,1.54451,1.55034,115690
2015-05-20 00:00:00,1.55033,1.5587,1.54718,1.55379,129196
2015-05-21 00:00:00,1.5537800000000002,1.5699100000000001,1.55241,1.56623,118901
2015-05-22 00:00:00,1.56623,1.56888,1.54595,1.54746,115904
2015-05-23 00:00:00,1.5474700000000001,1.5495700000000001,1.5474299999999999,1.5495700000000001,2789
2015-05-25 00:00:00,1.54759,1.55069,1.54555,1.5469,72116
2015-05-26 00:00:00,1.5469300000000001,1.5474700000000001,1.53532,1.53807,119882
2015-05-27 00:00:00,1.53807,1.54364,1.53006,1.53456,114830
2015-05-28 00:00:00,1.53454,1.53847,1.52596,1.53049,119896
2015-05-29 00:00:00,1.53052,1.53413,1.52356,1.5285199999999999,108028
2015-05-30 00:00:00,1.52848,1.5295800000000002,1.52809,1.5284200000000001,2018
2015-06-01 00:00:00,1.52923,1.53038,1.51695,1.5193400000000001,126329
2015-06-02 00:00:00,1.5193400000000001,1.53666,1.5178500000000001,1.5338,176175
2015-06-03 00:00:00,1.53379,1.53743,1.52515,1.53315,101656
2015-06-04 00:00:00,1.5331000000000001,1.54405,1.5303900000000001,1.53625,50652
2015-06-05 00:00:00,1.53624,1.53688,1.51897,1.52688,182500
2015-06-06 00:00:00,1.52686,1.52786,1.52685,1.52711,2821
2015-06-08 00:00:00,1.52691,1.53518,1.52207,1.53426,142990
2015-06-09 00:00:00,1.53427,1.53884,1.5256699999999999,1.53818,169337
2015-06-10 00:00:00,1.53818,1.5552899999999998,1.53682,1.55362,190847
2015-06-11 00:00:00,1.55359,1.5536400000000001,1.5420099999999999,1.55289,144866
2015-06-12 00:00:00,1.5529,1.55975,1.54663,1.55602,123766
2015-06-13 00:00:00,1.5560100000000001,1.55688,1.55506,1.55571,4513
2015-06-15 00:00:00,1.55485,1.5613299999999999,1.5487,1.56027,105620
2015-06-16 00:00:00,1.5602800000000001,1.56536,1.55409,1.56399,134185
2015-06-17 00:00:00,1.56398,1.58464,1.5625200000000001,1.58352,173225
2015-06-18 00:00:00,1.58353,1.59292,1.5805500000000001,1.58864,167254
2015-06-19 00:00:00,1.58863,1.5895899999999998,1.58346,1.5871,124672
2015-06-20 00:00:00,1.5871,1.58773,1.5867200000000001,1.5876000000000001,2452
2015-06-22 00:00:00,1.58714,1.59093,1.58047,1.5817,124437
2015-06-23 00:00:00,1.5817299999999999,1.5830899999999999,1.57084,1.57282,146229
2015-06-24 00:00:00,1.5728,1.5802100000000001,1.56667,1.56958,139008
2015-06-25 00:00:00,1.5695999999999999,1.57698,1.56762,1.57367,129460
2015-06-26 00:00:00,1.57368,1.57663,1.57081,1.57424,120143
2015-06-27 00:00:00,1.57422,1.57469,1.57369,1.57455,2965
2015-06-29 00:00:00,1.5695999999999999,1.57878,1.56613,1.57313,173589
2015-06-30 00:00:00,1.5731199999999999,1.57755,1.56924,1.57132,159360
2015-07-01 00:00:00,1.5713,1.57322,1.5588,1.56196,144442
2015-07-02 00:00:00,1.56193,1.56394,1.55618,1.56029,127323
2015-07-03 00:00:00,1.5603,1.56433,1.55627,1.5583399999999998,111721
2015-07-04 00:00:00,1.5583,1.56053,1.55556,1.5577299999999998,2094
2015-07-06 00:00:00,1.55417,1.56278,1.55314,1.56023,128439
2015-07-07 00:00:00,1.5602200000000002,1.5609,1.54132,1.54649,159210
2015-07-08 00:00:00,1.54649,1.5468199999999999,1.5329700000000002,1.53592,154109
2015-07-09 00:00:00,1.5359,1.54199,1.53429,1.53777,135371
2015-07-10 00:00:00,1.53776,1.55501,1.53633,1.55137,139190
2015-07-11 00:00:00,1.55133,1.55338,1.55081,1.5512899999999998,2737
2015-07-13 00:00:00,1.5502799999999999,1.55884,1.54806,1.5487600000000001,136073
2015-07-14 00:00:00,1.54874,1.56384,1.54502,1.56352,139424
2015-07-15 00:00:00,1.56352,1.56744,1.55761,1.56402,143235
2015-07-16 00:00:00,1.56399,1.565,1.55596,1.5608499999999998,139208
2015-07-17 00:00:00,1.56081,1.56723,1.5552700000000002,1.56053,113925
2015-07-18 00:00:00,1.56052,1.56073,1.55992,1.56054,1828
2015-07-20 00:00:00,1.56002,1.56269,1.5537999999999998,1.55677,102562
2015-07-21 00:00:00,1.55674,1.5590000000000002,1.5528300000000002,1.55511,159637
2015-07-22 00:00:00,1.5551,1.56459,1.5544099999999998,1.5604900000000002,246122
2015-07-23 00:00:00,1.56048,1.56701,1.55006,1.55218,175895
2015-07-24 00:00:00,1.55225,1.5525600000000002,1.54663,1.55096,130450
2015-07-25 00:00:00,1.55095,1.5518399999999999,1.55,1.5512700000000001,2386
2015-07-27 00:00:00,1.5509,1.55948,1.54902,1.55605,143219
2015-07-28 00:00:00,1.5560399999999999,1.56272,1.55277,1.5613299999999999,145612
2015-07-29 00:00:00,1.56134,1.56891,1.55872,1.5605,151879
2015-07-30 00:00:00,1.56047,1.56429,1.5562200000000002,1.56059,152097
2015-07-31 00:00:00,1.56059,1.56778,1.5548600000000001,1.56156,165742
2015-08-01 00:00:00,1.56155,1.56272,1.56109,1.56201,4141
2015-08-03 00:00:00,1.56289,1.56443,1.5564900000000002,1.55819,148245
2015-08-04 00:00:00,1.55819,1.56333,1.55572,1.55724,166742
2015-08-05 00:00:00,1.5572300000000001,1.56507,1.55253,1.55995,172562
2015-08-06 00:00:00,1.55996,1.5636299999999999,1.5466600000000001,1.5520399999999999,146247
2015-08-07 00:00:00,1.55206,1.5545,1.54243,1.5485600000000002,141024
2015-08-08 00:00:00,1.54854,1.5496400000000001,1.54851,1.54958,2547
2015-08-10 00:00:00,1.54841,1.56053,1.54579,1.5587499999999999,104398
2015-08-11 00:00:00,1.5587499999999999,1.56162,1.55548,1.55801,131171
2015-08-12 00:00:00,1.55802,1.5659399999999999,1.55336,1.56223,145365
2015-08-13 00:00:00,1.56223,1.5636299999999999,1.5572599999999999,1.56141,111665
2015-08-14 00:00:00,1.5613899999999998,1.56592,1.55881,1.56491,107869
2015-08-15 00:00:00,1.56491,1.56528,1.56394,1.56407,2712
2015-08-17 00:00:00,1.56507,1.56875,1.55783,1.55847,123846
2015-08-18 00:00:00,1.5584799999999999,1.57166,1.55617,1.5663,129994
2015-08-19 00:00:00,1.5663,1.5699999999999998,1.5635,1.5688,156000
2015-08-20 00:00:00,1.56881,1.5701100000000001,1.56057,1.56927,152537
2015-08-21 00:00:00,1.56927,1.5722800000000001,1.56574,1.5693000000000001,172681
2015-08-22 00:00:00,1.56931,1.57027,1.56809,1.56853,4788
2015-08-24 00:00:00,1.56764,1.5802800000000001,1.56299,1.5777,209686
2015-08-25 00:00:00,1.57775,1.58186,1.5681,1.56906,196228
2015-08-26 00:00:00,1.56906,1.57195,1.54645,1.5474,188611
2015-08-27 00:00:00,1.54742,1.55083,1.53696,1.5413999999999999,162396
2015-08-28 00:00:00,1.5413999999999999,1.54425,1.53348,1.5400800000000001,153323
2015-08-29 00:00:00,1.54013,1.54017,1.53892,1.53897,3636
2015-08-31 00:00:00,1.54104,1.5436299999999998,1.5339,1.5343900000000001,108330
2015-09-01 00:00:00,1.5344,1.54074,1.5299399999999999,1.5303200000000001,140614
2015-09-02 00:00:00,1.53027,1.53253,1.52637,1.53011,144106
2015-09-03 00:00:00,1.5300799999999999,1.53129,1.5218699999999998,1.52527,125211
2015-09-04 00:00:00,1.52528,1.52733,1.5164499999999999,1.5179,119717
2015-09-05 00:00:00,1.51788,1.51867,1.51643,1.51675,2916
2015-09-07 00:00:00,1.51752,1.52878,1.51707,1.52765,110802
2015-09-08 00:00:00,1.52762,1.54121,1.52681,1.5396999999999998,122840
2015-09-09 00:00:00,1.53972,1.5404,1.5349300000000001,1.53619,125482
2015-09-10 00:00:00,1.5361799999999999,1.54756,1.53383,1.5449199999999998,144237
2015-09-11 00:00:00,1.54494,1.5461200000000002,1.5399500000000002,1.54257,120803
2015-09-12 00:00:00,1.54257,1.54355,1.54218,1.5427,3797
2015-09-14 00:00:00,1.54263,1.54706,1.53723,1.5428899999999999,99550
2015-09-15 00:00:00,1.54287,1.54566,1.53293,1.53379,104998
2015-09-16 00:00:00,1.5337800000000001,1.55281,1.53296,1.54935,111671
2015-09-17 00:00:00,1.5493000000000001,1.5627499999999999,1.5485600000000002,1.55955,130524
2015-09-18 00:00:00,1.55955,1.56579,1.55139,1.55241,134400
2015-09-19 00:00:00,1.5524200000000001,1.5544799999999999,1.55203,1.55243,4875
2015-09-21 00:00:00,1.5523,1.55674,1.54803,1.55017,118789
2015-09-22 00:00:00,1.55017,1.55279,1.53399,1.53722,121431
2015-09-23 00:00:00,1.53721,1.53742,1.5220099999999999,1.52347,124421
2015-09-24 00:00:00,1.52347,1.52885,1.5200200000000001,1.52462,138971
2015-09-25 00:00:00,1.52458,1.526,1.51349,1.51929,130944
2015-09-26 00:00:00,1.51928,1.52062,1.51732,1.51773,3190
2015-09-28 00:00:00,1.51909,1.52406,1.5156800000000001,1.517,112834
2015-09-29 00:00:00,1.51698,1.5204499999999999,1.51285,1.51512,130518
2015-09-30 00:00:00,1.5151400000000002,1.52132,1.51068,1.51266,125421
2015-10-01 00:00:00,1.5126300000000001,1.51796,1.51064,1.51289,117410
2015-10-02 00:00:00,1.51288,1.5237,1.5125899999999999,1.51789,129497
2015-10-03 00:00:00,1.51788,1.51834,1.51667,1.51768,3807
2015-10-05 00:00:00,1.51871,1.5244,1.51393,1.51512,132817
2015-10-06 00:00:00,1.51512,1.5242900000000001,1.51361,1.52427,110918
2015-10-07 00:00:00,1.52427,1.53391,1.5218,1.53267,124163
2015-10-08 00:00:00,1.53266,1.5371700000000001,1.5260799999999999,1.53587,123647
2015-10-09 00:00:00,1.53589,1.5382799999999999,1.52996,1.53185,125283
2015-10-10 00:00:00,1.53185,1.53268,1.53043,1.5323799999999999,2918
2015-10-12 00:00:00,1.5303900000000001,1.53728,1.5303900000000001,1.53395,97129
2015-10-13 00:00:00,1.53395,1.53872,1.5199799999999999,1.52618,126242
2015-10-14 00:00:00,1.52618,1.54939,1.5244900000000001,1.54857,132267
2015-10-15 00:00:00,1.5485799999999998,1.55081,1.54143,1.54852,130180
2015-10-16 00:00:00,1.54853,1.5489899999999999,1.54308,1.5434700000000001,118650
2015-10-17 00:00:00,1.5434700000000001,1.54416,1.54299,1.5435699999999999,3107
2015-10-19 00:00:00,1.54304,1.54966,1.54271,1.54669,104046
2015-10-20 00:00:00,1.5467,1.55058,1.54348,1.54439,108500
2015-10-21 00:00:00,1.5443799999999999,1.54769,1.5411899999999998,1.5417800000000002,108045
2015-10-22 00:00:00,1.54152,1.55088,1.53452,1.53928,135666
2015-10-23 00:00:00,1.53928,1.5418500000000002,1.53098,1.53125,133075
2015-10-24 00:00:00,1.53126,1.53148,1.53056,1.5312000000000001,2902
2015-10-26 00:00:00,1.53078,1.5381399999999998,1.53056,1.53515,112661
2015-10-27 00:00:00,1.5347300000000001,1.53583,1.5282200000000001,1.5300799999999999,112108
2015-10-28 00:00:00,1.52979,1.53467,1.5248300000000001,1.52596,120417
2015-10-29 00:00:00,1.52596,1.5321,1.5241799999999999,1.53095,117997
2015-10-30 00:00:00,1.5306899999999999,1.5467300000000002,1.5305900000000001,1.5427499999999998,125174
2015-11-02 00:00:00,1.5444900000000001,1.5497100000000001,1.54037,1.54159,102156
2015-11-03 00:00:00,1.54159,1.54447,1.53589,1.54254,116836
2015-11-04 00:00:00,1.5425499999999999,1.54446,1.53603,1.5384799999999998,122017
2015-11-05 00:00:00,1.53849,1.5401099999999999,1.52062,1.52091,131577
2015-11-06 00:00:00,1.52091,1.52189,1.50268,1.5050599999999998,129595
2015-11-07 00:00:00,1.50507,1.50512,1.50421,1.5043,2016
2015-11-09 00:00:00,1.50396,1.51278,1.50381,1.5112999999999999,115915
2015-11-10 00:00:00,1.5113699999999999,1.51449,1.50909,1.51166,119638
2015-11-11 00:00:00,1.51165,1.52204,1.51112,1.5214400000000001,119053
2015-11-12 00:00:00,1.52139,1.5246,1.51735,1.52247,139546
2015-11-13 00:00:00,1.52248,1.5264799999999998,1.5187,1.52311,119634
2015-11-14 00:00:00,1.52311,1.5236399999999999,1.52261,1.52299,2685
2015-11-16 00:00:00,1.5224199999999999,1.52308,1.51809,1.52051,107242
2015-11-17 00:00:00,1.52051,1.52381,1.5154,1.5213999999999999,115934
2015-11-18 00:00:00,1.52141,1.52481,1.5187300000000001,1.52355,117718
2015-11-19 00:00:00,1.5235400000000001,1.5335100000000002,1.52271,1.5287899999999999,132935
2015-11-20 00:00:00,1.5287899999999999,1.5309300000000001,1.51857,1.5192999999999999,119184
2015-11-21 00:00:00,1.51931,1.51938,1.51822,1.51892,2182
2015-11-23 00:00:00,1.51694,1.5195699999999999,1.51086,1.51124,123718
2015-11-24 00:00:00,1.51124,1.51551,1.5053,1.50789,126959
2015-11-25 00:00:00,1.50788,1.51356,1.50556,1.512,131851
2015-11-26 00:00:00,1.512,1.5129899999999998,1.50654,1.50976,109593
2015-11-27 00:00:00,1.50976,1.51092,1.50298,1.5040200000000001,112808
2015-11-28 00:00:00,1.50404,1.50442,1.5029400000000002,1.50331,4276
2015-11-30 00:00:00,1.50317,1.5068000000000001,1.49932,1.5061499999999999,101257
2015-12-01 00:00:00,1.50613,1.51251,1.50501,1.5080200000000001,121245
2015-12-02 00:00:00,1.50801,1.50827,1.48945,1.49433,128005
2015-12-03 00:00:00,1.49433,1.51554,1.4904,1.51522,160742
2015-12-04 00:00:00,1.5152,1.51586,1.50773,1.51064,161773
2015-12-05 00:00:00,1.51063,1.51091,1.51013,1.5104899999999999,2486
2015-12-07 00:00:00,1.51065,1.5114100000000001,1.50446,1.50508,106817
2015-12-08 00:00:00,1.50507,1.50609,1.49562,1.5007899999999998,131011
2015-12-09 00:00:00,1.5007700000000002,1.51913,1.5004,1.5179200000000002,143555
2015-12-10 00:00:00,1.5179200000000002,1.5201500000000001,1.51105,1.51606,133834
2015-12-11 00:00:00,1.51605,1.5239099999999999,1.5124900000000001,1.52251,125878
2015-12-12 00:00:00,1.5225,1.52363,1.5220500000000001,1.52226,3359
2015-12-14 00:00:00,1.52245,1.5230000000000001,1.5107,1.5135,133384
2015-12-15 00:00:00,1.5135100000000001,1.51845,1.50288,1.50343,128817
2015-12-16 00:00:00,1.5034399999999999,1.50984,1.49588,1.50062,151840
2015-12-17 00:00:00,1.5005899999999999,1.50084,1.48645,1.4899,136963
2015-12-18 00:00:00,1.48986,1.49495,1.48851,1.49177,126302
2015-12-19 00:00:00,1.49177,1.49243,1.48864,1.48867,3827
2015-12-21 00:00:00,1.48905,1.49289,1.4877,1.48808,109169
2015-12-22 00:00:00,1.4881,1.49074,1.4805,1.48146,116663
2015-12-23 00:00:00,1.48145,1.49,1.4812,1.48783,107898
2015-12-24 00:00:00,1.48783,1.49438,1.48441,1.49406,70821
2015-12-28 00:00:00,1.49008,1.49339,1.48735,1.4876800000000001,72098
2015-12-29 00:00:00,1.4876800000000001,1.49127,1.47851,1.48238,89466
2015-12-30 00:00:00,1.48238,1.48482,1.47922,1.48175,101183
2015-12-31 00:00:00,1.48176,1.48438,1.47313,1.47317,81276
2016-01-04 00:00:00,1.47306,1.48152,1.4662600000000001,1.47222,135004
2016-01-05 00:00:00,1.47223,1.47266,1.46374,1.46689,125487
2016-01-06 00:00:00,1.4668700000000001,1.4681600000000001,1.4601600000000001,1.46295,145007
2016-01-07 00:00:00,1.46295,1.46398,1.45327,1.46209,156271
2016-01-08 00:00:00,1.46209,1.46444,1.45056,1.45263,149987
2016-01-09 00:00:00,1.45263,1.45291,1.45116,1.45156,3286
2016-01-11 00:00:00,1.45144,1.4604,1.44909,1.4544000000000001,117364
2016-01-12 00:00:00,1.4544000000000001,1.45599,1.43516,1.44385,139276
2016-01-13 00:00:00,1.44387,1.4475500000000001,1.43796,1.4434,140504
2016-01-14 00:00:00,1.4434,1.44447,1.4359600000000001,1.4411100000000001,148052
2016-01-15 00:00:00,1.4411100000000001,1.44272,1.42513,1.4252,139858
2016-01-16 00:00:00,1.4252,1.42653,1.42511,1.42543,3343
2016-01-18 00:00:00,1.42472,1.43227,1.42404,1.42416,123848
2016-01-19 00:00:00,1.42416,1.43396,1.41287,1.41764,150809
2016-01-20 00:00:00,1.41765,1.4218600000000001,1.41248,1.41709,156128
2016-01-21 00:00:00,1.41709,1.42485,1.4079,1.4240599999999999,167286
2016-01-22 00:00:00,1.4240599999999999,1.4362,1.42041,1.42777,147381
2016-01-23 00:00:00,1.42777,1.42779,1.42575,1.42645,3127
2016-01-25 00:00:00,1.42604,1.43092,1.42232,1.42538,134626
2016-01-26 00:00:00,1.42539,1.43666,1.41727,1.43566,145344
2016-01-27 00:00:00,1.43566,1.4359,1.42296,1.42448,159489
2016-01-28 00:00:00,1.42449,1.44069,1.42295,1.43548,166065
2016-01-29 00:00:00,1.43548,1.44128,1.4149,1.42499,184854
2016-01-30 00:00:00,1.4250099999999999,1.42522,1.42402,1.42422,2337
2016-02-01 00:00:00,1.42384,1.44444,1.42276,1.44418,145268
2016-02-02 00:00:00,1.4441899999999999,1.4445299999999999,1.43256,1.44147,144164
2016-02-03 00:00:00,1.44142,1.46486,1.43832,1.4599,164474
2016-02-04 00:00:00,1.4599,1.46679,1.45292,1.45843,178636
2016-02-05 00:00:00,1.45843,1.45905,1.44515,1.44998,147357
2016-02-06 00:00:00,1.44997,1.45068,1.44895,1.45001,2970
2016-02-08 00:00:00,1.44787,1.4546299999999999,1.43507,1.44269,174166
2016-02-09 00:00:00,1.4426700000000001,1.45149,1.43777,1.44593,204965
2016-02-10 00:00:00,1.44594,1.45778,1.44397,1.45315,187371
2016-02-11 00:00:00,1.45315,1.45632,1.43823,1.44743,216749
2016-02-12 00:00:00,1.44741,1.45696,1.44425,1.45079,188631
2016-02-13 00:00:00,1.45079,1.4511,1.44891,1.4492099999999999,3439
2016-02-15 00:00:00,1.44888,1.45349,1.44126,1.4433099999999999,151499
2016-02-16 00:00:00,1.4433099999999999,1.45154,1.42753,1.42926,159740
2016-02-17 00:00:00,1.42927,1.4338600000000001,1.42348,1.42878,172614
2016-02-18 00:00:00,1.42876,1.43939,1.42561,1.43299,178369
2016-02-19 00:00:00,1.43299,1.43712,1.4246400000000001,1.43583,165951
2016-02-20 00:00:00,1.43583,1.44075,1.43547,1.4402599999999999,7382
2016-02-22 00:00:00,1.42607,1.43059,1.4056899999999999,1.41465,188384
2016-02-23 00:00:00,1.41465,1.41558,1.4007100000000001,1.40164,179709
2016-02-24 00:00:00,1.40164,1.40269,1.38779,1.3931499999999999,189129
2016-02-25 00:00:00,1.3931499999999999,1.39959,1.38994,1.39638,169767
2016-02-26 00:00:00,1.39638,1.40421,1.38534,1.3863400000000001,175521
2016-02-27 00:00:00,1.3863400000000001,1.38736,1.38587,1.38594,2876
2016-02-29 00:00:00,1.38557,1.39458,1.38351,1.39182,170771
2016-03-01 00:00:00,1.3918300000000001,1.40184,1.3903699999999999,1.3955600000000001,181308
2016-03-02 00:00:00,1.39555,1.40927,1.39141,1.40765,179127
2016-03-03 00:00:00,1.40765,1.4193500000000001,1.4032200000000001,1.41882,181566
2016-03-04 00:00:00,1.4189,1.42479,1.41075,1.42225,176416
2016-03-05 00:00:00,1.42228,1.42356,1.4221,1.42293,4818
2016-03-07 00:00:00,1.42148,1.4283299999999999,1.41336,1.42654,138579
2016-03-08 00:00:00,1.42656,1.42748,1.4172799999999999,1.42095,141094
2016-03-09 00:00:00,1.42097,1.42404,1.41769,1.4219300000000001,139197
2016-03-10 00:00:00,1.42196,1.43166,1.41173,1.42766,163710
2016-03-11 00:00:00,1.4276499999999999,1.44361,1.42536,1.43722,134070
2016-03-12 00:00:00,1.43722,1.43865,1.43704,1.43791,3393
2016-03-14 00:00:00,1.4373,1.43887,1.42923,1.42999,119880
2016-03-15 00:00:00,1.43002,1.43053,1.41385,1.41483,135830
2016-03-16 00:00:00,1.41473,1.42737,1.40526,1.42549,158501
2016-03-17 00:00:00,1.42514,1.45028,1.42209,1.44814,155975
2016-03-18 00:00:00,1.44772,1.45139,1.44097,1.4469699999999999,115699
2016-03-21 00:00:00,1.44595,1.44673,1.4365,1.43683,116850
2016-03-22 00:00:00,1.43682,1.4396900000000001,1.41898,1.42049,134534
2016-03-23 00:00:00,1.42029,1.4227,1.40817,1.41136,116740
2016-03-24 00:00:00,1.41135,1.41822,1.40567,1.4151,118451
2016-03-25 00:00:00,1.4151,1.41573,1.41087,1.41238,33100
2016-03-28 00:00:00,1.413,1.42828,1.41197,1.42535,62671
2016-03-29 00:00:00,1.42536,1.44035,1.41941,1.43849,152268
2016-03-30 00:00:00,1.4385,1.44586,1.43602,1.43777,164461
2016-03-31 00:00:00,1.43777,1.44256,1.43254,1.43625,151826
2016-04-01 00:00:00,1.43625,1.43722,1.41703,1.42246,158862
2016-04-02 00:00:00,1.4224700000000001,1.42321,1.42214,1.42255,3487
2016-04-04 00:00:00,1.4218199999999999,1.43211,1.41904,1.42631,132397
2016-04-05 00:00:00,1.4263,1.42783,1.41211,1.41559,143105
2016-04-06 00:00:00,1.41559,1.41707,1.4004699999999999,1.41193,160696
2016-04-07 00:00:00,1.41192,1.41564,1.40484,1.40545,169831
2016-04-08 00:00:00,1.40545,1.41404,1.404,1.41263,137834
2016-04-09 00:00:00,1.41263,1.41312,1.41139,1.41139,2599
2016-04-11 00:00:00,1.41137,1.4285999999999999,1.41048,1.4234200000000001,137237
2016-04-12 00:00:00,1.42341,1.4347699999999999,1.41958,1.4268,158804
2016-04-13 00:00:00,1.42679,1.42786,1.41924,1.4203999999999999,161446
2016-04-14 00:00:00,1.42039,1.4207,1.40899,1.41513,138098
2016-04-15 00:00:00,1.4151099999999999,1.42415,1.41323,1.4197,119377
2016-04-16 00:00:00,1.41967,1.42114,1.41951,1.41981,3087
2016-04-18 00:00:00,1.4189,1.42902,1.41306,1.42731,118858
2016-04-19 00:00:00,1.42734,1.44186,1.42702,1.4397199999999999,138076
2016-04-20 00:00:00,1.43973,1.44102,1.43308,1.43313,152499
2016-04-21 00:00:00,1.43319,1.44395,1.4298899999999999,1.43275,154339
2016-04-22 00:00:00,1.43275,1.44512,1.4314,1.4411800000000001,145644
2016-04-23 00:00:00,1.44117,1.44259,1.43922,1.43955,3476
2016-04-25 00:00:00,1.4457900000000001,1.4518900000000001,1.4402300000000001,1.44732,145397
2016-04-26 00:00:00,1.44732,1.4638200000000001,1.4473099999999999,1.45669,150229
2016-04-27 00:00:00,1.4567,1.46212,1.4473099999999999,1.45323,155956
2016-04-28 00:00:00,1.45322,1.46225,1.45225,1.46108,158039
2016-04-29 00:00:00,1.4610699999999999,1.46706,1.4576,1.4611,162848
2016-04-30 00:00:00,1.4611,1.46173,1.46031,1.46102,3937
2016-05-02 00:00:00,1.4586299999999999,1.46957,1.45835,1.46681,136266
2016-05-03 00:00:00,1.46681,1.47691,1.45286,1.45363,180144
2016-05-04 00:00:00,1.45368,1.4571100000000001,1.4461,1.44958,163905
2016-05-05 00:00:00,1.4496,1.4528699999999999,1.44435,1.44801,140634
2016-05-06 00:00:00,1.44801,1.4546000000000001,1.44144,1.44283,145796
2016-05-07 00:00:00,1.44282,1.44364,1.4423300000000001,1.44247,3269
2016-05-09 00:00:00,1.4412099999999999,1.44795,1.43738,1.4405299999999999,134244
2016-05-10 00:00:00,1.44055,1.44775,1.43884,1.4441,135134
2016-05-11 00:00:00,1.4441,1.44875,1.43941,1.44414,120183
2016-05-12 00:00:00,1.44414,1.45304,1.44056,1.44481,133268
2016-05-13 00:00:00,1.44482,1.44544,1.43398,1.43678,141344
2016-05-14 00:00:00,1.4368,1.43688,1.43557,1.43584,3058
2016-05-16 00:00:00,1.43468,1.44142,1.4331800000000001,1.4393099999999999,108870
2016-05-17 00:00:00,1.43932,1.45235,1.4388,1.44588,139897
2016-05-18 00:00:00,1.4459,1.4634,1.44029,1.45879,162268
2016-05-19 00:00:00,1.45879,1.46631,1.45614,1.45914,159011
2016-05-20 00:00:00,1.45914,1.46125,1.44854,1.44902,129712
2016-05-21 00:00:00,1.449,1.45062,1.44888,1.45037,2731
2016-05-23 00:00:00,1.4497499999999999,1.45484,1.44417,1.44815,129725
2016-05-24 00:00:00,1.44815,1.46414,1.44732,1.46268,146272
2016-05-25 00:00:00,1.46268,1.47285,1.46002,1.47143,143500
2016-05-26 00:00:00,1.47143,1.47391,1.46395,1.46638,141709
2016-05-27 00:00:00,1.46635,1.46882,1.4604300000000001,1.4610400000000001,133750
2016-05-28 00:00:00,1.4610400000000001,1.4621,1.46075,1.46182,3009
2016-05-30 00:00:00,1.4606,1.46411,1.45869,1.46377,95615
2016-05-31 00:00:00,1.46375,1.47241,1.44644,1.44831,162419
2016-06-01 00:00:00,1.44832,1.45072,1.43855,1.4409100000000001,164629
2016-06-02 00:00:00,1.44092,1.44723,1.4405700000000001,1.44287,144521
2016-06-03 00:00:00,1.44291,1.45813,1.43984,1.45182,153407
2016-06-04 00:00:00,1.45181,1.45248,1.451,1.4514,4427
2016-06-06 00:00:00,1.4466999999999999,1.44815,1.43515,1.44586,161052
2016-06-07 00:00:00,1.44586,1.46593,1.44336,1.45413,141540
2016-06-08 00:00:00,1.45413,1.45999,1.45,1.45038,138665
2016-06-09 00:00:00,1.45038,1.45265,1.44463,1.44843,137436
2016-06-10 00:00:00,1.44843,1.44849,1.4179300000000001,1.42596,143144
2016-06-11 00:00:00,1.42595,1.42794,1.42438,1.42512,4428
2016-06-13 00:00:00,1.42556,1.43276,1.4114499999999999,1.42321,175584
2016-06-14 00:00:00,1.42321,1.428,1.40902,1.41062,159973
2016-06-15 00:00:00,1.41055,1.42137,1.40894,1.41882,150287
2016-06-16 00:00:00,1.4187400000000001,1.42532,1.40122,1.4212099999999999,171199
2016-06-17 00:00:00,1.4212,1.43872,1.41965,1.4362,157418
2016-06-18 00:00:00,1.43608,1.43638,1.4341599999999999,1.43558,3555
2016-06-20 00:00:00,1.44657,1.4707,1.44336,1.46855,161982
2016-06-21 00:00:00,1.46854,1.47828,1.46173,1.46273,163793
2016-06-22 00:00:00,1.46273,1.47733,1.46158,1.4695,150036
2016-06-23 00:00:00,1.46951,1.4946,1.46862,1.4880200000000001,184220
2016-06-24 00:00:00,1.4880200000000001,1.50171,1.3229,1.3632,288763
2016-06-25 00:00:00,1.36348,1.36869,1.36028,1.36303,3718
2016-06-27 00:00:00,1.34226,1.3483399999999999,1.31197,1.32121,203017
2016-06-28 00:00:00,1.32121,1.34181,1.31944,1.3351899999999999,146292
2016-06-29 00:00:00,1.3351899999999999,1.3532899999999999,1.32861,1.34325,149838
2016-06-30 00:00:00,1.34321,1.34961,1.32051,1.3312300000000001,172569
2016-07-01 00:00:00,1.33121,1.3348900000000001,1.32435,1.32832,130055
2016-07-02 00:00:00,1.32832,1.32837,1.3259,1.326,2076
2016-07-04 00:00:00,1.32403,1.33402,1.32348,1.3290199999999999,103442
2016-07-05 00:00:00,1.32901,1.32935,1.29992,1.30285,145686
2016-07-06 00:00:00,1.30286,1.30359,1.2795,1.29298,179648
2016-07-07 00:00:00,1.29297,1.30466,1.28748,1.2906900000000001,153722
2016-07-08 00:00:00,1.2906900000000001,1.3017699999999999,1.28796,1.2944,140127
2016-07-09 00:00:00,1.2943500000000001,1.2956400000000001,1.29431,1.29444,3154
2016-07-11 00:00:00,1.29448,1.30175,1.28499,1.29969,124560
2016-07-12 00:00:00,1.29969,1.32946,1.29715,1.32504,180357
2016-07-13 00:00:00,1.3250199999999999,1.3336299999999999,1.31329,1.3136999999999999,178430
2016-07-14 00:00:00,1.31372,1.3476,1.31044,1.3328,189555
2016-07-15 00:00:00,1.3328,1.34801,1.31312,1.32185,169745
2016-07-16 00:00:00,1.32186,1.32193,1.3149899999999999,1.31857,5266
2016-07-18 00:00:00,1.31857,1.33144,1.31823,1.32498,144975
2016-07-19 00:00:00,1.32503,1.32741,1.30732,1.30877,138693
2016-07-20 00:00:00,1.30878,1.32264,1.30641,1.32112,130104
2016-07-21 00:00:00,1.3211,1.32744,1.31547,1.32028,155112
2016-07-22 00:00:00,1.32028,1.32904,1.3078400000000001,1.3101,154042
2016-07-23 00:00:00,1.3101,1.31136,1.30924,1.31086,2682
2016-07-25 00:00:00,1.31413,1.31641,1.30944,1.31328,116287
2016-07-26 00:00:00,1.31329,1.31749,1.30564,1.31283,110104
2016-07-27 00:00:00,1.3128199999999999,1.32297,1.30709,1.3195700000000001,118848
2016-07-28 00:00:00,1.3195700000000001,1.32473,1.31165,1.3159100000000001,109967
2016-07-29 00:00:00,1.3159,1.33011,1.31476,1.3232,118715
2016-07-30 00:00:00,1.3232,1.32424,1.32175,1.32224,2874
2016-08-01 00:00:00,1.3219,1.3271600000000001,1.31619,1.3177699999999999,104545
2016-08-02 00:00:00,1.3178,1.3365,1.31711,1.3345,118511
2016-08-03 00:00:00,1.33454,1.33712,1.32799,1.33136,113007
2016-08-04 00:00:00,1.33138,1.33457,1.3102,1.31294,127386
2016-08-05 00:00:00,1.31295,1.31744,1.30206,1.30739,112614
2016-08-06 00:00:00,1.30737,1.30771,1.30594,1.30646,2210
2016-08-08 00:00:00,1.30711,1.3096,1.3027,1.3039399999999999,89193
2016-08-09 00:00:00,1.30393,1.30472,1.2955,1.30032,98992
2016-08-10 00:00:00,1.30033,1.30932,1.29904,1.3005200000000001,107177
2016-08-11 00:00:00,1.3005200000000001,1.3027199999999999,1.29353,1.29607,106678
2016-08-12 00:00:00,1.29609,1.30342,1.2907600000000001,1.29091,102116
2016-08-13 00:00:00,1.29092,1.29185,1.29023,1.2916699999999999,2681
2016-08-15 00:00:00,1.29195,1.29443,1.2865,1.28748,82558
2016-08-16 00:00:00,1.28753,1.30506,1.28735,1.30385,123636
2016-08-17 00:00:00,1.30385,1.30853,1.29749,1.30315,116213
2016-08-18 00:00:00,1.30318,1.31714,1.3031,1.31681,117811
2016-08-19 00:00:00,1.31681,1.31843,1.30222,1.30796,109446
2016-08-20 00:00:00,1.3079399999999999,1.30864,1.3072300000000001,1.3072300000000001,2484
2016-08-22 00:00:00,1.30478,1.31566,1.30338,1.31362,106163
2016-08-23 00:00:00,1.31362,1.32099,1.3127900000000001,1.31969,104608
2016-08-24 00:00:00,1.31969,1.32724,1.31606,1.32267,108462
2016-08-25 00:00:00,1.32266,1.3263099999999999,1.31683,1.31897,88905
2016-08-26 00:00:00,1.31897,1.32786,1.3121399999999999,1.31308,123032
2016-08-27 00:00:00,1.3130899999999999,1.31413,1.31241,1.3127,2867
2016-08-29 00:00:00,1.31183,1.31384,1.3059,1.31042,88433
2016-08-30 00:00:00,1.31045,1.31193,1.30586,1.30785,110977
2016-08-31 00:00:00,1.30785,1.31574,1.30655,1.31307,114062
2016-09-01 00:00:00,1.31307,1.33173,1.3124500000000001,1.3266200000000001,120338
2016-09-02 00:00:00,1.3266499999999999,1.33518,1.32461,1.32958,123508
2016-09-03 00:00:00,1.32958,1.32981,1.32895,1.32895,1805
2016-09-05 00:00:00,1.32921,1.3375,1.32874,1.3302100000000001,84459
2016-09-06 00:00:00,1.3302,1.34437,1.32939,1.34246,114331
2016-09-07 00:00:00,1.34249,1.34445,1.33185,1.3336700000000001,118848
2016-09-08 00:00:00,1.33368,1.33748,1.32829,1.32979,118811
2016-09-09 00:00:00,1.32979,1.33355,1.32386,1.32706,111052
2016-09-10 00:00:00,1.32709,1.3278400000000001,1.3262399999999999,1.32637,2084
2016-09-12 00:00:00,1.3261,1.33465,1.32343,1.33356,110872
2016-09-13 00:00:00,1.33356,1.33404,1.31668,1.31924,139165
2016-09-14 00:00:00,1.3192300000000001,1.32392,1.3137699999999999,1.32378,124357
2016-09-15 00:00:00,1.32376,1.3278699999999999,1.31788,1.3242,139013
2016-09-16 00:00:00,1.3242,1.32469,1.2999,1.30069,117387
2016-09-17 00:00:00,1.30077,1.30122,1.29955,1.29955,3659
2016-09-19 00:00:00,1.29988,1.3090600000000001,1.29911,1.30334,109709
2016-09-20 00:00:00,1.30334,1.3064200000000001,1.29465,1.29854,124065
2016-09-21 00:00:00,1.29855,1.30463,1.29441,1.30411,142933
2016-09-22 00:00:00,1.3041,1.31204,1.30249,1.30708,123877
2016-09-23 00:00:00,1.30708,1.30868,1.29145,1.29631,128384
2016-09-24 00:00:00,1.29631,1.29722,1.29589,1.2959399999999999,1547
2016-09-26 00:00:00,1.29637,1.29859,1.29156,1.29708,99125
2016-09-27 00:00:00,1.29709,1.30261,1.29361,1.30138,120317
2016-09-28 00:00:00,1.30142,1.30311,1.29791,1.30165,122880
2016-09-29 00:00:00,1.30164,1.3057400000000001,1.29536,1.29683,138384
2016-09-30 00:00:00,1.29685,1.30222,1.29359,1.2962099999999999,151258
2016-10-01 00:00:00,1.2962099999999999,1.29799,1.2953000000000001,1.29735,3326
2016-10-03 00:00:00,1.2917100000000001,1.29459,1.28168,1.28468,121867
2016-10-04 00:00:00,1.2846600000000001,1.28596,1.27186,1.27282,150291
2016-10-05 00:00:00,1.27282,1.27708,1.26848,1.2744900000000001,131207
2016-10-06 00:00:00,1.2744900000000001,1.27593,1.26013,1.26138,135419
2016-10-07 00:00:00,1.26139,1.26216,1.14754,1.24394,232373
2016-10-08 00:00:00,1.24394,1.24423,1.24181,1.24235,2934
2016-10-10 00:00:00,1.23946,1.24434,1.2344,1.2361900000000001,130118
2016-10-11 00:00:00,1.23618,1.23725,1.20892,1.21263,175684
2016-10-12 00:00:00,1.21261,1.23243,1.21044,1.2208700000000001,195233
2016-10-13 00:00:00,1.22086,1.22717,1.2132100000000001,1.22431,141836
2016-10-14 00:00:00,1.22431,1.22608,1.21674,1.21718,145056
2016-10-15 00:00:00,1.21718,1.2196,1.2168,1.2168,2202
2016-10-17 00:00:00,1.21559,1.2201,1.2135,1.21887,112523
2016-10-18 00:00:00,1.21887,1.23244,1.21756,1.22925,127111
2016-10-19 00:00:00,1.22926,1.23318,1.22533,1.22741,118133
2016-10-20 00:00:00,1.22742,1.22976,1.22093,1.22483,115814
2016-10-21 00:00:00,1.22483,1.22599,1.21706,1.22213,102139
2016-10-22 00:00:00,1.22213,1.22317,1.2221,1.2227000000000001,1563
2016-10-24 00:00:00,1.22197,1.22487,1.21851,1.22205,86172
2016-10-25 00:00:00,1.22202,1.2242899999999999,1.20817,1.21838,128355
2016-10-26 00:00:00,1.21841,1.22438,1.2156,1.22296,107979
2016-10-27 00:00:00,1.22296,1.22708,1.21485,1.21673,134727
2016-10-28 00:00:00,1.21674,1.22121,1.21133,1.21905,153841
2016-10-29 00:00:00,1.2190699999999999,1.21985,1.21686,1.21686,6639
2016-10-31 00:00:00,1.21868,1.22487,1.21431,1.224,136482
2016-11-01 00:00:00,1.22367,1.22803,1.22052,1.22413,128359
2016-11-02 00:00:00,1.22382,1.23532,1.22197,1.23006,135296
2016-11-03 00:00:00,1.22992,1.24939,1.22964,1.24586,150992
2016-11-04 00:00:00,1.24562,1.25568,1.24485,1.2509000000000001,126961
2016-11-07 00:00:00,1.24558,1.24967,1.23785,1.24024,118333
2016-11-08 00:00:00,1.24025,1.24392,1.23604,1.23687,116207
2016-11-09 00:00:00,1.23687,1.2546599999999999,1.23525,1.24211,250472
2016-11-10 00:00:00,1.24212,1.25839,1.23755,1.25443,174811
2016-11-11 00:00:00,1.25443,1.2673,1.2524899999999999,1.25969,167489
2016-11-12 00:00:00,1.25965,1.26189,1.25773,1.25773,3481
2016-11-14 00:00:00,1.25603,1.25898,1.24435,1.24939,155818
2016-11-15 00:00:00,1.24939,1.25286,1.23793,1.24598,161758
2016-11-16 00:00:00,1.24596,1.25018,1.24093,1.24338,159730
2016-11-17 00:00:00,1.24337,1.25044,1.24077,1.242,159432
2016-11-18 00:00:00,1.24201,1.24358,1.23015,1.23549,181973
2016-11-19 00:00:00,1.23548,1.23562,1.23337,1.23337,3524
2016-11-21 00:00:00,1.23419,1.25112,1.23118,1.24928,179143
2016-11-22 00:00:00,1.24931,1.2511999999999999,1.2384,1.24159,174930
2016-11-23 00:00:00,1.24159,1.24681,1.23598,1.24384,145408
2016-11-24 00:00:00,1.2438500000000001,1.24941,1.24014,1.24438,154223
2016-11-25 00:00:00,1.24438,1.24805,1.24151,1.24626,148660
2016-11-26 00:00:00,1.24625,1.2481,1.2459,1.24673,3171
2016-11-28 00:00:00,1.24555,1.25309,1.23851,1.24108,136560
2016-11-29 00:00:00,1.2410700000000001,1.25251,1.23875,1.24924,133935
2016-11-30 00:00:00,1.24924,1.25228,1.24187,1.2508,147960
2016-12-01 00:00:00,1.25078,1.2695400000000001,1.2500499999999999,1.2591,134806
2016-12-02 00:00:00,1.2591,1.27267,1.25695,1.27264,116729
2016-12-03 00:00:00,1.27263,1.27362,1.27172,1.27203,2919
2016-12-05 00:00:00,1.26776,1.2744,1.26243,1.27251,137434
2016-12-06 00:00:00,1.27252,1.27742,1.2655699999999999,1.26742,98665
2016-12-07 00:00:00,1.26741,1.2682,1.25694,1.2626,89104
2016-12-08 00:00:00,1.2625899999999999,1.27041,1.25478,1.25854,120282
2016-12-09 00:00:00,1.25853,1.26202,1.25518,1.25744,94136
2016-12-10 00:00:00,1.25746,1.25854,1.25656,1.25656,2142
2016-12-12 00:00:00,1.25783,1.26994,1.25661,1.26746,95060
2016-12-13 00:00:00,1.26746,1.27275,1.26529,1.2652999999999999,113922
2016-12-14 00:00:00,1.26532,1.27221,1.25294,1.25469,125089
2016-12-15 00:00:00,1.25468,1.25709,1.23758,1.24273,166672
2016-12-16 00:00:00,1.24276,1.2509299999999999,1.23822,1.2481,141692
2016-12-17 00:00:00,1.24807,1.24862,1.24749,1.24847,2913
2016-12-19 00:00:00,1.24754,1.25014,1.23544,1.23959,120586
2016-12-20 00:00:00,1.23958,1.2414100000000001,1.23122,1.2361900000000001,116005
2016-12-21 00:00:00,1.23621,1.23902,1.23232,1.23597,101125
2016-12-22 00:00:00,1.23597,1.23777,1.2278,1.22854,101293
2016-12-23 00:00:00,1.22851,1.22982,1.22282,1.22729,85309
2016-12-24 00:00:00,1.22728,1.22922,1.22501,1.22501,1324
2016-12-26 00:00:00,1.22818,1.22963,1.19594,1.2273100000000001,6096
2016-12-27 00:00:00,1.2273100000000001,1.22861,1.22401,1.22702,78315
2016-12-28 00:00:00,1.22701,1.22964,1.22,1.22181,87726
2016-12-29 00:00:00,1.22181,1.2274,1.22077,1.22654,117228
2016-12-30 00:00:00,1.22654,1.23877,1.22448,1.23228,143921
2016-12-31 00:00:00,1.23233,1.23429,1.23139,1.23245,1757
2017-01-02 00:00:00,1.2326,1.23539,1.2275,1.22815,43965
2017-01-03 00:00:00,1.22815,1.23064,1.21988,1.22327,126801
2017-01-04 00:00:00,1.22326,1.2352400000000001,1.22204,1.23242,132840
2017-01-05 00:00:00,1.23242,1.24318,1.22695,1.2415,173944
2017-01-06 00:00:00,1.2415,1.24301,1.22606,1.22818,137361
2017-01-07 00:00:00,1.22817,1.22884,1.22791,1.22799,1830
2017-01-09 00:00:00,1.22484,1.22702,1.21237,1.21607,125713
2017-01-10 00:00:00,1.21609,1.21898,1.21067,1.2168,141015
2017-01-11 00:00:00,1.21677,1.22715,1.20374,1.22004,170317
2017-01-12 00:00:00,1.22004,1.2316,1.21517,1.21726,167256
2017-01-13 00:00:00,1.21727,1.22324,1.21203,1.21868,138060
2017-01-14 00:00:00,1.21869,1.21989,1.2168700000000001,1.21713,1799
2017-01-16 00:00:00,1.19905,1.2085,1.19864,1.20419,137917
2017-01-17 00:00:00,1.20421,1.24147,1.20164,1.23958,189989
2017-01-18 00:00:00,1.23955,1.24151,1.22534,1.22668,159653
2017-01-19 00:00:00,1.22668,1.23405,1.22491,1.23296,173250
2017-01-20 00:00:00,1.23295,1.23801,1.22601,1.2359499999999999,168419
2017-01-21 00:00:00,1.23596,1.23757,1.23576,1.23701,2557
2017-01-23 00:00:00,1.2371699999999999,1.2508,1.23684,1.25033,146707
2017-01-24 00:00:00,1.25033,1.25444,1.24179,1.25045,158123
2017-01-25 00:00:00,1.2505,1.26382,1.24906,1.26352,155443
2017-01-26 00:00:00,1.2635100000000001,1.26731,1.2556,1.2585899999999999,159993
2017-01-27 00:00:00,1.25861,1.2605,1.2516,1.25532,141940
2017-01-28 00:00:00,1.25531,1.25535,1.25399,1.25448,2354
2017-01-30 00:00:00,1.2576800000000001,1.26,1.24653,1.24838,129390
2017-01-31 00:00:00,1.24838,1.2596,1.24118,1.2582,163681
2017-02-01 00:00:00,1.25819,1.2679,1.2542200000000001,1.26576,155569
2017-02-02 00:00:00,1.26576,1.27057,1.25176,1.25366,152796
2017-02-03 00:00:00,1.25365,1.25388,1.24586,1.24825,143228
2017-02-04 00:00:00,1.24825,1.24831,1.24742,1.24774,2693
2017-02-06 00:00:00,1.24838,1.24982,1.24269,1.24632,124271
2017-02-07 00:00:00,1.24632,1.2546,1.2346300000000001,1.25113,145540
2017-02-08 00:00:00,1.25112,1.2549000000000001,1.24743,1.25282,140144
2017-02-09 00:00:00,1.25277,1.25817,1.2490700000000001,1.25011,133235
2017-02-10 00:00:00,1.25012,1.25206,1.24393,1.24855,130395
2017-02-11 00:00:00,1.24856,1.24888,1.24773,1.24773,2320
2017-02-13 00:00:00,1.24655,1.25391,1.24596,1.25254,119598
2017-02-14 00:00:00,1.25253,1.25477,1.24431,1.24681,147251
2017-02-15 00:00:00,1.24681,1.24803,1.23825,1.24548,143582
2017-02-16 00:00:00,1.24548,1.25232,1.24527,1.24864,129265
2017-02-17 00:00:00,1.24862,1.25105,1.23874,1.24125,120351
2017-02-18 00:00:00,1.24127,1.24223,1.24017,1.24017,2302
2017-02-20 00:00:00,1.24014,1.2482199999999999,1.24014,1.24646,102504
2017-02-21 00:00:00,1.24642,1.24803,1.24009,1.24712,126704
2017-02-22 00:00:00,1.24713,1.25076,1.24169,1.24585,136409
2017-02-23 00:00:00,1.24587,1.2561200000000001,1.2427,1.25491,121218
2017-02-24 00:00:00,1.25491,1.25692,1.24475,1.24567,116525
2017-02-25 00:00:00,1.24565,1.2462900000000001,1.24466,1.24493,1838
2017-02-27 00:00:00,1.24672,1.24784,1.23834,1.24426,123972
2017-02-28 00:00:00,1.24426,1.24703,1.23977,1.24088,111954
2017-03-01 00:00:00,1.24093,1.24094,1.22793,1.22846,136019
2017-03-02 00:00:00,1.22845,1.23071,1.22421,1.22639,116962
2017-03-03 00:00:00,1.22639,1.22995,1.22137,1.22981,127779
2017-03-04 00:00:00,1.22981,1.23001,1.22809,1.22857,2841
2017-03-06 00:00:00,1.22787,1.23001,1.22237,1.22334,111573
2017-03-07 00:00:00,1.22334,1.22523,1.2168700000000001,1.22051,115892
2017-03-08 00:00:00,1.2205,1.22134,1.21386,1.21659,119907
2017-03-09 00:00:00,1.21659,1.2195,1.21333,1.21695,143778
2017-03-10 00:00:00,1.21699,1.21881,1.21345,1.21727,135693
2017-03-11 00:00:00,1.21729,1.2177,1.21527,1.21527,3017
2017-03-13 00:00:00,1.2169,1.22505,1.21559,1.22169,131161
2017-03-14 00:00:00,1.22159,1.22215,1.21087,1.21543,121590
2017-03-15 00:00:00,1.21442,1.23087,1.21433,1.22884,140234
2017-03-16 00:00:00,1.22879,1.23764,1.22407,1.23578,152521
2017-03-17 00:00:00,1.23571,1.24044,1.23235,1.23893,120921
2017-03-20 00:00:00,1.23882,1.24353,1.23345,1.2354,110183
2017-03-21 00:00:00,1.23582,1.2494,1.234,1.24771,133775
2017-03-22 00:00:00,1.24758,1.2505600000000001,1.24224,1.2482199999999999,129560
2017-03-23 00:00:00,1.24774,1.2530700000000001,1.24625,1.25198,120687
2017-03-24 00:00:00,1.25197,1.25206,1.2459500000000001,1.2459500000000001,103248
2017-03-27 00:00:00,1.24895,1.26148,1.24867,1.25638,115966
2017-03-28 00:00:00,1.25637,1.2596,1.24406,1.2457799999999999,111638
2017-03-29 00:00:00,1.24576,1.2476,1.23761,1.24413,131811
2017-03-30 00:00:00,1.24414,1.2524,1.24023,1.24725,112176
2017-03-31 00:00:00,1.24723,1.25476,1.24328,1.25288,124330
2017-04-01 00:00:00,1.25288,1.25574,1.25266,1.25342,5168
2017-04-03 00:00:00,1.2542,1.2555399999999999,1.24651,1.24806,109840
2017-04-04 00:00:00,1.24806,1.2495,1.24184,1.24445,109219
2017-04-05 00:00:00,1.24447,1.24978,1.24224,1.24946,112811
2017-04-06 00:00:00,1.24946,1.25053,1.24496,1.2466,96125
2017-04-07 00:00:00,1.2466,1.24772,1.23697,1.23705,120440
2017-04-08 00:00:00,1.23705,1.23765,1.23581,1.23597,2971
2017-04-10 00:00:00,1.23776,1.24287,1.23654,1.24097,85034
2017-04-11 00:00:00,1.24095,1.24913,1.24029,1.2488,103775
2017-04-12 00:00:00,1.24879,1.25427,1.24794,1.25306,122590
2017-04-13 00:00:00,1.2530700000000001,1.2573699999999999,1.25019,1.25049,117296
2017-04-14 00:00:00,1.2505,1.25343,1.2497099999999999,1.25263,80355
2017-04-15 00:00:00,1.25261,1.25287,1.25159,1.25162,1121
2017-04-17 00:00:00,1.25285,1.25957,1.25228,1.25617,77283
2017-04-18 00:00:00,1.25616,1.29048,1.25147,1.28433,144635
2017-04-19 00:00:00,1.28433,1.28598,1.27715,1.27862,126611
2017-04-20 00:00:00,1.2786,1.28465,1.27694,1.2812000000000001,114730
2017-04-21 00:00:00,1.2812000000000001,1.28341,1.27556,1.27975,100181
2017-04-22 00:00:00,1.2797399999999999,1.28104,1.27952,1.27992,4359
2017-04-24 00:00:00,1.28216,1.2836400000000001,1.27715,1.27889,115323
2017-04-25 00:00:00,1.27887,1.28453,1.27745,1.28316,107676
2017-04-26 00:00:00,1.28316,1.28632,1.28044,1.28499,116870
2017-04-27 00:00:00,1.28499,1.2917100000000001,1.28383,1.29057,118125
2017-04-28 00:00:00,1.2906,1.29647,1.28881,1.2951,121535
2017-04-29 00:00:00,1.2951,1.29538,1.29246,1.29246,2823
2017-05-01 00:00:00,1.29321,1.29423,1.28858,1.2888899999999999,69055
2017-05-02 00:00:00,1.2888899999999999,1.29356,1.28636,1.29342,96286
2017-05-03 00:00:00,1.29342,1.29471,1.28695,1.28734,105854
2017-05-04 00:00:00,1.2873299999999999,1.2927,1.28302,1.29264,113594
2017-05-05 00:00:00,1.29263,1.2981,1.28996,1.298,121321
2017-05-06 00:00:00,1.29798,1.2983500000000001,1.29724,1.29748,4768
2017-05-08 00:00:00,1.29825,1.29879,1.2929300000000001,1.29399,116857
2017-05-09 00:00:00,1.294,1.29602,1.29022,1.29339,122942
2017-05-10 00:00:00,1.29336,1.29874,1.29261,1.29432,122276
2017-05-11 00:00:00,1.29427,1.29483,1.28488,1.2889300000000001,123388
2017-05-12 00:00:00,1.2889300000000001,1.28996,1.2844,1.28814,111010
2017-05-13 00:00:00,1.28814,1.28908,1.28779,1.28779,3252
2017-05-15 00:00:00,1.28818,1.29404,1.28808,1.29021,113443
2017-05-16 00:00:00,1.2902,1.29568,1.28648,1.29169,124769
2017-05-17 00:00:00,1.2917100000000001,1.299,1.29055,1.29599,136828
2017-05-18 00:00:00,1.2960099999999999,1.3047,1.28877,1.29422,158534
2017-05-19 00:00:00,1.29422,1.30395,1.29141,1.3032599999999999,107753
2017-05-20 00:00:00,1.3032599999999999,1.30372,1.30215,1.30215,3670
2017-05-22 00:00:00,1.29932,1.30423,1.29649,1.29973,109503
2017-05-23 00:00:00,1.2997,1.30332,1.29523,1.29644,123821
2017-05-24 00:00:00,1.2965,1.29985,1.29264,1.29599,112077
2017-05-25 00:00:00,1.29599,1.30144,1.29311,1.2941099999999999,104537
2017-05-26 00:00:00,1.2941,1.29466,1.27746,1.28112,115235
2017-05-27 00:00:00,1.28112,1.28143,1.27878,1.27878,3558
2017-05-29 00:00:00,1.27931,1.28498,1.27931,1.28382,65791
2017-05-30 00:00:00,1.28382,1.28878,1.27934,1.28573,104147
2017-05-31 00:00:00,1.28573,1.29204,1.27684,1.28839,123648
2017-06-01 00:00:00,1.28842,1.29152,1.28294,1.28843,113608
2017-06-02 00:00:00,1.28843,1.29031,1.28453,1.28796,102055
2017-06-03 00:00:00,1.28793,1.28899,1.28775,1.28813,2353
2017-06-05 00:00:00,1.28551,1.29405,1.28551,1.29082,76532
2017-06-06 00:00:00,1.29081,1.29491,1.28714,1.29073,88807
2017-06-07 00:00:00,1.2907899999999999,1.29674,1.2887,1.29637,103109
2017-06-08 00:00:00,1.29637,1.2977,1.29075,1.2947600000000001,101778
2017-06-09 00:00:00,1.29477,1.29588,1.26348,1.27312,167146
2017-06-10 00:00:00,1.27311,1.27457,1.2713,1.2713,3239
2017-06-12 00:00:00,1.27091,1.2769,1.2638,1.26575,91623
2017-06-13 00:00:00,1.26577,1.27563,1.26413,1.2753700000000001,91972
2017-06-14 00:00:00,1.2753700000000001,1.28173,1.27229,1.27468,122101
2017-06-15 00:00:00,1.27468,1.2795,1.26899,1.27551,105755
2017-06-16 00:00:00,1.27546,1.28052,1.27493,1.27827,83635
2017-06-17 00:00:00,1.27829,1.2784200000000001,1.27726,1.27768,2741
2017-06-19 00:00:00,1.2770000000000001,1.28141,1.2723,1.27318,82048
2017-06-20 00:00:00,1.27318,1.27577,1.26025,1.26297,93246
2017-06-21 00:00:00,1.263,1.27095,1.25885,1.26653,90017
2017-06-22 00:00:00,1.26654,1.26909,1.26532,1.26879,84718
2017-06-23 00:00:00,1.2688,1.27438,1.26746,1.27238,79426
2017-06-24 00:00:00,1.2723900000000001,1.27278,1.2716,1.2716,1587
2017-06-26 00:00:00,1.27347,1.27592,1.2705600000000001,1.27189,72095
2017-06-27 00:00:00,1.27188,1.28604,1.27157,1.28264,90234
2017-06-28 00:00:00,1.28265,1.29721,1.27934,1.29303,118648
2017-06-29 00:00:00,1.29303,1.30148,1.29231,1.29971,95518
2017-06-30 00:00:00,1.2997,1.30293,1.29443,1.30244,91499
2017-07-01 00:00:00,1.30243,1.30282,1.302,1.30222,1936
2017-07-03 00:00:00,1.30044,1.30239,1.29314,1.29436,80781
2017-07-04 00:00:00,1.29436,1.29582,1.29119,1.292,88580
2017-07-05 00:00:00,1.29202,1.29475,1.28929,1.29263,89530
2017-07-06 00:00:00,1.29264,1.29836,1.29193,1.29658,85152
2017-07-07 00:00:00,1.29658,1.29743,1.28664,1.28874,85611
2017-07-08 00:00:00,1.28876,1.28895,1.28778,1.28895,1795
2017-07-10 00:00:00,1.28808,1.2907600000000001,1.28541,1.28816,61482
2017-07-11 00:00:00,1.28816,1.29268,1.28304,1.28463,75276
2017-07-12 00:00:00,1.28464,1.29071,1.28113,1.28837,100910
2017-07-13 00:00:00,1.28838,1.29548,1.28797,1.2945,89854
2017-07-14 00:00:00,1.2945,1.3112599999999999,1.2934700000000001,1.31079,85071
2017-07-15 00:00:00,1.31079,1.31131,1.30959,1.30959,1815
2017-07-17 00:00:00,1.3096,1.31121,1.3046,1.30551,85344
2017-07-18 00:00:00,1.3054999999999999,1.31251,1.30043,1.3045499999999999,109900
2017-07-19 00:00:00,1.30456,1.30523,1.30098,1.30206,84376
2017-07-20 00:00:00,1.30203,1.30325,1.2932299999999999,1.2974,113771
2017-07-21 00:00:00,1.29737,1.30192,1.29529,1.29945,89524
2017-07-22 00:00:00,1.29941,1.29975,1.29911,1.29931,1713
2017-07-24 00:00:00,1.29865,1.30575,1.29865,1.30311,81543
2017-07-25 00:00:00,1.30308,1.30833,1.3007,1.3029899999999999,89103
2017-07-26 00:00:00,1.30298,1.31201,1.29988,1.31046,102977
2017-07-27 00:00:00,1.31047,1.31581,1.3051300000000001,1.30629,118134
2017-07-28 00:00:00,1.30631,1.31517,1.30579,1.31479,101999
2017-07-29 00:00:00,1.31477,1.31511,1.3131,1.31335,2251
2017-07-31 00:00:00,1.31254,1.32035,1.3096700000000001,1.31951,88983
2017-08-01 00:00:00,1.31951,1.32443,1.31901,1.32038,93664
2017-08-02 00:00:00,1.32042,1.32503,1.31905,1.32232,85768
2017-08-03 00:00:00,1.3223099999999999,1.32677,1.31117,1.31417,102889
2017-08-04 00:00:00,1.31417,1.31637,1.30233,1.3044799999999999,88275
2017-08-05 00:00:00,1.30447,1.30473,1.30346,1.30351,1921
2017-08-07 00:00:00,1.30343,1.30583,1.30133,1.30328,76642
2017-08-08 00:00:00,1.30328,1.30528,1.29519,1.29901,77659
2017-08-09 00:00:00,1.299,1.3028,1.29677,1.30014,89759
2017-08-10 00:00:00,1.3001800000000001,1.30146,1.29508,1.29794,93352
2017-08-11 00:00:00,1.29795,1.30307,1.29389,1.30144,93887
2017-08-12 00:00:00,1.30145,1.30165,1.30068,1.30069,2589
2017-08-14 00:00:00,1.2990599999999999,1.30212,1.29559,1.29654,76762
2017-08-15 00:00:00,1.29653,1.29699,1.28456,1.2864200000000001,86109
2017-08-16 00:00:00,1.2864200000000001,1.29025,1.28409,1.2883200000000001,90814
2017-08-17 00:00:00,1.28836,1.29084,1.28519,1.28711,95055
2017-08-18 00:00:00,1.28712,1.2917100000000001,1.28311,1.28747,86550
2017-08-19 00:00:00,1.28748,1.28839,1.28646,1.28646,1334
2017-08-21 00:00:00,1.28542,1.29159,1.28497,1.28952,62237
2017-08-22 00:00:00,1.28952,1.29084,1.28103,1.2821799999999999,65921
2017-08-23 00:00:00,1.2821500000000001,1.28328,1.27792,1.28023,75773
2017-08-24 00:00:00,1.28023,1.28361,1.27736,1.28022,70342
2017-08-25 00:00:00,1.28022,1.28885,1.27935,1.2876,97107
2017-08-26 00:00:00,1.28759,1.2883499999999999,1.2866900000000001,1.28717,2259
2017-08-28 00:00:00,1.29098,1.29427,1.28734,1.2928899999999999,132002
2017-08-29 00:00:00,1.2929,1.29789,1.29146,1.29196,207744
2017-08-30 00:00:00,1.29195,1.2938,1.28784,1.29243,191988
2017-08-31 00:00:00,1.29243,1.29349,1.28522,1.29261,195010
2017-09-01 00:00:00,1.29261,1.29953,1.29054,1.2955999999999999,192179
2017-09-04 00:00:00,1.29568,1.29663,1.29121,1.29283,138554
2017-09-05 00:00:00,1.29278,1.3042500000000001,1.29087,1.30336,206601
2017-09-06 00:00:00,1.30335,1.30822,1.3018399999999999,1.30402,189969
2017-09-07 00:00:00,1.304,1.3115700000000001,1.3032599999999999,1.30965,225522
2017-09-08 00:00:00,1.30968,1.32241,1.30941,1.31974,212260
2017-09-11 00:00:00,1.31974,1.32223,1.31583,1.31668,163178
2017-09-12 00:00:00,1.31663,1.32984,1.31604,1.32878,184955
2017-09-13 00:00:00,1.3288,1.3329,1.31839,1.3204799999999999,178188
2017-09-14 00:00:00,1.3205,1.34058,1.31485,1.33955,214583
2017-09-15 00:00:00,1.33936,1.36166,1.33816,1.35896,236698
2017-09-18 00:00:00,1.35559,1.36188,1.3464800000000001,1.3498,200664
2017-09-19 00:00:00,1.34942,1.35516,1.34687,1.35127,214038
2017-09-20 00:00:00,1.34846,1.36571,1.34519,1.34948,266886
2017-09-21 00:00:00,1.3492899999999999,1.35866,1.34708,1.35822,222320
2017-09-22 00:00:00,1.35733,1.35962,1.3449900000000001,1.34845,232426
2017-09-25 00:00:00,1.34826,1.35708,1.34308,1.34698,214503
2017-09-26 00:00:00,1.34613,1.35147,1.34093,1.34582,224563
2017-09-27 00:00:00,1.34568,1.3461400000000001,1.33636,1.33871,242555
2017-09-28 00:00:00,1.33845,1.3455599999999999,1.3342800000000001,1.34415,219149
2017-09-29 00:00:00,1.34371,1.3443,1.33497,1.33981,203047
2017-10-02 00:00:00,1.3366799999999999,1.34025,1.32561,1.32764,196294
2017-10-03 00:00:00,1.32691,1.32877,1.32221,1.32402,190529
2017-10-04 00:00:00,1.32352,1.32922,1.3233,1.32476,179622
2017-10-05 00:00:00,1.3244,1.32501,1.31076,1.31175,180698
2017-10-06 00:00:00,1.31181,1.31208,1.30271,1.30688,207385
2017-10-09 00:00:00,1.30929,1.3183799999999999,1.3075,1.31425,131603
2017-10-10 00:00:00,1.3140399999999999,1.3226,1.31311,1.32031,170661
2017-10-11 00:00:00,1.32024,1.32344,1.3175,1.32249,165316
2017-10-12 00:00:00,1.32225,1.32905,1.3121399999999999,1.32651,218236
2017-10-13 00:00:00,1.32592,1.33379,1.32461,1.32863,147920
2017-10-16 00:00:00,1.3289900000000001,1.33115,1.32249,1.3250199999999999,108619
2017-10-17 00:00:00,1.32494,1.3287,1.31546,1.31934,132360
2017-10-18 00:00:00,1.31876,1.32114,1.31397,1.32033,123720
2017-10-19 00:00:00,1.3204500000000001,1.32284,1.3128199999999999,1.3159100000000001,144893
2017-10-20 00:00:00,1.31563,1.32004,1.30877,1.31888,152699
2017-10-23 00:00:00,1.31788,1.3227,1.31575,1.31962,117357
2017-10-24 00:00:00,1.31965,1.32277,1.31132,1.31317,124455
2017-10-25 00:00:00,1.3128,1.32717,1.3109899999999999,1.32625,168965
2017-10-26 00:00:00,1.32511,1.32791,1.31466,1.31616,148612
2017-10-27 00:00:00,1.31595,1.3162099999999999,1.30697,1.31287,148013
2017-10-30 00:00:00,1.31162,1.3215,1.3112,1.3207,113785
2017-10-31 00:00:00,1.32076,1.32885,1.31916,1.32827,119507
2017-11-01 00:00:00,1.32821,1.33208,1.32402,1.32452,136320
2017-11-02 00:00:00,1.3242,1.32991,1.3042799999999999,1.30587,175185
2017-11-03 00:00:00,1.3057400000000001,1.31322,1.30392,1.30742,125495
2017-11-06 00:00:00,1.30691,1.31738,1.3058100000000001,1.3173599999999999,106607
2017-11-07 00:00:00,1.31738,1.31776,1.31089,1.31662,118573
2017-11-08 00:00:00,1.31673,1.31757,1.30862,1.31179,113313
2017-11-09 00:00:00,1.31177,1.31654,1.30849,1.3148900000000001,147736
2017-11-10 00:00:00,1.31468,1.32294,1.3112,1.31959,130194
2017-11-13 00:00:00,1.31806,1.31818,1.30618,1.3121,124489
2017-11-14 00:00:00,1.31215,1.31871,1.30719,1.3161,129343
2017-11-15 00:00:00,1.3161399999999999,1.32137,1.31304,1.3165499999999999,183119
2017-11-16 00:00:00,1.3167499999999999,1.32076,1.31352,1.319,152520
2017-11-17 00:00:00,1.31911,1.32606,1.31696,1.32205,156659
2017-11-20 00:00:00,1.32039,1.32795,1.31855,1.32339,150423
2017-11-21 00:00:00,1.3231899999999999,1.32674,1.32094,1.3233,129028
2017-11-22 00:00:00,1.32328,1.3323800000000001,1.32127,1.33192,132968
2017-11-23 00:00:00,1.33195,1.33371,1.32842,1.33083,89341
2017-11-24 00:00:00,1.33081,1.33599,1.32785,1.33325,113601
2017-11-27 00:00:00,1.33239,1.33832,1.33101,1.33188,126057
2017-11-28 00:00:00,1.33198,1.33878,1.32208,1.33524,191324
2017-11-29 00:00:00,1.33514,1.3448,1.333,1.341,183475
2017-11-30 00:00:00,1.34104,1.35488,1.34054,1.35218,195569
2017-12-01 00:00:00,1.35252,1.35495,1.34445,1.3476,213741
2017-12-04 00:00:00,1.3431899999999999,1.35386,1.34113,1.34644,175334
2017-12-05 00:00:00,1.34646,1.34818,1.33703,1.34452,152127
2017-12-06 00:00:00,1.34436,1.34481,1.3357700000000001,1.3385799999999999,137929
2017-12-07 00:00:00,1.33841,1.34851,1.33198,1.3479700000000001,136549
2017-12-08 00:00:00,1.34761,1.3520400000000001,1.33555,1.3392,158796
2017-12-11 00:00:00,1.33765,1.34314,1.3330600000000001,1.33369,115256
2017-12-12 00:00:00,1.33374,1.33799,1.33029,1.33188,129859
2017-12-13 00:00:00,1.3321,1.34294,1.33113,1.34186,145013
2017-12-14 00:00:00,1.34177,1.34649,1.33651,1.34293,169831
2017-12-15 00:00:00,1.34296,1.34475,1.33013,1.33274,149690
2017-12-18 00:00:00,1.33161,1.34186,1.3305500000000001,1.33844,121070
2017-12-19 00:00:00,1.33835,1.34021,1.3330899999999999,1.33891,140442
2017-12-20 00:00:00,1.33862,1.34202,1.33772,1.33847,127007
2017-12-21 00:00:00,1.33857,1.33874,1.33314,1.33871,119718
2017-12-22 00:00:00,1.33863,1.33976,1.3357,1.33676,137039
2017-12-26 00:00:00,1.33585,1.3389199999999999,1.33475,1.33782,82444
2017-12-27 00:00:00,1.33775,1.34296,1.3367499999999999,1.3402,145408
2017-12-28 00:00:00,1.34021,1.34567,1.33864,1.34425,140383
2017-12-29 00:00:00,1.34428,1.35443,1.34263,1.35088,148342
2018-01-02 00:00:00,1.35066,1.3600400000000001,1.34906,1.35971,167877
2018-01-03 00:00:00,1.3596300000000001,1.36127,1.34937,1.35111,161847
2018-01-04 00:00:00,1.35108,1.35598,1.35055,1.35547,157764
2018-01-05 00:00:00,1.35527,1.35823,1.35232,1.35669,161787
2018-01-08 00:00:00,1.35558,1.35855,1.35229,1.35641,134231
2018-01-09 00:00:00,1.35653,1.35822,1.35058,1.35396,146166
2018-01-10 00:00:00,1.35396,1.35621,1.34817,1.35132,213919
2018-01-11 00:00:00,1.35125,1.35549,1.3458,1.35349,204547
2018-01-12 00:00:00,1.35354,1.37365,1.35301,1.37309,238027
2018-01-15 00:00:00,1.37352,1.38199,1.37237,1.37964,190181
2018-01-16 00:00:00,1.37974,1.38058,1.37419,1.37934,197829
2018-01-17 00:00:00,1.37953,1.3942700000000001,1.37568,1.38541,255404
2018-01-18 00:00:00,1.38552,1.39132,1.38049,1.3889,237402
2018-01-19 00:00:00,1.38903,1.39453,1.38384,1.38662,231243
2018-01-22 00:00:00,1.38868,1.399,1.3857,1.39879,195717
2018-01-23 00:00:00,1.39881,1.40276,1.39158,1.39951,230640
2018-01-24 00:00:00,1.3997,1.42416,1.39943,1.42092,295826
2018-01-25 00:00:00,1.42082,1.43454,1.4083,1.41421,416398
2018-01-26 00:00:00,1.41411,1.42856,1.41078,1.4145699999999999,358476
2018-01-29 00:00:00,1.41344,1.41585,1.40251,1.4074,284244
2018-01-30 00:00:00,1.40743,1.41668,1.39799,1.41412,306600
2018-01-31 00:00:00,1.41406,1.42328,1.41216,1.41974,362577
2018-02-01 00:00:00,1.41983,1.42783,1.41589,1.42696,292940
2018-02-02 00:00:00,1.4272,1.42782,1.41015,1.4123,297939
2018-02-05 00:00:00,1.41031,1.41507,1.39781,1.39794,323143
2018-02-06 00:00:00,1.39649,1.39995,1.3836300000000001,1.39448,437853
2018-02-07 00:00:00,1.39485,1.39944,1.38486,1.38788,297977
2018-02-08 00:00:00,1.38789,1.40672,1.38457,1.3899599999999999,394305
2018-02-09 00:00:00,1.38985,1.39871,1.37646,1.3826,367333
2018-02-12 00:00:00,1.38025,1.3876,1.3795899999999999,1.38313,230521
2018-02-13 00:00:00,1.38344,1.39243,1.38303,1.3888099999999999,242274
2018-02-14 00:00:00,1.3886,1.40143,1.37999,1.40127,309142
2018-02-15 00:00:00,1.40161,1.41044,1.3993,1.4098,288593
2018-02-16 00:00:00,1.40987,1.4144999999999999,1.39966,1.40136,259078
2018-02-19 00:00:00,1.40043,1.40495,1.39588,1.39992,162494
2018-02-20 00:00:00,1.39987,1.40244,1.39313,1.3992200000000001,231952
2018-02-21 00:00:00,1.39913,1.40088,1.39043,1.39187,280491
2018-02-22 00:00:00,1.39201,1.39892,1.38567,1.39506,249764
2018-02-23 00:00:00,1.3949099999999999,1.40056,1.39043,1.3972,211800
2018-02-26 00:00:00,1.39727,1.40702,1.3928099999999999,1.3963700000000001,205335
2018-02-27 00:00:00,1.39645,1.39964,1.38577,1.39046,256241
2018-02-28 00:00:00,1.39047,1.39166,1.37568,1.3766,250917
2018-03-01 00:00:00,1.37668,1.37854,1.37117,1.37747,290530
2018-03-02 00:00:00,1.3774600000000001,1.38167,1.37555,1.37904,271210
2018-03-05 00:00:00,1.37994,1.38776,1.37664,1.38464,247301
2018-03-06 00:00:00,1.38463,1.39294,1.38166,1.38883,243754
2018-03-07 00:00:00,1.3888099999999999,1.39124,1.38462,1.39043,255101
2018-03-08 00:00:00,1.39043,1.39101,1.37813,1.3814600000000001,260420
2018-03-09 00:00:00,1.3814600000000001,1.3889,1.3788,1.38467,247449
2018-03-12 00:00:00,1.38476,1.39177,1.3841,1.39044,176687
2018-03-13 00:00:00,1.39048,1.39946,1.38745,1.39618,218328
2018-03-14 00:00:00,1.39609,1.39958,1.39253,1.39621,213425
2018-03-15 00:00:00,1.39612,1.39885,1.39211,1.39358,220408
2018-03-16 00:00:00,1.39354,1.39806,1.38896,1.39428,199099
2018-03-19 00:00:00,1.39351,1.40883,1.3913,1.40241,250378
2018-03-20 00:00:00,1.40234,1.40665,1.3982700000000001,1.39984,220497
2018-03-21 00:00:00,1.39973,1.41505,1.39943,1.41407,270492
2018-03-22 00:00:00,1.41369,1.42187,1.40758,1.40953,286500
2018-03-23 00:00:00,1.40951,1.41718,1.4085,1.4133200000000001,260664
2018-03-26 00:00:00,1.41324,1.42448,1.4129800000000001,1.42305,205977
2018-03-27 00:00:00,1.42272,1.42444,1.40659,1.41585,237412
2018-03-28 00:00:00,1.41541,1.4200300000000001,1.40707,1.40764,242312
2018-03-29 00:00:00,1.40753,1.40963,1.40106,1.4020299999999999,216313
2018-03-30 00:00:00,1.40167,1.40598,1.40125,1.40287,72750
2018-04-02 00:00:00,1.40181,1.40777,1.40164,1.40434,130104
2018-04-03 00:00:00,1.40417,1.40888,1.40209,1.40588,205151
2018-04-04 00:00:00,1.40524,1.4096600000000001,1.40148,1.408,218737
2018-04-05 00:00:00,1.40755,1.40971,1.39655,1.4004400000000001,193303
2018-04-06 00:00:00,1.40005,1.41055,1.39831,1.4091,235565
2018-04-09 00:00:00,1.40889,1.41646,1.4078300000000001,1.41319,195493
2018-04-10 00:00:00,1.41279,1.4188,1.4120300000000001,1.4175,230660
2018-04-11 00:00:00,1.41741,1.42232,1.4160599999999999,1.4179,217396
2018-04-12 00:00:00,1.41716,1.42468,1.41452,1.42272,238977
2018-04-13 00:00:00,1.4224999999999999,1.42964,1.42207,1.42382,195301
2018-04-16 00:00:00,1.42398,1.43442,1.42293,1.4338199999999999,183987
2018-04-17 00:00:00,1.43354,1.43766,1.42824,1.42906,193326
2018-04-18 00:00:00,1.42836,1.43145,1.41729,1.42042,206740
2018-04-19 00:00:00,1.42001,1.42462,1.40686,1.4081000000000001,231395
2018-04-20 00:00:00,1.40812,1.40911,1.4004400000000001,1.40077,218178
2018-04-23 00:00:00,1.39999,1.40312,1.39261,1.39389,203812
2018-04-24 00:00:00,1.3939300000000001,1.39869,1.3918,1.3978,189256
2018-04-25 00:00:00,1.39747,1.39969,1.39233,1.3930500000000001,173127
2018-04-26 00:00:00,1.39279,1.3998,1.3895,1.39128,226792
2018-04-27 00:00:00,1.39126,1.39344,1.37472,1.37795,212992
2018-04-30 00:00:00,1.377,1.37924,1.37125,1.37647,196660
2018-05-01 00:00:00,1.37553,1.37727,1.35884,1.3614,200015
2018-05-02 00:00:00,1.36123,1.36659,1.35549,1.35708,265073
2018-05-03 00:00:00,1.3571,1.36296,1.35379,1.35755,259457
2018-05-04 00:00:00,1.35718,1.3586,1.34863,1.35325,209350
2018-05-07 00:00:00,1.35325,1.35755,1.35152,1.35571,187921
2018-05-08 00:00:00,1.35551,1.35928,1.34846,1.35477,239855
2018-05-09 00:00:00,1.35465,1.36071,1.3498999999999999,1.35466,236757
2018-05-10 00:00:00,1.3544,1.36177,1.346,1.35165,302573
2018-05-11 00:00:00,1.3516,1.35959,1.3502,1.35431,221264
2018-05-14 00:00:00,1.3536000000000001,1.36082,1.3536000000000001,1.35553,176259
2018-05-15 00:00:00,1.35555,1.3571900000000001,1.34512,1.3507,226909
2018-05-16 00:00:00,1.3502100000000001,1.3521,1.34559,1.34896,255307
2018-05-17 00:00:00,1.34835,1.3569499999999999,1.34737,1.35142,246886
2018-05-18 00:00:00,1.35147,1.35281,1.34551,1.34715,169094
2018-05-21 00:00:00,1.34591,1.3483,1.3390900000000001,1.34287,186338
2018-05-22 00:00:00,1.34232,1.34916,1.3412600000000001,1.3431899999999999,189289
2018-05-23 00:00:00,1.3428,1.34423,1.33053,1.33493,239823
2018-05-24 00:00:00,1.3341,1.34218,1.33277,1.3381,254939
2018-05-25 00:00:00,1.33783,1.33891,1.32935,1.33006,250321
2018-05-28 00:00:00,1.33139,1.33413,1.32964,1.33091,192242
2018-05-29 00:00:00,1.33072,1.33254,1.32044,1.32537,296113
2018-05-30 00:00:00,1.3242099999999999,1.33071,1.32381,1.3282,276705
2018-05-31 00:00:00,1.32812,1.3348200000000001,1.32773,1.3293,267884
2018-06-01 00:00:00,1.32948,1.33619,1.32537,1.33503,260581
2018-06-04 00:00:00,1.33358,1.33986,1.32949,1.33115,220309
2018-06-05 00:00:00,1.3312300000000001,1.34087,1.3302,1.33958,238844
2018-06-06 00:00:00,1.33861,1.34432,1.33538,1.3413,228485
2018-06-07 00:00:00,1.3409900000000001,1.34724,1.33713,1.34174,249851
2018-06-08 00:00:00,1.34209,1.34392,1.3354599999999999,1.34077,223300
2018-06-11 00:00:00,1.34107,1.34414,1.33448,1.33822,174356
2018-06-12 00:00:00,1.33724,1.3424800000000001,1.3342,1.33709,214694
2018-06-13 00:00:00,1.33713,1.33894,1.3308200000000001,1.3376299999999999,203475
2018-06-14 00:00:00,1.33734,1.34467,1.32568,1.32589,254785
2018-06-15 00:00:00,1.3258,1.32982,1.3211300000000001,1.32813,224567
2018-06-18 00:00:00,1.3255,1.32803,1.3225799999999999,1.32459,174309
2018-06-19 00:00:00,1.3244799999999999,1.32728,1.31507,1.3173599999999999,238035
2018-06-20 00:00:00,1.31725,1.32171,1.3147,1.3171300000000001,214778
2018-06-21 00:00:00,1.31684,1.327,1.31019,1.3241800000000001,278388
2018-06-22 00:00:00,1.32327,1.3315000000000001,1.32327,1.3262800000000001,234704
2018-06-25 00:00:00,1.3247,1.32908,1.3221,1.32805,218845
2018-06-26 00:00:00,1.32751,1.3292,1.3192,1.32225,227408
2018-06-27 00:00:00,1.32144,1.3234,1.3106499999999999,1.31137,252283
2018-06-28 00:00:00,1.31106,1.31205,1.30495,1.30773,254532
2018-06-29 00:00:00,1.30759,1.32137,1.30674,1.32061,271946
2018-07-02 00:00:00,1.3183799999999999,1.32085,1.30951,1.31425,186735
2018-07-03 00:00:00,1.31413,1.32068,1.31147,1.31925,180854
2018-07-04 00:00:00,1.3189,1.32495,1.31708,1.32277,139902
2018-07-05 00:00:00,1.32246,1.32748,1.3202099999999999,1.32196,214672
2018-07-06 00:00:00,1.32084,1.3290199999999999,1.32033,1.32798,160414
2018-07-09 00:00:00,1.33134,1.33627,1.3189199999999999,1.32579,206908
2018-07-10 00:00:00,1.32555,1.33011,1.32233,1.32711,172985
2018-07-11 00:00:00,1.32712,1.32854,1.31996,1.3204500000000001,201833
2018-07-12 00:00:00,1.32017,1.32449,1.31803,1.32046,166331
2018-07-13 00:00:00,1.32029,1.32382,1.31026,1.32341,168543
2018-07-16 00:00:00,1.32273,1.3293,1.32168,1.3235700000000001,137665
2018-07-17 00:00:00,1.32339,1.32596,1.32272,1.32488,38580
2018-07-18 00:00:00,1.30978,1.31055,1.30097,1.30685,141794
2018-07-19 00:00:00,1.30646,1.30834,1.29575,1.30141,197833
2018-07-20 00:00:00,1.30129,1.31407,1.2995,1.31302,192865
2018-07-23 00:00:00,1.31147,1.31583,1.3082099999999999,1.30994,129250
2018-07-24 00:00:00,1.30933,1.31596,1.30716,1.3143,139300
2018-07-25 00:00:00,1.31407,1.32008,1.31326,1.31913,146835
2018-07-26 00:00:00,1.3185799999999999,1.3213300000000001,1.31053,1.31093,135395
2018-07-27 00:00:00,1.31048,1.3131,1.3082099999999999,1.31034,111545
2018-07-30 00:00:00,1.31125,1.31521,1.30965,1.31324,113332
2018-07-31 00:00:00,1.31303,1.31728,1.30892,1.31237,127260
2018-08-01 00:00:00,1.3119399999999999,1.31443,1.30952,1.31243,122807
2018-08-02 00:00:00,1.3115,1.31287,1.30144,1.30165,143445
2018-08-03 00:00:00,1.30136,1.30433,1.2975400000000001,1.30013,124533
2018-08-06 00:00:00,1.3001,1.30083,1.292,1.2943,88260
2018-08-07 00:00:00,1.29426,1.29736,1.29241,1.29379,91589
2018-08-08 00:00:00,1.29368,1.2960099999999999,1.28535,1.2883200000000001,109157
2018-08-09 00:00:00,1.28783,1.29117,1.28194,1.28239,109902
2018-08-10 00:00:00,1.28217,1.28368,1.27226,1.27697,221917
2018-08-13 00:00:00,1.27419,1.2791299999999999,1.2730000000000001,1.27657,179453
2018-08-14 00:00:00,1.27573,1.28278,1.27046,1.27193,159524
2018-08-15 00:00:00,1.2716,1.27353,1.26617,1.26974,162574
2018-08-16 00:00:00,1.26946,1.2754400000000001,1.26853,1.2711700000000001,165591
2018-08-17 00:00:00,1.27073,1.27528,1.26926,1.2751299999999999,146492
2018-08-20 00:00:00,1.27427,1.27993,1.27294,1.27953,114616
2018-08-21 00:00:00,1.27956,1.29247,1.27905,1.29041,147983
2018-08-22 00:00:00,1.28941,1.29362,1.28682,1.29135,146474
2018-08-23 00:00:00,1.29093,1.2918,1.28047,1.28151,139338
2018-08-24 00:00:00,1.28053,1.28812,1.27993,1.28476,142586
2018-08-27 00:00:00,1.28366,1.2901,1.28288,1.28936,120005
2018-08-28 00:00:00,1.28897,1.29318,1.28616,1.28705,140107
2018-08-29 00:00:00,1.28684,1.30324,1.28453,1.30275,174358
2018-08-30 00:00:00,1.30234,1.30432,1.29852,1.30111,160164
2018-08-31 00:00:00,1.3005,1.30287,1.29452,1.29581,179776
2018-09-03 00:00:00,1.2911000000000001,1.29338,1.2854999999999999,1.2871299999999999,114434
2018-09-04 00:00:00,1.28688,1.28756,1.28104,1.28529,145067
2018-09-05 00:00:00,1.28521,1.29828,1.27853,1.29053,173993
2018-09-06 00:00:00,1.29023,1.2962500000000001,1.28943,1.29257,164959
2018-09-07 00:00:00,1.29256,1.30284,1.29081,1.29169,183997
2018-09-10 00:00:00,1.29183,1.30517,1.28969,1.30264,134700
2018-09-11 00:00:00,1.30253,1.30873,1.29645,1.30311,148711
2018-09-12 00:00:00,1.30295,1.30816,1.29795,1.30476,146979
2018-09-13 00:00:00,1.30395,1.31236,1.30263,1.31058,153343
2018-09-14 00:00:00,1.31057,1.31437,1.30565,1.3069600000000001,134508
2018-09-17 00:00:00,1.3066,1.3165,1.3066,1.31581,133380
2018-09-18 00:00:00,1.31579,1.31724,1.31189,1.31473,164494
2018-09-19 00:00:00,1.3146900000000001,1.3215,1.30963,1.31446,160079
2018-09-20 00:00:00,1.3143,1.32984,1.31317,1.3269199999999999,180118
2018-09-21 00:00:00,1.32588,1.32766,1.30546,1.30809,180869
2018-09-24 00:00:00,1.30738,1.31669,1.30629,1.31166,153161
2018-09-25 00:00:00,1.3118699999999999,1.31937,1.30948,1.31815,161461
2018-09-26 00:00:00,1.3175,1.3217400000000001,1.31382,1.31662,163747
2018-09-27 00:00:00,1.31644,1.3178,1.30743,1.3078699999999999,183320
2018-09-28 00:00:00,1.30732,1.30901,1.30004,1.30286,161642
2018-10-01 00:00:00,1.3038,1.31156,1.3012000000000001,1.30398,158351
2018-10-02 00:00:00,1.30422,1.30485,1.2941,1.29783,184309
2018-10-03 00:00:00,1.29783,1.30232,1.29233,1.29387,217200
2018-10-04 00:00:00,1.29378,1.30414,1.29219,1.302,200311
2018-10-05 00:00:00,1.30222,1.3123,1.30034,1.31135,197178
2018-10-08 00:00:00,1.312,1.31332,1.30283,1.30926,174833
2018-10-09 00:00:00,1.30861,1.31501,1.3033000000000001,1.31446,207977
2018-10-10 00:00:00,1.31417,1.32156,1.31311,1.31897,192901
2018-10-11 00:00:00,1.3189,1.3247,1.31823,1.32345,268373
2018-10-12 00:00:00,1.32281,1.32579,1.31467,1.31516,224336
2018-10-15 00:00:00,1.3083,1.31818,1.3083,1.31513,200154
2018-10-16 00:00:00,1.31521,1.32366,1.3140800000000001,1.31855,202128
2018-10-17 00:00:00,1.3183099999999999,1.31925,1.30993,1.31141,190196
2018-10-18 00:00:00,1.31145,1.31314,1.30158,1.30166,179920
2018-10-19 00:00:00,1.30172,1.31042,1.3011300000000001,1.30658,180090
2018-10-22 00:00:00,1.30664,1.309,1.2956400000000001,1.29653,184423
2018-10-23 00:00:00,1.29634,1.30443,1.29372,1.29836,235834
2018-10-24 00:00:00,1.29819,1.29907,1.2867199999999999,1.28788,233105
2018-10-25 00:00:00,1.28787,1.29195,1.2797100000000001,1.28175,228470
2018-10-26 00:00:00,1.28158,1.28414,1.2777,1.28275,254531
2018-10-29 00:00:00,1.28192,1.28531,1.27918,1.27922,180736
2018-10-30 00:00:00,1.27917,1.2812700000000001,1.26958,1.27055,186701
2018-10-31 00:00:00,1.27004,1.28308,1.26923,1.27654,171402
2018-11-01 00:00:00,1.27648,1.30351,1.27604,1.2997,212717
2018-11-02 00:00:00,1.29996,1.30407,1.29515,1.2968899999999999,182700
2018-11-05 00:00:00,1.30207,1.30558,1.29645,1.30427,143164
2018-11-06 00:00:00,1.30363,1.3107,1.3021,1.31045,180940
2018-11-07 00:00:00,1.3097699999999999,1.31747,1.3073299999999999,1.31272,220596
2018-11-08 00:00:00,1.31257,1.31498,1.3044799999999999,1.3060399999999999,206689
2018-11-09 00:00:00,1.3060800000000001,1.30701,1.29583,1.29733,199906
2018-11-12 00:00:00,1.29128,1.29467,1.28273,1.28498,203940
2018-11-13 00:00:00,1.2846899999999999,1.30474,1.28366,1.2968199999999999,232941
2018-11-14 00:00:00,1.29663,1.30715,1.28807,1.29895,274362
2018-11-15 00:00:00,1.29844,1.30302,1.2723,1.27656,307407
2018-11-16 00:00:00,1.27631,1.28775,1.2758099999999999,1.28267,215000
2018-11-19 00:00:00,1.28418,1.2884,1.2793700000000001,1.28514,157378
2018-11-20 00:00:00,1.28447,1.2883,1.27765,1.27864,176585
2018-11-21 00:00:00,1.27869,1.28196,1.27643,1.27771,159402
2018-11-22 00:00:00,1.27743,1.29274,1.27676,1.28759,151975
2018-11-23 00:00:00,1.2875,1.28827,1.27979,1.28015,165809
2018-11-26 00:00:00,1.28228,1.2864,1.27952,1.2808,160839
2018-11-27 00:00:00,1.27996,1.28197,1.27254,1.2741500000000001,223451
2018-11-28 00:00:00,1.27396,1.2847,1.27321,1.28236,194160
2018-11-29 00:00:00,1.28238,1.28498,1.27554,1.2784,201116
2018-11-30 00:00:00,1.2785,1.28095,1.27349,1.27497,201878
2018-12-03 00:00:00,1.27336,1.28248,1.2698800000000001,1.27236,181683
2018-12-04 00:00:00,1.27227,1.28397,1.26582,1.27152,225032
2018-12-05 00:00:00,1.27111,1.27982,1.26719,1.27328,159312
2018-12-06 00:00:00,1.27319,1.28119,1.26993,1.2784,225438
2018-12-07 00:00:00,1.27741,1.27902,1.27105,1.27352,196128
2018-12-10 00:00:00,1.27038,1.2759800000000001,1.2506599999999999,1.25599,244273
2018-12-11 00:00:00,1.25533,1.26384,1.248,1.2488,216526
2018-12-12 00:00:00,1.24834,1.26712,1.24769,1.2625600000000001,273109
2018-12-13 00:00:00,1.26238,1.26867,1.2601,1.26581,183842
2018-12-14 00:00:00,1.26261,1.26624,1.25297,1.25808,194381
2018-12-17 00:00:00,1.25998,1.2646899999999999,1.2545600000000001,1.26143,199171
2018-12-18 00:00:00,1.26067,1.27058,1.2604899999999999,1.264,197739
2018-12-19 00:00:00,1.26309,1.26792,1.26065,1.2610700000000001,237437
2018-12-20 00:00:00,1.26095,1.27072,1.26074,1.26587,249751
2018-12-21 00:00:00,1.26526,1.26978,1.26177,1.26346,251437
2018-12-24 00:00:00,1.26448,1.27385,1.2634699999999999,1.26804,182238
2018-12-26 00:00:00,1.26646,1.27189,1.26305,1.26342,121710
2018-12-27 00:00:00,1.26321,1.26748,1.26155,1.2643900000000001,304760
2018-12-28 00:00:00,1.2640500000000001,1.2708300000000001,1.2635100000000001,1.2692999999999999,159165
2018-12-31 00:00:00,1.26912,1.28148,1.26802,1.27545,145929
2019-01-02 00:00:00,1.2734,1.27729,1.25812,1.26099,206563
2019-01-03 00:00:00,1.26054,1.26475,1.23914,1.26373,237687
2019-01-04 00:00:00,1.2624,1.27446,1.26159,1.2726899999999999,209284
2019-01-07 00:00:00,1.27165,1.27869,1.27071,1.27743,148603
2019-01-08 00:00:00,1.27806,1.2797399999999999,1.27067,1.27142,150620
2019-01-09 00:00:00,1.27124,1.28037,1.27082,1.27887,203198
2019-01-10 00:00:00,1.27865,1.28011,1.27278,1.27509,177136
2019-01-11 00:00:00,1.27474,1.28659,1.27098,1.28392,186776
2019-01-14 00:00:00,1.28548,1.29307,1.28183,1.28685,172381
2019-01-15 00:00:00,1.28656,1.29158,1.26684,1.28597,238672
2019-01-16 00:00:00,1.28571,1.28975,1.2824900000000001,1.28789,180590
2019-01-17 00:00:00,1.28784,1.3001,1.28322,1.29857,191816
2019-01-18 00:00:00,1.29843,1.29932,1.28567,1.28723,154747
2019-01-21 00:00:00,1.28739,1.29108,1.28307,1.28912,123891
2019-01-22 00:00:00,1.28902,1.29753,1.28553,1.29568,152296
2019-01-23 00:00:00,1.29563,1.30812,1.29423,1.30684,164018
2019-01-24 00:00:00,1.30674,1.30942,1.30122,1.3063,184509
2019-01-25 00:00:00,1.30636,1.32179,1.30584,1.31974,196394
2019-01-28 00:00:00,1.31836,1.32117,1.3136999999999999,1.31558,142090
2019-01-29 00:00:00,1.31522,1.31999,1.30559,1.3066200000000001,216680
2019-01-30 00:00:00,1.30658,1.31454,1.30545,1.31147,182822
2019-01-31 00:00:00,1.31163,1.31603,1.30976,1.31107,157628
2019-02-01 00:00:00,1.31048,1.31149,1.30433,1.3077,148298
2019-02-04 00:00:00,1.3063500000000001,1.31034,1.30289,1.30373,129196
2019-02-05 00:00:00,1.30353,1.30517,1.2925,1.29505,123620
2019-02-06 00:00:00,1.29497,1.29793,1.29248,1.2928600000000001,131930
2019-02-07 00:00:00,1.2929300000000001,1.29966,1.28541,1.29513,145678
2019-02-08 00:00:00,1.29464,1.29762,1.29213,1.29413,112104
2019-02-11 00:00:00,1.2928,1.2939,1.28449,1.28604,133051
2019-02-12 00:00:00,1.28568,1.29095,1.28324,1.28945,127496
2019-02-13 00:00:00,1.2892000000000001,1.29588,1.2845,1.28453,149817
2019-02-14 00:00:00,1.28433,1.28777,1.2772999999999999,1.27994,155834
2019-02-15 00:00:00,1.27984,1.28983,1.27848,1.28883,142475
2019-02-18 00:00:00,1.2901799999999999,1.29386,1.2891599999999999,1.2922500000000001,132489
2019-02-19 00:00:00,1.29179,1.3073000000000001,1.28958,1.3063500000000001,142530
2019-02-20 00:00:00,1.30598,1.3109600000000001,1.3012000000000001,1.305,159947
2019-02-21 00:00:00,1.30485,1.30954,1.3026200000000001,1.30363,178780
2019-02-22 00:00:00,1.30359,1.30803,1.29683,1.30545,277046
2019-02-25 00:00:00,1.3070300000000001,1.31143,1.30451,1.30961,267110
2019-02-26 00:00:00,1.30958,1.32881,1.30946,1.32511,352148
2019-02-27 00:00:00,1.3250600000000001,1.33501,1.32332,1.33087,322870
2019-02-28 00:00:00,1.33067,1.33194,1.32534,1.32616,230764
2019-03-01 00:00:00,1.32615,1.32864,1.3172,1.3211,224476
2019-03-04 00:00:00,1.32428,1.3254299999999999,1.31665,1.31814,198277
2019-03-05 00:00:00,1.31762,1.31985,1.30978,1.3179,210036
2019-03-06 00:00:00,1.3176700000000001,1.31813,1.3124,1.31701,181027
2019-03-07 00:00:00,1.31685,1.31849,1.30681,1.30812,201571
2019-03-08 00:00:00,1.3082799999999999,1.31082,1.299,1.30179,203502
2019-03-11 00:00:00,1.2966,1.31705,1.29604,1.31503,227753
2019-03-12 00:00:00,1.31506,1.32892,1.3005,1.30717,321251
2019-03-13 00:00:00,1.3071,1.33814,1.30587,1.33382,248291
2019-03-14 00:00:00,1.3336700000000001,1.33391,1.3207499999999999,1.32415,282052
2019-03-15 00:00:00,1.32407,1.33,1.3203,1.32927,220528
2019-03-18 00:00:00,1.32952,1.33002,1.31843,1.32532,176633
2019-03-19 00:00:00,1.32534,1.3311,1.3241,1.32638,192958
2019-03-20 00:00:00,1.3266200000000001,1.32727,1.31463,1.31901,281268
2019-03-21 00:00:00,1.31891,1.32271,1.30038,1.31053,298815
2019-03-22 00:00:00,1.3104,1.3223799999999999,1.30812,1.32094,172429
2019-03-25 00:00:00,1.32151,1.32461,1.31598,1.31982,143752
2019-03-26 00:00:00,1.3185,1.32614,1.31575,1.32053,150135
2019-03-27 00:00:00,1.32006,1.32694,1.31662,1.31859,174269
2019-03-28 00:00:00,1.31845,1.32116,1.30345,1.3039100000000001,168004
2019-03-29 00:00:00,1.30402,1.31357,1.29775,1.303,155628
2019-04-01 00:00:00,1.3038699999999999,1.3149600000000001,1.3009,1.31046,139066
2019-04-02 00:00:00,1.31,1.3149899999999999,1.30135,1.31337,157265
2019-04-03 00:00:00,1.31317,1.31962,1.31189,1.31568,143630
2019-04-04 00:00:00,1.3152300000000001,1.31911,1.3060100000000001,1.30745,142625
2019-04-05 00:00:00,1.3073299999999999,1.31219,1.2986900000000001,1.30363,122100
2019-04-08 00:00:00,1.30339,1.30743,1.3020800000000001,1.30619,109653
2019-04-09 00:00:00,1.30557,1.31212,1.30305,1.30523,121101
2019-04-10 00:00:00,1.3045,1.31202,1.30375,1.3087,124206
2019-04-11 00:00:00,1.30851,1.3109,1.30498,1.30526,108429
2019-04-12 00:00:00,1.30525,1.31327,1.30505,1.30734,108372
2019-04-15 00:00:00,1.30722,1.3119,1.3067,1.30992,95358
2019-04-16 00:00:00,1.30935,1.31015,1.30427,1.3047900000000001,114552
2019-04-17 00:00:00,1.30446,1.30674,1.30289,1.3039399999999999,108462
2019-04-18 00:00:00,1.30359,1.30525,1.29789,1.2983799999999999,137416
2019-04-19 00:00:00,1.29827,1.3008899999999999,1.29803,1.29852,173173
2019-04-22 00:00:00,1.29865,1.29992,1.2975400000000001,1.29795,54682
2019-04-23 00:00:00,1.2981500000000001,1.30194,1.29278,1.29371,111936
2019-04-24 00:00:00,1.29369,1.29636,1.28876,1.28992,124712
2019-04-25 00:00:00,1.29019,1.29166,1.28659,1.28975,123020
2019-04-26 00:00:00,1.2897,1.2943500000000001,1.2873,1.29165,123396
2019-04-29 00:00:00,1.2913000000000001,1.2946900000000001,1.29051,1.29306,93238
2019-04-30 00:00:00,1.29317,1.3048600000000001,1.29215,1.3035700000000001,121007
2019-05-01 00:00:00,1.30282,1.31024,1.30268,1.30481,101488
2019-05-02 00:00:00,1.30475,1.30806,1.30182,1.30322,115261
2019-05-03 00:00:00,1.30275,1.31768,1.29871,1.31751,120915
2019-05-06 00:00:00,1.314,1.31708,1.30813,1.3094299999999999,154177
2019-05-07 00:00:00,1.30955,1.3131300000000001,1.30397,1.3073299999999999,171599
2019-05-08 00:00:00,1.30709,1.30804,1.2987,1.30067,204626
2019-05-09 00:00:00,1.3002799999999999,1.30359,1.29674,1.30038,187182
2019-05-10 00:00:00,1.30103,1.30475,1.29912,1.3,187203
2019-05-13 00:00:00,1.29915,1.30407,1.29413,1.29584,104725
2019-05-14 00:00:00,1.29552,1.29704,1.29038,1.29048,91015
2019-05-15 00:00:00,1.29034,1.2923200000000001,1.28263,1.28417,108483
2019-05-16 00:00:00,1.28413,1.28518,1.27878,1.27956,87486
2019-05-17 00:00:00,1.27925,1.27981,1.2714400000000001,1.27159,87718
2019-05-20 00:00:00,1.27294,1.27573,1.27148,1.27214,65466
2019-05-21 00:00:00,1.2720799999999999,1.28124,1.26853,1.2706,105710
2019-05-22 00:00:00,1.27054,1.27193,1.26243,1.26607,94366
2019-05-23 00:00:00,1.26514,1.26838,1.26052,1.26579,105164
2019-05-24 00:00:00,1.26553,1.27331,1.26474,1.27115,104979
2019-05-27 00:00:00,1.27248,1.2747899999999999,1.26674,1.26785,82441
2019-05-28 00:00:00,1.2677800000000001,1.2702,1.26506,1.26523,114465
2019-05-29 00:00:00,1.26531,1.26714,1.26118,1.2625899999999999,100137
2019-05-30 00:00:00,1.26209,1.2640799999999999,1.25806,1.26091,85950
2019-05-31 00:00:00,1.2603900000000001,1.26445,1.25591,1.2628300000000001,123691
2019-06-03 00:00:00,1.26269,1.26741,1.26105,1.26633,98661
2019-06-04 00:00:00,1.26635,1.27145,1.26422,1.2699500000000001,122603
2019-06-05 00:00:00,1.26962,1.27436,1.2680500000000001,1.2681200000000001,119584
2019-06-06 00:00:00,1.26836,1.27421,1.26689,1.26916,126861
2019-06-07 00:00:00,1.26857,1.2763,1.26857,1.27369,109986
2019-06-10 00:00:00,1.27226,1.2736,1.26531,1.2686,97130
2019-06-11 00:00:00,1.26837,1.2732299999999999,1.26703,1.27226,117019
2019-06-12 00:00:00,1.2717100000000001,1.27587,1.2681499999999999,1.26884,115190
2019-06-13 00:00:00,1.26871,1.2707899999999999,1.2662200000000001,1.26737,98179
2019-06-14 00:00:00,1.2674,1.26819,1.2580200000000001,1.2588,99295
2019-06-17 00:00:00,1.2579799999999999,1.26055,1.25322,1.25327,74116
2019-06-18 00:00:00,1.25331,1.25647,1.25061,1.25571,107339
2019-06-19 00:00:00,1.25563,1.26738,1.25426,1.2643,108453
2019-06-20 00:00:00,1.26406,1.2727,1.26262,1.27032,124459
2019-06-21 00:00:00,1.27039,1.27465,1.26425,1.2744900000000001,113302
2019-06-24 00:00:00,1.27328,1.2766600000000001,1.27081,1.27392,81114
2019-06-25 00:00:00,1.2735699999999999,1.27838,1.26721,1.26884,114542
2019-06-26 00:00:00,1.26783,1.2707600000000001,1.26628,1.26854,134901
2019-06-27 00:00:00,1.26837,1.27248,1.26615,1.26699,137245
2019-06-28 00:00:00,1.26611,1.27346,1.26605,1.26965,141765
2019-07-01 00:00:00,1.26947,1.27057,1.26319,1.26373,127225
2019-07-02 00:00:00,1.2637,1.2648,1.2584,1.2593,122127
2019-07-03 00:00:00,1.2591,1.26002,1.25572,1.25684,98908
2019-07-04 00:00:00,1.25627,1.25912,1.25622,1.25775,72100
2019-07-05 00:00:00,1.25765,1.25878,1.24811,1.25272,105016
2019-07-08 00:00:00,1.25254,1.25397,1.24999,1.25166,74764
2019-07-09 00:00:00,1.25164,1.25228,1.24394,1.24599,88933
2019-07-10 00:00:00,1.24586,1.2521,1.24438,1.25047,119098
2019-07-11 00:00:00,1.24969,1.25713,1.24949,1.25259,119739
2019-07-12 00:00:00,1.25234,1.25793,1.2518099999999999,1.2576399999999999,107958
2019-07-15 00:00:00,1.25495,1.25781,1.25102,1.2516,87726
2019-07-16 00:00:00,1.25159,1.25204,1.23964,1.2406,121323
2019-07-17 00:00:00,1.24064,1.24564,1.23821,1.24319,107089
2019-07-18 00:00:00,1.24307,1.2558500000000001,1.24241,1.25467,129602
2019-07-19 00:00:00,1.25447,1.25563,1.2476099999999999,1.2505,111061
2019-07-22 00:00:00,1.24947,1.25171,1.24555,1.24753,88942
2019-07-23 00:00:00,1.24724,1.24819,1.24179,1.24393,107311
2019-07-24 00:00:00,1.24379,1.25224,1.24265,1.24836,102816
2019-07-25 00:00:00,1.24828,1.2517800000000001,1.24369,1.24542,134959
2019-07-26 00:00:00,1.24497,1.24597,1.23761,1.2383899999999999,91865
2019-07-29 00:00:00,1.2375,1.23836,1.22123,1.22173,105671
2019-07-30 00:00:00,1.22163,1.22259,1.21191,1.21488,139061
2019-07-31 00:00:00,1.21509,1.22498,1.21351,1.21607,180536
2019-08-01 00:00:00,1.21507,1.21707,1.20796,1.21295,198726
2019-08-02 00:00:00,1.21167,1.21694,1.20904,1.21618,200392
2019-08-05 00:00:00,1.2158,1.21882,1.21017,1.21395,224835
2019-08-06 00:00:00,1.21399,1.22099,1.21354,1.21686,212555
2019-08-07 00:00:00,1.21674,1.2191,1.2121,1.21424,236574
2019-08-08 00:00:00,1.21416,1.21828,1.2095,1.21345,146071
2019-08-09 00:00:00,1.21336,1.21519,1.20244,1.20248,175266
2019-08-12 00:00:00,1.20466,1.21066,1.20149,1.20744,281557
2019-08-13 00:00:00,1.20754,1.2098,1.20418,1.20594,400092
2019-08-14 00:00:00,1.20589,1.21008,1.20449,1.20567,322067
2019-08-15 00:00:00,1.20564,1.21507,1.20506,1.20919,405740
2019-08-16 00:00:00,1.20817,1.21755,1.20739,1.21432,325429
2019-08-19 00:00:00,1.21475,1.21727,1.21048,1.21243,272415
2019-08-20 00:00:00,1.21258,1.218,1.20642,1.21705,346412
2019-08-21 00:00:00,1.21674,1.2175,1.21122,1.21207,258241
2019-08-22 00:00:00,1.21221,1.2273100000000001,1.21084,1.22559,339629
2019-08-23 00:00:00,1.22526,1.22935,1.21944,1.22921,505495
2019-08-26 00:00:00,1.2264599999999999,1.22857,1.22077,1.22179,365428
2019-08-27 00:00:00,1.22172,1.2309700000000001,1.22088,1.22871,367052
2019-08-28 00:00:00,1.2285300000000001,1.22908,1.2156,1.22102,433083
2019-08-29 00:00:00,1.22046,1.22327,1.21722,1.21831,287106
2019-08-30 00:00:00,1.21791,1.22263,1.2139199999999999,1.21646,252569
2019-09-02 00:00:00,1.2144,1.21747,1.2036,1.2062599999999999,223245
2019-09-03 00:00:00,1.20597,1.21056,1.19583,1.20862,353773
2019-09-04 00:00:00,1.20797,1.22565,1.20797,1.22557,313686
2019-09-05 00:00:00,1.22521,1.23536,1.22101,1.23297,310691
2019-09-06 00:00:00,1.23263,1.23434,1.2279200000000001,1.22874,248595
2019-09-09 00:00:00,1.22693,1.23853,1.22333,1.23445,228793
2019-09-10 00:00:00,1.23455,1.23801,1.2307,1.23575,189008
2019-09-11 00:00:00,1.23373,1.23708,1.23126,1.23273,178547
2019-09-12 00:00:00,1.23288,1.23667,1.22831,1.23302,241237
2019-09-13 00:00:00,1.23309,1.25058,1.23265,1.25047,195377
2019-09-16 00:00:00,1.24744,1.2502900000000001,1.23994,1.24289,191622
2019-09-17 00:00:00,1.24252,1.25271,1.2392400000000001,1.24994,168237
2019-09-18 00:00:00,1.2499500000000001,1.25122,1.24393,1.24697,176371
2019-09-19 00:00:00,1.24711,1.25602,1.24381,1.25233,187942
2019-09-20 00:00:00,1.25216,1.25824,1.24594,1.24693,188477
2019-09-23 00:00:00,1.24632,1.24906,1.24127,1.24336,154255
2019-09-24 00:00:00,1.24326,1.25033,1.2414100000000001,1.2494,165874
2019-09-25 00:00:00,1.24891,1.24975,1.23476,1.23494,161770
2019-09-26 00:00:00,1.23452,1.23803,1.2303,1.23226,158531
2019-09-27 00:00:00,1.23184,1.23364,1.22711,1.22889,143339
2019-09-30 00:00:00,1.22852,1.23466,1.22756,1.22966,138856
2019-10-01 00:00:00,1.22899,1.23397,1.22047,1.23037,193582
2019-10-02 00:00:00,1.22992,1.23244,1.22268,1.22983,162085
2019-10-03 00:00:00,1.22987,1.24131,1.22656,1.23283,180895
2019-10-04 00:00:00,1.23279,1.23569,1.22762,1.23331,143305
2019-10-07 00:00:00,1.23069,1.23367,1.22871,1.22892,135744
2019-10-08 00:00:00,1.22896,1.23026,1.21952,1.22195,153259
2019-10-09 00:00:00,1.22183,1.22916,1.21982,1.22034,155676
2019-10-10 00:00:00,1.22045,1.24695,1.22024,1.24415,223054
2019-10-11 00:00:00,1.24302,1.2707,1.24091,1.26475,268352
2019-10-14 00:00:00,1.2622900000000001,1.26499,1.2516,1.26021,171072
2019-10-15 00:00:00,1.26079,1.2800099999999999,1.26006,1.27839,267536
2019-10-16 00:00:00,1.27798,1.28757,1.26566,1.2827600000000001,280415
2019-10-17 00:00:00,1.28248,1.2989600000000001,1.27493,1.28905,268768
2019-10-18 00:00:00,1.2891,1.29641,1.28393,1.29504,182664
2019-10-21 00:00:00,1.29505,1.30124,1.28746,1.2959,177341
2019-10-22 00:00:00,1.29586,1.30007,1.28622,1.28722,201245
2019-10-23 00:00:00,1.28693,1.29219,1.28413,1.29132,169059
2019-10-24 00:00:00,1.29143,1.2949899999999999,1.27884,1.2851,157615
2019-10-25 00:00:00,1.28503,1.28628,1.2804,1.28307,104071
2019-10-28 00:00:00,1.2809599999999999,1.2876400000000001,1.2809599999999999,1.28565,120636
2019-10-29 00:00:00,1.28571,1.29047,1.28065,1.28658,144657
2019-10-30 00:00:00,1.28691,1.29074,1.28453,1.2899,137051
2019-10-31 00:00:00,1.28968,1.29758,1.28936,1.29416,147570
2019-11-01 00:00:00,1.29398,1.29726,1.29237,1.29406,127613
2019-11-04 00:00:00,1.29279,1.29426,1.28763,1.28819,99094
2019-11-05 00:00:00,1.28826,1.2917399999999999,1.2859,1.28829,125669
2019-11-06 00:00:00,1.28838,1.2897,1.2844,1.28559,98566
2019-11-07 00:00:00,1.2852700000000001,1.28779,1.27942,1.28144,134935
2019-11-08 00:00:00,1.28107,1.28228,1.27686,1.278,97963
2019-11-11 00:00:00,1.27907,1.2898,1.27839,1.2852299999999999,93410
2019-11-12 00:00:00,1.28522,1.28739,1.2815400000000001,1.28444,101303
2019-11-13 00:00:00,1.2845,1.28622,1.28217,1.2851,96335
2019-11-14 00:00:00,1.2848899999999999,1.28883,1.28248,1.28816,94367
2019-11-15 00:00:00,1.2881,1.2919,1.28671,1.29013,88881
2019-11-18 00:00:00,1.29233,1.29849,1.29089,1.29527,100214
2019-11-19 00:00:00,1.29528,1.29699,1.2910300000000001,1.29265,99394
2019-11-20 00:00:00,1.29253,1.29304,1.28871,1.29226,100626
2019-11-21 00:00:00,1.2922799999999999,1.29702,1.28929,1.29066,109615
2019-11-22 00:00:00,1.29037,1.2928899999999999,1.28232,1.28318,108482
2019-11-25 00:00:00,1.28512,1.29119,1.28409,1.28985,99217
2019-11-26 00:00:00,1.28983,1.29036,1.28348,1.28636,99724
2019-11-27 00:00:00,1.2865199999999999,1.2917,1.28272,1.29112,113354
2019-11-28 00:00:00,1.292,1.29508,1.28992,1.29093,96916
2019-11-29 00:00:00,1.291,1.29421,1.28789,1.29379,92447
2019-12-02 00:00:00,1.29091,1.29491,1.2896,1.2941099999999999,104321
2019-12-03 00:00:00,1.29396,1.3012000000000001,1.29261,1.29921,106176
2019-12-04 00:00:00,1.29911,1.31206,1.29825,1.31034,119054
2019-12-05 00:00:00,1.3102,1.31664,1.31018,1.31588,105020
2019-12-06 00:00:00,1.31563,1.31654,1.3100800000000001,1.31353,103834
2019-12-09 00:00:00,1.3134700000000001,1.31807,1.31317,1.31425,110237
2019-12-10 00:00:00,1.31354,1.32152,1.31327,1.31566,119064
2019-12-11 00:00:00,1.31529,1.3213300000000001,1.3107199999999999,1.31952,133109
2019-12-12 00:00:00,1.31954,1.32293,1.30501,1.3174299999999999,187613
2019-12-13 00:00:00,1.3164,1.35144,1.3164,1.33346,245761
2019-12-16 00:00:00,1.33322,1.34223,1.3321,1.33337,150281
2019-12-17 00:00:00,1.33288,1.33348,1.30994,1.31287,208321
2019-12-18 00:00:00,1.31299,1.31342,1.30599,1.30782,196765
2019-12-19 00:00:00,1.30773,1.31332,1.29897,1.30054,178509
2019-12-20 00:00:00,1.30084,1.30793,1.29783,1.30012,113842
2019-12-23 00:00:00,1.3001,1.30321,1.2905,1.29364,120882
2019-12-24 00:00:00,1.29341,1.29709,1.29143,1.29409,84531
2019-12-26 00:00:00,1.29522,1.30158,1.29522,1.2995999999999999,65022
2019-12-27 00:00:00,1.29909,1.31173,1.29684,1.3085499999999999,127330
2019-12-30 00:00:00,1.30869,1.31504,1.30628,1.3109,116341
2019-12-31 00:00:00,1.31132,1.32843,1.31047,1.32591,129864
2020-01-02 00:00:00,1.32463,1.3266200000000001,1.3115299999999999,1.31353,144145
2020-01-03 00:00:00,1.31331,1.31602,1.30534,1.30748,152242
2020-01-06 00:00:00,1.30797,1.31746,1.30639,1.31677,123102
2020-01-07 00:00:00,1.31665,1.32123,1.30952,1.31204,135214
2020-01-08 00:00:00,1.31185,1.31697,1.30801,1.30958,164164
2020-01-09 00:00:00,1.30923,1.31237,1.30131,1.30673,140016
2020-01-10 00:00:00,1.30658,1.30971,1.3042500000000001,1.30636,117404
2020-01-13 00:00:00,1.30345,1.30453,1.2961,1.29879,119487
2020-01-14 00:00:00,1.29881,1.30331,1.29542,1.30191,135726
2020-01-15 00:00:00,1.3018,1.30423,1.29849,1.30382,122435
2020-01-16 00:00:00,1.30376,1.3083,1.30252,1.30771,120895
2020-01-17 00:00:00,1.3079,1.3118699999999999,1.30077,1.30099,125280
2020-01-20 00:00:00,1.2989600000000001,1.30139,1.29619,1.30093,80910
2020-01-21 00:00:00,1.30085,1.30834,1.29956,1.3047,112976
2020-01-22 00:00:00,1.3048899999999999,1.31528,1.30345,1.31399,133980
2020-01-23 00:00:00,1.31376,1.31508,1.30969,1.3125499999999999,116060
2020-01-24 00:00:00,1.31231,1.31742,1.30567,1.30715,130952
2020-01-27 00:00:00,1.30789,1.31052,1.30401,1.3057400000000001,99255
2020-01-28 00:00:00,1.3051599999999999,1.30652,1.29751,1.30274,97917
2020-01-29 00:00:00,1.30271,1.30286,1.29894,1.30191,83281
2020-01-30 00:00:00,1.30171,1.311,1.2977699999999999,1.3091300000000001,131165
2020-01-31 00:00:00,1.30935,1.32098,1.30813,1.32088,124706
2020-02-03 00:00:00,1.31756,1.31841,1.29829,1.29987,126934
2020-02-04 00:00:00,1.29927,1.30466,1.2941099999999999,1.30311,125433
2020-02-05 00:00:00,1.30291,1.3069899999999999,1.29562,1.30003,123586
2020-02-06 00:00:00,1.30003,1.30014,1.29214,1.29276,107946
2020-02-07 00:00:00,1.29271,1.29593,1.28817,1.28826,126016
2020-02-10 00:00:00,1.2882,1.2946,1.2872,1.2913700000000001,121233
2020-02-11 00:00:00,1.29149,1.29679,1.28944,1.29532,122874
2020-02-12 00:00:00,1.29517,1.29912,1.29483,1.2956400000000001,117678
2020-02-13 00:00:00,1.29587,1.30694,1.2944200000000001,1.30404,141897
2020-02-14 00:00:00,1.30375,1.30634,1.3001,1.30478,103462
2020-02-17 00:00:00,1.30267,1.30539,1.2998,1.30027,77175
2020-02-18 00:00:00,1.3002500000000001,1.30488,1.29706,1.29966,128870
2020-02-19 00:00:00,1.2996400000000001,1.30234,1.29075,1.29216,124598
2020-02-20 00:00:00,1.29159,1.29283,1.28492,1.28812,136360
2020-02-21 00:00:00,1.28814,1.29807,1.28756,1.29572,142759
2020-02-24 00:00:00,1.29447,1.29547,1.28867,1.29311,155627
2020-02-25 00:00:00,1.2922,1.3018,1.29142,1.30031,169666
2020-02-26 00:00:00,1.30049,1.3007900000000001,1.28959,1.2898399999999999,187564
2020-02-27 00:00:00,1.28956,1.29465,1.28601,1.28849,225372
2020-02-28 00:00:00,1.28837,1.29196,1.27257,1.2821799999999999,259632
2020-03-02 00:00:00,1.27656,1.28507,1.27396,1.27531,252157
2020-03-03 00:00:00,1.2752,1.28443,1.27403,1.28142,255713
2020-03-04 00:00:00,1.28111,1.28726,1.2770000000000001,1.28724,177001
2020-03-05 00:00:00,1.2870599999999999,1.29685,1.28607,1.29521,157135
2020-03-06 00:00:00,1.29426,1.30521,1.29407,1.30451,242587
2020-03-09 00:00:00,1.3075700000000001,1.32007,1.30346,1.31137,344345
2020-03-10 00:00:00,1.31256,1.3127900000000001,1.28816,1.29142,318303
2020-03-11 00:00:00,1.29086,1.29763,1.28037,1.28185,221181
2020-03-12 00:00:00,1.28172,1.28487,1.24904,1.25619,299641
2020-03-13 00:00:00,1.25651,1.26242,1.227,1.22912,357733
2020-03-16 00:00:00,1.2263600000000001,1.24217,1.22019,1.22735,426858
2020-03-17 00:00:00,1.22698,1.22726,1.20017,1.20524,526491
2020-03-18 00:00:00,1.20522,1.21296,1.14491,1.16278,382376
2020-03-19 00:00:00,1.15821,1.1793,1.14653,1.14798,431065
2020-03-20 00:00:00,1.14848,1.19337,1.1409799999999999,1.15994,409516
2020-03-23 00:00:00,1.16673,1.17138,1.14465,1.15432,422124
2020-03-24 00:00:00,1.15359,1.17993,1.14765,1.17561,393006
2020-03-25 00:00:00,1.17532,1.19731,1.16384,1.18829,334366
2020-03-26 00:00:00,1.18594,1.22295,1.17755,1.22006,350477
2020-03-27 00:00:00,1.22016,1.24855,1.21307,1.24752,368626
2020-03-30 00:00:00,1.24513,1.24669,1.23175,1.24183,228020
2020-03-31 00:00:00,1.24098,1.2472699999999999,1.22436,1.24127,269402
2020-04-01 00:00:00,1.24138,1.24436,1.23302,1.23658,191418
2020-04-02 00:00:00,1.23734,1.2475,1.23486,1.23963,206659
2020-04-03 00:00:00,1.23954,1.24033,1.22056,1.22695,179236
2020-04-06 00:00:00,1.22029,1.23271,1.22029,1.22326,159469
2020-04-07 00:00:00,1.22311,1.23844,1.21649,1.23386,169747
2020-04-08 00:00:00,1.23273,1.24198,1.22881,1.23822,131762
2020-04-09 00:00:00,1.23761,1.2484,1.23607,1.24648,154565
2020-04-10 00:00:00,1.24511,1.24864,1.24357,1.24393,38858
2020-04-13 00:00:00,1.24496,1.25367,1.24426,1.25043,83950
2020-04-14 00:00:00,1.2500499999999999,1.26474,1.24933,1.26254,137692
2020-04-15 00:00:00,1.26123,1.26306,1.24369,1.25224,140152
2020-04-16 00:00:00,1.25112,1.25271,1.2408,1.24567,148559
2020-04-17 00:00:00,1.24561,1.25225,1.2407,1.2506599999999999,142469
2020-04-20 00:00:00,1.24927,1.25003,1.24164,1.24329,102811
2020-04-21 00:00:00,1.24296,1.24443,1.22471,1.22937,145428
2020-04-22 00:00:00,1.22694,1.23859,1.22691,1.23339,112875
2020-04-23 00:00:00,1.23326,1.24149,1.23079,1.2345,141296
2020-04-24 00:00:00,1.234,1.23772,1.22981,1.23664,117933
2020-04-27 00:00:00,1.23557,1.24546,1.23557,1.24309,125643
2020-04-28 00:00:00,1.24271,1.2518500000000001,1.24036,1.24233,131733
2020-04-29 00:00:00,1.24211,1.24852,1.23891,1.24705,142679
2020-04-30 00:00:00,1.24671,1.26433,1.24292,1.25928,177659
2020-05-01 00:00:00,1.25896,1.26003,1.24829,1.24933,128876
2020-05-04 00:00:00,1.24848,1.24865,1.24053,1.24417,133467
2020-05-05 00:00:00,1.24434,1.24838,1.24195,1.24341,145120
2020-05-06 00:00:00,1.24329,1.245,1.2335099999999999,1.23415,132191
2020-05-07 00:00:00,1.2338,1.24182,1.2266,1.23614,153428
2020-05-08 00:00:00,1.23462,1.2467,1.23445,1.24087,101847
2020-05-11 00:00:00,1.23962,1.24376,1.2283,1.23334,131062
2020-05-12 00:00:00,1.2331699999999999,1.23775,1.22554,1.22598,150110
2020-05-13 00:00:00,1.2258499999999999,1.23399,1.22101,1.22364,166945
2020-05-14 00:00:00,1.22285,1.22416,1.21655,1.22311,155473
2020-05-15 00:00:00,1.22258,1.22389,1.21013,1.2101899999999999,150667
2020-05-18 00:00:00,1.20824,1.22273,1.20756,1.21952,149724
2020-05-19 00:00:00,1.21934,1.22963,1.2184,1.22482,151356
2020-05-20 00:00:00,1.22513,1.22875,1.22215,1.22373,136167
2020-05-21 00:00:00,1.22332,1.22495,1.21857,1.22226,129727
2020-05-22 00:00:00,1.22179,1.22336,1.21613,1.21669,124986
2020-05-25 00:00:00,1.21551,1.22036,1.21551,1.21794,85395
2020-05-26 00:00:00,1.21805,1.2363,1.21776,1.23376,138632
2020-05-27 00:00:00,1.23314,1.2354,1.22043,1.226,185147
2020-05-28 00:00:00,1.22595,1.23446,1.22336,1.23223,167688
2020-05-29 00:00:00,1.23181,1.23939,1.22903,1.2351,219729
2020-06-01 00:00:00,1.23197,1.25067,1.23197,1.24885,162307
2020-06-02 00:00:00,1.2488,1.2576100000000001,1.24785,1.25515,177642
2020-06-03 00:00:00,1.25497,1.26152,1.25444,1.2575,183778
2020-06-04 00:00:00,1.25733,1.26332,1.25006,1.25958,188681
2020-06-05 00:00:00,1.25967,1.27314,1.2582900000000001,1.26676,195835
2020-06-08 00:00:00,1.2668599999999999,1.27359,1.26281,1.27237,128567
2020-06-09 00:00:00,1.27227,1.27558,1.2618,1.27276,150075
2020-06-10 00:00:00,1.27278,1.28132,1.27062,1.27458,200902
2020-06-11 00:00:00,1.27468,1.27545,1.25862,1.26017,243137
2020-06-12 00:00:00,1.26017,1.26531,1.24735,1.2548599999999999,254773
2020-06-15 00:00:00,1.24875,1.26064,1.24541,1.2606,252873
2020-06-16 00:00:00,1.26044,1.26874,1.25523,1.25729,259387
2020-06-17 00:00:00,1.2570999999999999,1.2588599999999999,1.25107,1.25548,194619
2020-06-18 00:00:00,1.25555,1.2567,1.24017,1.24209,204555
2020-06-19 00:00:00,1.24242,1.2456,1.2343899999999999,1.23491,168687
2020-06-22 00:00:00,1.23408,1.2477,1.23345,1.2469999999999999,149888
2020-06-23 00:00:00,1.24682,1.25319,1.2432,1.2521,190333
2020-06-24 00:00:00,1.25191,1.25424,1.24142,1.24203,197825
2020-06-25 00:00:00,1.24183,1.24643,1.2389000000000001,1.24187,172768
2020-06-26 00:00:00,1.24182,1.24369,1.23143,1.23365,147307
2020-06-29 00:00:00,1.23237,1.23894,1.22517,1.22983,130043
2020-06-30 00:00:00,1.22976,1.24017,1.2257500000000001,1.24004,145244
2020-07-01 00:00:00,1.24007,1.24904,1.2359499999999999,1.24745,141934
2020-07-02 00:00:00,1.24745,1.25302,1.24561,1.2468,134362
2020-07-03 00:00:00,1.24672,1.24862,1.24378,1.24816,140855
2020-07-06 00:00:00,1.24613,1.25203,1.24613,1.24921,122095
2020-07-07 00:00:00,1.24916,1.2592400000000001,1.24626,1.25433,140564
2020-07-08 00:00:00,1.25406,1.26231,1.25085,1.26099,128320
2020-07-09 00:00:00,1.26094,1.26693,1.2591700000000001,1.26063,129446
2020-07-10 00:00:00,1.2606,1.2664,1.25667,1.26202,124904
2020-07-13 00:00:00,1.2616100000000001,1.26663,1.25502,1.25534,126206
2020-07-14 00:00:00,1.25539,1.25635,1.24804,1.25545,155960
2020-07-15 00:00:00,1.25528,1.26495,1.25362,1.25884,145273
2020-07-16 00:00:00,1.2587,1.26245,1.25198,1.25541,137143
2020-07-17 00:00:00,1.25526,1.25744,1.25116,1.25675,69108
2020-07-20 00:00:00,1.25448,1.26654,1.2518,1.26612,100632
2020-07-21 00:00:00,1.26609,1.27678,1.26472,1.27332,134367
2020-07-22 00:00:00,1.27311,1.27436,1.26443,1.27351,157021
2020-07-23 00:00:00,1.27328,1.27599,1.26733,1.27405,179427
2020-07-24 00:00:00,1.27405,1.2803499999999999,1.27173,1.27958,146212
2020-07-27 00:00:00,1.27885,1.29026,1.27771,1.2879399999999999,147058
2020-07-28 00:00:00,1.28808,1.29527,1.28382,1.29318,152353
2020-07-29 00:00:00,1.29309,1.30134,1.29119,1.29954,160827
2020-07-30 00:00:00,1.29961,1.31027,1.29443,1.30944,174307
2020-07-31 00:00:00,1.30946,1.317,1.30694,1.3082500000000001,216651
2020-08-03 00:00:00,1.30754,1.3112599999999999,1.30046,1.30759,188181
2020-08-04 00:00:00,1.30745,1.31079,1.2981500000000001,1.3071,141808
2020-08-05 00:00:00,1.3070599999999999,1.31616,1.30492,1.31135,149951
2020-08-06 00:00:00,1.31136,1.3185799999999999,1.31114,1.31419,194162
2020-08-07 00:00:00,1.31407,1.31493,1.30095,1.30535,177905
2020-08-10 00:00:00,1.30535,1.31034,1.30189,1.30732,123683
2020-08-11 00:00:00,1.30717,1.3132,1.30419,1.30474,165904
2020-08-12 00:00:00,1.30471,1.30677,1.30054,1.30317,176602
2020-08-13 00:00:00,1.3032599999999999,1.31249,1.30225,1.3067199999999999,143610
2020-08-14 00:00:00,1.30673,1.3142800000000001,1.30337,1.3090899999999999,130740
2020-08-17 00:00:00,1.30835,1.31217,1.3074,1.31045,118549
2020-08-18 00:00:00,1.31029,1.32498,1.30774,1.32385,151608
2020-08-19 00:00:00,1.32386,1.32673,1.3094000000000001,1.30993,168340
2020-08-20 00:00:00,1.30923,1.32247,1.30645,1.3213599999999999,197930
2020-08-21 00:00:00,1.32142,1.3255,1.30588,1.30902,198042
2020-08-24 00:00:00,1.30808,1.31491,1.30537,1.3063,137717
2020-08-25 00:00:00,1.3063,1.31705,1.30537,1.31507,151120
2020-08-26 00:00:00,1.31509,1.3219,1.31171,1.32108,138780
2020-08-27 00:00:00,1.32092,1.3284500000000001,1.3161,1.31988,212821
2020-08-28 00:00:00,1.32,1.33564,1.31798,1.3351600000000001,195824
2020-08-31 00:00:00,1.3335,1.33957,1.33014,1.3366,153795
2020-09-01 00:00:00,1.3369,1.34822,1.3351199999999999,1.33834,196547
2020-09-02 00:00:00,1.33832,1.34025,1.32833,1.3351,151860
2020-09-03 00:00:00,1.33505,1.33587,1.32423,1.32808,190911
2020-09-04 00:00:00,1.328,1.3319,1.31758,1.32764,190640
2020-09-07 00:00:00,1.3239,1.32695,1.31402,1.31627,111495
2020-09-08 00:00:00,1.3155700000000001,1.31721,1.298,1.2981099999999999,173945
2020-09-09 00:00:00,1.29807,1.30232,1.2885,1.2999100000000001,174469
2020-09-10 00:00:00,1.30013,1.30351,1.27732,1.2806,193470
2020-09-11 00:00:00,1.28047,1.28655,1.27622,1.2797100000000001,167494
2020-09-14 00:00:00,1.2763200000000001,1.29192,1.2763200000000001,1.28455,137298
2020-09-15 00:00:00,1.28458,1.29263,1.28147,1.28888,142524
2020-09-16 00:00:00,1.28888,1.30074,1.2875,1.29674,177561
2020-09-17 00:00:00,1.29673,1.2999100000000001,1.28648,1.29732,202763
2020-09-18 00:00:00,1.29714,1.29997,1.29146,1.29229,155441
2020-09-21 00:00:00,1.29338,1.29665,1.27755,1.28159,196003
2020-09-22 00:00:00,1.2815699999999999,1.2866900000000001,1.27107,1.27363,191391
2020-09-23 00:00:00,1.27299,1.27771,1.2675,1.2726,184943
2020-09-24 00:00:00,1.27233,1.27809,1.2690299999999999,1.27439,194138
2020-09-25 00:00:00,1.27514,1.28054,1.2687300000000001,1.27424,154499
2020-09-28 00:00:00,1.27268,1.293,1.27268,1.28318,147130
2020-09-29 00:00:00,1.2831000000000001,1.29028,1.28224,1.28541,150333
2020-09-30 00:00:00,1.28627,1.29426,1.28053,1.29233,188835
2020-10-01 00:00:00,1.29178,1.29786,1.28193,1.28869,196594
2020-10-02 00:00:00,1.28892,1.29539,1.2836699999999999,1.29368,198229
2020-10-05 00:00:00,1.29307,1.29914,1.28995,1.29821,113629
2020-10-06 00:00:00,1.29764,1.30072,1.28662,1.28739,158773
2020-10-07 00:00:00,1.28892,1.29295,1.2845,1.29184,144043
2020-10-08 00:00:00,1.29145,1.29703,1.28913,1.29344,123586
2020-10-09 00:00:00,1.29343,1.3048899999999999,1.29176,1.3048899999999999,125835
2020-10-12 00:00:00,1.30228,1.3082500000000001,1.3005200000000001,1.30651,104387
2020-10-13 00:00:00,1.30633,1.3068,1.29216,1.29346,151578
2020-10-14 00:00:00,1.29326,1.30644,1.28629,1.30115,221951
2020-10-15 00:00:00,1.3011599999999999,1.30301,1.28903,1.29036,224903
2020-10-16 00:00:00,1.29161,1.29622,1.28616,1.29074,241678
2020-10-19 00:00:00,1.28898,1.30247,1.28898,1.29492,214333
2020-10-20 00:00:00,1.29521,1.29797,1.2910599999999999,1.29475,203283
2020-10-21 00:00:00,1.29477,1.31768,1.29356,1.31466,213589
2020-10-22 00:00:00,1.31454,1.31516,1.30704,1.30823,199014
2020-10-23 00:00:00,1.30786,1.3122500000000001,1.30187,1.30446,197335
2020-10-26 00:00:00,1.30557,1.30749,1.29924,1.30234,205511
2020-10-27 00:00:00,1.30236,1.30796,1.30008,1.30471,176340
2020-10-28 00:00:00,1.30408,1.3063799999999999,1.29163,1.29827,280936
2020-10-29 00:00:00,1.29828,1.30255,1.28808,1.29283,247693
2020-10-30 00:00:00,1.29277,1.29882,1.28989,1.29504,265322
2020-11-02 00:00:00,1.29245,1.29427,1.28535,1.29186,214054
2020-11-03 00:00:00,1.29168,1.30788,1.29074,1.3063500000000001,171310
2020-11-04 00:00:00,1.30544,1.31403,1.29141,1.29853,339746
2020-11-05 00:00:00,1.29881,1.31549,1.29297,1.31509,278640
2020-11-06 00:00:00,1.31445,1.3176999999999999,1.30926,1.31488,281687
2020-11-09 00:00:00,1.31579,1.32078,1.31183,1.31634,345025
2020-11-10 00:00:00,1.3163,1.32782,1.31566,1.32736,318679
2020-11-11 00:00:00,1.3269,1.33137,1.31911,1.32239,221202
2020-11-12 00:00:00,1.3222,1.32283,1.3106200000000001,1.31223,231562
2020-11-13 00:00:00,1.31156,1.32001,1.31089,1.31976,164191
2020-11-16 00:00:00,1.3159100000000001,1.3242099999999999,1.3159100000000001,1.32005,200496
2020-11-17 00:00:00,1.3195299999999999,1.32725,1.3188,1.32489,196602
2020-11-18 00:00:00,1.32401,1.33121,1.32401,1.32672,174131
2020-11-19 00:00:00,1.3268,1.32791,1.31955,1.3262399999999999,231463
2020-11-20 00:00:00,1.3256999999999999,1.3298,1.32446,1.32897,187493
2020-11-23 00:00:00,1.32926,1.33981,1.32636,1.33231,199005
2020-11-24 00:00:00,1.33078,1.33804,1.32927,1.3362,197727
2020-11-25 00:00:00,1.33563,1.33937,1.33039,1.33868,211425
2020-11-26 00:00:00,1.33728,1.33975,1.33217,1.33555,108983
2020-11-27 00:00:00,1.33549,1.33818,1.32834,1.33022,172860
2020-11-30 00:00:00,1.33251,1.33852,1.32926,1.3323,253086
2020-12-01 00:00:00,1.3322,1.34424,1.3315299999999999,1.34225,238201
2020-12-02 00:00:00,1.34142,1.3441100000000001,1.32873,1.33652,355123
2020-12-03 00:00:00,1.33617,1.35001,1.33471,1.34525,280482
2020-12-04 00:00:00,1.34442,1.35395,1.341,1.3434300000000001,315445
2020-12-07 00:00:00,1.34098,1.34376,1.3223799999999999,1.33786,224064
2020-12-08 00:00:00,1.3377,1.33939,1.32893,1.33562,232040
2020-12-09 00:00:00,1.33509,1.3477999999999999,1.33464,1.34058,181504
2020-12-10 00:00:00,1.3397000000000001,1.3410199999999999,1.32452,1.32914,224174
2020-12-11 00:00:00,1.32941,1.33242,1.31341,1.32305,258265
2020-12-14 00:00:00,1.33566,1.34455,1.329,1.33301,206260
2020-12-15 00:00:00,1.33183,1.34697,1.32799,1.3464,241929
2020-12-16 00:00:00,1.34545,1.3554,1.3434599999999999,1.35087,208686
2020-12-17 00:00:00,1.35087,1.36245,1.3491,1.3584399999999999,182669
2020-12-18 00:00:00,1.35856,1.35898,1.3471199999999999,1.34985,201757
2020-12-21 00:00:00,1.33958,1.35,1.31876,1.34633,304318
2020-12-22 00:00:00,1.3461,1.34693,1.33043,1.33627,302074
2020-12-23 00:00:00,1.3354599999999999,1.35708,1.33488,1.34975,387671
2020-12-24 00:00:00,1.34882,1.36193,1.34875,1.3556,206007
2020-12-28 00:00:00,1.35449,1.3576,1.3429,1.34576,170346
2020-12-29 00:00:00,1.34432,1.35225,1.34422,1.35005,310855
2020-12-30 00:00:00,1.34966,1.36256,1.34893,1.36245,376358
2020-12-31 00:00:00,1.36243,1.36862,1.36013,1.36636,300459
2021-01-04 00:00:00,1.36368,1.37039,1.35413,1.3571,419063
2021-01-05 00:00:00,1.357,1.36421,1.35541,1.36274,441202
2021-01-06 00:00:00,1.36236,1.3671,1.3538700000000001,1.36071,475007
2021-01-07 00:00:00,1.36073,1.36331,1.35324,1.3564,355982
2021-01-08 00:00:00,1.35637,1.36357,1.3538299999999999,1.35605,320488
2021-01-11 00:00:00,1.3555,1.35682,1.3451,1.35083,269516
2021-01-12 00:00:00,1.35104,1.36706,1.35006,1.36655,229139
2021-01-13 00:00:00,1.3667,1.37012,1.36114,1.36351,232206
2021-01-14 00:00:00,1.36377,1.37104,1.36161,1.3687,278973
2021-01-15 00:00:00,1.36841,1.36979,1.35724,1.35821,244275
2021-01-18 00:00:00,1.35925,1.35982,1.3519700000000001,1.35849,191990
2021-01-19 00:00:00,1.35846,1.36365,1.35733,1.36351,246718
2021-01-20 00:00:00,1.36279,1.37187,1.36233,1.3659,230924
2021-01-21 00:00:00,1.36536,1.37457,1.36477,1.37335,195532
2021-01-22 00:00:00,1.3731,1.3736,1.36355,1.3683,180865
2021-01-25 00:00:00,1.36753,1.37234,1.36486,1.36755,227153
2021-01-26 00:00:00,1.36741,1.37443,1.36093,1.37366,181210
2021-01-27 00:00:00,1.37353,1.37589,1.36591,1.3688799999999999,217474
2021-01-28 00:00:00,1.36848,1.3746,1.363,1.37272,249725
2021-01-29 00:00:00,1.3719999999999999,1.37514,1.36571,1.36986,269259
2021-02-01 00:00:00,1.37038,1.37579,1.36561,1.36632,224697
2021-02-02 00:00:00,1.36621,1.37104,1.3611,1.3667500000000001,213016
2021-02-03 00:00:00,1.36664,1.36833,1.3618999999999999,1.3642699999999999,183680
2021-02-04 00:00:00,1.36433,1.36982,1.3566099999999999,1.36707,159596
2021-02-05 00:00:00,1.3671,1.37401,1.3659,1.3736,146706
2021-02-08 00:00:00,1.37022,1.37494,1.36803,1.37419,129259
2021-02-09 00:00:00,1.37395,1.38205,1.37336,1.38133,137663
2021-02-10 00:00:00,1.38158,1.3866,1.38026,1.38344,151006
2021-02-11 00:00:00,1.38318,1.38593,1.38005,1.38159,106101
2021-02-12 00:00:00,1.38157,1.38624,1.37758,1.38526,126033
2021-02-15 00:00:00,1.38315,1.3919000000000001,1.38315,1.39021,91817
2021-02-16 00:00:00,1.39019,1.39516,1.3869099999999999,1.39015,173154
2021-02-17 00:00:00,1.39021,1.3907,1.38296,1.38639,173706
2021-02-18 00:00:00,1.3850799999999999,1.39859,1.38396,1.3973200000000001,145815
2021-02-19 00:00:00,1.39725,1.40361,1.39513,1.40041,140532
2021-02-22 00:00:00,1.40094,1.40868,1.39805,1.40617,149633
2021-02-23 00:00:00,1.40634,1.41167,1.40541,1.41157,166192
2021-02-24 00:00:00,1.411,1.42397,1.40821,1.41401,172826
2021-02-25 00:00:00,1.41408,1.41817,1.4,1.40092,233221
2021-02-26 00:00:00,1.4014,1.40258,1.3888,1.39264,271351
2021-03-01 00:00:00,1.39185,1.39991,1.39038,1.39253,161829
2021-03-02 00:00:00,1.39185,1.3977,1.3859,1.39578,207479
2021-03-03 00:00:00,1.39507,1.40064,1.39209,1.3947,190831
2021-03-04 00:00:00,1.39526,1.40173,1.38802,1.38925,217299
2021-03-05 00:00:00,1.3893499999999999,1.39066,1.37787,1.38282,204130
2021-03-08 00:00:00,1.3805,1.38656,1.38001,1.38209,242586
2021-03-09 00:00:00,1.38179,1.39257,1.3801700000000001,1.3887800000000001,243522
2021-03-10 00:00:00,1.38893,1.3938,1.38455,1.39348,193158
2021-03-11 00:00:00,1.39293,1.39946,1.39165,1.39921,168154
2021-03-12 00:00:00,1.39886,1.4005,1.3863400000000001,1.39188,169674
2021-03-15 00:00:00,1.39094,1.39496,1.38529,1.39025,173327
2021-03-16 00:00:00,1.38928,1.3906100000000001,1.38089,1.38931,155079
2021-03-17 00:00:00,1.38911,1.39709,1.3850799999999999,1.39628,145505
2021-03-18 00:00:00,1.3965,1.4001299999999999,1.3897300000000001,1.39282,206906
2021-03-19 00:00:00,1.39194,1.39592,1.38303,1.38629,166717
2021-03-22 00:00:00,1.38321,1.38768,1.38178,1.38636,46576
2021-03-23 00:00:00,1.38624,1.38645,1.37405,1.37533,48682
2021-03-24 00:00:00,1.37489,1.37573,1.3674,1.3682,54525
2021-03-25 00:00:00,1.36817,1.37454,1.3670200000000001,1.37321,59300
2021-03-26 00:00:00,1.3728500000000001,1.38125,1.37253,1.37914,46594
2021-03-29 00:00:00,1.37896,1.38469,1.37554,1.37606,54073
2021-03-30 00:00:00,1.37582,1.3783400000000001,1.37061,1.37399,50940
2021-03-31 00:00:00,1.37364,1.38119,1.3716300000000001,1.37831,55219
2021-04-01 00:00:00,1.37763,1.3836,1.37459,1.3833199999999999,47225
2021-04-02 00:00:00,1.383,1.38524,1.38083,1.38257,33658
2021-04-05 00:00:00,1.38175,1.39134,1.38135,1.39043,36535
2021-04-06 00:00:00,1.39005,1.3918599999999999,1.3801999999999999,1.38238,57839
2021-04-07 00:00:00,1.38197,1.38401,1.37243,1.37377,58872
2021-04-08 00:00:00,1.3737599999999999,1.37824,1.37188,1.37343,53094
2021-04-09 00:00:00,1.3732,1.37507,1.36699,1.37024,54630
2021-04-12 00:00:00,1.37016,1.37767,1.36689,1.37438,50342
2021-04-13 00:00:00,1.37331,1.3768799999999999,1.36942,1.37509,58605
2021-04-14 00:00:00,1.3749500000000001,1.38086,1.37443,1.37757,52115
2021-04-15 00:00:00,1.37734,1.38089,1.37616,1.37794,56800
2021-04-16 00:00:00,1.37828,1.38401,1.37161,1.38401,57264
2021-04-19 00:00:00,1.38246,1.39929,1.38093,1.39856,62495
2021-04-20 00:00:00,1.39828,1.4009,1.39261,1.39387,58797
2021-04-21 00:00:00,1.3933,1.39497,1.3885399999999999,1.39282,53816
2021-04-22 00:00:00,1.3925,1.39496,1.38235,1.38394,61471
2021-04-23 00:00:00,1.38317,1.38953,1.38312,1.38843,57403
2021-04-26 00:00:00,1.38686,1.39293,1.38534,1.3901,58508
2021-04-27 00:00:00,1.38944,1.39239,1.38584,1.3908,52751
2021-04-28 00:00:00,1.39085,1.39507,1.38612,1.39417,63880
2021-04-29 00:00:00,1.39282,1.39764,1.39282,1.39406,59473
2021-04-30 00:00:00,1.39371,1.39582,1.3802699999999999,1.38125,58250
2021-05-03 00:00:00,1.38143,1.39317,1.38,1.39079,48228
2021-05-04 00:00:00,1.39049,1.39132,1.3838300000000001,1.38857,65782
2021-05-05 00:00:00,1.38814,1.39262,1.38762,1.39067,50785
2021-05-06 00:00:00,1.3895,1.39408,1.38565,1.38921,63285
2021-05-07 00:00:00,1.38833,1.40057,1.38825,1.39869,70800
2021-05-10 00:00:00,1.40046,1.41583,1.3993,1.4116,74935
2021-05-11 00:00:00,1.4113,1.41663,1.41039,1.41402,87971
2021-05-12 00:00:00,1.41385,1.4153,1.4050099999999999,1.4054,88010
2021-05-13 00:00:00,1.40497,1.4077899999999999,1.40056,1.40488,80759
2021-05-14 00:00:00,1.40464,1.4111,1.4036,1.40968,62303
2021-05-17 00:00:00,1.40917,1.41467,1.40773,1.41383,62598
2021-05-18 00:00:00,1.41297,1.42203,1.41297,1.41872,61503
2021-05-19 00:00:00,1.41841,1.4200599999999999,1.4099300000000001,1.41119,93017
2021-05-20 00:00:00,1.41055,1.41926,1.41011,1.41883,75861
2021-05-21 00:00:00,1.41888,1.42339,1.41404,1.415,83096
2021-05-24 00:00:00,1.4141599999999999,1.41719,1.41113,1.41533,74435
2021-05-25 00:00:00,1.41499,1.42108,1.41155,1.4144999999999999,90074
2021-05-26 00:00:00,1.41459,1.4175900000000001,1.41121,1.41161,64393
2021-05-27 00:00:00,1.41129,1.4219,1.40916,1.42001,72530
2021-05-28 00:00:00,1.4200599999999999,1.42083,1.4136199999999999,1.4187699999999999,81876
2021-05-31 00:00:00,1.41679,1.42179,1.4163700000000001,1.42066,44972
2021-06-01 00:00:00,1.4206400000000001,1.42503,1.41467,1.41485,78526
2021-06-02 00:00:00,1.41458,1.41833,1.4111500000000001,1.41706,58175
2021-06-03 00:00:00,1.41686,1.42027,1.40866,1.41011,62424
2021-06-04 00:00:00,1.40987,1.42004,1.40832,1.41647,65180
2021-06-07 00:00:00,1.41547,1.41907,1.41114,1.41757,59809
2021-06-08 00:00:00,1.41763,1.41844,1.41208,1.41531,63850
2021-06-09 00:00:00,1.4152,1.4189,1.41101,1.41129,45711
2021-06-10 00:00:00,1.4112,1.4178,1.40735,1.4176199999999999,68131
2021-06-11 00:00:00,1.4163999999999999,1.41851,1.40954,1.41129,58909
2021-06-14 00:00:00,1.40903,1.41238,1.40699,1.41064,50629
2021-06-15 00:00:00,1.4108,1.41287,1.4034200000000001,1.40834,53977
2021-06-16 00:00:00,1.40789,1.4132500000000001,1.39821,1.39832,69127
2021-06-17 00:00:00,1.39842,1.40087,1.38957,1.39224,82573
2021-06-18 00:00:00,1.39176,1.39445,1.37917,1.3797,81133
2021-06-21 00:00:00,1.37973,1.39368,1.37863,1.39337,76403
2021-06-22 00:00:00,1.39337,1.39636,1.38604,1.39459,64476
2021-06-23 00:00:00,1.3945400000000001,1.40014,1.3924,1.39618,62075
2021-06-24 00:00:00,1.39582,1.3986399999999999,1.38898,1.39212,65177
2021-06-25 00:00:00,1.39171,1.39353,1.38714,1.3881700000000001,63043
2021-06-28 00:00:00,1.38804,1.3939599999999999,1.38684,1.38794,49162
2021-06-29 00:00:00,1.38794,1.38837,1.3814,1.38416,51800
2021-06-30 00:00:00,1.3829500000000001,1.3872900000000001,1.37985,1.38328,59147
2021-07-01 00:00:00,1.38204,1.38353,1.37526,1.37616,60171
2021-07-02 00:00:00,1.37575,1.38446,1.37311,1.3832,70145
2021-07-05 00:00:00,1.38198,1.38619,1.38133,1.38392,43415
2021-07-06 00:00:00,1.38392,1.38986,1.37728,1.37991,71349
2021-07-07 00:00:00,1.37953,1.3841999999999999,1.37538,1.37984,75405
2021-07-08 00:00:00,1.37999,1.3805,1.37418,1.37894,85354
2021-07-09 00:00:00,1.37812,1.38997,1.37553,1.3897300000000001,81742
2021-07-12 00:00:00,1.38833,1.391,1.38391,1.3881700000000001,65821
2021-07-13 00:00:00,1.3884,1.39053,1.37998,1.38124,74725
2021-07-14 00:00:00,1.38077,1.38919,1.38012,1.38595,72851
2021-07-15 00:00:00,1.38563,1.3899,1.3805,1.38244,80321
2021-07-16 00:00:00,1.38217,1.38619,1.37606,1.37644,68015
2021-07-19 00:00:00,1.37645,1.37674,1.3654600000000001,1.3673600000000001,94685
2021-07-20 00:00:00,1.36714,1.36894,1.3571900000000001,1.36284,83431
2021-07-21 00:00:00,1.36209,1.37231,1.3591,1.37097,77489
2021-07-22 00:00:00,1.37056,1.37872,1.36905,1.37673,69473
2021-07-23 00:00:00,1.37639,1.37801,1.3719999999999999,1.3746,64050
2021-07-26 00:00:00,1.37424,1.38334,1.37368,1.38186,66593
2021-07-27 00:00:00,1.38175,1.3894199999999999,1.37667,1.38764,61892
2021-07-28 00:00:00,1.3879000000000001,1.39113,1.38425,1.3901,55425
2021-07-29 00:00:00,1.38998,1.39818,1.38979,1.39616,41718
2021-07-30 00:00:00,1.39606,1.39833,1.38879,1.39066,44963
2021-08-02 00:00:00,1.38955,1.39326,1.38758,1.38868,43591
2021-08-03 00:00:00,1.38853,1.39386,1.3874900000000001,1.39136,45273
2021-08-04 00:00:00,1.39094,1.39577,1.38856,1.38876,44231
2021-08-05 00:00:00,1.38871,1.3948800000000001,1.3872200000000001,1.3928,47521
2021-08-06 00:00:00,1.39259,1.39328,1.3860999999999999,1.38744,36913
2021-08-09 00:00:00,1.3857300000000001,1.3894199999999999,1.38408,1.38457,43188
2021-08-10 00:00:00,1.38446,1.38724,1.38275,1.38385,36808
2021-08-11 00:00:00,1.38355,1.38877,1.38025,1.3864,37018
2021-08-12 00:00:00,1.38639,1.38785,1.37948,1.38069,35520
2021-08-13 00:00:00,1.3806,1.38751,1.37906,1.3869500000000001,30263
2021-08-16 00:00:00,1.38596,1.3878599999999999,1.38277,1.38406,36148
2021-08-17 00:00:00,1.38399,1.38452,1.37262,1.3736,39336
2021-08-18 00:00:00,1.37367,1.3786100000000001,1.37239,1.3753199999999999,36618
2021-08-19 00:00:00,1.375,1.3758,1.36314,1.36315,46726
2021-08-20 00:00:00,1.36442,1.36442,1.3602,1.36227,40854
2021-08-23 00:00:00,1.36164,1.3731900000000001,1.3606099999999999,1.37228,36521
2021-08-24 00:00:00,1.37145,1.37478,1.36937,1.3725800000000001,34901
2021-08-25 00:00:00,1.37269,1.37667,1.36966,1.37636,42547
2021-08-26 00:00:00,1.3762400000000001,1.37677,1.36893,1.36986,51126
2021-08-27 00:00:00,1.3697,1.37808,1.3679999999999999,1.37568,56234
2021-08-30 00:00:00,1.37526,1.37752,1.37339,1.37564,40285
2021-08-31 00:00:00,1.37592,1.3807800000000001,1.37427,1.37554,65718
2021-09-01 00:00:00,1.37537,1.3798300000000001,1.3731,1.37679,51763
2021-09-02 00:00:00,1.37683,1.38398,1.37669,1.38327,40749
2021-09-03 00:00:00,1.3833,1.38918,1.38178,1.38575,48787
2021-09-06 00:00:00,1.38554,1.38678,1.38184,1.3834,34597
2021-09-07 00:00:00,1.38287,1.38567,1.37679,1.37832,55838
2021-09-08 00:00:00,1.37831,1.37904,1.37263,1.37697,61426
2021-09-09 00:00:00,1.37714,1.3862700000000001,1.3753199999999999,1.3838,57464
2021-09-10 00:00:00,1.38357,1.38885,1.38263,1.383,45955
2021-09-13 00:00:00,1.38315,1.3851,1.37971,1.38415,55547
2021-09-14 00:00:00,1.38399,1.39134,1.38035,1.38059,55606
2021-09-15 00:00:00,1.38063,1.38536,1.3792499999999999,1.38379,51229
2021-09-16 00:00:00,1.38362,1.38524,1.37645,1.37879,50436
2021-09-17 00:00:00,1.37897,1.38127,1.3727,1.37274,50227
2021-09-20 00:00:00,1.37343,1.37462,1.36407,1.36517,40356
2021-09-21 00:00:00,1.36542,1.36928,1.36412,1.36595,61654
2021-09-22 00:00:00,1.3657599999999999,1.36895,1.3609499999999999,1.3612,65943
2021-09-23 00:00:00,1.36169,1.37507,1.36103,1.3719000000000001,72298
2021-09-24 00:00:00,1.3719000000000001,1.37365,1.36577,1.36708,53970
2021-09-27 00:00:00,1.36636,1.37289,1.36543,1.3695300000000001,59700
2021-09-28 00:00:00,1.36958,1.37172,1.35205,1.3532899999999999,65398
2021-09-29 00:00:00,1.35327,1.3554599999999999,1.34116,1.3425,72984
2021-09-30 00:00:00,1.3423,1.35178,1.34154,1.3474,65996
2021-10-01 00:00:00,1.34704,1.3575599999999999,1.34336,1.35429,83230
2021-10-04 00:00:00,1.35528,1.36403,1.35317,1.36075,64805
2021-10-05 00:00:00,1.3606099999999999,1.36478,1.35845,1.36252,62795
2021-10-06 00:00:00,1.36279,1.3631199999999999,1.35438,1.3581699999999999,74691
2021-10-07 00:00:00,1.35789,1.36384,1.35703,1.36116,56090
2021-10-08 00:00:00,1.36083,1.3658000000000001,1.35835,1.36176,57568
2021-10-11 00:00:00,1.36066,1.36738,1.35843,1.35942,51388
2021-10-12 00:00:00,1.35934,1.36372,1.35687,1.3584399999999999,57712
2021-10-13 00:00:00,1.35834,1.36649,1.35755,1.36605,64137
2021-10-14 00:00:00,1.36595,1.3734199999999999,1.36511,1.36737,50799
2021-10-15 00:00:00,1.36701,1.37733,1.3667500000000001,1.3744100000000001,52265
2021-10-18 00:00:00,1.37411,1.37653,1.37089,1.37282,49534
2021-10-19 00:00:00,1.3723,1.38338,1.37206,1.3790200000000001,47355
2021-10-20 00:00:00,1.3789799999999999,1.38344,1.37423,1.38225,47125
2021-10-21 00:00:00,1.38213,1.3833,1.3776,1.3792,49425
2021-10-22 00:00:00,1.37913,1.38152,1.37357,1.37596,69052
2021-10-25 00:00:00,1.3734,1.37919,1.3734,1.37637,65460
2021-10-26 00:00:00,1.3759299999999999,1.38297,1.37569,1.37639,64549
2021-10-27 00:00:00,1.37635,1.3780999999999999,1.3709500000000001,1.37384,67728
2021-10-28 00:00:00,1.37369,1.3815,1.37221,1.37941,80330
2021-10-29 00:00:00,1.37931,1.38039,1.36682,1.36921,73577
2021-11-01 00:00:00,1.36643,1.36932,1.36419,1.36634,62799
2021-11-02 00:00:00,1.3661400000000001,1.36727,1.36056,1.36154,66059
2021-11-03 00:00:00,1.36124,1.3691900000000001,1.36073,1.36853,68160
2021-11-04 00:00:00,1.3683100000000001,1.36984,1.3471,1.35006,66651
2021-11-05 00:00:00,1.34916,1.35088,1.34243,1.34944,61943
2021-11-08 00:00:00,1.34801,1.35796,1.34501,1.35662,53476
2021-11-09 00:00:00,1.35644,1.36075,1.3524,1.35581,56729
2021-11-10 00:00:00,1.35555,1.35649,1.34008,1.34013,75190
2021-11-11 00:00:00,1.34032,1.3433,1.33586,1.33656,60404
2021-11-12 00:00:00,1.33671,1.3426,1.33531,1.34124,54714
2021-11-15 00:00:00,1.34048,1.34494,1.3403100000000001,1.34121,58646
2021-11-16 00:00:00,1.34096,1.34726,1.34037,1.34291,66719
2021-11-17 00:00:00,1.34281,1.3496299999999999,1.33962,1.3492199999999999,65124
2021-11-18 00:00:00,1.34912,1.35135,1.34637,1.3498999999999999,59044
2021-11-19 00:00:00,1.34862,1.35095,1.34073,1.34448,70361
2021-11-22 00:00:00,1.34451,1.34562,1.33844,1.33949,75528
2021-11-23 00:00:00,1.33941,1.34093,1.3342399999999999,1.33789,73725
2021-11-24 00:00:00,1.3373599999999999,1.33899,1.33158,1.3328,75580
2021-11-25 00:00:00,1.33271,1.33534,1.33053,1.33175,66971
2021-11-26 00:00:00,1.33155,1.33657,1.32783,1.33331,97021
2021-11-29 00:00:00,1.33271,1.33629,1.32874,1.33149,78846
2021-11-30 00:00:00,1.33124,1.3370600000000001,1.31945,1.33015,111777
2021-12-01 00:00:00,1.32957,1.3352,1.32617,1.32721,86384
2021-12-02 00:00:00,1.32741,1.33338,1.32681,1.3301,84173
2021-12-03 00:00:00,1.32981,1.331,1.32087,1.32302,79748
2021-12-06 00:00:00,1.3206,1.32861,1.3206,1.32627,62286
2021-12-07 00:00:00,1.32596,1.32891,1.3209,1.32424,62001
2021-12-08 00:00:00,1.32399,1.32612,1.31612,1.32036,73683
2021-12-09 00:00:00,1.32009,1.32225,1.3170600000000001,1.32184,58787
2021-12-10 00:00:00,1.32188,1.32756,1.31873,1.32626,58700
2021-12-13 00:00:00,1.32469,1.32687,1.3207200000000001,1.32115,55469
2021-12-14 00:00:00,1.32125,1.32566,1.31909,1.32273,51407
2021-12-15 00:00:00,1.32291,1.32827,1.31718,1.32574,69694
2021-12-16 00:00:00,1.3255,1.33745,1.32413,1.33221,72482
2021-12-17 00:00:00,1.33195,1.33392,1.32303,1.3235999999999999,59996
2021-12-20 00:00:00,1.32369,1.32451,1.3173300000000001,1.32089,62163
2021-12-21 00:00:00,1.32046,1.32709,1.31976,1.32687,47421
2021-12-22 00:00:00,1.3265799999999999,1.33633,1.32402,1.33504,47918
2021-12-23 00:00:00,1.33511,1.34379,1.33409,1.34091,38961
2021-12-24 00:00:00,1.34062,1.34188,1.33731,1.33732,92367
2021-12-27 00:00:00,1.338,1.34452,1.338,1.34428,27482
2021-12-28 00:00:00,1.34369,1.34616,1.34149,1.3431600000000001,27272
2021-12-29 00:00:00,1.34223,1.34993,1.34086,1.34872,34255
2021-12-30 00:00:00,1.34851,1.35217,1.34543,1.3502100000000001,36391
2021-12-31 00:00:00,1.34984,1.35504,1.34654,1.35236,39074
2022-01-03 00:00:00,1.35253,1.35331,1.34308,1.34766,42310
2022-01-04 00:00:00,1.3467,1.3557299999999999,1.34593,1.3525800000000001,45987
2022-01-05 00:00:00,1.35264,1.35986,1.35224,1.35523,51426
2022-01-06 00:00:00,1.35498,1.3559,1.3490199999999999,1.35342,56166
2022-01-07 00:00:00,1.35324,1.3597299999999999,1.3526500000000001,1.35911,54876
2022-01-10 00:00:00,1.35759,1.36036,1.3532,1.3576,56089
2022-01-11 00:00:00,1.35662,1.3636300000000001,1.3559,1.36325,51107
2022-01-12 00:00:00,1.36333,1.37142,1.3620700000000001,1.3701400000000001,49483
2022-01-13 00:00:00,1.36998,1.37488,1.36992,1.37029,53097
2022-01-14 00:00:00,1.37063,1.3743,1.36533,1.36802,63698
2022-01-17 00:00:00,1.36603,1.36899,1.36372,1.36432,48723
2022-01-18 00:00:00,1.36414,1.3661400000000001,1.35727,1.35979,76075
2022-01-19 00:00:00,1.35877,1.36489,1.35877,1.36118,70697
2022-01-20 00:00:00,1.3607,1.36618,1.35869,1.35983,68838
2022-01-21 00:00:00,1.35954,1.36021,1.35454,1.35517,76973
2022-01-24 00:00:00,1.35423,1.35654,1.34405,1.34901,82366
2022-01-25 00:00:00,1.3486500000000001,1.35188,1.34362,1.3503,81239
2022-01-26 00:00:00,1.34995,1.3525,1.34443,1.34647,82636
2022-01-27 00:00:00,1.34593,1.3468,1.33578,1.33815,99513
2022-01-28 00:00:00,1.33814,1.34329,1.33651,1.33951,88495
2022-01-31 00:00:00,1.33867,1.34606,1.3385799999999999,1.3445,75803
2022-02-01 00:00:00,1.3443399999999999,1.35281,1.3434300000000001,1.35241,75009
2022-02-02 00:00:00,1.35217,1.35874,1.3513899999999999,1.35759,68342
2022-02-03 00:00:00,1.35718,1.3628,1.35379,1.35989,89899
2022-02-04 00:00:00,1.35959,1.3614899999999999,1.3505099999999999,1.35277,92212
2022-02-07 00:00:00,1.35305,1.35507,1.34904,1.35354,81001
2022-02-08 00:00:00,1.35367,1.35638,1.35076,1.35479,68982
2022-02-09 00:00:00,1.35396,1.35892,1.3526799999999999,1.35345,56640
2022-02-10 00:00:00,1.35341,1.36436,1.35233,1.35609,95541
2022-02-11 00:00:00,1.3553899999999999,1.36094,1.3514,1.35608,122818
2022-02-14 00:00:00,1.35419,1.3572,1.34951,1.35325,113879
2022-02-15 00:00:00,1.3519,1.35669,1.34864,1.35401,97951
2022-02-16 00:00:00,1.35316,1.3601,1.35282,1.3582,84897
2022-02-17 00:00:00,1.35802,1.36381,1.35555,1.3614,103953
2022-02-18 00:00:00,1.36128,1.3642699999999999,1.3572899999999999,1.35929,87104
2022-02-21 00:00:00,1.35835,1.36383,1.35798,1.35991,79696
2022-02-22 00:00:00,1.35962,1.36047,1.3538299999999999,1.35859,97335
2022-02-23 00:00:00,1.35823,1.36205,1.35358,1.35468,95686
2022-02-24 00:00:00,1.35409,1.35493,1.32727,1.33766,145852
2022-02-25 00:00:00,1.33707,1.34388,1.3366500000000001,1.34098,107202
2022-02-28 00:00:00,1.33132,1.34315,1.33132,1.34192,115118
2022-03-01 00:00:00,1.34111,1.34372,1.3302399999999999,1.33247,101572
2022-03-02 00:00:00,1.33193,1.3407,1.32715,1.34045,106885
2022-03-03 00:00:00,1.34026,1.34177,1.3317700000000001,1.33487,94765
2022-03-04 00:00:00,1.33465,1.33538,1.32024,1.32338,101405
2022-03-07 00:00:00,1.32215,1.32367,1.31018,1.31034,124102
2022-03-08 00:00:00,1.31042,1.31444,1.30819,1.30993,129611
2022-03-09 00:00:00,1.3094999999999999,1.31898,1.3088199999999999,1.31863,92727
2022-03-10 00:00:00,1.31802,1.31946,1.30815,1.30835,91352
2022-03-11 00:00:00,1.30839,1.31247,1.30274,1.3036699999999999,86715
2022-03-14 00:00:00,1.30322,1.30792,1.30008,1.30008,82023
2022-03-15 00:00:00,1.30017,1.30885,1.30002,1.30414,83287
2022-03-16 00:00:00,1.30376,1.31566,1.30311,1.3147199999999999,101509
2022-03-17 00:00:00,1.31484,1.32107,1.30877,1.31494,91333
2022-03-18 00:00:00,1.3146900000000001,1.31968,1.31108,1.31762,74826
2022-03-21 00:00:00,1.31658,1.321,1.31268,1.31677,65981
2022-03-22 00:00:00,1.3165,1.32737,1.312,1.32622,92556
2022-03-23 00:00:00,1.32625,1.32985,1.31751,1.32049,72551
2022-03-24 00:00:00,1.32023,1.3214000000000001,1.3157,1.31868,83583
2022-03-25 00:00:00,1.31881,1.32249,1.3159100000000001,1.31829,81566
2022-03-28 00:00:00,1.3173300000000001,1.3184,1.3066900000000001,1.30942,90763
2022-03-29 00:00:00,1.30887,1.31596,1.3050899999999999,1.30934,101381
2022-03-30 00:00:00,1.30804,1.31823,1.30804,1.31352,94874
2022-03-31 00:00:00,1.3133,1.31757,1.3106200000000001,1.3143099999999999,97423
2022-04-01 00:00:00,1.31383,1.31516,1.30864,1.3111,83947
2022-04-04 00:00:00,1.30822,1.3136999999999999,1.30822,1.31148,61651
2022-04-05 00:00:00,1.3112,1.31669,1.30667,1.30718,68846
2022-04-06 00:00:00,1.30735,1.31081,1.3045499999999999,1.30683,91969
2022-04-07 00:00:00,1.30673,1.31066,1.30518,1.30737,79719
2022-04-08 00:00:00,1.30736,1.30857,1.2982,1.30337,70234
2022-04-11 00:00:00,1.30234,1.30566,1.2989,1.30278,68516
2022-04-12 00:00:00,1.30289,1.30538,1.2993700000000001,1.3001,97494
2022-04-13 00:00:00,1.29995,1.31173,1.29728,1.31161,74026
2022-04-14 00:00:00,1.31117,1.31473,1.3033299999999999,1.30793,72062
2022-04-15 00:00:00,1.30746,1.30766,1.3044,1.30592,94422
2022-04-18 00:00:00,1.30467,1.30646,1.30047,1.30101,60999
2022-04-19 00:00:00,1.30071,1.30407,1.29805,1.29984,81699
2022-04-20 00:00:00,1.29951,1.30704,1.29885,1.30687,86886
2022-04-21 00:00:00,1.3064200000000001,1.30902,1.30223,1.30266,88886
2022-04-22 00:00:00,1.30297,1.30351,1.28229,1.28383,91697
2022-04-25 00:00:00,1.28298,1.2839800000000001,1.26973,1.27413,109032
2022-04-26 00:00:00,1.27389,1.27724,1.25712,1.25747,91698
2022-04-27 00:00:00,1.25702,1.26019,1.25026,1.25454,87286
2022-04-28 00:00:00,1.25439,1.25698,1.24116,1.24587,95378
2022-04-29 00:00:00,1.24542,1.26145,1.24461,1.2577,82204
2022-05-02 00:00:00,1.2570000000000001,1.25972,1.24729,1.24917,66910
2022-05-03 00:00:00,1.24884,1.25671,1.24704,1.24947,73505
2022-05-04 00:00:00,1.24948,1.2638,1.24567,1.26358,89033
2022-05-05 00:00:00,1.26268,1.26342,1.23252,1.23551,99599
2022-05-06 00:00:00,1.23565,1.23803,1.2276,1.23365,144166
2022-05-09 00:00:00,1.23425,1.24059,1.2261,1.23293,101544
2022-05-10 00:00:00,1.23305,1.23757,1.22916,1.2315800000000001,118818
2022-05-11 00:00:00,1.23255,1.24003,1.22375,1.2247,124268
2022-05-12 00:00:00,1.22485,1.22527,1.2165300000000001,1.21953,140408
2022-05-13 00:00:00,1.2195,1.22602,1.21556,1.22595,94028
2022-05-16 00:00:00,1.224,1.23295,1.2217,1.23218,104933
2022-05-17 00:00:00,1.23167,1.24989,1.23155,1.24928,104765
2022-05-18 00:00:00,1.24902,1.25008,1.23298,1.2344,101381
2022-05-19 00:00:00,1.23398,1.25244,1.2335099999999999,1.24709,132341
2022-05-20 00:00:00,1.24607,1.2500200000000001,1.24378,1.24917,110129
2022-05-23 00:00:00,1.24722,1.2601,1.24696,1.2587,94021
2022-05-24 00:00:00,1.25792,1.2598500000000001,1.24715,1.2534399999999999,98626
2022-05-25 00:00:00,1.25305,1.25908,1.24814,1.25777,104780
2022-05-26 00:00:00,1.25633,1.26208,1.25518,1.26081,95369
2022-05-27 00:00:00,1.25955,1.26665,1.2582,1.2629299999999999,84944
2022-05-30 00:00:00,1.26216,1.26599,1.26081,1.2653400000000001,71079
2022-05-31 00:00:00,1.26508,1.2655,1.25603,1.2602,113411
2022-06-01 00:00:00,1.25994,1.26166,1.24587,1.24836,91467
2022-06-02 00:00:00,1.24832,1.2586300000000001,1.24692,1.25747,69288
2022-06-03 00:00:00,1.25757,1.25899,1.24852,1.24862,73257
2022-06-06 00:00:00,1.24874,1.25774,1.24765,1.25296,78094
2022-06-07 00:00:00,1.25293,1.25995,1.24304,1.25889,99060
2022-06-08 00:00:00,1.25892,1.25976,1.25133,1.25357,100095
2022-06-09 00:00:00,1.25353,1.25586,1.2487,1.24955,120700
2022-06-10 00:00:00,1.2493400000000001,1.25175,1.23011,1.23112,116029
2022-06-13 00:00:00,1.2315,1.232,1.21069,1.21322,148843
2022-06-14 00:00:00,1.21309,1.22079,1.1934,1.19969,160507
2022-06-15 00:00:00,1.19937,1.22047,1.19824,1.2173,177052
2022-06-16 00:00:00,1.21766,1.24063,1.2040899999999999,1.23512,173230
2022-06-17 00:00:00,1.2354,1.23607,1.21729,1.2219,152114
2022-06-20 00:00:00,1.22204,1.228,1.2199,1.22415,104659
2022-06-21 00:00:00,1.22428,1.2324,1.22413,1.22791,113992
2022-06-22 00:00:00,1.22668,1.23144,1.21609,1.22621,132885
2022-06-23 00:00:00,1.22617,1.22943,1.217,1.2261,144067
2022-06-24 00:00:00,1.22502,1.23206,1.22407,1.22723,117235
2022-06-27 00:00:00,1.22648,1.23325,1.22379,1.22663,122177
2022-06-28 00:00:00,1.22643,1.2291400000000001,1.21804,1.21835,129015
2022-06-29 00:00:00,1.21825,1.22128,1.21056,1.21209,143733
2022-06-30 00:00:00,1.21211,1.21884,1.20918,1.21786,139347
2022-07-01 00:00:00,1.2177,1.21771,1.19759,1.20936,141963
2022-07-04 00:00:00,1.21006,1.21651,1.20845,1.2101899999999999,90521
2022-07-05 00:00:00,1.20996,1.21254,1.18987,1.19552,147446
2022-07-06 00:00:00,1.19337,1.19892,1.18759,1.19211,162008
2022-07-07 00:00:00,1.19127,1.20296,1.19089,1.20234,148353
2022-07-08 00:00:00,1.20219,1.2055500000000001,1.19197,1.20336,144563
2022-07-11 00:00:00,1.2012,1.20369,1.18666,1.18909,126845
2022-07-12 00:00:00,1.18862,1.19159,1.18073,1.18881,149520
2022-07-13 00:00:00,1.18854,1.19674,1.18273,1.18896,161821
2022-07-14 00:00:00,1.1889,1.1893,1.176,1.18243,184133
2022-07-15 00:00:00,1.18193,1.18746,1.18044,1.18639,135003
2022-07-18 00:00:00,1.1865999999999999,1.20333,1.18604,1.19497,111294
2022-07-19 00:00:00,1.19469,1.20454,1.19253,1.19974,122673
2022-07-20 00:00:00,1.19909,1.20379,1.19536,1.19788,128014
2022-07-21 00:00:00,1.19744,1.20038,1.18899,1.19998,149120
2022-07-22 00:00:00,1.1999900000000001,1.20639,1.19163,1.20053,163752
2022-07-25 00:00:00,1.19956,1.20864,1.1960600000000001,1.2046000000000001,124532
2022-07-26 00:00:00,1.20355,1.20903,1.19638,1.20261,111003
2022-07-27 00:00:00,1.20207,1.21862,1.20183,1.21551,122295
2022-07-28 00:00:00,1.21507,1.21913,1.21031,1.21773,132562
2022-07-29 00:00:00,1.21667,1.22457,1.20629,1.21825,133142
2022-08-01 00:00:00,1.21672,1.22934,1.2156500000000001,1.22537,113408
2022-08-02 00:00:00,1.2246,1.22791,1.21581,1.21619,159964
2022-08-03 00:00:00,1.21635,1.22076,1.21004,1.21468,130746
2022-08-04 00:00:00,1.21369,1.22145,1.20652,1.21583,115161
2022-08-05 00:00:00,1.21556,1.21691,1.20032,1.20735,112124
2022-08-08 00:00:00,1.20676,1.21376,1.20472,1.20771,77434
2022-08-09 00:00:00,1.20723,1.213,1.20631,1.20749,88364
2022-08-10 00:00:00,1.2075,1.22767,1.20649,1.2214800000000001,98551
2022-08-11 00:00:00,1.22165,1.22492,1.2181899999999999,1.22,111574
2022-08-12 00:00:00,1.21971,1.22163,1.20998,1.21353,96776
2022-08-15 00:00:00,1.21259,1.21484,1.205,1.20538,84307
2022-08-16 00:00:00,1.2052,1.21177,1.20073,1.20971,89817
2022-08-17 00:00:00,1.20884,1.21432,1.20279,1.20485,105522
2022-08-18 00:00:00,1.20466,1.20795,1.19227,1.19317,102091
2022-08-19 00:00:00,1.19245,1.19358,1.17919,1.18254,98065
2022-08-22 00:00:00,1.18247,1.18365,1.17419,1.17651,86585
2022-08-23 00:00:00,1.17616,1.18778,1.17172,1.18308,105936
2022-08-24 00:00:00,1.18283,1.18376,1.17555,1.1791800000000001,102902
2022-08-25 00:00:00,1.1792799999999999,1.18641,1.17834,1.18349,103779
2022-08-26 00:00:00,1.18324,1.19011,1.17332,1.17385,103052
2022-08-29 00:00:00,1.17249,1.17441,1.16483,1.17054,98442
2022-08-30 00:00:00,1.17068,1.17606,1.16212,1.16539,118446
2022-08-31 00:00:00,1.16466,1.16938,1.1599,1.16199,115347
2022-09-01 00:00:00,1.16188,1.1622,1.14984,1.1544,120495
2022-09-02 00:00:00,1.15426,1.15886,1.14959,1.15135,117467
2022-09-05 00:00:00,1.1476899999999999,1.15218,1.14434,1.15218,91943
2022-09-06 00:00:00,1.1514,1.16094,1.14936,1.15197,130664
2022-09-07 00:00:00,1.15178,1.15394,1.1405,1.15362,119737
2022-09-08 00:00:00,1.15186,1.15605,1.14603,1.15024,140973
2022-09-09 00:00:00,1.15024,1.1648,1.14971,1.15867,110634
2022-09-12 00:00:00,1.16376,1.17104,1.16004,1.16825,106266
2022-09-13 00:00:00,1.16803,1.17379,1.14923,1.14924,112415
2022-09-14 00:00:00,1.1491500000000001,1.1589800000000001,1.14799,1.154,128624
2022-09-15 00:00:00,1.15415,1.15488,1.14616,1.1466,95099
2022-09-16 00:00:00,1.14629,1.14801,1.13502,1.14229,111174
2022-09-19 00:00:00,1.14147,1.14419,1.13551,1.14336,76430
2022-09-20 00:00:00,1.14178,1.14608,1.13572,1.1381000000000001,125855
2022-09-21 00:00:00,1.13694,1.13847,1.12354,1.12662,138571
2022-09-22 00:00:00,1.12643,1.13641,1.1212,1.12523,209206
2022-09-23 00:00:00,1.12534,1.1274,1.08392,1.08448,142684
2022-09-26 00:00:00,1.07965,1.093,1.03527,1.06855,230592
2022-09-27 00:00:00,1.06841,1.08374,1.06488,1.07327,173649
2022-09-28 00:00:00,1.07309,1.09155,1.0539,1.08888,206303
2022-09-29 00:00:00,1.08828,1.11188,1.07619,1.11161,192485
2022-09-30 00:00:00,1.11173,1.12341,1.10249,1.11542,187634
2022-10-03 00:00:00,1.11624,1.13343,1.10946,1.13205,142076
2022-10-04 00:00:00,1.13228,1.14899,1.12804,1.14752,165923
2022-10-05 00:00:00,1.14752,1.14954,1.12268,1.1329500000000001,157003
2022-10-06 00:00:00,1.13249,1.13834,1.11124,1.11574,173672
2022-10-07 00:00:00,1.11578,1.12249,1.10554,1.10867,166632
2022-10-10 00:00:00,1.10766,1.11111,1.10196,1.10553,143322
2022-10-11 00:00:00,1.10561,1.11799,1.09524,1.0967,176568
2022-10-12 00:00:00,1.09638,1.11336,1.09231,1.10994,177214
2022-10-13 00:00:00,1.10972,1.13806,1.10569,1.13209,170531
2022-10-14 00:00:00,1.133,1.1366100000000001,1.11516,1.11774,179871
2022-10-17 00:00:00,1.12316,1.14397,1.12073,1.13611,156849
2022-10-18 00:00:00,1.135,1.14109,1.12553,1.13196,176280
2022-10-19 00:00:00,1.1314,1.13573,1.1185,1.1217,163729
2022-10-20 00:00:00,1.12124,1.13363,1.1171,1.12371,187940
2022-10-21 00:00:00,1.12218,1.13146,1.10603,1.12931,204439
2022-10-24 00:00:00,1.13917,1.14089,1.12578,1.12793,190299
2022-10-25 00:00:00,1.12754,1.14995,1.12708,1.14687,147022
2022-10-26 00:00:00,1.14652,1.16387,1.14303,1.16299,182611
2022-10-27 00:00:00,1.16092,1.16454,1.15489,1.15609,197289
2022-10-28 00:00:00,1.1559300000000001,1.16236,1.1503700000000001,1.16145,171467
2022-10-31 00:00:00,1.15723,1.16134,1.14602,1.14656,127150
2022-11-01 00:00:00,1.14668,1.15661,1.14369,1.14813,153486
2022-11-02 00:00:00,1.14813,1.15646,1.13875,1.13894,176018
2022-11-03 00:00:00,1.1389,1.1421999999999999,1.11515,1.11573,160655
2022-11-04 00:00:00,1.11534,1.13818,1.11455,1.13726,188567
2022-11-07 00:00:00,1.1303,1.15414,1.12903,1.15129,154830
2022-11-08 00:00:00,1.1513,1.15991,1.14296,1.15446,143632
2022-11-09 00:00:00,1.15282,1.15673,1.13338,1.13581,203358
2022-11-10 00:00:00,1.1350500000000001,1.17311,1.1341700000000001,1.17121,230375
2022-11-11 00:00:00,1.16992,1.18544,1.1647,1.18321,224536
2022-11-14 00:00:00,1.17954,1.18292,1.17099,1.17573,196666
2022-11-15 00:00:00,1.17428,1.2029,1.17357,1.1865,230108
2022-11-16 00:00:00,1.18635,1.1942,1.18314,1.19141,215019
2022-11-17 00:00:00,1.19076,1.19577,1.17622,1.18642,203586
2022-11-18 00:00:00,1.18579,1.19507,1.18558,1.1884000000000001,187645
2022-11-21 00:00:00,1.18921,1.18967,1.17785,1.1823,171632
2022-11-22 00:00:00,1.1817,1.19026,1.18156,1.18842,167635
2022-11-23 00:00:00,1.1883,1.20805,1.18725,1.20537,167587
2022-11-24 00:00:00,1.20501,1.21535,1.20429,1.21123,177134
2022-11-25 00:00:00,1.21088,1.21277,1.2058,1.20839,157459
2022-11-28 00:00:00,1.20631,1.21179,1.19403,1.19581,183685
2022-11-29 00:00:00,1.1945999999999999,1.20642,1.19451,1.19522,201362
2022-11-30 00:00:00,1.19481,1.2086999999999999,1.19004,1.20566,200894
2022-12-01 00:00:00,1.20529,1.23111,1.20421,1.22555,190799
2022-12-02 00:00:00,1.2252,1.2300200000000001,1.21345,1.22903,174833
2022-12-05 00:00:00,1.22623,1.23443,1.21617,1.2195,166802
2022-12-06 00:00:00,1.21707,1.22695,1.21277,1.21326,158842
2022-12-07 00:00:00,1.2128,1.22346,1.21064,1.22095,182845
2022-12-08 00:00:00,1.22,1.22472,1.21547,1.22364,166717
2022-12-09 00:00:00,1.22319,1.23225,1.22022,1.22605,176837
2022-12-12 00:00:00,1.22542,1.22987,1.22059,1.22643,150461
2022-12-13 00:00:00,1.22611,1.2444,1.22485,1.23652,198714
2022-12-14 00:00:00,1.23529,1.24466,1.23417,1.24274,190078
2022-12-15 00:00:00,1.24155,1.24273,1.21563,1.21774,188577
2022-12-16 00:00:00,1.21762,1.22229,1.21194,1.21515,177719
2022-12-19 00:00:00,1.21311,1.22417,1.21207,1.2145,136848
2022-12-20 00:00:00,1.2143,1.22233,1.20852,1.21836,217021
2022-12-21 00:00:00,1.21665,1.21921,1.2055,1.2082600000000001,160190
2022-12-22 00:00:00,1.20718,1.21473,1.1992099999999999,1.20411,163950
2022-12-23 00:00:00,1.2021600000000001,1.20901,1.20182,1.20405,142877
2022-12-27 00:00:00,1.20503,1.21123,1.20019,1.20302,131714
2022-12-28 00:00:00,1.20111,1.21257,1.20018,1.2019,141325
2022-12-29 00:00:00,1.201,1.20782,1.201,1.2055500000000001,136528
2022-12-30 00:00:00,1.2051,1.21073,1.20098,1.20636,129886
2023-01-02 00:00:00,1.20556,1.21001,1.2034799999999999,1.20455,24044
2023-01-03 00:00:00,1.20436,1.20844,1.19002,1.1966700000000001,159238
2023-01-04 00:00:00,1.19607,1.20876,1.19575,1.20567,165495
2023-01-05 00:00:00,1.20529,1.20774,1.18734,1.19114,160194
2023-01-06 00:00:00,1.1896,1.20993,1.18412,1.20943,176592
2023-01-09 00:00:00,1.20726,1.22098,1.20726,1.21841,162224
2023-01-10 00:00:00,1.21792,1.21977,1.21098,1.21508,170030
2023-01-11 00:00:00,1.21485,1.21781,1.21001,1.21481,141428
2023-01-12 00:00:00,1.21366,1.22465,1.2081,1.2212,184585
2023-01-13 00:00:00,1.21916,1.22485,1.21502,1.22352,154637
2023-01-16 00:00:00,1.22038,1.22889,1.21716,1.21958,132506
2023-01-17 00:00:00,1.21956,1.23006,1.21694,1.22883,179072
2023-01-18 00:00:00,1.22867,1.24358,1.22538,1.23438,191076
2023-01-19 00:00:00,1.23481,1.23973,1.23131,1.23907,167618
2023-01-20 00:00:00,1.23883,1.24045,1.23353,1.23996,143864
2023-01-23 00:00:00,1.24004,1.24478,1.23235,1.23783,128953
2023-01-24 00:00:00,1.23743,1.24137,1.22629,1.23391,124552
2023-01-25 00:00:00,1.23279,1.2404,1.22828,1.24006,132613
2023-01-26 00:00:00,1.23941,1.24305,1.23449,1.2410700000000001,123814
2023-01-27 00:00:00,1.24008,1.24189,1.23452,1.23982,106897
2023-01-30 00:00:00,1.2389999999999999,1.24175,1.23367,1.23502,134080
2023-01-31 00:00:00,1.23471,1.23715,1.2284,1.23182,118910
2023-02-01 00:00:00,1.23142,1.23937,1.22722,1.23727,133698
2023-02-02 00:00:00,1.23747,1.24019,1.22223,1.2223600000000001,159043
2023-02-03 00:00:00,1.22241,1.22655,1.20465,1.20512,151953
2023-02-06 00:00:00,1.20307,1.20773,1.20054,1.2021600000000001,129543
2023-02-07 00:00:00,1.20179,1.2095,1.19611,1.20482,151438
2023-02-08 00:00:00,1.20443,1.21097,1.20362,1.20707,132302
2023-02-09 00:00:00,1.20672,1.2194,1.20567,1.21179,133599
2023-02-10 00:00:00,1.21151,1.21395,1.20471,1.20579,146238
2023-02-13 00:00:00,1.20606,1.21518,1.20307,1.214,120901
2023-02-14 00:00:00,1.21334,1.22699,1.21171,1.21747,166317
2023-02-15 00:00:00,1.21706,1.21816,1.19898,1.20329,154639
2023-02-16 00:00:00,1.20301,1.20743,1.19653,1.19875,162494
2023-02-17 00:00:00,1.19883,1.20493,1.19148,1.20402,145161
2023-02-20 00:00:00,1.20258,1.20569,1.20145,1.20404,121093
2023-02-21 00:00:00,1.20379,1.21475,1.1985999999999999,1.21107,151509
2023-02-22 00:00:00,1.21119,1.21355,1.20342,1.20456,136286
2023-02-23 00:00:00,1.20443,1.20746,1.19919,1.2015500000000001,111080
2023-02-24 00:00:00,1.2006999999999999,1.20419,1.1928,1.1939,128708
2023-02-27 00:00:00,1.19525,1.2066,1.19223,1.2062,107697
2023-02-28 00:00:00,1.206,1.21431,1.20178,1.2022599999999999,113331
2023-03-01 00:00:00,1.2018,1.20888,1.1965,1.20264,139716
2023-03-02 00:00:00,1.20255,1.20366,1.19249,1.19478,131849
2023-03-03 00:00:00,1.19425,1.20484,1.1938900000000001,1.2044,110826
2023-03-06 00:00:00,1.20198,1.20489,1.19926,1.20258,100220
2023-03-07 00:00:00,1.20196,1.20652,1.18216,1.18259,121958
2023-03-08 00:00:00,1.18262,1.18592,1.18027,1.18437,94935
2023-03-09 00:00:00,1.1832799999999999,1.1938900000000001,1.18314,1.19232,99499
2023-03-10 00:00:00,1.19158,1.21134,1.19076,1.20316,157930
2023-03-13 00:00:00,1.20617,1.22,1.20461,1.2182,203652
2023-03-14 00:00:00,1.2178499999999999,1.22037,1.21286,1.21585,157183
2023-03-15 00:00:00,1.21555,1.21821,1.20102,1.20546,205510
2023-03-16 00:00:00,1.2054,1.2128,1.20272,1.21105,173373
2023-03-17 00:00:00,1.21002,1.22006,1.21,1.21764,135614
2023-03-20 00:00:00,1.21995,1.2285,1.2167,1.22787,150118
2023-03-21 00:00:00,1.22729,1.22826,1.21789,1.2217,89193
2023-03-22 00:00:00,1.22051,1.23353,1.22051,1.2268,113891
2023-03-23 00:00:00,1.22596,1.2343600000000001,1.22577,1.22871,117944
2023-03-24 00:00:00,1.22838,1.22926,1.21901,1.2229700000000001,115220
2023-03-27 00:00:00,1.22195,1.22932,1.22189,1.22872,86544
2023-03-28 00:00:00,1.22801,1.23493,1.22775,1.23403,79264
2023-03-29 00:00:00,1.23385,1.23616,1.23029,1.23152,88626
2023-03-30 00:00:00,1.23069,1.23929,1.22937,1.23877,83682
2023-03-31 00:00:00,1.23796,1.24231,1.23244,1.23297,83913
2023-04-03 00:00:00,1.23273,1.24234,1.22743,1.24171,90746
2023-04-04 00:00:00,1.24064,1.25253,1.2395,1.24997,98073
2023-04-05 00:00:00,1.24999,1.25144,1.24323,1.24612,94474
2023-04-06 00:00:00,1.24548,1.24869,1.24127,1.2438,68245
2023-04-07 00:00:00,1.24386,1.24559,1.23893,1.24121,55984
2023-04-10 00:00:00,1.24131,1.24428,1.23448,1.2382,66958
2023-04-11 00:00:00,1.23787,1.24564,1.23785,1.2425,80967
2023-04-12 00:00:00,1.24209,1.24954,1.23983,1.24835,84330
2023-04-13 00:00:00,1.24794,1.25375,1.24773,1.25229,83396
2023-04-14 00:00:00,1.25187,1.25469,1.23992,1.24148,85873
2023-04-17 00:00:00,1.24031,1.24383,1.23533,1.23766,84864
2023-04-18 00:00:00,1.23664,1.24499,1.23664,1.24243,72313
2023-04-19 00:00:00,1.24245,1.24743,1.23923,1.24395,81565
2023-04-20 00:00:00,1.24377,1.24681,1.24052,1.24427,82819
2023-04-21 00:00:00,1.24387,1.24482,1.23671,1.24437,80509
2023-04-24 00:00:00,1.24357,1.24862,1.2410700000000001,1.24859,74306
2023-04-25 00:00:00,1.24787,1.25071,1.23868,1.24098,91550
2023-04-26 00:00:00,1.24061,1.25156,1.24028,1.24679,107232
2023-04-27 00:00:00,1.24646,1.24996,1.24364,1.24976,102468
2023-04-28 00:00:00,1.24848,1.25839,1.24465,1.2567300000000001,128068
2023-05-01 00:00:00,1.2554699999999999,1.2569,1.24806,1.24952,84078
2023-05-02 00:00:00,1.24884,1.25125,1.24357,1.24675,100038
2023-05-03 00:00:00,1.24603,1.25901,1.24603,1.2565,105056
2023-05-04 00:00:00,1.25513,1.25989,1.25475,1.25722,126742
2023-05-05 00:00:00,1.25683,1.26526,1.25568,1.26312,92150
2023-05-08 00:00:00,1.26257,1.26687,1.26132,1.26186,66707
2023-05-09 00:00:00,1.26136,1.26397,1.25781,1.26209,83060
2023-05-10 00:00:00,1.26158,1.268,1.26024,1.2624900000000001,81328
2023-05-11 00:00:00,1.2619099999999999,1.26407,1.24967,1.2511700000000001,96372
2023-05-12 00:00:00,1.2509000000000001,1.2541,1.24448,1.24481,75577
2023-05-15 00:00:00,1.2447,1.25348,1.24441,1.25277,67969
2023-05-16 00:00:00,1.25233,1.2546599999999999,1.24654,1.2485,81228
2023-05-17 00:00:00,1.24813,1.25105,1.24217,1.24863,86758
2023-05-18 00:00:00,1.24868,1.24931,1.23916,1.24084,85370
2023-05-19 00:00:00,1.2404,1.24838,1.23921,1.2446,94705
2023-05-22 00:00:00,1.2436,1.24725,1.24138,1.24368,83739
2023-05-23 00:00:00,1.24329,1.24466,1.23732,1.24143,90299
2023-05-24 00:00:00,1.24101,1.24698,1.23577,1.23645,99445
2023-05-25 00:00:00,1.23604,1.2387,1.2308,1.23214,91222
2023-05-26 00:00:00,1.23212,1.23953,1.2311,1.23501,91376
2023-05-29 00:00:00,1.2332,1.23716,1.23315,1.23526,41919
2023-05-30 00:00:00,1.23464,1.24467,1.23268,1.24118,83938
2023-05-31 00:00:00,1.23944,1.24439,1.23479,1.24399,94095
2023-06-01 00:00:00,1.24264,1.2539799999999999,1.24009,1.25257,94353
2023-06-02 00:00:00,1.2522,1.25445,1.24415,1.24499,77179
2023-06-05 00:00:00,1.24433,1.24484,1.23683,1.24329,73768
2023-06-06 00:00:00,1.24223,1.24591,1.23917,1.24232,78320
2023-06-07 00:00:00,1.24194,1.25,1.2395,1.24374,77242
2023-06-08 00:00:00,1.24308,1.25609,1.24287,1.25599,80617
2023-06-09 00:00:00,1.25553,1.25904,1.2534100000000001,1.25796,79292
2023-06-12 00:00:00,1.2545600000000001,1.25998,1.24871,1.25118,63175
2023-06-13 00:00:00,1.24973,1.2625,1.24973,1.26109,96465
2023-06-14 00:00:00,1.26063,1.26993,1.26006,1.26619,97647
2023-06-15 00:00:00,1.26572,1.27857,1.26294,1.27843,79585
2023-06-16 00:00:00,1.27796,1.28485,1.27681,1.28206,83434
2023-06-19 00:00:00,1.28122,1.2837,1.27707,1.27923,58458
2023-06-20 00:00:00,1.27877,1.28065,1.27136,1.27643,91445
2023-06-21 00:00:00,1.27519,1.28023,1.26911,1.2766600000000001,109503
2023-06-22 00:00:00,1.2769,1.28404,1.27257,1.27474,105518
2023-06-23 00:00:00,1.27389,1.27511,1.26833,1.27161,108589
2023-06-26 00:00:00,1.27063,1.27487,1.2688,1.27107,90394
2023-06-27 00:00:00,1.271,1.27594,1.27013,1.2747899999999999,99658
2023-06-28 00:00:00,1.27502,1.2752,1.2606600000000001,1.2635,98652
2023-06-29 00:00:00,1.26352,1.26668,1.25909,1.26117,94332
2023-06-30 00:00:00,1.26088,1.27278,1.25992,1.2694,94253
2023-07-03 00:00:00,1.26882,1.27233,1.26585,1.26897,74133
2023-07-04 00:00:00,1.2687300000000001,1.27393,1.26814,1.27123,61156
2023-07-05 00:00:00,1.2711700000000001,1.2735400000000001,1.26881,1.27029,73835
2023-07-06 00:00:00,1.26984,1.27809,1.26734,1.27387,96475
2023-07-07 00:00:00,1.27321,1.28495,1.27259,1.28379,90695
2023-07-10 00:00:00,1.28293,1.28683,1.27503,1.28606,73262
2023-07-11 00:00:00,1.28578,1.29348,1.28543,1.29308,76969
2023-07-12 00:00:00,1.29307,1.30007,1.2904200000000001,1.29879,86626
2023-07-13 00:00:00,1.2980800000000001,1.31411,1.2980800000000001,1.31351,94225
2023-07-14 00:00:00,1.31257,1.31423,1.30893,1.30911,88308
2023-07-17 00:00:00,1.30912,1.31091,1.3050899999999999,1.30728,77214
2023-07-18 00:00:00,1.30727,1.31257,1.30282,1.30342,92962
2023-07-19 00:00:00,1.30344,1.30414,1.28677,1.29394,98013
2023-07-20 00:00:00,1.29349,1.29646,1.2839800000000001,1.28668,87558
2023-07-21 00:00:00,1.2867199999999999,1.29044,1.28158,1.28533,88132
2023-07-24 00:00:00,1.2843499999999999,1.28838,1.27978,1.28235,92950
2023-07-25 00:00:00,1.28136,1.29047,1.28095,1.2901500000000001,78798
2023-07-26 00:00:00,1.2895699999999999,1.29604,1.28753,1.29414,98118
2023-07-27 00:00:00,1.29372,1.29958,1.2782,1.27949,113416
2023-07-28 00:00:00,1.27915,1.28879,1.27631,1.28464,108670
2023-07-31 00:00:00,1.28384,1.28726,1.2828300000000001,1.2833999999999999,80831
2023-08-01 00:00:00,1.28318,1.28411,1.27411,1.2775699999999999,77947
2023-08-02 00:00:00,1.27731,1.28051,1.26802,1.27096,104280
2023-08-03 00:00:00,1.2707,1.2728,1.26204,1.2708,98260
2023-08-04 00:00:00,1.27061,1.27921,1.2681499999999999,1.27495,96889
2023-08-07 00:00:00,1.274,1.27894,1.2713,1.27836,80287
2023-08-08 00:00:00,1.2782,1.27853,1.2684,1.2748,96081
2023-08-09 00:00:00,1.2742499999999999,1.27823,1.2711999999999999,1.2717,76597
2023-08-10 00:00:00,1.27162,1.2818800000000001,1.26697,1.26748,89389
2023-08-11 00:00:00,1.2671700000000001,1.27387,1.26661,1.26963,94549
2023-08-14 00:00:00,1.26917,1.2714699999999999,1.26165,1.26865,94070
2023-08-15 00:00:00,1.26841,1.27525,1.2675100000000001,1.27035,107951
2023-08-16 00:00:00,1.26972,1.27663,1.2687,1.27317,96582
2023-08-17 00:00:00,1.27207,1.27877,1.27027,1.27464,92219
2023-08-18 00:00:00,1.2742200000000001,1.2765900000000001,1.26891,1.2733400000000001,83952
2023-08-21 00:00:00,1.27274,1.2766600000000001,1.27103,1.27568,73011
2023-08-22 00:00:00,1.27528,1.28004,1.27185,1.27317,81874
2023-08-23 00:00:00,1.27324,1.27648,1.26148,1.27236,95882
2023-08-24 00:00:00,1.27182,1.27287,1.25914,1.2600500000000001,88855
2023-08-25 00:00:00,1.25965,1.26546,1.25479,1.2576800000000001,91960
2023-08-28 00:00:00,1.2570999999999999,1.26108,1.25656,1.26023,82302
2023-08-29 00:00:00,1.2596,1.26549,1.25627,1.26433,89517
2023-08-30 00:00:00,1.26388,1.27467,1.2619099999999999,1.2721,91293
2023-08-31 00:00:00,1.27135,1.27345,1.26525,1.26723,84503
2023-09-01 00:00:00,1.2663,1.27128,1.25773,1.25874,87073
2023-09-04 00:00:00,1.25841,1.26426,1.25841,1.26279,52283
2023-09-05 00:00:00,1.2619099999999999,1.2631700000000001,1.25282,1.25651,93329
2023-09-06 00:00:00,1.25593,1.25879,1.24819,1.25064,87664
2023-09-07 00:00:00,1.2499500000000001,1.25084,1.24457,1.24709,85744
2023-09-08 00:00:00,1.24707,1.25141,1.24512,1.24602,89108
2023-09-11 00:00:00,1.24648,1.25484,1.2458,1.25083,88194
2023-09-12 00:00:00,1.25086,1.2530299999999999,1.24596,1.24919,82512
2023-09-13 00:00:00,1.24836,1.25119,1.24338,1.249,108304
2023-09-14 00:00:00,1.24805,1.2506300000000001,1.23966,1.24096,98522
2023-09-15 00:00:00,1.24085,1.2446,1.23788,1.23843,88893
2023-09-18 00:00:00,1.2376,1.24105,1.23624,1.23847,68707
2023-09-19 00:00:00,1.2382900000000001,1.24248,1.237,1.23912,79607
2023-09-20 00:00:00,1.23838,1.24215,1.23321,1.2343600000000001,103357
2023-09-21 00:00:00,1.23245,1.2345,1.22306,1.2294,98503
2023-09-22 00:00:00,1.22952,1.22954,1.22306,1.22364,95094
2023-09-25 00:00:00,1.22475,1.22504,1.21937,1.22103,99554
2023-09-26 00:00:00,1.21999,1.22154,1.21524,1.21562,101768
2023-09-27 00:00:00,1.21583,1.21644,1.21105,1.21342,99589
2023-09-28 00:00:00,1.2131,1.22247,1.21201,1.22036,111628
2023-09-29 00:00:00,1.21959,1.22718,1.21803,1.22028,113844
2023-10-02 00:00:00,1.21736,1.22201,1.2086000000000001,1.20866,107154
2023-10-03 00:00:00,1.20822,1.2101899999999999,1.20523,1.2076,112469
2023-10-04 00:00:00,1.2068,1.21771,1.20373,1.21351,113691
2023-10-05 00:00:00,1.21339,1.21959,1.2107700000000001,1.2192,113496
2023-10-06 00:00:00,1.21814,1.22616,1.21057,1.22339,128577
2023-10-09 00:00:00,1.22007,1.22441,1.2163,1.22369,112462
2023-10-10 00:00:00,1.22321,1.22916,1.22115,1.2285300000000001,118991
2023-10-11 00:00:00,1.22789,1.23374,1.22624,1.23123,117474
2023-10-12 00:00:00,1.2310699999999999,1.23316,1.21717,1.21747,114713
2023-10-13 00:00:00,1.21746,1.22253,1.21225,1.21368,127331
2023-10-16 00:00:00,1.213,1.22194,1.21234,1.22167,103206
2023-10-17 00:00:00,1.22089,1.22164,1.21328,1.21822,108001
2023-10-18 00:00:00,1.21823,1.2211,1.21371,1.21404,118819
2023-10-19 00:00:00,1.21368,1.2192,1.20899,1.21426,137943
2023-10-20 00:00:00,1.21415,1.21704,1.2093099999999999,1.2164,116954
2023-10-23 00:00:00,1.21484,1.2258499999999999,1.21416,1.22468,108066
2023-10-24 00:00:00,1.22416,1.22887,1.21532,1.21605,109409
2023-10-25 00:00:00,1.2159,1.21759,1.21061,1.21112,100790
2023-10-26 00:00:00,1.21078,1.21395,1.20694,1.2127,118628
2023-10-27 00:00:00,1.21272,1.2163,1.2105299999999999,1.21205,111074
2023-10-30 00:00:00,1.2112,1.21744,1.20901,1.21685,94579
2023-10-31 00:00:00,1.21586,1.22006,1.21196,1.21471,100697
2023-11-01 00:00:00,1.21481,1.21644,1.20957,1.2151,119284
2023-11-02 00:00:00,1.21456,1.22255,1.2132100000000001,1.22036,106353
2023-11-03 00:00:00,1.21947,1.23896,1.21844,1.238,112955
2023-11-06 00:00:00,1.23613,1.24285,1.23381,1.23428,94373
2023-11-07 00:00:00,1.23419,1.2347299999999999,1.22624,1.22993,103917
2023-11-08 00:00:00,1.22923,1.23016,1.22417,1.22843,106370
2023-11-09 00:00:00,1.22812,1.23087,1.22127,1.22225,117660
2023-11-10 00:00:00,1.22181,1.22378,1.2187000000000001,1.22234,106406
2023-11-13 00:00:00,1.22057,1.22802,1.21978,1.22779,89321
2023-11-14 00:00:00,1.22705,1.25061,1.22654,1.2498,103421
2023-11-15 00:00:00,1.24948,1.24996,1.24035,1.24156,112364
2023-11-16 00:00:00,1.24113,1.24558,1.23764,1.2414100000000001,103874
2023-11-17 00:00:00,1.24027,1.24649,1.23738,1.24622,107975
2023-11-20 00:00:00,1.2438,1.25176,1.2438,1.25047,110144
2023-11-21 00:00:00,1.24992,1.25592,1.24943,1.25376,117405
2023-11-22 00:00:00,1.2528299999999999,1.25497,1.2449,1.2494,111533
2023-11-23 00:00:00,1.24848,1.25697,1.24734,1.2533,81839
2023-11-24 00:00:00,1.2524600000000001,1.26154,1.2523900000000001,1.26027,106205
2023-11-27 00:00:00,1.25967,1.26446,1.25888,1.26274,120192
2023-11-28 00:00:00,1.26227,1.27152,1.2606600000000001,1.2696,137742
2023-11-29 00:00:00,1.2689,1.27332,1.26647,1.26936,152758
2023-11-30 00:00:00,1.26899,1.27108,1.26035,1.26234,157688
2023-12-01 00:00:00,1.26166,1.27162,1.26118,1.27096,151678
2023-12-04 00:00:00,1.26878,1.27246,1.26038,1.26318,154824
2023-12-05 00:00:00,1.26262,1.26518,1.25774,1.25952,157564
2023-12-06 00:00:00,1.25915,1.2613699999999999,1.2551700000000001,1.25595,132339
2023-12-07 00:00:00,1.2553,1.26126,1.25387,1.25933,158526
2023-12-08 00:00:00,1.25821,1.26014,1.25023,1.2548300000000001,174661
2023-12-11 00:00:00,1.25225,1.25909,1.2521200000000001,1.25553,128276
2023-12-12 00:00:00,1.2549299999999999,1.26157,1.25141,1.2562,137291
2023-12-13 00:00:00,1.25607,1.26345,1.25003,1.26181,155060
2023-12-14 00:00:00,1.26118,1.27941,1.26016,1.27645,213463
2023-12-15 00:00:00,1.27482,1.27909,1.26682,1.2674400000000001,170303
2023-12-18 00:00:00,1.26819,1.2704,1.26287,1.2646899999999999,127934
2023-12-19 00:00:00,1.2624,1.27619,1.2624,1.27318,137937
2023-12-20 00:00:00,1.27227,1.27325,1.2624900000000001,1.2638099999999999,139074
2023-12-21 00:00:00,1.26277,1.26959,1.26124,1.2689599999999999,150555
2023-12-22 00:00:00,1.2669000000000001,1.27441,1.2665899999999999,1.26969,136977
2023-12-26 00:00:00,1.26884,1.2730299999999999,1.26831,1.27228,85647
2023-12-27 00:00:00,1.27112,1.28025,1.26985,1.27984,104886
2023-12-28 00:00:00,1.27885,1.2828,1.27122,1.27305,121928
2023-12-29 00:00:00,1.27271,1.2772700000000001,1.27002,1.27375,125465
2024-01-02 00:00:00,1.27184,1.27599,1.26106,1.2618800000000001,160786
2024-01-03 00:00:00,1.26146,1.26766,1.25939,1.26637,174300
2024-01-04 00:00:00,1.2656,1.27299,1.26523,1.26824,147377
2024-01-05 00:00:00,1.2676,1.2771,1.26112,1.27167,174547
2024-01-08 00:00:00,1.2708,1.27671,1.26733,1.27477,126005
2024-01-09 00:00:00,1.27459,1.27651,1.26894,1.27094,123980
2024-01-10 00:00:00,1.27003,1.27441,1.26862,1.27419,113382
2024-01-11 00:00:00,1.27283,1.27808,1.2690000000000001,1.27622,176778
2024-01-12 00:00:00,1.27511,1.27856,1.27195,1.27494,156297
2024-01-15 00:00:00,1.27375,1.27652,1.27129,1.27253,95897
2024-01-16 00:00:00,1.27244,1.27285,1.26192,1.2635399999999999,168126
2024-01-17 00:00:00,1.26269,1.2696399999999999,1.25963,1.26758,157624
2024-01-18 00:00:00,1.26718,1.27081,1.26481,1.2705600000000001,151975
2024-01-19 00:00:00,1.27041,1.27146,1.26609,1.27019,126538
2024-01-22 00:00:00,1.2677,1.27328,1.2677,1.27087,113149
2024-01-23 00:00:00,1.27017,1.27471,1.26491,1.26862,122180
2024-01-24 00:00:00,1.26721,1.27749,1.26699,1.27243,142079
2024-01-25 00:00:00,1.27158,1.27427,1.2681499999999999,1.2707600000000001,149116
2024-01-26 00:00:00,1.26999,1.27585,1.26755,1.27031,120744
2024-01-29 00:00:00,1.26905,1.27188,1.2662,1.27091,114670
2024-01-30 00:00:00,1.27029,1.27211,1.26403,1.26997,116679
2024-01-31 00:00:00,1.26945,1.27508,1.2658,1.26861,177532
2024-02-01 00:00:00,1.26644,1.27556,1.26253,1.27435,165260
2024-02-02 00:00:00,1.2739,1.27722,1.2614,1.26333,145502
2024-02-05 00:00:00,1.26215,1.26325,1.25183,1.25351,129063
2024-02-06 00:00:00,1.2530299999999999,1.26029,1.25253,1.25974,129263
2024-02-07 00:00:00,1.2591999999999999,1.2642,1.25816,1.26276,127041
2024-02-08 00:00:00,1.2619,1.26387,1.25716,1.2616399999999999,119620
2024-02-09 00:00:00,1.26131,1.26429,1.25993,1.26303,111533
2024-02-12 00:00:00,1.26179,1.26548,1.26061,1.26273,93678
2024-02-13 00:00:00,1.26218,1.26875,1.25729,1.2592400000000001,132385
2024-02-14 00:00:00,1.25838,1.26111,1.25353,1.25658,121065
2024-02-15 00:00:00,1.25545,1.26016,1.254,1.25998,90616
2024-02-16 00:00:00,1.2588,1.26245,1.25506,1.26001,92919
2024-02-19 00:00:00,1.25953,1.26296,1.25834,1.2596,59774
2024-02-20 00:00:00,1.25884,1.2668300000000001,1.25792,1.26219,89156
2024-02-21 00:00:00,1.26163,1.26417,1.26025,1.26376,91221
2024-02-22 00:00:00,1.2631299999999999,1.27094,1.26114,1.26606,98516
2024-02-23 00:00:00,1.26547,1.27011,1.26483,1.267,92851
2024-02-26 00:00:00,1.26707,1.26994,1.26565,1.26853,78898
2024-02-27 00:00:00,1.26742,1.26967,1.26602,1.26857,84342
2024-02-28 00:00:00,1.26817,1.26868,1.26212,1.26609,78977
2024-02-29 00:00:00,1.26501,1.26816,1.26124,1.26241,100974
2024-03-01 00:00:00,1.26125,1.26637,1.25997,1.26555,86791
2024-03-04 00:00:00,1.26506,1.27064,1.26396,1.26912,65521
2024-03-05 00:00:00,1.26859,1.2735,1.26711,1.2705,79846
2024-03-06 00:00:00,1.26978,1.27613,1.26901,1.27315,59815
2024-03-07 00:00:00,1.27286,1.2811,1.27213,1.2808,62922
2024-03-08 00:00:00,1.28015,1.28935,1.2801,1.28571,64142
2024-03-11 00:00:00,1.28436,1.28619,1.2795,1.28131,58265
2024-03-12 00:00:00,1.2799800000000001,1.28233,1.27459,1.27933,65396
2024-03-13 00:00:00,1.27821,1.28112,1.27744,1.2796699999999999,58536
2024-03-14 00:00:00,1.27927,1.28228,1.27305,1.27527,68184
2024-03-15 00:00:00,1.27502,1.27586,1.27251,1.27355,68978
2024-03-18 00:00:00,1.27183,1.27466,1.27169,1.27284,50474
2024-03-19 00:00:00,1.27265,1.27328,1.26675,1.27211,71681
2024-03-20 00:00:00,1.27168,1.2787,1.2684199999999999,1.27863,79100
2024-03-21 00:00:00,1.27804,1.2803200000000001,1.26504,1.26573,84001
2024-03-22 00:00:00,1.2655,1.2675100000000001,1.25751,1.25992,80525
2024-03-25 00:00:00,1.25897,1.26523,1.25874,1.26361,61202
2024-03-26 00:00:00,1.2633,1.26679,1.26219,1.26275,61599
2024-03-27 00:00:00,1.26239,1.2641200000000001,1.26054,1.26401,72878
2024-03-28 00:00:00,1.26216,1.26545,1.25857,1.2623199999999999,70445
2024-03-29 00:00:00,1.2622,1.26454,1.26097,1.26175,21051
2024-04-01 00:00:00,1.26255,1.2642,1.2539500000000001,1.25507,65400
2024-04-02 00:00:00,1.2548,1.25785,1.25394,1.25772,62944
2024-04-03 00:00:00,1.25696,1.2656,1.25624,1.26517,77588
2024-04-04 00:00:00,1.26458,1.26837,1.2635,1.26423,64136
2024-04-05 00:00:00,1.2629000000000001,1.26484,1.25742,1.26376,80579
2024-04-08 00:00:00,1.2622499999999999,1.26638,1.26097,1.26546,71258
2024-04-09 00:00:00,1.26348,1.27091,1.26348,1.2677100000000001,70335
2024-04-10 00:00:00,1.26613,1.27078,1.25202,1.25397,85651
2024-04-11 00:00:00,1.25293,1.25784,1.25108,1.25529,92896
2024-04-12 00:00:00,1.2549000000000001,1.25587,1.2426599999999999,1.24499,92174
2024-04-15 00:00:00,1.24296,1.24983,1.24286,1.24448,99412
2024-04-16 00:00:00,1.24353,1.24719,1.24052,1.2426300000000001,105715
2024-04-17 00:00:00,1.24223,1.24817,1.24169,1.2454399999999999,90496
2024-04-18 00:00:00,1.24363,1.24845,1.24335,1.24362,79404
2024-04-19 00:00:00,1.2433,1.2468,1.23667,1.23713,90071
2024-04-22 00:00:00,1.23657,1.23921,1.22993,1.2349700000000001,60666
2024-04-23 00:00:00,1.23421,1.24585,1.23288,1.24498,80507
2024-04-24 00:00:00,1.24318,1.2469999999999999,1.24225,1.24636,66932
2024-04-25 00:00:00,1.24628,1.25264,1.2439,1.25128,90183
2024-04-26 00:00:00,1.25082,1.2541,1.24489,1.24928,80145
2024-04-29 00:00:00,1.24747,1.25694,1.24636,1.2561200000000001,101940
2024-04-30 00:00:00,1.2555100000000001,1.2564,1.24899,1.24912,96315
2024-05-01 00:00:00,1.24825,1.255,1.24662,1.25289,98128
2024-05-02 00:00:00,1.25195,1.25445,1.2471700000000001,1.2534100000000001,104690
2024-05-03 00:00:00,1.25231,1.26342,1.25088,1.2546599999999999,108335
2024-05-06 00:00:00,1.25318,1.25946,1.25272,1.25619,99942
2024-05-07 00:00:00,1.25576,1.25708,1.25006,1.25075,102374
2024-05-08 00:00:00,1.25017,1.25111,1.24676,1.24973,96464
2024-05-09 00:00:00,1.24973,1.25267,1.24457,1.25233,106111
2024-05-10 00:00:00,1.2515800000000001,1.25412,1.25024,1.25235,98353
2024-05-13 00:00:00,1.25145,1.25688,1.25112,1.25589,96399
2024-05-14 00:00:00,1.2555100000000001,1.2593,1.25094,1.25916,105725
2024-05-15 00:00:00,1.25853,1.26862,1.25831,1.26858,107962
2024-05-16 00:00:00,1.26803,1.27007,1.26433,1.26702,98577
2024-05-17 00:00:00,1.2662900000000001,1.2711999999999999,1.26447,1.27003,88639
2024-05-20 00:00:00,1.26804,1.27256,1.2677800000000001,1.27053,78823
2024-05-21 00:00:00,1.26966,1.2726600000000001,1.26861,1.27089,73279
2024-05-22 00:00:00,1.27036,1.27613,1.27001,1.27169,94131
2024-05-23 00:00:00,1.27118,1.27466,1.26853,1.26984,108590
2024-05-24 00:00:00,1.26906,1.2751000000000001,1.2674400000000001,1.2735699999999999,99062
2024-05-27 00:00:00,1.2724199999999999,1.27778,1.2724199999999999,1.27682,53556
2024-05-28 00:00:00,1.27688,1.28007,1.27538,1.27613,92366
2024-05-29 00:00:00,1.27564,1.27718,1.2699,1.27,107383
2024-05-30 00:00:00,1.26996,1.27471,1.2681,1.27321,104018
2024-05-31 00:00:00,1.27258,1.2766,1.27002,1.2742200000000001,110346
2024-06-03 00:00:00,1.27231,1.2808,1.26943,1.28072,109731
2024-06-04 00:00:00,1.2805,1.28174,1.27427,1.27691,116699
2024-06-05 00:00:00,1.27602,1.27953,1.27552,1.27869,94204
2024-06-06 00:00:00,1.27797,1.28091,1.27625,1.2791000000000001,92566
2024-06-07 00:00:00,1.2788300000000001,1.28116,1.27158,1.27221,115300
2024-06-10 00:00:00,1.27229,1.27372,1.2688,1.27305,96823
2024-06-11 00:00:00,1.27251,1.27516,1.27057,1.2739099999999999,97104
2024-06-12 00:00:00,1.27307,1.28606,1.2719,1.27979,120749
2024-06-13 00:00:00,1.27938,1.28074,1.27383,1.27631,148873
2024-06-14 00:00:00,1.27511,1.27636,1.26569,1.2686600000000001,124308
2024-06-17 00:00:00,1.2681200000000001,1.27095,1.26589,1.27041,113323
2024-06-18 00:00:00,1.2699500000000001,1.2720799999999999,1.26688,1.27082,104882
2024-06-19 00:00:00,1.26981,1.274,1.26971,1.2719,56272
2024-06-20 00:00:00,1.27127,1.27233,1.26547,1.2656800000000001,75916
2024-06-21 00:00:00,1.26522,1.26733,1.2622,1.26406,81443
2024-06-24 00:00:00,1.2633,1.26979,1.26264,1.26859,75642
2024-06-25 00:00:00,1.26871,1.27024,1.26702,1.26861,74264
2024-06-26 00:00:00,1.26764,1.2693400000000001,1.26155,1.26213,81747
2024-06-27 00:00:00,1.26162,1.26707,1.26129,1.26398,78102
2024-06-28 00:00:00,1.2635399999999999,1.26618,1.2619500000000001,1.26434,86653
2024-07-01 00:00:00,1.26457,1.2707600000000001,1.26333,1.26497,83446
2024-07-02 00:00:00,1.26383,1.26878,1.26155,1.2685,77632
2024-07-03 00:00:00,1.26756,1.27772,1.26728,1.27424,68983
2024-07-04 00:00:00,1.27377,1.27676,1.27314,1.27585,50684
2024-07-05 00:00:00,1.27577,1.28171,1.27541,1.28146,96601
2024-07-08 00:00:00,1.27874,1.28457,1.27856,1.28067,90224
2024-07-09 00:00:00,1.28052,1.28251,1.27778,1.27864,94308
2024-07-10 00:00:00,1.2778800000000001,1.28488,1.2778800000000001,1.28479,88645
2024-07-11 00:00:00,1.28472,1.29494,1.2846199999999999,1.29136,108454
2024-07-12 00:00:00,1.29117,1.2990599999999999,1.28985,1.2987,112781
2024-07-15 00:00:00,1.29643,1.29948,1.29618,1.29678,102513
2024-07-16 00:00:00,1.29669,1.29799,1.29378,1.29736,80430
2024-07-17 00:00:00,1.29658,1.30444,1.29629,1.30084,90646
2024-07-18 00:00:00,1.30048,1.30129,1.29402,1.2943,91090
2024-07-19 00:00:00,1.29406,1.29508,1.29,1.29108,79982
2024-07-22 00:00:00,1.29087,1.29423,1.29051,1.29335,77163
2024-07-23 00:00:00,1.29306,1.29348,1.28878,1.29068,74313
2024-07-24 00:00:00,1.29036,1.2937400000000001,1.28775,1.29066,81326
2024-07-25 00:00:00,1.2895400000000001,1.29135,1.28494,1.28495,100681
2024-07-26 00:00:00,1.2845900000000001,1.2878,1.2845900000000001,1.28664,75051
2024-07-29 00:00:00,1.28563,1.28881,1.28068,1.2861,78308
2024-07-30 00:00:00,1.28556,1.28661,1.28197,1.28357,78998
2024-07-31 00:00:00,1.28261,1.28643,1.28208,1.2855400000000001,103213
2024-08-01 00:00:00,1.28492,1.28627,1.2726899999999999,1.27387,89586
2024-08-02 00:00:00,1.27286,1.2839800000000001,1.27069,1.28048,79557
2024-08-05 00:00:00,1.27968,1.28169,1.27099,1.27763,131880
2024-08-06 00:00:00,1.27661,1.2803,1.26726,1.26915,95617
2024-08-07 00:00:00,1.26828,1.27359,1.2680799999999999,1.26923,79114
2024-08-08 00:00:00,1.26849,1.27524,1.2664900000000001,1.27485,77007
2024-08-09 00:00:00,1.27485,1.27739,1.2726199999999999,1.2757800000000001,63913
2024-08-12 00:00:00,1.2756,1.27939,1.27468,1.27654,53868
2024-08-13 00:00:00,1.27554,1.2873,1.27554,1.28629,69954
2024-08-14 00:00:00,1.28576,1.28684,1.28175,1.28265,69987
2024-08-15 00:00:00,1.28227,1.28718,1.27988,1.28533,63770
2024-08-16 00:00:00,1.28483,1.2946,1.28481,1.29444,52018
2024-08-19 00:00:00,1.29325,1.29974,1.29283,1.29905,60507
2024-08-20 00:00:00,1.29865,1.30524,1.2974,1.30337,68147
2024-08-21 00:00:00,1.3033299999999999,1.31193,1.30109,1.30908,72975
2024-08-22 00:00:00,1.30829,1.31293,1.3076400000000001,1.30917,69624
2024-08-23 00:00:00,1.30866,1.32304,1.30843,1.32178,71303
2024-08-26 00:00:00,1.31977,1.32224,1.3179699999999999,1.31871,66971
2024-08-27 00:00:00,1.31847,1.32667,1.31771,1.32609,71686
2024-08-28 00:00:00,1.32548,1.32621,1.31673,1.31905,72889
2024-08-29 00:00:00,1.3191899999999999,1.32271,1.31447,1.3168199999999999,74928
2024-08-30 00:00:00,1.31608,1.31999,1.31094,1.31294,71133
2024-09-02 00:00:00,1.3125,1.3155000000000001,1.31192,1.31461,43174
2024-09-03 00:00:00,1.3143,1.31494,1.30875,1.31151,73104
2024-09-04 00:00:00,1.31116,1.31752,1.3098,1.31482,67791
2024-09-05 00:00:00,1.31414,1.31854,1.3136999999999999,1.3180399999999999,66949
2024-09-06 00:00:00,1.31765,1.32374,1.31102,1.31303,78805
2024-09-09 00:00:00,1.31119,1.31433,1.30678,1.30728,64291
2024-09-10 00:00:00,1.30697,1.31076,1.30494,1.30793,63902
2024-09-11 00:00:00,1.3067,1.31112,1.30019,1.30431,75745
2024-09-12 00:00:00,1.30435,1.31271,1.30319,1.31256,68492
2024-09-13 00:00:00,1.31232,1.31579,1.31147,1.31234,68484
2024-09-16 00:00:00,1.31215,1.32182,1.31167,1.32153,64667
2024-09-17 00:00:00,1.32121,1.323,1.31459,1.3159399999999999,70451
2024-09-18 00:00:00,1.31483,1.32977,1.31474,1.32123,78396
2024-09-19 00:00:00,1.31973,1.3314,1.31535,1.32846,95073
2024-09-20 00:00:00,1.32734,1.33403,1.3268,1.3321399999999999,81540
2024-09-23 00:00:00,1.33099,1.33595,1.32484,1.33483,98415
2024-09-24 00:00:00,1.3338999999999999,1.3416000000000001,1.33315,1.3412899999999999,135589
2024-09-25 00:00:00,1.34108,1.34299,1.3312300000000001,1.33227,148614
2024-09-26 00:00:00,1.33181,1.34344,1.33124,1.34151,153974
2024-09-27 00:00:00,1.34078,1.3427799999999999,1.33597,1.3372,153644
2024-09-30 00:00:00,1.3367,1.34232,1.33498,1.33762,142391
2024-10-01 00:00:00,1.33671,1.33896,1.3237,1.32847,171490
2024-10-02 00:00:00,1.3280699999999999,1.3305799999999999,1.32457,1.32666,135206
2024-10-03 00:00:00,1.32576,1.32703,1.3091599999999999,1.3123,167080
2024-10-04 00:00:00,1.31144,1.31751,1.3069600000000001,1.31209,110930
2024-10-07 00:00:00,1.31106,1.3134299999999999,1.30591,1.30826,103711
2024-10-08 00:00:00,1.30732,1.31137,1.30632,1.31051,98233
2024-10-09 00:00:00,1.30858,1.31049,1.30555,1.30727,89906
2024-10-10 00:00:00,1.30654,1.30941,1.3020800000000001,1.30588,99520
2024-10-11 00:00:00,1.3042500000000001,1.30832,1.30415,1.30657,71796
2024-10-14 00:00:00,1.30566,1.3072,1.30298,1.30597,70156
2024-10-15 00:00:00,1.30449,1.31029,1.30352,1.30743,81485
2024-10-16 00:00:00,1.30715,1.30772,1.29766,1.2989600000000001,84555
2024-10-17 00:00:00,1.29803,1.3023500000000001,1.29737,1.30109,91023
2024-10-18 00:00:00,1.3005499999999999,1.3071,1.30004,1.30488,79740
2024-10-21 00:00:00,1.30417,1.3057699999999999,1.29768,1.29844,80289
2024-10-22 00:00:00,1.29789,1.30153,1.29446,1.29851,85005
2024-10-23 00:00:00,1.2966,1.2995,1.29071,1.29205,82318
2024-10-24 00:00:00,1.29141,1.29884,1.29089,1.29771,88006
2024-10-25 00:00:00,1.29654,1.29988,1.29558,1.29599,76539
2024-10-28 00:00:00,1.29704,1.30016,1.29395,1.297,79497
2024-10-29 00:00:00,1.29685,1.3014999999999999,1.29579,1.30146,92091
2024-10-30 00:00:00,1.30133,1.30435,1.29369,1.2962500000000001,101898
2024-10-31 00:00:00,1.29612,1.29999,1.28436,1.28995,109398
2024-11-01 00:00:00,1.28987,1.29804,1.28844,1.29192,93732
2024-11-04 00:00:00,1.29687,1.2999,1.2934,1.29566,95914
2024-11-05 00:00:00,1.29487,1.30424,1.2947600000000001,1.30417,82205
2024-11-06 00:00:00,1.30332,1.3048,1.28341,1.28791,178823
2024-11-07 00:00:00,1.28702,1.30093,1.28696,1.2987,120845
2024-11-08 00:00:00,1.29848,1.2989,1.28836,1.29187,107982
2024-11-11 00:00:00,1.29081,1.2925900000000001,1.28558,1.28692,83873
2024-11-12 00:00:00,1.28665,1.28735,1.2719,1.27471,109961
2024-11-13 00:00:00,1.27407,1.27682,1.26863,1.2708,109297
2024-11-14 00:00:00,1.27,1.2720099999999999,1.26296,1.26666,113022
2024-11-15 00:00:00,1.26578,1.26973,1.25971,1.2615,112131
2024-11-18 00:00:00,1.2616399999999999,1.26868,1.26041,1.26773,92920
2024-11-19 00:00:00,1.26692,1.26897,1.2612700000000001,1.26824,99818
2024-11-20 00:00:00,1.26741,1.27148,1.26308,1.26528,91595
2024-11-21 00:00:00,1.26465,1.26604,1.2576100000000001,1.2589299999999999,97935
2024-11-22 00:00:00,1.25877,1.25943,1.2487,1.25314,108783
2024-11-25 00:00:00,1.25898,1.2613699999999999,1.25413,1.25682,103216
2024-11-26 00:00:00,1.25664,1.26166,1.25068,1.25688,118582
2024-11-27 00:00:00,1.25672,1.26944,1.25651,1.26792,107041
2024-11-28 00:00:00,1.26703,1.26912,1.26446,1.26865,73944
2024-11-29 00:00:00,1.2678,1.27502,1.2671700000000001,1.27359,104326
2024-12-02 00:00:00,1.27189,1.27329,1.2616399999999999,1.26539,121928
2024-12-03 00:00:00,1.26463,1.27,1.26364,1.26725,102149
2024-12-04 00:00:00,1.2664,1.27215,1.263,1.26999,108670
2024-12-05 00:00:00,1.27019,1.27706,1.26926,1.2760500000000001,87926
2024-12-06 00:00:00,1.27527,1.28108,1.27209,1.27421,92070
2024-12-09 00:00:00,1.27285,1.27992,1.27167,1.27511,83997
2024-12-10 00:00:00,1.27451,1.2778,1.27237,1.27716,85423
2024-12-11 00:00:00,1.2763900000000001,1.2781799999999999,1.27129,1.27507,94688
2024-12-12 00:00:00,1.2744900000000001,1.27881,1.26665,1.26735,95875
2024-12-13 00:00:00,1.26734,1.26792,1.26081,1.26219,83268
2024-12-16 00:00:00,1.2610999999999999,1.26987,1.26081,1.2683200000000001,68689
2024-12-17 00:00:00,1.26743,1.27287,1.26662,1.27126,72025
2024-12-18 00:00:00,1.2701500000000001,1.2723900000000001,1.25619,1.25721,85851
2024-12-19 00:00:00,1.25647,1.26671,1.24949,1.25009,102742
2024-12-20 00:00:00,1.24979,1.26144,1.24749,1.25677,88499
2024-12-23 00:00:00,1.25587,1.25885,1.25099,1.25356,64230
2024-12-24 00:00:00,1.25263,1.25749,1.25189,1.2530000000000001,44675
2024-12-26 00:00:00,1.2546599999999999,1.25507,1.25012,1.25266,45357
2024-12-27 00:00:00,1.25183,1.2592400000000001,1.25045,1.2575,63424
2024-12-30 00:00:00,1.25721,1.26074,1.25065,1.25516,65299
2024-12-31 00:00:00,1.2539500000000001,1.25695,1.25052,1.25094,61795
2025-01-02 00:00:00,1.251,1.25406,1.23521,1.23805,80366
2025-01-03 00:00:00,1.23681,1.24341,1.23672,1.2422,64466
2025-01-06 00:00:00,1.2418,1.25512,1.24096,1.252,88913
2025-01-07 00:00:00,1.2511,1.2576100000000001,1.24769,1.2477,81853
2025-01-08 00:00:00,1.24758,1.2494399999999999,1.23206,1.23631,85420
2025-01-09 00:00:00,1.23572,1.23658,1.22383,1.23072,75614
2025-01-10 00:00:00,1.2302,1.23218,1.2192,1.2207,91606
2025-01-13 00:00:00,1.22025,1.22102,1.20996,1.22028,91549
2025-01-14 00:00:00,1.2194099999999999,1.22504,1.21381,1.22155,95231
2025-01-15 00:00:00,1.22088,1.23062,1.21584,1.22434,81402
2025-01-16 00:00:00,1.22328,1.22606,1.21751,1.22379,88209
2025-01-17 00:00:00,1.22322,1.22445,1.21601,1.21672,104072
2025-01-20 00:00:00,1.21711,1.23447,1.21599,1.23273,140445
2025-01-21 00:00:00,1.23197,1.23602,1.2229,1.23533,178095
2025-01-22 00:00:00,1.2345,1.23766,1.2307,1.23159,138976
2025-01-23 00:00:00,1.23065,1.23759,1.22932,1.2352,145213
2025-01-24 00:00:00,1.23442,1.25022,1.23442,1.24842,152589
2025-01-27 00:00:00,1.2465600000000001,1.2523,1.24256,1.2499500000000001,164161
2025-01-28 00:00:00,1.2495,1.24979,1.2414399999999999,1.24423,147080
2025-01-29 00:00:00,1.24356,1.24636,1.23929,1.245,165106
2025-01-30 00:00:00,1.24421,1.24772,1.24079,1.24167,150344
2025-01-31 00:00:00,1.24104,1.2472,1.23858,1.23911,171652
2025-02-03 00:00:00,1.22927,1.24551,1.22493,1.24491,272973
2025-02-04 00:00:00,1.24493,1.24933,1.23788,1.24814,166645
2025-02-05 00:00:00,1.24811,1.25502,1.24625,1.25042,144524
2025-02-06 00:00:00,1.2505,1.25096,1.23605,1.24344,134262
2025-02-07 00:00:00,1.24291,1.24922,1.23763,1.2399499999999999,152988
2025-02-10 00:00:00,1.23692,1.24226,1.23629,1.23663,119718
2025-02-11 00:00:00,1.23624,1.2455,1.2331699999999999,1.24465,113858
2025-02-12 00:00:00,1.24333,1.24838,1.23765,1.24432,159049
2025-02-13 00:00:00,1.24334,1.25686,1.24334,1.25659,170263
2025-02-14 00:00:00,1.25549,1.26302,1.25461,1.25849,127071
2025-02-17 00:00:00,1.25839,1.2635,1.25774,1.26257,93182
2025-02-18 00:00:00,1.26142,1.26241,1.2582499999999999,1.26129,115686
2025-02-19 00:00:00,1.2610299999999999,1.26394,1.25629,1.25853,129883
2025-02-20 00:00:00,1.25765,1.26715,1.25752,1.26691,136229
2025-02-21 00:00:00,1.2665899999999999,1.26786,1.26251,1.26306,140542
2025-02-24 00:00:00,1.2629000000000001,1.26907,1.26116,1.26245,153509
2025-02-25 00:00:00,1.26214,1.2677800000000001,1.26059,1.26666,156126
2025-02-26 00:00:00,1.26614,1.27154,1.26348,1.26768,149754
2025-02-27 00:00:00,1.26733,1.26889,1.25975,1.26007,156440
2025-02-28 00:00:00,1.2594400000000001,1.26221,1.25591,1.25786,159439
2025-03-03 00:00:00,1.2578,1.2724199999999999,1.25745,1.27016,193277
2025-03-04 00:00:00,1.2693699999999999,1.27997,1.26786,1.2795,222172
2025-03-05 00:00:00,1.2790599999999999,1.2901,1.27678,1.28956,228765
2025-03-06 00:00:00,1.28928,1.29241,1.28657,1.28816,228847
2025-03-07 00:00:00,1.2876699999999999,1.29449,1.28728,1.2922500000000001,191550
2025-03-10 00:00:00,1.29139,1.29468,1.28612,1.28787,189515
2025-03-11 00:00:00,1.28735,1.29656,1.28725,1.2949899999999999,199757
2025-03-12 00:00:00,1.29409,1.29885,1.29132,1.29631,165959
2025-03-13 00:00:00,1.29549,1.29736,1.29205,1.29516,159233
2025-03-14 00:00:00,1.29414,1.2959100000000001,1.29108,1.29379,156430
2025-03-17 00:00:00,1.29165,1.29989,1.29165,1.29905,127063
2025-03-18 00:00:00,1.2989,1.30101,1.29517,1.30016,126940
2025-03-19 00:00:00,1.3000099999999999,1.30114,1.29548,1.30033,136794
2025-03-20 00:00:00,1.29949,1.30149,1.2935699999999999,1.29668,126865
2025-03-21 00:00:00,1.29637,1.29707,1.28876,1.29141,124992
2025-03-24 00:00:00,1.28934,1.29744,1.28917,1.2923200000000001,142123
2025-03-25 00:00:00,1.29229,1.29671,1.29006,1.29449,120234
2025-03-26 00:00:00,1.29412,1.29494,1.2873999999999999,1.2888,134545
2025-03-27 00:00:00,1.28858,1.29924,1.2870599999999999,1.29491,144202
2025-03-28 00:00:00,1.29454,1.29683,1.29222,1.29432,123171
2025-03-31 00:00:00,1.2933,1.29731,1.28861,1.29169,159743
2025-04-01 00:00:00,1.29108,1.29407,1.28791,1.2923200000000001,156200
2025-04-02 00:00:00,1.29172,1.30248,1.29006,1.30085,152011
2025-04-03 00:00:00,1.2999399999999999,1.3207200000000001,1.297,1.3101099999999999,300494
2025-04-04 00:00:00,1.3090899999999999,1.31137,1.28533,1.28852,355787
2025-04-07 00:00:00,1.28316,1.29341,1.27081,1.2723,399042
2025-04-08 00:00:00,1.27157,1.28145,1.27152,1.2765,279893
2025-04-09 00:00:00,1.27488,1.2864200000000001,1.2743,1.2824900000000001,355736
2025-04-10 00:00:00,1.28111,1.29959,1.28019,1.29697,300875
2025-04-11 00:00:00,1.29644,1.31449,1.29627,1.30739,345629
2025-04-14 00:00:00,1.30895,1.3201100000000001,1.30631,1.3189899999999999,235439
2025-04-15 00:00:00,1.31816,1.32517,1.3164,1.32315,189310
2025-04-16 00:00:00,1.32206,1.32926,1.32116,1.32404,194172
2025-04-17 00:00:00,1.32236,1.32732,1.32025,1.32676,172023
2025-04-18 00:00:00,1.32598,1.32928,1.32483,1.32885,677238
2025-04-21 00:00:00,1.32743,1.34222,1.32676,1.33801,144824
2025-04-22 00:00:00,1.33673,1.34237,1.3324799999999999,1.33315,167651
2025-04-23 00:00:00,1.33252,1.33393,1.32334,1.32534,206635
2025-04-24 00:00:00,1.3256000000000001,1.3349,1.3244799999999999,1.33384,139197
2025-04-25 00:00:00,1.33341,1.33398,1.32739,1.33136,118295
2025-04-28 00:00:00,1.33027,1.34442,1.32798,1.34426,128490
2025-04-29 00:00:00,1.34243,1.34442,1.33802,1.34066,115569
2025-04-30 00:00:00,1.33978,1.34147,1.33088,1.33311,136861
2025-05-01 00:00:00,1.33253,1.33456,1.32603,1.3277700000000001,117782
2025-05-02 00:00:00,1.32687,1.3330899999999999,1.32591,1.3268,143212
2025-05-05 00:00:00,1.32616,1.33365,1.32587,1.32966,114067
2025-05-06 00:00:00,1.32901,1.34028,1.32599,1.33684,124009
2025-05-07 00:00:00,1.33632,1.33784,1.32798,1.32907,143536
2025-05-08 00:00:00,1.32857,1.33565,1.32366,1.3244799999999999,150145
2025-05-09 00:00:00,1.32406,1.33229,1.32111,1.32973,107697
2025-05-12 00:00:00,1.32548,1.32995,1.314,1.3176,163117
2025-05-13 00:00:00,1.3166,1.33157,1.3161,1.33039,135145
2025-05-14 00:00:00,1.33014,1.33601,1.32535,1.3259400000000001,143727
2025-05-15 00:00:00,1.32498,1.33198,1.32498,1.33045,134597
2025-05-16 00:00:00,1.32955,1.33328,1.32503,1.32833,117196
2025-05-19 00:00:00,1.32638,1.3403800000000001,1.32638,1.33609,137131
2025-05-20 00:00:00,1.33517,1.33948,1.33345,1.33934,136674
2025-05-21 00:00:00,1.3383099999999999,1.34688,1.33742,1.34195,154024
2025-05-22 00:00:00,1.34142,1.3441,1.33906,1.34179,146947
2025-05-23 00:00:00,1.34175,1.35396,1.34055,1.35348,138417
2025-05-26 00:00:00,1.35183,1.3593600000000001,1.35183,1.35633,83621
2025-05-27 00:00:00,1.35562,1.3587,1.35002,1.35072,121208
2025-05-28 00:00:00,1.3502100000000001,1.35222,1.34493,1.347,125267
2025-05-29 00:00:00,1.34639,1.35074,1.34155,1.34914,144306
2025-05-30 00:00:00,1.34832,1.35113,1.3448,1.34566,131629
2025-06-02 00:00:00,1.34599,1.35599,1.34508,1.3544,129013
2025-06-03 00:00:00,1.35362,1.35594,1.34916,1.35181,116273
2025-06-04 00:00:00,1.351,1.35802,1.35011,1.35542,123572
2025-06-05 00:00:00,1.3552,1.36168,1.35405,1.35699,136281
2025-06-06 00:00:00,1.35654,1.35846,1.35073,1.35253,122759
2025-06-09 00:00:00,1.35212,1.35811,1.35202,1.3549,92671
2025-06-10 00:00:00,1.3549,1.35645,1.34558,1.34978,115046
2025-06-11 00:00:00,1.34932,1.35671,1.34641,1.35474,121469
2025-06-12 00:00:00,1.35405,1.36237,1.35229,1.36127,139720
2025-06-13 00:00:00,1.36145,1.36326,1.3516,1.35686,152681
2025-06-16 00:00:00,1.35522,1.36219,1.35342,1.35764,130541
2025-06-17 00:00:00,1.35706,1.35795,1.3415300000000001,1.34284,140265
2025-06-18 00:00:00,1.34192,1.34765,1.33998,1.34207,145451
2025-06-19 00:00:00,1.3419699999999999,1.34699,1.3382399999999999,1.34683,108434
2025-06-20 00:00:00,1.34458,1.3510900000000001,1.3441,1.34486,120449
2025-06-23 00:00:00,1.33969,1.35307,1.33701,1.35243,166760
2025-06-24 00:00:00,1.35153,1.36487,1.35099,1.3614600000000001,144146
2025-06-25 00:00:00,1.3606500000000001,1.36713,1.35907,1.3663699999999999,114253
2025-06-26 00:00:00,1.36619,1.37707,1.36484,1.37277,147786
2025-06-27 00:00:00,1.37255,1.37527,1.36826,1.37181,129146
2025-06-30 00:00:00,1.37015,1.37408,1.36744,1.37341,125483
2025-07-01 00:00:00,1.37215,1.37889,1.37032,1.37463,125878
2025-07-02 00:00:00,1.37361,1.37528,1.3563,1.3633899999999999,129339
2025-07-03 00:00:00,1.3633600000000001,1.3675899999999999,1.3584399999999999,1.36541,118969
2025-07-04 00:00:00,1.36561,1.36817,1.3633899999999999,1.36465,130730
2025-07-07 00:00:00,1.36459,1.3658000000000001,1.3575,1.36006,121508
2025-07-08 00:00:00,1.35983,1.36466,1.3525,1.35923,130365
2025-07-09 00:00:00,1.35823,1.36198,1.35638,1.35858,102604
2025-07-10 00:00:00,1.35803,1.36197,1.3533,1.35782,100061
2025-07-11 00:00:00,1.35707,1.35854,1.34808,1.3493,118935
2025-07-14 00:00:00,1.3485,1.35045,1.3424,1.3427,115988
2025-07-15 00:00:00,1.3423,1.34671,1.33785,1.33845,129350
2025-07-16 00:00:00,1.33761,1.34855,1.33651,1.34195,157720
2025-07-17 00:00:00,1.34115,1.34233,1.33738,1.34184,119217
2025-07-18 00:00:00,1.34081,1.34752,1.34037,1.34083,99982
2025-07-21 00:00:00,1.34073,1.35107,1.34018,1.34915,105713
2025-07-22 00:00:00,1.34845,1.35337,1.3462,1.35336,108254
2025-07-23 00:00:00,1.35247,1.35842,1.35148,1.35797,126587
2025-07-24 00:00:00,1.35711,1.35891,1.35026,1.3507,128319
2025-07-25 00:00:00,1.35052,1.35128,1.34157,1.34302,131028
2025-07-28 00:00:00,1.34174,1.34527,1.33513,1.33544,138150
2025-07-29 00:00:00,1.33507,1.3364099999999999,1.33075,1.33503,150190
2025-07-30 00:00:00,1.33405,1.3386,1.32264,1.32371,170110
2025-07-31 00:00:00,1.32294,1.32821,1.31854,1.32037,153954
2025-08-01 00:00:00,1.32068,1.33106,1.31393,1.32834,187483
2025-08-04 00:00:00,1.3282,1.33308,1.3253300000000001,1.3284500000000001,165280
2025-08-05 00:00:00,1.32817,1.33165,1.32592,1.33009,148906
2025-08-06 00:00:00,1.3294000000000001,1.33684,1.32808,1.3357,140526
2025-08-07 00:00:00,1.3357,1.34483,1.33454,1.34426,155895
2025-08-08 00:00:00,1.34426,1.34589,1.34175,1.34459,125103
2025-08-11 00:00:00,1.34451,1.34767,1.33989,1.34317,116002
2025-08-12 00:00:00,1.34317,1.3523800000000001,1.34161,1.34998,153170
2025-08-13 00:00:00,1.34998,1.35852,1.34907,1.35772,115852
2025-08-14 00:00:00,1.35654,1.35946,1.35208,1.35297,140796
2025-08-15 00:00:00,1.35297,1.3575300000000001,1.3523399999999999,1.35557,113820
2025-08-18 00:00:00,1.35496,1.35653,1.3501400000000001,1.3503,101371
2025-08-19 00:00:00,1.34966,1.35314,1.3477700000000001,1.34923,113946
2025-08-20 00:00:00,1.3485800000000001,1.35097,1.3447200000000001,1.34547,116524
2025-08-21 00:00:00,1.34508,1.34828,1.34054,1.34132,133900
2025-08-22 00:00:00,1.3406,1.3544399999999999,1.33903,1.35267,149087
2025-08-25 00:00:00,1.3512,1.35273,1.34456,1.34528,133472
2025-08-26 00:00:00,1.34541,1.34931,1.3434,1.34776,179264
2025-08-27 00:00:00,1.3470900000000001,1.3502100000000001,1.34157,1.34985,153211
2025-08-28 00:00:00,1.34867,1.35309,1.34832,1.3512,145647
2025-08-29 00:00:00,1.3512,1.3517000000000001,1.34461,1.35033,156015
2025-09-01 00:00:00,1.34886,1.35501,1.34886,1.35437,118377
2025-09-02 00:00:00,1.35382,1.35494,1.334,1.33965,186914
2025-09-03 00:00:00,1.33878,1.34584,1.3332899999999999,1.34458,138617
2025-09-04 00:00:00,1.34396,1.34595,1.34161,1.34355,139634
2025-09-05 00:00:00,1.34297,1.3555,1.34201,1.35061,174116
2025-09-08 00:00:00,1.34944,1.35565,1.34824,1.35439,162802
2025-09-09 00:00:00,1.35439,1.35908,1.35179,1.35267,155575
2025-09-10 00:00:00,1.3519700000000001,1.35635,1.35128,1.35306,162033
2025-09-11 00:00:00,1.35229,1.35827,1.3491900000000001,1.35731,165020
2025-09-12 00:00:00,1.35681,1.35805,1.35244,1.35598,158454
2025-09-15 00:00:00,1.35358,1.36199,1.35358,1.35981,163961
2025-09-16 00:00:00,1.3596,1.36721,1.35898,1.36449,177996
2025-09-17 00:00:00,1.36449,1.37255,1.36198,1.36234,168027
2025-09-18 00:00:00,1.36204,1.36602,1.35343,1.35532,200462
2025-09-19 00:00:00,1.35457,1.35598,1.34629,1.34694,211515
2025-09-22 00:00:00,1.34637,1.35203,1.3453,1.35121,183593
2025-09-23 00:00:00,1.35064,1.35364,1.3487,1.3525,214671
2025-09-24 00:00:00,1.3525,1.35284,1.34263,1.34479,184971
2025-09-25 00:00:00,1.34365,1.34673,1.3323800000000001,1.33416,216296
2025-09-26 00:00:00,1.33319,1.34131,1.3329,1.34036,186210
2025-09-29 00:00:00,1.33853,1.34568,1.33838,1.3430900000000001,181178
2025-09-30 00:00:00,1.342,1.34668,1.34137,1.34435,185701
2025-10-01 00:00:00,1.34435,1.35273,1.3434300000000001,1.34765,207460
2025-10-02 00:00:00,1.34702,1.35106,1.3401100000000001,1.34386,175644
2025-10-03 00:00:00,1.34315,1.34864,1.34274,1.34796,163820
2025-10-06 00:00:00,1.34367,1.34901,1.34162,1.34848,213541
2025-10-07 00:00:00,1.34814,1.34875,1.33921,1.34226,184694
2025-10-08 00:00:00,1.34226,1.34387,1.3370600000000001,1.34033,197666
2025-10-09 00:00:00,1.33987,1.34195,1.32794,1.33027,210858
2025-10-10 00:00:00,1.33027,1.33703,1.32614,1.33539,228888
2025-10-13 00:00:00,1.33415,1.3366500000000001,1.3314599999999999,1.33327,192738
2025-10-14 00:00:00,1.33327,1.33528,1.3248199999999999,1.3318400000000001,236304
2025-10-15 00:00:00,1.33162,1.3407499999999999,1.33113,1.34029,200372
2025-10-16 00:00:00,1.34029,1.34544,1.33874,1.34345,221621
2025-10-17 00:00:00,1.3427,1.34717,1.33907,1.34262,200152
2025-10-20 00:00:00,1.34234,1.3443399999999999,1.33995,1.3404099999999999,145142
2025-10-21 00:00:00,1.3404099999999999,1.3416000000000001,1.33606,1.33694,180857
2025-10-22 00:00:00,1.33694,1.33868,1.33052,1.33559,169857
2025-10-23 00:00:00,1.33496,1.336,1.33077,1.33247,124101
2025-10-24 00:00:00,1.33166,1.33682,1.3287499999999999,1.33102,169883
2025-10-27 00:00:00,1.3316,1.33535,1.33103,1.33346,147054
2025-10-28 00:00:00,1.33339,1.3369900000000001,1.32476,1.32704,168417
2025-10-29 00:00:00,1.32668,1.3280699999999999,1.31405,1.31944,196583
2025-10-30 00:00:00,1.31921,1.32192,1.31167,1.31497,184783
2025-10-31 00:00:00,1.31447,1.31651,1.30969,1.3144,149701
2025-11-03 00:00:00,1.3124500000000001,1.31625,1.31085,1.31386,139735
2025-11-04 00:00:00,1.31334,1.31407,1.30099,1.30197,150652
2025-11-05 00:00:00,1.30171,1.3054299999999999,1.30099,1.30512,137306
2025-11-06 00:00:00,1.30453,1.31429,1.30446,1.31381,157720
2025-11-07 00:00:00,1.31242,1.3175,1.30944,1.316,156898
2025-11-10 00:00:00,1.31449,1.31911,1.3134700000000001,1.31747,167266
2025-11-11 00:00:00,1.31651,1.31847,1.31162,1.31494,166259
2025-11-12 00:00:00,1.31494,1.31555,1.30841,1.31328,166919
2025-11-13 00:00:00,1.31243,1.3216,1.31006,1.31918,212793
2025-11-14 00:00:00,1.31918,1.32002,1.31076,1.3173599999999999,216579
2025-11-17 00:00:00,1.31485,1.31932,1.31355,1.3153299999999999,168208
2025-11-18 00:00:00,1.3153299999999999,1.3176700000000001,1.31333,1.3145,216076
2025-11-19 00:00:00,1.31411,1.3155299999999999,1.30433,1.30587,195404
2025-11-20 00:00:00,1.3050899999999999,1.31236,1.30378,1.30718,199199
2025-11-21 00:00:00,1.30639,1.31101,1.30382,1.31022,257053
2025-11-24 00:00:00,1.3096,1.31179,1.30802,1.31043,220679
2025-11-25 00:00:00,1.3103099999999999,1.32142,1.30952,1.31647,231559
2025-11-26 00:00:00,1.31647,1.32442,1.31242,1.32436,234172
2025-11-27 00:00:00,1.32436,1.32683,1.32096,1.3238699999999999,146180
2025-11-28 00:00:00,1.32313,1.32544,1.32006,1.32388,383592
2025-12-01 00:00:00,1.32155,1.32755,1.3205200000000001,1.32125,234290
2025-12-02 00:00:00,1.32071,1.32216,1.31793,1.32127,149067
2025-12-03 00:00:00,1.3208199999999999,1.3354300000000001,1.31954,1.33523,170773
2025-12-04 00:00:00,1.33481,1.3385500000000001,1.33213,1.33277,171694
2025-12-05 00:00:00,1.33182,1.33626,1.33159,1.33285,156292
2025-12-08 00:00:00,1.33218,1.33465,1.33054,1.33217,169676
2025-12-09 00:00:00,1.33149,1.33559,1.32869,1.32978,184321
2025-12-10 00:00:00,1.32919,1.33888,1.32912,1.33807,194083
2025-12-11 00:00:00,1.33775,1.34381,1.33548,1.33864,195303
2025-12-12 00:00:00,1.33804,1.34001,1.33419,1.33671,180037
2025-12-15 00:00:00,1.33718,1.34017,1.33545,1.3376299999999999,180293
2025-12-16 00:00:00,1.33642,1.34562,1.3355000000000001,1.34198,238246
2025-12-17 00:00:00,1.34146,1.34272,1.33114,1.3375,196687
2025-12-18 00:00:00,1.33689,1.3446500000000001,1.33406,1.33819,209792
2025-12-19 00:00:00,1.33731,1.3394300000000001,1.33569,1.33754,198612
2025-12-22 00:00:00,1.3388200000000001,1.3477700000000001,1.33592,1.34619,186079
2025-12-23 00:00:00,1.34507,1.35239,1.3450199999999999,1.35168,195254
2025-12-24 00:00:00,1.34957,1.35343,1.34917,1.35006,182374
2025-12-26 00:00:00,1.35227,1.35272,1.34774,1.34979,181648
2025-12-29 00:00:00,1.34833,1.35153,1.34692,1.35127,211475
2025-12-30 00:00:00,1.34973,1.35309,1.34497,1.34677,162257
2025-12-31 00:00:00,1.34585,1.34769,1.34019,1.34551,170753
2026-01-02 00:00:00,1.34566,1.3501699999999999,1.3434300000000001,1.34598,167955
2026-01-05 00:00:00,1.34455,1.35481,1.3414,1.3542399999999999,205857
2026-01-06 00:00:00,1.35386,1.3568,1.34914,1.35019,184511
2026-01-07 00:00:00,1.34943,1.35172,1.34562,1.34571,184760
2026-01-08 00:00:00,1.34528,1.3465799999999999,1.34158,1.34397,168034
2026-01-09 00:00:00,1.34272,1.3451,1.33922,1.33979,195649
2026-01-12 00:00:00,1.33936,1.34855,1.33906,1.34643,177081
2026-01-13 00:00:00,1.34574,1.34949,1.34215,1.34219,185297
2026-01-14 00:00:00,1.34169,1.3464,1.34169,1.3447,177913
2026-01-15 00:00:00,1.34305,1.34453,1.33624,1.3382,179866
2026-01-16 00:00:00,1.33707,1.34132,1.33659,1.33753,178011
2026-01-19 00:00:00,1.3345099999999999,1.34349,1.3339400000000001,1.34254,177186
2026-01-20 00:00:00,1.34098,1.34915,1.34098,1.34417,214843
2026-01-21 00:00:00,1.34341,1.3459400000000001,1.34015,1.34307,214377
2026-01-22 00:00:00,1.34307,1.35069,1.34016,1.3502100000000001,190959
2026-01-23 00:00:00,1.3502100000000001,1.36453,1.34821,1.36437,221640
2026-01-26 00:00:00,1.366,1.37135,1.3642699999999999,1.36781,234430
2026-01-27 00:00:00,1.3669799999999999,1.3869,1.36636,1.38473,260632
2026-01-28 00:00:00,1.38401,1.38487,1.3749799999999999,1.3807800000000001,273489
2026-01-29 00:00:00,1.37965,1.3848099999999999,1.37424,1.38099,296309
2026-01-30 00:00:00,1.38006,1.3815,1.36795,1.36835,315476
2026-02-02 00:00:00,1.3686,1.37154,1.36229,1.36684,293679
2026-02-03 00:00:00,1.36608,1.3707099999999999,1.36505,1.3697300000000001,235764
2026-02-04 00:00:00,1.36859,1.37334,1.3642,1.36523,217760
2026-02-05 00:00:00,1.36497,1.36589,1.35174,1.35318,231113
2026-02-06 00:00:00,1.35276,1.36234,1.35086,1.36097,177705
2026-02-09 00:00:00,1.35906,1.37005,1.35866,1.36951,193977
2026-02-10 00:00:00,1.36821,1.36967,1.36384,1.36422,171708
2026-02-11 00:00:00,1.3645100000000001,1.37122,1.3609,1.36279,195044
2026-02-12 00:00:00,1.36169,1.36716,1.36044,1.36223,190316
2026-02-13 00:00:00,1.36223,1.36595,1.359,1.36513,177546
2026-02-16 00:00:00,1.3639000000000001,1.36623,1.36247,1.3630499999999999,108432
2026-02-17 00:00:00,1.36202,1.36292,1.34954,1.35673,170533
2026-02-18 00:00:00,1.35673,1.35824,1.34915,1.3491900000000001,142865
2026-02-19 00:00:00,1.34914,1.35169,1.34333,1.34634,156379
2026-02-20 00:00:00,1.34607,1.35147,1.3434599999999999,1.3485,195448
2026-02-23 00:00:00,1.3485,1.35352,1.34711,1.3490199999999999,182125
2026-02-24 00:00:00,1.3483100000000001,1.35364,1.34695,1.34886,167645
2026-02-25 00:00:00,1.34798,1.35656,1.34798,1.35592,162764
2026-02-26 00:00:00,1.35506,1.3575300000000001,1.34453,1.34824,172912
2026-02-27 00:00:00,1.34756,1.3507799999999999,1.34395,1.34785,176661
2026-03-02 00:00:00,1.3407,1.3456000000000001,1.33139,1.34045,257011
2026-03-03 00:00:00,1.33975,1.34252,1.32529,1.33562,303342
2026-03-04 00:00:00,1.33487,1.3403100000000001,1.3303099999999999,1.33714,263568
2026-03-05 00:00:00,1.33621,1.3387,1.32976,1.33575,276487
2026-03-06 00:00:00,1.33498,1.34093,1.33111,1.33996,276519
2026-03-09 00:00:00,1.3335,1.34471,1.32826,1.34433,333023
2026-03-10 00:00:00,1.34296,1.34832,1.34118,1.34166,272017
2026-03-11 00:00:00,1.34143,1.34576,1.33936,1.34122,226359
2026-03-12 00:00:00,1.34079,1.3413,1.33376,1.33433,230664
2026-03-13 00:00:00,1.3333,1.33698,1.32183,1.32213,231294
2026-03-16 00:00:00,1.32355,1.334,1.3219699999999999,1.33194,217323
2026-03-17 00:00:00,1.33141,1.33649,1.32733,1.33554,206782
2026-03-18 00:00:00,1.33506,1.33747,1.32524,1.3256700000000001,227186
2026-03-19 00:00:00,1.32517,1.3467500000000001,1.3246,1.34299,279706
2026-03-20 00:00:00,1.3426,1.34426,1.32987,1.33435,224555
2026-03-23 00:00:00,1.33051,1.34794,1.32565,1.34245,351705
2026-03-24 00:00:00,1.34332,1.34447,1.33523,1.34115,146280
2026-03-25 00:00:00,1.3407200000000001,1.34358,1.3357999999999999,1.33643,117878
2026-03-26 00:00:00,1.33615,1.33785,1.33099,1.33294,100294
2026-03-27 00:00:00,1.3326,1.33475,1.3259699999999999,1.32691,107162
2026-03-30 00:00:00,1.32571,1.32828,1.31735,1.31826,103659
2026-03-31 00:00:00,1.31776,1.32643,1.31595,1.32261,116937
2026-04-01 00:00:00,1.32207,1.33465,1.32178,1.33063,112751
2026-04-02 00:00:00,1.33015,1.3320699999999999,1.31818,1.3226,114079
2026-04-03 00:00:00,1.3215,1.32429,1.31839,1.31881,38645
2026-04-06 00:00:00,1.31891,1.32686,1.31781,1.3237,88395
2026-04-07 00:00:00,1.32324,1.33002,1.32115,1.32921,110449
2026-04-08 00:00:00,1.3281399999999999,1.34845,1.32795,1.33947,139706
2026-04-09 00:00:00,1.33905,1.3458700000000001,1.33806,1.34357,95155
2026-04-10 00:00:00,1.34284,1.34792,1.34106,1.3468,81153
2026-04-13 00:00:00,1.33901,1.35084,1.33807,1.35057,92464
2026-04-14 00:00:00,1.34957,1.35892,1.3492199999999999,1.35653,84381
2026-04-15 00:00:00,1.35652,1.35795,1.35434,1.3560699999999999,89571
2026-04-16 00:00:00,1.35541,1.35949,1.35164,1.3526099999999999,88393
2026-04-17 00:00:00,1.35172,1.35995,1.35047,1.35154,94545
2026-04-20 00:00:00,1.34825,1.35442,1.34744,1.35324,123751
2026-04-21 00:00:00,1.3527,1.35399,1.34751,1.35086,118692
2026-04-22 00:00:00,1.34968,1.3535599999999999,1.34906,1.35028,108373
2026-04-23 00:00:00,1.34967,1.35182,1.34474,1.3466,128205
2026-04-24 00:00:00,1.3464800000000001,1.35373,1.34536,1.35368,109093
2026-04-27 00:00:00,1.34997,1.35759,1.34996,1.35323,113074
2026-04-28 00:00:00,1.35304,1.35411,1.34627,1.3517700000000001,123363
2026-04-29 00:00:00,1.35102,1.3528,1.34578,1.34756,119345
2026-04-30 00:00:00,1.34684,1.3612199999999999,1.34541,1.36023,154459
2026-05-01 00:00:00,1.35987,1.36581,1.35686,1.35728,114746
2026-05-04 00:00:00,1.35922,1.36035,1.35121,1.3531,121430
2026-05-05 00:00:00,1.3526099999999999,1.35786,1.35135,1.3538299999999999,130660
2026-05-06 00:00:00,1.35315,1.36433,1.35315,1.35928,227193
2026-05-07 00:00:00,1.35862,1.36326,1.3548,1.35499,207024
2026-05-08 00:00:00,1.3545099999999999,1.36371,1.3544399999999999,1.36353,175491
2026-05-11 00:00:00,1.35553,1.36532,1.35521,1.36096,179491
2026-05-12 00:00:00,1.3605800000000001,1.3611,1.35004,1.3541,215224
2026-05-13 00:00:00,1.35264,1.35515,1.34849,1.35236,186733
2026-05-14 00:00:00,1.35147,1.3532600000000001,1.33945,1.34003,178695
2026-05-15 00:00:00,1.33993,1.3403800000000001,1.3315000000000001,1.33164,233756
2026-05-18 00:00:00,1.33201,1.3449499999999999,1.33025,1.3433,235907
2026-05-19 00:00:00,1.34277,1.3437299999999999,1.33786,1.3394599999999999,222907
2026-05-20 00:00:00,1.3391199999999999,1.34629,1.33745,1.34341,242828
2026-05-21 00:00:00,1.34299,1.3455,1.3391199999999999,1.34286,242758
2026-05-22 00:00:00,1.34216,1.34633,1.34127,1.34352,200777
2026-05-25 00:00:00,1.34513,1.35092,1.34466,1.35061,116785
2026-05-26 00:00:00,1.3495,1.35053,1.34345,1.34463,182625
2026-05-27 00:00:00,1.3437299999999999,1.34588,1.34165,1.34273,188912
2026-05-28 00:00:00,1.34147,1.3451,1.33669,1.34426,223545
2026-05-29 00:00:00,1.34426,1.34856,1.34083,1.34561,202124
2026-06-01 00:00:00,1.34498,1.34762,1.3406500000000001,1.34548,225253
2026-06-02 00:00:00,1.34557,1.34818,1.34481,1.34641,195247
2026-06-03 00:00:00,1.34607,1.34717,1.34119,1.34169,204927
2026-06-04 00:00:00,1.34138,1.34622,1.34111,1.34235,197219
2026-06-05 00:00:00,1.34176,1.34833,1.33296,1.33361,209426
2026-06-08 00:00:00,1.33165,1.33695,1.33057,1.3338,239698
2026-06-09 00:00:00,1.33356,1.34111,1.33303,1.33786,225999
2026-06-10 00:00:00,1.33681,1.34236,1.3364099999999999,1.33678,255403
2026-06-11 00:00:00,1.33658,1.34332,1.33244,1.34148,265692
2026-06-12 00:00:00,1.34084,1.34265,1.33834,1.34044,272408
2026-06-15 00:00:00,1.3400699999999999,1.3461,1.34001,1.34118,195348
2026-06-16 00:00:00,1.3408,1.3443399999999999,1.33903,1.34262,189176
2026-06-17 00:00:00,1.34229,1.34363,1.32622,1.32938,200507
2026-06-18 00:00:00,1.32831,1.3325,1.3193,1.32043,229696
2026-06-19 00:00:00,1.32012,1.32409,1.31626,1.3226499999999999,179054
2026-06-22 00:00:00,1.31842,1.32729,1.31827,1.32501,209267
2026-06-23 00:00:00,1.32454,1.32538,1.31825,1.32026,200779
2026-06-24 00:00:00,1.31954,1.32093,1.31398,1.31674,228239
2026-06-25 00:00:00,1.31597,1.32193,1.31509,1.31904,225950
2026-06-26 00:00:00,1.31907,1.32317,1.318,1.3192599999999999,219825
2026-06-29 00:00:00,1.31986,1.32626,1.3189,1.3259699999999999,198328
2026-06-30 00:00:00,1.3244799999999999,1.32767,1.32118,1.32609,210574
2026-07-01 00:00:00,1.32585,1.32921,1.32186,1.32751,229194
2026-07-02 00:00:00,1.32663,1.33845,1.3262,1.33472,262020
2026-07-03 00:00:00,1.33384,1.33812,1.33345,1.33496,186531
2026-07-06 00:00:00,1.33423,1.33969,1.33283,1.33891,184951
2026-07-07 00:00:00,1.33792,1.34017,1.33486,1.3359,187988
2026-07-08 00:00:00,1.33471,1.34105,1.33224,1.33886,253085
2026-07-09 00:00:00,1.33838,1.34306,1.33805,1.34088,183628
2026-07-10 00:00:00,1.34001,1.34515,1.33918,1.33962,203359
2026-07-13 00:00:00,1.33792,1.34117,1.33426,1.33464,286725
2026-07-14 00:00:00,1.33466,1.34425,1.33402,1.3391,282747
2026-07-15 00:00:00,1.33814,1.35582,1.33741,1.3538700000000001,230553
2026-07-16 00:00:00,1.35288,1.3544,1.3459699999999999,1.34791,226389
2026-07-17 00:00:00,1.34717,1.3480400000000001,1.3425799999999999,1.34549,226600
2026-07-20 00:00:00,1.34374,1.34808,1.3412,1.34307,196950
2026-07-21 00:00:00,1.3423,1.34557,1.33599,1.33746,182450
2026-07-22 00:00:00,1.33689,1.3395000000000001,1.3354,1.33754,193978
2026-07-23 00:00:00,1.33708,1.33934,1.3299,1.3314300000000001,231615
2026-07-24 00:00:00,1.33073,1.33487,1.3305500000000001,1.33194,198300
2026-07-27 00:00:00,1.33312,1.33637,1.3284099999999999,1.32878,222008
2026-07-28 00:00:00,1.32853,1.33114,1.32734,1.32889,188697
2026-07-29 00:00:00,1.32828,1.33091,1.32781,1.32903,138821
