time,open,high,low,close,volume
2008-08-06 00:00:00,1867.0,1903.0,1853.0,1895.0,73
2008-08-07 00:00:00,1881.0,1904.0,1873.0,1880.0,62
2008-08-08 00:00:00,1879.0,1929.0,1877.0,1926.0,58
2008-08-11 00:00:00,1922.0,1963.0,1918.0,1941.0,72
2008-08-12 00:00:00,1938.0,1957.0,1932.0,1941.0,48
2008-08-13 00:00:00,1936.0,1956.0,1921.0,1942.0,65
2008-08-14 00:00:00,1930.0,1969.0,1930.0,1964.0,45
2008-08-15 00:00:00,1971.0,1974.0,1950.0,1958.0,36
2008-08-18 00:00:00,1959.0,1964.0,1921.0,1933.0,61
2008-08-19 00:00:00,1919.0,1933.0,1900.0,1909.0,57
2008-08-20 00:00:00,1919.0,1932.0,1900.0,1913.0,59
2008-08-21 00:00:00,1900.0,1913.0,1886.0,1907.0,48
2008-08-22 00:00:00,1920.0,1938.0,1915.0,1931.0,36
2008-08-25 00:00:00,1917.0,1919.0,1886.0,1890.0,40
2008-08-26 00:00:00,1890.0,1901.0,1875.0,1886.0,49
2008-08-27 00:00:00,1887.0,1914.0,1882.0,1900.0,52
2008-08-28 00:00:00,1907.0,1921.0,1904.0,1915.0,27
2008-08-29 00:00:00,1898.0,1900.0,1867.0,1873.0,42
2008-09-02 00:00:00,1905.0,1913.0,1843.0,1850.0,86
2008-09-03 00:00:00,1849.0,1854.0,1820.0,1833.0,53
2008-09-04 00:00:00,1819.0,1825.0,1775.0,1775.0,57
2008-09-05 00:00:00,1758.0,1779.0,1740.0,1768.0,69
2008-09-08 00:00:00,1801.0,1801.0,1735.0,1763.0,95
2008-09-09 00:00:00,1763.0,1779.0,1722.0,1722.0,74
2008-09-10 00:00:00,1743.0,1754.0,1726.0,1738.0,52
2008-09-11 00:00:00,1714.0,1774.0,1714.0,1774.0,61
2008-09-12 00:00:00,1759.0,1775.0,1744.0,1767.0,55
2008-09-15 00:00:00,1713.0,1758.0,1705.0,1705.0,99
2008-09-16 00:00:00,1676.0,1739.0,1676.0,1724.0,79
2008-09-17 00:00:00,1698.0,1708.0,1632.0,1632.0,87
2008-09-18 00:00:00,1667.0,1704.0,1606.0,1697.0,167
2008-09-19 00:00:00,1768.0,1774.0,1718.0,1745.0,90
2008-09-22 00:00:00,1738.0,1743.0,1665.0,1666.0,85
2008-09-23 00:00:00,1676.0,1697.0,1646.0,1648.0,75
2008-09-24 00:00:00,1654.0,1678.0,1649.0,1661.0,52
2008-09-25 00:00:00,1675.0,1708.0,1669.0,1688.0,66
2008-09-26 00:00:00,1635.0,1678.0,1635.0,1672.0,50
2008-09-29 00:00:00,1632.0,1643.0,1496.0,1496.0,159
2008-09-30 00:00:00,1543.0,1598.0,1530.0,1595.0,85
2008-10-01 00:00:00,1582.0,1584.0,1548.0,1564.0,55
2008-10-02 00:00:00,1555.0,1555.0,1491.0,1491.0,65
2008-10-03 00:00:00,1513.0,1552.0,1469.0,1471.0,125
2008-10-06 00:00:00,1427.0,1440.0,1339.0,1411.0,187
2008-10-07 00:00:00,1426.0,1433.0,1330.0,1330.0,111
2008-10-08 00:00:00,1295.0,1386.0,1295.0,1331.0,147
2008-10-09 00:00:00,1354.0,1370.0,1262.0,1275.0,138
2008-10-10 00:00:00,1226.0,1317.0,1196.0,1270.0,199
2008-10-13 00:00:00,1337.0,1430.0,1319.0,1430.0,130
2008-10-14 00:00:00,1470.0,1471.0,1351.0,1365.0,136
2008-10-15 00:00:00,1348.0,1356.0,1244.0,1244.0,121
2008-10-16 00:00:00,1251.0,1313.0,1192.0,1313.0,181
2008-10-17 00:00:00,1285.0,1368.0,1279.0,1312.0,152
2008-10-20 00:00:00,1331.0,1353.0,1290.0,1353.0,105
2008-10-21 00:00:00,1330.0,1352.0,1282.0,1283.0,94
2008-10-22 00:00:00,1275.0,1285.0,1210.0,1237.0,113
2008-10-23 00:00:00,1239.0,1264.0,1177.0,1239.0,175
2008-10-24 00:00:00,1147.0,1229.0,1147.0,1202.0,110
2008-10-27 00:00:00,1182.0,1227.0,1168.0,1170.0,107
2008-10-28 00:00:00,1205.0,1298.0,1175.0,1298.0,154
2008-10-29 00:00:00,1294.0,1344.0,1272.0,1302.0,137
2008-10-30 00:00:00,1332.0,1344.0,1301.0,1334.0,85
2008-10-31 00:00:00,1321.0,1359.0,1306.0,1335.0,93
2008-11-03 00:00:00,1334.0,1347.0,1322.0,1335.0,50
2008-11-04 00:00:00,1364.0,1383.0,1342.0,1378.0,69
2008-11-05 00:00:00,1363.0,1365.0,1299.0,1300.0,70
2008-11-06 00:00:00,1279.0,1295.0,1236.0,1242.0,82
2008-11-07 00:00:00,1257.0,1279.0,1244.0,1272.0,56
2008-11-10 00:00:00,1299.0,1299.0,1237.0,1251.0,77
2008-11-11 00:00:00,1235.0,1249.0,1209.0,1226.0,72
2008-11-12 00:00:00,1203.0,1211.0,1165.0,1165.0,55
2008-11-13 00:00:00,1163.0,1241.0,1110.0,1241.0,185
2008-11-14 00:00:00,1206.0,1236.0,1176.0,1180.0,95
2008-11-17 00:00:00,1160.0,1188.0,1149.0,1152.0,71
2008-11-18 00:00:00,1159.0,1167.0,1113.0,1156.0,106
2008-11-19 00:00:00,1153.0,1169.0,1088.0,1088.0,98
2008-11-20 00:00:00,1076.0,1115.0,1035.0,1037.0,122
2008-11-21 00:00:00,1053.0,1086.0,1019.0,1086.0,102
2008-11-24 00:00:00,1109.0,1163.0,1097.0,1154.0,88
2008-11-25 00:00:00,1168.0,1168.0,1118.0,1143.0,76
2008-11-26 00:00:00,1130.0,1193.0,1127.0,1193.0,70
2008-11-28 00:00:00,1182.0,1186.0,1172.0,1186.0,25
2008-12-01 00:00:00,1162.0,1162.0,1091.0,1091.0,72
2008-12-02 00:00:00,1110.0,1133.0,1091.0,1130.0,65
2008-12-03 00:00:00,1102.0,1166.0,1102.0,1166.0,65
2008-12-04 00:00:00,1144.0,1169.0,1111.0,1128.0,101
2008-12-05 00:00:00,1116.0,1180.0,1096.0,1178.0,107
2008-12-08 00:00:00,1201.0,1237.0,1197.0,1225.0,57
2008-12-09 00:00:00,1206.0,1252.0,1202.0,1212.0,95
2008-12-10 00:00:00,1217.0,1237.0,1204.0,1222.0,62
2008-12-11 00:00:00,1211.0,1229.0,1176.0,1180.0,76
2008-12-12 00:00:00,1156.0,1212.0,1156.0,1207.0,62
2008-12-15 00:00:00,1205.0,1207.0,1168.0,1182.0,56
2008-12-16 00:00:00,1192.0,1244.0,1192.0,1243.0,54
2008-12-17 00:00:00,1224.0,1242.0,1212.0,1226.0,59
2008-12-18 00:00:00,1231.0,1234.0,1193.0,1205.0,57
2008-12-19 00:00:00,1217.0,1235.0,1211.0,1217.0,49
2008-12-22 00:00:00,1217.0,1217.0,1169.0,1189.0,69
2008-12-23 00:00:00,1197.0,1204.0,1176.0,1183.0,43
2008-12-24 00:00:00,1184.0,1188.0,1179.0,1184.0,19
2008-12-26 00:00:00,1189.0,1190.0,1179.0,1185.0,19
2008-12-29 00:00:00,1187.0,1188.0,1158.0,1173.0,47
2008-12-30 00:00:00,1180.0,1203.0,1178.0,1201.0,30
2008-12-31 00:00:00,1202.0,1223.0,1200.0,1212.0,37
2009-01-02 00:00:00,1212.0,1266.0,1209.0,1264.0,63
2009-01-05 00:00:00,1259.0,1274.0,1245.0,1263.0,55
2009-01-06 00:00:00,1274.0,1286.0,1266.0,1274.0,41
2009-01-07 00:00:00,1250.0,1256.0,1228.0,1239.0,46
2009-01-08 00:00:00,1233.0,1253.0,1224.0,1253.0,39
2009-01-09 00:00:00,1255.0,1255.0,1218.0,1223.0,43
2009-01-12 00:00:00,1224.0,1225.0,1189.0,1201.0,50
2009-01-13 00:00:00,1199.0,1219.0,1187.0,1203.0,61
2009-01-14 00:00:00,1184.0,1190.0,1158.0,1163.0,44
2009-01-15 00:00:00,1157.0,1192.0,1142.0,1184.0,74
2009-01-16 00:00:00,1202.0,1203.0,1168.0,1198.0,67
2009-01-20 00:00:00,1192.0,1196.0,1137.0,1137.0,64
2009-01-21 00:00:00,1155.0,1186.0,1142.0,1186.0,58
2009-01-22 00:00:00,1161.0,1188.0,1150.0,1168.0,70
2009-01-23 00:00:00,1149.0,1193.0,1145.0,1176.0,70
2009-01-26 00:00:00,1176.0,1203.0,1169.0,1185.0,60
2009-01-27 00:00:00,1190.0,1202.0,1184.0,1194.0,33
2009-01-28 00:00:00,1215.0,1245.0,1213.0,1236.0,44
2009-01-29 00:00:00,1217.0,1221.0,1199.0,1204.0,32
2009-01-30 00:00:00,1210.0,1216.0,1177.0,1180.0,49
2009-02-02 00:00:00,1170.0,1203.0,1168.0,1196.0,45
2009-02-03 00:00:00,1197.0,1219.0,1181.0,1216.0,58
2009-02-04 00:00:00,1216.0,1244.0,1211.0,1215.0,66
2009-02-05 00:00:00,1201.0,1250.0,1200.0,1245.0,57
2009-02-06 00:00:00,1247.0,1280.0,1244.0,1277.0,43
2009-02-09 00:00:00,1277.0,1286.0,1268.0,1282.0,32
2009-02-10 00:00:00,1269.0,1287.0,1224.0,1229.0,87
2009-02-11 00:00:00,1229.0,1240.0,1209.0,1227.0,61
2009-02-12 00:00:00,1209.0,1243.0,1206.0,1243.0,41
2009-02-13 00:00:00,1241.0,1250.0,1232.0,1237.0,33
2009-02-17 00:00:00,1201.0,1204.0,1181.0,1187.0,33
2009-02-18 00:00:00,1194.0,1204.0,1173.0,1189.0,58
2009-02-19 00:00:00,1197.0,1202.0,1167.0,1168.0,42
2009-02-20 00:00:00,1161.0,1183.0,1153.0,1173.0,49
2009-02-23 00:00:00,1176.0,1180.0,1127.0,1129.0,60
2009-02-24 00:00:00,1133.0,1177.0,1133.0,1171.0,51
2009-02-25 00:00:00,1161.0,1184.0,1143.0,1161.0,83
2009-02-26 00:00:00,1170.0,1175.0,1127.0,1127.0,54
2009-02-27 00:00:00,1111.0,1135.0,1111.0,1117.0,43
2009-03-02 00:00:00,1099.0,1116.0,1075.0,1077.0,61
2009-03-03 00:00:00,1088.0,1102.0,1073.0,1081.0,52
2009-03-04 00:00:00,1098.0,1125.0,1094.0,1110.0,51
2009-03-05 00:00:00,1094.0,1106.0,1073.0,1075.0,48
2009-03-06 00:00:00,1078.0,1088.0,1044.0,1065.0,76
2009-03-09 00:00:00,1055.0,1087.0,1041.0,1044.0,82
2009-03-10 00:00:00,1064.0,1109.0,1060.0,1100.0,63
2009-03-11 00:00:00,1123.0,1166.0,1111.0,1163.0,453
2009-03-12 00:00:00,1163.0,1174.0,1148.0,1165.0,265
2009-03-15 00:00:00,1165.0,1178.0,1141.0,1151.0,281
2009-03-16 00:00:00,1151.0,1191.0,1147.0,1190.0,281
2009-03-17 00:00:00,1190.0,1225.0,1179.0,1209.0,394
2009-03-18 00:00:00,1209.0,1220.0,1192.0,1201.0,539
2009-03-19 00:00:00,1201.0,1217.0,1175.0,1183.0,351
2009-03-22 00:00:00,1183.0,1258.0,1183.0,1253.0,458
2009-03-23 00:00:00,1253.0,1256.0,1231.0,1232.0,467
2009-03-24 00:00:00,1232.0,1254.0,1205.0,1237.0,435
2009-03-25 00:00:00,1237.0,1281.0,1237.0,1274.0,587
2009-03-26 00:00:00,1274.0,1277.0,1248.0,1251.0,609
2009-03-29 00:00:00,1251.0,1255.0,1203.0,1224.0,413
2009-03-30 00:00:00,1224.0,1256.0,1222.0,1225.0,330
2009-03-31 00:00:00,1225.0,1253.0,1209.0,1249.0,740
2009-04-01 00:00:00,1249.0,1308.0,1247.0,1301.0,666
2009-04-02 00:00:00,1301.0,1312.0,1291.0,1312.0,448
2009-04-05 00:00:00,1312.0,1325.0,1283.0,1312.0,398
2009-04-06 00:00:00,1312.0,1315.0,1265.0,1279.0,462
2009-04-07 00:00:00,1279.0,1305.0,1265.0,1301.0,459
2009-04-08 00:00:00,1301.0,1341.0,1299.0,1337.0,469
2009-04-12 00:00:00,1337.0,1353.0,1321.0,1334.0,224
2009-04-13 00:00:00,1334.0,1341.0,1305.0,1306.0,442
2009-04-14 00:00:00,1306.0,1319.0,1293.0,1317.0,450
2009-04-15 00:00:00,1317.0,1358.0,1307.0,1342.0,482
2009-04-16 00:00:00,1342.0,1360.0,1336.0,1352.0,332
2009-04-19 00:00:00,1352.0,1352.0,1301.0,1314.0,390
2009-04-20 00:00:00,1314.0,1330.0,1300.0,1328.0,462
2009-04-21 00:00:00,1328.0,1361.0,1315.0,1332.0,491
2009-04-22 00:00:00,1332.0,1353.0,1319.0,1346.0,560
2009-04-23 00:00:00,1346.0,1378.0,1335.0,1369.0,428
2009-04-26 00:00:00,1369.0,1383.0,1350.0,1368.0,521
2009-04-27 00:00:00,1368.0,1378.0,1351.0,1357.0,561
2009-04-28 00:00:00,1357.0,1398.0,1356.0,1380.0,366
2009-04-29 00:00:00,1380.0,1418.0,1377.0,1391.0,435
2009-04-30 00:00:00,1391.0,1403.0,1382.0,1396.0,285
2009-05-03 00:00:00,1396.0,1426.0,1396.0,1426.0,397
2009-05-04 00:00:00,1426.0,1429.0,1407.0,1427.0,339
2009-05-05 00:00:00,1427.0,1435.0,1399.0,1419.0,529
2009-05-06 00:00:00,1419.0,1436.0,1375.0,1391.0,505
2009-05-07 00:00:00,1391.0,1411.0,1376.0,1391.0,496
2009-05-10 00:00:00,1391.0,1409.0,1367.0,1394.0,407
2009-05-11 00:00:00,1394.0,1406.0,1360.0,1385.0,352
2009-05-12 00:00:00,1385.0,1389.0,1338.0,1343.0,481
2009-05-13 00:00:00,1343.0,1368.0,1336.0,1355.0,476
2009-05-14 00:00:00,1355.0,1372.0,1341.0,1355.0,428
2009-05-17 00:00:00,1355.0,1392.0,1342.0,1389.0,449
2009-05-18 00:00:00,1389.0,1410.0,1379.0,1390.0,334
2009-05-19 00:00:00,1390.0,1422.0,1387.0,1393.0,547
2009-05-20 00:00:00,1393.0,1393.0,1352.0,1370.0,471
2009-05-21 00:00:00,1370.0,1379.0,1352.0,1361.0,333
2009-05-24 00:00:00,1361.0,1364.0,1350.0,1363.0,27
2009-05-25 00:00:00,1363.0,1414.0,1342.0,1411.0,540
2009-05-26 00:00:00,1411.0,1427.0,1396.0,1400.0,577
2009-05-27 00:00:00,1400.0,1423.0,1388.0,1417.0,612
2009-05-28 00:00:00,1417.0,1439.0,1410.0,1439.0,329
2009-05-31 00:00:00,1439.0,1481.0,1429.0,1469.0,495
2009-06-01 00:00:00,1469.0,1493.0,1463.0,1477.0,547
2009-06-02 00:00:00,1477.0,1483.0,1458.0,1475.0,357
2009-06-03 00:00:00,1475.0,1492.0,1472.0,1492.0,412
2009-06-04 00:00:00,1492.0,1510.0,1477.0,1492.0,403
2009-06-07 00:00:00,1492.0,1497.0,1465.0,1489.0,412
2009-06-08 00:00:00,1489.0,1508.0,1485.0,1498.0,396
2009-06-09 00:00:00,1498.0,1516.0,1472.0,1495.0,473
2009-06-10 00:00:00,1495.0,1511.0,1487.0,1488.0,284
2009-06-11 00:00:00,1488.0,1496.0,1468.0,1487.0,168
2009-06-14 00:00:00,1487.0,1487.0,1443.0,1457.0,211
2009-06-15 00:00:00,1457.0,1468.0,1441.0,1444.0,249
2009-06-16 00:00:00,1444.0,1469.0,1438.0,1453.0,285
2009-06-17 00:00:00,1453.0,1463.0,1443.0,1448.0,254
2009-06-18 00:00:00,1448.0,1475.0,1447.0,1467.0,281
2009-06-21 00:00:00,1467.0,1469.0,1420.0,1427.0,362
2009-06-22 00:00:00,1427.0,1433.0,1411.0,1424.0,412
2009-06-23 00:00:00,1424.0,1457.0,1421.0,1447.0,279
2009-06-24 00:00:00,1447.0,1477.0,1433.0,1474.0,426
2009-06-25 00:00:00,1474.0,1483.0,1465.0,1477.0,188
2009-06-28 00:00:00,1477.0,1493.0,1467.0,1482.0,225
2009-06-29 00:00:00,1482.0,1492.0,1466.0,1477.0,341
2009-06-30 00:00:00,1477.0,1497.0,1475.0,1479.0,258
2009-07-01 00:00:00,1479.0,1479.0,1439.0,1440.0,284
2009-07-02 00:00:00,1440.0,1451.0,1440.0,1444.0,62
2009-07-05 00:00:00,1444.0,1445.0,1423.0,1441.0,283
2009-07-06 00:00:00,1441.0,1447.0,1402.0,1407.0,334
2009-07-07 00:00:00,1407.0,1416.0,1393.0,1410.0,390
2009-07-08 00:00:00,1410.0,1422.0,1407.0,1414.0,285
2009-07-09 00:00:00,1414.0,1427.0,1404.0,1419.0,294
2009-07-12 00:00:00,1419.0,1447.0,1400.0,1443.0,337
2009-07-13 00:00:00,1443.0,1475.0,1438.0,1473.0,402
2009-07-14 00:00:00,1473.0,1500.0,1467.0,1496.0,286
2009-07-15 00:00:00,1496.0,1519.0,1488.0,1510.0,319
2009-07-16 00:00:00,1510.0,1525.0,1504.0,1524.0,280
2009-07-19 00:00:00,1524.0,1543.0,1523.0,1537.0,321
2009-07-20 00:00:00,1537.0,1559.0,1528.0,1559.0,401
2009-07-21 00:00:00,1559.0,1570.0,1545.0,1558.0,343
2009-07-22 00:00:00,1558.0,1603.0,1554.0,1572.0,426
2009-07-23 00:00:00,1572.0,1598.0,1571.0,1597.0,253
2009-07-26 00:00:00,1597.0,1608.0,1578.0,1597.0,415
2009-07-27 00:00:00,1597.0,1607.0,1581.0,1600.0,375
2009-07-28 00:00:00,1600.0,1603.0,1583.0,1600.0,417
2009-07-29 00:00:00,1600.0,1631.0,1599.0,1606.0,403
2009-07-30 00:00:00,1606.0,1618.0,1600.0,1601.0,409
2009-08-02 00:00:00,1601.0,1627.0,1600.0,1626.0,320
2009-08-03 00:00:00,1626.0,1632.0,1612.0,1630.0,426
2009-08-04 00:00:00,1630.0,1630.0,1602.0,1606.0,466
2009-08-05 00:00:00,1606.0,1622.0,1593.0,1600.0,355
2009-08-06 00:00:00,1600.0,1627.0,1595.0,1619.0,313
2009-08-09 00:00:00,1619.0,1619.0,1597.0,1611.0,347
2009-08-10 00:00:00,1611.0,1617.0,1585.0,1596.0,381
2009-08-11 00:00:00,1596.0,1633.0,1587.0,1620.0,323
2009-08-12 00:00:00,1620.0,1638.0,1609.0,1632.0,366
2009-08-13 00:00:00,1632.0,1633.0,1594.0,1609.0,272
2009-08-16 00:00:00,1609.0,1615.0,1561.0,1566.0,488
2009-08-17 00:00:00,1566.0,1587.0,1563.0,1584.0,337
2009-08-18 00:00:00,1584.0,1599.0,1564.0,1597.0,350
2009-08-19 00:00:00,1597.0,1618.0,1591.0,1613.0,218
2009-08-20 00:00:00,1613.0,1639.0,1600.0,1636.0,442
2009-08-23 00:00:00,1636.0,1647.0,1628.0,1633.0,340
2009-08-24 00:00:00,1633.0,1655.0,1625.0,1636.0,1284
2009-08-25 00:00:00,1636.0,1648.0,1627.0,1636.0,549
2009-08-26 00:00:00,1636.0,1643.0,1610.0,1639.0,420
2009-08-27 00:00:00,1639.0,1668.0,1630.0,1641.0,306
2009-08-30 00:00:00,1641.0,1644.0,1615.0,1624.0,209
2009-08-31 00:00:00,1624.0,1648.0,1590.0,1595.0,514
2009-09-01 00:00:00,1595.0,1602.0,1585.0,1592.0,442
2009-09-02 00:00:00,1592.0,1608.0,1584.0,1605.0,413
2009-09-03 00:00:00,1605.0,1640.0,1601.0,1638.0,247
2009-09-06 00:00:00,1638.0,1643.0,1633.0,1643.0,80
2009-09-07 00:00:00,1643.0,1655.0,1639.0,1651.0,399
2009-09-08 00:00:00,1651.0,1675.0,1644.0,1666.0,446
2009-09-09 00:00:00,1666.0,1685.0,1661.0,1683.0,301
2009-09-10 00:00:00,1683.0,1690.0,1673.0,1685.0,360
2009-09-13 00:00:00,1685.0,1692.0,1666.0,1686.0,159
2009-09-14 00:00:00,1686.0,1702.0,1680.0,1694.0,254
2009-09-15 00:00:00,1694.0,1723.0,1694.0,1717.0,161
2009-09-16 00:00:00,1717.0,1740.0,1713.0,1721.0,290
2009-09-17 00:00:00,1721.0,1731.0,1713.0,1724.0,319
2009-09-20 00:00:00,1724.0,1734.0,1707.0,1728.0,290
2009-09-21 00:00:00,1728.0,1741.0,1725.0,1733.0,169
2009-09-22 00:00:00,1733.0,1741.0,1729.0,1739.0,187
2009-09-23 00:00:00,1739.0,1753.0,1696.0,1701.0,464
2009-09-24 00:00:00,1701.0,1712.0,1691.0,1696.0,399
2009-09-27 00:00:00,1696.0,1732.0,1688.0,1728.0,193
2009-09-28 00:00:00,1728.0,1732.0,1707.0,1718.0,737
2009-09-29 00:00:00,1718.0,1726.0,1689.0,1723.0,425
2009-09-30 00:00:00,1723.0,1730.0,1671.0,1676.0,980
2009-10-01 00:00:00,1676.0,1680.0,1650.0,1662.0,351
2009-10-04 00:00:00,1662.0,1679.0,1658.0,1675.0,973
2009-10-05 00:00:00,1675.0,1711.0,1670.0,1704.0,975
2009-10-06 00:00:00,1704.0,1708.0,1686.0,1704.0,1343
2009-10-07 00:00:00,1704.0,1730.0,1697.0,1727.0,1194
2009-10-08 00:00:00,1727.0,1727.0,1706.0,1721.0,531
2009-10-11 00:00:00,1721.0,1740.0,1721.0,1732.0,222
2009-10-12 00:00:00,1732.0,1735.0,1716.0,1729.0,1164
2009-10-13 00:00:00,1729.0,1751.0,1723.0,1746.0,690
2009-10-14 00:00:00,1746.0,1753.0,1736.0,1742.0,992
2009-10-15 00:00:00,1742.0,1758.0,1725.0,1729.0,868
2009-10-18 00:00:00,1729.0,1757.0,1724.0,1754.0,757
2009-10-19 00:00:00,1754.0,1774.0,1744.0,1747.0,433
2009-10-20 00:00:00,1747.0,1780.0,1746.0,1769.0,861
2009-10-21 00:00:00,1769.0,1775.0,1738.0,1750.0,748
2009-10-22 00:00:00,1750.0,1779.0,1748.0,1758.0,404
2009-10-25 00:00:00,1758.0,1777.0,1738.0,1748.0,177
2009-10-26 00:00:00,1748.0,1752.0,1723.0,1727.0,579
2009-10-27 00:00:00,1727.0,1729.0,1687.0,1690.0,537
2009-10-28 00:00:00,1690.0,1709.0,1678.0,1706.0,408
2009-10-29 00:00:00,1706.0,1713.0,1679.0,1684.0,285
2009-11-01 00:00:00,1684.0,1688.0,1655.0,1680.0,365
2009-11-02 00:00:00,1680.0,1681.0,1651.0,1664.0,719
2009-11-03 00:00:00,1664.0,1700.0,1659.0,1694.0,698
2009-11-04 00:00:00,1694.0,1722.0,1672.0,1712.0,590
2009-11-05 00:00:00,1712.0,1737.0,1706.0,1722.0,283
2009-11-08 00:00:00,1722.0,1760.0,1722.0,1758.0,134
2009-11-09 00:00:00,1758.0,1777.0,1757.0,1766.0,189
2009-11-10 00:00:00,1766.0,1793.0,1763.0,1776.0,210
2009-11-11 00:00:00,1776.0,1794.0,1771.0,1779.0,232
2009-11-12 00:00:00,1779.0,1787.0,1769.0,1784.0,256
2009-11-15 00:00:00,1784.0,1813.0,1784.0,1812.0,146
2009-11-16 00:00:00,1812.0,1814.0,1796.0,1803.0,223
2009-11-17 00:00:00,1803.0,1814.0,1791.0,1798.0,140
2009-11-18 00:00:00,1798.0,1803.0,1761.0,1768.0,190
2009-11-19 00:00:00,1768.0,1776.0,1756.0,1760.0,115
2009-11-22 00:00:00,1760.0,1800.0,1760.0,1789.0,191
2009-11-23 00:00:00,1789.0,1792.0,1774.0,1781.0,269
2009-11-24 00:00:00,1781.0,1798.0,1777.0,1792.0,288
2009-11-25 00:00:00,1792.0,1796.0,1745.0,1749.0,117
2009-11-26 00:00:00,1749.0,1776.0,1722.0,1773.0,395
2009-11-29 00:00:00,1773.0,1774.0,1749.0,1752.0,318
2009-11-30 00:00:00,1752.0,1792.0,1751.0,1792.0,370
2009-12-01 00:00:00,1792.0,1805.0,1785.0,1794.0,166
2009-12-02 00:00:00,1794.0,1805.0,1785.0,1795.0,309
2009-12-03 00:00:00,1795.0,1815.0,1775.0,1807.0,144
2009-12-06 00:00:00,1807.0,1807.0,1778.0,1790.0,144
2009-12-07 00:00:00,1790.0,1792.0,1759.0,1782.0,214
2009-12-08 00:00:00,1782.0,1783.0,1757.0,1775.0,269
2009-12-09 00:00:00,1775.0,1807.0,1768.0,1802.0,308
2009-12-10 00:00:00,1802.0,1811.0,1796.0,1800.0,115
2009-12-13 00:00:00,1800.0,1809.0,1787.0,1802.0,85
2009-12-14 00:00:00,1802.0,1812.0,1796.0,1807.0,135
2009-12-15 00:00:00,1807.0,1813.0,1792.0,1809.0,145
2009-12-16 00:00:00,1809.0,1810.0,1776.0,1781.0,217
2009-12-17 00:00:00,1781.0,1803.0,1775.0,1793.0,99
2009-12-20 00:00:00,1793.0,1832.0,1793.0,1829.0,152
2009-12-21 00:00:00,1829.0,1841.0,1824.0,1835.0,283
2009-12-22 00:00:00,1835.0,1850.0,1834.0,1847.0,200
2009-12-23 00:00:00,1847.0,1867.0,1846.0,1867.0,123
2009-12-27 00:00:00,1867.0,1882.0,1863.0,1878.0,46
2009-12-28 00:00:00,1878.0,1882.0,1868.0,1872.0,76
2009-12-29 00:00:00,1872.0,1881.0,1863.0,1874.0,115
2009-12-30 00:00:00,1874.0,1882.0,1869.0,1871.0,45
2010-01-03 00:00:00,1871.0,1889.0,1866.0,1888.0,169
2010-01-04 00:00:00,1888.0,1889.0,1879.0,1883.0,132
2010-01-05 00:00:00,1883.0,1891.0,1875.0,1881.0,95
2010-01-06 00:00:00,1881.0,1885.0,1865.0,1870.0,179
2010-01-07 00:00:00,1870.0,1885.0,1865.0,1881.0,134
2010-01-10 00:00:00,1881.0,1899.0,1874.0,1881.0,86
2010-01-11 00:00:00,1881.0,1886.0,1861.0,1865.0,286
2010-01-12 00:00:00,1865.0,1872.0,1850.0,1864.0,206
2010-01-13 00:00:00,1864.0,1889.0,1864.0,1881.0,155
2010-01-14 00:00:00,1881.0,1894.0,1866.0,1871.0,280
2010-01-17 00:00:00,1871.0,1873.0,1858.0,1873.0,105
2010-01-18 00:00:00,1873.0,1889.0,1857.0,1886.0,205
2010-01-19 00:00:00,1886.0,1895.0,1845.0,1853.0,360
2010-01-20 00:00:00,1853.0,1884.0,1841.0,1846.0,338
2010-01-21 00:00:00,1846.0,1858.0,1825.0,1832.0,357
2010-01-22 00:00:00,1842.0,1849.0,1791.0,1795.0,70
2010-01-24 00:00:00,1832.0,1832.0,1793.0,1798.0,201
2010-01-25 00:00:00,1798.0,1817.0,1784.0,1815.0,440
2010-01-26 00:00:00,1815.0,1824.0,1790.0,1801.0,396
2010-01-27 00:00:00,1801.0,1822.0,1761.0,1766.0,482
2010-01-28 00:00:00,1766.0,1790.0,1760.0,1775.0,344
2010-01-31 00:00:00,1775.0,1775.0,1738.0,1745.0,368
2010-02-01 00:00:00,1745.0,1768.0,1744.0,1766.0,401
2010-02-02 00:00:00,1766.0,1780.0,1764.0,1772.0,187
2010-02-03 00:00:00,1772.0,1793.0,1739.0,1744.0,381
2010-02-04 00:00:00,1744.0,1746.0,1722.0,1737.0,794
2010-02-07 00:00:00,1737.0,1754.0,1732.0,1751.0,732
2010-02-08 00:00:00,1751.0,1758.0,1731.0,1755.0,922
2010-02-09 00:00:00,1755.0,1768.0,1737.0,1743.0,1680
2010-02-10 00:00:00,1751.0,1773.0,1737.0,1771.0,1573
2010-02-11 00:00:00,1747.0,1779.0,1737.0,1768.0,4083
2010-02-12 00:00:00,1777.0,1783.0,1755.0,1778.0,3708
2010-02-14 00:00:00,1778.0,1785.0,1776.0,1778.0,93
2010-02-15 00:00:00,1780.0,1799.0,1776.0,1797.0,865
2010-02-16 00:00:00,1780.0,1810.0,1778.0,1802.0,2541
2010-02-17 00:00:00,1800.0,1817.0,1798.0,1815.0,2213
2010-02-18 00:00:00,1812.0,1829.0,1802.0,1828.0,2263
2010-02-19 00:00:00,1809.0,1830.0,1802.0,1821.0,2091
2010-02-21 00:00:00,1821.0,1832.0,1810.0,1812.0,238
2010-02-22 00:00:00,1820.0,1832.0,1792.0,1793.0,1833
2010-02-23 00:00:00,1818.0,1828.0,1785.0,1813.0,2324
2010-02-24 00:00:00,1800.0,1819.0,1780.0,1783.0,2060
2010-02-25 00:00:00,1813.0,1822.0,1780.0,1817.0,2770
2010-02-26 00:00:00,1812.0,1822.0,1803.0,1819.0,1995
2010-02-28 00:00:00,1819.0,1845.0,1819.0,1843.0,834
2010-03-01 00:00:00,1823.0,1858.0,1823.0,1857.0,1423
2010-03-02 00:00:00,1845.0,1862.0,1842.0,1859.0,2006
2010-03-03 00:00:00,1852.0,1861.0,1844.0,1853.0,2321
2010-03-04 00:00:00,1851.0,1885.0,1844.0,1882.0,1818
2010-03-05 00:00:00,1858.0,1889.0,1858.0,1886.0,1371
2010-03-07 00:00:00,1886.0,1892.0,1882.0,1889.0,87
2010-03-08 00:00:00,1885.0,1905.0,1880.0,1903.0,1300
2010-03-09 00:00:00,1886.0,1918.0,1880.0,1916.0,1434
2010-03-10 00:00:00,1900.0,1920.0,1898.0,1915.0,1607
2010-03-11 00:00:00,1915.0,1931.0,1908.0,1922.0,1433
2010-03-12 00:00:00,1923.0,1931.0,1915.0,1923.0,1123
2010-03-14 00:00:00,1923.0,1924.0,1906.0,1909.0,106
2010-03-15 00:00:00,1924.0,1928.0,1906.0,1925.0,1261
2010-03-16 00:00:00,1919.0,1939.0,1917.0,1938.0,1246
2010-03-17 00:00:00,1928.0,1943.0,1927.0,1936.0,984
2010-03-18 00:00:00,1935.0,1949.0,1926.0,1927.0,1642
2010-03-19 00:00:00,1941.0,1949.0,1923.0,1929.0,1806
2010-03-21 00:00:00,1929.0,1955.0,1920.0,1949.0,1009
2010-03-22 00:00:00,1924.0,1963.0,1920.0,1963.0,2684
2010-03-23 00:00:00,1951.0,1963.0,1942.0,1952.0,2391
2010-03-24 00:00:00,1963.0,1975.0,1946.0,1947.0,2791
2010-03-25 00:00:00,1953.0,1975.0,1940.0,1951.0,3317
2010-03-26 00:00:00,1945.0,1964.0,1940.0,1951.0,2523
2010-03-28 00:00:00,1951.0,1967.0,1951.0,1961.0,614
2010-03-29 00:00:00,1954.0,1973.0,1953.0,1964.0,2662
2010-03-30 00:00:00,1965.0,1973.0,1953.0,1959.0,2179
2010-03-31 00:00:00,1965.0,1978.0,1942.0,1955.0,2890
2010-04-01 00:00:00,1959.0,1978.0,1942.0,1963.0,2045
2010-04-02 00:00:00,1957.0,1963.0,1951.0,1963.0,274
2010-04-04 00:00:00,1965.0,1980.0,1956.0,1975.0,231
2010-04-05 00:00:00,1966.0,1987.0,1956.0,1979.0,1861
2010-04-06 00:00:00,1976.0,1987.0,1965.0,1976.0,2719
2010-04-07 00:00:00,1977.0,1985.0,1960.0,1980.0,1977
2010-04-08 00:00:00,1974.0,1993.0,1960.0,1992.0,1766
2010-04-09 00:00:00,1980.0,1993.0,1976.0,1992.0,1446
2010-04-11 00:00:00,2000.0,2003.0,1989.0,1992.0,270
2010-04-12 00:00:00,2001.0,2011.0,1985.0,2009.0,1976
2010-04-13 00:00:00,1991.0,2029.0,1985.0,2028.0,2205
2010-04-14 00:00:00,2011.0,2039.0,2009.0,2030.0,2007
2010-04-15 00:00:00,2028.0,2039.0,1999.0,2013.0,3117
2010-04-16 00:00:00,2030.0,2036.0,1999.0,2013.0,3971
2010-04-18 00:00:00,2005.0,2017.0,1987.0,2012.0,1021
2010-04-19 00:00:00,2006.0,2041.0,1987.0,2040.0,2993
2010-04-20 00:00:00,2013.0,2041.0,2008.0,2037.0,2525
2010-04-21 00:00:00,2036.0,2040.0,2019.0,2021.0,2557
2010-04-22 00:00:00,2022.0,2046.0,2002.0,2034.0,3518
2010-04-23 00:00:00,2035.0,2054.0,2031.0,2054.0,3047
2010-04-25 00:00:00,2051.0,2052.0,2050.0,2051.0,45
2010-04-26 00:00:00,2050.0,2060.0,2044.0,2047.0,2695
2010-04-27 00:00:00,2046.0,2052.0,2000.0,2009.0,5430
2010-04-28 00:00:00,2010.0,2024.0,1991.0,2010.0,6747
2010-04-29 00:00:00,2011.0,2045.0,2006.0,2043.0,4757
2010-04-30 00:00:00,2042.0,2048.0,1999.0,1999.0,4871
2010-05-02 00:00:00,2004.0,2007.0,2001.0,2007.0,48
2010-05-03 00:00:00,2008.0,2039.0,2000.0,2027.0,2447
2010-05-04 00:00:00,2028.0,2029.0,1953.0,1968.0,5389
2010-05-05 00:00:00,1967.0,1973.0,1936.0,1962.0,6612
2010-05-06 00:00:00,1961.0,1964.0,1738.0,1877.0,12345
2010-05-07 00:00:00,1876.0,1909.0,1807.0,1852.0,19127
2010-05-09 00:00:00,1883.0,1887.0,1876.0,1881.0,254
2010-05-10 00:00:00,1882.0,1944.0,1873.0,1940.0,10736
2010-05-11 00:00:00,1941.0,1966.0,1916.0,1926.0,8448
2010-05-12 00:00:00,1925.0,1977.0,1918.0,1968.0,7058
2010-05-13 00:00:00,1969.0,1982.0,1940.0,1945.0,6551
2010-05-14 00:00:00,1944.0,1952.0,1884.0,1905.0,9284
2010-05-16 00:00:00,1906.0,1913.0,1905.0,1906.0,83
2010-05-17 00:00:00,1905.0,1920.0,1872.0,1918.0,11100
2010-05-18 00:00:00,1917.0,1933.0,1877.0,1879.0,11482
2010-05-19 00:00:00,1878.0,1894.0,1851.0,1872.0,12999
2010-05-20 00:00:00,1873.0,1876.0,1792.0,1793.0,15764
2010-05-21 00:00:00,1792.0,1835.0,1767.0,1821.0,16162
2010-05-23 00:00:00,1819.0,1821.0,1814.0,1818.0,56
2010-05-24 00:00:00,1817.0,1841.0,1797.0,1807.0,8752
2010-05-25 00:00:00,1806.0,1835.0,1756.0,1830.0,11974
2010-05-26 00:00:00,1829.0,1851.0,1785.0,1789.0,10654
2010-05-27 00:00:00,1790.0,1869.0,1788.0,1864.0,8345
2010-05-28 00:00:00,1865.0,1873.0,1835.0,1849.0,7341
2010-05-30 00:00:00,1850.0,1858.0,1849.0,1856.0,93
2010-05-31 00:00:00,1857.0,1865.0,1854.0,1860.0,1405
2010-06-01 00:00:00,1861.0,1877.0,1824.0,1834.0,8410
2010-06-02 00:00:00,1835.0,1881.0,1831.0,1876.0,7488
2010-06-03 00:00:00,1877.0,1898.0,1870.0,1892.0,6853
2010-06-04 00:00:00,1891.0,1903.0,1823.0,1830.0,10705
2010-06-06 00:00:00,1829.0,1830.0,1816.0,1819.0,264
2010-06-07 00:00:00,1820.0,1845.0,1793.0,1796.0,6393
2010-06-08 00:00:00,1797.0,1817.0,1769.0,1793.0,6597
2010-06-09 00:00:00,1792.0,1822.0,1773.0,1778.0,5587
2010-06-10 00:00:00,1779.0,1831.0,1775.0,1823.0,5160
2010-06-11 00:00:00,1822.0,1848.0,1807.0,1846.0,4192
2010-06-13 00:00:00,1850.0,1851.0,1849.0,1851.0,28
2010-06-14 00:00:00,1852.0,1876.0,1843.0,1846.0,3580
2010-06-15 00:00:00,1847.0,1898.0,1845.0,1891.0,3723
2010-06-16 00:00:00,1890.0,1913.0,1879.0,1902.0,3865
2010-06-17 00:00:00,1901.0,1918.0,1893.0,1907.0,4882
2010-06-18 00:00:00,1908.0,1924.0,1904.0,1912.0,3439
2010-06-20 00:00:00,1925.0,1932.0,1925.0,1928.0,77
2010-06-21 00:00:00,1929.0,1940.0,1883.0,1900.0,4309
2010-06-22 00:00:00,1899.0,1916.0,1876.0,1880.0,4569
2010-06-23 00:00:00,1881.0,1889.0,1857.0,1865.0,5187
2010-06-24 00:00:00,1866.0,1874.0,1837.0,1847.0,4939
2010-06-25 00:00:00,1848.0,1855.0,1826.0,1841.0,6614
2010-06-27 00:00:00,1840.0,1843.0,1838.0,1839.0,60
2010-06-28 00:00:00,1840.0,1850.0,1820.0,1831.0,5753
2010-06-29 00:00:00,1832.0,1838.0,1748.0,1763.0,8781
2010-06-30 00:00:00,1764.0,1776.0,1732.0,1733.0,8357
2010-07-01 00:00:00,1734.0,1745.0,1697.0,1730.0,10491
2010-07-02 00:00:00,1731.0,1745.0,1709.0,1727.0,7469
2010-07-04 00:00:00,1721.0,1722.0,1718.0,1721.0,45
2010-07-05 00:00:00,1720.0,1729.0,1718.0,1719.0,1504
2010-07-06 00:00:00,1718.0,1762.0,1706.0,1734.0,4504
2010-07-07 00:00:00,1733.0,1791.0,1722.0,1789.0,4095
2010-07-08 00:00:00,1790.0,1803.0,1775.0,1794.0,4398
2010-07-09 00:00:00,1795.0,1813.0,1789.0,1813.0,3246
2010-07-11 00:00:00,1809.0,1812.0,1809.0,1811.0,35
2010-07-12 00:00:00,1810.0,1830.0,1801.0,1825.0,3082
2010-07-13 00:00:00,1826.0,1865.0,1818.0,1863.0,4156
2010-07-14 00:00:00,1864.0,1866.0,1838.0,1853.0,3530
2010-07-15 00:00:00,1852.0,1864.0,1829.0,1856.0,4882
2010-07-16 00:00:00,1855.0,1856.0,1800.0,1802.0,4499
2010-07-18 00:00:00,1797.0,1800.0,1795.0,1799.0,63
2010-07-19 00:00:00,1800.0,1821.0,1793.0,1796.0,3845
2010-07-20 00:00:00,1797.0,1857.0,1783.0,1849.0,4806
2010-07-21 00:00:00,1850.0,1860.0,1811.0,1816.0,5262
2010-07-22 00:00:00,1817.0,1869.0,1813.0,1853.0,4721
2010-07-23 00:00:00,1854.0,1874.0,1845.0,1872.0,4545
2010-07-25 00:00:00,1876.0,1878.0,1872.0,1875.0,42
2010-07-26 00:00:00,1874.0,1888.0,1866.0,1885.0,3438
2010-07-27 00:00:00,1886.0,1901.0,1878.0,1886.0,3542
2010-07-28 00:00:00,1885.0,1895.0,1865.0,1867.0,3340
2010-07-29 00:00:00,1868.0,1885.0,1839.0,1856.0,5688
2010-07-30 00:00:00,1857.0,1873.0,1832.0,1864.0,6659
2010-08-01 00:00:00,1868.0,1870.0,1867.0,1868.0,63
2010-08-02 00:00:00,1869.0,1902.0,1867.0,1894.0,3912
2010-08-03 00:00:00,1895.0,1898.0,1880.0,1894.0,3486
2010-08-04 00:00:00,1895.0,1910.0,1883.0,1904.0,4336
2010-08-05 00:00:00,1905.0,1913.0,1891.0,1903.0,3136
2010-08-06 00:00:00,1902.0,1908.0,1872.0,1901.0,5420
2010-08-08 00:00:00,1906.0,1906.0,1902.0,1903.0,36
2010-08-09 00:00:00,1902.0,1918.0,1899.0,1914.0,3190
2010-08-10 00:00:00,1913.0,1914.0,1881.0,1897.0,5399
2010-08-11 00:00:00,1896.0,1896.0,1813.0,1820.0,6176
2010-08-12 00:00:00,1819.0,1838.0,1807.0,1831.0,5203
2010-08-13 00:00:00,1832.0,1843.0,1815.0,1818.0,5485
2010-08-15 00:00:00,1817.0,1818.0,1816.0,1818.0,16
2010-08-16 00:00:00,1817.0,1833.0,1800.0,1821.0,5954
2010-08-17 00:00:00,1820.0,1860.0,1817.0,1841.0,5095
2010-08-18 00:00:00,1840.0,1862.0,1831.0,1839.0,5148
2010-08-19 00:00:00,1838.0,1850.0,1810.0,1822.0,7026
2010-08-20 00:00:00,1823.0,1830.0,1809.0,1826.0,5439
2010-08-22 00:00:00,1825.0,1832.0,1825.0,1831.0,45
2010-08-23 00:00:00,1830.0,1842.0,1805.0,1806.0,5400
2010-08-24 00:00:00,1807.0,1809.0,1766.0,1773.0,7415
2010-08-25 00:00:00,1772.0,1798.0,1757.0,1791.0,7102
2010-08-26 00:00:00,1792.0,1803.0,1762.0,1763.0,7629
2010-08-27 00:00:00,1764.0,1792.0,1744.0,1789.0,8233
2010-08-29 00:00:00,1794.0,1798.0,1794.0,1795.0,28
2010-08-30 00:00:00,1794.0,1805.0,1768.0,1770.0,5402
2010-08-31 00:00:00,1771.0,1781.0,1754.0,1774.0,8592
2010-09-01 00:00:00,1773.0,1824.0,1771.0,1819.0,6489
2010-09-02 00:00:00,1818.0,1840.0,1812.0,1837.0,5546
2010-09-03 00:00:00,1836.0,1869.0,1834.0,1869.0,5461
2010-09-05 00:00:00,1867.0,1867.0,1865.0,1867.0,29
2010-09-06 00:00:00,1868.0,1877.0,1866.0,1869.0,862
2010-09-07 00:00:00,1870.0,1873.0,1853.0,1857.0,5689
2010-09-08 00:00:00,1858.0,1887.0,1851.0,1880.0,5241
2010-09-09 00:00:00,1881.0,1897.0,1874.0,1885.0,4472
2010-09-10 00:00:00,1886.0,1896.0,1879.0,1891.0,3842
2010-09-12 00:00:00,1898.0,1902.0,1898.0,1900.0,101
2010-09-13 00:00:00,1901.0,1924.0,1900.0,1921.0,2967
2010-09-14 00:00:00,1920.0,1938.0,1912.0,1922.0,2783
2010-09-15 00:00:00,1923.0,1943.0,1916.0,1940.0,2829
2010-09-16 00:00:00,1941.0,1957.0,1931.0,1957.0,2902
2010-09-17 00:00:00,1956.0,1972.0,1945.0,1955.0,3155
2010-09-19 00:00:00,1956.0,1956.0,1952.0,1952.0,43
2010-09-20 00:00:00,1951.0,1993.0,1950.0,1983.0,3398
2010-09-21 00:00:00,1985.0,2001.0,1978.0,1984.0,5668
2010-09-22 00:00:00,1983.0,1995.0,1972.0,1985.0,5577
2010-09-23 00:00:00,1985.0,2002.0,1964.0,1983.0,5202
2010-09-24 00:00:00,1982.0,2024.0,1981.0,2023.0,3962
2010-09-26 00:00:00,2024.0,2033.0,2024.0,2029.0,94
2010-09-27 00:00:00,2028.0,2030.0,2009.0,2010.0,3680
2010-09-28 00:00:00,2009.0,2022.0,1979.0,2013.0,5858
2010-09-29 00:00:00,2012.0,2020.0,2001.0,2011.0,5860
2010-09-30 00:00:00,2010.0,2030.0,1985.0,1998.0,6829
2010-10-01 00:00:00,1999.0,2017.0,1987.0,1997.0,5859
2010-10-03 00:00:00,1998.0,1998.0,1991.0,1991.0,58
2010-10-04 00:00:00,1990.0,1999.0,1963.0,1979.0,4715
2010-10-05 00:00:00,1980.0,2026.0,1977.0,2023.0,3972
2010-10-06 00:00:00,2024.0,2026.0,1991.0,2005.0,4218
2010-10-07 00:00:00,2006.0,2021.0,1996.0,2015.0,4958
2010-10-08 00:00:00,2016.0,2030.0,1984.0,2026.0,5612
2010-10-10 00:00:00,2025.0,2028.0,2025.0,2027.0,39
2010-10-11 00:00:00,2028.0,2035.0,2020.0,2027.0,2796
2010-10-12 00:00:00,2026.0,2044.0,2005.0,2040.0,5592
2010-10-13 00:00:00,2039.0,2066.0,2037.0,2056.0,2770
2010-10-14 00:00:00,2057.0,2073.0,2042.0,2071.0,3402
2010-10-15 00:00:00,2070.0,2095.0,2061.0,2094.0,3608
2010-10-17 00:00:00,2095.0,2098.0,2094.0,2096.0,20
2010-10-18 00:00:00,2095.0,2106.0,2058.0,2066.0,3264
2010-10-19 00:00:00,2067.0,2086.0,2053.0,2066.0,4096
2010-10-20 00:00:00,2065.0,2099.0,2064.0,2091.0,2875
2010-10-21 00:00:00,2090.0,2105.0,2068.0,2083.0,3620
2010-10-22 00:00:00,2082.0,2104.0,2078.0,2101.0,2415
2010-10-24 00:00:00,2105.0,2109.0,2103.0,2104.0,74
2010-10-25 00:00:00,2103.0,2126.0,2103.0,2110.0,2545
2010-10-26 00:00:00,2109.0,2123.0,2093.0,2120.0,2683
2010-10-27 00:00:00,2119.0,2126.0,2103.0,2121.0,3196
2010-10-28 00:00:00,2122.0,2138.0,2110.0,2128.0,3016
2010-10-29 00:00:00,2129.0,2136.0,2118.0,2125.0,2849
2010-10-31 00:00:00,2126.0,2134.0,2126.0,2132.0,35
2010-11-01 00:00:00,2133.0,2147.0,2116.0,2128.0,2806
2010-11-02 00:00:00,2129.0,2155.0,2128.0,2154.0,2498
2010-11-03 00:00:00,2153.0,2167.0,2131.0,2165.0,4119
2010-11-04 00:00:00,2166.0,2192.0,2164.0,2183.0,2704
2010-11-05 00:00:00,2184.0,2191.0,2178.0,2182.0,2885
2010-11-07 00:00:00,2181.0,2185.0,2179.0,2184.0,28
2010-11-08 00:00:00,2185.0,2190.0,2175.0,2181.0,2500
2010-11-09 00:00:00,2180.0,2199.0,2165.0,2176.0,2594
2010-11-10 00:00:00,2177.0,2188.0,2153.0,2159.0,3201
2010-11-11 00:00:00,2158.0,2176.0,2143.0,2170.0,2788
2010-11-12 00:00:00,2171.0,2174.0,2120.0,2136.0,4103
2010-11-14 00:00:00,2135.0,2139.0,2135.0,2138.0,52
2010-11-15 00:00:00,2139.0,2152.0,2123.0,2125.0,2598
2010-11-16 00:00:00,2126.0,2126.0,2085.0,2098.0,3700
2010-11-17 00:00:00,2099.0,2110.0,2089.0,2101.0,2936
2010-11-18 00:00:00,2100.0,2148.0,2100.0,2139.0,2788
2010-11-19 00:00:00,2138.0,2139.0,2121.0,2135.0,2378
2010-11-21 00:00:00,2145.0,2147.0,2142.0,2147.0,45
2010-11-22 00:00:00,2146.0,2156.0,2122.0,2151.0,3050
2010-11-23 00:00:00,2149.0,2152.0,2103.0,2120.0,3218
2010-11-24 00:00:00,2121.0,2163.0,2111.0,2158.0,3228
2010-11-25 00:00:00,2159.0,2161.0,2151.0,2158.0,1003
2010-11-26 00:00:00,2159.0,2160.0,2133.0,2143.0,2286
2010-11-28 00:00:00,2146.0,2157.0,2146.0,2149.0,130
2010-11-29 00:00:00,2150.0,2158.0,2116.0,2141.0,3538
2010-11-30 00:00:00,2142.0,2146.0,2108.0,2110.0,3702
2010-12-01 00:00:00,2111.0,2172.0,2109.0,2160.0,2947
2010-12-02 00:00:00,2161.0,2189.0,2155.0,2185.0,3072
2010-12-03 00:00:00,2184.0,2193.0,2166.0,2189.0,2802
2010-12-05 00:00:00,2188.0,2192.0,2187.0,2191.0,42
2010-12-06 00:00:00,2192.0,2192.0,2175.0,2189.0,2561
2010-12-07 00:00:00,2190.0,2215.0,2183.0,2187.0,2670
2010-12-08 00:00:00,2188.0,2205.0,2178.0,2204.0,2692
2010-12-09 00:00:00,2205.0,2213.0,2192.0,2201.0,2580
2010-12-10 00:00:00,2202.0,2216.0,2198.0,2215.0,2084
2010-12-12 00:00:00,2216.0,2216.0,2210.0,2210.0,43
2010-12-13 00:00:00,2211.0,2225.0,2205.0,2207.0,1914
2010-12-14 00:00:00,2208.0,2219.0,2204.0,2212.0,2451
2010-12-15 00:00:00,2213.0,2222.0,2195.0,2198.0,3066
2010-12-16 00:00:00,2199.0,2224.0,2196.0,2220.0,2861
2010-12-17 00:00:00,2221.0,2226.0,2215.0,2220.0,1992
2010-12-19 00:00:00,2216.0,2217.0,2215.0,2217.0,40
2010-12-20 00:00:00,2216.0,2230.0,2206.0,2220.0,1821
2010-12-21 00:00:00,2219.0,2237.0,2219.0,2231.0,1668
2010-12-22 00:00:00,2230.0,2238.0,2230.0,2237.0,1455
2010-12-23 00:00:00,2238.0,2239.0,2224.0,2231.0,1284
2010-12-26 00:00:00,2226.0,2227.0,2220.0,2223.0,68
2010-12-27 00:00:00,2222.0,2234.0,2207.0,2232.0,1221
2010-12-28 00:00:00,2233.0,2236.0,2221.0,2225.0,859
2010-12-29 00:00:00,2224.0,2235.0,2224.0,2231.0,1068
2010-12-30 00:00:00,2230.0,2233.0,2222.0,2225.0,1170
2010-12-31 00:00:00,2224.0,2229.0,2208.0,2212.0,490
2011-01-02 00:00:00,2223.0,2224.0,2219.0,2222.0,34
2011-01-03 00:00:00,2221.0,2268.0,2220.0,2251.0,1672
2011-01-04 00:00:00,2250.0,2263.0,2237.0,2246.0,1895
2011-01-05 00:00:00,2245.0,2272.0,2230.0,2271.0,1988
2011-01-06 00:00:00,2272.0,2279.0,2267.0,2276.0,1860
2011-01-07 00:00:00,2277.0,2282.0,2252.0,2276.0,2819
2011-01-09 00:00:00,2270.0,2271.0,2269.0,2270.0,17
2011-01-10 00:00:00,2269.0,2287.0,2261.0,2283.0,2228
2011-01-11 00:00:00,2284.0,2295.0,2278.0,2286.0,2003
2011-01-12 00:00:00,2287.0,2307.0,2286.0,2304.0,2172
2011-01-13 00:00:00,2305.0,2311.0,2297.0,2309.0,2089
2011-01-14 00:00:00,2308.0,2321.0,2298.0,2321.0,1726
2011-01-16 00:00:00,2320.0,2325.0,2319.0,2319.0,60
2011-01-17 00:00:00,2318.0,2321.0,2286.0,2295.0,1106
2011-01-18 00:00:00,2294.0,2346.0,2293.0,2331.0,2568
2011-01-19 00:00:00,2332.0,2338.0,2293.0,2293.0,2472
2011-01-20 00:00:00,2294.0,2299.0,2267.0,2283.0,2966
2011-01-21 00:00:00,2282.0,2300.0,2266.0,2267.0,2365
2011-01-23 00:00:00,2268.0,2270.0,2265.0,2267.0,52
2011-01-24 00:00:00,2268.0,2301.0,2265.0,2296.0,2058
2011-01-25 00:00:00,2297.0,2302.0,2282.0,2299.0,2554
2011-01-26 00:00:00,2298.0,2320.0,2298.0,2317.0,2372
2011-01-27 00:00:00,2316.0,2335.0,2313.0,2321.0,2456
2011-01-28 00:00:00,2322.0,2331.0,2258.0,2268.0,2855
2011-01-30 00:00:00,2263.0,2263.0,2251.0,2258.0,142
2011-01-31 00:00:00,2257.0,2286.0,2255.0,2285.0,2697
2011-02-01 00:00:00,2286.0,2328.0,2286.0,2321.0,2191
2011-02-02 00:00:00,2320.0,2328.0,2312.0,2319.0,1826
2011-02-03 00:00:00,2318.0,2326.0,2296.0,2322.0,2092
2011-02-04 00:00:00,2323.0,2338.0,2316.0,2336.0,1802
2011-02-06 00:00:00,2335.0,2336.0,2335.0,2335.0,7
2011-02-07 00:00:00,2336.0,2359.0,2335.0,2345.0,1447
2011-02-08 00:00:00,2344.0,2364.0,2342.0,2363.0,1473
2011-02-09 00:00:00,2362.0,2365.0,2350.0,2352.0,1855
2011-02-10 00:00:00,2353.0,2365.0,2338.0,2356.0,2328
2011-02-11 00:00:00,2357.0,2380.0,2348.0,2378.0,1772
2011-02-13 00:00:00,2376.0,2380.0,2376.0,2378.0,51
2011-02-14 00:00:00,2379.0,2388.0,2375.0,2379.0,1390
2011-02-15 00:00:00,2378.0,2385.0,2371.0,2383.0,1830
2011-02-16 00:00:00,2382.0,2403.0,2382.0,2391.0,1985
2011-02-17 00:00:00,2392.0,2401.0,2384.0,2394.0,1590
2011-02-18 00:00:00,2393.0,2400.0,2382.0,2391.0,1517
2011-02-20 00:00:00,2393.0,2394.0,2390.0,2390.0,36
2011-02-21 00:00:00,2387.0,2388.0,2362.0,2362.0,294
2011-02-22 00:00:00,2363.0,2366.0,2316.0,2322.0,3175
2011-02-23 00:00:00,2323.0,2335.0,2285.0,2306.0,3124
2011-02-24 00:00:00,2305.0,2321.0,2281.0,2315.0,3883
2011-02-25 00:00:00,2314.0,2349.0,2311.0,2346.0,2128
2011-02-27 00:00:00,2344.0,2344.0,2335.0,2340.0,107
2011-02-28 00:00:00,2341.0,2362.0,2336.0,2354.0,2164
2011-03-01 00:00:00,2355.0,2371.0,2304.0,2310.0,3145
2011-03-02 00:00:00,2311.0,2340.0,2301.0,2322.0,3467
2011-03-03 00:00:00,2323.0,2378.0,2323.0,2375.0,2760
2011-03-04 00:00:00,2376.0,2377.0,2343.0,2358.0,3110
2011-03-06 00:00:00,2360.0,2365.0,2357.0,2359.0,110
2011-03-07 00:00:00,2358.0,2373.0,2305.0,2328.0,3555
2011-03-08 00:00:00,2329.0,2347.0,2309.0,2333.0,3552
2011-03-09 00:00:00,2332.0,2339.0,2308.0,2311.0,3746
2011-03-10 00:00:00,2310.0,2312.0,2274.0,2286.0,4269
2011-03-11 00:00:00,2287.0,2305.0,2264.0,2298.0,4405
2011-03-13 00:00:00,2292.0,2299.0,2277.0,2287.0,244
2011-03-14 00:00:00,2288.0,2302.0,2273.0,2292.0,5722
2011-03-15 00:00:00,2293.0,2294.0,2216.0,2240.0,8393
2011-03-16 00:00:00,2249.0,2262.0,2186.0,2195.0,8385
2011-03-17 00:00:00,2196.0,2246.0,2192.0,2220.0,6512
2011-03-18 00:00:00,2221.0,2254.0,2215.0,2218.0,4222
2011-03-20 00:00:00,2223.0,2233.0,2223.0,2233.0,67
2011-03-21 00:00:00,2234.0,2271.0,2226.0,2256.0,3122
2011-03-22 00:00:00,2255.0,2264.0,2250.0,2255.0,2639
2011-03-23 00:00:00,2254.0,2275.0,2232.0,2266.0,3167
2011-03-24 00:00:00,2267.0,2331.0,2263.0,2317.0,3024
2011-03-25 00:00:00,2316.0,2330.0,2311.0,2315.0,2567
2011-03-27 00:00:00,2319.0,2322.0,2315.0,2321.0,123
2011-03-28 00:00:00,2322.0,2328.0,2296.0,2296.0,2607
2011-03-29 00:00:00,2297.0,2327.0,2290.0,2322.0,2735
2011-03-30 00:00:00,2323.0,2343.0,2322.0,2332.0,2368
2011-03-31 00:00:00,2331.0,2345.0,2327.0,2343.0,2296
2011-04-01 00:00:00,2342.0,2358.0,2333.0,2339.0,2608
2011-04-03 00:00:00,2338.0,2345.0,2337.0,2343.0,62
2011-04-04 00:00:00,2342.0,2350.0,2322.0,2341.0,2110
2011-04-05 00:00:00,2340.0,2342.0,2318.0,2327.0,2394
2011-04-06 00:00:00,2326.0,2350.0,2317.0,2327.0,2431
2011-04-07 00:00:00,2326.0,2344.0,2312.0,2330.0,2766
2011-04-08 00:00:00,2331.0,2343.0,2305.0,2317.0,2072
2011-04-10 00:00:00,2323.0,2333.0,2323.0,2330.0,139
2011-04-11 00:00:00,2331.0,2331.0,2302.0,2305.0,2654
2011-04-12 00:00:00,2304.0,2305.0,2285.0,2299.0,2917
2011-04-13 00:00:00,2298.0,2319.0,2295.0,2307.0,2912
2011-04-14 00:00:00,2308.0,2312.0,2288.0,2305.0,3374
2011-04-15 00:00:00,2304.0,2314.0,2290.0,2304.0,2133
2011-04-17 00:00:00,2309.0,2310.0,2307.0,2307.0,83
2011-04-18 00:00:00,2308.0,2310.0,2251.0,2285.0,3558
2011-04-19 00:00:00,2284.0,2322.0,2278.0,2320.0,2613
2011-04-20 00:00:00,2319.0,2379.0,2317.0,2377.0,2558
2011-04-21 00:00:00,2378.0,2383.0,2367.0,2374.0,1981
2011-04-24 00:00:00,2373.0,2378.0,2372.0,2378.0,58
2011-04-25 00:00:00,2379.0,2383.0,2372.0,2382.0,1078
2011-04-26 00:00:00,2383.0,2404.0,2375.0,2395.0,1957
2011-04-27 00:00:00,2396.0,2415.0,2389.0,2410.0,1940
2011-04-28 00:00:00,2411.0,2418.0,2398.0,2403.0,1768
2011-04-29 00:00:00,2404.0,2414.0,2400.0,2406.0,1276
2011-05-01 00:00:00,2412.0,2414.0,2406.0,2409.0,90
2011-05-02 00:00:00,2408.0,2429.0,2396.0,2403.0,2042
2011-05-03 00:00:00,2402.0,2405.0,2376.0,2392.0,1988
2011-05-04 00:00:00,2393.0,2398.0,2367.0,2389.0,2750
2011-05-05 00:00:00,2390.0,2400.0,2364.0,2375.0,3089
2011-05-06 00:00:00,2376.0,2409.0,2373.0,2382.0,3295
2011-05-09 00:00:00,2386.0,2398.0,2374.0,2389.0,2620
2011-05-10 00:00:00,2390.0,2414.0,2383.0,2413.0,2350
2011-05-11 00:00:00,2414.0,2415.0,2374.0,2383.0,2750
2011-05-12 00:00:00,2384.0,2409.0,2369.0,2406.0,3056
2011-05-13 00:00:00,2405.0,2414.0,2376.0,2377.0,2872
2011-05-15 00:00:00,2365.0,2367.0,2359.0,2361.0,135
2011-05-16 00:00:00,2362.0,2373.0,2326.0,2328.0,3792
2011-05-17 00:00:00,2329.0,2346.0,2318.0,2343.0,3987
2011-05-18 00:00:00,2342.0,2367.0,2333.0,2365.0,2599
2011-05-19 00:00:00,2364.0,2373.0,2354.0,2368.0,3000
2011-05-20 00:00:00,2367.0,2373.0,2347.0,2352.0,2940
2011-05-22 00:00:00,2342.0,2343.0,2333.0,2340.0,127
2011-05-23 00:00:00,2341.0,2341.0,2305.0,2315.0,2754
2011-05-24 00:00:00,2316.0,2324.0,2297.0,2299.0,2681
2011-05-25 00:00:00,2298.0,2321.0,2281.0,2308.0,2865
2011-05-26 00:00:00,2309.0,2331.0,2303.0,2327.0,2408
2011-05-27 00:00:00,2326.0,2338.0,2322.0,2336.0,1499
2011-05-29 00:00:00,2332.0,2334.0,2331.0,2332.0,33
2011-05-30 00:00:00,2333.0,2338.0,2331.0,2338.0,373
2011-05-31 00:00:00,2339.0,2380.0,2339.0,2377.0,2275
2011-06-01 00:00:00,2376.0,2381.0,2314.0,2318.0,2822
2011-06-02 00:00:00,2319.0,2335.0,2314.0,2325.0,3241
2011-06-03 00:00:00,2326.0,2328.0,2289.0,2293.0,3117
2011-06-05 00:00:00,2291.0,2293.0,2286.0,2292.0,51
2011-06-06 00:00:00,2293.0,2299.0,2271.0,2272.0,3088
2011-06-07 00:00:00,2273.0,2288.0,2268.0,2276.0,2740
2011-06-08 00:00:00,2277.0,2277.0,2245.0,2251.0,3303
2011-06-09 00:00:00,2250.0,2266.0,2245.0,2252.0,2485
2011-06-10 00:00:00,2253.0,2254.0,2219.0,2221.0,2730
2011-06-12 00:00:00,2222.0,2222.0,2219.0,2219.0,66
2011-06-13 00:00:00,2220.0,2233.0,2214.0,2223.0,3039
2011-06-14 00:00:00,2224.0,2255.0,2219.0,2247.0,2823
2011-06-15 00:00:00,2246.0,2247.0,2203.0,2211.0,3513
2011-06-16 00:00:00,2212.0,2217.0,2180.0,2205.0,4515
2011-06-17 00:00:00,2206.0,2222.0,2189.0,2192.0,3075
2011-06-19 00:00:00,2189.0,2192.0,2186.0,2188.0,116
2011-06-20 00:00:00,2189.0,2210.0,2177.0,2207.0,2498
2011-06-21 00:00:00,2206.0,2253.0,2201.0,2247.0,2626
2011-06-22 00:00:00,2248.0,2254.0,2224.0,2226.0,2378
2011-06-23 00:00:00,2227.0,2256.0,2203.0,2249.0,4351
2011-06-24 00:00:00,2250.0,2260.0,2211.0,2215.0,2917
2011-06-26 00:00:00,2214.0,2214.0,2198.0,2205.0,222
2011-06-27 00:00:00,2204.0,2269.0,2200.0,2260.0,3341
2011-06-28 00:00:00,2259.0,2288.0,2245.0,2286.0,2959
2011-06-29 00:00:00,2285.0,2303.0,2278.0,2296.0,3406
2011-06-30 00:00:00,2295.0,2326.0,2291.0,2323.0,2435
2011-07-01 00:00:00,2324.0,2363.0,2320.0,2360.0,2558
2011-07-03 00:00:00,2357.0,2359.0,2357.0,2358.0,62
2011-07-05 00:00:00,2365.0,2375.0,2355.0,2373.0,2212
2011-07-06 00:00:00,2372.0,2383.0,2362.0,2382.0,2681
2011-07-07 00:00:00,2383.0,2418.0,2381.0,2417.0,2838
2011-07-08 00:00:00,2418.0,2424.0,2378.0,2405.0,3322
2011-07-10 00:00:00,2402.0,2403.0,2392.0,2397.0,181
2011-07-11 00:00:00,2398.0,2401.0,2353.0,2365.0,3678
2011-07-12 00:00:00,2366.0,2368.0,2328.0,2343.0,4826
2011-07-13 00:00:00,2344.0,2377.0,2332.0,2340.0,3754
2011-07-14 00:00:00,2339.0,2370.0,2317.0,2342.0,4421
2011-07-15 00:00:00,2343.0,2356.0,2334.0,2354.0,3982
2011-07-17 00:00:00,2353.0,2356.0,2351.0,2353.0,91
2011-07-18 00:00:00,2352.0,2354.0,2321.0,2345.0,3762
2011-07-19 00:00:00,2346.0,2413.0,2345.0,2408.0,3723
2011-07-20 00:00:00,2407.0,2415.0,2367.0,2378.0,3605
2011-07-21 00:00:00,2379.0,2416.0,2370.0,2412.0,4914
2011-07-22 00:00:00,2411.0,2432.0,2398.0,2427.0,2980
2011-07-24 00:00:00,2400.0,2407.0,2381.0,2407.0,330
2011-07-25 00:00:00,2408.0,2436.0,2400.0,2424.0,3923
2011-07-26 00:00:00,2425.0,2437.0,2415.0,2423.0,3426
2011-07-27 00:00:00,2424.0,2428.0,2358.0,2359.0,3476
2011-07-28 00:00:00,2358.0,2401.0,2358.0,2371.0,3731
2011-07-29 00:00:00,2370.0,2387.0,2340.0,2366.0,6214
2011-07-31 00:00:00,2387.0,2396.0,2385.0,2388.0,312
2011-08-01 00:00:00,2389.0,2397.0,2323.0,2352.0,5289
2011-08-02 00:00:00,2351.0,2353.0,2284.0,2287.0,5387
2011-08-03 00:00:00,2288.0,2316.0,2255.0,2312.0,6106
2011-08-04 00:00:00,2311.0,2320.0,2195.0,2203.0,8940
2011-08-05 00:00:00,2202.0,2239.0,2129.0,2196.0,13787
2011-08-07 00:00:00,2135.0,2153.0,2127.0,2143.0,947
2011-08-08 00:00:00,2144.0,2171.0,2016.0,2025.0,15514
2011-08-09 00:00:00,2024.0,2168.0,1973.0,2161.0,21525
2011-08-10 00:00:00,2162.0,2165.0,2067.0,2087.0,17674
2011-08-11 00:00:00,2088.0,2184.0,2058.0,2157.0,17731
2011-08-12 00:00:00,2156.0,2192.0,2115.0,2179.0,12245
2011-08-14 00:00:00,2178.0,2190.0,2178.0,2189.0,300
2011-08-15 00:00:00,2190.0,2211.0,2177.0,2203.0,6525
2011-08-16 00:00:00,2204.0,2211.0,2164.0,2187.0,8277
2011-08-17 00:00:00,2188.0,2214.0,2157.0,2168.0,6726
2011-08-18 00:00:00,2169.0,2169.0,2053.0,2073.0,11693
2011-08-19 00:00:00,2074.0,2102.0,2034.0,2036.0,11037
2011-08-21 00:00:00,2037.0,2037.0,2022.0,2034.0,326
2011-08-22 00:00:00,2033.0,2085.0,2029.0,2042.0,7360
2011-08-23 00:00:00,2043.0,2129.0,2037.0,2118.0,6773
2011-08-24 00:00:00,2119.0,2147.0,2096.0,2119.0,7008
2011-08-25 00:00:00,2118.0,2152.0,2101.0,2118.0,7323
2011-08-26 00:00:00,2119.0,2169.0,2081.0,2159.0,7896
2011-08-28 00:00:00,2162.0,2169.0,2158.0,2167.0,192
2011-08-29 00:00:00,2168.0,2225.0,2162.0,2220.0,5339
2011-08-30 00:00:00,2219.0,2249.0,2201.0,2223.0,7423
2011-08-31 00:00:00,2224.0,2267.0,2222.0,2243.0,7002
2011-09-01 00:00:00,2244.0,2264.0,2215.0,2216.0,5503
2011-09-02 00:00:00,2215.0,2222.0,2156.0,2169.0,5251
2011-09-04 00:00:00,2157.0,2159.0,2149.0,2158.0,204
2011-09-05 00:00:00,2156.0,2157.0,2108.0,2117.0,3111
2011-09-06 00:00:00,2116.0,2173.0,2111.0,2170.0,9588
2011-09-07 00:00:00,2171.0,2229.0,2169.0,2229.0,6542
2011-09-08 00:00:00,2228.0,2242.0,2202.0,2209.0,5941
2011-09-09 00:00:00,2208.0,2226.0,2148.0,2163.0,6931
2011-09-11 00:00:00,2142.0,2157.0,2142.0,2154.0,230
2011-09-12 00:00:00,2155.0,2207.0,2120.0,2199.0,7400
2011-09-13 00:00:00,2198.0,2224.0,2165.0,2212.0,7892
2011-09-14 00:00:00,2211.0,2276.0,2190.0,2252.0,7414
2011-09-15 00:00:00,2253.0,2292.0,2243.0,2287.0,6620
2011-09-16 00:00:00,2288.0,2308.0,2273.0,2304.0,5593
2011-09-18 00:00:00,2288.0,2289.0,2280.0,2284.0,285
2011-09-19 00:00:00,2285.0,2318.0,2258.0,2295.0,6409
2011-09-20 00:00:00,2296.0,2336.0,2288.0,2304.0,7118
2011-09-21 00:00:00,2305.0,2319.0,2245.0,2250.0,8002
2011-09-22 00:00:00,2251.0,2253.0,2149.0,2191.0,10672
2011-09-23 00:00:00,2192.0,2214.0,2138.0,2203.0,10404
2011-09-25 00:00:00,2197.0,2231.0,2194.0,2227.0,492
2011-09-26 00:00:00,2228.0,2236.0,2166.0,2226.0,9961
2011-09-27 00:00:00,2227.0,2289.0,2225.0,2254.0,7612
2011-09-28 00:00:00,2253.0,2280.0,2216.0,2217.0,8925
2011-09-29 00:00:00,2218.0,2264.0,2157.0,2198.0,9919
2011-09-30 00:00:00,2197.0,2199.0,2139.0,2139.0,8662
2011-10-02 00:00:00,2128.0,2136.0,2123.0,2134.0,312
2011-10-03 00:00:00,2133.0,2152.0,2064.0,2069.0,9563
2011-10-04 00:00:00,2070.0,2131.0,2040.0,2124.0,10987
2011-10-05 00:00:00,2125.0,2186.0,2104.0,2158.0,9419
2011-10-06 00:00:00,2157.0,2218.0,2153.0,2210.0,8757
2011-10-07 00:00:00,2211.0,2231.0,2188.0,2200.0,9719
2011-10-09 00:00:00,2211.0,2222.0,2209.0,2221.0,213
2011-10-10 00:00:00,2222.0,2282.0,2222.0,2278.0,7109
2011-10-11 00:00:00,2279.0,2300.0,2266.0,2287.0,7909
2011-10-12 00:00:00,2286.0,2332.0,2278.0,2302.0,8603
2011-10-13 00:00:00,2303.0,2340.0,2293.0,2331.0,9082
2011-10-14 00:00:00,2332.0,2370.0,2324.0,2370.0,6696
2011-10-16 00:00:00,2371.0,2377.0,2370.0,2374.0,159
2011-10-17 00:00:00,2375.0,2392.0,2316.0,2325.0,8075
2011-10-18 00:00:00,2324.0,2375.0,2309.0,2345.0,9671
2011-10-19 00:00:00,2346.0,2360.0,2310.0,2325.0,8535
2011-10-20 00:00:00,2326.0,2337.0,2273.0,2305.0,9031
2011-10-21 00:00:00,2304.0,2349.0,2303.0,2334.0,6787
2011-10-23 00:00:00,2327.0,2338.0,2325.0,2336.0,262
2011-10-24 00:00:00,2337.0,2390.0,2329.0,2375.0,6621
2011-10-25 00:00:00,2376.0,2391.0,2320.0,2327.0,6586
2011-10-26 00:00:00,2326.0,2354.0,2291.0,2338.0,6938
2011-10-27 00:00:00,2339.0,2413.0,2334.0,2403.0,7011
2011-10-28 00:00:00,2404.0,2405.0,2383.0,2402.0,5141
2011-10-30 00:00:00,2403.0,2403.0,2390.0,2390.0,89
2011-10-31 00:00:00,2391.0,2397.0,2349.0,2352.0,6256
2011-11-01 00:00:00,2353.0,2360.0,2287.0,2303.0,9266
2011-11-02 00:00:00,2302.0,2334.0,2297.0,2312.0,7001
2011-11-03 00:00:00,2311.0,2370.0,2283.0,2366.0,8351
2011-11-04 00:00:00,2365.0,2369.0,2331.0,2354.0,6073
2011-11-06 00:00:00,2369.0,2370.0,2358.0,2362.0,132
2011-11-07 00:00:00,2361.0,2384.0,2324.0,2376.0,7606
2011-11-08 00:00:00,2375.0,2403.0,2359.0,2400.0,6804
2011-11-09 00:00:00,2399.0,2401.0,2307.0,2313.0,9463
2011-11-10 00:00:00,2312.0,2348.0,2291.0,2312.0,9196
2011-11-11 00:00:00,2313.0,2364.0,2306.0,2357.0,6141
2011-11-13 00:00:00,2361.0,2366.0,2360.0,2364.0,86
2011-11-14 00:00:00,2363.0,2366.0,2331.0,2345.0,6139
2011-11-15 00:00:00,2346.0,2375.0,2311.0,2361.0,6914
2011-11-16 00:00:00,2362.0,2372.0,2309.0,2312.0,8406
2011-11-17 00:00:00,2313.0,2334.0,2257.0,2264.0,9892
2011-11-18 00:00:00,2265.0,2291.0,2250.0,2253.0,7453
2011-11-20 00:00:00,2242.0,2243.0,2235.0,2241.0,138
2011-11-21 00:00:00,2240.0,2244.0,2188.0,2215.0,7855
2011-11-22 00:00:00,2216.0,2228.0,2192.0,2217.0,7253
2011-11-23 00:00:00,2216.0,2216.0,2163.0,2168.0,8655
2011-11-24 00:00:00,2175.0,2186.0,2152.0,2158.0,3219
2011-11-25 00:00:00,2159.0,2182.0,2136.0,2149.0,6336
2011-11-27 00:00:00,2181.0,2188.0,2179.0,2181.0,217
2011-11-28 00:00:00,2182.0,2228.0,2180.0,2221.0,5215
2011-11-29 00:00:00,2220.0,2245.0,2202.0,2204.0,5970
2011-11-30 00:00:00,2205.0,2297.0,2196.0,2294.0,6335
2011-12-01 00:00:00,2295.0,2315.0,2284.0,2310.0,4887
2011-12-02 00:00:00,2309.0,2344.0,2301.0,2306.0,5158
2011-12-04 00:00:00,2316.0,2321.0,2315.0,2315.0,116
2011-12-05 00:00:00,2314.0,2344.0,2312.0,2323.0,4822
2011-12-06 00:00:00,2322.0,2342.0,2313.0,2326.0,4812
2011-12-07 00:00:00,2325.0,2344.0,2292.0,2324.0,5889
2011-12-08 00:00:00,2323.0,2341.0,2276.0,2280.0,7922
2011-12-09 00:00:00,2279.0,2326.0,2269.0,2321.0,6571
2011-12-11 00:00:00,2320.0,2324.0,2319.0,2322.0,73
2011-12-12 00:00:00,2321.0,2326.0,2274.0,2296.0,5339
2011-12-13 00:00:00,2295.0,2318.0,2258.0,2269.0,6546
2011-12-14 00:00:00,2270.0,2280.0,2220.0,2232.0,6945
2011-12-15 00:00:00,2231.0,2256.0,2219.0,2230.0,5252
2011-12-16 00:00:00,2231.0,2268.0,2230.0,2238.0,4987
2011-12-18 00:00:00,2237.0,2242.0,2237.0,2238.0,82
2011-12-19 00:00:00,2239.0,2255.0,2208.0,2225.0,5979
2011-12-20 00:00:00,2224.0,2287.0,2222.0,2271.0,4685
2011-12-21 00:00:00,2272.0,2295.0,2222.0,2246.0,5654
2011-12-22 00:00:00,2245.0,2272.0,2238.0,2271.0,3970
2011-12-23 00:00:00,2272.0,2286.0,2266.0,2286.0,2324
2011-12-27 00:00:00,2289.0,2300.0,2279.0,2286.0,1397
2011-12-28 00:00:00,2287.0,2296.0,2260.0,2269.0,2864
2011-12-29 00:00:00,2268.0,2286.0,2263.0,2283.0,2691
2011-12-30 00:00:00,2284.0,2288.0,2278.0,2278.0,1855
2012-01-03 00:00:00,2324.0,2332.0,2312.0,2321.0,3314
2012-01-04 00:00:00,2320.0,2333.0,2307.0,2332.0,3245
2012-01-05 00:00:00,2331.0,2352.0,2314.0,2347.0,3961
2012-01-06 00:00:00,2346.0,2363.0,2337.0,2356.0,3230
2012-01-08 00:00:00,2359.0,2359.0,2346.0,2350.0,96
2012-01-09 00:00:00,2349.0,2365.0,2340.0,2354.0,3664
2012-01-10 00:00:00,2355.0,2380.0,2354.0,2359.0,2857
2012-01-11 00:00:00,2360.0,2375.0,2355.0,2369.0,2976
2012-01-12 00:00:00,2368.0,2385.0,2358.0,2383.0,3179
2012-01-13 00:00:00,2384.0,2389.0,2351.0,2371.0,3577
2012-01-15 00:00:00,2372.0,2374.0,2369.0,2372.0,59
2012-01-16 00:00:00,2371.0,2388.0,2364.0,2386.0,1900
2012-01-17 00:00:00,2385.0,2403.0,2384.0,2395.0,2833
2012-01-18 00:00:00,2396.0,2425.0,2390.0,2423.0,3301
2012-01-19 00:00:00,2424.0,2444.0,2421.0,2431.0,3216
2012-01-20 00:00:00,2430.0,2437.0,2425.0,2436.0,2293
2012-01-22 00:00:00,2432.0,2433.0,2429.0,2430.0,57
2012-01-23 00:00:00,2429.0,2454.0,2423.0,2438.0,2791
2012-01-24 00:00:00,2437.0,2471.0,2422.0,2463.0,3228
2012-01-25 00:00:00,2462.0,2469.0,2439.0,2459.0,3585
2012-01-26 00:00:00,2460.0,2478.0,2443.0,2453.0,3164
2012-01-27 00:00:00,2452.0,2466.0,2447.0,2461.0,3450
2012-01-29 00:00:00,2460.0,2463.0,2457.0,2458.0,59
2012-01-30 00:00:00,2457.0,2467.0,2431.0,2465.0,3327
2012-01-31 00:00:00,2464.0,2480.0,2451.0,2458.0,3803
2012-02-01 00:00:00,2459.0,2496.0,2456.0,2492.0,3375
2012-02-02 00:00:00,2493.0,2503.0,2482.0,2494.0,2724
2012-02-03 00:00:00,2495.0,2532.0,2492.0,2529.0,2680
2012-02-05 00:00:00,2523.0,2523.0,2520.0,2523.0,33
2012-02-06 00:00:00,2522.0,2530.0,2512.0,2529.0,2356
2012-02-07 00:00:00,2528.0,2537.0,2514.0,2529.0,2964
2012-02-08 00:00:00,2530.0,2549.0,2523.0,2541.0,2771
2012-02-09 00:00:00,2540.0,2567.0,2538.0,2562.0,3938
2012-02-10 00:00:00,2561.0,2563.0,2537.0,2551.0,3358
2012-02-12 00:00:00,2562.0,2563.0,2558.0,2561.0,58
2012-02-13 00:00:00,2560.0,2573.0,2554.0,2567.0,2783
2012-02-14 00:00:00,2566.0,2580.0,2555.0,2578.0,3062
2012-02-15 00:00:00,2579.0,2602.0,2551.0,2552.0,5218
2012-02-16 00:00:00,2553.0,2596.0,2545.0,2594.0,4330
2012-02-17 00:00:00,2595.0,2598.0,2573.0,2584.0,2604
2012-02-19 00:00:00,2596.0,2598.0,2596.0,2598.0,45
2012-02-20 00:00:00,2597.0,2601.0,2585.0,2586.0,1370
2012-02-21 00:00:00,2587.0,2603.0,2575.0,2592.0,3320
2012-02-22 00:00:00,2593.0,2602.0,2576.0,2581.0,3113
2012-02-23 00:00:00,2580.0,2606.0,2571.0,2605.0,3364
2012-02-24 00:00:00,2606.0,2610.0,2597.0,2601.0,2479
2012-02-26 00:00:00,2602.0,2605.0,2601.0,2603.0,32
2012-02-27 00:00:00,2602.0,2616.0,2578.0,2608.0,3219
2012-02-28 00:00:00,2609.0,2634.0,2607.0,2631.0,3386
2012-02-29 00:00:00,2630.0,2644.0,2614.0,2622.0,4480
2012-03-01 00:00:00,2621.0,2648.0,2615.0,2647.0,4324
2012-03-02 00:00:00,2648.0,2649.0,2632.0,2643.0,3228
2012-03-04 00:00:00,2640.0,2644.0,2640.0,2641.0,34
2012-03-05 00:00:00,2642.0,2643.0,2605.0,2615.0,3858
2012-03-06 00:00:00,2616.0,2617.0,2574.0,2593.0,4431
2012-03-07 00:00:00,2592.0,2614.0,2592.0,2606.0,4048
2012-03-08 00:00:00,2605.0,2643.0,2604.0,2635.0,2908
2012-03-09 00:00:00,2634.0,2651.0,2630.0,2648.0,2901
2012-03-11 00:00:00,2645.0,2646.0,2644.0,2646.0,26
2012-03-12 00:00:00,2645.0,2651.0,2634.0,2651.0,2472
2012-03-13 00:00:00,2650.0,2701.0,2650.0,2695.0,3881
2012-03-14 00:00:00,2694.0,2716.0,2690.0,2703.0,3505
2012-03-15 00:00:00,2704.0,2720.0,2701.0,2713.0,3085
2012-03-16 00:00:00,2712.0,2723.0,2706.0,2712.0,3223
2012-03-18 00:00:00,2711.0,2717.0,2711.0,2717.0,85
2012-03-19 00:00:00,2718.0,2738.0,2703.0,2732.0,3274
2012-03-20 00:00:00,2731.0,2742.0,2710.0,2737.0,3205
2012-03-21 00:00:00,2736.0,2752.0,2733.0,2740.0,2929
2012-03-22 00:00:00,2739.0,2744.0,2719.0,2736.0,3827
2012-03-23 00:00:00,2737.0,2750.0,2714.0,2732.0,2950
2012-03-25 00:00:00,2735.0,2741.0,2734.0,2740.0,89
2012-03-26 00:00:00,2741.0,2783.0,2734.0,2782.0,2902
2012-03-27 00:00:00,2781.0,2792.0,2775.0,2781.0,2701
2012-03-28 00:00:00,2782.0,2793.0,2754.0,2772.0,3300
2012-03-29 00:00:00,2773.0,2776.0,2740.0,2757.0,3455
2012-03-30 00:00:00,2758.0,2774.0,2741.0,2756.0,2893
2012-04-01 00:00:00,2761.0,2766.0,2761.0,2763.0,47
2012-04-02 00:00:00,2764.0,2785.0,2745.0,2779.0,2852
2012-04-03 00:00:00,2778.0,2792.0,2764.0,2777.0,3443
2012-04-04 00:00:00,2776.0,2777.0,2726.0,2739.0,4323
2012-04-05 00:00:00,2738.0,2764.0,2723.0,2758.0,3613
2012-04-06 00:00:00,2759.0,2764.0,2758.0,2759.0,237
2012-04-08 00:00:00,2726.0,2729.0,2723.0,2727.0,98
2012-04-09 00:00:00,2726.0,2751.0,2722.0,2734.0,2390
2012-04-10 00:00:00,2735.0,2749.0,2687.0,2706.0,4596
2012-04-11 00:00:00,2705.0,2727.0,2701.0,2711.0,4187
2012-04-12 00:00:00,2710.0,2743.0,2708.0,2740.0,4201
2012-04-13 00:00:00,2741.0,2746.0,2697.0,2697.0,4788
2012-04-15 00:00:00,2695.0,2697.0,2690.0,2694.0,164
2012-04-16 00:00:00,2693.0,2713.0,2660.0,2667.0,5707
2012-04-17 00:00:00,2668.0,2731.0,2657.0,2721.0,3826
2012-04-18 00:00:00,2722.0,2731.0,2698.0,2706.0,4055
2012-04-19 00:00:00,2705.0,2738.0,2675.0,2692.0,6486
2012-04-20 00:00:00,2693.0,2711.0,2673.0,2678.0,5223
2012-04-22 00:00:00,2672.0,2676.0,2670.0,2674.0,75
2012-04-23 00:00:00,2675.0,2678.0,2628.0,2656.0,5193
2012-04-24 00:00:00,2655.0,2680.0,2628.0,2675.0,4660
2012-04-25 00:00:00,2674.0,2710.0,2668.0,2708.0,4210
2012-04-26 00:00:00,2707.0,2733.0,2698.0,2719.0,3858
2012-04-27 00:00:00,2718.0,2749.0,2712.0,2741.0,3664
2012-04-29 00:00:00,2743.0,2747.0,2742.0,2743.0,135
2012-04-30 00:00:00,2742.0,2747.0,2719.0,2724.0,3195
2012-05-01 00:00:00,2723.0,2756.0,2714.0,2724.0,2447
2012-05-02 00:00:00,2723.0,2735.0,2706.0,2732.0,3655
2012-05-03 00:00:00,2733.0,2741.0,2696.0,2699.0,3538
2012-05-04 00:00:00,2698.0,2703.0,2628.0,2628.0,4051
2012-05-06 00:00:00,2614.0,2615.0,2591.0,2602.0,420
2012-05-07 00:00:00,2601.0,2651.0,2597.0,2643.0,3661
2012-05-08 00:00:00,2642.0,2644.0,2586.0,2626.0,4901
2012-05-09 00:00:00,2627.0,2635.0,2587.0,2611.0,6434
2012-05-10 00:00:00,2610.0,2639.0,2602.0,2607.0,5145
2012-05-11 00:00:00,2606.0,2643.0,2601.0,2615.0,4748
2012-05-13 00:00:00,2606.0,2609.0,2599.0,2606.0,160
2012-05-14 00:00:00,2605.0,2616.0,2585.0,2594.0,4890
2012-05-15 00:00:00,2595.0,2617.0,2576.0,2584.0,5833
2012-05-16 00:00:00,2583.0,2597.0,2556.0,2565.0,5862
2012-05-17 00:00:00,2564.0,2572.0,2506.0,2513.0,6577
2012-05-18 00:00:00,2514.0,2522.0,2470.0,2472.0,6951
2012-05-20 00:00:00,2473.0,2479.0,2466.0,2479.0,251
2012-05-21 00:00:00,2478.0,2547.0,2477.0,2547.0,5292
2012-05-22 00:00:00,2548.0,2562.0,2523.0,2534.0,5473
2012-05-23 00:00:00,2533.0,2553.0,2499.0,2532.0,6911
2012-05-24 00:00:00,2533.0,2557.0,2511.0,2537.0,6830
2012-05-25 00:00:00,2538.0,2552.0,2519.0,2527.0,4846
2012-05-27 00:00:00,2538.0,2539.0,2534.0,2538.0,167
2012-05-28 00:00:00,2537.0,2551.0,2535.0,2536.0,1583
2012-05-29 00:00:00,2537.0,2571.0,2533.0,2556.0,5475
2012-05-30 00:00:00,2555.0,2557.0,2521.0,2532.0,5929
2012-05-31 00:00:00,2531.0,2544.0,2507.0,2523.0,6157
2012-06-01 00:00:00,2522.0,2523.0,2457.0,2458.0,7284
2012-06-03 00:00:00,2461.0,2462.0,2435.0,2437.0,376
2012-06-04 00:00:00,2438.0,2481.0,2435.0,2477.0,6150
2012-06-05 00:00:00,2476.0,2499.0,2461.0,2495.0,5666
2012-06-06 00:00:00,2496.0,2555.0,2493.0,2554.0,5633
2012-06-07 00:00:00,2553.0,2570.0,2532.0,2539.0,5026
2012-06-08 00:00:00,2538.0,2563.0,2518.0,2562.0,4354
2012-06-10 00:00:00,2596.0,2603.0,2590.0,2594.0,262
2012-06-11 00:00:00,2595.0,2597.0,2512.0,2517.0,5252
2012-06-12 00:00:00,2518.0,2548.0,2510.0,2544.0,5263
2012-06-13 00:00:00,2543.0,2555.0,2516.0,2528.0,5011
2012-06-14 00:00:00,2529.0,2544.0,2511.0,2538.0,5677
2012-06-15 00:00:00,2539.0,2570.0,2535.0,2566.0,4535
2012-06-17 00:00:00,2580.0,2588.0,2575.0,2581.0,294
2012-06-18 00:00:00,2582.0,2599.0,2552.0,2596.0,5604
2012-06-19 00:00:00,2597.0,2629.0,2588.0,2616.0,4531
2012-06-20 00:00:00,2617.0,2631.0,2601.0,2619.0,5928
2012-06-21 00:00:00,2618.0,2623.0,2552.0,2558.0,5837
2012-06-22 00:00:00,2559.0,2585.0,2552.0,2579.0,4075
2012-06-24 00:00:00,2578.0,2579.0,2571.0,2573.0,144
2012-06-25 00:00:00,2572.0,2573.0,2524.0,2535.0,4404
2012-06-26 00:00:00,2536.0,2554.0,2528.0,2549.0,4891
2012-06-27 00:00:00,2548.0,2575.0,2547.0,2560.0,3866
2012-06-28 00:00:00,2561.0,2569.0,2508.0,2526.0,5270
2012-06-29 00:00:00,2525.0,2620.0,2523.0,2618.0,5726
2012-07-01 00:00:00,2619.0,2620.0,2613.0,2615.0,117
2012-07-02 00:00:00,2614.0,2624.0,2604.0,2618.0,4546
2012-07-03 00:00:00,2619.0,2647.0,2617.0,2645.0,2848
2012-07-04 00:00:00,2646.0,2649.0,2637.0,2641.0,1215
2012-07-05 00:00:00,2642.0,2660.0,2628.0,2647.0,4760
2012-07-06 00:00:00,2646.0,2648.0,2595.0,2614.0,4550
2012-07-08 00:00:00,2607.0,2609.0,2606.0,2607.0,54
2012-07-09 00:00:00,2608.0,2619.0,2596.0,2609.0,3984
2012-07-10 00:00:00,2608.0,2629.0,2573.0,2581.0,4432
2012-07-11 00:00:00,2580.0,2593.0,2547.0,2572.0,4715
2012-07-12 00:00:00,2571.0,2572.0,2521.0,2545.0,4853
2012-07-13 00:00:00,2544.0,2589.0,2544.0,2582.0,3628
2012-07-15 00:00:00,2581.0,2581.0,2578.0,2579.0,45
2012-07-16 00:00:00,2578.0,2588.0,2565.0,2575.0,3221
2012-07-17 00:00:00,2576.0,2598.0,2552.0,2591.0,4660
2012-07-18 00:00:00,2590.0,2637.0,2581.0,2633.0,3999
2012-07-19 00:00:00,2634.0,2662.0,2633.0,2657.0,4363
2012-07-20 00:00:00,2656.0,2662.0,2617.0,2619.0,4552
2012-07-22 00:00:00,2614.0,2617.0,2610.0,2610.0,115
2012-07-23 00:00:00,2609.0,2612.0,2548.0,2581.0,5115
2012-07-24 00:00:00,2582.0,2594.0,2521.0,2523.0,5782
2012-07-25 00:00:00,2522.0,2565.0,2522.0,2549.0,5910
2012-07-26 00:00:00,2548.0,2597.0,2534.0,2580.0,6783
2012-07-27 00:00:00,2579.0,2650.0,2577.0,2647.0,5514
2012-07-29 00:00:00,2644.0,2646.0,2641.0,2642.0,96
2012-07-30 00:00:00,2641.0,2662.0,2632.0,2641.0,4521
2012-07-31 00:00:00,2640.0,2656.0,2636.0,2640.0,4517
2012-08-01 00:00:00,2639.0,2660.0,2624.0,2633.0,4914
2012-08-02 00:00:00,2632.0,2652.0,2604.0,2622.0,7335
2012-08-03 00:00:00,2621.0,2685.0,2620.0,2676.0,4863
2012-08-05 00:00:00,2678.0,2680.0,2674.0,2680.0,103
2012-08-06 00:00:00,2679.0,2704.0,2675.0,2690.0,3168
2012-08-07 00:00:00,2689.0,2725.0,2688.0,2710.0,3299
2012-08-08 00:00:00,2709.0,2719.0,2703.0,2708.0,2838
2012-08-09 00:00:00,2709.0,2725.0,2706.0,2717.0,3050
2012-08-10 00:00:00,2716.0,2724.0,2703.0,2722.0,2664
2012-08-12 00:00:00,2720.0,2723.0,2718.0,2719.0,43
2012-08-13 00:00:00,2718.0,2730.0,2706.0,2727.0,2607
2012-08-14 00:00:00,2728.0,2743.0,2721.0,2723.0,3090
2012-08-15 00:00:00,2722.0,2740.0,2717.0,2739.0,2617
2012-08-16 00:00:00,2738.0,2773.0,2737.0,2765.0,2790
2012-08-17 00:00:00,2766.0,2779.0,2763.0,2776.0,2501
2012-08-19 00:00:00,2777.0,2779.0,2775.0,2776.0,40
2012-08-20 00:00:00,2775.0,2783.0,2766.0,2781.0,2242
2012-08-21 00:00:00,2780.0,2801.0,2761.0,2771.0,3347
2012-08-22 00:00:00,2770.0,2789.0,2758.0,2783.0,3772
2012-08-23 00:00:00,2782.0,2791.0,2753.0,2761.0,3648
2012-08-24 00:00:00,2762.0,2784.0,2750.0,2775.0,3445
2012-08-26 00:00:00,2783.0,2787.0,2783.0,2784.0,48
2012-08-27 00:00:00,2785.0,2795.0,2776.0,2784.0,2584
2012-08-28 00:00:00,2783.0,2790.0,2770.0,2783.0,3277
2012-08-29 00:00:00,2784.0,2789.0,2770.0,2780.0,2540
2012-08-30 00:00:00,2779.0,2780.0,2749.0,2752.0,2736
2012-08-31 00:00:00,2753.0,2784.0,2744.0,2771.0,3890
2012-09-02 00:00:00,2768.0,2774.0,2766.0,2766.0,80
2012-09-03 00:00:00,2765.0,2780.0,2759.0,2776.0,1123
2012-09-04 00:00:00,2775.0,2782.0,2742.0,2769.0,3493
2012-09-05 00:00:00,2768.0,2780.0,2756.0,2768.0,3603
2012-09-06 00:00:00,2767.0,2829.0,2766.0,2825.0,3891
2012-09-07 00:00:00,2826.0,2835.0,2816.0,2823.0,3236
2012-09-09 00:00:00,2821.0,2822.0,2819.0,2820.0,60
2012-09-10 00:00:00,2819.0,2823.0,2781.0,2784.0,2468
2012-09-11 00:00:00,2785.0,2799.0,2777.0,2779.0,2820
2012-09-12 00:00:00,2778.0,2799.0,2774.0,2793.0,4209
2012-09-13 00:00:00,2794.0,2841.0,2784.0,2831.0,4027
2012-09-14 00:00:00,2832.0,2864.0,2831.0,2856.0,3075
2012-09-16 00:00:00,2855.0,2855.0,2849.0,2850.0,52
2012-09-17 00:00:00,2851.0,2858.0,2845.0,2853.0,2343
2012-09-18 00:00:00,2854.0,2859.0,2843.0,2859.0,2142
2012-09-19 00:00:00,2858.0,2871.0,2849.0,2860.0,2227
2012-09-20 00:00:00,2859.0,2863.0,2842.0,2861.0,2022
2012-09-21 00:00:00,2862.0,2876.0,2857.0,2859.0,2834
2012-09-23 00:00:00,2858.0,2862.0,2858.0,2861.0,78
2012-09-24 00:00:00,2860.0,2862.0,2831.0,2845.0,3248
2012-09-25 00:00:00,2844.0,2858.0,2804.0,2810.0,3161
2012-09-26 00:00:00,2809.0,2812.0,2768.0,2785.0,3367
2012-09-27 00:00:00,2784.0,2826.0,2783.0,2821.0,3518
2012-09-28 00:00:00,2820.0,2824.0,2794.0,2796.0,3833
2012-09-30 00:00:00,2793.0,2795.0,2785.0,2788.0,164
2012-10-01 00:00:00,2789.0,2827.0,2783.0,2793.0,4312
2012-10-02 00:00:00,2792.0,2812.0,2778.0,2799.0,3973
2012-10-03 00:00:00,2800.0,2824.0,2793.0,2819.0,3610
2012-10-04 00:00:00,2820.0,2835.0,2813.0,2829.0,3693
2012-10-05 00:00:00,2830.0,2846.0,2805.0,2810.0,3176
2012-10-07 00:00:00,2813.0,2813.0,2805.0,2807.0,107
2012-10-08 00:00:00,2806.0,2808.0,2780.0,2786.0,3310
2012-10-09 00:00:00,2787.0,2792.0,2732.0,2734.0,4579
2012-10-10 00:00:00,2735.0,2749.0,2720.0,2723.0,4108
2012-10-11 00:00:00,2724.0,2750.0,2717.0,2722.0,3438
2012-10-12 00:00:00,2723.0,2733.0,2712.0,2718.0,3581
2012-10-14 00:00:00,2720.0,2720.0,2715.0,2715.0,86
2012-10-15 00:00:00,2716.0,2742.0,2710.0,2741.0,3585
2012-10-16 00:00:00,2740.0,2782.0,2735.0,2770.0,3220
2012-10-17 00:00:00,2771.0,2784.0,2759.0,2776.0,3363
2012-10-18 00:00:00,2775.0,2779.0,2733.0,2741.0,4103
2012-10-19 00:00:00,2740.0,2742.0,2671.0,2671.0,3833
2012-10-21 00:00:00,2673.0,2673.0,2662.0,2666.0,122
2012-10-22 00:00:00,2667.0,2700.0,2667.0,2700.0,3874
2012-10-23 00:00:00,2699.0,2700.0,2657.0,2671.0,4889
2012-10-24 00:00:00,2672.0,2686.0,2653.0,2658.0,4550
2012-10-25 00:00:00,2659.0,2679.0,2611.0,2652.0,5340
2012-10-26 00:00:00,2651.0,2675.0,2630.0,2667.0,5296
2012-10-28 00:00:00,2662.0,2664.0,2654.0,2657.0,116
2012-10-29 00:00:00,2658.0,2663.0,2638.0,2644.0,1086
2012-10-30 00:00:00,2645.0,2665.0,2632.0,2664.0,1212
2012-10-31 00:00:00,2663.0,2683.0,2636.0,2639.0,4099
2012-11-01 00:00:00,2640.0,2696.0,2634.0,2692.0,3298
2012-11-02 00:00:00,2691.0,2700.0,2648.0,2648.0,4169
2012-11-04 00:00:00,2644.0,2650.0,2644.0,2645.0,110
2012-11-05 00:00:00,2646.0,2679.0,2643.0,2662.0,3277
2012-11-06 00:00:00,2663.0,2697.0,2662.0,2677.0,3030
2012-11-07 00:00:00,2676.0,2691.0,2602.0,2621.0,6573
2012-11-08 00:00:00,2620.0,2626.0,2572.0,2580.0,5623
2012-11-09 00:00:00,2579.0,2610.0,2559.0,2586.0,5526
2012-11-11 00:00:00,2588.0,2589.0,2580.0,2584.0,89
2012-11-12 00:00:00,2583.0,2600.0,2575.0,2580.0,3727
2012-11-13 00:00:00,2581.0,2588.0,2555.0,2572.0,5044
2012-11-14 00:00:00,2573.0,2587.0,2528.0,2534.0,5041
2012-11-15 00:00:00,2533.0,2542.0,2514.0,2523.0,5344
2012-11-16 00:00:00,2519.0,2540.0,2493.0,2536.0,6293
2012-11-18 00:00:00,2537.0,2544.0,2536.0,2544.0,118
2012-11-19 00:00:00,2545.0,2595.0,2539.0,2585.0,3436
2012-11-20 00:00:00,2586.0,2598.0,2569.0,2593.0,3627
2012-11-21 00:00:00,2592.0,2604.0,2578.0,2603.0,3370
2012-11-22 00:00:00,2604.0,2607.0,2598.0,2603.0,798
2012-11-23 00:00:00,2602.0,2639.0,2597.0,2639.0,1904
2012-11-25 00:00:00,2631.0,2633.0,2628.0,2628.0,52
2012-11-26 00:00:00,2627.0,2652.0,2624.0,2651.0,2887
2012-11-27 00:00:00,2652.0,2660.0,2637.0,2640.0,3408
2012-11-28 00:00:00,2639.0,2667.0,2613.0,2661.0,3726
2012-11-29 00:00:00,2662.0,2690.0,2661.0,2674.0,3756
2012-11-30 00:00:00,2673.0,2691.0,2668.0,2679.0,3191
2012-12-02 00:00:00,2678.0,2681.0,2677.0,2680.0,117
2012-12-03 00:00:00,2679.0,2699.0,2667.0,2670.0,3205
2012-12-04 00:00:00,2669.0,2676.0,2650.0,2661.0,3377
2012-12-05 00:00:00,2660.0,2679.0,2623.0,2638.0,4436
2012-12-06 00:00:00,2637.0,2660.0,2621.0,2654.0,4071
2012-12-07 00:00:00,2653.0,2671.0,2628.0,2635.0,4089
2012-12-09 00:00:00,2637.0,2638.0,2636.0,2638.0,62
2012-12-10 00:00:00,2637.0,2661.0,2624.0,2646.0,3028
2012-12-11 00:00:00,2647.0,2696.0,2644.0,2686.0,2996
2012-12-12 00:00:00,2687.0,2696.0,2668.0,2672.0,3478
2012-12-13 00:00:00,2673.0,2688.0,2642.0,2657.0,3354
2012-12-14 00:00:00,2656.0,2662.0,2619.0,2628.0,2873
2012-12-16 00:00:00,2639.0,2642.0,2636.0,2639.0,65
2012-12-17 00:00:00,2638.0,2669.0,2614.0,2667.0,3148
2012-12-18 00:00:00,2666.0,2708.0,2666.0,2704.0,2914
2012-12-19 00:00:00,2703.0,2715.0,2685.0,2687.0,3414
2012-12-20 00:00:00,2686.0,2701.0,2677.0,2691.0,3157
2012-12-21 00:00:00,2692.0,2692.0,2636.0,2664.0,5081
2012-12-23 00:00:00,2662.0,2666.0,2660.0,2663.0,104
2012-12-24 00:00:00,2664.0,2664.0,2650.0,2655.0,1198
2012-12-26 00:00:00,2658.0,2662.0,2625.0,2635.0,1627
2012-12-27 00:00:00,2634.0,2641.0,2597.0,2631.0,3737
2012-12-28 00:00:00,2630.0,2631.0,2588.0,2590.0,3066
2012-12-30 00:00:00,2589.0,2597.0,2589.0,2594.0,125
2012-12-31 00:00:00,2593.0,2631.0,2584.0,2620.0,2089
2013-01-02 00:00:00,2701.0,2746.0,2698.0,2741.0,3665
2013-01-03 00:00:00,2740.0,2750.0,2722.0,2727.0,3184
2013-01-04 00:00:00,2728.0,2739.0,2716.0,2716.0,2681
2013-01-06 00:00:00,2720.0,2720.0,2717.0,2719.0,28
2013-01-07 00:00:00,2718.0,2726.0,2706.0,2721.0,2569
2013-01-08 00:00:00,2722.0,2729.0,2703.0,2721.0,2915
2013-01-09 00:00:00,2722.0,2734.0,2715.0,2726.0,2662
2013-01-10 00:00:00,2727.0,2749.0,2718.0,2746.0,3265
2013-01-11 00:00:00,2745.0,2748.0,2736.0,2748.0,2526
2013-01-13 00:00:00,2747.0,2747.0,2744.0,2746.0,64
2013-01-14 00:00:00,2745.0,2753.0,2723.0,2735.0,2849
2013-01-15 00:00:00,2734.0,2736.0,2709.0,2725.0,3032
2013-01-16 00:00:00,2724.0,2741.0,2715.0,2729.0,2803
2013-01-17 00:00:00,2730.0,2756.0,2721.0,2739.0,2748
2013-01-18 00:00:00,2738.0,2746.0,2727.0,2739.0,2582
2013-01-20 00:00:00,2738.0,2742.0,2738.0,2741.0,24
2013-01-21 00:00:00,2740.0,2747.0,2737.0,2746.0,722
2013-01-22 00:00:00,2745.0,2762.0,2725.0,2760.0,2991
2013-01-23 00:00:00,2761.0,2773.0,2713.0,2718.0,2588
2013-01-24 00:00:00,2717.0,2747.0,2717.0,2719.0,3501
2013-01-25 00:00:00,2718.0,2744.0,2717.0,2733.0,2730
2013-01-27 00:00:00,2732.0,2734.0,2731.0,2732.0,15
2013-01-28 00:00:00,2731.0,2751.0,2730.0,2738.0,2539
2013-01-29 00:00:00,2739.0,2751.0,2720.0,2749.0,2578
2013-01-30 00:00:00,2748.0,2756.0,2730.0,2739.0,2699
2013-01-31 00:00:00,2738.0,2750.0,2728.0,2739.0,2396
2013-02-01 00:00:00,2738.0,2768.0,2734.0,2761.0,2863
2013-02-03 00:00:00,2759.0,2759.0,2757.0,2757.0,27
2013-02-04 00:00:00,2758.0,2763.0,2713.0,2715.0,2771
2013-02-05 00:00:00,2716.0,2763.0,2715.0,2756.0,2639
2013-02-06 00:00:00,2755.0,2761.0,2737.0,2742.0,3067
2013-02-07 00:00:00,2743.0,2753.0,2717.0,2745.0,3046
2013-02-08 00:00:00,2744.0,2780.0,2743.0,2775.0,2082
2013-02-10 00:00:00,2776.0,2779.0,2775.0,2778.0,23
2013-02-11 00:00:00,2777.0,2783.0,2765.0,2772.0,2196
2013-02-12 00:00:00,2773.0,2774.0,2762.0,2768.0,1616
2013-02-13 00:00:00,2767.0,2784.0,2765.0,2767.0,1789
2013-02-14 00:00:00,2766.0,2775.0,2756.0,2769.0,2304
2013-02-15 00:00:00,2770.0,2777.0,2754.0,2763.0,2291
2013-02-17 00:00:00,2758.5,2760.5,2758.0,2758.8,130
2013-02-18 00:00:00,2758.5,2764.0,2757.2,2761.8,2648
2013-02-19 00:00:00,2762.0,2784.8,2759.5,2782.8,8161
2013-02-20 00:00:00,2783.0,2785.5,2732.5,2737.2,10205
2013-02-21 00:00:00,2737.0,2740.0,2698.7,2716.7,12830
2013-02-22 00:00:00,2717.0,2738.3,2713.5,2734.5,10080
2013-02-24 00:00:00,2737.0,2738.0,2735.2,2737.8,141
2013-02-25 00:00:00,2738.0,2763.8,2694.2,2705.5,14988
2013-02-26 00:00:00,2705.8,2717.3,2688.3,2710.1,17471
2013-02-27 00:00:00,2709.8,2757.1,2702.5,2740.6,14486
2013-02-28 00:00:00,2740.3,2760.6,2728.3,2730.8,10762
2013-03-01 00:00:00,2731.0,2750.5,2711.2,2747.3,13799
2013-03-03 00:00:00,2747.8,2747.8,2743.3,2744.3,106
2013-03-04 00:00:00,2744.5,2763.3,2732.0,2763.0,10892
2013-03-05 00:00:00,2763.3,2802.8,2760.3,2799.6,10689
2013-03-06 00:00:00,2799.0,2808.3,2788.0,2789.2,8906
2013-03-07 00:00:00,2789.0,2803.5,2787.7,2796.3,8884
2013-03-08 00:00:00,2796.0,2812.8,2791.7,2800.3,8382
2013-03-10 00:00:00,2800.3,2800.3,2794.8,2797.3,221
2013-03-11 00:00:00,2797.0,2811.5,2790.2,2809.0,6151
2013-03-12 00:00:00,2808.8,2809.3,2786.8,2801.8,8121
2013-03-13 00:00:00,2802.0,2807.5,2786.7,2798.7,6490
2013-03-14 00:00:00,2798.5,2812.3,2796.5,2806.0,6130
2013-03-15 00:00:00,2805.8,2810.8,2785.0,2790.5,6916
2013-03-17 00:00:00,2790.8,2790.8,2751.3,2760.8,997
2013-03-18 00:00:00,2761.0,2796.3,2747.5,2787.5,10916
2013-03-19 00:00:00,2787.8,2799.1,2754.5,2774.0,13052
2013-03-20 00:00:00,2774.3,2805.6,2771.0,2785.1,10154
2013-03-21 00:00:00,2784.8,2787.1,2760.3,2768.3,11534
2013-03-22 00:00:00,2768.5,2796.8,2762.5,2794.8,9474
2013-03-24 00:00:00,2796.0,2808.8,2792.0,2805.5,606
2013-03-25 00:00:00,2805.3,2810.6,2770.0,2786.3,11711
2013-03-26 00:00:00,2785.8,2803.1,2785.5,2801.6,8933
2013-03-27 00:00:00,2801.3,2805.1,2775.8,2798.8,9922
2013-03-28 00:00:00,2799.0,2813.8,2790.7,2812.3,9535
2013-03-31 00:00:00,2812.5,2814.3,2810.5,2812.5,148
2013-04-01 00:00:00,2812.8,2814.8,2783.5,2788.5,6359
2013-04-02 00:00:00,2788.8,2822.3,2785.5,2813.8,10732
2013-04-03 00:00:00,2813.5,2818.3,2779.5,2787.2,11268
2013-04-04 00:00:00,2787.0,2800.5,2772.0,2781.7,12449
2013-04-05 00:00:00,2782.0,2783.0,2736.7,2764.2,13088
2013-04-07 00:00:00,2764.0,2766.5,2762.2,2764.8,382
2013-04-08 00:00:00,2765.0,2786.5,2756.2,2782.8,9671
2013-04-09 00:00:00,2783.0,2808.8,2774.2,2796.0,9282
2013-04-10 00:00:00,2795.8,2856.6,2794.0,2847.3,9716
2013-04-11 00:00:00,2847.0,2857.5,2842.5,2852.8,10076
2013-04-12 00:00:00,2853.0,2853.8,2827.5,2846.7,10488
2013-04-14 00:00:00,2845.3,2847.3,2840.0,2842.5,265
2013-04-15 00:00:00,2842.3,2850.1,2777.5,2793.8,16523
2013-04-16 00:00:00,2793.5,2833.0,2790.7,2823.3,13667
2013-04-17 00:00:00,2823.5,2827.5,2757.5,2778.0,16982
2013-04-18 00:00:00,2777.8,2787.1,2723.0,2748.8,17878
2013-04-19 00:00:00,2749.0,2778.5,2736.2,2771.0,12179
2013-04-22 00:00:00,2771.3,2811.6,2770.3,2801.6,13376
2013-04-23 00:00:00,2801.8,2841.8,2784.3,2839.8,15125
2013-04-24 00:00:00,2839.5,2842.0,2815.0,2822.7,12966
2013-04-25 00:00:00,2822.5,2853.5,2818.0,2844.0,12396
2013-04-26 00:00:00,2843.8,2844.1,2821.5,2833.3,12964
2013-04-29 00:00:00,2833.0,2870.8,2826.7,2859.8,9887
2013-04-30 00:00:00,2859.3,2882.6,2853.0,2882.3,9826
2013-05-01 00:00:00,2881.5,2886.0,2861.7,2866.0,8666
2013-05-02 00:00:00,2866.3,2909.6,2865.8,2902.1,11950
2013-05-03 00:00:00,2902.3,2946.8,2899.3,2937.1,9370
2013-05-06 00:00:00,2937.3,2953.3,2935.5,2947.3,7189
2013-05-07 00:00:00,2947.5,2955.8,2936.5,2946.5,9052
2013-05-08 00:00:00,2946.8,2964.1,2940.8,2961.1,7955
2013-05-09 00:00:00,2960.8,2977.3,2949.3,2962.3,9967
2013-05-10 00:00:00,2962.0,2977.0,2958.2,2976.0,11132
2013-05-13 00:00:00,2969.0,2986.5,2959.7,2980.0,9655
2013-05-14 00:00:00,2980.3,3004.1,2970.5,2996.1,9421
2013-05-15 00:00:00,2996.3,3004.3,2981.8,3004.1,10416
2013-05-16 00:00:00,3003.8,3018.1,2995.0,3000.3,11186
2013-05-17 00:00:00,3000.5,3027.5,2997.5,3023.3,10061
2013-05-20 00:00:00,3019.8,3031.1,3009.3,3021.3,9181
2013-05-21 00:00:00,3020.5,3035.8,3009.5,3020.8,10365
2013-05-22 00:00:00,3021.0,3052.5,2983.0,3006.5,17320
2013-05-23 00:00:00,3006.3,3007.6,2960.5,2995.0,20449
2013-05-24 00:00:00,2995.3,3002.3,2962.8,2992.0,14760
2013-05-27 00:00:00,2991.0,3003.8,2984.2,2999.8,4496
2013-05-28 00:00:00,2999.5,3036.0,2997.5,3005.8,12897
2013-05-29 00:00:00,3006.0,3007.8,2977.5,2993.2,15019
2013-05-30 00:00:00,2993.5,3024.5,2980.7,3009.0,13954
2013-05-31 00:00:00,3009.3,3021.8,2976.3,2976.5,14928
2013-06-03 00:00:00,2979.8,2994.1,2949.3,2986.8,18591
2013-06-04 00:00:00,2986.5,3006.0,2960.2,2975.7,16317
2013-06-05 00:00:00,2975.5,2976.8,2931.0,2938.2,18918
2013-06-06 00:00:00,2938.0,2953.0,2909.5,2948.8,18539
2013-06-07 00:00:00,2949.0,2991.3,2941.0,2983.8,18710
2013-06-10 00:00:00,2980.3,3003.3,2975.5,2987.1,14437
2013-06-11 00:00:00,2986.8,2988.3,2949.0,2965.3,16967
2013-06-12 00:00:00,2965.5,2978.5,2919.0,2922.0,15779
2013-06-13 00:00:00,2921.8,2968.6,2897.3,2962.8,18475
2013-06-14 00:00:00,2962.5,2967.3,2938.0,2940.2,13885
2013-06-17 00:00:00,2940.0,2988.8,2939.5,2972.0,14757
2013-06-18 00:00:00,2972.0,3001.8,2970.0,2997.0,14627
2013-06-19 00:00:00,2997.0,3002.8,2957.5,2959.2,20312
2013-06-20 00:00:00,2959.0,2961.0,2881.5,2884.2,30386
2013-06-21 00:00:00,2884.5,2905.5,2845.2,2863.5,22462
2013-06-24 00:00:00,2864.8,2869.8,2817.3,2846.0,23336
2013-06-25 00:00:00,2846.0,2872.8,2830.0,2858.5,18447
2013-06-26 00:00:00,2858.3,2892.1,2845.3,2884.6,15533
2013-06-27 00:00:00,2885.0,2917.3,2881.5,2899.0,12577
2013-06-28 00:00:00,2899.3,2920.1,2883.8,2900.1,14203
2013-07-01 00:00:00,2905.3,2945.8,2893.5,2918.3,14142
2013-07-02 00:00:00,2918.5,2940.3,2906.5,2922.0,13952
2013-07-03 00:00:00,2922.3,2948.1,2896.3,2936.1,12465
2013-07-04 00:00:00,2936.0,2966.3,2933.2,2964.3,5471
2013-07-05 00:00:00,2963.8,2970.3,2927.0,2961.5,15183
2013-07-08 00:00:00,2960.0,2977.0,2948.0,2962.0,12484
2013-07-09 00:00:00,2961.5,2984.0,2958.2,2975.3,11273
2013-07-10 00:00:00,2975.5,3004.8,2968.0,3004.3,13537
2013-07-11 00:00:00,3004.0,3057.0,3004.0,3053.3,13504
2013-07-12 00:00:00,3053.0,3069.5,3048.5,3064.0,9929
2013-07-15 00:00:00,3063.3,3075.8,3062.3,3072.6,7834
2013-07-16 00:00:00,3073.0,3079.3,3063.0,3072.5,9067
2013-07-17 00:00:00,3072.3,3085.3,3064.8,3074.3,11701
2013-07-18 00:00:00,3074.0,3085.8,3045.2,3048.7,10401
2013-07-19 00:00:00,3048.5,3048.8,3029.7,3042.5,10308
2013-07-22 00:00:00,3045.0,3054.3,3038.0,3048.0,8426
2013-07-23 00:00:00,3048.3,3059.3,3022.8,3042.5,8626
2013-07-24 00:00:00,3042.0,3056.3,3027.7,3052.0,11043
2013-07-25 00:00:00,3052.3,3057.6,3026.5,3053.6,10893
2013-07-26 00:00:00,3054.0,3072.5,3037.0,3071.8,10071
2013-07-29 00:00:00,3069.8,3077.6,3055.8,3067.0,9251
2013-07-30 00:00:00,3066.5,3093.8,3064.7,3083.8,9392
2013-07-31 00:00:00,3083.8,3104.1,3078.3,3091.8,12609
2013-08-01 00:00:00,3092.3,3122.6,3089.0,3118.1,10930
2013-08-02 00:00:00,3117.8,3137.1,3111.5,3135.6,9437
2013-08-05 00:00:00,3134.8,3139.6,3127.3,3135.8,7224
2013-08-06 00:00:00,3135.5,3138.5,3105.5,3117.0,7722
2013-08-07 00:00:00,3116.8,3118.6,3090.0,3116.8,9837
2013-08-08 00:00:00,3117.0,3135.3,3107.7,3129.0,9642
2013-08-09 00:00:00,3130.7,3135.6,3108.0,3114.6,10623
2013-08-12 00:00:00,3112.8,3130.3,3095.3,3127.6,9384
2013-08-13 00:00:00,3126.1,3147.8,3105.0,3138.3,7590
2013-08-14 00:00:00,3138.0,3143.5,3119.7,3119.7,8020
2013-08-15 00:00:00,3114.3,3116.3,3066.5,3070.8,9499
2013-08-16 00:00:00,3070.5,3087.8,3066.2,3067.7,8530
2013-08-19 00:00:00,3065.0,3098.5,3063.5,3069.0,8476
2013-08-20 00:00:00,3068.5,3094.8,3061.5,3080.8,8286
2013-08-21 00:00:00,3080.5,3096.5,3058.2,3059.5,9460
2013-08-22 00:00:00,3059.0,3104.8,3053.2,3102.5,7883
2013-08-23 00:00:00,3102.8,3124.8,3094.3,3120.1,8065
2013-08-26 00:00:00,3118.3,3145.1,3115.3,3120.8,6686
2013-08-27 00:00:00,3120.5,3122.8,3050.5,3059.7,11074
2013-08-28 00:00:00,3059.5,3082.5,3054.5,3064.0,9583
2013-08-29 00:00:00,3064.5,3106.8,3062.0,3090.5,9218
2013-08-30 00:00:00,3090.3,3101.3,3060.0,3076.8,10442
2013-09-02 00:00:00,3087.3,3111.3,3087.3,3107.3,3718
2013-09-03 00:00:00,3106.5,3111.0,3074.0,3087.0,11349
2013-09-04 00:00:00,3087.3,3129.3,3081.5,3129.1,8516
2013-09-05 00:00:00,3128.8,3135.6,3122.0,3127.0,8396
2013-09-06 00:00:00,3126.5,3147.0,3094.5,3132.8,10682
2013-09-09 00:00:00,3129.8,3173.1,3129.8,3168.1,8171
2013-09-10 00:00:00,3167.8,3187.1,3165.3,3182.3,9470
2013-09-11 00:00:00,3182.5,3185.8,3158.0,3181.2,9147
2013-09-12 00:00:00,3181.8,3184.6,3168.3,3176.8,7764
2013-09-13 00:00:00,3177.3,3181.1,3159.8,3179.6,6019
2013-09-16 00:00:00,3198.0,3217.0,3161.0,3166.7,7901
2013-09-17 00:00:00,3166.3,3193.8,3161.0,3191.8,5966
2013-09-18 00:00:00,3191.0,3234.0,3188.0,3229.8,7778
2013-09-19 00:00:00,3230.0,3242.8,3229.7,3235.0,7123
2013-09-20 00:00:00,3237.9,3243.7,3215.5,3217.5,8327
2013-09-23 00:00:00,3221.0,3234.8,3196.0,3208.2,8636
2013-09-24 00:00:00,3208.5,3228.5,3200.7,3212.0,7462
2013-09-25 00:00:00,3212.3,3218.3,3193.8,3199.8,8891
2013-09-26 00:00:00,3199.5,3233.0,3199.5,3226.8,7502
2013-09-27 00:00:00,3226.5,3231.3,3201.5,3220.2,7401
2013-09-30 00:00:00,3209.3,3220.8,3176.3,3217.3,9975
2013-10-01 00:00:00,3217.0,3249.3,3211.0,3247.0,9417
2013-10-02 00:00:00,3247.3,3249.1,3218.8,3237.5,9906
2013-10-03 00:00:00,3237.3,3246.1,3187.5,3199.0,11343
2013-10-04 00:00:00,3198.8,3237.3,3197.3,3232.6,8043
2013-10-07 00:00:00,3221.3,3230.6,3199.8,3205.0,8810
2013-10-08 00:00:00,3204.8,3212.6,3142.5,3145.0,11710
2013-10-09 00:00:00,3143.5,3162.0,3108.7,3131.5,12257
2013-10-10 00:00:00,3132.0,3206.8,3130.7,3190.3,10271
2013-10-11 00:00:00,3190.5,3227.8,3173.7,3226.5,10117
2013-10-14 00:00:00,3197.5,3252.3,3194.7,3250.8,9780
2013-10-15 00:00:00,3251.3,3261.3,3232.0,3240.5,11630
2013-10-16 00:00:00,3240.8,3274.3,3232.5,3261.1,11588
2013-10-17 00:00:00,3261.3,3304.6,3253.5,3304.3,9171
2013-10-18 00:00:00,3305.0,3345.8,3304.7,3343.8,8692
2013-10-21 00:00:00,3342.8,3359.8,3340.5,3351.3,7622
2013-10-22 00:00:00,3351.8,3375.1,3336.3,3356.3,9984
2013-10-23 00:00:00,3356.5,3356.5,3320.2,3340.5,9895
2013-10-24 00:00:00,3340.8,3377.6,3333.5,3375.6,9495
2013-10-25 00:00:00,3375.8,3390.3,3359.5,3374.0,9494
2013-10-28 00:00:00,3373.0,3387.5,3358.7,3368.7,8021
2013-10-29 00:00:00,3367.5,3389.8,3366.5,3385.3,9145
2013-10-30 00:00:00,3386.5,3399.3,3363.0,3386.5,9487
2013-10-31 00:00:00,3386.3,3391.8,3359.3,3376.0,9899
2013-11-01 00:00:00,3375.8,3386.3,3355.5,3365.5,8803
2013-11-04 00:00:00,3365.0,3385.0,3364.7,3376.3,7101
2013-11-05 00:00:00,3376.5,3388.3,3353.7,3378.8,7980
2013-11-06 00:00:00,3378.5,3395.8,3368.2,3373.5,8629
2013-11-07 00:00:00,3373.3,3384.8,3312.3,3320.5,11581
2013-11-08 00:00:00,3320.8,3360.8,3308.3,3358.1,11086
2013-11-11 00:00:00,3359.3,3363.3,3343.5,3352.8,7365
2013-11-12 00:00:00,3353.0,3364.5,3341.7,3362.5,8829
2013-11-13 00:00:00,3362.3,3404.6,3336.3,3401.8,8990
2013-11-14 00:00:00,3398.8,3413.8,3384.8,3409.3,9298
2013-11-15 00:00:00,3409.5,3419.0,3403.2,3415.0,7123
2013-11-18 00:00:00,3414.5,3423.5,3378.0,3384.2,8233
2013-11-19 00:00:00,3384.5,3398.3,3368.7,3374.0,9169
2013-11-20 00:00:00,3374.3,3396.6,3356.5,3366.0,10651
2013-11-21 00:00:00,3366.3,3403.8,3358.3,3400.6,8537
2013-11-22 00:00:00,3400.3,3420.3,3397.8,3418.8,7555
2013-11-25 00:00:00,3420.0,3435.0,3418.2,3426.5,6858
2013-11-26 00:00:00,3426.3,3453.8,3420.8,3445.8,5954
2013-11-27 00:00:00,3446.0,3470.0,3443.7,3468.0,5885
2013-11-28 00:00:00,3468.3,3482.1,3467.0,3480.8,2107
2013-11-29 00:00:00,3480.0,3494.3,3478.5,3489.3,3754
2013-12-02 00:00:00,3492.3,3498.8,3475.0,3481.8,7584
2013-12-03 00:00:00,3481.5,3486.5,3464.2,3474.7,8531
2013-12-04 00:00:00,3475.0,3491.8,3451.5,3481.3,10018
2013-12-05 00:00:00,3481.8,3489.8,3470.8,3473.3,6279
2013-12-06 00:00:00,3476.5,3508.8,3475.0,3504.5,7219
2013-12-09 00:00:00,3506.5,3522.5,3504.5,3517.0,6816
2013-12-10 00:00:00,3516.0,3522.3,3505.7,3514.7,6829
2013-12-11 00:00:00,3514.5,3520.0,3462.2,3469.0,8776
2013-12-12 00:00:00,3469.3,3477.3,3453.5,3454.3,8736
2013-12-13 00:00:00,3454.0,3476.3,3447.7,3456.0,6685
2013-12-16 00:00:00,3455.8,3493.1,3432.5,3470.6,7267
2013-12-17 00:00:00,3470.3,3481.3,3459.0,3462.0,6235
2013-12-18 00:00:00,3462.3,3511.6,3420.3,3509.3,8969
2013-12-19 00:00:00,3509.5,3514.8,3480.5,3495.7,7211
2013-12-20 00:00:00,3492.3,3535.1,3492.0,3529.3,7043
2013-12-23 00:00:00,3539.8,3565.1,3539.3,3564.3,6088
2013-12-24 00:00:00,3564.0,3570.3,3559.0,3569.0,3039
2013-12-26 00:00:00,3570.8,3581.1,3566.3,3580.8,3346
2013-12-27 00:00:00,3580.5,3584.8,3565.0,3567.5,4662
2013-12-30 00:00:00,3568.0,3571.5,3554.0,3565.5,4890
2013-12-31 00:00:00,3565.3,3586.1,3563.0,3580.8,2134
2014-01-02 00:00:00,3574.0,3576.8,3547.2,3558.2,6651
2014-01-03 00:00:00,3558.5,3564.3,3529.2,3529.5,6143
2014-01-06 00:00:00,3528.5,3538.0,3504.0,3513.5,7806
2014-01-07 00:00:00,3513.3,3555.1,3513.3,3547.6,6023
2014-01-08 00:00:00,3547.8,3567.3,3542.0,3561.3,7218
2014-01-09 00:00:00,3561.5,3574.5,3533.5,3547.0,7771
2014-01-10 00:00:00,3547.3,3569.6,3527.5,3559.3,8265
2014-01-13 00:00:00,3560.8,3564.6,3490.5,3507.3,8386
2014-01-14 00:00:00,3508.3,3574.3,3501.3,3571.6,7753
2014-01-15 00:00:00,3572.0,3607.8,3568.7,3596.8,6884
2014-01-16 00:00:00,3596.5,3606.0,3592.0,3594.2,7001
2014-01-17 00:00:00,3594.8,3606.6,3572.3,3583.8,7285
2014-01-20 00:00:00,3582.3,3586.8,3575.5,3586.3,2184
2014-01-21 00:00:00,3586.0,3609.8,3577.5,3605.5,7576
2014-01-22 00:00:00,3605.8,3627.3,3603.0,3624.3,7660
2014-01-23 00:00:00,3624.5,3633.0,3579.5,3613.2,10515
2014-01-24 00:00:00,3613.0,3619.0,3528.7,3529.0,12693
2014-01-27 00:00:00,3529.3,3542.8,3472.8,3476.5,15778
2014-01-28 00:00:00,3475.5,3503.8,3465.7,3500.0,12337
2014-01-29 00:00:00,3501.8,3526.8,3452.3,3473.8,16554
2014-01-30 00:00:00,3473.5,3535.0,3469.0,3508.5,14033
2014-01-31 00:00:00,3509.8,3530.6,3477.8,3514.8,15200
2014-02-03 00:00:00,3514.5,3527.5,3423.5,3436.0,28435
2014-02-04 00:00:00,3435.8,3471.6,3429.5,3450.6,24822
2014-02-05 00:00:00,3450.0,3461.0,3410.0,3447.0,25846
2014-02-06 00:00:00,3449.5,3497.0,3445.7,3488.8,21153
2014-02-07 00:00:00,3489.3,3557.6,3477.8,3556.8,21355
2014-02-10 00:00:00,3559.8,3577.8,3548.3,3577.6,16145
2014-02-11 00:00:00,3577.3,3623.8,3576.3,3611.3,17015
2014-02-12 00:00:00,3611.5,3631.3,3608.2,3620.5,15933
2014-02-13 00:00:00,3619.8,3653.6,3594.8,3650.8,15509
2014-02-14 00:00:00,3650.5,3665.8,3636.0,3658.5,15135
2014-02-17 00:00:00,3658.3,3670.6,3654.5,3665.3,4154
2014-02-18 00:00:00,3662.8,3682.6,3652.0,3674.3,13187
2014-02-19 00:00:00,3674.0,3677.3,3643.2,3654.2,17006
2014-02-20 00:00:00,3654.0,3674.8,3636.2,3667.5,18329
2014-02-21 00:00:00,3667.8,3684.6,3659.0,3662.5,14295
2014-02-24 00:00:00,3664.3,3699.3,3653.0,3685.6,13841
2014-02-25 00:00:00,3685.3,3695.3,3666.5,3687.8,15574
2014-02-26 00:00:00,3688.0,3699.8,3660.5,3675.7,15987
2014-02-27 00:00:00,3677.5,3702.5,3659.2,3702.5,18156
2014-02-28 00:00:00,3702.3,3720.3,3663.0,3697.0,16459
2014-03-03 00:00:00,3674.8,3677.8,3635.3,3668.0,26492
2014-03-04 00:00:00,3667.8,3721.1,3667.8,3715.3,19105
2014-03-05 00:00:00,3715.5,3730.3,3710.5,3728.0,12762
2014-03-06 00:00:00,3727.8,3735.1,3707.3,3721.8,13267
2014-03-07 00:00:00,3721.5,3738.3,3683.7,3702.7,17387
2014-03-10 00:00:00,3698.0,3709.5,3682.0,3707.8,15709
2014-03-11 00:00:00,3707.5,3723.8,3679.0,3685.0,15910
2014-03-12 00:00:00,3684.8,3707.6,3659.8,3707.1,17092
2014-03-13 00:00:00,3707.3,3720.3,3634.0,3652.3,22681
2014-03-14 00:00:00,3652.8,3658.6,3624.0,3626.0,19358
2014-03-17 00:00:00,3626.5,3677.3,3606.7,3658.3,16643
2014-03-18 00:00:00,3658.5,3706.5,3644.5,3700.3,14230
2014-03-19 00:00:00,3700.5,3709.5,3657.7,3675.5,15349
2014-03-20 00:00:00,3675.8,3703.1,3662.8,3692.1,16583
2014-03-21 00:00:00,3688.5,3710.8,3631.7,3637.5,19563
2014-03-24 00:00:00,3635.8,3654.8,3573.5,3610.8,23145
2014-03-25 00:00:00,3611.0,3649.8,3589.0,3622.0,21443
2014-03-26 00:00:00,3622.3,3645.3,3568.8,3573.3,23864
2014-03-27 00:00:00,3573.0,3583.3,3533.2,3555.7,28779
2014-03-28 00:00:00,3556.3,3599.1,3549.5,3561.8,19666
2014-03-31 00:00:00,3574.5,3609.0,3572.0,3580.8,18226
2014-04-01 00:00:00,3581.0,3650.5,3576.5,3649.8,14896
2014-04-02 00:00:00,3649.5,3666.3,3640.5,3658.0,16385
2014-04-03 00:00:00,3658.3,3666.8,3607.3,3632.8,17167
2014-04-04 00:00:00,3633.3,3655.6,3520.8,3537.0,28418
2014-04-07 00:00:00,3538.5,3540.5,3472.5,3498.0,29949
2014-04-08 00:00:00,3498.3,3533.8,3488.8,3526.8,25690
2014-04-09 00:00:00,3526.5,3591.8,3524.5,3591.3,19761
2014-04-10 00:00:00,3591.5,3597.3,3468.2,3483.0,29862
2014-04-11 00:00:00,3483.3,3491.6,3429.3,3442.5,35371
2014-04-14 00:00:00,3431.3,3482.8,3423.5,3469.1,28326
2014-04-15 00:00:00,3468.8,3498.6,3403.3,3496.6,36129
2014-04-16 00:00:00,3496.8,3522.3,3477.8,3498.8,29703
2014-04-17 00:00:00,3500.3,3540.3,3490.5,3524.1,22235
2014-04-18 00:00:00,3523.8,3523.8,3521.5,3521.8,41
2014-04-21 00:00:00,3524.5,3552.0,3514.7,3550.5,11406
2014-04-22 00:00:00,3551.0,3586.3,3543.5,3583.3,14663
2014-04-23 00:00:00,3582.5,3589.8,3544.0,3586.8,18874
2014-04-24 00:00:00,3587.5,3616.0,3542.0,3591.0,23241
2014-04-25 00:00:00,3586.0,3587.8,3514.5,3529.0,23977
2014-04-28 00:00:00,3532.0,3560.3,3478.7,3548.8,28575
2014-04-29 00:00:00,3539.5,3569.3,3528.0,3555.5,22517
2014-04-30 00:00:00,3555.8,3575.8,3537.0,3575.6,22544
2014-05-01 00:00:00,3575.8,3603.3,3568.5,3587.3,12807
2014-05-02 00:00:00,3587.5,3602.3,3567.5,3577.5,22478
2014-05-05 00:00:00,3578.8,3595.8,3546.3,3592.3,17420
2014-05-06 00:00:00,3593.0,3601.5,3544.7,3549.2,18974
2014-05-07 00:00:00,3549.5,3564.5,3495.7,3539.2,24875
2014-05-08 00:00:00,3539.0,3577.5,3516.5,3531.2,23540
2014-05-09 00:00:00,3531.5,3550.0,3508.5,3547.0,23145
2014-05-12 00:00:00,3546.8,3608.8,3546.8,3608.6,14043
2014-05-13 00:00:00,3609.3,3622.1,3601.8,3607.8,16904
2014-05-14 00:00:00,3607.5,3612.8,3581.5,3596.0,16749
2014-05-15 00:00:00,3596.5,3604.8,3538.2,3561.0,25161
2014-05-16 00:00:00,3561.3,3587.3,3541.0,3580.8,21115
2014-05-19 00:00:00,3588.0,3589.0,3584.0,3585.0,124
2014-05-20 00:00:00,3608.8,3621.6,3582.5,3597.0,20546
2014-05-21 00:00:00,3597.3,3633.6,3591.3,3630.1,17321
2014-05-22 00:00:00,3629.8,3657.6,3629.0,3647.1,13836
2014-05-23 00:00:00,3646.0,3674.8,3643.0,3673.0,10020
2014-05-26 00:00:00,3676.5,3690.3,3675.5,3688.5,2454
2014-05-27 00:00:00,3685.3,3720.6,3684.0,3720.6,10968
2014-05-28 00:00:00,3720.8,3728.1,3705.5,3714.8,12897
2014-05-29 00:00:00,3714.5,3735.0,3711.2,3734.3,11500
2014-05-30 00:00:00,3733.3,3738.3,3713.3,3729.0,12635
2014-06-02 00:00:00,3732.8,3739.3,3705.5,3726.5,13808
2014-06-03 00:00:00,3726.8,3733.3,3712.0,3730.8,11744
2014-06-04 00:00:00,3730.5,3747.0,3712.0,3742.0,10546
2014-06-05 00:00:00,3741.8,3779.8,3732.0,3774.6,15718
2014-06-06 00:00:00,3775.5,3796.3,3773.7,3795.5,13559
2014-06-09 00:00:00,3797.3,3800.8,3781.0,3790.5,9038
2014-06-10 00:00:00,3790.3,3800.3,3782.8,3800.3,10816
2014-06-11 00:00:00,3800.5,3802.3,3777.5,3797.2,10780
2014-06-12 00:00:00,3797.5,3804.3,3749.7,3772.5,13203
2014-06-13 00:00:00,3771.5,3783.5,3758.2,3774.0,10450
2014-06-16 00:00:00,3773.0,3788.3,3755.2,3777.5,13113
2014-06-17 00:00:00,3777.8,3790.1,3767.8,3779.8,13565
2014-06-18 00:00:00,3779.5,3805.5,3762.0,3801.3,12442
2014-06-19 00:00:00,3801.0,3809.0,3780.5,3785.5,11445
2014-06-20 00:00:00,3783.3,3797.3,3782.8,3791.1,9075
2014-06-23 00:00:00,3790.5,3804.5,3783.0,3791.8,11173
2014-06-24 00:00:00,3791.5,3825.8,3779.2,3790.2,11561
2014-06-25 00:00:00,3790.0,3821.3,3781.0,3812.0,14835
2014-06-26 00:00:00,3811.8,3819.8,3787.0,3816.6,14295
2014-06-27 00:00:00,3815.3,3835.6,3806.0,3830.3,12629
2014-06-30 00:00:00,3829.3,3849.1,3825.8,3844.8,9797
2014-07-01 00:00:00,3845.3,3892.3,3843.0,3883.8,9839
2014-07-02 00:00:00,3884.0,3894.0,3881.0,3889.3,9707
2014-07-03 00:00:00,3889.5,3915.8,3886.2,3913.8,8536
2014-07-04 00:00:00,3914.3,3914.6,3909.5,3911.8,1538
2014-07-07 00:00:00,3911.0,3913.5,3894.2,3901.7,10157
2014-07-08 00:00:00,3902.0,3904.5,3839.2,3860.5,15445
2014-07-09 00:00:00,3860.3,3888.3,3854.8,3885.3,15305
2014-07-10 00:00:00,3885.5,3887.3,3829.7,3871.0,20137
2014-07-11 00:00:00,3871.3,3896.6,3869.8,3896.1,14522
2014-07-14 00:00:00,3896.3,3928.6,3895.8,3919.1,10097
2014-07-15 00:00:00,3919.3,3931.6,3878.0,3915.8,19274
2014-07-16 00:00:00,3915.5,3938.8,3911.2,3918.3,13739
2014-07-17 00:00:00,3918.0,3925.3,3857.2,3865.0,24021
2014-07-18 00:00:00,3866.3,3933.6,3852.3,3930.8,17965
2014-07-21 00:00:00,3927.5,3932.3,3907.7,3922.0,16337
2014-07-22 00:00:00,3921.8,3957.3,3921.3,3942.3,14077
2014-07-23 00:00:00,3941.5,3981.0,3941.2,3975.0,14312
2014-07-24 00:00:00,3975.3,3989.1,3961.3,3964.0,14760
2014-07-25 00:00:00,3964.3,3964.3,3935.3,3955.5,14473
2014-07-28 00:00:00,3952.8,3968.3,3927.0,3957.3,16648
2014-07-29 00:00:00,3957.0,3975.3,3946.7,3955.7,16702
2014-07-30 00:00:00,3956.0,3981.0,3951.2,3967.3,20916
2014-07-31 00:00:00,3968.0,3968.0,3879.7,3885.7,22878
2014-08-01 00:00:00,3886.3,3899.1,3845.3,3871.8,25978
2014-08-04 00:00:00,3874.0,3913.5,3865.2,3894.0,16750
2014-08-05 00:00:00,3893.8,3898.1,3849.8,3871.8,21622
2014-08-06 00:00:00,3871.5,3889.3,3840.0,3867.0,20175
2014-08-07 00:00:00,3867.3,3890.3,3838.8,3852.5,22150
2014-08-08 00:00:00,3853.8,3884.8,3824.5,3872.6,22374
2014-08-11 00:00:00,3872.0,3915.5,3872.0,3905.0,12187
2014-08-12 00:00:00,3904.8,3915.1,3881.3,3905.1,14513
2014-08-13 00:00:00,3904.8,3947.1,3900.5,3946.3,11517
2014-08-14 00:00:00,3945.5,3971.0,3937.7,3969.0,10797
2014-08-15 00:00:00,3969.5,3992.3,3945.2,3983.0,17170
2014-08-18 00:00:00,3991.8,4017.3,3990.3,4013.6,9158
2014-08-19 00:00:00,4013.3,4038.3,4013.3,4032.8,8357
2014-08-20 00:00:00,4032.5,4044.3,4026.7,4038.3,9672
2014-08-21 00:00:00,4038.0,4046.5,4030.7,4046.5,8768
2014-08-22 00:00:00,4046.8,4058.6,4034.5,4053.8,12133
2014-08-25 00:00:00,4053.3,4076.3,4053.0,4061.3,8005
2014-08-26 00:00:00,4061.5,4073.5,4059.5,4071.0,8088
2014-08-27 00:00:00,4071.3,4074.8,4061.5,4070.3,7026
2014-08-28 00:00:00,4070.0,4072.3,4052.5,4071.8,10168
2014-08-29 00:00:00,4072.3,4083.8,4060.0,4076.3,8302
2014-09-01 00:00:00,4076.0,4082.8,4074.0,4082.3,3202
2014-09-02 00:00:00,4081.0,4093.3,4075.7,4092.8,9596
2014-09-03 00:00:00,4092.5,4111.8,4060.5,4069.2,13493
2014-09-04 00:00:00,4069.8,4098.8,4054.3,4070.6,13566
2014-09-05 00:00:00,4070.0,4089.3,4050.0,4087.5,15769
2014-09-08 00:00:00,4085.3,4102.8,4073.5,4093.3,10014
2014-09-09 00:00:00,4093.0,4108.3,4051.2,4063.2,18464
2014-09-10 00:00:00,4063.0,4094.0,4052.7,4091.8,14996
2014-09-11 00:00:00,4091.5,4094.0,4058.0,4094.0,14361
2014-09-12 00:00:00,4093.8,4094.8,4054.8,4065.5,12076
2014-09-15 00:00:00,4059.8,4074.3,4016.3,4032.0,13425
2014-09-16 00:00:00,4032.5,4072.0,4010.2,4064.8,13330
2014-09-17 00:00:00,4064.5,4089.3,4045.7,4072.3,13539
2014-09-18 00:00:00,4072.8,4101.1,4066.8,4097.3,10704
2014-09-19 00:00:00,4097.0,4116.5,4074.0,4085.5,15025
2014-09-22 00:00:00,4087.0,4090.3,4033.7,4047.5,16203
2014-09-23 00:00:00,4047.3,4058.8,4026.0,4027.5,15679
2014-09-24 00:00:00,4027.0,4087.8,4025.7,4084.8,13831
2014-09-25 00:00:00,4085.5,4086.0,3996.2,4004.2,19012
2014-09-26 00:00:00,4004.8,4048.3,3999.8,4044.3,16793
2014-09-29 00:00:00,4043.5,4049.0,3996.0,4031.5,18574
2014-09-30 00:00:00,4031.3,4062.6,4022.3,4035.3,17748
2014-10-01 00:00:00,4034.5,4043.8,3963.5,3982.0,21646
2014-10-02 00:00:00,3982.3,3992.1,3925.8,3972.8,24701
2014-10-03 00:00:00,3973.0,4032.5,3968.7,4014.8,13884
2014-10-06 00:00:00,4016.5,4038.3,3994.2,4001.5,20102
2014-10-07 00:00:00,4000.8,4008.1,3947.0,3948.0,22662
2014-10-08 00:00:00,3947.8,4039.6,3928.5,4031.8,24767
2014-10-09 00:00:00,4031.5,4045.5,3945.0,3949.2,32656
2014-10-10 00:00:00,3948.3,3964.8,3849.0,3850.5,35227
2014-10-13 00:00:00,3847.0,3883.8,3792.5,3793.5,35967
2014-10-14 00:00:00,3792.5,3850.3,3790.7,3816.0,37225
2014-10-15 00:00:00,3816.5,3829.3,3689.2,3742.2,45525
2014-10-16 00:00:00,3742.5,3784.3,3682.2,3741.5,49086
2014-10-17 00:00:00,3740.0,3838.3,3739.7,3803.5,33056
2014-10-20 00:00:00,3811.5,3876.0,3791.5,3874.5,28839
2014-10-21 00:00:00,3874.3,3973.3,3844.0,3972.8,27006
2014-10-22 00:00:00,3973.0,3980.8,3937.5,3947.0,27442
2014-10-23 00:00:00,3946.3,4022.3,3937.5,4002.8,24884
2014-10-24 00:00:00,4003.0,4036.3,3968.7,4034.8,25559
2014-10-27 00:00:00,4033.8,4047.6,4007.5,4038.8,23186
2014-10-28 00:00:00,4039.0,4097.3,4036.0,4091.3,17609
2014-10-29 00:00:00,4091.0,4094.0,4053.0,4069.7,22928
2014-10-30 00:00:00,4069.3,4098.6,4041.0,4092.3,15647
2014-10-31 00:00:00,4090.8,4161.3,4088.0,4141.6,22299
2014-11-03 00:00:00,4146.3,4171.3,4139.8,4154.3,17223
2014-11-04 00:00:00,4154.5,4162.0,4117.7,4142.5,19720
2014-11-05 00:00:00,4142.3,4174.1,4131.8,4140.3,20360
2014-11-06 00:00:00,4140.8,4165.1,4128.3,4164.1,18748
2014-11-07 00:00:00,4164.3,4176.8,4133.8,4149.5,17345
2014-11-10 00:00:00,4150.0,4176.5,4142.0,4169.3,13974
2014-11-11 00:00:00,4169.5,4184.3,4159.7,4182.5,11141
2014-11-12 00:00:00,4182.8,4196.6,4164.5,4192.3,13642
2014-11-13 00:00:00,4192.0,4224.8,4189.5,4202.3,18578
2014-11-14 00:00:00,4202.8,4222.3,4193.8,4222.3,17075
2014-11-17 00:00:00,4220.3,4222.1,4189.5,4210.5,17705
2014-11-18 00:00:00,4210.8,4246.6,4200.8,4237.1,13102
2014-11-19 00:00:00,4237.3,4240.3,4202.3,4223.3,15834
2014-11-20 00:00:00,4222.3,4245.6,4199.8,4243.8,14712
2014-11-21 00:00:00,4244.0,4282.0,4235.2,4247.5,18254
2014-11-24 00:00:00,4248.3,4284.3,4246.0,4280.8,12241
2014-11-25 00:00:00,4281.0,4301.0,4274.7,4292.3,15084
2014-11-26 00:00:00,4292.0,4321.5,4288.5,4321.0,11325
2014-11-27 00:00:00,4320.8,4329.8,4310.3,4329.6,3522
2014-11-28 00:00:00,4326.5,4345.8,4316.5,4335.8,10272
2014-12-01 00:00:00,4328.8,4333.3,4271.5,4284.0,28063
2014-12-02 00:00:00,4284.3,4312.6,4283.3,4306.6,20877
2014-12-03 00:00:00,4306.8,4317.8,4285.5,4310.6,15757
2014-12-04 00:00:00,4310.3,4326.3,4291.3,4312.1,19047
2014-12-05 00:00:00,4311.8,4324.6,4300.8,4312.3,13622
2014-12-08 00:00:00,4311.3,4318.3,4256.8,4280.5,20229
2014-12-09 00:00:00,4280.0,4296.3,4215.0,4290.8,26395
2014-12-10 00:00:00,4290.5,4296.0,4217.2,4224.2,31009
2014-12-11 00:00:00,4224.5,4296.0,4218.5,4226.5,30608
2014-12-12 00:00:00,4226.3,4252.8,4186.0,4189.0,30379
2014-12-15 00:00:00,4188.5,4235.5,4142.7,4157.5,40885
2014-12-16 00:00:00,4161.5,4189.0,4085.0,4089.0,10155
2014-12-17 00:00:00,4090.0,4174.0,4084.0,4162.0,7360
2014-12-18 00:00:00,4163.0,4274.0,4152.0,4273.0,5530
2014-12-19 00:00:00,4272.0,4304.0,4258.0,4282.0,5858
2014-12-22 00:00:00,4284.0,4300.0,4276.0,4287.0,3797
2014-12-23 00:00:00,4288.0,4306.0,4272.0,4277.0,3254
2014-12-24 00:00:00,4275.0,4295.0,4274.0,4280.0,1150
2014-12-26 00:00:00,4281.0,4321.0,4281.0,4312.0,1189
2014-12-29 00:00:00,4313.0,4320.0,4297.0,4317.0,2742
2014-12-30 00:00:00,4316.0,4318.0,4275.0,4285.0,2888
2014-12-31 00:00:00,4284.0,4306.0,4231.0,4236.0,2452
2015-01-02 00:00:00,4248.0,4275.0,4204.0,4219.0,5603
2015-01-05 00:00:00,4217.0,4223.0,4149.0,4170.0,7344
2015-01-06 00:00:00,4169.0,4176.0,4087.0,4104.0,8621
2015-01-07 00:00:00,4103.0,4169.0,4103.0,4159.0,7222
2015-01-08 00:00:00,4158.0,4247.0,4158.0,4235.0,5132
2015-01-09 00:00:00,4236.0,4257.0,4186.0,4207.0,6891
2015-01-12 00:00:00,4208.0,4232.0,4157.0,4175.0,6682
2015-01-13 00:00:00,4174.0,4253.0,4131.0,4169.0,7625
2015-01-14 00:00:00,4168.0,4173.0,4106.0,4155.0,10851
2015-01-15 00:00:00,4156.0,4195.0,4084.0,4085.0,12034
2015-01-16 00:00:00,4078.0,4143.0,4047.0,4142.0,8716
2015-01-19 00:00:00,4144.0,4160.0,4119.0,4132.0,3106
2015-01-20 00:00:00,4133.0,4180.0,4115.0,4171.0,7569
2015-01-21 00:00:00,4172.0,4211.0,4143.0,4190.0,7629
2015-01-22 00:00:00,4191.0,4274.0,4171.0,4274.0,7684
2015-01-23 00:00:00,4273.0,4291.0,4256.0,4271.0,5605
2015-01-26 00:00:00,4254.0,4283.0,4237.0,4274.0,5424
2015-01-27 00:00:00,4275.0,4277.0,4149.0,4216.0,6720
2015-01-28 00:00:00,4210.0,4240.0,4125.0,4130.0,8457
2015-01-29 00:00:00,4131.0,4203.0,4101.0,4202.0,8346
2015-01-30 00:00:00,4203.0,4213.0,4142.0,4148.0,8350
2015-02-02 00:00:00,4152.0,4191.0,4092.0,4188.0,8984
2015-02-03 00:00:00,4189.0,4227.0,4172.0,4219.0,7463
2015-02-04 00:00:00,4217.0,4248.0,4193.0,4198.0,7034
2015-02-05 00:00:00,4192.0,4257.0,4183.0,4255.0,6402
2015-02-06 00:00:00,4254.0,4270.0,4212.0,4234.0,5780
2015-02-09 00:00:00,4221.0,4234.0,4204.0,4219.0,6959
2015-02-10 00:00:00,4221.0,4286.0,4213.0,4281.0,5575
2015-02-11 00:00:00,4280.0,4323.0,4274.0,4314.0,5021
2015-02-12 00:00:00,4313.0,4347.0,4288.0,4345.0,5524
2015-02-13 00:00:00,4344.0,4383.0,4343.0,4380.0,4152
2015-02-16 00:00:00,4375.0,4389.0,4370.0,4376.0,1457
2015-02-17 00:00:00,4367.0,4387.0,4364.0,4384.0,4307
2015-02-18 00:00:00,4383.0,4392.0,4373.0,4388.0,3882
2015-02-19 00:00:00,4389.0,4416.0,4375.0,4416.0,3592
2015-02-20 00:00:00,4415.0,4444.0,4395.0,4439.0,4678
2015-02-23 00:00:00,4440.0,4449.0,4429.0,4446.0,2856
2015-02-24 00:00:00,4445.0,4455.0,4427.0,4450.0,3071
2015-02-25 00:00:00,4449.0,4460.0,4429.0,4437.0,3037
2015-02-26 00:00:00,4438.0,4463.0,4431.0,4461.0,4021
2015-02-27 00:00:00,4460.0,4461.0,4435.0,4446.0,3378
2015-03-02 00:00:00,4447.0,4482.0,4446.0,4477.0,3048
2015-03-03 00:00:00,4478.0,4478.0,4432.0,4457.0,3590
2015-03-04 00:00:00,4456.0,4457.0,4419.0,4443.0,4172
2015-03-05 00:00:00,4442.0,4464.0,4432.0,4450.0,3740
2015-03-06 00:00:00,4449.0,4458.0,4389.0,4405.0,5264
2015-03-09 00:00:00,4412.0,4424.0,4391.0,4412.0,4906
2015-03-10 00:00:00,4413.0,4414.0,4328.0,4333.0,6033
2015-03-11 00:00:00,4334.0,4346.0,4303.0,4310.0,5323
2015-03-12 00:00:00,4311.0,4338.0,4297.0,4332.0,4569
2015-03-13 00:00:00,4330.0,4346.0,4287.0,4312.0,5329
2015-03-16 00:00:00,4311.0,4370.0,4298.0,4358.0,3735
2015-03-17 00:00:00,4357.0,4384.0,4347.0,4377.0,4396
2015-03-18 00:00:00,4376.0,4440.0,4342.0,4429.0,5551
2015-03-19 00:00:00,4428.0,4441.0,4418.0,4427.0,5034
2015-03-20 00:00:00,4426.0,4478.0,4422.0,4454.0,3853
2015-03-23 00:00:00,4452.0,4467.0,4443.0,4444.0,3674
2015-03-24 00:00:00,4443.0,4467.0,4430.0,4435.0,4249
2015-03-25 00:00:00,4436.0,4444.0,4326.0,4332.0,5403
2015-03-26 00:00:00,4333.0,4338.0,4276.0,4321.0,7395
2015-03-27 00:00:00,4323.0,4341.0,4305.0,4331.0,5520
2015-03-30 00:00:00,4334.0,4386.0,4324.0,4377.0,4869
2015-03-31 00:00:00,4376.0,4381.0,4326.0,4329.0,5009
2015-04-01 00:00:00,4328.0,4340.0,4269.0,4320.0,7893
2015-04-02 00:00:00,4321.0,4327.0,4295.0,4315.0,5013
2015-04-03 00:00:00,4310.0,4320.0,4309.0,4317.0,237
2015-04-06 00:00:00,4274.0,4361.2,4271.0,4346.9,14651
2015-04-07 00:00:00,4344.9,4378.7,4336.9,4341.2,19863
2015-04-08 00:00:00,4340.6,4383.1,4334.2,4382.6,25447
2015-04-09 00:00:00,4382.9,4407.1,4359.4,4404.4,24058
2015-04-10 00:00:00,4405.9,4422.2,4392.1,4421.7,17998
2015-04-13 00:00:00,4421.9,4447.6,4406.1,4409.4,19335
2015-04-14 00:00:00,4410.5,4420.6,4373.5,4402.8,23043
2015-04-15 00:00:00,4403.9,4435.2,4395.0,4430.0,20079
2015-04-16 00:00:00,4431.5,4435.6,4404.6,4421.4,21844
2015-04-17 00:00:00,4420.7,4424.2,4331.6,4355.6,28409
2015-04-20 00:00:00,4365.2,4423.7,4359.9,4413.7,20935
2015-04-21 00:00:00,4411.3,4449.6,4410.3,4436.9,23054
2015-04-22 00:00:00,4437.1,4465.9,4405.2,4444.7,26070
2015-04-23 00:00:00,4444.9,4503.1,4424.7,4500.0,26304
2015-04-24 00:00:00,4502.1,4542.7,4495.9,4536.8,23577
2015-04-27 00:00:00,4539.3,4561.7,4515.7,4529.9,15757
2015-04-28 00:00:00,4530.4,4536.6,4477.4,4520.3,27092
2015-04-29 00:00:00,4520.0,4520.0,4462.0,4479.4,32102
2015-04-30 00:00:00,4479.3,4483.8,4392.9,4420.9,34685
2015-05-01 00:00:00,4422.0,4477.2,4416.1,4474.2,19351
2015-05-04 00:00:00,4477.6,4509.9,4463.6,4480.9,23594
2015-05-05 00:00:00,4480.2,4485.6,4405.7,4416.4,31036
2015-05-06 00:00:00,4416.2,4429.6,4348.7,4380.4,33834
2015-05-07 00:00:00,4376.7,4413.4,4337.3,4404.5,33110
2015-05-08 00:00:00,4406.5,4465.7,4405.3,4452.7,24931
2015-05-11 00:00:00,4454.7,4467.4,4429.8,4432.6,22825
2015-05-12 00:00:00,4432.4,4442.0,4377.7,4426.0,30921
2015-05-13 00:00:00,4427.3,4461.9,4421.2,4430.6,27130
2015-05-14 00:00:00,4431.3,4495.7,4416.7,4492.7,20288
2015-05-15 00:00:00,4492.4,4510.1,4481.2,4491.9,20799
2015-05-18 00:00:00,4494.1,4520.5,4473.6,4511.7,19720
2015-05-19 00:00:00,4509.3,4526.7,4497.6,4501.1,19484
2015-05-20 00:00:00,4502.1,4534.5,4483.3,4503.4,20495
2015-05-21 00:00:00,4499.9,4536.9,4487.6,4529.7,16345
2015-05-22 00:00:00,4529.9,4543.2,4522.7,4528.3,16224
2015-05-25 00:00:00,4529.5,4537.9,4518.8,4526.0,2509
2015-05-26 00:00:00,4527.7,4529.2,4456.2,4481.4,24234
2015-05-27 00:00:00,4482.7,4550.8,4474.3,4540.2,18354
2015-05-28 00:00:00,4541.2,4547.3,4521.9,4543.9,22018
2015-05-29 00:00:00,4543.3,4545.2,4497.7,4516.8,24832
2015-06-01 00:00:00,4514.7,4538.7,4487.1,4525.1,26432
2015-06-02 00:00:00,4525.4,4530.9,4481.4,4502.8,27237
2015-06-03 00:00:00,4502.9,4540.2,4501.4,4526.3,26162
2015-06-04 00:00:00,4526.6,4527.8,4473.0,4494.9,32632
2015-06-05 00:00:00,4495.8,4505.5,4449.5,4482.2,30830
2015-06-08 00:00:00,4480.6,4483.4,4422.4,4435.9,27822
2015-06-09 00:00:00,4436.7,4441.1,4390.8,4432.3,28457
2015-06-10 00:00:00,4431.8,4498.0,4430.6,4488.0,20324
2015-06-11 00:00:00,4488.4,4511.7,4479.5,4491.4,23360
2015-06-12 00:00:00,4490.7,4491.6,4447.2,4454.9,20811
2015-06-15 00:00:00,4442.8,4444.1,4393.9,4435.4,25780
2015-06-16 00:00:00,4435.0,4464.1,4404.0,4459.1,22797
2015-06-17 00:00:00,4459.4,4482.2,4439.3,4459.1,26494
2015-06-18 00:00:00,4459.3,4540.6,4446.7,4535.4,23917
2015-06-19 00:00:00,4537.1,4545.1,4503.2,4508.4,18459
2015-06-22 00:00:00,4520.3,4557.6,4516.8,4542.2,22605
2015-06-23 00:00:00,4542.7,4554.1,4528.6,4547.9,18366
2015-06-24 00:00:00,4549.4,4560.7,4520.9,4526.2,23907
2015-06-25 00:00:00,4526.3,4553.4,4506.7,4512.2,23254
2015-06-26 00:00:00,4513.9,4523.2,4467.1,4488.5,24618
2015-06-29 00:00:00,4427.5,4458.4,4376.7,4390.8,37918
2015-06-30 00:00:00,4390.3,4419.9,4380.3,4402.1,36893
2015-07-01 00:00:00,4398.4,4449.7,4397.3,4431.1,29690
2015-07-02 00:00:00,4430.7,4448.8,4415.8,4435.8,22746
2015-07-03 00:00:00,4436.3,4443.2,4419.3,4423.5,11150
2015-07-06 00:00:00,4368.3,4444.1,4350.4,4434.1,34300
2015-07-07 00:00:00,4437.4,4455.3,4342.0,4428.9,37301
2015-07-08 00:00:00,4429.4,4430.8,4344.5,4354.5,43553
2015-07-09 00:00:00,4355.6,4415.7,4339.6,4348.1,36284
2015-07-10 00:00:00,4347.2,4433.4,4346.8,4416.9,29092
2015-07-13 00:00:00,4389.4,4498.4,4382.6,4493.8,28517
2015-07-14 00:00:00,4494.6,4536.7,4491.8,4527.4,17233
2015-07-15 00:00:00,4528.7,4546.4,4516.1,4542.5,21048
2015-07-16 00:00:00,4545.0,4614.8,4537.9,4613.5,18947
2015-07-17 00:00:00,4615.5,4660.7,4614.0,4658.5,17853
2015-07-20 00:00:00,4656.3,4693.7,4655.0,4678.5,16423
2015-07-21 00:00:00,4679.7,4691.0,4622.1,4628.3,22135
2015-07-22 00:00:00,4621.4,4643.2,4596.0,4628.0,24830
2015-07-23 00:00:00,4629.4,4641.6,4591.2,4639.5,25870
2015-07-24 00:00:00,4638.5,4645.7,4551.5,4570.2,26167
2015-07-27 00:00:00,4568.7,4574.9,4510.7,4526.5,31303
2015-07-28 00:00:00,4526.2,4568.2,4504.0,4565.7,30454
2015-07-29 00:00:00,4565.9,4586.6,4551.0,4572.8,30499
2015-07-30 00:00:00,4577.5,4606.3,4538.3,4602.5,27338
2015-07-31 00:00:00,4602.0,4616.3,4583.8,4592.0,26911
2015-08-03 00:00:00,4590.9,4606.7,4548.4,4581.2,30031
2015-08-04 00:00:00,4580.4,4588.7,4550.7,4561.7,30751
2015-08-05 00:00:00,4560.0,4635.2,4557.1,4600.8,26916
2015-08-06 00:00:00,4599.4,4613.7,4507.5,4531.8,28330
2015-08-07 00:00:00,4532.4,4537.9,4484.7,4520.9,30244
2015-08-10 00:00:00,4518.0,4583.2,4517.2,4579.9,24388
2015-08-11 00:00:00,4581.9,4587.7,4489.4,4517.7,34788
2015-08-12 00:00:00,4518.9,4538.8,4435.7,4535.8,43945
2015-08-13 00:00:00,4534.8,4560.6,4512.7,4521.7,32483
2015-08-14 00:00:00,4520.3,4536.8,4502.2,4535.3,27010
2015-08-17 00:00:00,4535.5,4570.8,4506.7,4567.0,25652
2015-08-18 00:00:00,4564.5,4574.5,4534.7,4543.1,27540
2015-08-19 00:00:00,4543.7,4553.0,4484.5,4505.2,36025
2015-08-20 00:00:00,4504.0,4513.9,4361.8,4364.6,39972
2015-08-21 00:00:00,4363.6,4369.5,4196.5,4196.6,55073
2015-08-24 00:00:00,4184.9,4198.9,3905.2,4014.6,76988
2015-08-25 00:00:00,4004.0,4207.2,4000.8,4019.7,81117
2015-08-26 00:00:00,4028.8,4231.9,3962.4,4212.4,85289
2015-08-27 00:00:00,4217.8,4333.5,4208.6,4329.2,61600
2015-08-28 00:00:00,4329.4,4342.7,4284.2,4330.7,57553
2015-08-31 00:00:00,4325.5,4329.8,4260.7,4268.6,52010
2015-09-01 00:00:00,4268.5,4269.7,4120.3,4153.5,72788
2015-09-02 00:00:00,4154.4,4265.1,4137.9,4263.4,64334
2015-09-03 00:00:00,4263.1,4305.4,4221.3,4232.0,54605
2015-09-04 00:00:00,4232.3,4238.1,4156.4,4193.7,60341
2015-09-07 00:00:00,4182.6,4244.4,4182.5,4210.9,22968
2015-09-08 00:00:00,4217.2,4305.7,4209.7,4299.9,43819
2015-09-09 00:00:00,4300.4,4369.9,4240.8,4255.8,48255
2015-09-10 00:00:00,4256.9,4326.9,4227.3,4297.2,55368
2015-09-11 00:00:00,4299.7,4328.0,4259.6,4327.6,40065
2015-09-14 00:00:00,4328.1,4357.0,4292.2,4308.0,39587
2015-09-15 00:00:00,4308.5,4372.4,4290.5,4362.3,35038
2015-09-16 00:00:00,4361.4,4391.2,4343.8,4387.2,33255
2015-09-17 00:00:00,4387.3,4450.1,4366.2,4377.8,38541
2015-09-18 00:00:00,4379.5,4391.6,4309.1,4332.2,49298
2015-09-21 00:00:00,4332.9,4372.4,4297.8,4354.4,43875
2015-09-22 00:00:00,4354.2,4356.3,4232.1,4274.2,48029
2015-09-23 00:00:00,4274.3,4303.6,4233.3,4279.6,43738
2015-09-24 00:00:00,4279.4,4289.6,4197.1,4259.2,54967
2015-09-25 00:00:00,4258.7,4326.2,4197.2,4217.0,52885
2015-09-28 00:00:00,4214.2,4249.8,4090.7,4112.2,71256
2015-09-29 00:00:00,4112.6,4154.9,4051.9,4083.8,77030
2015-09-30 00:00:00,4087.5,4179.9,4076.9,4164.7,62933
2015-10-01 00:00:00,4164.8,4236.3,4126.9,4201.2,72133
2015-10-02 00:00:00,4201.5,4273.7,4121.9,4272.0,68236
2015-10-05 00:00:00,4267.8,4339.2,4261.2,4321.9,53265
2015-10-06 00:00:00,4322.3,4331.7,4272.9,4292.1,58264
2015-10-07 00:00:00,4291.8,4343.2,4277.4,4336.4,63160
2015-10-08 00:00:00,4332.5,4357.2,4274.2,4351.4,60688
2015-10-09 00:00:00,4347.3,4378.4,4333.7,4365.3,47577
2015-10-12 00:00:00,4363.4,4390.4,4355.4,4386.9,37675
2015-10-13 00:00:00,4387.2,4399.9,4347.3,4349.6,45770
2015-10-14 00:00:00,4342.7,4374.2,4327.6,4340.3,53267
2015-10-15 00:00:00,4342.1,4420.5,4341.6,4420.5,48974
2015-10-16 00:00:00,4418.2,4446.7,4404.8,4446.3,40633
2015-10-19 00:00:00,4442.4,4464.0,4419.9,4462.2,41786
2015-10-20 00:00:00,4462.8,4464.4,4423.1,4432.5,41271
2015-10-21 00:00:00,4431.4,4464.9,4402.9,4413.6,50485
2015-10-22 00:00:00,4413.8,4573.1,4409.9,4573.1,50886
2015-10-23 00:00:00,4572.9,4644.8,4569.8,4618.7,52588
2015-10-26 00:00:00,4620.7,4638.3,4600.1,4627.5,42494
2015-10-27 00:00:00,4626.3,4659.4,4609.7,4650.2,43254
2015-10-28 00:00:00,4649.7,4685.6,4608.7,4675.1,47761
2015-10-29 00:00:00,4674.9,4677.7,4650.2,4672.3,39839
2015-10-30 00:00:00,4672.1,4697.8,4644.2,4654.4,41215
2015-11-02 00:00:00,4651.7,4707.0,4633.2,4696.3,33807
2015-11-03 00:00:00,4696.7,4734.8,4684.7,4719.8,34471
2015-11-04 00:00:00,4719.9,4736.3,4697.9,4717.4,45489
2015-11-05 00:00:00,4717.3,4731.7,4677.7,4704.4,44671
2015-11-06 00:00:00,4703.4,4712.6,4663.1,4706.2,48443
2015-11-09 00:00:00,4700.2,4713.4,4625.9,4651.1,45326
2015-11-10 00:00:00,4653.1,4666.0,4616.4,4645.6,44342
2015-11-11 00:00:00,4645.2,4678.4,4629.4,4635.8,40414
2015-11-12 00:00:00,4635.4,4655.4,4583.4,4585.4,45506
2015-11-13 00:00:00,4585.1,4592.6,4495.0,4495.0,53284
2015-11-16 00:00:00,4477.2,4566.9,4456.4,4564.5,57114
2015-11-17 00:00:00,4563.9,4597.4,4551.4,4570.3,47901
2015-11-18 00:00:00,4569.4,4656.3,4555.9,4650.6,45619
2015-11-19 00:00:00,4649.2,4677.6,4646.4,4660.4,40931
2015-11-20 00:00:00,4656.7,4691.7,4652.9,4689.8,37736
2015-11-23 00:00:00,4688.8,4706.5,4653.8,4674.2,36251
2015-11-24 00:00:00,4674.4,4684.5,4620.1,4665.2,44018
2015-11-25 00:00:00,4665.1,4684.1,4659.3,4677.7,29305
2015-11-26 00:00:00,4677.8,4703.1,4677.8,4695.1,11302
2015-11-27 00:00:00,4694.4,4698.4,4664.4,4683.8,25958
2015-11-30 00:00:00,4683.4,4699.8,4652.6,4678.7,33618
2015-12-01 00:00:00,4679.0,4715.7,4675.7,4714.4,33557
2015-12-02 00:00:00,4714.0,4739.2,4678.2,4696.9,40700
2015-12-03 00:00:00,4697.4,4729.7,4578.6,4615.9,60182
2015-12-04 00:00:00,4615.6,4722.2,4602.6,4714.2,55171
2015-12-07 00:00:00,4722.4,4728.9,4670.2,4702.4,52440
2015-12-08 00:00:00,4701.7,4708.9,4640.8,4692.4,56631
2015-12-09 00:00:00,4691.7,4707.1,4593.7,4623.7,67917
2015-12-10 00:00:00,4624.0,4673.9,4618.5,4645.6,55911
2015-12-11 00:00:00,4645.5,4658.5,4528.3,4535.8,52838
2015-12-14 00:00:00,4533.3,4578.7,4477.0,4570.8,35522
2015-12-15 00:00:00,4573.8,4636.7,4566.2,4605.9,26669
2015-12-16 00:00:00,4605.8,4673.0,4581.3,4653.2,25593
2015-12-17 00:00:00,4653.1,4687.3,4568.5,4572.0,25486
2015-12-18 00:00:00,4571.7,4591.8,4509.7,4516.9,29554
2015-12-21 00:00:00,4520.4,4577.7,4518.2,4577.4,25020
2015-12-22 00:00:00,4577.3,4600.6,4548.0,4595.9,23749
2015-12-23 00:00:00,4596.6,4626.4,4589.4,4614.0,18631
2015-12-24 00:00:00,4613.4,4634.9,4607.3,4615.3,9217
2015-12-28 00:00:00,4615.9,4625.7,4576.9,4623.8,16895
2015-12-29 00:00:00,4624.0,4702.3,4616.4,4695.0,15786
2015-12-30 00:00:00,4694.8,4699.0,4648.5,4654.1,15945
2015-12-31 00:00:00,4653.9,4659.5,4585.4,4598.0,16418
2016-01-04 00:00:00,4597.4,4611.2,4436.9,4512.8,31219
2016-01-05 00:00:00,4513.1,4530.2,4464.8,4487.9,29476
2016-01-06 00:00:00,4488.4,4494.8,4393.8,4456.1,32295
2016-01-07 00:00:00,4455.9,4466.1,4291.2,4299.6,37243
2016-01-08 00:00:00,4300.6,4377.2,4264.2,4269.3,37339
2016-01-11 00:00:00,4271.1,4311.7,4216.4,4277.1,36882
2016-01-12 00:00:00,4276.3,4352.9,4244.1,4315.5,34453
2016-01-13 00:00:00,4314.8,4372.0,4175.0,4186.8,34323
2016-01-14 00:00:00,4186.3,4307.6,4131.9,4257.0,37021
2016-01-15 00:00:00,4256.4,4275.9,4083.7,4152.5,39190
2016-01-18 00:00:00,4121.7,4185.4,4115.5,4140.9,39786
2016-01-19 00:00:00,4143.3,4223.9,4100.3,4148.4,61060
2016-01-20 00:00:00,4149.0,4179.2,3992.1,4136.0,74722
2016-01-21 00:00:00,4141.9,4200.4,4093.1,4137.8,78574
2016-01-22 00:00:00,4133.4,4260.9,4126.4,4255.4,56509
2016-01-25 00:00:00,4257.0,4267.7,4187.1,4197.0,50901
2016-01-26 00:00:00,4196.8,4252.2,4140.9,4218.2,52882
2016-01-27 00:00:00,4202.1,4227.0,4110.7,4150.0,55916
2016-01-28 00:00:00,4163.1,4206.1,4115.5,4154.2,63514
2016-01-29 00:00:00,4139.3,4278.1,4135.4,4271.4,58448
2016-02-01 00:00:00,4272.5,4317.7,4236.3,4293.5,52156
2016-02-02 00:00:00,4292.2,4292.4,4179.0,4195.5,47280
2016-02-03 00:00:00,4192.7,4221.2,4098.1,4178.9,61551
2016-02-04 00:00:00,4173.9,4209.0,4119.1,4152.7,63452
2016-02-05 00:00:00,4150.9,4177.8,4006.8,4027.5,59183
2016-02-08 00:00:00,4027.5,4049.7,3888.4,3968.7,62078
2016-02-09 00:00:00,3963.1,4009.2,3902.9,3945.7,65916
2016-02-10 00:00:00,3952.6,4045.8,3926.3,3966.7,61836
2016-02-11 00:00:00,3968.2,3989.3,3866.2,3966.6,67380
2016-02-12 00:00:00,3968.6,4021.7,3956.6,4010.7,56034
2016-02-15 00:00:00,4014.0,4097.1,4014.0,4081.9,38043
2016-02-16 00:00:00,4072.6,4107.5,4050.0,4092.4,92453
2016-02-17 00:00:00,4091.5,4211.8,4071.2,4210.4,87434
2016-02-18 00:00:00,4207.7,4230.1,4147.1,4159.7,88843
2016-02-19 00:00:00,4158.0,4177.4,4123.0,4163.2,87130
2016-02-22 00:00:00,4152.4,4236.6,4144.0,4208.5,64578
2016-02-23 00:00:00,4204.9,4219.0,4153.8,4156.7,76879
2016-02-24 00:00:00,4158.6,4220.8,4087.8,4218.5,90671
2016-02-25 00:00:00,4216.8,4250.8,4172.9,4246.5,84195
2016-02-26 00:00:00,4245.8,4295.9,4226.9,4231.4,77880
2016-02-29 00:00:00,4227.9,4265.5,4187.1,4199.1,80883
2016-03-01 00:00:00,4201.8,4340.8,4182.2,4337.6,75218
2016-03-02 00:00:00,4337.8,4359.9,4301.8,4326.3,143388
2016-03-03 00:00:00,4325.9,4347.1,4299.6,4324.1,59675
2016-03-04 00:00:00,4323.8,4355.7,4298.8,4320.7,72438
2016-03-07 00:00:00,4318.6,4330.7,4269.8,4302.7,66830
2016-03-08 00:00:00,4302.8,4309.2,4252.0,4273.0,81694
2016-03-09 00:00:00,4272.7,4298.9,4256.9,4294.3,73572
2016-03-10 00:00:00,4294.0,4347.6,4230.0,4287.3,99174
2016-03-11 00:00:00,4284.7,4361.1,4281.3,4355.2,62273
2016-03-14 00:00:00,4350.4,4378.3,4340.4,4365.6,42862
2016-03-15 00:00:00,4365.4,4372.8,4337.3,4368.4,51407
2016-03-16 00:00:00,4368.5,4415.0,4348.3,4397.1,61774
2016-03-17 00:00:00,4397.5,4420.5,4367.4,4404.0,61895
2016-03-18 00:00:00,4403.7,4418.1,4384.1,4404.7,54491
2016-03-21 00:00:00,4396.4,4429.1,4384.8,4425.6,56885
2016-03-22 00:00:00,4424.8,4448.2,4391.7,4445.1,59672
2016-03-23 00:00:00,4445.0,4448.7,4391.5,4404.2,55387
2016-03-24 00:00:00,4403.8,4409.9,4373.1,4409.6,52003
2016-03-28 00:00:00,4412.4,4433.4,4389.4,4399.7,31988
2016-03-29 00:00:00,4397.4,4471.1,4381.1,4469.9,60805
2016-03-30 00:00:00,4470.5,4517.5,4461.9,4489.3,54143
2016-03-31 00:00:00,4488.2,4502.7,4469.7,4483.1,51574
2016-04-01 00:00:00,4484.8,4536.5,4449.4,4535.2,64346
2016-04-04 00:00:00,4527.5,4549.5,4499.6,4505.8,50235
2016-04-05 00:00:00,4506.7,4506.7,4462.5,4482.5,65088
2016-04-06 00:00:00,4482.1,4543.5,4473.5,4539.0,58717
2016-04-07 00:00:00,4540.0,4545.1,4457.0,4475.3,62046
2016-04-08 00:00:00,4473.5,4515.4,4457.4,4475.2,60001
2016-04-11 00:00:00,4469.8,4515.5,4450.2,4453.0,70164
2016-04-12 00:00:00,4452.4,4503.5,4432.5,4494.7,66320
2016-04-13 00:00:00,4489.6,4559.5,4488.6,4553.9,57848
2016-04-14 00:00:00,4552.4,4569.0,4536.8,4554.3,47140
2016-04-15 00:00:00,4552.9,4560.1,4529.0,4543.7,40839
2016-04-18 00:00:00,4539.9,4566.6,4507.2,4556.7,49490
2016-04-19 00:00:00,4556.4,4590.8,4513.3,4535.9,50684
2016-04-20 00:00:00,4537.5,4562.3,4515.6,4540.9,49596
2016-04-21 00:00:00,4531.4,4559.6,4495.8,4505.6,57744
2016-04-22 00:00:00,4503.3,4509.6,4439.1,4475.0,60192
2016-04-25 00:00:00,4466.2,4486.3,4444.1,4480.8,47636
2016-04-26 00:00:00,4480.4,4497.8,4416.5,4417.7,47500
2016-04-27 00:00:00,4417.5,4441.2,4380.2,4440.3,54593
2016-04-28 00:00:00,4440.0,4449.7,4354.1,4391.8,59428
2016-04-29 00:00:00,4391.3,4399.0,4304.5,4343.4,67468
2016-05-02 00:00:00,4337.3,4386.2,4325.5,4380.0,50970
2016-05-03 00:00:00,4379.9,4381.1,4327.2,4344.9,58355
2016-05-04 00:00:00,4345.0,4348.4,4298.9,4316.5,60379
2016-05-05 00:00:00,4315.9,4346.4,4296.4,4302.4,55548
2016-05-06 00:00:00,4302.8,4338.7,4275.8,4337.5,60628
2016-05-09 00:00:00,4334.6,4361.5,4323.0,4340.1,49176
2016-05-10 00:00:00,4340.2,4403.1,4328.2,4400.2,43388
2016-05-11 00:00:00,4395.5,4407.7,4350.9,4356.6,47752
2016-05-12 00:00:00,4356.3,4386.9,4311.2,4341.4,56155
2016-05-13 00:00:00,4341.2,4364.9,4308.3,4327.0,69287
2016-05-16 00:00:00,4321.6,4396.2,4309.6,4377.5,39660
2016-05-17 00:00:00,4376.6,4395.2,4309.7,4322.5,56392
2016-05-18 00:00:00,4322.2,4360.4,4299.9,4337.8,71380
2016-05-19 00:00:00,4337.0,4342.4,4282.4,4319.0,64748
2016-05-20 00:00:00,4319.3,4380.5,4314.0,4364.5,45976
2016-05-23 00:00:00,4364.3,4383.0,4348.1,4353.7,49441
2016-05-24 00:00:00,4353.4,4450.0,4343.4,4446.3,38575
2016-05-25 00:00:00,4446.8,4489.9,4440.9,4476.9,41285
2016-05-26 00:00:00,4477.5,4496.0,4464.5,4493.7,39204
2016-05-27 00:00:00,4493.1,4513.5,4487.9,4512.9,30899
2016-05-30 00:00:00,4514.0,4525.0,4513.7,4521.7,10509
2016-05-31 00:00:00,4519.2,4528.7,4497.8,4521.8,38507
2016-06-01 00:00:00,4521.5,4537.4,4503.2,4520.2,42804
2016-06-02 00:00:00,4520.9,4533.2,4487.7,4529.8,43708
2016-06-03 00:00:00,4530.2,4534.8,4479.2,4507.2,46825
2016-06-06 00:00:00,4506.0,4537.0,4504.2,4523.8,35797
2016-06-07 00:00:00,4524.8,4546.1,4508.8,4512.4,29845
2016-06-08 00:00:00,4511.9,4529.9,4504.1,4518.1,30323
2016-06-09 00:00:00,4513.7,4522.4,4493.6,4512.3,31275
2016-06-10 00:00:00,4512.5,4513.2,4446.4,4465.4,35344
2016-06-13 00:00:00,4451.8,4463.1,4418.8,4419.4,51375
2016-06-14 00:00:00,4419.2,4441.6,4391.5,4422.7,50915
2016-06-15 00:00:00,4421.9,4444.6,4405.3,4408.8,53671
2016-06-16 00:00:00,4409.0,4430.3,4361.9,4420.5,59893
2016-06-17 00:00:00,4420.7,4441.5,4362.3,4372.3,53393
2016-06-20 00:00:00,4366.1,4446.0,4366.1,4415.2,40686
2016-06-21 00:00:00,4411.7,4424.9,4397.5,4404.8,47353
2016-06-22 00:00:00,4405.0,4443.1,4399.1,4402.0,45419
2016-06-23 00:00:00,4401.4,4486.5,4398.5,4486.5,56793
2016-06-24 00:00:00,4485.3,4503.2,4224.2,4269.8,154287
2016-06-27 00:00:00,4255.5,4277.2,4177.7,4183.5,97941
2016-06-28 00:00:00,4182.4,4293.7,4178.3,4290.9,60423
2016-06-29 00:00:00,4291.5,4387.8,4277.7,4387.3,52298
2016-06-30 00:00:00,4387.0,4419.2,4348.0,4407.7,61474
2016-07-01 00:00:00,4407.3,4454.8,4394.9,4443.1,46664
2016-07-04 00:00:00,4441.1,4460.3,4435.1,4449.0,15331
2016-07-05 00:00:00,4441.2,4446.0,4385.4,4415.6,50379
2016-07-06 00:00:00,4413.3,4448.2,4373.5,4443.5,69414
2016-07-07 00:00:00,4439.7,4469.0,4435.3,4460.2,51223
2016-07-08 00:00:00,4455.0,4531.0,4447.8,4525.0,46864
2016-07-11 00:00:00,4525.7,4571.2,4523.8,4559.0,39798
2016-07-12 00:00:00,4553.2,4589.7,4552.5,4577.8,36519
2016-07-13 00:00:00,4572.0,4592.2,4566.7,4568.2,41626
2016-07-14 00:00:00,4563.1,4616.1,4561.3,4597.8,45204
2016-07-15 00:00:00,4592.3,4611.1,4563.9,4569.8,39576
2016-07-18 00:00:00,4583.0,4629.8,4581.1,4615.8,29421
2016-07-19 00:00:00,4612.1,4619.3,4596.4,4616.1,30740
2016-07-20 00:00:00,4609.5,4667.0,4605.9,4664.3,24220
2016-07-21 00:00:00,4658.6,4670.0,4635.0,4647.8,31448
2016-07-22 00:00:00,4642.2,4672.4,4636.7,4667.4,27384
2016-07-25 00:00:00,4661.8,4677.5,4651.7,4666.5,29206
2016-07-26 00:00:00,4661.2,4696.2,4648.9,4694.6,35003
2016-07-27 00:00:00,4689.3,4721.9,4685.9,4721.9,43240
2016-07-28 00:00:00,4714.8,4739.5,4697.5,4739.3,40762
2016-07-29 00:00:00,4732.6,4744.2,4717.0,4735.9,40031
2016-08-01 00:00:00,4731.0,4768.2,4729.0,4754.7,32720
2016-08-02 00:00:00,4750.3,4767.4,4689.9,4722.7,40834
2016-08-03 00:00:00,4716.3,4736.0,4705.2,4733.9,38314
2016-08-04 00:00:00,4725.5,4751.2,4719.5,4750.5,34153
2016-08-05 00:00:00,4747.8,4802.0,4742.8,4789.1,26968
2016-08-08 00:00:00,4783.2,4805.3,4770.6,4784.4,21131
2016-08-09 00:00:00,4779.2,4812.0,4778.3,4797.5,21243
2016-08-10 00:00:00,4791.8,4803.9,4770.9,4784.4,24826
2016-08-11 00:00:00,4779.6,4814.8,4778.3,4805.1,23123
2016-08-12 00:00:00,4799.4,4810.6,4791.4,4810.6,21710
2016-08-15 00:00:00,4802.2,4839.1,4802.2,4828.3,17065
2016-08-16 00:00:00,4822.0,4826.0,4795.3,4803.2,24380
2016-08-17 00:00:00,4797.6,4811.3,4773.4,4809.1,30274
2016-08-18 00:00:00,4803.2,4815.2,4794.1,4809.1,25489
2016-08-19 00:00:00,4803.4,4817.9,4786.4,4809.8,26522
2016-08-22 00:00:00,4803.6,4819.1,4790.8,4814.4,32695
2016-08-23 00:00:00,4807.1,4837.6,4805.1,4820.4,28288
2016-08-24 00:00:00,4813.4,4823.9,4770.9,4785.5,32757
2016-08-25 00:00:00,4781.4,4794.1,4768.6,4783.6,36386
2016-08-26 00:00:00,4778.4,4817.6,4757.8,4785.3,48484
2016-08-29 00:00:00,4777.8,4805.3,4775.1,4795.5,27901
2016-08-30 00:00:00,4789.3,4798.5,4760.1,4778.1,29879
2016-08-31 00:00:00,4773.2,4779.1,4751.6,4772.4,32916
2016-09-01 00:00:00,4766.4,4795.2,4749.7,4775.9,37853
2016-09-02 00:00:00,4772.4,4817.9,4772.4,4798.1,42291
2016-09-05 00:00:00,4792.8,4806.0,4782.6,4793.0,12812
2016-09-06 00:00:00,4785.1,4831.5,4782.0,4831.2,29603
2016-09-07 00:00:00,4825.6,4839.6,4813.0,4829.2,28054
2016-09-08 00:00:00,4823.4,4837.1,4789.7,4797.5,38301
2016-09-09 00:00:00,4791.4,4798.1,4667.0,4669.8,52780
2016-09-12 00:00:00,4659.5,4772.5,4629.2,4767.2,68147
2016-09-13 00:00:00,4760.7,4764.6,4699.8,4734.3,72438
2016-09-14 00:00:00,4728.3,4771.2,4724.4,4736.0,58929
2016-09-15 00:00:00,4730.5,4826.7,4719.6,4814.7,50942
2016-09-16 00:00:00,4810.2,4823.2,4792.4,4818.5,51268
2016-09-19 00:00:00,4811.7,4845.2,4786.1,4799.9,38081
2016-09-20 00:00:00,4794.1,4824.6,4793.5,4803.0,40820
2016-09-21 00:00:00,4797.9,4860.6,4792.6,4856.5,51523
2016-09-22 00:00:00,4850.9,4898.3,4846.8,4894.8,29326
2016-09-23 00:00:00,4888.4,4895.9,4854.9,4862.9,29449
2016-09-26 00:00:00,4857.5,4865.8,4813.6,4820.4,35543
2016-09-27 00:00:00,4816.5,4870.9,4807.1,4866.0,44846
2016-09-28 00:00:00,4860.2,4879.3,4850.8,4874.6,42016
2016-09-29 00:00:00,4868.7,4882.3,4818.6,4847.8,56813
2016-09-30 00:00:00,4842.3,4891.5,4818.0,4872.5,45392
2016-10-03 00:00:00,4866.9,4884.1,4847.6,4873.1,31302
2016-10-04 00:00:00,4867.7,4892.4,4841.1,4860.0,47678
2016-10-05 00:00:00,4855.5,4893.1,4854.0,4881.7,31789
2016-10-06 00:00:00,4875.2,4885.6,4850.4,4875.6,31676
2016-10-07 00:00:00,4869.9,4888.1,4839.6,4865.0,48872
2016-10-10 00:00:00,4860.6,4906.5,4860.6,4897.9,24601
2016-10-11 00:00:00,4892.0,4902.3,4803.4,4830.4,43636
2016-10-12 00:00:00,4824.4,4845.2,4805.6,4813.8,42551
2016-10-13 00:00:00,4806.8,4818.8,4760.9,4801.9,46617
2016-10-14 00:00:00,4795.8,4847.2,4792.7,4809.4,44896
2016-10-17 00:00:00,4804.3,4816.9,4787.7,4810.0,40830
2016-10-18 00:00:00,4803.7,4863.4,4803.7,4832.9,31065
2016-10-19 00:00:00,4827.1,4847.1,4818.2,4837.2,26612
2016-10-20 00:00:00,4831.3,4853.6,4805.8,4851.3,35420
2016-10-21 00:00:00,4841.0,4855.8,4822.1,4852.1,31404
2016-10-24 00:00:00,4846.9,4915.4,4846.9,4915.1,24779
2016-10-25 00:00:00,4906.3,4926.4,4880.8,4885.0,27697
2016-10-26 00:00:00,4881.1,4888.8,4846.8,4860.4,35166
2016-10-27 00:00:00,4855.4,4887.4,4808.3,4830.5,41018
2016-10-28 00:00:00,4828.8,4850.6,4794.3,4811.6,59613
2016-10-31 00:00:00,4807.9,4837.5,4796.5,4811.1,32851
2016-11-01 00:00:00,4806.0,4824.6,4726.3,4763.0,44268
2016-11-02 00:00:00,4757.1,4775.8,4716.2,4728.0,55462
2016-11-03 00:00:00,4718.0,4733.4,4671.2,4675.2,47344
2016-11-04 00:00:00,4669.0,4699.2,4655.4,4664.4,46125
2016-11-07 00:00:00,4721.4,4786.5,4719.4,4785.8,31258
2016-11-08 00:00:00,4780.7,4827.1,4757.9,4807.2,43853
2016-11-09 00:00:00,4802.4,4842.4,4562.2,4825.6,176278
2016-11-10 00:00:00,4820.0,4884.5,4684.9,4745.2,107458
2016-11-11 00:00:00,4739.4,4763.2,4687.4,4745.8,84459
2016-11-14 00:00:00,4752.8,4789.1,4677.7,4699.5,79042
2016-11-15 00:00:00,4690.4,4781.2,4690.2,4768.0,58115
2016-11-16 00:00:00,4761.4,4796.7,4738.4,4785.2,52132
2016-11-17 00:00:00,4780.5,4833.1,4778.6,4832.9,44861
2016-11-18 00:00:00,4827.9,4842.4,4805.1,4811.4,38830
2016-11-21 00:00:00,4806.8,4864.2,4804.0,4860.1,36367
2016-11-22 00:00:00,4854.4,4886.8,4853.5,4880.3,30028
2016-11-23 00:00:00,4874.7,4884.7,4833.0,4852.7,32798
2016-11-24 00:00:00,4848.0,4865.3,4841.7,4865.3,10722
2016-11-25 00:00:00,4860.8,4872.4,4854.7,4872.4,18402
2016-11-28 00:00:00,4860.4,4881.4,4844.5,4860.7,33983
2016-11-29 00:00:00,4854.1,4899.3,4849.4,4876.0,33303
2016-11-30 00:00:00,4871.0,4886.4,4814.8,4820.7,43925
2016-12-01 00:00:00,4814.6,4829.3,4725.0,4737.0,55847
2016-12-02 00:00:00,4730.8,4761.0,4709.5,4736.9,41574
2016-12-05 00:00:00,4713.7,4798.0,4703.8,4785.4,43007
2016-12-06 00:00:00,4781.5,4799.2,4770.4,4792.6,37385
2016-12-07 00:00:00,4789.3,4857.5,4766.1,4847.4,45329
2016-12-08 00:00:00,4845.1,4873.9,4841.3,4867.4,52429
2016-12-09 00:00:00,4864.8,4902.7,4857.8,4899.7,37301
2016-12-12 00:00:00,4899.7,4922.3,4857.9,4871.8,37697
2016-12-13 00:00:00,4868.0,4967.3,4865.2,4945.9,36000
2016-12-14 00:00:00,4942.2,4962.5,4916.6,4937.3,52781
2016-12-15 00:00:00,4934.6,4966.9,4923.6,4944.0,60774
2016-12-16 00:00:00,4940.1,4956.9,4909.8,4919.5,39090
2016-12-19 00:00:00,4919.4,4972.2,4918.6,4946.8,27408
2016-12-20 00:00:00,4943.4,4969.2,4942.4,4962.7,23598
2016-12-21 00:00:00,4958.6,4966.1,4945.5,4951.9,18646
2016-12-22 00:00:00,4952.4,4958.9,4923.2,4939.8,22080
2016-12-23 00:00:00,4937.7,4949.6,4929.0,4946.1,16404
2016-12-27 00:00:00,4944.0,5000.7,4943.8,4966.7,15548
2016-12-28 00:00:00,4964.3,4985.4,4924.9,4929.2,27241
2016-12-29 00:00:00,4928.2,4939.7,4907.7,4926.3,28997
2016-12-30 00:00:00,4923.8,4946.1,4856.3,4870.5,37719
2017-01-03 00:00:00,4886.3,4933.4,4884.5,4912.5,42249
2017-01-04 00:00:00,4910.0,4947.5,4908.0,4938.5,30816
2017-01-05 00:00:00,4936.5,4969.0,4925.6,4968.0,34305
2017-01-06 00:00:00,4964.9,5022.4,4957.7,5010.3,33233
2017-01-09 00:00:00,5006.8,5034.9,5005.8,5026.0,26235
2017-01-10 00:00:00,5026.1,5052.1,5012.9,5038.5,29641
2017-01-11 00:00:00,5035.6,5053.5,5013.1,5052.9,45243
2017-01-12 00:00:00,5047.3,5049.6,4995.8,5043.1,40429
2017-01-13 00:00:00,5040.3,5068.6,5040.0,5067.3,30695
2017-01-16 00:00:00,5059.4,5062.3,5049.7,5055.4,8657
2017-01-17 00:00:00,5054.1,5059.1,5030.9,5046.4,35853
2017-01-18 00:00:00,5043.3,5063.2,5040.1,5060.3,30124
2017-01-19 00:00:00,5057.4,5080.9,5042.6,5061.4,30602
2017-01-20 00:00:00,5058.3,5088.2,5051.1,5067.1,39203
2017-01-23 00:00:00,5062.6,5076.2,5036.9,5070.9,34590
2017-01-24 00:00:00,5067.4,5110.2,5066.7,5107.2,25387
2017-01-25 00:00:00,5106.4,5156.2,5105.6,5156.2,24387
2017-01-26 00:00:00,5152.9,5174.9,5147.7,5152.7,29623
2017-01-27 00:00:00,5148.2,5173.5,5145.5,5170.3,26130
2017-01-30 00:00:00,5148.4,5160.6,5100.9,5131.1,30093
2017-01-31 00:00:00,5127.6,5140.3,5089.8,5139.2,33301
2017-02-01 00:00:00,5136.8,5164.3,5129.3,5156.1,39855
2017-02-02 00:00:00,5151.3,5164.3,5126.3,5136.9,37586
2017-02-03 00:00:00,5131.1,5167.9,5125.4,5161.4,32237
2017-02-06 00:00:00,5162.1,5168.9,5145.9,5164.4,28883
2017-02-07 00:00:00,5160.6,5197.7,5159.9,5181.2,24120
2017-02-08 00:00:00,5178.1,5202.2,5169.2,5195.8,25502
2017-02-09 00:00:00,5192.3,5222.1,5189.3,5214.6,24235
2017-02-10 00:00:00,5213.0,5235.3,5212.5,5230.6,26212
2017-02-13 00:00:00,5228.3,5263.6,5227.0,5262.7,20069
2017-02-14 00:00:00,5257.2,5277.7,5239.7,5274.2,24870
2017-02-15 00:00:00,5271.7,5313.2,5265.2,5312.6,24469
2017-02-16 00:00:00,5310.2,5316.8,5288.6,5300.9,28687
2017-02-17 00:00:00,5296.8,5326.9,5286.9,5326.9,25315
2017-02-20 00:00:00,5321.5,5345.6,5320.6,5340.6,9470
2017-02-21 00:00:00,5335.9,5353.7,5331.9,5344.2,19072
2017-02-22 00:00:00,5343.0,5355.5,5336.5,5353.5,20480
2017-02-23 00:00:00,5350.6,5361.3,5311.1,5331.4,24177
2017-02-24 00:00:00,5327.6,5344.6,5299.4,5342.5,26832
2017-02-27 00:00:00,5340.0,5352.2,5323.6,5343.6,28966
2017-02-28 00:00:00,5343.0,5349.6,5317.1,5335.6,24607
2017-03-01 00:00:00,5332.3,5399.1,5330.8,5384.6,31519
2017-03-02 00:00:00,5381.3,5392.9,5355.4,5360.9,28542
2017-03-03 00:00:00,5355.1,5372.6,5343.6,5371.6,29188
2017-03-06 00:00:00,5368.3,5368.3,5338.4,5352.1,22060
2017-03-07 00:00:00,5352.3,5373.4,5341.5,5350.8,20264
2017-03-08 00:00:00,5345.4,5376.9,5333.7,5363.0,27142
2017-03-09 00:00:00,5359.1,5372.0,5335.5,5370.2,28595
2017-03-10 00:00:00,5365.2,5395.2,5363.2,5383.2,28290
2017-03-13 00:00:00,5383.0,5396.3,5372.4,5396.3,19808
2017-03-14 00:00:00,5395.5,5396.9,5360.3,5382.0,20074
2017-03-15 00:00:00,5382.3,5428.3,5376.8,5414.1,25017
2017-03-16 00:00:00,5414.7,5436.6,5399.3,5413.8,23310
2017-03-17 00:00:00,5411.7,5422.7,5402.0,5404.7,18375
2017-03-20 00:00:00,5402.0,5425.4,5393.5,5414.5,17168
2017-03-21 00:00:00,5411.2,5438.7,5328.1,5333.3,46193
2017-03-22 00:00:00,5330.8,5374.1,5313.9,5363.4,43289
2017-03-23 00:00:00,5361.6,5376.5,5345.6,5354.6,41485
2017-03-24 00:00:00,5353.8,5393.4,5346.0,5372.0,38195
2017-03-27 00:00:00,5356.2,5384.5,5316.3,5381.5,49363
2017-03-28 00:00:00,5379.9,5423.3,5362.5,5407.0,34075
2017-03-29 00:00:00,5404.3,5436.0,5403.5,5435.0,26355
2017-03-30 00:00:00,5432.5,5449.4,5425.5,5439.3,24983
2017-03-31 00:00:00,5437.7,5451.8,5420.0,5436.8,23324
2017-04-03 00:00:00,5428.6,5453.5,5402.2,5430.6,33339
2017-04-04 00:00:00,5429.2,5446.7,5405.7,5446.5,27596
2017-04-05 00:00:00,5443.9,5480.2,5408.0,5411.6,35883
2017-04-06 00:00:00,5410.8,5436.1,5390.6,5424.3,43266
2017-04-07 00:00:00,5423.0,5435.0,5381.7,5420.3,46526
2017-04-10 00:00:00,5416.6,5443.1,5405.3,5425.8,30810
2017-04-11 00:00:00,5424.6,5428.9,5357.9,5403.8,52249
2017-04-12 00:00:00,5400.6,5412.6,5367.0,5369.6,45602
2017-04-13 00:00:00,5369.3,5399.1,5348.4,5357.1,42151
2017-04-17 00:00:00,5351.3,5399.1,5347.7,5397.1,23390
2017-04-18 00:00:00,5395.5,5405.1,5376.0,5391.4,37792
2017-04-19 00:00:00,5390.0,5431.0,5389.1,5395.0,28247
2017-04-20 00:00:00,5395.3,5455.1,5393.3,5444.3,30929
2017-04-21 00:00:00,5442.8,5455.1,5428.4,5439.7,29724
2017-04-24 00:00:00,5469.6,5513.7,5469.6,5504.4,32931
2017-04-25 00:00:00,5500.7,5559.1,5500.0,5549.7,21643
2017-04-26 00:00:00,5546.4,5565.3,5538.3,5538.6,33634
2017-04-27 00:00:00,5535.8,5601.4,5535.0,5589.8,28745
2017-04-28 00:00:00,5585.1,5600.2,5574.6,5583.1,28375
2017-05-01 00:00:00,5582.6,5640.7,5577.2,5635.3,19431
2017-05-02 00:00:00,5630.4,5645.1,5626.1,5627.2,21898
2017-05-03 00:00:00,5618.7,5634.1,5609.6,5612.4,23995
2017-05-04 00:00:00,5609.3,5637.4,5607.1,5631.1,32801
2017-05-05 00:00:00,5627.6,5652.8,5615.6,5652.6,27222
2017-05-08 00:00:00,5657.1,5659.4,5635.4,5656.2,28744
2017-05-09 00:00:00,5653.2,5688.5,5651.6,5681.7,23773
2017-05-10 00:00:00,5676.8,5680.6,5659.1,5676.3,25494
2017-05-11 00:00:00,5670.1,5673.9,5635.0,5669.3,27048
2017-05-12 00:00:00,5667.5,5688.2,5655.3,5686.7,23513
2017-05-15 00:00:00,5683.0,5705.6,5681.5,5704.0,20266
2017-05-16 00:00:00,5699.2,5724.4,5693.1,5721.2,21595
2017-05-17 00:00:00,5717.5,5719.1,5571.7,5572.2,57127
2017-05-18 00:00:00,5571.1,5646.4,5548.7,5631.4,67819
2017-05-19 00:00:00,5628.1,5674.9,5620.4,5652.4,35861
2017-05-22 00:00:00,5650.1,5703.0,5647.6,5702.5,29891
2017-05-23 00:00:00,5700.1,5717.1,5687.3,5709.1,32220
2017-05-24 00:00:00,5706.1,5733.2,5703.9,5731.9,27703
2017-05-25 00:00:00,5728.9,5794.4,5728.9,5782.9,31381
2017-05-26 00:00:00,5778.0,5793.1,5771.1,5791.8,25331
2017-05-29 00:00:00,5790.1,5801.2,5790.1,5793.6,5607
2017-05-30 00:00:00,5792.0,5801.0,5776.8,5792.4,24708
2017-05-31 00:00:00,5788.2,5817.3,5762.0,5802.6,35880
2017-06-01 00:00:00,5799.8,5822.9,5779.6,5822.4,31970
2017-06-02 00:00:00,5820.8,5886.4,5819.8,5884.8,33646
2017-06-05 00:00:00,5877.3,5891.0,5872.7,5881.5,22792
2017-06-06 00:00:00,5878.8,5893.6,5849.7,5863.6,30193
2017-06-07 00:00:00,5860.4,5886.4,5847.8,5881.4,33867
2017-06-08 00:00:00,5877.8,5899.9,5856.4,5894.8,35445
2017-06-09 00:00:00,5874.6,5903.4,5665.1,5740.8,66457
2017-06-12 00:00:00,5743.8,5746.5,5639.8,5719.4,79232
2017-06-13 00:00:00,5715.3,5765.1,5712.0,5758.6,43819
2017-06-14 00:00:00,5755.7,5784.4,5684.0,5726.4,60190
2017-06-15 00:00:00,5723.8,5728.8,5638.2,5707.6,62069
2017-06-16 00:00:00,5703.1,5724.0,5657.9,5684.6,51067
2017-06-19 00:00:00,5688.3,5779.4,5680.1,5766.6,39231
2017-06-20 00:00:00,5762.9,5780.7,5725.1,5728.7,44067
2017-06-21 00:00:00,5723.0,5793.8,5696.0,5793.1,56041
2017-06-22 00:00:00,5788.0,5810.6,5768.0,5782.6,42701
2017-06-23 00:00:00,5781.3,5812.6,5760.6,5806.3,36416
2017-06-26 00:00:00,5801.3,5850.3,5766.7,5777.3,48903
2017-06-27 00:00:00,5776.1,5782.4,5667.8,5672.0,60467
2017-06-28 00:00:00,5670.5,5766.2,5630.9,5765.8,57509
2017-06-29 00:00:00,5762.1,5773.8,5600.0,5649.0,81459
2017-06-30 00:00:00,5645.5,5685.4,5622.4,5654.9,54900
2017-07-03 00:00:00,5657.5,5689.6,5580.5,5588.1,40013
2017-07-04 00:00:00,5588.1,5618.0,5560.4,5580.4,20998
2017-07-05 00:00:00,5568.6,5665.8,5566.0,5650.6,58676
2017-07-06 00:00:00,5647.6,5650.1,5579.1,5595.9,62675
2017-07-07 00:00:00,5596.7,5675.7,5590.8,5655.8,42879
2017-07-10 00:00:00,5659.7,5711.2,5650.0,5693.1,38980
2017-07-11 00:00:00,5690.0,5722.2,5667.4,5720.3,44347
2017-07-12 00:00:00,5716.9,5789.6,5712.7,5788.6,42276
2017-07-13 00:00:00,5785.6,5811.6,5778.0,5799.2,39758
2017-07-14 00:00:00,5797.2,5848.0,5788.3,5846.9,38298
2017-07-17 00:00:00,5846.2,5864.0,5832.0,5859.6,39861
2017-07-18 00:00:00,5859.5,5899.3,5820.9,5898.2,45466
2017-07-19 00:00:00,5898.1,5925.6,5889.9,5920.4,38875
2017-07-20 00:00:00,5920.5,5939.3,5898.1,5932.2,43734
2017-07-21 00:00:00,5932.1,5932.2,5892.3,5921.3,45006
2017-07-24 00:00:00,5920.0,5956.3,5906.8,5928.4,35506
2017-07-25 00:00:00,5924.0,5948.5,5918.1,5935.3,40705
2017-07-26 00:00:00,5935.2,5959.7,5929.6,5956.7,33744
2017-07-27 00:00:00,5956.5,5997.9,5847.6,5907.5,67813
2017-07-28 00:00:00,5907.3,5920.5,5852.8,5916.4,62852
2017-07-31 00:00:00,5916.0,5935.9,5873.0,5886.4,45896
2017-08-01 00:00:00,5886.2,5934.2,5878.5,5933.4,44974
2017-08-02 00:00:00,5933.2,5951.0,5860.2,5918.2,59159
2017-08-03 00:00:00,5918.0,5926.9,5880.4,5892.0,49797
2017-08-04 00:00:00,5891.9,5915.2,5877.7,5901.7,49436
2017-08-07 00:00:00,5901.5,5941.6,5899.8,5940.8,27624
2017-08-08 00:00:00,5940.7,5976.2,5911.4,5918.6,40394
2017-08-09 00:00:00,5918.3,5927.9,5865.4,5927.0,68051
2017-08-10 00:00:00,5927.1,5927.1,5768.6,5773.6,80730
2017-08-11 00:00:00,5773.9,5846.8,5762.3,5838.9,74450
2017-08-14 00:00:00,5838.7,5918.6,5838.7,5916.8,43200
2017-08-15 00:00:00,5916.6,5943.0,5894.4,5912.5,42946
2017-08-16 00:00:00,5912.2,5948.3,5901.0,5918.6,46265
2017-08-17 00:00:00,5918.5,5922.6,5785.5,5790.7,72389
2017-08-18 00:00:00,5790.6,5834.0,5771.6,5796.6,67958
2017-08-21 00:00:00,5809.2,5816.2,5752.4,5796.3,63379
2017-08-22 00:00:00,5795.8,5881.7,5791.4,5879.7,37859
2017-08-23 00:00:00,5879.5,5883.5,5841.2,5842.8,47957
2017-08-24 00:00:00,5842.9,5874.1,5803.5,5846.0,59697
2017-08-25 00:00:00,5845.9,5874.4,5817.5,5825.1,58784
2017-08-28 00:00:00,5806.0,5856.1,5801.8,5846.8,48757
2017-08-29 00:00:00,5811.0,5875.1,5777.2,5870.5,74733
2017-08-30 00:00:00,5866.6,5943.5,5863.0,5935.1,36485
2017-08-31 00:00:00,5930.8,5997.1,5930.5,5995.3,46766
2017-09-01 00:00:00,5991.7,6020.2,5973.8,5988.7,45552
2017-09-04 00:00:00,5961.7,5983.8,5948.3,5980.5,21308
2017-09-05 00:00:00,5974.7,5986.3,5891.5,5944.6,76085
2017-09-06 00:00:00,5940.7,5967.7,5911.3,5954.8,64897
2017-09-07 00:00:00,5946.1,5983.5,5934.1,5972.7,65096
2017-09-08 00:00:00,5969.5,5974.6,5910.6,5919.6,49174
2017-09-11 00:00:00,5946.1,5995.6,5941.8,5988.2,39911
2017-09-12 00:00:00,5983.3,6007.3,5970.9,6004.2,54049
2017-09-13 00:00:00,6001.3,6007.3,5979.1,6005.8,41260
2017-09-14 00:00:00,6001.6,6005.6,5965.2,5967.5,37411
2017-09-15 00:00:00,5967.7,6012.4,5946.3,5994.1,44824
2017-09-18 00:00:00,5993.4,6014.9,5964.4,5985.3,36497
2017-09-19 00:00:00,5985.4,6001.9,5972.3,5990.8,39632
2017-09-20 00:00:00,5990.8,5998.0,5928.3,5975.3,52117
2017-09-21 00:00:00,5974.9,5977.9,5917.0,5942.7,48656
2017-09-22 00:00:00,5942.4,5943.2,5909.2,5933.5,43883
2017-09-25 00:00:00,5926.7,5952.4,5840.6,5877.3,67337
2017-09-26 00:00:00,5877.2,5910.8,5861.2,5888.1,55208
2017-09-27 00:00:00,5887.8,5961.4,5885.3,5936.6,53106
2017-09-28 00:00:00,5936.4,5947.0,5910.3,5939.4,48134
2017-09-29 00:00:00,5939.3,5984.3,5932.3,5978.6,38624
2017-10-02 00:00:00,5979.0,6008.7,5957.4,5984.5,41854
2017-10-03 00:00:00,5984.7,6003.3,5977.4,5996.9,32824
2017-10-04 00:00:00,5997.0,6013.4,5977.7,6003.0,34439
2017-10-05 00:00:00,6002.9,6066.0,5998.9,6061.0,34045
2017-10-06 00:00:00,6061.1,6069.5,6035.9,6063.5,29864
2017-10-09 00:00:00,6058.5,6082.1,6053.4,6060.8,29700
2017-10-10 00:00:00,6060.9,6087.1,6038.3,6065.1,42576
2017-10-11 00:00:00,6065.3,6087.6,6053.0,6082.5,33303
2017-10-12 00:00:00,6082.5,6096.6,6066.2,6074.7,32542
2017-10-13 00:00:00,6074.7,6104.1,6068.7,6100.0,30897
2017-10-16 00:00:00,6099.6,6122.6,6099.4,6121.8,28454
2017-10-17 00:00:00,6122.0,6126.8,6106.6,6124.2,20991
2017-10-18 00:00:00,6124.0,6134.0,6109.5,6121.0,27548
2017-10-19 00:00:00,6121.0,6123.2,6053.0,6100.1,71045
2017-10-20 00:00:00,6100.2,6131.4,6092.4,6113.3,37855
2017-10-23 00:00:00,6109.3,6126.9,6063.4,6067.4,24374
2017-10-24 00:00:00,6064.1,6094.9,6059.7,6075.7,26353
2017-10-25 00:00:00,6073.8,6090.1,6014.1,6068.1,41840
2017-10-26 00:00:00,6064.5,6099.1,6038.1,6092.3,38066
2017-10-27 00:00:00,6091.5,6228.5,6082.2,6220.0,38173
2017-10-30 00:00:00,6210.4,6254.5,6205.5,6224.0,36644
2017-10-31 00:00:00,6221.5,6261.5,6220.5,6254.3,21698
2017-11-01 00:00:00,6250.4,6287.7,6227.0,6239.2,35011
2017-11-02 00:00:00,6229.1,6266.1,6196.2,6263.4,44346
2017-11-03 00:00:00,6251.4,6300.5,6240.0,6292.1,29252
2017-11-06 00:00:00,6284.3,6320.1,6270.9,6317.9,27511
2017-11-07 00:00:00,6310.6,6334.2,6299.2,6318.6,31409
2017-11-08 00:00:00,6311.5,6348.8,6304.6,6346.3,26085
2017-11-09 00:00:00,6340.7,6354.4,6248.3,6314.8,56644
2017-11-10 00:00:00,6309.5,6320.9,6281.6,6312.3,36171
2017-11-13 00:00:00,6311.3,6324.3,6280.4,6313.8,34911
2017-11-14 00:00:00,6310.1,6317.2,6262.4,6293.9,41713
2017-11-15 00:00:00,6290.5,6290.5,6227.4,6247.8,54591
2017-11-16 00:00:00,6258.9,6353.3,6254.5,6340.5,34931
2017-11-17 00:00:00,6337.3,6346.2,6308.4,6316.1,39928
2017-11-20 00:00:00,6309.6,6325.1,6287.2,6308.5,36761
2017-11-21 00:00:00,6310.8,6379.7,6306.3,6374.4,29643
2017-11-22 00:00:00,6373.4,6390.7,6369.9,6385.5,24913
2017-11-23 00:00:00,6382.9,6393.3,6371.3,6380.8,10914
2017-11-24 00:00:00,6379.9,6412.0,6375.5,6410.2,19355
2017-11-27 00:00:00,6410.4,6420.8,6391.6,6408.6,30518
2017-11-28 00:00:00,6406.9,6424.9,6384.4,6418.4,35509
2017-11-29 00:00:00,6417.1,6423.2,6277.5,6311.7,71839
2017-11-30 00:00:00,6301.7,6372.9,6283.0,6368.9,63244
2017-12-01 00:00:00,6350.9,6365.3,6242.8,6338.4,93924
2017-12-04 00:00:00,6387.8,6387.8,6255.0,6267.0,81302
2017-12-05 00:00:00,6258.1,6337.1,6228.8,6268.4,74146
2017-12-06 00:00:00,6268.2,6303.7,6229.9,6292.7,73205
2017-12-07 00:00:00,6294.0,6333.7,6286.0,6316.6,56537
2017-12-08 00:00:00,6322.4,6377.4,6318.8,6340.6,35228
2017-12-11 00:00:00,6347.1,6395.2,6338.1,6391.6,41572
2017-12-12 00:00:00,6403.1,6406.8,6371.2,6381.4,49603
2017-12-13 00:00:00,6380.3,6417.6,6362.9,6392.7,46007
2017-12-14 00:00:00,6397.2,6423.1,6383.6,6392.6,46587
2017-12-15 00:00:00,6387.5,6473.8,6380.2,6462.7,38568
2017-12-18 00:00:00,6482.3,6522.8,6482.0,6514.9,37445
2017-12-19 00:00:00,6515.5,6525.9,6460.4,6479.2,38002
2017-12-20 00:00:00,6484.7,6509.3,6446.0,6473.0,38014
2017-12-21 00:00:00,6469.3,6504.0,6458.8,6475.8,36968
2017-12-22 00:00:00,6474.5,6484.8,6451.4,6467.4,29004
2017-12-26 00:00:00,6467.9,6470.0,6409.3,6435.2,24618
2017-12-27 00:00:00,6436.3,6449.1,6420.1,6426.3,29157
2017-12-28 00:00:00,6431.6,6455.6,6425.8,6439.2,18807
2017-12-29 00:00:00,6435.6,6456.8,6399.0,6400.5,26304
2018-01-02 00:00:00,6392.8,6511.6,6388.3,6508.9,34158
2018-01-03 00:00:00,6501.0,6581.2,6500.0,6573.6,29216
2018-01-04 00:00:00,6573.3,6605.9,6568.9,6585.4,37141
2018-01-05 00:00:00,6595.5,6656.4,6588.0,6653.1,30313
2018-01-08 00:00:00,6657.7,6679.3,6643.6,6676.5,30020
2018-01-09 00:00:00,6678.2,6697.1,6656.8,6678.9,34110
2018-01-10 00:00:00,6668.5,6676.5,6617.7,6661.9,48482
2018-01-11 00:00:00,6663.4,6706.6,6653.6,6706.6,33876
2018-01-12 00:00:00,6713.4,6764.6,6694.9,6761.4,37183
2018-01-15 00:00:00,6774.5,6790.0,6764.1,6772.4,17540
2018-01-16 00:00:00,6772.9,6836.7,6719.4,6740.4,64628
2018-01-17 00:00:00,6754.3,6819.8,6734.8,6807.1,59529
2018-01-18 00:00:00,6804.9,6826.4,6783.7,6810.9,58919
2018-01-19 00:00:00,6805.6,6844.8,6789.8,6830.7,52053
2018-01-22 00:00:00,6821.7,6904.1,6813.2,6902.6,39627
2018-01-23 00:00:00,6919.5,6968.9,6908.9,6965.4,52942
2018-01-24 00:00:00,6943.4,6992.2,6876.8,6919.4,78941
2018-01-25 00:00:00,6918.9,6975.4,6893.2,6916.9,74554
2018-01-26 00:00:00,6930.2,7018.2,6925.5,7017.4,51973
2018-01-29 00:00:00,7022.4,7038.8,6972.5,6993.0,67837
2018-01-30 00:00:00,6987.2,6997.9,6893.1,6935.2,96737
2018-01-31 00:00:00,6930.5,6981.4,6914.4,6947.8,79521
2018-02-01 00:00:00,6971.2,6979.3,6876.8,6904.5,82570
2018-02-02 00:00:00,6947.6,6955.4,6763.7,6765.1,116787
2018-02-05 00:00:00,6749.9,6808.0,6493.8,6524.3,138429
2018-02-06 00:00:00,6466.6,6674.7,6254.1,6645.6,190037
2018-02-07 00:00:00,6648.7,6716.9,6563.3,6591.6,137694
2018-02-08 00:00:00,6548.5,6617.3,6325.1,6326.8,123326
2018-02-09 00:00:00,6326.9,6453.9,6163.3,6430.8,149132
2018-02-12 00:00:00,6436.9,6564.4,6413.1,6518.7,100389
2018-02-13 00:00:00,6526.4,6568.5,6467.7,6557.1,105458
2018-02-14 00:00:00,6552.6,6686.4,6449.5,6676.1,107229
2018-02-15 00:00:00,6675.5,6791.1,6664.6,6789.0,101728
2018-02-16 00:00:00,6812.6,6853.8,6756.1,6785.5,95086
2018-02-19 00:00:00,6784.1,6813.7,6753.3,6776.8,24993
2018-02-20 00:00:00,6783.0,6838.9,6718.0,6782.2,97134
2018-02-21 00:00:00,6784.0,6880.2,6761.2,6762.0,96902
2018-02-22 00:00:00,6747.1,6826.5,6689.8,6764.0,101775
2018-02-23 00:00:00,6788.0,6893.6,6778.0,6888.0,77015
2018-02-26 00:00:00,6920.4,6988.1,6886.3,6980.3,75867
2018-02-27 00:00:00,6998.1,7003.5,6897.8,6906.1,112071
2018-02-28 00:00:00,6903.6,6965.4,6853.0,6855.9,115845
2018-03-01 00:00:00,6854.3,6894.3,6685.5,6748.8,156661
2018-03-02 00:00:00,6746.8,6820.1,6642.9,6808.8,161851
2018-03-05 00:00:00,6792.6,6902.3,6740.0,6882.6,127170
2018-03-06 00:00:00,6882.3,6937.3,6870.1,6912.1,118843
2018-03-07 00:00:00,6912.4,6934.1,6796.4,6927.8,133598
2018-03-08 00:00:00,6926.8,6974.5,6910.3,6965.4,97613
2018-03-09 00:00:00,6965.4,7100.4,6961.0,7099.5,65899
2018-03-12 00:00:00,7115.5,7156.1,7106.7,7132.5,74911
2018-03-13 00:00:00,7132.4,7186.2,7022.5,7043.0,89561
2018-03-14 00:00:00,7021.9,7092.2,7010.5,7031.1,121152
2018-03-15 00:00:00,7034.3,7075.5,7000.3,7050.3,94156
2018-03-16 00:00:00,7049.9,7061.8,7010.7,7021.1,79100
2018-03-19 00:00:00,7018.8,7020.1,6803.3,6896.4,126424
2018-03-20 00:00:00,6891.8,6909.5,6844.4,6898.2,104357
2018-03-21 00:00:00,6895.4,6931.8,6825.1,6863.1,100351
2018-03-22 00:00:00,6865.1,6896.3,6670.5,6679.0,157701
2018-03-23 00:00:00,6672.4,6706.4,6507.1,6529.7,177485
2018-03-26 00:00:00,6530.8,6764.3,6513.4,6762.0,150445
2018-03-27 00:00:00,6760.7,6834.5,6472.0,6530.5,157505
2018-03-28 00:00:00,6529.7,6563.0,6408.1,6475.6,178140
2018-03-29 00:00:00,6477.1,6642.5,6431.4,6558.7,145258
2018-04-02 00:00:00,6552.9,6576.8,6316.9,6402.0,125695
2018-04-03 00:00:00,6396.3,6487.4,6342.6,6462.5,134574
2018-04-04 00:00:00,6455.0,6580.3,6296.4,6570.2,148696
2018-04-05 00:00:00,6574.2,6644.5,6550.0,6597.0,122754
2018-04-06 00:00:00,6593.3,6598.5,6399.3,6443.4,146559
2018-04-09 00:00:00,6457.8,6610.0,6452.8,6484.9,110754
2018-04-10 00:00:00,6478.7,6644.2,6464.2,6617.3,109891
2018-04-11 00:00:00,6615.6,6655.9,6543.8,6587.5,91923
2018-04-12 00:00:00,6585.9,6687.0,6582.9,6670.0,65101
2018-04-13 00:00:00,6657.5,6706.3,6600.1,6634.8,93071
2018-04-16 00:00:00,6681.6,6714.6,6634.7,6701.5,85350
2018-04-17 00:00:00,6696.3,6839.9,6693.9,6821.7,74110
2018-04-18 00:00:00,6810.8,6862.6,6792.6,6842.4,75687
2018-04-19 00:00:00,6852.0,6862.3,6751.5,6774.6,92107
2018-04-20 00:00:00,6770.9,6786.7,6643.0,6671.9,93079
2018-04-23 00:00:00,6703.2,6725.7,6614.7,6659.5,93728
2018-04-24 00:00:00,6656.4,6715.7,6465.2,6524.7,123017
2018-04-25 00:00:00,6521.1,6574.2,6427.7,6569.6,127972
2018-04-26 00:00:00,6585.4,6746.7,6557.8,6741.5,96203
2018-04-27 00:00:00,6739.9,6770.4,6621.7,6669.2,99214
2018-04-30 00:00:00,6662.2,6717.7,6595.7,6603.6,71390
2018-05-01 00:00:00,6605.4,6739.4,6578.7,6715.5,70572
2018-05-02 00:00:00,6710.2,6728.5,6624.2,6627.6,69043
2018-05-03 00:00:00,6626.9,6669.1,6537.5,6666.4,102193
2018-05-04 00:00:00,6661.3,6786.8,6609.2,6777.7,78269
2018-05-07 00:00:00,6772.6,6850.2,6768.6,6817.5,70184
2018-05-08 00:00:00,6814.2,6836.6,6770.4,6821.8,96991
2018-05-09 00:00:00,6818.3,6899.9,6807.9,6896.4,58643
2018-05-10 00:00:00,6894.1,6970.0,6887.8,6951.9,68940
2018-05-11 00:00:00,6946.0,6975.6,6924.9,6956.6,57490
2018-05-14 00:00:00,6963.7,7010.8,6953.3,6965.1,46178
2018-05-15 00:00:00,6965.4,6974.0,6852.2,6888.5,69888
2018-05-16 00:00:00,6887.2,6947.6,6870.3,6929.1,51816
2018-05-17 00:00:00,6926.0,6955.6,6869.3,6899.9,57807
2018-05-18 00:00:00,6897.7,6930.1,6856.8,6869.0,74010
2018-05-21 00:00:00,6918.4,6952.0,6877.0,6910.6,56591
2018-05-22 00:00:00,6906.3,6950.4,6886.0,6903.7,58942
2018-05-23 00:00:00,6898.5,6957.8,6826.0,6953.0,89595
2018-05-24 00:00:00,6950.8,6970.2,6881.8,6952.2,83036
2018-05-25 00:00:00,6950.2,6999.7,6939.5,6959.0,71737
2018-05-28 00:00:00,6985.9,7005.3,6968.2,6990.9,26436
2018-05-29 00:00:00,6983.3,6992.6,6888.8,6945.7,117240
2018-05-30 00:00:00,6942.2,6992.3,6916.6,6981.2,82945
2018-05-31 00:00:00,6974.3,7021.9,6957.2,6978.4,69038
2018-06-01 00:00:00,6977.3,7089.3,6974.0,7083.8,66434
2018-06-04 00:00:00,7073.1,7151.4,7068.9,7149.0,61765
2018-06-05 00:00:00,7146.8,7187.5,7137.6,7185.0,59566
2018-06-06 00:00:00,7180.0,7222.9,7142.7,7219.1,60236
2018-06-07 00:00:00,7213.5,7234.1,7116.8,7162.2,79296
2018-06-08 00:00:00,7156.8,7163.2,7078.3,7148.3,58432
2018-06-11 00:00:00,7127.7,7190.7,7124.2,7166.8,51721
2018-06-12 00:00:00,7165.6,7220.6,7158.1,7220.6,56349
2018-06-13 00:00:00,7216.9,7267.3,7196.5,7210.4,58787
2018-06-14 00:00:00,7204.4,7297.6,7182.0,7288.5,67416
2018-06-15 00:00:00,7279.3,7295.0,7221.9,7256.1,77359
2018-06-18 00:00:00,7250.2,7267.3,7186.7,7252.6,60027
2018-06-19 00:00:00,7250.3,7256.2,7136.1,7233.6,102667
2018-06-20 00:00:00,7229.7,7314.0,7204.8,7292.1,81327
2018-06-21 00:00:00,7291.9,7335.5,7204.5,7206.6,103779
2018-06-22 00:00:00,7202.3,7252.4,7177.3,7197.2,79812
2018-06-25 00:00:00,7197.2,7202.6,6976.0,7048.4,116168
2018-06-26 00:00:00,7046.4,7111.0,7021.1,7071.1,107716
2018-06-27 00:00:00,7076.1,7132.6,6969.6,6979.3,134087
2018-06-28 00:00:00,6978.0,7057.6,6937.9,7040.2,127123
2018-06-29 00:00:00,7036.4,7104.7,7027.3,7049.9,102493
2018-07-02 00:00:00,7054.6,7101.6,6969.9,7099.6,104861
2018-07-03 00:00:00,7092.0,7147.5,7005.2,7005.7,79354
2018-07-04 00:00:00,7000.4,7035.7,6995.6,7025.7,29494
2018-07-05 00:00:00,7022.7,7109.5,6999.4,7107.5,96373
2018-07-06 00:00:00,7098.4,7220.2,7083.9,7212.6,92402
2018-07-09 00:00:00,7213.1,7286.4,7212.9,7285.7,68712
2018-07-10 00:00:00,7280.3,7318.4,7243.3,7255.0,70034
2018-07-11 00:00:00,7240.9,7273.5,7188.6,7240.8,103052
2018-07-12 00:00:00,7235.9,7370.7,7233.3,7367.3,78820
2018-07-13 00:00:00,7362.3,7398.1,7351.6,7380.1,71597
2018-07-16 00:00:00,7387.1,7398.4,7301.2,7305.6,73121
2018-07-17 00:00:00,7302.3,7420.2,7278.1,7408.4,80784
2018-07-18 00:00:00,7405.2,7422.0,7365.6,7383.2,68820
2018-07-19 00:00:00,7380.0,7400.4,7338.3,7352.0,81988
2018-07-20 00:00:00,7360.3,7397.8,7335.2,7349.6,87410
2018-07-23 00:00:00,7354.0,7417.3,7296.6,7406.8,70921
2018-07-24 00:00:00,7398.0,7474.6,7372.1,7394.9,87521
2018-07-25 00:00:00,7399.0,7516.8,7382.4,7469.9,79844
2018-07-26 00:00:00,7379.4,7433.3,7348.1,7411.6,92773
2018-07-27 00:00:00,7414.9,7455.0,7252.0,7289.9,102192
2018-07-30 00:00:00,7280.6,7298.6,7156.8,7196.8,105873
2018-07-31 00:00:00,7196.5,7285.5,7179.3,7284.0,95665
2018-08-01 00:00:00,7278.8,7294.3,7231.6,7276.0,99197
2018-08-02 00:00:00,7273.7,7385.0,7205.1,7383.5,96995
2018-08-03 00:00:00,7377.9,7405.3,7352.7,7394.7,83129
2018-08-06 00:00:00,7395.1,7440.0,7378.2,7435.3,66145
2018-08-07 00:00:00,7431.3,7477.1,7428.5,7470.0,61974
2018-08-08 00:00:00,7467.2,7486.2,7433.2,7453.4,63828
2018-08-09 00:00:00,7452.8,7496.5,7448.7,7462.0,59027
2018-08-10 00:00:00,7458.7,7460.9,7379.9,7419.4,89997
2018-08-13 00:00:00,7411.6,7468.9,7369.4,7407.4,99667
2018-08-14 00:00:00,7409.5,7455.0,7387.5,7451.7,81210
2018-08-15 00:00:00,7448.8,7453.6,7307.7,7370.6,103207
2018-08-16 00:00:00,7366.3,7423.3,7352.6,7371.5,81938
2018-08-17 00:00:00,7370.7,7394.9,7311.0,7380.2,91564
2018-08-20 00:00:00,7380.1,7410.6,7341.6,7372.4,68214
2018-08-21 00:00:00,7365.8,7442.4,7359.1,7369.7,58853
2018-08-22 00:00:00,7357.8,7434.6,7342.1,7423.2,68773
2018-08-23 00:00:00,7423.3,7465.1,7401.6,7414.2,66628
2018-08-24 00:00:00,7415.9,7490.0,7411.0,7488.9,55698
2018-08-27 00:00:00,7490.9,7560.7,7490.4,7559.1,49540
2018-08-28 00:00:00,7560.0,7589.4,7556.6,7574.1,51327
2018-08-29 00:00:00,7569.8,7666.4,7569.8,7663.7,49077
2018-08-30 00:00:00,7664.9,7689.4,7618.6,7636.4,73861
2018-08-31 00:00:00,7631.4,7674.9,7626.4,7664.2,67840
2018-09-03 00:00:00,7663.0,7680.5,7652.8,7675.2,25164
2018-09-04 00:00:00,7674.2,7687.1,7581.3,7638.4,94657
2018-09-05 00:00:00,7636.0,7638.2,7498.5,7531.7,104218
2018-09-06 00:00:00,7527.7,7539.1,7404.0,7449.6,110401
2018-09-07 00:00:00,7448.9,7489.5,7389.1,7425.6,124597
2018-09-10 00:00:00,7428.7,7480.3,7411.0,7457.5,87115
2018-09-11 00:00:00,7456.5,7520.8,7401.6,7511.0,89941
2018-09-12 00:00:00,7510.9,7538.2,7422.6,7480.2,113068
2018-09-13 00:00:00,7478.1,7579.0,7467.0,7562.4,88069
2018-09-14 00:00:00,7559.8,7595.9,7517.4,7540.0,55333
2018-09-17 00:00:00,7532.5,7547.0,7430.0,7435.7,82287
2018-09-18 00:00:00,7433.6,7536.1,7395.2,7500.8,82632
2018-09-19 00:00:00,7499.1,7518.1,7443.2,7500.5,68525
2018-09-20 00:00:00,7501.5,7589.6,7486.7,7587.1,63996
2018-09-21 00:00:00,7576.1,7610.4,7521.1,7522.3,71439
2018-09-24 00:00:00,7508.2,7568.8,7449.3,7567.3,80084
2018-09-25 00:00:00,7565.8,7579.1,7526.6,7574.0,64710
2018-09-26 00:00:00,7572.5,7643.6,7553.3,7565.7,71199
2018-09-27 00:00:00,7565.7,7662.2,7561.9,7640.0,67838
2018-09-28 00:00:00,7638.7,7652.5,7593.5,7641.8,84469
2018-10-01 00:00:00,7648.3,7706.3,7630.0,7650.5,77146
2018-10-02 00:00:00,7649.8,7690.3,7608.0,7634.8,93029
2018-10-03 00:00:00,7632.0,7681.7,7619.9,7627.0,83645
2018-10-04 00:00:00,7627.4,7627.4,7434.4,7501.1,125398
2018-10-05 00:00:00,7497.9,7518.2,7325.7,7413.1,136284
2018-10-08 00:00:00,7426.1,7432.7,7266.9,7372.2,141291
2018-10-09 00:00:00,7371.2,7436.3,7318.0,7376.2,125460
2018-10-10 00:00:00,7375.2,7393.4,6981.3,6985.4,168364
2018-10-11 00:00:00,6991.4,7121.7,6891.3,7035.5,207608
2018-10-12 00:00:00,7026.8,7182.2,7019.0,7164.9,172632
2018-10-15 00:00:00,7162.3,7163.2,7044.1,7057.8,143879
2018-10-16 00:00:00,7053.3,7344.2,7046.3,7327.1,129785
2018-10-17 00:00:00,7329.2,7354.8,7208.8,7301.6,148590
2018-10-18 00:00:00,7290.0,7293.3,7081.6,7141.9,155704
2018-10-19 00:00:00,7140.2,7231.6,7081.2,7092.7,155366
2018-10-22 00:00:00,7061.9,7199.2,7046.2,7147.3,161624
2018-10-23 00:00:00,7139.8,7153.0,6933.7,7126.9,190999
2018-10-24 00:00:00,7124.1,7163.5,6775.9,6864.1,196764
2018-10-25 00:00:00,6865.2,7066.1,6807.6,6878.3,195458
2018-10-26 00:00:00,6867.0,6977.0,6725.5,6863.0,240330
2018-10-29 00:00:00,6880.9,6983.7,6573.0,6714.1,202783
2018-10-30 00:00:00,6709.0,6841.2,6653.4,6832.9,204113
2018-10-31 00:00:00,6855.7,7030.7,6808.7,6949.3,187527
2018-11-01 00:00:00,6947.5,7072.0,6929.0,7012.6,160009
2018-11-02 00:00:00,6971.5,7135.4,6905.3,6970.3,188295
2018-11-05 00:00:00,6964.8,6992.8,6859.5,6943.1,135708
2018-11-06 00:00:00,6936.4,7027.5,6900.8,7009.7,136331
2018-11-07 00:00:00,7003.9,7218.3,6965.9,7213.7,161436
2018-11-08 00:00:00,7204.4,7220.1,7123.0,7143.8,136622
2018-11-09 00:00:00,7132.4,7156.9,6980.2,7023.0,150875
2018-11-12 00:00:00,7017.9,7095.7,6818.5,6833.4,167262
2018-11-13 00:00:00,6836.6,6954.7,6794.5,6851.1,181734
2018-11-14 00:00:00,6847.9,6919.1,6736.9,6771.9,179148
2018-11-15 00:00:00,6771.5,6910.3,6702.3,6873.8,181320
2018-11-16 00:00:00,6863.1,6901.6,6796.9,6886.9,162766
2018-11-19 00:00:00,6865.0,6926.1,6624.5,6666.3,166459
2018-11-20 00:00:00,6656.0,6662.4,6442.2,6517.7,192070
2018-11-21 00:00:00,6519.5,6640.7,6501.9,6570.6,148201
2018-11-22 00:00:00,6573.2,6591.1,6500.3,6514.8,52858
2018-11-23 00:00:00,6516.1,6595.1,6489.4,6524.8,92587
2018-11-26 00:00:00,6537.4,6692.1,6524.9,6636.7,126016
2018-11-27 00:00:00,6635.5,6718.7,6609.6,6715.7,142868
2018-11-28 00:00:00,6721.2,6919.5,6705.7,6912.9,135954
2018-11-29 00:00:00,6903.0,6940.1,6840.3,6903.1,132498
2018-11-30 00:00:00,6901.5,6963.9,6868.7,6958.6,114196
2018-12-03 00:00:00,7079.7,7137.0,7014.3,7055.7,137459
2018-12-04 00:00:00,7049.4,7053.3,6781.8,6799.9,166895
2018-12-05 00:00:00,6794.1,6860.9,6789.9,6845.4,38972
2018-12-06 00:00:00,6829.4,6850.7,6628.2,6839.9,202792
2018-12-07 00:00:00,6833.4,6853.7,6593.1,6626.4,189286
2018-12-10 00:00:00,6588.7,6714.2,6535.5,6694.4,188883
2018-12-11 00:00:00,6690.3,6809.1,6651.5,6682.5,144030
2018-12-12 00:00:00,6680.5,6872.1,6680.5,6760.9,141321
2018-12-13 00:00:00,6766.8,6837.4,6723.0,6746.5,130134
2018-12-14 00:00:00,6743.4,6760.5,6585.6,6587.9,100733
2018-12-17 00:00:00,6579.3,6634.1,6401.1,6471.6,112475
2018-12-18 00:00:00,6465.2,6554.9,6434.6,6441.9,123139
2018-12-19 00:00:00,6433.0,6576.5,6279.0,6325.1,133844
2018-12-20 00:00:00,6324.6,6382.9,6158.8,6300.8,179796
2018-12-21 00:00:00,6292.5,6316.6,6009.5,6053.1,159263
2018-12-24 00:00:00,6013.8,6104.7,5870.3,5871.5,112656
2018-12-27 00:00:00,6261.8,6314.9,6037.2,6293.0,167024
2018-12-28 00:00:00,6293.0,6385.6,6227.1,6278.0,154968
2018-12-31 00:00:00,6321.5,6360.0,6266.9,6335.9,95808
2019-01-02 00:00:00,6329.0,6392.8,6138.4,6250.6,156365
2019-01-03 00:00:00,6221.6,6288.0,6133.7,6154.9,163466
2019-01-04 00:00:00,6151.4,6447.6,6122.4,6416.6,159572
2019-01-07 00:00:00,6430.5,6522.4,6390.6,6490.7,140428
2019-01-08 00:00:00,6488.0,6573.3,6454.9,6541.6,142952
2019-01-09 00:00:00,6529.7,6631.3,6529.4,6588.9,139803
2019-01-10 00:00:00,6583.1,6628.4,6514.7,6614.8,141859
2019-01-11 00:00:00,6606.4,6619.6,6559.5,6602.3,114647
2019-01-14 00:00:00,6582.7,6585.4,6510.6,6537.2,104061
2019-01-15 00:00:00,6533.5,6676.5,6530.6,6667.7,124296
2019-01-16 00:00:00,6661.3,6725.1,6652.5,6659.2,113974
2019-01-17 00:00:00,6654.2,6748.5,6601.1,6719.9,118488
2019-01-18 00:00:00,6708.3,6816.5,6701.5,6789.6,121963
2019-01-21 00:00:00,6779.5,6783.2,6731.8,6752.0,45353
2019-01-22 00:00:00,6741.8,6768.8,6602.4,6646.3,130438
2019-01-23 00:00:00,6639.2,6710.2,6584.0,6663.3,123102
2019-01-24 00:00:00,6652.8,6710.4,6645.9,6677.5,131854
2019-01-25 00:00:00,6672.8,6802.9,6669.7,6788.4,114852
2019-01-28 00:00:00,6772.3,6784.6,6642.2,6692.4,120502
2019-01-29 00:00:00,6687.4,6715.4,6611.4,6676.2,115145
2019-01-30 00:00:00,6686.0,6839.3,6651.8,6834.6,123464
2019-01-31 00:00:00,6841.1,6936.7,6833.3,6926.3,122464
2019-02-01 00:00:00,6896.6,6921.2,6854.6,6873.8,116642
2019-02-04 00:00:00,6853.0,6974.8,6850.0,6937.0,57333
2019-02-05 00:00:00,6928.2,7029.5,6924.3,7009.5,55532
2019-02-06 00:00:00,7002.5,7033.1,6966.8,6984.8,58325
2019-02-07 00:00:00,6978.1,6989.1,6850.6,6898.6,87380
2019-02-08 00:00:00,6888.5,6918.3,6833.3,6917.3,82136
2019-02-11 00:00:00,6917.8,6962.1,6889.1,6904.4,66694
2019-02-12 00:00:00,6898.1,7020.5,6896.4,7013.5,75087
2019-02-13 00:00:00,7004.3,7062.1,7004.3,7013.5,84518
2019-02-14 00:00:00,7004.2,7048.7,6963.7,7011.7,115996
2019-02-15 00:00:00,7006.5,7086.5,6967.7,7059.3,106444
2019-02-18 00:00:00,7053.8,7075.7,7049.0,7073.8,39880
2019-02-19 00:00:00,7066.6,7088.1,7029.3,7061.3,69346
2019-02-20 00:00:00,7053.9,7095.6,7022.9,7062.6,102776
2019-02-21 00:00:00,7058.6,7104.5,6996.1,7028.9,111252
2019-02-22 00:00:00,7017.1,7093.1,7011.2,7090.0,88839
2019-02-25 00:00:00,7101.1,7161.5,7095.3,7113.6,91343
2019-02-26 00:00:00,7113.9,7144.7,7067.0,7104.8,98812
2019-02-27 00:00:00,7101.4,7125.5,7042.0,7118.0,85759
2019-02-28 00:00:00,7112.9,7122.5,7064.7,7103.2,92193
2019-03-01 00:00:00,7097.1,7157.2,7091.1,7152.5,85932
2019-03-04 00:00:00,7169.5,7205.3,7069.1,7137.7,126784
2019-03-05 00:00:00,7136.2,7176.0,7118.7,7154.2,105005
2019-03-06 00:00:00,7145.8,7165.0,7101.3,7105.5,109670
2019-03-07 00:00:00,7100.1,7117.4,6997.8,7021.0,118741
2019-03-08 00:00:00,7018.3,7027.3,6934.3,7024.8,101129
2019-03-11 00:00:00,7017.4,7173.4,6995.5,7169.9,93317
2019-03-12 00:00:00,7164.4,7219.1,7158.2,7208.7,102479
2019-03-13 00:00:00,7206.4,7293.6,7181.2,7269.1,98523
2019-03-14 00:00:00,7269.0,7287.6,7234.3,7239.7,98388
2019-03-15 00:00:00,7237.8,7329.6,7236.0,7314.4,56912
2019-03-18 00:00:00,7305.1,7349.6,7292.1,7332.7,75186
2019-03-19 00:00:00,7330.0,7391.5,7321.5,7348.9,86204
2019-03-20 00:00:00,7343.6,7426.8,7319.7,7370.1,102963
2019-03-21 00:00:00,7369.2,7510.9,7338.1,7500.5,105683
2019-03-22 00:00:00,7493.4,7514.9,7323.4,7331.7,144935
2019-03-25 00:00:00,7348.1,7362.4,7262.1,7333.8,154767
2019-03-26 00:00:00,7327.1,7419.8,7313.0,7355.8,123497
2019-03-27 00:00:00,7349.7,7377.4,7249.9,7298.5,140731
2019-03-28 00:00:00,7292.3,7345.8,7263.0,7327.5,128430
2019-03-29 00:00:00,7324.8,7388.1,7322.1,7387.0,104756
2019-04-01 00:00:00,7404.7,7481.3,7403.7,7472.7,102682
2019-04-02 00:00:00,7464.6,7507.0,7458.5,7491.5,83023
2019-04-03 00:00:00,7488.2,7590.5,7487.2,7555.5,97136
2019-04-04 00:00:00,7556.8,7571.0,7495.7,7536.5,95096
2019-04-05 00:00:00,7536.5,7585.5,7530.0,7583.6,78566
2019-04-08 00:00:00,7580.1,7603.6,7536.8,7600.6,78891
2019-04-09 00:00:00,7597.9,7608.9,7554.6,7566.9,77952
2019-04-10 00:00:00,7563.0,7622.1,7552.3,7620.7,76652
2019-04-11 00:00:00,7615.3,7637.2,7578.3,7595.6,78447
2019-04-12 00:00:00,7590.1,7642.0,7587.6,7629.3,73762
2019-04-15 00:00:00,7629.0,7638.1,7577.9,7629.0,60979
2019-04-16 00:00:00,7626.0,7674.2,7626.0,7656.2,70858
2019-04-17 00:00:00,7651.5,7714.1,7648.5,7666.9,82901
2019-04-18 00:00:00,7667.5,7703.7,7641.2,7696.8,86226
2019-04-22 00:00:00,7692.6,7728.9,7652.8,7723.6,62491
2019-04-23 00:00:00,7715.5,7827.0,7708.1,7817.0,73550
2019-04-24 00:00:00,7813.1,7836.8,7786.6,7824.5,80710
2019-04-25 00:00:00,7836.1,7864.1,7777.0,7779.7,88431
2019-04-26 00:00:00,7777.9,7830.7,7741.1,7828.4,93034
2019-04-29 00:00:00,7824.0,7854.5,7792.9,7794.0,66704
2019-04-30 00:00:00,7787.6,7844.1,7727.6,7838.8,83730
2019-05-01 00:00:00,7835.1,7855.1,7724.4,7726.4,87023
2019-05-02 00:00:00,7722.5,7793.4,7671.2,7725.5,110768
2019-05-03 00:00:00,7719.7,7860.5,7719.7,7859.4,76977
2019-05-06 00:00:00,7731.3,7805.8,7656.1,7790.0,145381
2019-05-07 00:00:00,7727.4,7792.3,7569.9,7657.9,160726
2019-05-08 00:00:00,7653.7,7686.6,7589.7,7629.4,142719
2019-05-09 00:00:00,7625.3,7633.7,7470.5,7582.8,162275
2019-05-10 00:00:00,7574.6,7640.9,7421.5,7597.1,187333
2019-05-13 00:00:00,7530.5,7537.2,7292.9,7301.0,171697
2019-05-14 00:00:00,7297.0,7448.0,7279.0,7414.0,132648
2019-05-15 00:00:00,7409.3,7524.5,7339.8,7513.2,127938
2019-05-16 00:00:00,7505.5,7627.9,7458.9,7590.2,128851
2019-05-17 00:00:00,7581.3,7607.0,7493.8,7498.8,153862
2019-05-20 00:00:00,7498.4,7547.8,7350.4,7394.3,157851
2019-05-21 00:00:00,7392.7,7474.2,7390.2,7452.2,115904
2019-05-22 00:00:00,7447.4,7464.4,7380.8,7416.6,111072
2019-05-23 00:00:00,7414.8,7424.3,7258.2,7304.5,150430
2019-05-24 00:00:00,7302.8,7370.1,7291.5,7304.6,111274
2019-05-27 00:00:00,7303.3,7329.3,7284.2,7305.9,42439
2019-05-28 00:00:00,7302.0,7363.3,7273.8,7284.5,125629
2019-05-29 00:00:00,7278.0,7287.9,7175.0,7207.5,143728
2019-05-30 00:00:00,7202.2,7263.5,7201.5,7246.9,112857
2019-05-31 00:00:00,7240.0,7249.1,7122.5,7131.2,147769
2019-06-03 00:00:00,7101.0,7127.3,6936.8,7002.5,170443
2019-06-04 00:00:00,7002.7,7181.4,6977.7,7180.3,130448
2019-06-05 00:00:00,7180.9,7239.9,7145.1,7227.7,134342
2019-06-06 00:00:00,7194.6,7292.8,7175.1,7255.1,121134
2019-06-07 00:00:00,7252.8,7447.0,7250.3,7419.2,111086
2019-06-10 00:00:00,7471.0,7574.7,7427.8,7515.1,109946
2019-06-11 00:00:00,7507.7,7597.2,7489.6,7517.0,116824
2019-06-12 00:00:00,7509.2,7527.7,7458.2,7474.1,107822
2019-06-13 00:00:00,7468.4,7532.1,7417.4,7507.3,119438
2019-06-14 00:00:00,7491.6,7517.9,7448.6,7479.9,96211
2019-06-17 00:00:00,7481.9,7549.7,7479.9,7538.9,77142
2019-06-18 00:00:00,7537.7,7694.6,7514.2,7649.5,106874
2019-06-19 00:00:00,7646.0,7685.1,7604.6,7670.1,99249
2019-06-20 00:00:00,7663.5,7794.3,7662.5,7737.3,111249
2019-06-21 00:00:00,7731.6,7775.8,7698.8,7723.8,111369
2019-06-24 00:00:00,7713.3,7768.2,7712.1,7730.6,85747
2019-06-25 00:00:00,7730.3,7754.2,7584.9,7608.7,112834
2019-06-26 00:00:00,7609.5,7694.2,7592.4,7618.4,108021
2019-06-27 00:00:00,7614.0,7688.8,7614.0,7659.1,94930
2019-06-28 00:00:00,7655.9,7700.5,7639.5,7697.7,83462
2019-07-01 00:00:00,7766.7,7826.6,7736.1,7769.2,110344
2019-07-02 00:00:00,7765.8,7818.6,7739.5,7817.1,89726
2019-07-03 00:00:00,7811.9,7867.5,7799.6,7861.9,63927
2019-07-04 00:00:00,7868.2,7881.7,7855.8,7875.0,24368
2019-07-05 00:00:00,7873.0,7883.0,7773.1,7831.2,81795
2019-07-08 00:00:00,7833.0,7840.9,7755.4,7779.4,83797
2019-07-09 00:00:00,7777.8,7836.2,7721.7,7825.0,79268
2019-07-10 00:00:00,7823.8,7926.6,7789.0,7900.8,101168
2019-07-11 00:00:00,7902.8,7939.7,7870.7,7894.9,92268
2019-07-12 00:00:00,7892.6,7944.8,7889.4,7938.9,72845
2019-07-15 00:00:00,7938.2,7970.5,7920.0,7963.4,66095
2019-07-16 00:00:00,7962.2,7980.5,7903.3,7919.4,73022
2019-07-17 00:00:00,7923.2,7948.3,7851.4,7852.4,72940
2019-07-18 00:00:00,7854.5,7938.5,7816.8,7933.5,93496
2019-07-19 00:00:00,7938.2,7962.6,7810.4,7811.9,104106
2019-07-22 00:00:00,7816.0,7920.5,7811.5,7911.7,92219
2019-07-23 00:00:00,7914.1,7969.8,7892.5,7925.7,84320
2019-07-24 00:00:00,7928.8,8035.8,7910.2,7986.9,75509
2019-07-25 00:00:00,7990.8,8019.1,7905.6,7969.2,107145
2019-07-26 00:00:00,7986.0,8025.8,7976.9,8004.9,75813
2019-07-29 00:00:00,8007.5,8018.2,7940.0,7994.7,69026
2019-07-30 00:00:00,7992.1,8009.4,7919.6,7978.3,89590
2019-07-31 00:00:00,7985.7,7992.7,7774.1,7833.6,116439
2019-08-01 00:00:00,7822.8,8002.7,7764.4,7780.4,161205
2019-08-02 00:00:00,7785.0,7793.7,7637.7,7694.3,185495
2019-08-05 00:00:00,7681.3,7695.0,7352.5,7362.2,199510
2019-08-06 00:00:00,7338.1,7539.4,7217.5,7508.4,223748
2019-08-07 00:00:00,7508.6,7567.0,7378.0,7541.8,205781
2019-08-08 00:00:00,7539.3,7727.8,7516.3,7719.6,143736
2019-08-09 00:00:00,7686.6,7711.0,7588.5,7660.4,156845
2019-08-12 00:00:00,7654.2,7703.7,7529.7,7567.1,150220
2019-08-13 00:00:00,7565.6,7780.1,7509.8,7742.4,166535
2019-08-14 00:00:00,7734.0,7753.9,7467.7,7467.8,188717
2019-08-15 00:00:00,7462.6,7562.9,7379.8,7500.8,211885
2019-08-16 00:00:00,7499.9,7623.9,7495.1,7602.3,131433
2019-08-19 00:00:00,7619.6,7738.9,7614.4,7710.3,107343
2019-08-20 00:00:00,7707.7,7740.5,7644.2,7647.7,122842
2019-08-21 00:00:00,7641.8,7754.2,7641.1,7746.0,99652
2019-08-22 00:00:00,7743.3,7770.7,7644.5,7697.8,128434
2019-08-23 00:00:00,7698.9,7753.5,7439.4,7481.9,178109
2019-08-26 00:00:00,7406.3,7622.5,7352.9,7583.8,180520
2019-08-27 00:00:00,7584.7,7643.7,7533.0,7561.0,148932
2019-08-28 00:00:00,7557.7,7601.8,7500.3,7575.8,137208
2019-08-29 00:00:00,7579.6,7724.6,7544.6,7700.3,121049
2019-08-30 00:00:00,7698.3,7765.1,7640.8,7664.9,123383
2019-09-02 00:00:00,7668.4,7690.3,7576.6,7609.9,60185
2019-09-03 00:00:00,7602.5,7673.8,7585.0,7615.5,145660
2019-09-04 00:00:00,7608.3,7727.7,7606.9,7721.6,106748
2019-09-05 00:00:00,7720.4,7884.2,7714.6,7849.7,115800
2019-09-06 00:00:00,7854.5,7892.7,7836.7,7863.4,103676
2019-09-09 00:00:00,7868.9,7886.4,7798.1,7833.5,96083
2019-09-10 00:00:00,7835.6,7857.4,7744.3,7817.3,123345
2019-09-11 00:00:00,7818.7,7903.9,7786.6,7892.9,107815
2019-09-12 00:00:00,7892.2,7980.8,7886.2,7909.6,127174
2019-09-13 00:00:00,7920.8,7957.3,7881.0,7886.8,87487
2019-09-16 00:00:00,7825.2,7874.2,7777.2,7865.9,106719
2019-09-17 00:00:00,7866.9,7900.7,7830.3,7896.4,92679
2019-09-18 00:00:00,7894.2,7908.3,7793.9,7904.1,84058
2019-09-19 00:00:00,7905.2,7954.6,7833.3,7899.2,96112
2019-09-20 00:00:00,7897.8,7932.5,7793.0,7807.6,106969
2019-09-23 00:00:00,7858.1,7878.3,7789.7,7849.6,93584
2019-09-24 00:00:00,7851.1,7884.1,7684.5,7719.5,106397
2019-09-25 00:00:00,7719.0,7826.0,7646.2,7805.0,106895
2019-09-26 00:00:00,7804.3,7825.2,7716.9,7767.1,116112
2019-09-27 00:00:00,7768.2,7804.0,7622.0,7692.9,114112
2019-09-30 00:00:00,7732.2,7770.4,7688.8,7767.8,104087
2019-10-01 00:00:00,7766.2,7824.5,7673.8,7691.6,110545
2019-10-02 00:00:00,7692.6,7713.5,7508.2,7537.5,132759
2019-10-03 00:00:00,7536.6,7640.4,7455.3,7639.9,108471
2019-10-04 00:00:00,7631.8,7758.0,7606.8,7755.5,115721
2019-10-07 00:00:00,7700.8,7784.8,7699.8,7726.3,81883
2019-10-08 00:00:00,7724.4,7772.0,7601.7,7611.5,127166
2019-10-09 00:00:00,7612.1,7720.0,7594.7,7693.0,122825
2019-10-10 00:00:00,7692.8,7784.5,7572.6,7775.1,153886
2019-10-11 00:00:00,7775.9,7906.7,7754.0,7848.1,105043
2019-10-14 00:00:00,7840.1,7884.1,7797.1,7848.7,93515
2019-10-15 00:00:00,7851.9,7962.2,7850.9,7951.0,84732
2019-10-16 00:00:00,7949.3,7951.2,7898.7,7941.7,86108
2019-10-17 00:00:00,7943.5,7986.0,7914.5,7945.6,106626
2019-10-18 00:00:00,7944.5,7950.2,7828.7,7874.0,94326
2019-10-21 00:00:00,7864.6,7944.4,7862.0,7942.6,85852
2019-10-22 00:00:00,7944.1,7982.8,7831.8,7837.3,84039
2019-10-23 00:00:00,7842.3,7913.0,7805.5,7910.1,102305
2019-10-24 00:00:00,7920.0,7979.1,7908.3,7920.2,91240
2019-10-25 00:00:00,7923.3,8037.2,7914.1,8035.4,77638
2019-10-28 00:00:00,8048.6,8123.7,8047.0,8106.2,75750
2019-10-29 00:00:00,8105.8,8115.9,8048.2,8052.7,59734
2019-10-30 00:00:00,8057.2,8138.1,8018.3,8113.8,88207
2019-10-31 00:00:00,8128.2,8135.6,8043.5,8089.4,88898
2019-11-01 00:00:00,8090.5,8165.5,8082.5,8163.2,48705
2019-11-04 00:00:00,8169.8,8232.0,8165.0,8217.3,62963
2019-11-05 00:00:00,8219.8,8246.7,8192.1,8210.8,75954
2019-11-06 00:00:00,8207.1,8226.0,8159.2,8211.6,67413
2019-11-07 00:00:00,8210.7,8277.4,8185.3,8226.5,85528
2019-11-08 00:00:00,8229.8,8259.8,8186.8,8253.8,81115
2019-11-11 00:00:00,8257.6,8257.6,8203.5,8250.2,70851
2019-11-12 00:00:00,8249.7,8296.9,8225.3,8267.7,76082
2019-11-13 00:00:00,8269.7,8278.4,8217.1,8264.4,92767
2019-11-14 00:00:00,8265.0,8276.7,8210.2,8261.2,100445
2019-11-15 00:00:00,8258.5,8318.5,8253.7,8318.0,74522
2019-11-18 00:00:00,8312.7,8362.0,8276.7,8332.5,80953
2019-11-19 00:00:00,8330.0,8376.8,8310.6,8333.1,59987
2019-11-20 00:00:00,8325.5,8340.7,8224.2,8282.2,88182
2019-11-21 00:00:00,8240.5,8300.8,8233.6,8271.3,122991
2019-11-22 00:00:00,8271.8,8307.5,8227.6,8275.3,89676
2019-11-25 00:00:00,8305.7,8373.5,8292.5,8370.9,58263
2019-11-26 00:00:00,8370.7,8415.7,8361.5,8397.8,80413
2019-11-27 00:00:00,8397.3,8453.7,8392.6,8451.4,61579
2019-11-28 00:00:00,8452.7,8453.3,8409.8,8440.2,31691
2019-11-29 00:00:00,8439.4,8446.5,8402.3,8416.8,53665
2019-12-02 00:00:00,8428.3,8453.9,8273.7,8307.2,106638
2019-12-03 00:00:00,8310.3,8334.7,8165.8,8252.6,132482
2019-12-04 00:00:00,8250.6,8316.3,8218.2,8294.1,106002
2019-12-05 00:00:00,8293.4,8335.3,8268.9,8306.8,98426
2019-12-06 00:00:00,8307.1,8405.2,8303.7,8398.0,71870
2019-12-09 00:00:00,8404.5,8424.1,8344.9,8347.9,71343
2019-12-10 00:00:00,8352.3,8396.5,8295.7,8366.2,104452
2019-12-11 00:00:00,8364.6,8410.3,8344.1,8407.8,88730
2019-12-12 00:00:00,8405.5,8496.4,8380.6,8471.3,121985
2019-12-13 00:00:00,8489.3,8523.8,8436.5,8495.5,106054
2019-12-16 00:00:00,8514.1,8594.5,8506.8,8584.5,62961
2019-12-17 00:00:00,8582.3,8603.4,8570.0,8579.2,71590
2019-12-18 00:00:00,8574.8,8617.9,8572.5,8601.5,60415
2019-12-19 00:00:00,8601.9,8659.1,8585.3,8657.6,59302
2019-12-20 00:00:00,8656.8,8700.4,8641.8,8686.6,66613
2019-12-23 00:00:00,8685.5,8720.4,8685.5,8705.4,48501
2019-12-24 00:00:00,8708.0,8713.2,8684.7,8707.2,27439
2019-12-27 00:00:00,8779.1,8821.7,8747.9,8758.8,63184
2019-12-30 00:00:00,8758.2,8790.1,8671.9,8712.6,81915
2019-12-31 00:00:00,8711.9,8752.8,8673.6,8752.5,66226
2020-01-02 00:00:00,8754.6,8880.3,8750.2,8880.2,78031
2020-01-03 00:00:00,8878.1,8886.5,8714.9,8792.4,122063
2020-01-06 00:00:00,8751.4,8858.1,8709.0,8838.4,87041
2020-01-07 00:00:00,8838.5,8879.5,8810.3,8829.0,115397
2020-01-08 00:00:00,8823.7,8956.2,8663.1,8933.7,170542
2020-01-09 00:00:00,8934.1,9007.0,8917.5,8993.4,107876
2020-01-10 00:00:00,8996.5,9040.2,8951.9,8965.0,95149
2020-01-13 00:00:00,8972.8,9081.7,8969.8,9077.0,78742
2020-01-14 00:00:00,9077.2,9101.1,9021.8,9050.3,115602
2020-01-15 00:00:00,9050.8,9083.0,9010.8,9048.3,108126
2020-01-16 00:00:00,9053.0,9128.0,9051.9,9126.1,82405
2020-01-17 00:00:00,9126.8,9177.2,9118.2,9159.9,78281
2020-01-20 00:00:00,9162.2,9176.4,9149.6,9165.1,28761
2020-01-21 00:00:00,9166.8,9189.6,9105.2,9162.7,103005
2020-01-22 00:00:00,9172.2,9244.5,9165.0,9179.3,96374
2020-01-23 00:00:00,9180.8,9244.3,9141.6,9243.3,114728
2020-01-24 00:00:00,9242.9,9278.8,9102.0,9134.3,114544
2020-01-27 00:00:00,9047.1,9062.1,8920.4,8955.5,139456
2020-01-28 00:00:00,8949.0,9130.4,8948.4,9115.2,132035
2020-01-29 00:00:00,9116.0,9151.7,9065.4,9097.6,114401
2020-01-30 00:00:00,9106.9,9232.0,8995.8,9229.4,207289
2020-01-31 00:00:00,9216.2,9240.6,8960.3,9006.7,206989
2020-02-03 00:00:00,8978.4,9150.8,8977.5,9100.5,195554
2020-02-04 00:00:00,9090.2,9363.6,9068.8,9355.1,152598
2020-02-05 00:00:00,9349.6,9456.9,9312.4,9383.0,185229
2020-02-06 00:00:00,9385.5,9455.5,9355.4,9454.6,158951
2020-02-07 00:00:00,9459.5,9459.9,9375.1,9392.3,150828
2020-02-10 00:00:00,9392.6,9522.7,9322.2,9517.7,142672
2020-02-11 00:00:00,9512.5,9600.8,9493.1,9524.1,138156
2020-02-12 00:00:00,9528.0,9619.9,9516.3,9615.8,120487
2020-02-13 00:00:00,9608.9,9636.3,9502.4,9616.5,158142
2020-02-14 00:00:00,9616.8,9651.4,9581.3,9627.4,125268
2020-02-17 00:00:00,9631.8,9681.1,9631.0,9660.1,49423
2020-02-18 00:00:00,9596.2,9649.8,9527.9,9637.3,120993
2020-02-19 00:00:00,9634.5,9739.3,9634.0,9724.2,108192
2020-02-20 00:00:00,9731.9,9754.1,9508.8,9612.2,171313
2020-02-21 00:00:00,9607.7,9616.5,9404.4,9448.0,190402
2020-02-24 00:00:00,9339.8,9357.9,9036.0,9094.9,248332
2020-02-25 00:00:00,9071.7,9216.2,8802.4,8865.1,241579
2020-02-26 00:00:00,8870.5,9029.8,8702.2,8811.1,288117
2020-02-27 00:00:00,8812.7,8870.1,8332.5,8333.7,308867
2020-02-28 00:00:00,8333.9,8568.0,8121.1,8554.0,350535
2020-03-02 00:00:00,8539.7,8877.6,8245.8,8811.6,350922
2020-03-03 00:00:00,8835.3,8995.2,8511.6,8560.6,307830
2020-03-04 00:00:00,8572.5,8949.6,8508.4,8888.2,255196
2020-03-05 00:00:00,8886.6,8899.5,8611.0,8673.5,250323
2020-03-06 00:00:00,8672.8,8726.2,8312.9,8501.1,287641
2020-03-09 00:00:00,8306.1,8314.3,7884.5,7924.7,136346
2020-03-10 00:00:00,7893.2,8376.6,7819.8,8350.4,241386
2020-03-11 00:00:00,8319.0,8331.5,7894.1,8009.7,242068
2020-03-12 00:00:00,8002.5,8106.8,7133.4,7161.7,197514
2020-03-13 00:00:00,7133.1,7973.6,6943.8,7846.3,160475
2020-03-16 00:00:00,7639.8,7659.7,6925.8,7067.1,109546
2020-03-17 00:00:00,7042.8,7554.7,6951.4,7367.2,161311
2020-03-18 00:00:00,7347.9,7392.5,6822.2,7250.7,154780
2020-03-19 00:00:00,7241.6,7510.0,6885.1,7191.3,200001
2020-03-20 00:00:00,7184.6,7637.7,6897.9,6900.5,209340
2020-03-23 00:00:00,6747.2,7322.3,6623.3,6984.5,233230
2020-03-24 00:00:00,7040.6,7577.4,7034.9,7559.1,229172
2020-03-25 00:00:00,7534.6,7764.7,7377.2,7483.7,266595
2020-03-26 00:00:00,7491.8,7896.4,7313.7,7862.6,228605
2020-03-27 00:00:00,7878.2,7895.6,7555.8,7568.6,215097
2020-03-30 00:00:00,7418.5,7886.6,7413.3,7857.7,219074
2020-03-31 00:00:00,7851.4,7997.0,7749.5,7782.5,208642
2020-04-01 00:00:00,7764.1,7770.6,7408.2,7470.5,200970
2020-04-02 00:00:00,7488.1,7660.4,7380.1,7628.2,206315
2020-04-03 00:00:00,7626.9,7664.1,7428.6,7523.4,181555
2020-04-06 00:00:00,7620.8,8101.3,7599.3,8035.8,173489
2020-04-07 00:00:00,8028.1,8305.6,7950.6,8002.9,235721
2020-04-08 00:00:00,8001.3,8245.8,7957.4,8200.3,210461
2020-04-09 00:00:00,8189.6,8328.9,8106.1,8239.3,227030
2020-04-13 00:00:00,8286.5,8337.9,8078.7,8337.7,160447
2020-04-14 00:00:00,8342.2,8706.5,8322.5,8705.0,172242
2020-04-15 00:00:00,8702.7,8707.4,8491.5,8577.0,179651
2020-04-16 00:00:00,8579.4,8847.7,8505.2,8842.2,189343
2020-04-17 00:00:00,8916.4,8972.1,8695.7,8814.9,195888
2020-04-20 00:00:00,8805.0,8849.9,8694.5,8720.9,173079
2020-04-21 00:00:00,8710.9,8770.3,8350.5,8434.3,222182
2020-04-22 00:00:00,8455.0,8703.4,8408.9,8639.6,160806
2020-04-23 00:00:00,8638.7,8792.0,8588.0,8611.3,169321
2020-04-24 00:00:00,8588.7,8786.9,8505.8,8774.2,151184
2020-04-27 00:00:00,8802.0,8904.3,8738.2,8827.3,137902
2020-04-28 00:00:00,8826.5,8952.6,8661.1,8707.4,153514
2020-04-29 00:00:00,8765.9,9124.1,8741.8,9123.8,155957
2020-04-30 00:00:00,9107.9,9152.9,8866.1,8877.6,182208
2020-05-01 00:00:00,8850.2,8888.9,8681.7,8713.0,160859
2020-05-04 00:00:00,8618.9,8837.8,8567.7,8820.3,163711
2020-05-05 00:00:00,8818.4,9030.0,8809.9,8940.5,138636
2020-05-06 00:00:00,8936.9,9065.1,8886.8,8961.3,156269
2020-05-07 00:00:00,8959.9,9134.6,8939.4,9127.1,147163
2020-05-08 00:00:00,9114.9,9244.0,9110.0,9230.8,129809
2020-05-11 00:00:00,9191.6,9344.8,9124.7,9287.5,143684
2020-05-12 00:00:00,9290.4,9351.5,9047.4,9050.0,163765
2020-05-13 00:00:00,9052.2,9209.3,8885.3,9017.9,213824
2020-05-14 00:00:00,9027.2,9109.2,8853.3,9090.9,216731
2020-05-15 00:00:00,9088.0,9152.1,8930.2,9119.2,191270
2020-05-18 00:00:00,9141.2,9367.0,9114.4,9325.9,148751
2020-05-19 00:00:00,9324.8,9421.5,9289.1,9303.3,165464
2020-05-20 00:00:00,9287.8,9499.5,9275.2,9497.2,138089
2020-05-21 00:00:00,9501.1,9512.2,9356.1,9362.3,149570
2020-05-22 00:00:00,9362.2,9427.4,9246.0,9426.1,144734
2020-05-25 00:00:00,9398.1,9541.7,9397.1,9536.2,47719
2020-05-26 00:00:00,9532.6,9609.0,9378.2,9414.7,138438
2020-05-27 00:00:00,9413.5,9512.9,9178.8,9445.6,166974
2020-05-28 00:00:00,9435.4,9569.7,9325.5,9464.6,160651
2020-05-29 00:00:00,9457.9,9592.6,9375.5,9588.6,172406
2020-06-01 00:00:00,9491.6,9607.2,9452.4,9598.2,135571
2020-06-02 00:00:00,9591.8,9671.6,9506.8,9660.5,123952
2020-06-03 00:00:00,9658.9,9728.0,9636.5,9690.3,138930
2020-06-04 00:00:00,9687.1,9741.9,9572.0,9645.3,155338
2020-06-05 00:00:00,9641.9,9846.0,9603.2,9810.3,155492
2020-06-08 00:00:00,9819.2,9900.5,9747.1,9883.4,141055
2020-06-09 00:00:00,9882.5,10004.9,9811.4,9960.3,145832
2020-06-10 00:00:00,9964.2,10155.8,9958.6,10087.2,160368
2020-06-11 00:00:00,10085.5,10105.6,9584.0,9624.8,234831
2020-06-12 00:00:00,9610.1,9848.0,9495.2,9654.4,198594
2020-06-15 00:00:00,9536.8,9814.4,9381.2,9811.9,165604
2020-06-16 00:00:00,9810.2,10013.3,9798.6,9970.1,193458
2020-06-17 00:00:00,9965.2,10058.9,9927.3,9998.6,158155
2020-06-18 00:00:00,9988.2,10040.1,9878.6,10002.1,163748
2020-06-19 00:00:00,9996.2,10122.5,9927.7,9937.2,164464
2020-06-22 00:00:00,9890.5,10144.2,9854.6,10138.6,151186
2020-06-23 00:00:00,10132.8,10306.5,9983.5,10186.2,161861
2020-06-24 00:00:00,10191.8,10252.2,9937.8,10023.8,203298
2020-06-25 00:00:00,10018.5,10118.3,9896.7,10108.5,180382
2020-06-26 00:00:00,10104.7,10131.8,9836.1,9856.1,180555
2020-06-29 00:00:00,9813.7,10008.4,9741.2,10001.1,182787
2020-06-30 00:00:00,9990.4,10181.7,9951.1,10149.6,157267
2020-07-01 00:00:00,10148.4,10319.1,10086.5,10267.0,146705
2020-07-02 00:00:00,10265.5,10429.9,10256.8,10357.4,155952
2020-07-03 00:00:00,10356.3,10398.4,10318.4,10337.2,52989
2020-07-06 00:00:00,10357.8,10623.3,10350.6,10607.7,151843
2020-07-07 00:00:00,10611.2,10703.3,10515.1,10536.8,168763
2020-07-08 00:00:00,10534.6,10681.3,10514.5,10680.5,169303
2020-07-09 00:00:00,10692.8,10781.4,10569.2,10733.2,177850
2020-07-10 00:00:00,10735.3,10856.2,10635.1,10851.9,172004
2020-07-13 00:00:00,10857.9,11068.1,10573.2,10612.5,198896
2020-07-14 00:00:00,10614.4,10703.0,10369.6,10655.5,239513
2020-07-15 00:00:00,10727.8,10776.2,10561.5,10699.4,203518
2020-07-16 00:00:00,10700.4,10708.0,10485.6,10542.3,191226
2020-07-17 00:00:00,10548.8,10679.1,10534.4,10638.0,143354
2020-07-20 00:00:00,10630.9,10971.1,10557.0,10955.8,153791
2020-07-21 00:00:00,10958.2,11067.1,10795.2,10858.3,177307
2020-07-22 00:00:00,10852.7,10926.8,10773.0,10855.8,166601
2020-07-23 00:00:00,10860.0,10949.1,10526.6,10578.1,194828
2020-07-24 00:00:00,10581.3,10610.0,10314.4,10475.3,205329
2020-07-27 00:00:00,10493.7,10694.1,10414.1,10693.1,156259
2020-07-28 00:00:00,10691.7,10768.9,10525.5,10560.5,164710
2020-07-29 00:00:00,10572.1,10711.8,10524.6,10711.8,137040
2020-07-30 00:00:00,10709.5,10907.1,10514.4,10903.1,180545
2020-07-31 00:00:00,10920.5,10950.4,10704.5,10930.9,200777
2020-08-03 00:00:00,10944.1,11086.2,10889.7,11066.7,146984
2020-08-04 00:00:00,11065.3,11107.7,10996.5,11093.4,147267
2020-08-05 00:00:00,11090.0,11157.5,11069.6,11109.1,130029
2020-08-06 00:00:00,11104.1,11282.7,11063.4,11270.9,148755
2020-08-07 00:00:00,11268.9,11291.6,11044.4,11138.4,175768
2020-08-10 00:00:00,11148.6,11154.8,10937.5,11087.2,156324
2020-08-11 00:00:00,11077.2,11166.5,10853.2,10914.0,177868
2020-08-12 00:00:00,10947.2,11190.1,10886.6,11124.3,154870
2020-08-13 00:00:00,11117.2,11271.0,11099.8,11186.5,152712
2020-08-14 00:00:00,11185.9,11241.6,11100.6,11154.1,145034
2020-08-17 00:00:00,11152.7,11304.6,11152.7,11291.6,105008
2020-08-18 00:00:00,11287.9,11418.8,11273.0,11416.3,119978
2020-08-19 00:00:00,11413.4,11438.6,11301.3,11324.2,129741
2020-08-20 00:00:00,11318.9,11499.8,11225.5,11484.0,139007
2020-08-21 00:00:00,11485.4,11577.1,11410.8,11567.3,152413
2020-08-24 00:00:00,11590.3,11726.0,11532.8,11639.7,159662
2020-08-25 00:00:00,11640.6,11746.5,11579.9,11741.7,150872
2020-08-26 00:00:00,11740.3,12006.2,11731.5,11990.2,149951
2020-08-27 00:00:00,11985.0,12050.1,11839.2,11951.9,190868
2020-08-28 00:00:00,11954.9,12022.2,11925.0,12007.5,179732
2020-08-31 00:00:00,12011.6,12168.1,11993.3,12105.1,171271
2020-09-01 00:00:00,12112.8,12331.0,12096.7,12330.9,158070
2020-09-02 00:00:00,12324.6,12467.7,12176.5,12414.0,203643
2020-09-03 00:00:00,12412.5,12440.9,11659.0,11802.8,224850
2020-09-04 00:00:00,11727.8,11844.0,11142.9,11549.3,279165
2020-09-07 00:00:00,11544.4,11546.8,11308.6,11502.6,81147
2020-09-08 00:00:00,11508.6,11585.1,11043.0,11047.1,235745
2020-09-09 00:00:00,11042.0,11478.7,10937.0,11368.6,228828
2020-09-10 00:00:00,11379.3,11565.7,11088.7,11172.6,238315
2020-09-11 00:00:00,11190.8,11354.7,10937.1,11067.3,169169
2020-09-14 00:00:00,11114.5,11363.2,11104.4,11272.7,174356
2020-09-15 00:00:00,11285.5,11495.4,11247.4,11464.5,157261
2020-09-16 00:00:00,11468.0,11548.4,11239.1,11268.5,174499
2020-09-17 00:00:00,11273.5,11304.1,10920.1,11081.7,215339
2020-09-18 00:00:00,11067.0,11177.9,10764.9,10946.6,213777
2020-09-21 00:00:00,10938.3,11026.3,10675.2,11005.9,247230
2020-09-22 00:00:00,10982.7,11207.2,10914.7,11171.2,210830
2020-09-23 00:00:00,11177.2,11237.8,10805.5,10839.0,219807
2020-09-24 00:00:00,10821.0,11028.1,10680.1,10935.5,263734
2020-09-25 00:00:00,10933.9,11179.6,10829.8,11147.8,208118
2020-09-28 00:00:00,11160.2,11414.5,11154.1,11400.2,174786
2020-09-29 00:00:00,11397.3,11458.5,11302.1,11335.0,171228
2020-09-30 00:00:00,11332.5,11535.7,11179.7,11367.5,220301
2020-10-01 00:00:00,11386.8,11607.2,11386.8,11581.3,189635
2020-10-02 00:00:00,11602.3,11606.0,11221.4,11269.5,240315
2020-10-05 00:00:00,11327.5,11511.0,11282.9,11484.5,152309
2020-10-06 00:00:00,11484.9,11538.6,11212.9,11215.1,189871
2020-10-07 00:00:00,11235.6,11520.1,11223.3,11487.1,155945
2020-10-08 00:00:00,11487.2,11592.1,11484.5,11570.8,146090
2020-10-09 00:00:00,11575.4,11749.8,11565.7,11734.9,131589
2020-10-12 00:00:00,11734.0,12205.6,11699.6,12099.6,184985
2020-10-13 00:00:00,12108.6,12256.4,12027.4,12085.2,223863
2020-10-14 00:00:00,12088.7,12184.0,11911.7,11957.0,187407
2020-10-15 00:00:00,11959.6,11991.3,11746.5,11896.2,195591
2020-10-16 00:00:00,11901.4,12033.5,11804.2,11805.7,175139
2020-10-19 00:00:00,11829.9,11962.3,11605.7,11708.2,185248
2020-10-20 00:00:00,11710.8,11802.9,11611.2,11660.3,206270
2020-10-21 00:00:00,11686.1,11791.0,11597.1,11696.4,194843
2020-10-22 00:00:00,11691.2,11735.1,11524.9,11663.4,175267
2020-10-23 00:00:00,11682.8,11702.4,11564.6,11683.7,154342
2020-10-26 00:00:00,11645.9,11708.8,11358.8,11509.1,188082
2020-10-27 00:00:00,11512.4,11635.2,11492.1,11569.3,174156
2020-10-28 00:00:00,11570.2,11578.4,11138.0,11193.0,227032
2020-10-29 00:00:00,11203.0,11468.9,11157.6,11257.2,217476
2020-10-30 00:00:00,11222.7,11291.8,10959.0,11101.5,256901
2020-11-02 00:00:00,11046.7,11224.7,10955.5,11081.2,214228
2020-11-03 00:00:00,11083.1,11358.2,11076.4,11257.2,185380
2020-11-04 00:00:00,11275.5,11852.4,11241.9,11823.7,318748
2020-11-05 00:00:00,11839.2,12125.3,11779.1,12100.8,211501
2020-11-06 00:00:00,12090.6,12113.4,11874.1,12095.6,204107
2020-11-09 00:00:00,12150.4,12416.8,11820.6,11842.2,264289
2020-11-10 00:00:00,11870.3,11908.2,11511.8,11627.0,276568
2020-11-11 00:00:00,11640.5,11925.2,11583.6,11902.2,196837
2020-11-12 00:00:00,11906.0,11980.2,11782.6,11867.8,200807
2020-11-13 00:00:00,11861.9,11958.0,11808.1,11952.0,161230
2020-11-16 00:00:00,11963.0,12069.4,11858.4,12045.4,171720
2020-11-17 00:00:00,12065.8,12100.7,11960.5,11972.4,153154
2020-11-18 00:00:00,11972.1,12028.6,11863.8,11877.2,159015
2020-11-19 00:00:00,11876.2,12000.3,11806.1,11965.6,149778
2020-11-20 00:00:00,11957.9,12020.8,11874.6,11902.5,136160
2020-11-23 00:00:00,11895.8,12003.8,11810.7,11917.7,144280
2020-11-24 00:00:00,11913.3,12104.8,11875.7,12100.9,140209
2020-11-25 00:00:00,12098.2,12177.8,12078.6,12170.9,142784
2020-11-26 00:00:00,12169.3,12222.8,12127.4,12154.2,44213
2020-11-27 00:00:00,12156.9,12307.9,12137.1,12269.8,83228
2020-11-30 00:00:00,12287.3,12335.6,12086.9,12316.9,173906
2020-12-01 00:00:00,12332.3,12512.0,12312.0,12456.8,152758
2020-12-02 00:00:00,12458.3,12473.3,12314.1,12463.7,141280
2020-12-03 00:00:00,12470.6,12539.1,12442.9,12486.0,126313
2020-12-04 00:00:00,12486.2,12534.6,12447.4,12507.3,109235
2020-12-07 00:00:00,12524.4,12611.1,12474.0,12568.0,127662
2020-12-08 00:00:00,12571.5,12651.8,12502.7,12649.0,124031
2020-12-09 00:00:00,12655.8,12672.5,12308.9,12353.5,169112
2020-12-10 00:00:00,12343.1,12450.4,12219.3,12390.0,176987
2020-12-11 00:00:00,12391.8,12415.2,12237.0,12374.3,157675
2020-12-14 00:00:00,12405.9,12545.1,12387.9,12467.2,152632
2020-12-15 00:00:00,12468.0,12605.3,12419.7,12595.1,145860
2020-12-16 00:00:00,12600.8,12700.2,12569.1,12673.6,135401
2020-12-17 00:00:00,12677.0,12765.0,12666.8,12750.7,129899
2020-12-18 00:00:00,12743.3,12786.7,12609.3,12749.7,155699
2020-12-21 00:00:00,12760.2,12781.8,12464.3,12694.1,231382
2020-12-22 00:00:00,12702.6,12762.5,12600.8,12716.3,188427
2020-12-23 00:00:00,12707.8,12743.1,12627.8,12661.5,168513
2020-12-24 00:00:00,12666.2,12730.3,12637.0,12708.3,96048
2020-12-28 00:00:00,12682.1,12860.4,12662.8,12847.1,133695
2020-12-29 00:00:00,12849.1,12923.2,12814.8,12862.3,145501
2020-12-30 00:00:00,12863.3,12913.8,12825.5,12846.9,139591
2020-12-31 00:00:00,12847.6,12901.9,12803.5,12891.2,115462
2021-01-04 00:00:00,12894.3,12964.7,12530.9,12699.8,212706
2021-01-05 00:00:00,12695.0,12817.8,12620.3,12811.8,186465
2021-01-06 00:00:00,12812.7,12852.7,12500.9,12666.2,257940
2021-01-07 00:00:00,12668.6,12967.9,12656.0,12932.6,175952
2021-01-08 00:00:00,12937.3,13132.1,12928.0,13131.2,183888
2021-01-11 00:00:00,13101.7,13113.7,12881.8,12910.7,181879
2021-01-12 00:00:00,12919.9,12967.1,12777.8,12888.5,171585
2021-01-13 00:00:00,12888.0,13009.3,12829.5,12981.2,151479
2021-01-14 00:00:00,12981.2,13036.4,12887.2,12904.7,155470
2021-01-15 00:00:00,12914.7,12936.9,12753.7,12773.8,172551
2021-01-18 00:00:00,12781.2,12823.6,12735.3,12816.9,60889
2021-01-19 00:00:00,12818.2,13039.5,12818.2,13038.7,149675
2021-01-20 00:00:00,13037.0,13333.8,13025.5,13297.6,149373
2021-01-21 00:00:00,13297.8,13431.7,13291.2,13407.6,150261
2021-01-22 00:00:00,13401.8,13409.2,13308.7,13367.7,156119
2021-01-25 00:00:00,13378.8,13563.4,13199.2,13472.6,200963
2021-01-26 00:00:00,13465.6,13607.0,13390.1,13561.4,167433
2021-01-27 00:00:00,13556.8,13594.0,12895.1,13071.0,258612
2021-01-28 00:00:00,13062.6,13403.6,12916.4,13167.5,279406
2021-01-29 00:00:00,13166.1,13196.6,12843.0,12890.8,293252
2021-02-01 00:00:00,12859.2,13281.3,12738.8,13243.0,230417
2021-02-02 00:00:00,13242.5,13514.9,13241.5,13503.4,189259
2021-02-03 00:00:00,13513.8,13593.3,13399.1,13426.2,179339
2021-02-04 00:00:00,13439.2,13576.7,13355.3,13573.9,159892
2021-02-05 00:00:00,13565.9,13643.6,13526.9,13611.3,152633
2021-02-08 00:00:00,13628.7,13699.7,13604.2,13692.8,141974
2021-02-09 00:00:00,13691.0,13742.3,13640.8,13703.0,131180
2021-02-10 00:00:00,13704.9,13775.6,13525.9,13667.3,177974
2021-02-11 00:00:00,13668.7,13748.9,13618.6,13715.7,158801
2021-02-12 00:00:00,13716.0,13824.2,13652.1,13824.1,134059
2021-02-15 00:00:00,13833.8,13883.8,13815.5,13877.7,44209
2021-02-16 00:00:00,13877.4,13905.4,13724.2,13760.2,166902
2021-02-17 00:00:00,13760.2,13788.5,13549.0,13702.8,188527
2021-02-18 00:00:00,13702.1,13724.9,13473.7,13640.6,194326
2021-02-19 00:00:00,13638.2,13730.3,13538.6,13576.8,186869
2021-02-22 00:00:00,13588.1,13632.0,13219.1,13222.1,225075
2021-02-23 00:00:00,13229.7,13339.3,12761.4,13164.1,287287
2021-02-24 00:00:00,13174.8,13339.2,12964.3,13320.6,271940
2021-02-25 00:00:00,13304.7,13358.1,12771.4,12786.2,312209
2021-02-26 00:00:00,12801.2,13093.3,12669.2,12902.4,357177
2021-03-01 00:00:00,12961.2,13320.8,12950.6,13316.2,207264
2021-03-02 00:00:00,13312.3,13330.8,13053.4,13059.1,241035
2021-03-03 00:00:00,13064.5,13195.0,12669.5,12681.5,265133
2021-03-04 00:00:00,12686.0,12799.2,12311.0,12438.3,374180
2021-03-05 00:00:00,12437.9,12700.7,12209.7,12656.2,362989
2021-03-08 00:00:00,12718.0,12763.7,12287.4,12343.9,304441
2021-03-09 00:00:00,12340.8,12869.2,12329.7,12791.9,242202
2021-03-10 00:00:00,12815.7,12995.1,12706.2,12789.3,268198
2021-03-11 00:00:00,12791.3,13119.0,12724.2,13040.7,211557
2021-03-12 00:00:00,13052.6,13093.8,12770.8,12937.0,196391
2021-03-15 00:00:00,12950.1,13099.1,12873.4,13082.0,210270
2021-03-16 00:00:00,13082.2,13296.6,13057.8,13165.9,182243
2021-03-17 00:00:00,13168.1,13283.4,12945.9,13180.2,226023
2021-03-18 00:00:00,13188.8,13277.8,12780.4,12810.4,250753
2021-03-19 00:00:00,12814.0,12912.9,12699.3,12846.6,249530
2021-03-22 00:00:00,12827.6,13169.3,12805.9,13076.5,178902
2021-03-23 00:00:00,13080.1,13184.6,12991.3,13044.6,203305
2021-03-24 00:00:00,13061.6,13155.8,12796.4,12806.1,203340
2021-03-25 00:00:00,12809.2,12871.0,12623.5,12802.1,226373
2021-03-26 00:00:00,12807.9,13001.0,12688.2,12974.9,201389
2021-03-29 00:00:00,12987.2,13017.9,12820.5,12978.8,217927
2021-03-30 00:00:00,12987.1,12997.6,12793.9,12903.1,183026
2021-03-31 00:00:00,12906.8,13171.9,12872.8,13103.6,159577
2021-04-01 00:00:00,13107.2,13342.6,13105.7,13337.8,153179
2021-04-02 00:00:00,13339.5,13402.7,13335.6,13355.6,28350
2021-04-05 00:00:00,13349.4,13626.6,13321.1,13608.3,113711
2021-04-06 00:00:00,13609.8,13662.6,13533.2,13591.9,156354
2021-04-07 00:00:00,13590.0,13650.9,13521.5,13630.0,149905
2021-04-08 00:00:00,13628.8,13798.1,13624.0,13794.1,141900
2021-04-09 00:00:00,13796.6,13849.1,13657.2,13821.2,155177
2021-04-12 00:00:00,13827.5,13841.7,13743.7,13832.9,162248
2021-04-13 00:00:00,13834.4,14002.5,13782.6,13981.5,152843
2021-04-14 00:00:00,13984.1,14036.7,13781.3,13832.0,167854
2021-04-15 00:00:00,13834.4,14040.5,13796.6,14002.3,159830
2021-04-16 00:00:00,14003.2,14065.8,13961.1,14034.8,154077
2021-04-19 00:00:00,13998.5,14061.7,13832.3,13900.3,179768
2021-04-20 00:00:00,13909.7,13943.9,13729.6,13743.9,185880
2021-04-21 00:00:00,13752.0,13937.6,13711.4,13903.9,172734
2021-04-22 00:00:00,13906.8,13955.2,13715.1,13772.5,180139
2021-04-23 00:00:00,13767.5,13990.5,13750.1,13915.5,151473
2021-04-26 00:00:00,13929.6,14049.5,13876.0,14033.5,148278
2021-04-27 00:00:00,14033.3,14061.2,13926.2,13963.1,135296
2021-04-28 00:00:00,13966.1,14005.3,13891.6,13981.4,151606
2021-04-29 00:00:00,13978.1,14075.9,13832.4,13958.2,159633
2021-04-30 00:00:00,13956.5,13969.3,13831.4,13882.3,173011
2021-05-03 00:00:00,13890.5,13958.3,13782.7,13794.7,151498
2021-05-04 00:00:00,13794.4,13801.7,13392.8,13534.0,177684
2021-05-05 00:00:00,13538.1,13677.5,13476.0,13497.9,161359
2021-05-06 00:00:00,13496.4,13623.0,13401.2,13616.4,179927
2021-05-07 00:00:00,13625.8,13823.8,13596.9,13727.8,161020
2021-05-10 00:00:00,13723.9,13758.8,13315.7,13322.1,169140
2021-05-11 00:00:00,13325.0,13384.1,13075.5,13324.6,228037
2021-05-12 00:00:00,13326.0,13359.4,12968.3,12971.9,238297
2021-05-13 00:00:00,12982.0,13229.6,12922.1,13095.1,231929
2021-05-14 00:00:00,13099.4,13431.6,13076.4,13405.9,172626
2021-05-17 00:00:00,13385.9,13453.3,13191.2,13319.8,184755
2021-05-18 00:00:00,13316.8,13439.7,13186.9,13197.3,153210
2021-05-19 00:00:00,13190.1,13247.4,12959.8,13223.5,214017
2021-05-20 00:00:00,13221.7,13525.7,13155.2,13494.9,165064
2021-05-21 00:00:00,13494.2,13572.7,13399.8,13416.6,154701
2021-05-24 00:00:00,13387.2,13687.9,13360.1,13650.8,143506
2021-05-25 00:00:00,13654.2,13739.7,13610.5,13669.1,156033
2021-05-26 00:00:00,13669.7,13730.7,13659.7,13707.6,137520
2021-05-27 00:00:00,13702.6,13724.4,13622.1,13694.8,150468
2021-05-28 00:00:00,13693.9,13765.7,13663.9,13689.8,124613
2021-05-31 00:00:00,13699.4,13721.4,13654.6,13657.0,47256
2021-06-01 00:00:00,13662.3,13775.3,13597.4,13650.0,141205
2021-06-02 00:00:00,13651.7,13715.2,13606.6,13676.9,142096
2021-06-03 00:00:00,13682.9,13707.5,13465.0,13531.0,162580
2021-06-04 00:00:00,13530.7,13784.6,13468.1,13760.9,145340
2021-06-07 00:00:00,13773.7,13821.7,13691.5,13820.2,147489
2021-06-08 00:00:00,13822.6,13916.7,13742.0,13811.3,158599
2021-06-09 00:00:00,13812.1,13903.2,13803.7,13809.5,138133
2021-06-10 00:00:00,13813.4,13974.6,13726.5,13969.9,147438
2021-06-11 00:00:00,13975.4,13998.0,13932.9,13989.4,128015
2021-06-14 00:00:00,13997.3,14130.7,13965.3,14113.5,127185
2021-06-15 00:00:00,14116.5,14161.2,14008.0,14043.0,128878
2021-06-16 00:00:00,14042.5,14101.9,13839.7,13942.2,138398
2021-06-17 00:00:00,13944.1,14206.1,13849.6,14179.3,180712
2021-06-18 00:00:00,14186.5,14211.4,14019.8,14024.8,178915
2021-06-21 00:00:00,14028.7,14152.1,13967.8,14144.3,194072
2021-06-22 00:00:00,14145.4,14289.5,14075.2,14277.7,157508
2021-06-23 00:00:00,14280.8,14326.2,14243.7,14282.7,140263
2021-06-24 00:00:00,14284.3,14430.1,14280.4,14366.4,134669
2021-06-25 00:00:00,14368.4,14403.0,14323.0,14339.1,133726
2021-06-28 00:00:00,14360.2,14529.1,14343.4,14510.7,135639
2021-06-29 00:00:00,14506.3,14593.8,14478.6,14591.5,131760
2021-06-30 00:00:00,14592.6,14607.6,14526.7,14563.1,139738
2021-07-01 00:00:00,14565.2,14612.4,14481.0,14549.2,146821
2021-07-02 00:00:00,14548.3,14736.5,14522.1,14708.4,133936
2021-07-05 00:00:00,14712.3,14729.8,14682.9,14699.4,54790
2021-07-06 00:00:00,14700.9,14796.3,14634.8,14771.0,157508
2021-07-07 00:00:00,14771.5,14892.6,14735.9,14818.8,160637
2021-07-08 00:00:00,14818.6,14830.5,14549.2,14724.5,213765
2021-07-09 00:00:00,14719.0,14840.3,14649.1,14820.8,167521
2021-07-12 00:00:00,14832.7,14897.1,14793.6,14885.3,142909
2021-07-13 00:00:00,14886.5,15002.3,14803.0,14872.1,149041
2021-07-14 00:00:00,14874.9,15003.4,14849.2,14901.7,165151
2021-07-15 00:00:00,14901.9,14968.9,14715.9,14781.5,183263
2021-07-16 00:00:00,14782.9,14875.3,14666.2,14677.1,172893
2021-07-19 00:00:00,14684.3,14690.9,14451.6,14602.3,220702
2021-07-20 00:00:00,14603.7,14791.1,14525.5,14733.4,188944
2021-07-21 00:00:00,14736.3,14849.4,14677.8,14848.2,167035
2021-07-22 00:00:00,14846.7,14994.3,14837.2,14989.1,146793
2021-07-23 00:00:00,14990.4,15126.3,14945.7,15100.9,139275
2021-07-26 00:00:00,15107.5,15142.9,15048.5,15130.2,162207
2021-07-27 00:00:00,15134.2,15139.4,14783.7,14888.4,190860
2021-07-28 00:00:00,14880.9,15082.7,14878.5,14992.2,204200
2021-07-29 00:00:00,14994.2,15093.9,14913.7,14917.9,161385
2021-07-30 00:00:00,14912.5,14990.1,14820.2,14970.7,193709
2021-08-02 00:00:00,14979.6,15064.0,14943.6,14969.5,175196
2021-08-03 00:00:00,14970.8,15062.8,14861.5,15047.3,171668
2021-08-04 00:00:00,15048.9,15121.5,15011.7,15092.6,156562
2021-08-05 00:00:00,15091.7,15183.8,15080.1,15181.8,134400
2021-08-06 00:00:00,15174.3,15178.3,15059.7,15100.5,138065
2021-08-09 00:00:00,15101.3,15156.0,15013.5,15135.8,136018
2021-08-10 00:00:00,15137.3,15168.4,15006.5,15056.6,137158
2021-08-11 00:00:00,15053.5,15128.4,14971.3,15015.2,151264
2021-08-12 00:00:00,15012.3,15098.6,14949.8,15085.4,125797
2021-08-13 00:00:00,15086.7,15149.7,15063.8,15131.0,112454
2021-08-16 00:00:00,15122.8,15145.6,14923.6,15140.7,152357
2021-08-17 00:00:00,15137.2,15139.7,14906.0,14975.2,180680
2021-08-18 00:00:00,14969.2,15040.4,14810.3,14844.0,172105
2021-08-19 00:00:00,14841.8,15001.1,14713.8,14944.2,227616
2021-08-20 00:00:00,14943.9,15102.3,14852.5,15097.8,190242
2021-08-23 00:00:00,15094.0,15341.2,15091.2,15331.6,135303
2021-08-24 00:00:00,15331.0,15387.4,15312.8,15363.4,128493
2021-08-25 00:00:00,15364.5,15400.8,15337.2,15369.0,130881
2021-08-26 00:00:00,15371.3,15371.9,15260.7,15289.1,164099
2021-08-27 00:00:00,15287.9,15447.5,15269.2,15428.4,129379
2021-08-30 00:00:00,15437.1,15622.3,15424.4,15609.7,109331
2021-08-31 00:00:00,15607.9,15679.7,15521.6,15599.4,161427
2021-09-01 00:00:00,15598.6,15697.4,15578.1,15611.5,129866
2021-09-02 00:00:00,15607.2,15681.3,15552.5,15599.3,143496
2021-09-03 00:00:00,15599.2,15673.8,15549.7,15651.7,127689
2021-09-06 00:00:00,15654.6,15707.8,15641.8,15700.4,50483
2021-09-07 00:00:00,15700.5,15701.6,15607.0,15670.8,146108
2021-09-08 00:00:00,15670.2,15691.1,15523.6,15607.2,171695
2021-09-09 00:00:00,15607.9,15674.9,15545.3,15558.4,156870
2021-09-10 00:00:00,15559.6,15667.0,15433.1,15447.5,135937
2021-09-13 00:00:00,15445.4,15564.8,15349.9,15450.2,179351
2021-09-14 00:00:00,15447.8,15528.6,15350.3,15395.0,153620
2021-09-15 00:00:00,15394.4,15519.9,15313.7,15509.8,151918
2021-09-16 00:00:00,15516.7,15540.6,15368.5,15506.9,146261
2021-09-17 00:00:00,15502.6,15535.5,15291.6,15301.7,169639
2021-09-20 00:00:00,15296.9,15349.9,14820.2,15003.2,212440
2021-09-21 00:00:00,15002.0,15173.8,14973.4,15001.3,190902
2021-09-22 00:00:00,15002.7,15234.5,14940.2,15190.3,178308
2021-09-23 00:00:00,15188.0,15356.9,15185.2,15309.2,167597
2021-09-24 00:00:00,15311.1,15346.1,15188.9,15329.7,166020
2021-09-27 00:00:00,15331.1,15410.9,15097.7,15185.5,173088
2021-09-28 00:00:00,15186.3,15204.2,14756.2,14782.6,223141
2021-09-29 00:00:00,14784.4,14938.9,14725.6,14772.5,213828
2021-09-30 00:00:00,14784.1,14895.0,14682.9,14700.3,217904
2021-10-01 00:00:00,14712.9,14831.0,14549.5,14786.8,220791
2021-10-04 00:00:00,14796.2,14847.3,14382.3,14498.2,233613
2021-10-05 00:00:00,14504.9,14765.5,14423.6,14673.1,205427
2021-10-06 00:00:00,14670.6,14780.0,14434.5,14776.4,243627
2021-10-07 00:00:00,14777.4,15010.9,14777.4,14901.2,177363
2021-10-08 00:00:00,14900.1,15006.4,14803.5,14820.2,188746
2021-10-11 00:00:00,14822.2,14909.4,14689.3,14699.1,194974
2021-10-12 00:00:00,14701.2,14795.3,14597.6,14610.4,202280
2021-10-13 00:00:00,14605.4,14805.4,14603.3,14778.5,180247
2021-10-14 00:00:00,14781.1,15083.0,14778.5,15076.8,139627
2021-10-15 00:00:00,15071.3,15153.9,15032.8,15150.8,154581
2021-10-18 00:00:00,15157.3,15307.7,15051.3,15300.5,163347
2021-10-19 00:00:00,15300.0,15439.8,15281.5,15425.7,143526
2021-10-20 00:00:00,15422.7,15458.5,15331.6,15370.2,152630
2021-10-21 00:00:00,15368.4,15495.6,15312.3,15396.1,157525
2021-10-22 00:00:00,15392.1,15475.2,15287.6,15336.7,169230
2021-10-25 00:00:00,15337.6,15558.8,15309.8,15556.9,160530
2021-10-26 00:00:00,15546.9,15711.9,15514.9,15533.4,169264
2021-10-27 00:00:00,15541.9,15729.7,15517.9,15606.1,179130
2021-10-28 00:00:00,15609.1,15788.0,15604.6,15684.5,181093
2021-10-29 00:00:00,15688.3,15870.7,15606.5,15869.0,185315
2021-11-01 00:00:00,15896.0,15924.8,15780.7,15896.0,151208
2021-11-02 00:00:00,15901.3,15993.3,15860.3,15969.2,145554
2021-11-03 00:00:00,15963.1,16158.0,15947.4,16142.5,137476
2021-11-04 00:00:00,16140.3,16387.9,16140.2,16347.8,148583
2021-11-05 00:00:00,16341.9,16457.3,16299.5,16353.7,159160
2021-11-08 00:00:00,16298.9,16400.8,16275.6,16329.6,154393
2021-11-09 00:00:00,16321.2,16398.9,16167.4,16201.3,166105
2021-11-10 00:00:00,16202.8,16247.2,15903.9,15991.7,188251
2021-11-11 00:00:00,15997.7,16120.0,15982.5,16044.5,159195
2021-11-12 00:00:00,16046.7,16218.8,16009.9,16207.9,146032
2021-11-15 00:00:00,16217.3,16281.9,16089.7,16200.7,142755
2021-11-16 00:00:00,16199.9,16328.8,16151.2,16299.4,142407
2021-11-17 00:00:00,16298.3,16399.6,16273.6,16322.6,144175
2021-11-18 00:00:00,16323.7,16508.5,16308.4,16505.5,151082
2021-11-19 00:00:00,16504.7,16628.9,16491.1,16585.9,183904
2021-11-22 00:00:00,16600.5,16768.4,16365.8,16396.7,174911
2021-11-23 00:00:00,16397.0,16420.3,16119.9,16298.2,208313
2021-11-24 00:00:00,16302.7,16370.0,16103.7,16355.5,189484
2021-11-25 00:00:00,16359.6,16437.0,16353.7,16408.0,54714
2021-11-26 00:00:00,16409.2,16414.4,15991.6,16042.0,203795
2021-11-29 00:00:00,16046.6,16440.2,16046.6,16415.2,216576
2021-11-30 00:00:00,16417.7,16457.3,16071.0,16237.2,246591
2021-12-01 00:00:00,16240.3,16429.4,15829.8,15864.0,227629
2021-12-02 00:00:00,15894.6,16066.7,15765.0,16015.9,254115
2021-12-03 00:00:00,16021.6,16122.2,15540.8,15685.3,237566
2021-12-06 00:00:00,15718.3,15898.1,15561.9,15848.2,222265
2021-12-07 00:00:00,15847.2,16374.7,15825.8,16367.9,174934
2021-12-08 00:00:00,16365.4,16435.4,16253.7,16382.1,180366
2021-12-09 00:00:00,16381.0,16421.4,16121.2,16158.0,167776
2021-12-10 00:00:00,16154.2,16336.8,16137.8,16317.9,156002
2021-12-13 00:00:00,16321.0,16411.2,16065.5,16095.3,171277
2021-12-14 00:00:00,16085.9,16132.8,15738.9,15933.1,202123
2021-12-15 00:00:00,15931.4,16300.8,15744.1,16288.3,195935
2021-12-16 00:00:00,16289.4,16457.7,15799.5,15886.6,213453
2021-12-17 00:00:00,15875.8,15961.4,15658.3,15831.1,226676
2021-12-20 00:00:00,15814.8,15858.3,15501.9,15681.0,233584
2021-12-21 00:00:00,15680.5,15994.8,15611.3,15982.8,186818
2021-12-22 00:00:00,15981.7,16189.1,15890.8,16187.0,167956
2021-12-23 00:00:00,16176.3,16360.5,16152.6,16306.5,123510
2021-12-27 00:00:00,16315.0,16583.3,16309.9,16574.5,131143
2021-12-28 00:00:00,16568.3,16660.3,16455.1,16512.6,152703
2021-12-29 00:00:00,16516.3,16565.5,16389.2,16481.2,147278
2021-12-30 00:00:00,16484.1,16570.2,16416.9,16434.9,126866
2021-12-31 00:00:00,16438.9,16468.9,16316.4,16333.8,134254
2022-01-03 00:00:00,16358.6,16515.5,16294.5,16501.9,153543
2022-01-04 00:00:00,16503.0,16569.0,16147.5,16265.0,182005
2022-01-05 00:00:00,16267.3,16273.1,15761.2,15762.8,186209
2022-01-06 00:00:00,15768.3,15902.2,15607.9,15801.7,250198
2022-01-07 00:00:00,15811.2,15861.5,15522.9,15584.5,215436
2022-01-10 00:00:00,15600.3,15679.5,15162.5,15622.5,233684
2022-01-11 00:00:00,15629.9,15849.8,15488.5,15835.7,222732
2022-01-12 00:00:00,15837.0,16020.5,15773.3,15906.2,212956
2022-01-13 00:00:00,15907.0,15990.7,15469.9,15510.5,211056
2022-01-14 00:00:00,15514.8,15626.8,15321.7,15625.2,252802
2022-01-17 00:00:00,15618.0,15646.8,15518.3,15569.3,93090
2022-01-18 00:00:00,15573.3,15612.7,15183.8,15251.6,252017
2022-01-19 00:00:00,15255.3,15383.4,15024.2,15046.8,258626
2022-01-20 00:00:00,15053.5,15351.2,14659.0,14734.0,243582
2022-01-21 00:00:00,14731.9,14870.0,14422.5,14432.4,277010
2022-01-24 00:00:00,14423.0,14592.7,13719.6,14528.3,297473
2022-01-25 00:00:00,14500.3,14511.6,13904.9,13942.0,289674
2022-01-26 00:00:00,13963.8,14652.1,13963.8,14167.5,268670
2022-01-27 00:00:00,14208.8,14423.7,13861.4,14120.7,311427
2022-01-28 00:00:00,14176.4,14455.9,13844.8,14444.9,291369
2022-01-31 00:00:00,14469.0,14931.2,14368.8,14878.7,242799
2022-02-01 00:00:00,14886.7,15152.7,14747.9,15136.7,212691
2022-02-02 00:00:00,15145.6,15276.1,14843.4,14873.1,216073
2022-02-03 00:00:00,14860.4,14884.9,14473.9,14823.6,240319
2022-02-04 00:00:00,14774.0,14836.4,14374.9,14655.9,264666
2022-02-07 00:00:00,14697.8,14818.7,14524.3,14615.3,248963
2022-02-08 00:00:00,14612.8,14785.2,14481.5,14755.1,227762
2022-02-09 00:00:00,14752.3,15078.4,14750.7,15064.1,188108
2022-02-10 00:00:00,15069.7,15071.1,14635.1,14707.1,233729
2022-02-11 00:00:00,14709.1,14777.9,14192.5,14271.3,253287
2022-02-14 00:00:00,14260.4,14405.3,14038.5,14270.1,291755
2022-02-15 00:00:00,14269.6,14624.0,14234.5,14594.6,238301
2022-02-16 00:00:00,14595.3,14674.8,14389.4,14598.1,233289
2022-02-17 00:00:00,14596.3,14624.6,14141.7,14163.0,245881
2022-02-18 00:00:00,14163.2,14305.7,13915.7,14010.9,262122
2022-02-21 00:00:00,13962.3,14166.5,13725.7,13744.8,151345
2022-02-22 00:00:00,13688.3,14116.9,13590.1,13923.1,315682
2022-02-23 00:00:00,13922.5,14073.3,13478.8,13491.2,252648
2022-02-24 00:00:00,13487.4,13988.3,13030.5,13920.0,356868
2022-02-25 00:00:00,13908.9,14203.2,13766.9,14200.4,298850
2022-02-28 00:00:00,13851.5,14296.2,13692.4,14223.1,287218
2022-03-01 00:00:00,14222.3,14332.4,13907.0,14030.6,262336
2022-03-02 00:00:00,14026.1,14294.4,13916.9,14200.3,259542
2022-03-03 00:00:00,14199.5,14394.5,13961.7,14064.0,234957
2022-03-04 00:00:00,14068.0,14086.7,13735.9,13801.5,278176
2022-03-07 00:00:00,13764.9,13881.3,13265.9,13280.1,291513
2022-03-08 00:00:00,13272.8,13665.5,13105.1,13204.7,292262
2022-03-09 00:00:00,13199.5,13822.6,13195.9,13779.4,280951
2022-03-10 00:00:00,13775.8,13775.9,13400.7,13572.5,263073
2022-03-11 00:00:00,13574.0,13861.9,13284.8,13316.3,207236
2022-03-14 00:00:00,13368.8,13444.8,13016.9,13080.3,208114
2022-03-15 00:00:00,13078.4,13487.1,12943.6,13443.0,230642
2022-03-16 00:00:00,13448.9,14027.2,13415.7,13999.9,241106
2022-03-17 00:00:00,13990.7,14135.3,13819.9,14056.5,232813
2022-03-18 00:00:00,14062.2,14442.8,13970.1,14435.8,223921
2022-03-21 00:00:00,14410.0,14470.9,14191.1,14395.4,226111
2022-03-22 00:00:00,14392.2,14690.4,14295.7,14654.4,216703
2022-03-23 00:00:00,14653.4,14685.0,14443.4,14463.2,215329
2022-03-24 00:00:00,14461.9,14768.4,14436.6,14761.5,214655
2022-03-25 00:00:00,14763.6,14837.9,14574.0,14749.5,211092
2022-03-28 00:00:00,14755.7,14994.4,14657.2,14980.2,230556
2022-03-29 00:00:00,14975.3,15265.3,14953.9,15223.3,222668
2022-03-30 00:00:00,15220.4,15257.5,15010.4,15104.8,223787
2022-03-31 00:00:00,15098.5,15178.4,14851.7,14909.8,214029
2022-04-01 00:00:00,14905.9,14952.6,14722.6,14835.0,218174
2022-04-04 00:00:00,14852.8,15170.0,14797.5,15156.4,187386
2022-04-05 00:00:00,15150.1,15189.8,14777.2,14854.8,197233
2022-04-06 00:00:00,14853.4,14853.7,14390.7,14489.2,238961
2022-04-07 00:00:00,14488.1,14627.5,14315.8,14531.0,238543
2022-04-08 00:00:00,14529.3,14634.5,14307.1,14324.7,220965
2022-04-11 00:00:00,14342.2,14367.2,13979.8,13998.6,239717
2022-04-12 00:00:00,14000.6,14279.3,13877.1,13948.5,251734
2022-04-13 00:00:00,13949.3,14260.2,13918.4,14206.4,225116
2022-04-14 00:00:00,14208.8,14290.7,13875.2,13891.9,213078
2022-04-18 00:00:00,13892.2,14001.3,13730.1,13962.6,199831
2022-04-19 00:00:00,13965.4,14237.6,13827.1,14086.3,228718
2022-04-20 00:00:00,14091.8,14294.0,13955.5,14065.7,243273
2022-04-21 00:00:00,14067.2,14277.3,13666.9,13719.1,237749
2022-04-22 00:00:00,13712.8,13775.9,13297.0,13318.7,260800
2022-04-25 00:00:00,13336.0,13548.1,13183.3,13524.7,297013
2022-04-26 00:00:00,13525.4,13581.6,12803.7,12813.7,248146
2022-04-27 00:00:00,12892.9,13254.0,12877.7,13168.8,290942
2022-04-28 00:00:00,13184.7,13539.5,13034.9,13312.6,267445
2022-04-29 00:00:00,13203.4,13432.4,12833.9,12888.6,270711
2022-05-02 00:00:00,12894.1,13083.7,12710.7,13050.2,283615
2022-05-03 00:00:00,13051.5,13183.5,12970.0,13119.9,255719
2022-05-04 00:00:00,13108.2,13555.8,12884.6,13495.4,220414
2022-05-05 00:00:00,13508.2,13547.0,12708.9,12894.7,252721
2022-05-06 00:00:00,12881.5,12928.4,12520.0,12672.9,281208
2022-05-09 00:00:00,12604.3,12637.5,12135.6,12203.5,274216
2022-05-10 00:00:00,12210.4,12542.8,12101.0,12329.2,274190
2022-05-11 00:00:00,12326.8,12551.2,11938.8,12007.6,262850
2022-05-12 00:00:00,11994.6,12131.7,11689.6,11871.7,288924
2022-05-13 00:00:00,11900.7,12429.9,11900.1,12360.2,245457
2022-05-16 00:00:00,12407.5,12496.6,12189.9,12233.8,256881
2022-05-17 00:00:00,12231.8,12575.3,12231.8,12571.1,229253
2022-05-18 00:00:00,12570.5,12588.4,11858.3,11890.5,233541
2022-05-19 00:00:00,11895.7,12071.7,11700.7,11898.3,281190
2022-05-20 00:00:00,11896.4,12092.4,11489.9,11832.4,246945
2022-05-23 00:00:00,11864.4,12072.2,11782.2,12050.7,253666
2022-05-24 00:00:00,11905.2,11905.2,11574.7,11806.8,251361
2022-05-25 00:00:00,11806.2,12028.3,11668.4,11883.5,252691
2022-05-26 00:00:00,11889.1,12341.0,11843.9,12256.6,233343
2022-05-27 00:00:00,12247.0,12717.7,12220.0,12712.0,210273
2022-05-30 00:00:00,12706.3,12880.5,12671.9,12808.2,104840
2022-05-31 00:00:00,12809.1,12824.1,12480.0,12654.3,257032
2022-06-01 00:00:00,12660.4,12820.7,12453.9,12543.5,233587
2022-06-02 00:00:00,12542.6,12899.1,12439.3,12894.1,224988
2022-06-03 00:00:00,12893.9,12941.5,12501.9,12552.1,219615
2022-06-06 00:00:00,12547.1,12805.5,12524.3,12604.1,220878
2022-06-07 00:00:00,12601.3,12735.5,12410.6,12677.0,222364
2022-06-08 00:00:00,12676.2,12779.2,12577.1,12619.2,219110
2022-06-09 00:00:00,12615.2,12722.1,12253.4,12296.8,226809
2022-06-10 00:00:00,12300.3,12336.7,11822.1,11854.9,196419
2022-06-13 00:00:00,11765.1,11768.8,11253.6,11327.8,220993
2022-06-14 00:00:00,11328.5,11501.8,11202.5,11323.5,252793
2022-06-15 00:00:00,11328.6,11755.1,11324.1,11587.9,240594
2022-06-16 00:00:00,11616.5,11732.6,11036.6,11170.8,253811
2022-06-17 00:00:00,11171.4,11359.8,11085.0,11269.6,245322
2022-06-20 00:00:00,11297.3,11401.3,11239.8,11385.3,120094
2022-06-21 00:00:00,11386.1,11639.7,11362.4,11548.6,207200
2022-06-22 00:00:00,11541.0,11710.6,11284.2,11507.6,231403
2022-06-23 00:00:00,11509.3,11732.7,11425.4,11652.1,243846
2022-06-24 00:00:00,11655.5,12113.5,11650.6,12078.4,197397
2022-06-27 00:00:00,12103.3,12226.6,11960.6,12039.2,228035
2022-06-28 00:00:00,12042.3,12139.9,11627.8,11647.8,220797
2022-06-29 00:00:00,11646.7,11714.1,11530.3,11656.2,222685
2022-06-30 00:00:00,11659.1,11661.6,11316.8,11493.3,239771
2022-07-01 00:00:00,11478.5,11597.7,11353.2,11583.9,240106
2022-07-04 00:00:00,11579.2,11588.9,11471.2,11523.8,96037
2022-07-05 00:00:00,11520.8,11786.6,11355.7,11782.9,236753
2022-07-06 00:00:00,11792.1,11942.9,11699.4,11871.2,236698
2022-07-07 00:00:00,11869.6,12137.4,11805.5,12089.1,196022
2022-07-08 00:00:00,12084.3,12180.9,11921.6,12128.2,213197
2022-07-11 00:00:00,12119.0,12119.0,11825.2,11874.1,207043
2022-07-12 00:00:00,11871.5,11998.4,11683.6,11749.3,226327
2022-07-13 00:00:00,11753.2,11933.1,11448.6,11700.9,239430
2022-07-14 00:00:00,11696.6,11804.2,11480.8,11776.5,244898
2022-07-15 00:00:00,11781.6,11992.6,11710.7,11988.3,211560
2022-07-18 00:00:00,12016.9,12158.1,11832.6,11887.7,196402
2022-07-19 00:00:00,11883.0,12298.0,11864.2,12289.1,193870
2022-07-20 00:00:00,12303.8,12490.0,12207.8,12399.7,215739
2022-07-21 00:00:00,12408.7,12628.3,12348.7,12546.2,227961
2022-07-22 00:00:00,12535.6,12673.4,12318.6,12400.9,201948
2022-07-25 00:00:00,12421.0,12473.0,12242.2,12299.1,199135
2022-07-26 00:00:00,12285.4,12308.2,12045.7,12166.3,185813
2022-07-27 00:00:00,12167.3,12665.6,12167.3,12553.8,183937
2022-07-28 00:00:00,12553.7,12924.9,12428.6,12900.8,208846
2022-07-29 00:00:00,12885.0,12985.8,12721.7,12950.7,198785
2022-08-01 00:00:00,12960.9,13085.9,12832.1,12957.5,198558
2022-08-02 00:00:00,12949.3,13075.5,12795.0,12896.8,215850
2022-08-03 00:00:00,12900.9,13289.2,12847.7,13227.7,199374
2022-08-04 00:00:00,13227.9,13332.6,13164.8,13307.7,192385
2022-08-05 00:00:00,13305.8,13361.6,13068.1,13194.5,188251
2022-08-08 00:00:00,13208.3,13398.8,13101.0,13189.9,198182
2022-08-09 00:00:00,13183.0,13212.4,12943.0,13032.0,189376
2022-08-10 00:00:00,13027.7,13385.9,12959.9,13359.3,177422
2022-08-11 00:00:00,13357.7,13553.6,13268.6,13326.2,190235
2022-08-12 00:00:00,13323.7,13562.3,13291.6,13558.5,164813
2022-08-15 00:00:00,13553.0,13685.0,13474.5,13658.7,164026
2022-08-16 00:00:00,13653.8,13721.5,13505.4,13643.7,174439
2022-08-17 00:00:00,13635.1,13647.6,13387.2,13489.0,197714
2022-08-18 00:00:00,13478.1,13555.8,13387.9,13517.2,182513
2022-08-19 00:00:00,13508.9,13512.3,13210.3,13228.3,180866
2022-08-22 00:00:00,13207.4,13207.4,12858.7,12916.4,186147
2022-08-23 00:00:00,12915.9,13001.2,12806.4,12871.8,190533
2022-08-24 00:00:00,12869.4,12996.7,12809.9,12940.1,178176
2022-08-25 00:00:00,12930.0,13147.4,12909.5,13128.7,178756
2022-08-26 00:00:00,13142.9,13206.0,12546.1,12546.1,192007
2022-08-29 00:00:00,12474.2,12598.6,12391.6,12493.5,225764
2022-08-30 00:00:00,12492.8,12646.4,12237.5,12349.8,210550
2022-08-31 00:00:00,12354.7,12502.2,12267.4,12295.5,214024
2022-09-01 00:00:00,12261.2,12288.5,12009.7,12284.1,237076
2022-09-02 00:00:00,12284.8,12453.4,12034.8,12121.1,224738
2022-09-05 00:00:00,12107.1,12162.4,12049.4,12132.4,110795
2022-09-06 00:00:00,12134.1,12238.8,11925.6,12013.4,226277
2022-09-07 00:00:00,12011.8,12298.3,11918.3,12255.3,211040
2022-09-08 00:00:00,12261.5,12375.2,12111.0,12344.1,209652
2022-09-09 00:00:00,12340.3,12610.4,12326.1,12589.1,164028
2022-09-12 00:00:00,12624.8,12770.4,12571.5,12767.4,180201
2022-09-13 00:00:00,12767.8,12867.5,12005.1,12047.9,201918
2022-09-14 00:00:00,12050.3,12171.2,11998.6,12167.1,228449
2022-09-15 00:00:00,12158.5,12185.3,11865.5,11895.3,209363
2022-09-16 00:00:00,11881.6,11883.0,11707.8,11870.8,213073
2022-09-19 00:00:00,11849.4,11992.3,11719.7,11972.4,199406
2022-09-20 00:00:00,11972.5,12018.2,11760.7,11877.6,196054
2022-09-21 00:00:00,11873.6,12067.2,11580.5,11594.0,197273
2022-09-22 00:00:00,11594.2,11727.7,11448.4,11505.1,246059
2022-09-23 00:00:00,11516.0,11535.7,11168.2,11325.9,237479
2022-09-26 00:00:00,11303.0,11475.2,11195.9,11250.1,273478
2022-09-27 00:00:00,11252.1,11504.5,11172.3,11290.1,246423
2022-09-28 00:00:00,11298.8,11547.4,11080.8,11477.9,278798
2022-09-29 00:00:00,11476.1,11498.9,11038.8,11171.3,263348
2022-09-30 00:00:00,11164.8,11297.0,10967.5,10993.8,271786
2022-10-03 00:00:00,10949.9,11298.9,10834.0,11249.5,154697
2022-10-04 00:00:00,11256.1,11611.0,11219.4,11579.8,145515
2022-10-05 00:00:00,11571.5,11649.3,11305.9,11568.0,142329
2022-10-06 00:00:00,11567.0,11667.8,11448.4,11449.1,149244
2022-10-07 00:00:00,11425.2,11506.2,10989.6,11040.3,195383
2022-10-10 00:00:00,11013.4,11078.9,10822.3,10939.2,233568
2022-10-11 00:00:00,10931.2,10984.4,10714.2,10824.5,260067
2022-10-12 00:00:00,10815.5,10921.1,10751.9,10798.7,255523
2022-10-13 00:00:00,10804.5,11087.8,10431.1,11014.5,232036
2022-10-14 00:00:00,11017.6,11200.0,10679.4,10697.9,259033
2022-10-17 00:00:00,10675.8,11092.6,10670.6,11082.8,232717
2022-10-18 00:00:00,11119.7,11378.4,11032.5,11271.3,249074
2022-10-19 00:00:00,11276.8,11329.5,11003.2,11104.4,241689
2022-10-20 00:00:00,11087.7,11281.8,10961.8,11013.8,251533
2022-10-21 00:00:00,11017.4,11339.9,10893.3,11332.1,238434
2022-10-24 00:00:00,11348.4,11485.8,11163.7,11413.1,281345
2022-10-25 00:00:00,11409.5,11686.1,11384.5,11543.3,235984
2022-10-26 00:00:00,11462.8,11656.2,11369.0,11433.0,247943
2022-10-27 00:00:00,11371.3,11489.6,10885.8,11066.0,239933
2022-10-28 00:00:00,11095.1,11578.9,11019.9,11576.7,238044
2022-10-31 00:00:00,11544.6,11547.8,11326.3,11412.7,209068
2022-11-01 00:00:00,11415.9,11578.4,11247.7,11280.1,210651
2022-11-02 00:00:00,11286.4,11417.7,10873.0,10906.5,213939
2022-11-03 00:00:00,10900.1,10959.6,10672.8,10693.6,227952
2022-11-04 00:00:00,10672.3,10938.3,10602.7,10838.2,242945
2022-11-07 00:00:00,10752.4,11001.1,10719.2,10976.3,222961
2022-11-08 00:00:00,10973.7,11193.3,10894.6,11055.5,215574
2022-11-09 00:00:00,11052.2,11124.9,10789.5,10810.3,235522
2022-11-10 00:00:00,10813.8,11642.1,10792.4,11641.0,229631
2022-11-11 00:00:00,11637.1,11841.2,11537.1,11799.6,236424
2022-11-14 00:00:00,11755.9,11863.4,11666.9,11731.3,212608
2022-11-15 00:00:00,11733.6,12083.0,11725.7,11856.1,238510
2022-11-16 00:00:00,11844.6,11922.6,11667.9,11730.6,233069
2022-11-17 00:00:00,11738.0,11788.2,11490.0,11709.0,221243
2022-11-18 00:00:00,11711.5,11808.3,11578.3,11679.9,206611
2022-11-21 00:00:00,11708.5,11709.9,11523.4,11558.9,196698
2022-11-22 00:00:00,11551.6,11732.2,11496.1,11711.6,177515
2022-11-23 00:00:00,11716.3,11868.8,11692.8,11850.9,181735
2022-11-24 00:00:00,11853.0,11908.6,11850.1,11889.0,72015
2022-11-25 00:00:00,11890.7,11899.7,11742.7,11762.2,114514
2022-11-28 00:00:00,11710.1,11765.2,11552.6,11600.9,195868
2022-11-29 00:00:00,11599.8,11681.7,11446.7,11498.0,198713
2022-11-30 00:00:00,11498.3,12055.6,11476.5,12052.5,207133
2022-12-01 00:00:00,12054.8,12115.7,11924.5,12018.2,219364
2022-12-02 00:00:00,12018.9,12049.4,11722.8,11961.9,204561
2022-12-05 00:00:00,11992.0,11995.6,11730.3,11795.7,196393
2022-12-06 00:00:00,11789.4,11829.9,11488.7,11553.0,209349
2022-12-07 00:00:00,11552.2,11582.9,11410.3,11485.8,212313
2022-12-08 00:00:00,11488.6,11675.1,11421.1,11627.4,195603
2022-12-09 00:00:00,11630.7,11726.1,11511.1,11545.7,177007
2022-12-12 00:00:00,11548.6,11708.8,11518.0,11686.8,156782
2022-12-13 00:00:00,11692.4,12201.7,11671.9,11827.6,208223
2022-12-14 00:00:00,11828.1,11941.9,11607.1,11765.8,195315
2022-12-15 00:00:00,11759.8,11775.0,11299.2,11349.5,209717
2022-12-16 00:00:00,11342.1,11384.6,11169.1,11213.1,211429
2022-12-19 00:00:00,11223.3,11305.6,11027.5,11079.2,188312
2022-12-20 00:00:00,11078.9,11143.7,10940.1,11090.1,226622
2022-12-21 00:00:00,11101.3,11286.6,11079.9,11249.0,198141
2022-12-22 00:00:00,11255.4,11282.6,10780.2,10949.1,197340
2022-12-23 00:00:00,10968.3,11048.4,10825.1,10980.1,186376
2022-12-27 00:00:00,11024.6,11090.3,10803.5,10820.9,174306
2022-12-28 00:00:00,10824.5,10904.7,10668.4,10694.0,186883
2022-12-29 00:00:00,10694.6,10983.0,10686.6,10942.8,170531
2022-12-30 00:00:00,10945.7,10967.6,10772.6,10955.2,169909
2023-01-03 00:00:00,11048.4,11097.3,10766.7,10864.0,225778
2023-01-04 00:00:00,10857.0,10982.3,10781.8,10901.5,204278
2023-01-05 00:00:00,10907.4,10963.0,10728.4,10758.5,198901
2023-01-06 00:00:00,10761.5,11082.9,10674.9,11026.5,190367
2023-01-09 00:00:00,11050.0,11306.1,11044.1,11105.1,189154
2023-01-10 00:00:00,11107.0,11211.0,11017.7,11204.8,182673
2023-01-11 00:00:00,11204.8,11398.8,11161.2,11395.5,171118
2023-01-12 00:00:00,11396.4,11502.3,11216.6,11453.5,201501
2023-01-13 00:00:00,11456.1,11549.8,11320.5,11535.7,178615
2023-01-16 00:00:00,11546.2,11570.8,11441.6,11498.1,75784
2023-01-17 00:00:00,11504.3,11619.4,11464.6,11554.0,174947
2023-01-18 00:00:00,11549.8,11689.2,11401.3,11416.3,188781
2023-01-19 00:00:00,11404.2,11420.6,11248.4,11328.7,190165
2023-01-20 00:00:00,11339.6,11623.8,11302.9,11611.1,167016
2023-01-23 00:00:00,11618.2,11922.3,11591.4,11871.3,169039
2023-01-24 00:00:00,11872.4,11946.9,11773.9,11909.3,165709
2023-01-25 00:00:00,11909.2,11913.1,11547.8,11817.6,193173
2023-01-26 00:00:00,11811.3,12055.0,11807.9,12000.1,185465
2023-01-27 00:00:00,11991.6,12249.7,11959.8,12164.5,175451
2023-01-30 00:00:00,12156.6,12196.5,11906.7,11933.8,200546
2023-01-31 00:00:00,11930.8,12102.1,11815.9,12062.3,193437
2023-02-01 00:00:00,12063.8,12467.5,12004.8,12450.4,186615
2023-02-02 00:00:00,12472.2,12893.7,12446.1,12625.2,223375
2023-02-03 00:00:00,12692.8,12829.1,12499.7,12566.2,224923
2023-02-06 00:00:00,12520.4,12557.8,12406.9,12464.9,199921
2023-02-07 00:00:00,12466.4,12770.7,12414.0,12696.4,203950
2023-02-08 00:00:00,12705.5,12763.6,12470.1,12514.9,198839
2023-02-09 00:00:00,12507.6,12682.7,12326.3,12407.0,202681
2023-02-10 00:00:00,12401.4,12406.8,12201.5,12297.8,209232
2023-02-13 00:00:00,12313.8,12524.3,12222.4,12502.1,177337
2023-02-14 00:00:00,12504.5,12640.3,12348.9,12577.6,203299
2023-02-15 00:00:00,12570.3,12710.4,12483.1,12700.4,193652
2023-02-16 00:00:00,12694.7,12746.7,12416.7,12426.9,198878
2023-02-17 00:00:00,12421.4,12423.5,12231.9,12348.8,198225
2023-02-20 00:00:00,12340.1,12381.3,12311.0,12331.3,69096
2023-02-21 00:00:00,12332.5,12343.5,12058.8,12078.4,187320
2023-02-22 00:00:00,12074.0,12158.8,12004.4,12133.6,195865
2023-02-23 00:00:00,12144.1,12228.7,12002.4,12165.7,190252
2023-02-24 00:00:00,12160.9,12185.1,11896.8,11974.8,189348
2023-02-27 00:00:00,11979.6,12164.1,11964.2,12064.9,176582
2023-02-28 00:00:00,12067.6,12147.5,12001.4,12017.0,179831
2023-03-01 00:00:00,12011.2,12117.2,11903.8,11960.7,197029
2023-03-02 00:00:00,11944.7,12074.7,11808.6,12032.8,205281
2023-03-03 00:00:00,12026.1,12305.7,11991.1,12303.4,174513
2023-03-06 00:00:00,12286.6,12467.8,12255.4,12302.8,179766
2023-03-07 00:00:00,12302.5,12363.7,12128.8,12157.3,187208
2023-03-08 00:00:00,12157.9,12240.0,12095.4,12222.1,201784
2023-03-09 00:00:00,12219.3,12342.2,11968.2,11998.4,211002
2023-03-10 00:00:00,11992.7,12098.6,11788.4,11857.0,232035
2023-03-13 00:00:00,11890.4,12088.2,11682.7,11941.4,250540
2023-03-14 00:00:00,11942.3,12219.4,11893.9,12196.1,229236
2023-03-15 00:00:00,12190.4,12274.2,11958.6,12260.3,260607
2023-03-16 00:00:00,12261.6,12596.6,12181.2,12575.2,246161
2023-03-17 00:00:00,12574.8,12673.1,12442.2,12519.2,231490
2023-03-20 00:00:00,12566.4,12623.4,12397.3,12572.5,248562
2023-03-21 00:00:00,12567.2,12763.0,12547.4,12741.6,184850
2023-03-22 00:00:00,12738.1,12947.5,12549.0,12569.5,184386
2023-03-23 00:00:00,12568.3,12901.2,12568.3,12744.5,209695
2023-03-24 00:00:00,12748.5,12799.6,12601.9,12795.8,221499
2023-03-27 00:00:00,12790.8,12849.6,12644.0,12690.1,184833
2023-03-28 00:00:00,12688.7,12711.3,12516.8,12627.0,167796
2023-03-29 00:00:00,12625.8,12868.1,12620.9,12836.4,162307
2023-03-30 00:00:00,12840.3,12988.5,12807.9,12967.4,164487
2023-03-31 00:00:00,12961.1,13187.7,12939.3,13185.7,161353
2023-04-03 00:00:00,13137.6,13158.7,13032.8,13141.4,174630
2023-04-04 00:00:00,13136.1,13225.2,13048.8,13110.0,170143
2023-04-05 00:00:00,13108.9,13126.3,12894.1,12958.7,165507
2023-04-06 00:00:00,12947.5,13077.9,12843.4,13050.6,164117
2023-04-07 00:00:00,13047.2,13076.6,13010.7,13071.5,27261
2023-04-10 00:00:00,13066.2,13090.0,12856.1,13055.1,144854
2023-04-11 00:00:00,13051.8,13097.0,12945.6,12971.8,159340
2023-04-12 00:00:00,12964.7,13132.7,12831.9,12851.5,173792
2023-04-13 00:00:00,12848.6,13125.3,12819.8,13079.0,161898
2023-04-14 00:00:00,13081.4,13151.6,12956.6,13103.6,171048
2023-04-17 00:00:00,13112.1,13117.4,12977.8,13081.2,166556
2023-04-18 00:00:00,13082.7,13198.6,13042.4,13090.6,158984
2023-04-19 00:00:00,13075.5,13129.8,12969.2,13071.3,151922
2023-04-20 00:00:00,13066.4,13104.6,12928.6,12999.7,171379
2023-04-21 00:00:00,12998.6,13031.7,12895.6,12989.9,162510
2023-04-24 00:00:00,12981.7,13046.8,12880.4,12965.4,152673
2023-04-25 00:00:00,12961.4,12973.7,12719.9,12834.5,169973
2023-04-26 00:00:00,12860.5,12930.2,12783.7,12876.1,196352
2023-04-27 00:00:00,12881.9,13253.7,12854.5,13183.2,161035
2023-04-28 00:00:00,13128.5,13258.4,13093.2,13250.9,178293
2023-05-01 00:00:00,13241.3,13289.4,13184.6,13210.7,145886
2023-05-02 00:00:00,13205.2,13259.6,13040.7,13096.6,171393
2023-05-03 00:00:00,13091.0,13235.8,13011.3,13016.6,171063
2023-05-04 00:00:00,12990.8,13101.3,12937.9,12980.3,196103
2023-05-05 00:00:00,12992.3,13291.3,12988.1,13245.1,157270
2023-05-08 00:00:00,13249.2,13305.2,13191.7,13275.2,143195
2023-05-09 00:00:00,13264.4,13284.7,13191.3,13197.3,138048
2023-05-10 00:00:00,13193.8,13384.1,13139.9,13347.2,177120
2023-05-11 00:00:00,13347.1,13412.6,13303.2,13390.5,171953
2023-05-12 00:00:00,13386.1,13433.8,13254.0,13315.0,155316
2023-05-15 00:00:00,13319.8,13420.5,13291.7,13405.8,148305
2023-05-16 00:00:00,13404.7,13499.2,13371.1,13448.3,150466
2023-05-17 00:00:00,13437.2,13609.6,13414.6,13582.1,152440
2023-05-18 00:00:00,13581.9,13858.0,13569.7,13856.0,161949
2023-05-19 00:00:00,13856.3,13904.7,13761.1,13786.3,178407
2023-05-22 00:00:00,13750.8,13892.4,13744.3,13859.2,157830
2023-05-23 00:00:00,13860.0,13924.0,13661.5,13684.8,171355
2023-05-24 00:00:00,13678.5,13795.0,13519.5,13794.7,183347
2023-05-25 00:00:00,13829.0,13990.0,13753.9,13940.8,201349
2023-05-26 00:00:00,13938.4,14328.3,13885.1,14321.3,177263
2023-05-29 00:00:00,14397.3,14409.1,14327.2,14366.4,57892
2023-05-30 00:00:00,14360.3,14529.3,14299.7,14371.3,187412
2023-05-31 00:00:00,14352.0,14389.2,14213.6,14254.0,191720
2023-06-01 00:00:00,14253.5,14495.3,14208.3,14463.0,184511
2023-06-02 00:00:00,14457.5,14595.3,14439.6,14554.2,168753
2023-06-05 00:00:00,14543.2,14663.8,14484.5,14553.8,178558
2023-06-06 00:00:00,14549.9,14595.2,14475.9,14564.3,170800
2023-06-07 00:00:00,14564.5,14648.6,14281.9,14294.2,178302
2023-06-08 00:00:00,14296.6,14507.3,14233.6,14501.5,178305
2023-06-09 00:00:00,14495.0,14671.7,14442.4,14547.7,153916
2023-06-12 00:00:00,14539.6,14811.9,14538.9,14809.4,136645
2023-06-13 00:00:00,14800.2,14950.4,14767.0,14911.4,181845
2023-06-14 00:00:00,14917.1,15048.0,14785.9,15034.7,176823
2023-06-15 00:00:00,15023.8,15249.5,14872.5,15182.4,190236
2023-06-16 00:00:00,15176.8,15280.9,15073.9,15113.6,180968
2023-06-19 00:00:00,15122.4,15136.6,15045.7,15054.7,66667
2023-06-20 00:00:00,15060.8,15125.3,14947.1,15062.4,166968
2023-06-21 00:00:00,15064.9,15088.3,14823.2,14858.9,177836
2023-06-22 00:00:00,14862.9,15063.2,14789.4,15061.5,178050
2023-06-23 00:00:00,15058.3,15059.0,14818.5,14886.3,184382
2023-06-26 00:00:00,14895.0,14983.3,14687.5,14704.4,187200
2023-06-27 00:00:00,14714.6,14971.4,14696.7,14924.8,168395
2023-06-28 00:00:00,14923.4,15052.5,14856.8,14991.0,181091
2023-06-29 00:00:00,14991.1,15034.7,14870.5,14949.7,169018
2023-06-30 00:00:00,14939.7,15216.3,14939.3,15157.2,160338
2023-07-03 00:00:00,15178.2,15235.3,15154.7,15203.3,101476
2023-07-04 00:00:00,15189.7,15214.9,15180.6,15191.1,36678
2023-07-05 00:00:00,15192.6,15277.1,15101.6,15199.0,148711
2023-07-06 00:00:00,15201.8,15209.7,14968.4,15076.2,168667
2023-07-07 00:00:00,15068.6,15212.1,15025.8,15046.1,164406
2023-07-10 00:00:00,15049.3,15076.2,14921.5,15049.0,176568
2023-07-11 00:00:00,15048.3,15136.7,14971.2,15120.9,159387
2023-07-12 00:00:00,15114.6,15364.6,15113.5,15318.0,161917
2023-07-13 00:00:00,15317.7,15602.9,15316.1,15561.9,148150
2023-07-14 00:00:00,15565.4,15721.8,15529.8,15561.8,168005
2023-07-17 00:00:00,15555.9,15747.0,15528.9,15690.3,145158
2023-07-18 00:00:00,15695.4,15896.7,15603.0,15816.4,154531
2023-07-19 00:00:00,15816.7,15931.5,15780.8,15809.0,165341
2023-07-20 00:00:00,15788.3,15794.9,15429.8,15481.7,185834
2023-07-21 00:00:00,15472.3,15599.9,15408.6,15438.2,174753
2023-07-24 00:00:00,15442.4,15512.2,15374.1,15458.0,165445
2023-07-25 00:00:00,15456.0,15624.3,15436.8,15606.9,151123
2023-07-26 00:00:00,15614.3,15627.0,15407.9,15516.8,182490
2023-07-27 00:00:00,15533.2,15794.3,15413.2,15485.6,191946
2023-07-28 00:00:00,15482.9,15787.6,15445.7,15739.6,201137
2023-07-31 00:00:00,15741.1,15811.9,15686.9,15769.2,169917
2023-08-01 00:00:00,15770.4,15789.1,15632.5,15711.2,158158
2023-08-02 00:00:00,15618.4,15691.2,15322.4,15358.4,207602
2023-08-03 00:00:00,15364.6,15465.9,15248.4,15366.1,212757
2023-08-04 00:00:00,15353.0,15526.1,15257.7,15286.4,202193
2023-08-07 00:00:00,15289.6,15413.7,15254.1,15409.8,179477
2023-08-08 00:00:00,15413.6,15415.9,15145.3,15274.1,193628
2023-08-09 00:00:00,15276.6,15354.7,15074.1,15126.2,179567
2023-08-10 00:00:00,15126.9,15367.3,15068.4,15146.6,201581
2023-08-11 00:00:00,15152.3,15194.6,14968.2,15039.2,189638
2023-08-14 00:00:00,15034.8,15212.4,14955.9,15211.7,192076
2023-08-15 00:00:00,15211.4,15267.1,15014.5,15047.5,193891
2023-08-16 00:00:00,15047.2,15100.1,14857.1,14873.0,200248
2023-08-17 00:00:00,14877.9,14952.8,14678.1,14683.1,201982
2023-08-18 00:00:00,14693.8,14746.4,14553.5,14688.7,208307
2023-08-21 00:00:00,14708.1,14959.8,14666.2,14918.2,189179
2023-08-22 00:00:00,14919.2,15065.2,14881.5,14912.1,184884
2023-08-23 00:00:00,14914.3,15296.6,14906.1,15295.6,178580
2023-08-24 00:00:00,15278.0,15366.4,14773.1,14788.5,201000
2023-08-25 00:00:00,14800.3,15008.3,14715.7,14930.1,197656
2023-08-28 00:00:00,14963.6,15086.9,14933.9,15059.0,171735
2023-08-29 00:00:00,15065.1,15391.4,15011.0,15386.9,164693
2023-08-30 00:00:00,15386.8,15485.0,15323.1,15476.0,169725
2023-08-31 00:00:00,15469.9,15574.9,15420.9,15505.7,157123
2023-09-01 00:00:00,15502.6,15628.4,15426.5,15484.9,166587
2023-09-04 00:00:00,15492.8,15554.2,15471.9,15501.1,58221
2023-09-05 00:00:00,15506.6,15558.4,15393.6,15488.5,167241
2023-09-06 00:00:00,15483.9,15505.0,15287.6,15363.6,163635
2023-09-07 00:00:00,15364.2,15370.9,15136.2,15268.3,177153
2023-09-08 00:00:00,15269.8,15375.7,15207.5,15302.1,168001
2023-09-11 00:00:00,15292.1,15482.3,15284.6,15457.1,156499
2023-09-12 00:00:00,15446.7,15466.8,15277.5,15297.0,177525
2023-09-13 00:00:00,15297.7,15414.4,15203.1,15364.4,196205
2023-09-14 00:00:00,15363.0,15512.6,15333.6,15480.9,175497
2023-09-15 00:00:00,15474.1,15520.2,15171.3,15199.6,181381
2023-09-18 00:00:00,15196.9,15270.3,15144.9,15235.7,163934
2023-09-19 00:00:00,15237.2,15253.8,15066.0,15196.6,155273
2023-09-20 00:00:00,15189.7,15248.7,14947.2,14953.6,167983
2023-09-21 00:00:00,14962.9,14967.2,14671.6,14677.2,193438
2023-09-22 00:00:00,14688.5,14858.1,14668.7,14703.4,191684
2023-09-25 00:00:00,14719.1,14787.4,14618.3,14783.3,188655
2023-09-26 00:00:00,14776.6,14780.0,14506.0,14563.6,194862
2023-09-27 00:00:00,14564.5,14659.7,14430.3,14614.3,194850
2023-09-28 00:00:00,14609.7,14789.9,14502.1,14722.2,216610
2023-09-29 00:00:00,14720.1,14905.3,14660.5,14743.9,207235
2023-10-02 00:00:00,14810.2,14894.6,14678.4,14843.6,212474
2023-10-03 00:00:00,14831.2,14874.8,14504.0,14564.1,215513
2023-10-04 00:00:00,14560.4,14804.7,14443.1,14753.3,235956
2023-10-05 00:00:00,14750.5,14810.3,14579.1,14720.7,216088
2023-10-06 00:00:00,14717.3,15021.4,14522.8,14997.1,206946
2023-10-09 00:00:00,14879.2,15071.5,14813.8,15051.8,194625
2023-10-10 00:00:00,15050.2,15242.0,15031.7,15141.8,202201
2023-10-11 00:00:00,15139.7,15278.1,15116.8,15273.4,192344
2023-10-12 00:00:00,15263.7,15336.5,15088.7,15191.1,189109
2023-10-13 00:00:00,15193.8,15238.8,14940.0,14983.1,210803
2023-10-16 00:00:00,15000.8,15211.3,14962.2,15179.4,199338
2023-10-17 00:00:00,15179.0,15189.0,14931.5,15119.0,201306
2023-10-18 00:00:00,15112.1,15115.2,14864.1,14943.8,201032
2023-10-19 00:00:00,14931.8,15027.9,14734.3,14741.3,206988
2023-10-20 00:00:00,14748.2,14783.3,14544.8,14553.9,188162
2023-10-23 00:00:00,14593.1,14750.7,14416.7,14644.3,182779
2023-10-24 00:00:00,14645.7,14847.6,14608.8,14727.9,189616
2023-10-25 00:00:00,14730.7,14755.4,14357.2,14372.1,188701
2023-10-26 00:00:00,14328.6,14370.2,14057.3,14123.8,219370
2023-10-27 00:00:00,14190.6,14323.6,14127.7,14187.3,192568
2023-10-30 00:00:00,14242.4,14393.4,14221.9,14324.6,170391
2023-10-31 00:00:00,14325.5,14420.9,14230.3,14369.7,191006
2023-11-01 00:00:00,14383.2,14677.4,14331.5,14675.8,174750
2023-11-02 00:00:00,14677.9,14934.7,14676.3,14887.0,158453
2023-11-03 00:00:00,14847.8,15149.3,14847.8,15109.3,149805
2023-11-06 00:00:00,15112.9,15181.4,15061.6,15146.8,139959
2023-11-07 00:00:00,15140.3,15335.7,15101.4,15299.8,142333
2023-11-08 00:00:00,15297.1,15343.7,15215.2,15288.2,144031
2023-11-09 00:00:00,15280.9,15385.3,15170.2,15189.2,156835
2023-11-10 00:00:00,15181.8,15543.7,15139.0,15513.1,155489
2023-11-13 00:00:00,15518.3,15532.1,15399.6,15491.1,140918
2023-11-14 00:00:00,15492.1,15849.6,15485.8,15824.4,144478
2023-11-15 00:00:00,15823.7,15976.6,15762.9,15778.4,162065
2023-11-16 00:00:00,15774.9,15842.2,15733.7,15834.1,157546
2023-11-17 00:00:00,15832.8,15878.6,15765.7,15815.3,149155
2023-11-20 00:00:00,15836.1,16057.9,15777.3,16030.7,145816
2023-11-21 00:00:00,16028.1,16064.2,15857.4,15913.0,143597
2023-11-22 00:00:00,15911.4,16124.9,15886.9,15998.8,145352
2023-11-23 00:00:00,15989.8,16040.5,15989.4,16014.1,47812
2023-11-24 00:00:00,16019.1,16026.9,15936.7,15968.4,97486
2023-11-27 00:00:00,15964.7,16046.4,15895.6,15961.7,155548
2023-11-28 00:00:00,15962.5,16031.6,15904.2,16011.8,173880
2023-11-29 00:00:00,16010.3,16167.2,15976.4,16003.1,185124
2023-11-30 00:00:00,16001.2,16062.2,15823.1,15923.9,195864
2023-12-01 00:00:00,15919.3,16017.2,15831.8,15999.7,179214
2023-12-04 00:00:00,15989.6,15992.4,15691.8,15825.3,190299
2023-12-05 00:00:00,15828.6,15931.6,15731.1,15870.6,196926
2023-12-06 00:00:00,15867.2,16011.1,15776.6,15790.0,190445
2023-12-07 00:00:00,15786.4,16043.2,15768.3,15992.7,194510
2023-12-08 00:00:00,15997.1,16102.4,15873.1,16075.3,179405
2023-12-11 00:00:00,16075.3,16232.6,16029.6,16228.2,169151
2023-12-12 00:00:00,16225.0,16374.0,16175.4,16371.0,173340
2023-12-13 00:00:00,16370.4,16583.5,16355.6,16540.6,177323
2023-12-14 00:00:00,16553.9,16661.2,16419.2,16528.7,233971
2023-12-15 00:00:00,16525.8,16676.1,16519.6,16604.4,201213
2023-12-18 00:00:00,16608.8,16764.4,16590.1,16713.1,168305
2023-12-19 00:00:00,16706.9,16816.9,16698.6,16811.7,172866
2023-12-20 00:00:00,16811.7,16862.3,16548.6,16579.9,178518
2023-12-21 00:00:00,16581.0,16768.9,16580.1,16749.4,211613
2023-12-22 00:00:00,16752.4,16844.5,16696.9,16768.3,191346
2023-12-26 00:00:00,16766.4,16909.1,16766.4,16887.5,109041
2023-12-27 00:00:00,16887.1,16932.0,16857.4,16929.5,150824
2023-12-28 00:00:00,16926.7,16972.1,16891.0,16901.8,138870
2023-12-29 00:00:00,16903.7,16944.8,16752.0,16820.8,160067
2024-01-02 00:00:00,16831.4,16851.1,16451.2,16554.3,190881
2024-01-03 00:00:00,16558.9,16559.0,16351.5,16368.1,206481
2024-01-04 00:00:00,16374.6,16421.1,16277.5,16287.2,188593
2024-01-05 00:00:00,16292.0,16418.8,16177.1,16307.1,182328
2024-01-08 00:00:00,16311.8,16654.6,16220.8,16631.0,187901
2024-01-09 00:00:00,16631.9,16713.8,16504.0,16672.4,205682
2024-01-10 00:00:00,16670.8,16830.6,16650.6,16804.7,193008
2024-01-11 00:00:00,16802.4,16910.7,16612.7,16814.3,234850
2024-01-12 00:00:00,16813.3,16899.9,16725.7,16808.8,226749
2024-01-15 00:00:00,16815.1,16880.6,16795.6,16828.7,67726
2024-01-16 00:00:00,16819.1,16897.3,16670.8,16841.9,239432
2024-01-17 00:00:00,16839.3,16844.6,16558.7,16727.7,220806
2024-01-18 00:00:00,16719.0,16996.0,16700.8,16987.0,232932
2024-01-19 00:00:00,16986.5,17339.1,16978.2,17336.7,226082
2024-01-22 00:00:00,17334.7,17452.8,17304.8,17329.3,221185
2024-01-23 00:00:00,17328.4,17429.8,17286.2,17426.1,199190
2024-01-24 00:00:00,17427.6,17666.7,17427.4,17503.1,214739
2024-01-25 00:00:00,17498.6,17633.3,17423.7,17469.4,238882
2024-01-26 00:00:00,17450.1,17517.0,17350.4,17390.1,212417
2024-01-29 00:00:00,17389.4,17603.0,17345.4,17591.0,178330
2024-01-30 00:00:00,17592.1,17621.8,17361.5,17365.3,195216
2024-01-31 00:00:00,17308.6,17376.9,17116.3,17161.5,240431
2024-02-01 00:00:00,17172.3,17546.2,17162.9,17534.3,231035
2024-02-02 00:00:00,17483.0,17680.8,17372.0,17603.9,232210
2024-02-05 00:00:00,17602.1,17653.2,17464.9,17610.8,210621
2024-02-06 00:00:00,17610.5,17677.8,17472.7,17560.9,211214
2024-02-07 00:00:00,17560.2,17785.9,17543.2,17767.8,192048
2024-02-08 00:00:00,17770.4,17814.0,17710.1,17780.3,171352
2024-02-09 00:00:00,17776.9,17988.9,17769.4,17954.3,165236
2024-02-12 00:00:00,17959.4,18041.3,17833.6,17851.4,165929
2024-02-13 00:00:00,17848.1,17886.9,17475.9,17625.3,226383
2024-02-14 00:00:00,17623.5,17813.4,17593.5,17799.1,208384
2024-02-15 00:00:00,17802.3,17900.8,17717.8,17891.6,201942
2024-02-16 00:00:00,17882.9,17960.0,17652.6,17658.4,206263
2024-02-19 00:00:00,17666.8,17745.1,17664.6,17726.6,68682
2024-02-20 00:00:00,17725.4,17725.8,17396.1,17519.8,233185
2024-02-21 00:00:00,17512.8,17635.9,17315.2,17635.8,225235
2024-02-22 00:00:00,17649.8,18035.0,17622.4,17973.1,221360
2024-02-23 00:00:00,17970.5,18095.3,17897.4,17917.4,201898
2024-02-26 00:00:00,17918.7,18012.8,17876.8,17903.6,184833
2024-02-27 00:00:00,17905.5,17996.5,17865.7,17968.0,189752
2024-02-28 00:00:00,17969.7,17972.8,17805.0,17819.9,180648
2024-02-29 00:00:00,17835.1,18069.7,17790.7,18028.0,202792
2024-03-01 00:00:00,18033.1,18334.2,17992.3,18280.6,194256
2024-03-04 00:00:00,18295.3,18339.9,18201.3,18209.0,180961
2024-03-05 00:00:00,18211.7,18218.6,17803.0,17954.1,158909
2024-03-06 00:00:00,17953.6,18147.3,17912.1,18012.1,113499
2024-03-07 00:00:00,18024.2,18338.5,17895.1,18232.1,121508
2024-03-08 00:00:00,18262.2,18418.2,17996.0,18038.1,125502
2024-03-11 00:00:00,18037.4,18037.4,17875.1,17981.6,114169
2024-03-12 00:00:00,17987.9,18228.9,17915.0,18212.5,116438
2024-03-13 00:00:00,18204.7,18245.6,18028.4,18095.4,114384
2024-03-14 00:00:00,18090.1,18173.3,17913.5,18013.6,161339
2024-03-15 00:00:00,18001.0,18071.6,17762.7,17812.6,166212
2024-03-18 00:00:00,17826.2,18125.7,17813.9,17981.5,156881
2024-03-19 00:00:00,17965.2,18043.4,17810.1,18026.3,166935
2024-03-20 00:00:00,18026.0,18295.3,17979.3,18287.6,147545
2024-03-21 00:00:00,18292.7,18467.2,18284.3,18338.2,155563
2024-03-22 00:00:00,18338.6,18388.6,18257.9,18326.4,150459
2024-03-25 00:00:00,18329.3,18363.8,18180.2,18295.2,136298
2024-03-26 00:00:00,18298.9,18386.4,18210.9,18249.3,138541
2024-03-27 00:00:00,18259.1,18352.2,18156.4,18283.9,141988
2024-03-28 00:00:00,18281.2,18312.3,18223.1,18241.8,144328
2024-04-01 00:00:00,18283.7,18391.9,18204.1,18286.4,130557
2024-04-02 00:00:00,18283.7,18303.8,17996.9,18137.1,152560
2024-04-03 00:00:00,18131.9,18244.6,18027.1,18180.7,150522
2024-04-04 00:00:00,18187.6,18367.2,17863.6,17880.8,154379
2024-04-05 00:00:00,17916.3,18208.9,17862.8,18107.4,184432
2024-04-08 00:00:00,18151.3,18182.1,18043.1,18115.6,155531
2024-04-09 00:00:00,18120.2,18211.6,17970.8,18187.8,156379
2024-04-10 00:00:00,18183.3,18272.4,17865.7,18003.1,173791
2024-04-11 00:00:00,18004.8,18338.6,17919.0,18305.6,172256
2024-04-12 00:00:00,18304.6,18330.0,17949.2,17999.4,177476
2024-04-15 00:00:00,17979.1,18177.7,17676.4,17712.9,197386
2024-04-16 00:00:00,17709.3,17819.7,17626.4,17728.3,203758
2024-04-17 00:00:00,17733.4,17805.2,17458.0,17504.9,191448
2024-04-18 00:00:00,17516.4,17616.8,17355.1,17379.0,185689
2024-04-19 00:00:00,17377.5,17402.7,16970.3,17029.4,157803
2024-04-22 00:00:00,17082.1,17304.5,17006.7,17201.7,160767
2024-04-23 00:00:00,17216.3,17523.4,17146.5,17518.6,166200
2024-04-24 00:00:00,17544.2,17653.6,17343.4,17365.2,172021
2024-04-25 00:00:00,17312.8,17697.9,17178.3,17681.2,192706
2024-04-26 00:00:00,17689.0,17772.1,17540.8,17709.8,177015
2024-04-29 00:00:00,17739.1,17820.4,17667.9,17787.9,162749
2024-04-30 00:00:00,17791.2,17795.0,17356.9,17392.2,154063
2024-05-01 00:00:00,17337.8,17672.6,17283.6,17364.1,179284
2024-05-02 00:00:00,17378.4,17646.6,17284.1,17630.4,184001
2024-05-03 00:00:00,17634.1,17932.3,17613.3,17912.9,151868
2024-05-06 00:00:00,17937.9,18094.0,17875.6,18078.6,125781
2024-05-07 00:00:00,18073.9,18158.2,18045.7,18090.9,135350
2024-05-08 00:00:00,18086.3,18138.0,17969.1,18059.9,132997
2024-05-09 00:00:00,18059.2,18141.4,18005.9,18123.8,135530
2024-05-10 00:00:00,18121.6,18250.6,18093.6,18143.5,134314
2024-05-13 00:00:00,18146.6,18239.8,18136.1,18189.1,124411
2024-05-14 00:00:00,18186.4,18336.7,18072.6,18314.2,145738
2024-05-15 00:00:00,18311.9,18608.1,18296.1,18596.9,148635
2024-05-16 00:00:00,18599.7,18672.6,18540.7,18543.6,154587
2024-05-17 00:00:00,18552.1,18595.1,18457.5,18544.4,142993
2024-05-20 00:00:00,18543.4,18705.1,18543.4,18656.5,123019
2024-05-21 00:00:00,18658.5,18721.6,18592.5,18711.5,117503
2024-05-22 00:00:00,18711.2,18806.2,18603.7,18735.3,136701
2024-05-23 00:00:00,18790.0,18948.9,18552.7,18614.6,167328
2024-05-24 00:00:00,18610.3,18854.7,18609.1,18801.1,142701
2024-05-27 00:00:00,18802.8,18886.4,18765.2,18882.3,51789
2024-05-28 00:00:00,18879.8,18910.3,18752.3,18882.7,151697
2024-05-29 00:00:00,18880.9,18881.3,18674.9,18681.4,163063
2024-05-30 00:00:00,18695.8,18726.2,18483.6,18526.2,166093
2024-05-31 00:00:00,18530.7,18609.0,18187.9,18523.1,182989
2024-06-03 00:00:00,18535.9,18703.7,18387.7,18615.1,180614
2024-06-04 00:00:00,18605.9,18701.1,18464.7,18657.3,176079
2024-06-05 00:00:00,18657.6,19043.8,18646.2,19040.8,150952
2024-06-06 00:00:00,19039.4,19076.3,18972.5,19026.3,155055
2024-06-07 00:00:00,19022.8,19116.5,18901.6,18995.1,162516
2024-06-10 00:00:00,18988.3,19091.7,18938.4,19068.9,159059
2024-06-11 00:00:00,19067.2,19223.1,18962.2,19214.2,162459
2024-06-12 00:00:00,19213.2,19579.1,19199.9,19573.4,173649
2024-06-13 00:00:00,19565.8,19657.8,19473.6,19579.2,158782
2024-06-14 00:00:00,19586.2,19677.1,19479.8,19665.9,171805
2024-06-17 00:00:00,19670.8,19979.6,19622.6,19895.1,159606
2024-06-18 00:00:00,19898.2,19983.1,19841.1,19917.4,126983
2024-06-19 00:00:00,19919.3,19965.4,19914.4,19944.3,42783
2024-06-20 00:00:00,19945.2,20085.3,19682.0,19773.7,129053
2024-06-21 00:00:00,19774.9,19817.9,19645.3,19734.1,123926
2024-06-24 00:00:00,19741.3,19756.9,19460.2,19481.5,130380
2024-06-25 00:00:00,19483.2,19714.5,19462.5,19702.1,121805
2024-06-26 00:00:00,19707.1,19803.8,19638.8,19691.5,128007
2024-06-27 00:00:00,19687.5,19853.1,19616.9,19810.8,122857
2024-06-28 00:00:00,19819.2,20026.4,19662.9,19724.6,125926
2024-07-01 00:00:00,19724.8,19828.5,19569.8,19796.4,136101
2024-07-02 00:00:00,19800.2,20015.1,19671.3,19995.4,128209
2024-07-03 00:00:00,19993.3,20197.4,19965.3,20181.6,88123
2024-07-04 00:00:00,20171.8,20179.4,20135.8,20143.2,43283
2024-07-05 00:00:00,20147.8,20404.8,20127.9,20368.3,156223
2024-07-08 00:00:00,20355.4,20458.5,20346.9,20454.1,148228
2024-07-09 00:00:00,20452.4,20545.8,20391.7,20460.8,155152
2024-07-10 00:00:00,20460.3,20689.5,20458.6,20667.1,140076
2024-07-11 00:00:00,20668.8,20758.5,20152.9,20210.2,191245
2024-07-12 00:00:00,20205.2,20524.2,20120.7,20323.3,197723
2024-07-15 00:00:00,20356.5,20592.9,20303.6,20420.0,152101
2024-07-16 00:00:00,20430.6,20485.7,20267.5,20391.9,135727
2024-07-17 00:00:00,20390.0,20402.1,19773.2,19820.6,162520
2024-07-18 00:00:00,19844.1,19972.2,19569.5,19757.6,171507
2024-07-19 00:00:00,19771.5,19792.3,19467.5,19514.3,163126
2024-07-22 00:00:00,19572.7,19867.7,19542.8,19802.0,166141
2024-07-23 00:00:00,19802.9,19912.4,19696.5,19786.4,147950
2024-07-24 00:00:00,19786.4,19786.4,19002.3,19097.9,159401
2024-07-25 00:00:00,19103.4,19225.8,18719.5,18822.0,202572
2024-07-26 00:00:00,18847.1,19136.6,18834.9,19015.0,170759
2024-07-29 00:00:00,19046.6,19225.9,18962.7,19065.6,162509
2024-07-30 00:00:00,19065.6,19171.7,18580.7,18723.1,162649
2024-07-31 00:00:00,18727.6,19498.1,18716.3,19431.7,187274
2024-08-01 00:00:00,19451.1,19574.2,18711.8,18827.9,157236
2024-08-02 00:00:00,18828.4,18839.7,18247.5,18387.7,133409
2024-08-05 00:00:00,18179.7,18257.2,17235.0,18012.3,141589
2024-08-06 00:00:00,18058.0,18356.4,17841.8,17965.0,130683
2024-08-07 00:00:00,17922.2,18434.5,17713.5,17732.6,129117
2024-08-08 00:00:00,17772.4,18473.0,17628.4,18442.1,123382
2024-08-09 00:00:00,18426.3,18555.5,18266.9,18478.4,119123
2024-08-12 00:00:00,18472.3,18654.4,18406.8,18517.8,92168
2024-08-13 00:00:00,18534.0,19013.9,18522.3,18989.4,105900
2024-08-14 00:00:00,19009.3,19100.0,18822.9,19037.9,109472
2024-08-15 00:00:00,19035.4,19499.4,18996.7,19460.4,99902
2024-08-16 00:00:00,19464.0,19578.3,19344.6,19510.1,102260
2024-08-19 00:00:00,19524.3,19777.3,19431.6,19759.7,94677
2024-08-20 00:00:00,19779.1,19839.7,19652.5,19712.6,95718
2024-08-21 00:00:00,19714.7,19893.4,19684.4,19832.1,98245
2024-08-22 00:00:00,19837.5,19939.6,19458.5,19534.1,102278
2024-08-23 00:00:00,19539.6,19820.7,19512.0,19699.1,99355
2024-08-26 00:00:00,19710.1,19773.8,19436.0,19481.4,104587
2024-08-27 00:00:00,19490.8,19626.1,19374.3,19564.7,97307
2024-08-28 00:00:00,19574.0,19625.4,19164.9,19241.4,104013
2024-08-29 00:00:00,19142.0,19630.1,19079.6,19386.5,120750
2024-08-30 00:00:00,19390.8,19572.7,19311.4,19535.7,101883
2024-09-02 00:00:00,19557.3,19619.6,19462.9,19597.4,51713
2024-09-03 00:00:00,19616.3,19635.7,18864.8,18940.2,118242
2024-09-04 00:00:00,18948.2,19069.8,18781.4,18918.2,125570
2024-09-05 00:00:00,18929.4,19106.8,18787.2,18878.4,118195
2024-09-06 00:00:00,18884.2,18930.3,18297.4,18304.6,120993
2024-09-09 00:00:00,18386.6,18703.0,18355.7,18685.7,116564
2024-09-10 00:00:00,18700.7,18847.9,18555.0,18803.9,111198
2024-09-11 00:00:00,18812.9,19268.4,18524.9,19220.2,120810
2024-09-12 00:00:00,19219.8,19460.0,19165.4,19391.3,115142
2024-09-13 00:00:00,19397.1,19556.3,19377.9,19486.1,99055
2024-09-16 00:00:00,19500.9,19536.3,19292.9,19411.3,95767
2024-09-17 00:00:00,19422.0,19608.5,19334.9,19440.6,104069
2024-09-18 00:00:00,19448.2,19658.6,19322.5,19384.7,97834
2024-09-19 00:00:00,19401.4,19961.7,19396.5,19816.1,122753
2024-09-20 00:00:00,19829.1,19846.1,19623.0,19777.5,103192
2024-09-23 00:00:00,19809.4,19935.9,19728.5,19831.0,155942
2024-09-24 00:00:00,19841.1,19989.3,19729.8,19961.1,191738
2024-09-25 00:00:00,19964.3,20049.3,19843.2,20020.6,180625
2024-09-26 00:00:00,20025.6,20318.9,19970.1,20124.5,203126
2024-09-27 00:00:00,20132.2,20179.1,19958.2,19978.4,213575
2024-09-30 00:00:00,19986.2,20078.9,19850.5,20035.0,211981
2024-10-01 00:00:00,20034.5,20126.3,19613.8,19760.7,227206
2024-10-02 00:00:00,19772.8,19883.8,19628.3,19855.8,207594
2024-10-03 00:00:00,19849.4,19910.9,19649.2,19757.5,226615
2024-10-04 00:00:00,19754.5,20063.4,19742.0,20007.2,166515
2024-10-07 00:00:00,20045.5,20073.8,19758.7,19826.8,158465
2024-10-08 00:00:00,19836.1,20141.2,19716.1,20096.7,158350
2024-10-09 00:00:00,20102.2,20297.7,20011.3,20259.7,142436
2024-10-10 00:00:00,20266.0,20325.5,20119.8,20255.4,137147
2024-10-11 00:00:00,20255.1,20315.1,20136.2,20235.7,120368
2024-10-14 00:00:00,20261.7,20509.3,20214.0,20466.7,116120
2024-10-15 00:00:00,20463.9,20491.9,20088.0,20165.0,138363
2024-10-16 00:00:00,20167.9,20232.5,20042.7,20164.9,130634
2024-10-17 00:00:00,20164.4,20432.6,20116.0,20223.5,145479
2024-10-18 00:00:00,20235.0,20371.5,20162.9,20327.0,122548
2024-10-21 00:00:00,20350.4,20405.3,20195.4,20394.8,128821
2024-10-22 00:00:00,20390.7,20455.8,20214.7,20379.3,139396
2024-10-23 00:00:00,20368.7,20399.3,19936.3,20133.1,132514
2024-10-24 00:00:00,20155.1,20286.7,20122.1,20243.7,134869
2024-10-25 00:00:00,20256.0,20570.0,20226.5,20337.7,129913
2024-10-28 00:00:00,20406.8,20548.2,20358.0,20381.2,144456
2024-10-29 00:00:00,20387.9,20634.4,20307.8,20580.3,142340
2024-10-30 00:00:00,20612.3,20665.8,20351.4,20377.0,148975
2024-10-31 00:00:00,20357.4,20373.8,19888.3,19915.9,163842
2024-11-01 00:00:00,19958.4,20168.5,19899.0,20044.6,157611
2024-11-04 00:00:00,20011.3,20137.2,19903.5,19994.8,152565
2024-11-05 00:00:00,20017.3,20278.0,19935.2,20252.6,140832
2024-11-06 00:00:00,20257.8,20830.6,20219.8,20825.7,181215
2024-11-07 00:00:00,20811.7,21151.7,20760.0,21124.6,149461
2024-11-08 00:00:00,21120.5,21163.0,21020.2,21128.5,133496
2024-11-11 00:00:00,21190.0,21247.5,21006.0,21120.8,127164
2024-11-12 00:00:00,21115.9,21161.7,20965.7,21091.8,147803
2024-11-13 00:00:00,21092.8,21181.7,20972.4,21076.7,148923
2024-11-14 00:00:00,21072.6,21106.2,20866.6,20894.2,152089
2024-11-15 00:00:00,20889.6,20889.6,20322.1,20418.5,160694
2024-11-18 00:00:00,20412.3,20647.3,20400.0,20553.5,148069
2024-11-19 00:00:00,20563.3,20718.5,20309.1,20683.1,163842
2024-11-20 00:00:00,20686.1,20771.9,20406.5,20670.1,158368
2024-11-21 00:00:00,20661.5,20833.5,20443.7,20723.5,184823
2024-11-22 00:00:00,20708.4,20811.0,20624.7,20807.0,168641
2024-11-25 00:00:00,20878.6,21020.3,20720.7,20840.6,134429
2024-11-26 00:00:00,20844.1,20966.8,20698.1,20946.1,158163
2024-11-27 00:00:00,20934.9,20962.6,20620.4,20750.0,136789
2024-11-28 00:00:00,20758.8,20856.8,20758.1,20837.6,49533
2024-11-29 00:00:00,20832.1,20966.7,20755.4,20940.6,100392
2024-12-02 00:00:00,20960.3,21218.2,20898.7,21170.2,132214
2024-12-03 00:00:00,21170.5,21289.2,21096.0,21287.2,118976
2024-12-04 00:00:00,21277.8,21511.6,21269.8,21479.7,120501
2024-12-05 00:00:00,21472.0,21532.0,21402.3,21418.7,113044
2024-12-06 00:00:00,21415.0,21633.6,21389.6,21600.1,118121
2024-12-09 00:00:00,21608.0,21678.4,21409.7,21451.0,126594
2024-12-10 00:00:00,21455.8,21581.3,21328.8,21407.4,118545
2024-12-11 00:00:00,21413.7,21797.2,21383.8,21733.5,117476
2024-12-12 00:00:00,21737.5,21752.8,21585.6,21614.7,118765
2024-12-13 00:00:00,21722.9,21889.4,21648.9,21745.3,130637
2024-12-16 00:00:00,21771.5,22142.0,21752.2,22101.2,130961
2024-12-17 00:00:00,22100.4,22117.1,21935.8,21996.7,145018
2024-12-18 00:00:00,21994.7,22084.7,21008.5,21159.5,145881
2024-12-19 00:00:00,21197.6,21398.3,21046.8,21109.1,194994
2024-12-20 00:00:00,21120.0,21514.4,20710.7,21250.6,202210
2024-12-23 00:00:00,21330.2,21487.4,21188.6,21448.2,169930
2024-12-24 00:00:00,21464.8,21764.0,21424.0,21761.0,90228
2024-12-26 00:00:00,21771.3,21832.3,21593.4,21703.8,128022
2024-12-27 00:00:00,21711.6,21732.9,21226.1,21444.6,142102
2024-12-30 00:00:00,21466.1,21477.7,20990.0,21123.2,156318
2024-12-31 00:00:00,21122.5,21263.6,20921.8,20974.7,128168
2025-01-02 00:00:00,21009.2,21236.3,20731.4,20931.4,183889
2025-01-03 00:00:00,20926.3,21306.7,20892.1,21233.0,142753
2025-01-06 00:00:00,21296.2,21654.7,21238.1,21533.7,158031
2025-01-07 00:00:00,21546.4,21567.9,21042.3,21134.6,163896
2025-01-08 00:00:00,21129.3,21212.4,20931.1,21093.2,174075
2025-01-09 00:00:00,21092.7,21115.0,20985.8,21069.5,67884
2025-01-10 00:00:00,21068.5,21143.4,20647.2,20765.9,173359
2025-01-13 00:00:00,20764.3,20818.8,20477.4,20775.9,179649
2025-01-14 00:00:00,20808.2,20929.7,20560.6,20763.9,175177
2025-01-15 00:00:00,20757.8,21242.7,20699.1,21166.2,138111
2025-01-16 00:00:00,21180.1,21359.1,20966.3,21006.4,169694
2025-01-17 00:00:00,21016.8,21475.3,21006.5,21382.3,149018
2025-01-20 00:00:00,21422.6,21585.7,21336.2,21491.2,97453
2025-01-21 00:00:00,21525.2,21594.2,21189.3,21585.2,157517
2025-01-22 00:00:00,21609.1,21909.2,21586.2,21799.0,135701
2025-01-23 00:00:00,21797.6,21868.8,21675.7,21842.4,135329
2025-01-24 00:00:00,21833.3,21901.4,21667.8,21726.6,142234
2025-01-27 00:00:00,21569.5,21569.5,20599.3,21137.0,238495
2025-01-28 00:00:00,21175.8,21464.0,20999.9,21394.6,175613
2025-01-29 00:00:00,21383.9,21538.8,21211.4,21421.6,160463
2025-01-30 00:00:00,21400.7,21594.4,21265.9,21449.9,163888
2025-01-31 00:00:00,21529.8,21812.9,21382.0,21407.5,160905
2025-02-03 00:00:00,20844.8,21434.8,20836.3,21408.7,206223
2025-02-04 00:00:00,21457.0,21556.5,21105.6,21440.9,162954
2025-02-05 00:00:00,21424.5,21661.2,21296.8,21638.0,158957
2025-02-06 00:00:00,21627.8,21751.6,21576.7,21715.7,144872
2025-02-07 00:00:00,21693.1,21839.6,21427.7,21450.2,152240
2025-02-10 00:00:00,21347.2,21774.7,21344.4,21717.8,130990
2025-02-11 00:00:00,21703.4,21755.4,21554.4,21681.8,134556
2025-02-12 00:00:00,21694.6,21749.9,21399.2,21745.1,143000
2025-02-13 00:00:00,21749.1,22015.1,21644.8,21972.4,151721
2025-02-14 00:00:00,21974.6,22113.6,21935.2,22098.3,131468
2025-02-17 00:00:00,22122.6,22185.0,22096.5,22139.2,60377
2025-02-18 00:00:00,22138.6,22226.0,22010.5,22127.6,128883
2025-02-19 00:00:00,22154.6,22210.2,22030.1,22134.1,131602
2025-02-20 00:00:00,22134.6,22144.8,21861.9,22046.4,139509
2025-02-21 00:00:00,22047.2,22158.7,21566.0,21570.2,147383
2025-02-24 00:00:00,21627.6,21736.1,21331.3,21351.3,169033
2025-02-25 00:00:00,21373.2,21379.4,20919.3,21120.5,188145
2025-02-26 00:00:00,21161.5,21339.8,20995.9,21200.7,166029
2025-02-27 00:00:00,21173.8,21319.2,20517.9,20570.4,194016
2025-02-28 00:00:00,20588.7,20879.4,20396.3,20842.3,200466
2025-03-03 00:00:00,20929.1,21067.5,20265.2,20474.2,203997
2025-03-04 00:00:00,20458.5,20682.5,20026.6,20490.2,223464
2025-03-05 00:00:00,20500.7,20677.6,20170.9,20569.4,209020
2025-03-06 00:00:00,20566.4,20602.3,19958.5,20141.3,197826
2025-03-07 00:00:00,20172.2,20240.7,19722.4,20162.0,197189
2025-03-10 00:00:00,20069.0,20119.4,19238.6,19444.4,204689
2025-03-11 00:00:00,19390.9,19656.1,19113.3,19368.7,218991
2025-03-12 00:00:00,19395.7,19759.4,19360.4,19544.0,192492
2025-03-13 00:00:00,19558.2,19669.8,19146.8,19269.9,203178
2025-03-14 00:00:00,19281.9,19719.7,19281.7,19645.3,189166
2025-03-17 00:00:00,19637.3,19947.3,19539.8,19818.3,180637
2025-03-18 00:00:00,19824.1,19850.9,19390.7,19488.0,173896
2025-03-19 00:00:00,19488.3,19928.7,19447.9,19735.0,160872
2025-03-20 00:00:00,19746.3,19892.3,19523.4,19682.5,171279
2025-03-21 00:00:00,19687.2,19767.4,19397.0,19754.0,176116
2025-03-24 00:00:00,19858.7,20206.7,19854.9,20156.0,145981
2025-03-25 00:00:00,20164.6,20325.4,20094.7,20313.6,133674
2025-03-26 00:00:00,20316.8,20340.4,19849.6,19889.8,150968
2025-03-27 00:00:00,19842.2,20005.0,19745.6,19803.7,183987
2025-03-28 00:00:00,19800.3,19819.1,19180.8,19182.4,177543
2025-03-31 00:00:00,19144.0,19305.4,18793.5,19226.4,216232
2025-04-01 00:00:00,19225.2,19461.9,19080.4,19416.2,205038
2025-04-02 00:00:00,19422.2,19860.9,18899.4,18944.4,199373
2025-04-03 00:00:00,18834.5,18996.5,18436.5,18468.9,220235
2025-04-04 00:00:00,18481.4,18535.6,17210.2,17321.4,253184
2025-04-07 00:00:00,16753.4,18187.1,16290.3,17460.5,267721
2025-04-08 00:00:00,17496.2,18189.7,16808.5,17057.6,232569
2025-04-09 00:00:00,17058.6,19218.2,16573.5,19192.5,246676
2025-04-10 00:00:00,19160.7,19222.2,17759.7,18337.7,251057
2025-04-11 00:00:00,18344.5,18714.4,17914.2,18662.9,233826
2025-04-14 00:00:00,18973.8,19105.1,18589.1,18758.6,213092
2025-04-15 00:00:00,18740.7,18996.3,18662.9,18784.6,196167
2025-04-16 00:00:00,18564.0,18714.0,17971.8,18222.5,211231
2025-04-17 00:00:00,18265.8,18509.1,18119.5,18285.6,204296
2025-04-21 00:00:00,18193.6,18248.4,17570.0,17779.5,165487
2025-04-22 00:00:00,17797.8,18384.4,17736.1,18228.2,188428
2025-04-23 00:00:00,18554.5,19039.0,18498.5,18729.8,208684
2025-04-24 00:00:00,18695.5,19283.9,18472.0,19228.9,194701
2025-04-25 00:00:00,19287.6,19457.5,19095.7,19428.9,193221
2025-04-28 00:00:00,19379.4,19509.3,19145.5,19368.6,162623
2025-04-29 00:00:00,19361.6,19577.3,19269.0,19507.1,177003
2025-04-30 00:00:00,19477.1,19767.6,18996.1,19735.1,186721
2025-05-01 00:00:00,19720.5,20018.7,19651.3,19692.4,176800
2025-05-02 00:00:00,19672.3,20171.9,19645.6,20087.6,190751
2025-05-05 00:00:00,20087.0,20094.6,19871.8,19943.1,165167
2025-05-06 00:00:00,19928.5,19942.0,19645.7,19757.0,173251
2025-05-07 00:00:00,19715.3,20037.3,19588.5,19868.1,193220
2025-05-08 00:00:00,19831.2,20248.2,19822.8,20067.6,178266
2025-05-09 00:00:00,20085.4,20193.0,19971.7,20056.7,169038
2025-05-12 00:00:00,20374.7,20914.2,20296.8,20875.3,186621
2025-05-13 00:00:00,20870.7,21267.5,20739.7,21175.5,162986
2025-05-14 00:00:00,21175.2,21342.6,21161.9,21321.0,162583
2025-05-15 00:00:00,21295.9,21451.9,21114.7,21320.4,162496
2025-05-16 00:00:00,21304.6,21432.2,21241.5,21313.1,142652
2025-05-19 00:00:00,21258.4,21472.4,21041.2,21442.8,173063
2025-05-20 00:00:00,21431.3,21492.7,21229.6,21353.2,155171
2025-05-21 00:00:00,21346.3,21491.7,21006.7,21077.7,174056
2025-05-22 00:00:00,21077.1,21272.6,20976.0,21148.6,174862
2025-05-23 00:00:00,21171.0,21172.7,20666.0,20878.3,177960
2025-05-26 00:00:00,20913.3,21252.9,20900.7,21232.8,85239
2025-05-27 00:00:00,21231.3,21436.9,21090.8,21423.5,145805
2025-05-28 00:00:00,21420.0,21515.6,21283.5,21472.0,143321
2025-05-29 00:00:00,21458.3,21812.5,21256.9,21335.3,196050
2025-05-30 00:00:00,21320.1,21387.3,21026.3,21314.8,178297
2025-06-02 00:00:00,21270.3,21538.3,21125.8,21515.1,165547
2025-06-03 00:00:00,21516.7,21724.8,21364.8,21653.4,146100
2025-06-04 00:00:00,21654.4,21768.0,21607.9,21712.4,142732
2025-06-05 00:00:00,21708.0,21896.0,21472.5,21482.0,160266
2025-06-06 00:00:00,21455.4,21837.4,21446.3,21773.7,155835
2025-06-09 00:00:00,21791.1,21862.1,21691.6,21796.4,132633
2025-06-10 00:00:00,21804.6,21969.3,21711.0,21929.9,151489
2025-06-11 00:00:00,21927.4,22073.7,21771.4,21861.9,155987
2025-06-12 00:00:00,21847.9,21960.4,21701.1,21892.5,153542
2025-06-13 00:00:00,21890.3,21890.8,21455.2,21631.5,195763
2025-06-16 00:00:00,21554.0,21987.9,21530.4,21929.5,145039
2025-06-17 00:00:00,21934.8,21942.5,21680.1,21724.8,172388
2025-06-18 00:00:00,21691.7,21867.5,21635.5,21741.1,149948
2025-06-19 00:00:00,21730.3,21735.0,21426.1,21477.6,94008
2025-06-20 00:00:00,21551.1,21904.8,21540.1,21652.3,161877
2025-06-23 00:00:00,21375.1,21876.2,21375.1,21851.0,168432
2025-06-24 00:00:00,21858.1,22234.1,21852.8,22197.1,146807
2025-06-25 00:00:00,22192.1,22337.3,22175.3,22257.6,122332
2025-06-26 00:00:00,22244.5,22484.5,22230.7,22462.4,120240
2025-06-27 00:00:00,22470.6,22615.0,22394.9,22537.1,128476
2025-06-30 00:00:00,22566.4,22734.4,22560.3,22671.5,125980
2025-07-01 00:00:00,22675.3,22719.6,22400.7,22493.3,133886
2025-07-02 00:00:00,22500.7,22662.7,22391.1,22658.2,126822
2025-07-03 00:00:00,22650.5,22907.8,22634.3,22866.0,86971
2025-07-04 00:00:00,22854.3,22871.6,22691.8,22716.2,72705
2025-07-07 00:00:00,22788.3,22844.2,22599.4,22656.0,142220
2025-07-08 00:00:00,22660.0,22792.9,22630.9,22723.2,126780
2025-07-09 00:00:00,22735.3,22935.1,22668.1,22865.3,117270
2025-07-10 00:00:00,22864.0,22916.2,22728.7,22836.1,114349
2025-07-11 00:00:00,22837.6,22877.9,22660.7,22771.9,141054
2025-07-14 00:00:00,22664.8,22904.7,22643.9,22875.7,121786
2025-07-15 00:00:00,22868.8,23063.7,22838.7,22857.3,141126
2025-07-16 00:00:00,22876.3,22943.8,22681.1,22905.4,135009
2025-07-17 00:00:00,22915.3,23124.3,22864.1,23113.4,118156
2025-07-18 00:00:00,23100.9,23168.2,23023.4,23073.6,108850
2025-07-21 00:00:00,23082.8,23282.4,23062.8,23202.7,97391
2025-07-22 00:00:00,23204.1,23227.9,22971.1,23058.0,120073
2025-07-23 00:00:00,23061.5,23280.0,23011.1,23271.1,133819
2025-07-24 00:00:00,23256.3,23289.5,23165.7,23261.2,119849
2025-07-25 00:00:00,23263.8,23345.7,23201.2,23311.2,103115
2025-07-28 00:00:00,23416.7,23463.1,23315.7,23386.9,109216
2025-07-29 00:00:00,23387.6,23532.7,23303.1,23331.6,109172
2025-07-30 00:00:00,23341.1,23570.8,23241.8,23542.6,125415
2025-07-31 00:00:00,23578.5,23729.5,23176.4,23213.5,153951
2025-08-01 00:00:00,23212.2,23234.2,22673.4,22761.4,195758
2025-08-04 00:00:00,22759.8,23247.5,22717.5,23247.2,146754
2025-08-05 00:00:00,23242.2,23302.2,22983.4,22984.1,143951
2025-08-06 00:00:00,22999.6,23345.6,22947.0,23312.8,141567
2025-08-07 00:00:00,23327.0,23574.6,23235.0,23421.4,156258
2025-08-08 00:00:00,23424.5,23670.6,23409.2,23660.5,119683
2025-08-11 00:00:00,23669.3,23716.3,23499.9,23537.9,121503
2025-08-12 00:00:00,23543.6,23867.1,23511.1,23864.2,128434
2025-08-13 00:00:00,23854.7,23986.0,23804.9,23844.8,114714
2025-08-14 00:00:00,23852.7,23925.6,23713.8,23806.2,127676
2025-08-15 00:00:00,23805.1,23883.6,23656.0,23716.4,124530
2025-08-18 00:00:00,23745.2,23810.3,23648.3,23717.9,117685
2025-08-19 00:00:00,23729.3,23768.4,23357.8,23401.8,130162
2025-08-20 00:00:00,23402.9,23419.6,22970.0,23252.7,152362
2025-08-21 00:00:00,23253.1,23302.1,23053.6,23155.1,153592
2025-08-22 00:00:00,23162.2,23583.8,23012.5,23514.5,142678
2025-08-25 00:00:00,23535.7,23559.1,23388.2,23447.3,120909
2025-08-26 00:00:00,23456.6,23556.3,23317.6,23553.0,133171
2025-08-27 00:00:00,23550.8,23616.1,23384.6,23488.1,112499
2025-08-28 00:00:00,23487.3,23753.8,23439.3,23711.6,127861
2025-08-29 00:00:00,23710.0,23713.2,23354.2,23415.0,131602
2025-09-01 00:00:00,23432.2,23513.0,23332.5,23464.0,68976
2025-09-02 00:00:00,23462.2,23463.1,22990.5,23340.7,165066
2025-09-03 00:00:00,23342.0,23491.3,23265.7,23420.4,138627
2025-09-04 00:00:00,23413.6,23674.6,23377.2,23652.6,130187
2025-09-05 00:00:00,23676.2,23868.2,23472.5,23640.1,143021
2025-09-08 00:00:00,23651.2,23860.8,23623.9,23769.4,126146
2025-09-09 00:00:00,23777.6,23890.7,23702.8,23866.1,123420
2025-09-10 00:00:00,23877.2,24019.4,23764.3,23839.8,125289
2025-09-11 00:00:00,23839.9,24026.6,23838.3,23988.9,124069
2025-09-12 00:00:00,24001.0,24141.8,23952.0,24096.2,113165
2025-09-15 00:00:00,24101.1,24301.7,24064.8,24285.6,118461
2025-09-16 00:00:00,24282.4,24394.6,24249.5,24283.6,114829
2025-09-17 00:00:00,24286.5,24307.6,23997.5,24250.7,125787
2025-09-18 00:00:00,24258.5,24573.2,24253.7,24475.4,140325
2025-09-19 00:00:00,24479.5,24648.8,24416.1,24617.0,130314
2025-09-22 00:00:00,24616.6,24794.9,24516.9,24763.4,127221
2025-09-23 00:00:00,24765.5,24796.9,24552.0,24607.8,122950
2025-09-24 00:00:00,24618.4,24686.0,24402.2,24518.3,123278
2025-09-25 00:00:00,24527.3,24568.8,24199.9,24414.0,149133
2025-09-26 00:00:00,24410.2,24526.3,24300.2,24507.1,156102
2025-09-29 00:00:00,24519.2,24762.6,24513.2,24601.8,131934
2025-09-30 00:00:00,24607.1,24704.7,24513.8,24631.3,140539
2025-10-01 00:00:00,24639.0,24826.9,24426.3,24800.1,145313
2025-10-02 00:00:00,24802.0,24975.0,24789.4,24904.9,127482
2025-10-03 00:00:00,24894.2,24992.0,24720.2,24781.2,128146
2025-10-06 00:00:00,24821.4,25057.6,24816.8,24987.4,137234
2025-10-07 00:00:00,24994.4,25082.8,24794.5,24867.4,134721
2025-10-08 00:00:00,24869.8,25175.8,24837.9,25164.4,124471
2025-10-09 00:00:00,25164.2,25207.1,24975.4,25096.7,131463
2025-10-10 00:00:00,25107.6,25204.2,24004.1,24027.1,166376
2025-10-13 00:00:00,24540.5,24788.6,24442.0,24731.4,191599
2025-10-14 00:00:00,24741.1,24873.4,24253.7,24579.7,219674
2025-10-15 00:00:00,24593.8,24947.4,24497.0,24780.0,184015
2025-10-16 00:00:00,24777.8,25014.8,24480.2,24626.0,190611
2025-10-17 00:00:00,24634.9,24891.4,24248.8,24870.2,226332
2025-10-20 00:00:00,24937.5,25201.0,24804.4,25169.1,150605
2025-10-21 00:00:00,25178.3,25218.8,25054.5,25117.9,140918
2025-10-22 00:00:00,25130.7,25192.3,24660.1,24890.6,169838
2025-10-23 00:00:00,24860.1,25152.2,24793.8,25132.6,161197
2025-10-24 00:00:00,25144.6,25428.2,25143.2,25373.7,128958
2025-10-27 00:00:00,25617.0,25881.9,25569.8,25873.5,125484
2025-10-28 00:00:00,25867.4,26103.5,25815.6,26043.5,128639
2025-10-29 00:00:00,26053.4,26252.6,25924.6,26102.9,150865
2025-10-30 00:00:00,26062.1,26276.8,25732.0,26021.7,216312
2025-10-31 00:00:00,26048.3,26151.4,25768.3,25866.9,177258
2025-11-03 00:00:00,25904.9,26154.3,25903.8,25999.4,162439
2025-11-04 00:00:00,25981.0,25990.3,25414.0,25468.7,203174
2025-11-05 00:00:00,25459.1,25771.6,25177.9,25625.5,209316
2025-11-06 00:00:00,25647.5,25719.6,25095.7,25211.5,204880
2025-11-07 00:00:00,25187.2,25254.4,24610.2,25121.9,224122
2025-11-10 00:00:00,25268.5,25666.7,25175.8,25626.5,180054
2025-11-11 00:00:00,25642.8,25678.0,25390.4,25568.9,184136
2025-11-12 00:00:00,25582.8,25742.2,25401.6,25539.3,178147
2025-11-13 00:00:00,25541.1,25636.4,24918.7,24996.1,214362
2025-11-14 00:00:00,25020.6,25208.4,24542.1,25048.3,240231
2025-11-17 00:00:00,25062.8,25285.0,24658.7,24830.1,221634
2025-11-18 00:00:00,24833.0,24885.6,24308.5,24455.1,257247
2025-11-19 00:00:00,24487.8,24915.8,24376.3,24884.7,244925
2025-11-20 00:00:00,24906.4,25236.6,24001.8,24014.9,242495
2025-11-21 00:00:00,24039.1,24525.7,23834.1,24279.7,270354
2025-11-24 00:00:00,24465.4,24931.7,24300.9,24902.7,212522
2025-11-25 00:00:00,24915.0,25076.8,24544.5,25005.8,210000
2025-11-26 00:00:00,25022.7,25318.4,25005.6,25258.2,174375
2025-11-27 00:00:00,25271.7,25284.9,25232.5,25247.1,67882
2025-11-28 00:00:00,25261.4,25448.2,25250.8,25430.7,53531
2025-12-01 00:00:00,25463.6,25482.9,25151.4,25357.3,205667
2025-12-02 00:00:00,25371.3,25630.4,25286.4,25562.1,176813
2025-12-03 00:00:00,25589.9,25647.4,25383.5,25606.8,153126
2025-12-04 00:00:00,25616.5,25696.0,25453.0,25594.0,159033
2025-12-05 00:00:00,25602.8,25831.7,25544.5,25699.8,149634
2025-12-08 00:00:00,25724.9,25832.4,25537.4,25677.1,151817
2025-12-09 00:00:00,25684.2,25710.6,25535.6,25653.9,149322
2025-12-10 00:00:00,25661.5,25843.5,25506.8,25780.0,158836
2025-12-11 00:00:00,25758.8,25841.4,25363.8,25813.6,186372
2025-12-12 00:00:00,25686.0,25714.1,25100.7,25185.1,177325
2025-12-15 00:00:00,25213.1,25398.0,25025.0,25087.1,174413
2025-12-16 00:00:00,25100.8,25194.8,24820.8,25077.7,211600
2025-12-17 00:00:00,25105.9,25262.9,24643.3,24715.2,196081
2025-12-18 00:00:00,24756.7,25171.2,24660.1,24977.0,196615
2025-12-19 00:00:00,25000.0,25360.0,24970.6,25352.9,174613
2025-12-22 00:00:00,25412.3,25561.6,25397.8,25467.2,126553
2025-12-23 00:00:00,25472.3,25592.8,25379.4,25580.4,117970
2025-12-24 00:00:00,25575.5,25665.3,25551.2,25638.4,66057
2025-12-26 00:00:00,25638.4,25714.5,25614.2,25640.9,92791
2025-12-29 00:00:00,25660.7,25681.7,25436.8,25532.2,135938
2025-12-30 00:00:00,25534.2,25584.8,25460.0,25467.1,116076
2025-12-31 00:00:00,25477.8,25510.1,25326.2,25330.0,102752
2026-01-02 00:00:00,25268.4,25600.7,25062.7,25181.4,153796
2026-01-05 00:00:00,25235.1,25513.2,25213.0,25384.2,163706
2026-01-06 00:00:00,25393.2,25647.1,25336.4,25639.7,142227
2026-01-07 00:00:00,25644.9,25808.5,25539.3,25647.6,139366
2026-01-08 00:00:00,25662.9,25664.6,25385.9,25533.1,164277
2026-01-09 00:00:00,25539.6,25803.6,25438.2,25750.1,153799
2026-01-12 00:00:00,25756.5,25846.7,25461.8,25768.0,163635
2026-01-13 00:00:00,25774.5,25875.9,25634.7,25729.3,161691
2026-01-14 00:00:00,25741.1,25757.6,25253.9,25435.9,185002
2026-01-15 00:00:00,25429.2,25787.6,25398.1,25541.5,185007
2026-01-16 00:00:00,25559.9,25729.1,25430.7,25523.0,152462
2026-01-19 00:00:00,25270.5,25318.6,25085.6,25245.4,146911
2026-01-20 00:00:00,25246.8,25288.8,24947.5,24995.6,227257
2026-01-21 00:00:00,25001.5,25506.0,24881.1,25361.3,210854
2026-01-22 00:00:00,25407.1,25596.9,25340.6,25480.8,190296
2026-01-23 00:00:00,25470.7,25705.8,25401.0,25546.4,181075
2026-01-26 00:00:00,25310.2,25801.1,25274.0,25729.2,195015
2026-01-27 00:00:00,25728.0,25990.5,25714.0,25982.7,148922
2026-01-28 00:00:00,25997.8,26224.1,25872.5,26143.6,182796
2026-01-29 00:00:00,26165.3,26172.1,25415.4,25865.8,224382
2026-01-30 00:00:00,25881.2,25897.1,25448.2,25519.2,249374
2026-02-02 00:00:00,25412.5,25836.9,25069.6,25762.8,247496
2026-02-03 00:00:00,25778.0,25919.0,25110.7,25307.1,220709
2026-02-04 00:00:00,25284.6,25408.6,24679.0,25011.5,227724
2026-02-05 00:00:00,24972.7,25066.0,24304.7,24325.6,259417
2026-02-06 00:00:00,24330.6,25121.5,24142.5,24997.6,242414
2026-02-09 00:00:00,25113.6,25336.4,24864.8,25269.6,222807
2026-02-10 00:00:00,25284.9,25357.3,25109.2,25164.9,207393
2026-02-11 00:00:00,25175.2,25378.0,24972.1,25200.7,193599
2026-02-12 00:00:00,25200.5,25336.3,24638.7,24738.4,205287
2026-02-13 00:00:00,24750.0,24912.0,24496.1,24696.7,252107
2026-02-16 00:00:00,24748.0,24847.8,24597.7,24671.4,124579
2026-02-17 00:00:00,24695.5,24817.6,24377.9,24700.6,221666
2026-02-18 00:00:00,24700.9,25059.3,24633.6,24867.9,190776
2026-02-19 00:00:00,24877.1,24984.2,24680.4,24765.2,206534
2026-02-20 00:00:00,24771.9,25072.4,24613.1,25011.9,204956
2026-02-23 00:00:00,24984.7,25000.4,24611.2,24728.2,211372
2026-02-24 00:00:00,24737.9,25023.9,24641.3,24966.7,197365
2026-02-25 00:00:00,24965.6,25442.7,24942.7,25408.7,181093
2026-02-26 00:00:00,25342.6,25369.4,24814.9,24984.7,200742
2026-02-27 00:00:00,24967.0,25050.6,24734.9,24897.0,221702
2026-03-02 00:00:00,24676.1,25060.9,24438.7,24954.5,253250
2026-03-03 00:00:00,24969.7,24972.4,24315.6,24674.6,283172
2026-03-04 00:00:00,24667.0,25182.4,24465.4,25097.9,276574
2026-03-05 00:00:00,25130.8,25209.4,24742.6,24973.3,271229
2026-03-06 00:00:00,24987.2,25107.6,24573.7,24641.6,259961
2026-03-09 00:00:00,24418.3,25027.8,23975.2,24943.7,287452
2026-03-10 00:00:00,24946.8,25194.9,24810.8,24983.1,263792
2026-03-11 00:00:00,24982.6,25158.8,24854.5,24927.3,224282
2026-03-12 00:00:00,24919.4,24921.0,24500.5,24552.0,241688
2026-03-13 00:00:00,24563.0,24787.5,24325.5,24336.6,240890
2026-03-16 00:00:00,24308.7,24806.5,24287.4,24643.7,232960
2026-03-17 00:00:00,24657.1,24889.1,24511.6,24799.1,210750
2026-03-18 00:00:00,24801.8,24986.6,24341.6,24390.1,198184
2026-03-19 00:00:00,24405.1,24503.2,24107.0,24396.6,249827
2026-03-20 00:00:00,24430.3,24440.9,23753.4,23985.7,230911
2026-03-23 00:00:00,23725.0,24550.1,23561.6,24191.5,276588
2026-03-24 00:00:00,24199.1,24338.0,23926.6,24195.9,223613
2026-03-25 00:00:00,24233.1,24332.8,24081.0,24161.0,232578
2026-03-26 00:00:00,24148.0,24216.5,23559.6,23618.7,237616
2026-03-27 00:00:00,23639.4,23773.6,23031.1,23074.1,237076
2026-03-30 00:00:00,23024.9,23371.1,22832.0,22909.3,250135
2026-03-31 00:00:00,22932.1,23781.4,22774.4,23707.3,262157
2026-04-01 00:00:00,23705.5,24158.4,23692.4,24001.3,232747
2026-04-02 00:00:00,23998.3,24073.8,23478.0,24025.8,241949
2026-04-03 00:00:00,24018.2,24068.4,23920.3,23944.5,58740
2026-04-06 00:00:00,23885.6,24273.3,23804.1,24167.8,206078
2026-04-07 00:00:00,24178.2,24275.7,23767.4,24226.0,224997
2026-04-08 00:00:00,24370.4,25085.1,24201.9,24870.5,235990
2026-04-09 00:00:00,24870.5,25099.9,24784.2,25066.9,202684
2026-04-10 00:00:00,25067.5,25226.7,25027.1,25150.0,186139
2026-04-13 00:00:00,24787.1,25426.2,24756.7,25425.0,199129
2026-04-14 00:00:00,25418.5,25847.8,25405.4,25837.0,167338
2026-04-15 00:00:00,25832.4,26224.8,25783.3,26204.5,181432
2026-04-16 00:00:00,26205.2,26413.8,26127.6,26319.1,178849
2026-04-17 00:00:00,26302.4,26736.2,26297.4,26696.3,177067
2026-04-20 00:00:00,26445.5,26687.7,26398.8,26639.0,224403
2026-04-21 00:00:00,26626.8,26767.1,26418.4,26600.0,204919
2026-04-22 00:00:00,26601.0,27002.8,26598.2,26975.8,203664
2026-04-23 00:00:00,26943.2,27027.4,26554.0,26818.5,251118
2026-04-24 00:00:00,26882.5,27337.2,26877.6,27314.6,230802
2026-04-27 00:00:00,27276.7,27424.1,27182.4,27301.6,216387
2026-04-28 00:00:00,27314.3,27397.1,26895.5,27076.0,241758
2026-04-29 00:00:00,27094.2,27296.5,26985.5,27045.1,231005
2026-04-30 00:00:00,27113.0,27513.5,27055.2,27493.2,277329
2026-05-01 00:00:00,27520.1,27809.9,27429.8,27679.9,204903
2026-05-04 00:00:00,27785.5,27867.2,27519.3,27646.2,245886
2026-05-05 00:00:00,27666.7,28149.3,27635.3,28113.8,209521
2026-05-06 00:00:00,28161.8,28705.3,28152.1,28611.7,255962
2026-05-07 00:00:00,28567.4,28853.2,28463.2,28548.0,250896
2026-05-08 00:00:00,28474.5,29291.5,28474.5,29247.4,227659
2026-05-11 00:00:00,29217.4,29395.7,29143.2,29312.1,247701
2026-05-12 00:00:00,29330.2,29374.6,28661.5,29056.0,254184
2026-05-13 00:00:00,29067.6,29485.7,28977.6,29456.8,248594
2026-05-14 00:00:00,29463.8,29705.4,29372.0,29602.8,252714
2026-05-15 00:00:00,29603.9,29654.5,29012.1,29096.3,292324
2026-05-18 00:00:00,29086.9,29349.4,28744.8,29012.4,306129
2026-05-19 00:00:00,29031.2,29120.0,28596.3,28825.3,290896
2026-05-20 00:00:00,28863.8,29330.3,28734.0,29222.8,279626
2026-05-21 00:00:00,29200.9,29487.1,29048.5,29386.4,265564
2026-05-22 00:00:00,29390.7,29683.7,29374.3,29472.2,250383
2026-05-25 00:00:00,29666.4,29939.6,29663.6,29909.2,130117
2026-05-26 00:00:00,29914.4,30066.9,29692.8,29992.7,233576
2026-05-27 00:00:00,30018.1,30329.3,29831.0,30070.0,241381
2026-05-28 00:00:00,30069.4,30296.0,29718.5,30266.6,257129
2026-05-29 00:00:00,30281.9,30490.7,30172.0,30339.8,231835
2026-06-01 00:00:00,30392.5,30656.2,30256.0,30485.5,237551
2026-06-02 00:00:00,30497.4,30729.2,30284.6,30713.6,240162
2026-06-03 00:00:00,30705.5,30776.3,30447.6,30465.6,247643
2026-06-04 00:00:00,30399.6,30569.6,30119.4,30382.8,282546
2026-06-05 00:00:00,30367.8,30387.1,28747.1,28815.9,289161
2026-06-08 00:00:00,28885.2,29716.7,28797.3,29408.7,313322
2026-06-09 00:00:00,29426.3,29822.9,28204.7,29114.8,300848
2026-06-10 00:00:00,29057.7,29228.7,28390.7,28440.5,310904
2026-06-11 00:00:00,28438.3,29524.0,28248.7,29416.2,301038
2026-06-12 00:00:00,29432.7,29744.1,29218.8,29654.5,276532
2026-06-15 00:00:00,29981.7,30605.2,29957.4,30525.1,248676
2026-06-16 00:00:00,30548.0,30667.9,29967.9,29993.3,260483
2026-06-17 00:00:00,30036.9,30280.6,29620.1,29832.3,253966
2026-06-18 00:00:00,29857.3,30483.5,29797.0,30421.8,275063
2026-06-19 00:00:00,30449.3,30474.1,30093.5,30351.6,168096
2026-06-22 00:00:00,30288.7,30679.6,30051.2,30383.2,273802
2026-06-23 00:00:00,30370.8,30416.2,29295.0,29468.8,305134
2026-06-24 00:00:00,29501.7,29877.1,28987.2,29809.4,308744
2026-06-25 00:00:00,29827.3,29985.5,29021.9,29486.2,282065
2026-06-26 00:00:00,29468.0,29619.1,28889.9,29020.6,304038
2026-06-29 00:00:00,29058.4,29807.6,29013.4,29747.0,288541
2026-06-30 00:00:00,29743.5,30341.1,29677.3,30237.1,270063
2026-07-01 00:00:00,30245.1,30294.8,29753.3,29809.9,267789
2026-07-02 00:00:00,29841.0,30066.7,29076.7,29302.0,297905
2026-07-03 00:00:00,29320.8,29706.2,29274.4,29654.1,157802
2026-07-06 00:00:00,29712.6,29853.4,29443.2,29711.6,269916
2026-07-07 00:00:00,29719.5,29736.8,28974.5,29181.8,276919
2026-07-08 00:00:00,29115.8,29324.4,28678.1,29167.2,304212
2026-07-09 00:00:00,29187.1,29763.6,29166.2,29701.5,282976
2026-07-10 00:00:00,29709.2,29850.2,29453.2,29837.9,249611
2026-07-13 00:00:00,29720.5,29826.3,29175.5,29216.7,279398
2026-07-14 00:00:00,29232.4,29709.3,29092.7,29588.1,294471
2026-07-15 00:00:00,29586.0,29854.9,29190.3,29508.3,261296
2026-07-16 00:00:00,29507.6,29592.5,28876.1,28971.3,274077
2026-07-17 00:00:00,29006.2,29018.4,28209.3,28565.7,290959
2026-07-20 00:00:00,28602.3,29003.8,28521.9,28592.3,286763
2026-07-21 00:00:00,28607.1,29177.7,28516.9,29100.9,250144
2026-07-22 00:00:00,29122.1,29161.2,28784.8,29000.1,268499
2026-07-23 00:00:00,28953.9,29104.1,28255.6,28564.3,290314
2026-07-24 00:00:00,28526.0,28559.1,28038.6,28135.2,295498
2026-07-27 00:00:00,28419.1,28598.7,27776.1,28035.4,280405
2026-07-28 00:00:00,28063.6,28063.6,27443.6,27795.6,301391
2026-07-29 00:00:00,27818.3,28018.2,27484.0,27656.2,202629
