time,open,high,low,close,volume
2017-08-28 00:00:00,21827.0,21895.0,21786.0,21831.0,17238
2017-08-29 00:00:00,21724.0,21903.0,21667.0,21895.0,32558
2017-08-30 00:00:00,21883.0,21962.0,21850.0,21895.0,17454
2017-08-31 00:00:00,21888.0,22002.0,21888.0,21983.0,16222
2017-09-01 00:00:00,21983.0,22054.0,21982.0,22003.0,13943
2017-09-04 00:00:00,21903.0,21966.0,21902.0,21939.0,11186
2017-09-05 00:00:00,21932.0,21969.0,21726.0,21786.0,27589
2017-09-06 00:00:00,21785.0,21864.0,21762.0,21829.0,22822
2017-09-07 00:00:00,21803.0,21866.0,21759.0,21822.0,25401
2017-09-08 00:00:00,21813.0,21863.0,21731.0,21828.0,19882
2017-09-11 00:00:00,21893.0,22091.0,21887.0,22088.0,15839
2017-09-12 00:00:00,22079.0,22155.0,22077.0,22151.0,14762
2017-09-13 00:00:00,22151.0,22176.0,22112.0,22169.0,12728
2017-09-14 00:00:00,22174.0,22231.0,22129.0,22230.0,13193
2017-09-15 00:00:00,22224.0,22288.0,22182.0,22288.0,16287
2017-09-18 00:00:00,22279.0,22371.0,22279.0,22357.0,13377
2017-09-19 00:00:00,22350.0,22400.0,22350.0,22388.0,11062
2017-09-20 00:00:00,22386.0,22446.0,22334.0,22433.0,19249
2017-09-21 00:00:00,22428.0,22446.0,22376.0,22390.0,12439
2017-09-22 00:00:00,22386.0,22393.0,22318.0,22364.0,13737
2017-09-25 00:00:00,22352.0,22399.0,22233.0,22340.0,16755
2017-09-26 00:00:00,22333.0,22384.0,22295.0,22306.0,14863
2017-09-27 00:00:00,22299.0,22385.0,22263.0,22352.0,16277
2017-09-28 00:00:00,22340.0,22405.0,22297.0,22384.0,13208
2017-09-29 00:00:00,22374.0,22412.0,22342.0,22406.0,10963
2017-10-02 00:00:00,22413.0,22582.0,22407.0,22579.0,12752
2017-10-03 00:00:00,22570.0,22684.0,22563.0,22676.0,9004
2017-10-04 00:00:00,22664.0,22693.0,22643.0,22668.0,11587
2017-10-05 00:00:00,22649.0,22799.0,22649.0,22790.0,11885
2017-10-06 00:00:00,22779.0,22791.0,22733.0,22748.0,11117
2017-10-09 00:00:00,22741.0,22802.9,22736.0,22760.0,12737
2017-10-10 00:00:00,22756.0,22849.4,22756.0,22840.5,18440
2017-10-11 00:00:00,22832.6,22870.1,22809.2,22864.3,12848
2017-10-12 00:00:00,22865.4,22886.3,22820.8,22844.9,11551
2017-10-13 00:00:00,22836.9,22903.0,22829.6,22878.4,14010
2017-10-16 00:00:00,22880.1,22960.0,22880.1,22951.3,13229
2017-10-17 00:00:00,22948.4,23026.5,22940.6,23017.5,13825
2017-10-18 00:00:00,23026.0,23176.8,23017.6,23172.1,11722
2017-10-19 00:00:00,23160.4,23173.0,23001.2,23169.7,24259
2017-10-20 00:00:00,23163.4,23330.6,23152.0,23315.9,21914
2017-10-23 00:00:00,23322.1,23371.1,23261.3,23273.7,20618
2017-10-24 00:00:00,23273.8,23485.2,23271.3,23436.3,23041
2017-10-25 00:00:00,23437.9,23464.6,23249.4,23358.2,37881
2017-10-26 00:00:00,23357.3,23455.1,23335.9,23398.7,28529
2017-10-27 00:00:00,23403.8,23459.2,23349.9,23415.4,31233
2017-10-30 00:00:00,23411.7,23441.6,23328.8,23340.5,23766
2017-10-31 00:00:00,23342.0,23406.0,23322.7,23384.0,15590
2017-11-01 00:00:00,23385.6,23518.2,23374.2,23413.2,27186
2017-11-02 00:00:00,23413.3,23532.7,23346.9,23518.4,32734
2017-11-03 00:00:00,23515.5,23556.6,23479.2,23508.0,21427
2017-11-06 00:00:00,23510.0,23574.0,23473.2,23555.0,19416
2017-11-07 00:00:00,23568.3,23624.0,23482.9,23544.5,24136
2017-11-08 00:00:00,23528.3,23576.6,23501.4,23556.1,23162
2017-11-09 00:00:00,23538.6,23582.2,23308.7,23472.8,54596
2017-11-10 00:00:00,23447.0,23485.3,23377.7,23433.6,35098
2017-11-13 00:00:00,23439.4,23469.9,23330.7,23448.2,23964
2017-11-14 00:00:00,23436.9,23462.5,23272.0,23408.3,30890
2017-11-15 00:00:00,23400.8,23400.8,23242.1,23274.8,39256
2017-11-16 00:00:00,23281.4,23491.3,23266.4,23449.6,24278
2017-11-17 00:00:00,23442.9,23467.9,23355.8,23369.9,26882
2017-11-20 00:00:00,23349.3,23457.1,23271.6,23430.1,24831
2017-11-21 00:00:00,23429.3,23616.4,23407.5,23589.9,20419
2017-11-22 00:00:00,23572.6,23625.1,23506.3,23532.1,17708
2017-11-23 00:00:00,23514.4,23538.3,23462.3,23529.4,9179
2017-11-24 00:00:00,23518.3,23598.8,23507.4,23548.6,15479
2017-11-27 00:00:00,23540.8,23640.0,23501.0,23594.5,21691
2017-11-28 00:00:00,23584.4,23850.6,23547.0,23833.8,27732
2017-11-29 00:00:00,23814.8,23958.6,23802.0,23941.8,38294
2017-11-30 00:00:00,23915.5,24329.2,23890.6,24279.1,40812
2017-12-01 00:00:00,24230.1,24323.1,23921.4,24223.6,80197
2017-12-04 00:00:00,24371.8,24535.4,24297.9,24311.6,54671
2017-12-05 00:00:00,24292.4,24388.3,24154.5,24182.7,45615
2017-12-06 00:00:00,24177.6,24230.4,24083.8,24146.4,44534
2017-12-07 00:00:00,24160.3,24263.0,24071.1,24201.6,37639
2017-12-08 00:00:00,24218.2,24320.9,24207.3,24309.8,27540
2017-12-11 00:00:00,24330.6,24386.4,24317.6,24381.1,28578
2017-12-12 00:00:00,24429.6,24551.9,24394.3,24508.3,30118
2017-12-13 00:00:00,24521.0,24665.4,24463.2,24593.7,32750
2017-12-14 00:00:00,24625.4,24677.8,24517.0,24537.4,34207
2017-12-15 00:00:00,24512.8,24689.0,24512.8,24647.6,30542
2017-12-18 00:00:00,24681.9,24879.6,24679.4,24799.6,29683
2017-12-19 00:00:00,24803.8,24874.0,24715.2,24775.1,28345
2017-12-20 00:00:00,24756.0,24864.4,24694.3,24728.7,32900
2017-12-21 00:00:00,24730.6,24850.2,24703.2,24786.5,24661
2017-12-22 00:00:00,24787.0,24832.8,24716.4,24748.0,19839
2017-12-25 00:00:00,24753.9,24753.9,24753.9,24753.9,1
2017-12-26 00:00:00,24768.3,24785.5,24697.2,24740.0,14114
2017-12-27 00:00:00,24752.7,24787.7,24727.4,24765.6,18702
2017-12-28 00:00:00,24775.1,24834.1,24765.1,24834.1,15073
2017-12-29 00:00:00,24825.6,24902.6,24781.4,24783.2,18664
2018-01-01 00:00:00,24694.0,24694.0,24694.0,24694.0,1
2018-01-02 00:00:00,24756.7,24880.6,24741.5,24814.7,26914
2018-01-03 00:00:00,24808.6,24940.6,24792.7,24925.8,21250
2018-01-04 00:00:00,24908.7,25106.0,24905.4,25074.7,25786
2018-01-05 00:00:00,25086.9,25296.2,25083.1,25292.3,25297
2018-01-08 00:00:00,25304.6,25387.1,25235.1,25281.5,25254
2018-01-09 00:00:00,25283.5,25439.5,25259.0,25391.4,25520
2018-01-10 00:00:00,25378.8,25405.6,25245.5,25368.7,36377
2018-01-11 00:00:00,25376.1,25563.4,25353.7,25563.4,26339
2018-01-12 00:00:00,25572.8,25809.2,25559.8,25796.3,29332
2018-01-15 00:00:00,25825.9,26005.7,25825.9,25966.4,14812
2018-01-16 00:00:00,25967.1,26086.6,25701.7,25794.5,54542
2018-01-17 00:00:00,25846.2,26131.1,25806.2,26110.3,48329
2018-01-18 00:00:00,26101.3,26152.9,25943.1,26030.6,45997
2018-01-19 00:00:00,25949.2,26059.8,25881.9,26048.9,42082
2018-01-22 00:00:00,26058.0,26205.2,25955.4,26203.2,31829
2018-01-23 00:00:00,26203.5,26324.7,26145.0,26213.9,39684
2018-01-24 00:00:00,26196.9,26391.9,26103.9,26292.6,52198
2018-01-25 00:00:00,26279.6,26456.6,26226.1,26390.8,55348
2018-01-26 00:00:00,26408.7,26592.7,26402.8,26590.3,37031
2018-01-29 00:00:00,26603.3,26704.9,26440.8,26468.9,49298
2018-01-30 00:00:00,26444.5,26494.8,26026.1,26102.3,75968
2018-01-31 00:00:00,26063.3,26331.0,26047.1,26163.6,65168
2018-02-01 00:00:00,26178.5,26307.3,25944.0,26173.6,71118
2018-02-02 00:00:00,26165.4,26241.0,25506.5,25510.0,92668
2018-02-05 00:00:00,25474.4,25522.1,23751.4,24440.8,140124
2018-02-06 00:00:00,24103.9,24944.0,23128.0,24852.3,210798
2018-02-07 00:00:00,24789.6,25295.8,24558.5,24930.5,130608
2018-02-08 00:00:00,24804.3,24956.4,23930.8,23931.3,148552
2018-02-09 00:00:00,24035.4,24381.9,23359.7,24294.3,169266
2018-02-12 00:00:00,24224.5,24767.3,24224.5,24582.9,105079
2018-02-13 00:00:00,24595.6,24707.4,24405.0,24638.5,96670
2018-02-14 00:00:00,24671.6,24926.8,24312.6,24887.8,108040
2018-02-15 00:00:00,24877.0,25177.8,24804.4,25172.3,91168
2018-02-16 00:00:00,25230.4,25432.8,25121.3,25285.6,85410
2018-02-19 00:00:00,25245.5,25355.9,25072.6,25191.9,24248
2018-02-20 00:00:00,25191.9,25240.5,24881.0,24966.2,84553
2018-02-21 00:00:00,24965.0,25271.3,24793.6,24794.1,86767
2018-02-22 00:00:00,24793.9,25157.2,24593.4,24966.6,92813
2018-02-23 00:00:00,25049.7,25286.1,25016.5,25267.0,76882
2018-02-26 00:00:00,25313.2,25732.4,25313.2,25686.2,71106
2018-02-27 00:00:00,25765.5,25820.4,25408.6,25412.1,104704
2018-02-28 00:00:00,25411.6,25576.1,25024.3,25024.8,104208
2018-03-01 00:00:00,25026.3,25189.2,24438.6,24606.1,155355
2018-03-02 00:00:00,24604.6,24675.1,24213.0,24532.0,144619
2018-03-05 00:00:00,24471.1,24962.4,24325.0,24882.1,111408
2018-03-06 00:00:00,24882.6,25055.7,24707.0,24885.1,103513
2018-03-07 00:00:00,24886.6,24890.1,24412.7,24803.0,118567
2018-03-08 00:00:00,24804.0,24948.8,24701.0,24891.9,83708
2018-03-09 00:00:00,24889.4,25335.2,24838.0,25331.7,160346
2018-03-12 00:00:00,25423.9,25506.5,25148.5,25201.8,59060
2018-03-13 00:00:00,25199.8,25376.5,24943.0,25007.0,63917
2018-03-14 00:00:00,25005.9,25141.5,24662.0,24773.5,101265
2018-03-15 00:00:00,24782.8,25056.5,24669.0,24929.5,78148
2018-03-16 00:00:00,24934.2,25032.5,24830.5,24938.5,65110
2018-03-19 00:00:00,24941.5,24953.5,24452.5,24665.5,102067
2018-03-20 00:00:00,24666.6,24806.0,24600.5,24766.5,81208
2018-03-21 00:00:00,24777.0,24985.5,24653.0,24720.0,76894
2018-03-22 00:00:00,24729.5,24796.5,23931.0,23997.5,135167
2018-03-23 00:00:00,23974.0,24111.0,23504.5,23577.5,163054
2018-03-26 00:00:00,23592.5,24231.0,23564.0,24213.5,118866
2018-03-27 00:00:00,24208.5,24448.5,23705.0,23856.5,132167
2018-03-28 00:00:00,23856.0,24092.5,23726.5,23889.5,165560
2018-03-29 00:00:00,23914.0,24309.0,23816.0,24115.0,115479
2018-04-02 00:00:00,24122.0,24181.0,23343.0,23655.0,103470
2018-04-03 00:00:00,23641.0,24047.0,23584.0,24025.0,97555
2018-04-04 00:00:00,24013.0,24318.0,23400.0,24290.0,98150
2018-04-05 00:00:00,24278.0,24630.0,24269.0,24518.0,76348
2018-04-06 00:00:00,24513.0,24536.0,23742.0,23951.0,119209
2018-04-09 00:00:00,23980.0,24386.0,23956.0,24034.0,78499
2018-04-10 00:00:00,24036.0,24523.0,23987.0,24399.0,95626
2018-04-11 00:00:00,24395.0,24407.0,24104.0,24220.0,70807
2018-04-12 00:00:00,24215.0,24601.0,24184.0,24520.0,57168
2018-04-13 00:00:00,24483.0,24669.0,24252.0,24387.0,62166
2018-04-16 00:00:00,24526.0,24691.0,24431.0,24609.0,49632
2018-04-17 00:00:00,24603.0,24876.0,24600.0,24759.0,44510
2018-04-18 00:00:00,24734.0,24860.0,24734.0,24792.0,45003
2018-04-19 00:00:00,24783.0,24828.0,24564.0,24681.0,62076
2018-04-20 00:00:00,24665.0,24709.0,24383.0,24480.0,76595
2018-04-23 00:00:00,24593.0,24594.0,24341.0,24480.0,51013
2018-04-24 00:00:00,24484.0,24651.0,23838.0,24049.0,80905
2018-04-25 00:00:00,24050.0,24156.0,23837.0,24139.0,76126
2018-04-26 00:00:00,24134.0,24415.0,24066.0,24343.0,62869
2018-04-27 00:00:00,24360.0,24370.0,24202.0,24336.0,49428
2018-04-30 00:00:00,24332.0,24516.0,24160.0,24171.0,50451
2018-05-01 00:00:00,24173.0,24246.0,23814.0,24140.0,48973
2018-05-02 00:00:00,24145.0,24193.0,23855.0,23871.0,51875
2018-05-03 00:00:00,23872.0,23997.0,23527.0,23971.0,74852
2018-05-04 00:00:00,23967.0,24336.0,23777.0,24294.0,64263
2018-05-07 00:00:00,24282.0,24484.0,24264.0,24345.0,52836
2018-05-08 00:00:00,24337.0,24416.0,24192.0,24362.0,76333
2018-05-09 00:00:00,24346.0,24591.0,24317.0,24553.0,50719
2018-05-10 00:00:00,24539.0,24797.0,24504.0,24709.0,42740
2018-05-11 00:00:00,24699.0,24872.0,24698.0,24848.0,43886
2018-05-14 00:00:00,24838.0,24998.0,24838.0,24896.0,33902
2018-05-15 00:00:00,24896.0,24924.0,24634.0,24690.0,48271
2018-05-16 00:00:00,24703.0,24807.0,24645.0,24763.0,40252
2018-05-17 00:00:00,24740.0,24844.0,24639.0,24715.0,38344
2018-05-18 00:00:00,24709.0,24812.0,24668.0,24733.0,47221
2018-05-21 00:00:00,24900.0,25095.0,24900.0,25023.0,38334
2018-05-22 00:00:00,25005.0,25085.0,24822.0,24851.0,32807
2018-05-23 00:00:00,24847.0,24899.0,24647.0,24874.0,61293
2018-05-24 00:00:00,24870.0,24888.0,24606.0,24823.0,52682
2018-05-25 00:00:00,24810.0,24918.0,24692.0,24751.0,55519
2018-05-28 00:00:00,24850.0,24860.0,24726.0,24792.0,23489
2018-05-29 00:00:00,24787.0,24809.0,24256.0,24419.0,81124
2018-05-30 00:00:00,24403.0,24729.0,24337.0,24671.0,56802
2018-05-31 00:00:00,24642.0,24719.0,24357.0,24450.0,51815
2018-06-01 00:00:00,24447.0,24688.0,24431.0,24649.0,47096
2018-06-04 00:00:00,24612.0,24876.0,24598.0,24823.0,33195
2018-06-05 00:00:00,24812.0,24874.0,24723.0,24846.0,46132
2018-06-06 00:00:00,24842.0,25177.0,24829.0,25167.0,39968
2018-06-07 00:00:00,25154.0,25337.0,25132.0,25284.0,55980
2018-06-08 00:00:00,25264.0,25339.0,25087.0,25331.0,44278
2018-06-11 00:00:00,25271.0,25418.0,25259.0,25342.0,33923
2018-06-12 00:00:00,25334.0,25407.0,25261.0,25356.0,41850
2018-06-13 00:00:00,25344.0,25384.0,25202.0,25218.0,37356
2018-06-14 00:00:00,25198.0,25352.0,25149.0,25215.0,39828
2018-06-15 00:00:00,25190.0,25199.0,24901.0,25095.0,50893
2018-06-18 00:00:00,25061.0,25147.0,24838.0,25007.0,38756
2018-06-19 00:00:00,24998.0,25016.0,24569.0,24723.0,73251
2018-06-20 00:00:00,24719.0,24859.0,24630.0,24672.0,47218
2018-06-21 00:00:00,24665.0,24793.0,24403.0,24462.0,61020
2018-06-22 00:00:00,24451.0,24664.0,24445.0,24583.0,51039
2018-06-25 00:00:00,24581.0,24618.0,24083.0,24274.0,75709
2018-06-26 00:00:00,24270.0,24381.0,24224.0,24270.0,61768
2018-06-27 00:00:00,24282.0,24572.0,24086.0,24140.0,94078
2018-06-28 00:00:00,24140.0,24304.0,23988.0,24259.0,91923
2018-06-29 00:00:00,24256.0,24507.0,24219.0,24286.0,68977
2018-07-02 00:00:00,24301.0,24339.0,24042.0,24308.0,69365
2018-07-03 00:00:00,24311.0,24461.0,24147.0,24179.0,48604
2018-07-04 00:00:00,24153.0,24271.0,24143.0,24221.0,28483
2018-07-05 00:00:00,24211.0,24375.0,24128.0,24348.0,63337
2018-07-06 00:00:00,24320.0,24515.0,24249.0,24461.0,73628
2018-07-09 00:00:00,24462.0,24801.0,24462.0,24794.0,41895
2018-07-10 00:00:00,24783.0,24947.0,24758.0,24808.0,41373
2018-07-11 00:00:00,24755.0,24814.0,24622.0,24726.0,77287
2018-07-12 00:00:00,24720.0,24940.0,24694.0,24910.0,47220
2018-07-13 00:00:00,24914.0,25043.0,24882.0,25031.0,42233
2018-07-16 00:00:00,25048.0,25109.0,24981.0,25069.0,39268
2018-07-17 00:00:00,25064.0,25157.1,24987.8,25126.2,52411
2018-07-18 00:00:00,25133.8,25214.6,25098.5,25175.7,42502
2018-07-19 00:00:00,25175.5,25212.1,25047.0,25068.6,55624
2018-07-20 00:00:00,25064.7,25125.2,24925.2,25068.1,58669
2018-07-23 00:00:00,25091.3,25097.3,24978.0,25044.0,48806
2018-07-24 00:00:00,25040.1,25288.3,25040.1,25210.8,56346
2018-07-25 00:00:00,25215.3,25463.3,25109.8,25460.8,56544
2018-07-26 00:00:00,25455.4,25589.0,25412.2,25521.6,55547
2018-07-27 00:00:00,25511.2,25589.3,25369.1,25460.1,62857
2018-07-30 00:00:00,25435.6,25499.7,25287.2,25324.8,58789
2018-07-31 00:00:00,25323.9,25508.9,25294.2,25493.0,52474
2018-08-01 00:00:00,25486.6,25495.6,25277.0,25345.4,57188
2018-08-02 00:00:00,25341.7,25389.8,25116.0,25353.0,51554
2018-08-03 00:00:00,25352.0,25465.0,25288.0,25451.0,48175
2018-08-06 00:00:00,25453.0,25540.0,25377.0,25499.0,34286
2018-08-07 00:00:00,25499.0,25693.0,25494.0,25649.0,30677
2018-08-08 00:00:00,25638.0,25668.0,25536.0,25536.0,29504
2018-08-09 00:00:00,25512.0,25612.0,25471.0,25485.0,30635
2018-08-10 00:00:00,25472.0,25493.0,25219.0,25345.0,59508
2018-08-13 00:00:00,25324.0,25379.0,25152.0,25226.0,57612
2018-08-14 00:00:00,25226.0,25344.0,25203.0,25318.0,49814
2018-08-15 00:00:00,25315.0,25326.0,24964.0,25208.0,56822
2018-08-16 00:00:00,25191.0,25605.0,25144.0,25588.0,48407
2018-08-17 00:00:00,25569.0,25727.0,25503.0,25698.0,54893
2018-08-20 00:00:00,25689.0,25792.0,25664.0,25752.0,40421
2018-08-21 00:00:00,25748.0,25889.0,25723.0,25750.0,28114
2018-08-22 00:00:00,25710.0,25841.0,25681.0,25734.0,39799
2018-08-23 00:00:00,25724.0,25763.0,25606.0,25672.0,26844
2018-08-24 00:00:00,25670.0,25826.0,25652.0,25805.0,26548
2018-08-27 00:00:00,25802.0,26085.0,25801.0,26080.0,23141
2018-08-28 00:00:00,26078.0,26155.0,26044.0,26094.0,30548
2018-08-29 00:00:00,26078.0,26173.0,26040.0,26140.0,31482
2018-08-30 00:00:00,26135.0,26156.0,25934.0,25974.0,28691
2018-08-31 00:00:00,25950.0,26030.0,25878.0,26008.0,35258
2018-09-03 00:00:00,26004.0,26066.0,25947.0,26008.0,20950
2018-09-04 00:00:00,26009.0,26057.0,25806.0,25983.0,40849
2018-09-05 00:00:00,25976.0,26016.0,25833.0,25975.0,40030
2018-09-06 00:00:00,25959.0,26081.0,25881.0,26004.0,48854
2018-09-07 00:00:00,25991.0,26021.0,25817.0,25923.0,54414
2018-09-10 00:00:00,25936.0,26049.0,25862.0,25886.0,41366
2018-09-11 00:00:00,25883.0,26026.0,25756.0,26000.0,33271
2018-09-12 00:00:00,25993.0,26155.0,25932.0,25995.0,44806
2018-09-13 00:00:00,25986.0,26194.0,25972.0,26154.0,36584
2018-09-14 00:00:00,26141.0,26227.0,26086.0,26143.0,30227
2018-09-17 00:00:00,26147.0,26202.0,26047.0,26085.0,39729
2018-09-18 00:00:00,26068.0,26340.0,25972.0,26301.0,45362
2018-09-19 00:00:00,26296.0,26486.0,26249.0,26454.0,32549
2018-09-20 00:00:00,26457.0,26726.0,26441.0,26725.0,34489
2018-09-21 00:00:00,26714.0,26803.0,26699.0,26740.0,34367
2018-09-24 00:00:00,26703.0,26730.0,26569.0,26614.0,34201
2018-09-25 00:00:00,26607.0,26698.0,26485.0,26524.0,30611
2018-09-26 00:00:00,26511.0,26620.0,26364.0,26404.0,35343
2018-09-27 00:00:00,26409.0,26571.0,26354.0,26491.0,41871
2018-09-28 00:00:00,26493.0,26531.0,26346.0,26498.0,50443
2018-10-01 00:00:00,26522.0,26758.0,26522.0,26676.0,36381
2018-10-02 00:00:00,26677.0,26843.0,26559.0,26826.0,46028
2018-10-03 00:00:00,26815.0,26973.0,26785.0,26825.0,40128
2018-10-04 00:00:00,26828.0,26830.0,26489.0,26691.0,70019
2018-10-05 00:00:00,26682.0,26742.0,26325.0,26496.0,75244
2018-10-08 00:00:00,26538.0,26567.0,26244.0,26553.0,78797
2018-10-09 00:00:00,26541.0,26571.0,26353.0,26488.0,68717
2018-10-10 00:00:00,26478.0,26538.0,25447.0,25460.0,115083
2018-10-11 00:00:00,25480.0,25703.0,24917.0,25274.0,194896
2018-10-12 00:00:00,25239.0,25570.0,25020.0,25367.0,127177
2018-10-15 00:00:00,25358.0,25500.0,25140.0,25217.0,124589
2018-10-16 00:00:00,25197.0,25837.0,25197.0,25798.0,82496
2018-10-17 00:00:00,25770.0,25877.0,25493.0,25774.0,102147
2018-10-18 00:00:00,25742.0,25746.0,25246.0,25413.0,109750
2018-10-19 00:00:00,25404.0,25621.0,25363.0,25459.0,116858
2018-10-22 00:00:00,25369.0,25596.0,25252.0,25337.0,110843
2018-10-23 00:00:00,25328.0,25343.0,24786.0,25269.0,146140
2018-10-24 00:00:00,25273.0,25373.0,24545.0,24747.0,140195
2018-10-25 00:00:00,24722.0,25114.0,24608.0,24876.0,147595
2018-10-26 00:00:00,24811.0,24920.0,24452.0,24741.0,188699
2018-10-29 00:00:00,24769.0,25047.0,24127.0,24426.0,160468
2018-10-30 00:00:00,24412.0,24938.0,24373.0,24927.0,156098
2018-10-31 00:00:00,24912.0,25346.5,24867.0,25092.0,116891
2018-11-01 00:00:00,25090.0,25405.0,25086.0,25319.0,105314
2018-11-02 00:00:00,25240.0,25728.0,25081.0,25269.0,138252
2018-11-05 00:00:00,25267.0,25513.0,25178.0,25488.0,100870
2018-11-06 00:00:00,25481.0,25704.0,25415.0,25681.0,96457
2018-11-07 00:00:00,25663.0,26246.0,25582.0,26235.0,114231
2018-11-08 00:00:00,26190.0,26284.0,26087.0,26205.0,96714
2018-11-09 00:00:00,26184.0,26249.0,25888.0,25980.0,110918
2018-11-12 00:00:00,25987.0,26114.0,25353.0,25410.0,120129
2018-11-13 00:00:00,25422.0,25586.0,25203.0,25357.0,144773
2018-11-14 00:00:00,25378.0,25512.0,24952.0,25105.0,137985
2018-11-15 00:00:00,25085.0,25373.0,24806.0,25341.0,139354
2018-11-16 00:00:00,25335.0,25526.0,25122.0,25469.0,107467
2018-11-19 00:00:00,25410.0,25520.0,24919.0,25068.0,107179
2018-11-20 00:00:00,25063.0,25073.0,24389.0,24459.0,140184
2018-11-21 00:00:00,24461.0,24686.0,24408.0,24499.0,99501
2018-11-22 00:00:00,24497.0,24568.0,24322.0,24353.0,42430
2018-11-23 00:00:00,24367.0,24458.0,24274.0,24287.0,59734
2018-11-26 00:00:00,24300.0,24694.0,24299.0,24530.0,77017
2018-11-27 00:00:00,24546.0,24809.0,24437.0,24799.0,93642
2018-11-28 00:00:00,24794.0,25393.0,24753.0,25362.0,87155
2018-11-29 00:00:00,25327.0,25497.0,25222.0,25389.0,84662
2018-11-30 00:00:00,25367.0,25597.0,25222.0,25588.0,72317
2018-12-03 00:00:00,25897.0,26091.0,25688.0,25842.0,96044
2018-12-04 00:00:00,25837.0,25840.0,25004.0,25039.0,122138
2018-12-05 00:00:00,25033.0,25193.0,25013.0,25167.0,25249
2018-12-06 00:00:00,25118.0,25129.0,24263.0,24929.0,160708
2018-12-07 00:00:00,24921.0,25111.0,24291.0,24404.0,141439
2018-12-10 00:00:00,24338.0,24521.0,23899.0,24482.0,149218
2018-12-11 00:00:00,24490.0,24831.0,24238.0,24338.0,128206
2018-12-12 00:00:00,24341.0,24853.0,24341.0,24549.0,115173
2018-12-13 00:00:00,24576.0,24761.0,24492.0,24579.0,112744
2018-12-14 00:00:00,24591.0,24616.0,24047.0,24079.0,80274
2018-12-17 00:00:00,24069.0,24220.0,23461.0,23698.0,99704
2018-12-18 00:00:00,23705.0,23938.0,23519.0,23566.0,105855
2018-12-19 00:00:00,23534.0,24062.0,23158.0,23289.0,110098
2018-12-20 00:00:00,23301.0,23425.0,22631.0,23034.0,142454
2018-12-21 00:00:00,23003.0,23241.0,22364.0,22449.0,132771
2018-12-24 00:00:00,22348.0,22575.0,21684.0,21701.0,98829
2018-12-27 00:00:00,22888.0,23209.0,22254.0,23108.0,150317
2018-12-28 00:00:00,23132.0,23384.0,22971.0,23058.0,132524
2018-12-31 00:00:00,23200.0,23369.0,23109.0,23335.0,77355
2019-01-02 00:00:00,23325.0,23439.0,22813.0,23150.0,137291
2019-01-03 00:00:00,23058.0,23137.0,22628.0,22702.0,140981
2019-01-04 00:00:00,22706.0,23523.0,22580.0,23416.0,141373
2019-01-07 00:00:00,23450.0,23695.0,23308.0,23564.0,113332
2019-01-08 00:00:00,23559.0,23876.0,23526.0,23770.0,116105
2019-01-09 00:00:00,23735.0,23986.0,23735.0,23861.0,111525
2019-01-10 00:00:00,23848.0,24025.0,23665.0,23989.0,105918
2019-01-11 00:00:00,23975.0,24018.0,23795.0,23983.0,91321
2019-01-14 00:00:00,23935.0,23967.0,23730.0,23910.0,77238
2019-01-15 00:00:00,23904.0,24107.0,23859.0,24026.0,70709
2019-01-16 00:00:00,24019.0,24294.0,23994.0,24206.0,65820
2019-01-17 00:00:00,24189.0,24479.0,24041.0,24377.0,74445
2019-01-18 00:00:00,24368.0,24754.0,24325.0,24740.0,68242
2019-01-21 00:00:00,24716.0,24731.0,24558.0,24644.0,34087
2019-01-22 00:00:00,24608.0,24675.0,24249.0,24451.0,77708
2019-01-23 00:00:00,24419.0,24704.0,24303.5,24577.0,94576
2019-01-24 00:00:00,24571.0,24642.0,24422.0,24528.0,74915
2019-01-25 00:00:00,24514.0,24867.0,24494.0,24762.0,65600
2019-01-28 00:00:00,24705.0,24748.0,24326.0,24505.0,66004
2019-01-29 00:00:00,24500.0,24682.0,24394.0,24663.0,58197
2019-01-30 00:00:00,24699.0,25109.0,24580.0,25020.0,65325
2019-01-31 00:00:00,24966.0,25085.0,24834.0,25078.0,61763
2019-02-01 00:00:00,25067.0,25181.0,24975.0,25051.0,61092
2019-02-04 00:00:00,24999.0,25244.0,24970.0,25219.0,41349
2019-02-05 00:00:00,25220.0,25421.0,25189.0,25376.0,39229
2019-02-06 00:00:00,25377.0,25435.0,25306.0,25372.0,40231
2019-02-07 00:00:00,25327.0,25356.0,24993.0,25150.0,65786
2019-02-08 00:00:00,25131.0,25140.0,24881.0,25113.0,63511
2019-02-11 00:00:00,25143.0,25248.0,25005.0,25051.0,44940
2019-02-12 00:00:00,25035.0,25462.0,25029.0,25434.0,37955
2019-02-13 00:00:00,25418.0,25634.0,25411.0,25520.0,40553
2019-02-14 00:00:00,25483.0,25620.0,25305.0,25415.0,57800
2019-02-15 00:00:00,25404.0,25905.0,25277.0,25904.0,49846
2019-02-18 00:00:00,25905.0,25941.0,25853.0,25910.0,21429
2019-02-19 00:00:00,25894.0,25965.0,25795.0,25885.0,38257
2019-02-20 00:00:00,25877.0,25989.0,25829.0,25965.0,48272
2019-02-21 00:00:00,25962.0,26087.0,25759.0,25842.0,57911
2019-02-22 00:00:00,25825.0,26053.0,25815.0,26035.0,41451
2019-02-25 00:00:00,26094.0,26244.0,26046.0,26091.0,67974
2019-02-26 00:00:00,26093.0,26160.0,25963.0,26030.0,77019
2019-02-27 00:00:00,26005.0,26063.0,25879.0,26036.0,67329
2019-02-28 00:00:00,26018.0,26028.0,25879.0,25929.0,71316
2019-03-01 00:00:00,25911.0,26142.0,25895.0,26049.0,59692
2019-03-04 00:00:00,26114.0,26174.0,25611.0,25814.0,85304
2019-03-05 00:00:00,25805.0,25898.0,25730.0,25808.0,74496
2019-03-06 00:00:00,25786.0,25843.0,25635.0,25678.0,76809
2019-03-07 00:00:00,25673.0,25719.0,25352.0,25476.0,90851
2019-03-08 00:00:00,25459.0,25525.0,25220.0,25520.0,73031
2019-03-11 00:00:00,25470.0,25709.0,25240.0,25682.0,72611
2019-03-12 00:00:00,25686.0,25781.0,25530.0,25593.0,77244
2019-03-13 00:00:00,25575.0,25789.0,25474.0,25760.0,77227
2019-03-14 00:00:00,25756.0,25797.0,25620.0,25716.0,71451
2019-03-15 00:00:00,25716.0,25932.0,25650.0,25869.0,39208
2019-03-18 00:00:00,25864.0,25951.0,25784.0,25934.0,31213
2019-03-19 00:00:00,25935.0,26121.0,25825.0,25890.0,39685
2019-03-20 00:00:00,25884.0,25944.0,25676.0,25685.0,51228
2019-03-21 00:00:00,25678.0,26024.0,25591.0,25970.0,47334
2019-03-22 00:00:00,25954.0,26021.0,25516.0,25528.0,68877
2019-03-25 00:00:00,25598.0,25636.0,25368.0,25574.0,67755
2019-03-26 00:00:00,25575.0,25811.0,25553.0,25659.0,50156
2019-03-27 00:00:00,25647.0,25774.0,25435.0,25628.0,61132
2019-03-28 00:00:00,25614.0,25757.0,25521.0,25741.0,51485
2019-03-29 00:00:00,25733.0,25961.0,25724.0,25956.0,42295
2019-04-01 00:00:00,26001.0,26291.0,26000.0,26251.0,40047
2019-04-02 00:00:00,26229.0,26285.0,26130.0,26145.0,33126
2019-04-03 00:00:00,26148.0,26307.0,26139.0,26249.0,38738
2019-04-04 00:00:00,26312.0,26407.0,26194.0,26392.0,38589
2019-04-05 00:00:00,26383.0,26510.0,26362.0,26394.0,31467
2019-04-08 00:00:00,26379.0,26414.0,26251.0,26347.0,28597
2019-04-09 00:00:00,26331.0,26349.0,26105.0,26155.0,31049
2019-04-10 00:00:00,26144.0,26235.0,26109.0,26177.0,30172
2019-04-11 00:00:00,26172.0,26233.0,26065.0,26161.0,31583
2019-04-12 00:00:00,26154.0,26447.0,26147.0,26420.0,29935
2019-04-15 00:00:00,26419.0,26487.0,26328.0,26394.0,22510
2019-04-16 00:00:00,26397.0,26567.0,26391.0,26446.0,28605
2019-04-17 00:00:00,26427.0,26528.0,26396.0,26444.0,30888
2019-04-18 00:00:00,26443.0,26607.0,26319.0,26583.0,33862
2019-04-22 00:00:00,26559.0,26644.0,26463.0,26532.0,23138
2019-04-23 00:00:00,26523.0,26706.0,26480.0,26662.0,23922
2019-04-24 00:00:00,26666.0,26713.0,26538.0,26548.0,28839
2019-04-25 00:00:00,26541.0,26599.0,26313.0,26441.0,30779
2019-04-26 00:00:00,26424.0,26553.0,26367.0,26547.0,34364
2019-04-29 00:00:00,26536.0,26613.0,26514.0,26592.0,23303
2019-04-30 00:00:00,26600.0,26682.0,26429.0,26672.0,29906
2019-05-01 00:00:00,26673.0,26723.0,26367.0,26374.0,33949
2019-05-02 00:00:00,26363.0,26493.0,26179.0,26310.0,45239
2019-05-03 00:00:00,26307.0,26553.0,26279.0,26550.0,30084
2019-05-06 00:00:00,26181.0,26485.0,25974.0,26432.0,66453
2019-05-07 00:00:00,26246.0,26432.0,25792.0,26006.0,75604
2019-05-08 00:00:00,26003.0,26124.0,25847.0,26034.0,70003
2019-05-09 00:00:00,25994.0,26010.0,25515.0,25825.0,78256
2019-05-10 00:00:00,25806.0,26026.0,25469.0,25972.0,97239
2019-05-13 00:00:00,25793.0,25832.0,25224.0,25292.0,84911
2019-05-14 00:00:00,25298.0,25690.0,25228.0,25588.0,56673
2019-05-15 00:00:00,25585.0,25722.0,25336.0,25681.0,55402
2019-05-16 00:00:00,25658.0,25957.0,25556.0,25878.0,48884
2019-05-17 00:00:00,25877.0,25949.0,25627.0,25781.0,64545
2019-05-20 00:00:00,25773.0,25910.0,25565.0,25728.0,64945
2019-05-21 00:00:00,25741.0,25906.0,25725.0,25874.0,43271
2019-05-22 00:00:00,25874.0,25917.0,25748.0,25782.0,40060
2019-05-23 00:00:00,25776.0,25785.0,25325.0,25502.0,63421
2019-05-24 00:00:00,25494.0,25661.0,25451.0,25614.0,43466
2019-05-27 00:00:00,25623.0,25701.0,25589.0,25645.0,19066
2019-05-28 00:00:00,25646.0,25724.0,25339.0,25373.0,44729
2019-05-29 00:00:00,25357.0,25381.0,24938.0,25107.0,58323
2019-05-30 00:00:00,25098.0,25212.0,25055.0,25187.0,41724
2019-05-31 00:00:00,25163.0,25183.0,24777.0,24799.0,61230
2019-06-03 00:00:00,24718.0,24933.0,24604.0,24903.0,71421
2019-06-04 00:00:00,24916.0,25360.0,24824.0,25357.0,56657
2019-06-05 00:00:00,25350.0,25558.7,25332.1,25554.7,146652
2019-06-06 00:00:00,25517.7,25800.6,25424.7,25679.4,147968
2019-06-07 00:00:00,25679.1,26074.6,25669.9,26006.4,124016
2019-06-10 00:00:00,26219.4,26219.9,26034.9,26081.3,114559
2019-06-11 00:00:00,26082.7,26248.6,25997.6,26054.5,127539
2019-06-12 00:00:00,26053.5,26087.3,25949.9,26000.1,113499
2019-06-13 00:00:00,26002.4,26140.9,25877.2,26112.7,129344
2019-06-14 00:00:00,26107.5,26161.9,25986.8,26117.4,114140
2019-06-17 00:00:00,26116.2,26196.7,26044.4,26128.3,73644
2019-06-18 00:00:00,26133.3,26529.3,26054.6,26474.9,126986
2019-06-19 00:00:00,26472.6,26570.0,26414.0,26501.9,119097
2019-06-20 00:00:00,26503.5,26802.1,26491.2,26746.3,112804
2019-06-21 00:00:00,26746.8,26909.5,26656.8,26658.9,116109
2019-06-24 00:00:00,26666.8,26801.5,26661.8,26738.4,79924
2019-06-25 00:00:00,26738.3,26811.5,26525.9,26547.6,113880
2019-06-26 00:00:00,26547.1,26688.0,26493.7,26509.4,109534
2019-06-27 00:00:00,26507.4,26652.5,26432.5,26544.8,98950
2019-06-28 00:00:00,26546.8,26668.2,26514.6,26643.1,80486
2019-07-01 00:00:00,26798.7,26892.0,26614.6,26693.8,103996
2019-07-02 00:00:00,26696.4,26799.4,26627.1,26785.8,81318
2019-07-03 00:00:00,26784.5,26985.1,26744.9,26975.6,64816
2019-07-04 00:00:00,26973.8,27029.7,26942.2,27003.7,27946
2019-07-05 00:00:00,27003.6,27004.3,26725.7,26903.9,86890
2019-07-08 00:00:00,26909.8,26919.8,26744.5,26787.8,81775
2019-07-09 00:00:00,26784.2,26808.3,26656.0,26781.5,76048
2019-07-10 00:00:00,26780.5,26984.3,26688.9,26856.1,97829
2019-07-11 00:00:00,26854.2,27096.8,26841.4,27081.4,87540
2019-07-12 00:00:00,27086.2,27335.2,27072.0,27310.1,67012
2019-07-15 00:00:00,27309.0,27401.8,27267.5,27343.1,58528
2019-07-16 00:00:00,27340.4,27401.2,27287.1,27319.4,66768
2019-07-17 00:00:00,27318.4,27383.1,27187.7,27192.1,68304
2019-07-18 00:00:00,27192.2,27307.4,27067.2,27291.2,95296
2019-07-19 00:00:00,27292.2,27344.1,27077.3,27082.4,110130
2019-07-22 00:00:00,27122.0,27221.3,27088.0,27183.6,95540
2019-07-23 00:00:00,27177.1,27369.7,27167.8,27316.8,81057
2019-07-24 00:00:00,27310.0,27357.5,27186.7,27260.5,85618
2019-07-25 00:00:00,27250.0,27362.5,27061.7,27110.8,118696
2019-07-26 00:00:00,27105.5,27213.0,27098.5,27175.1,70831
2019-07-29 00:00:00,27168.8,27275.0,27131.3,27230.3,61186
2019-07-30 00:00:00,27224.4,27270.5,27063.2,27221.3,88658
2019-07-31 00:00:00,27220.1,27279.5,26719.7,26816.7,140691
2019-08-01 00:00:00,26815.0,27179.2,26542.8,26558.8,227134
2019-08-02 00:00:00,26539.6,26691.3,26246.2,26492.9,279155
2019-08-05 00:00:00,26435.6,26496.1,25517.7,25550.7,310854
2019-08-06 00:00:00,25546.6,26044.7,25073.9,25968.0,310961
2019-08-07 00:00:00,25962.5,26082.0,25439.4,25956.8,319009
2019-08-08 00:00:00,25948.5,26395.1,25864.5,26383.1,187159
2019-08-09 00:00:00,26380.7,26416.3,26096.8,26300.2,227110
2019-08-12 00:00:00,26314.9,26367.2,25819.4,25895.7,213395
2019-08-13 00:00:00,25891.6,26425.3,25763.7,26328.5,240487
2019-08-14 00:00:00,26325.1,26366.3,25416.6,25421.6,266561
2019-08-15 00:00:00,25420.0,25713.6,25232.6,25598.3,311681
2019-08-16 00:00:00,25595.1,25931.1,25575.1,25917.1,181018
2019-08-19 00:00:00,25953.4,26238.1,25942.4,26116.6,127806
2019-08-20 00:00:00,26116.0,26198.9,25888.2,25897.2,145896
2019-08-21 00:00:00,25894.8,26270.4,25874.5,26256.6,118211
2019-08-22 00:00:00,26259.2,26378.5,26096.6,26219.3,152228
2019-08-23 00:00:00,26217.5,26355.1,25506.0,25642.1,272713
2019-08-26 00:00:00,25392.4,25989.6,25273.9,25929.1,241271
2019-08-27 00:00:00,25925.4,26072.6,25721.7,25772.5,199374
2019-08-28 00:00:00,25765.0,26041.9,25629.4,25987.8,167130
2019-08-29 00:00:00,25986.2,26407.5,25925.6,26355.2,148371
2019-08-30 00:00:00,26350.5,26550.7,26293.1,26377.6,159061
2019-09-02 00:00:00,26197.4,26365.6,26107.1,26205.8,61290
2019-09-03 00:00:00,26205.7,26296.4,25972.0,26106.4,191285
2019-09-04 00:00:00,26091.9,26378.1,26072.7,26368.1,120641
2019-09-05 00:00:00,26362.7,26837.2,26346.4,26685.3,137514
2019-09-06 00:00:00,26678.9,26862.2,26672.0,26820.0,129719
2019-09-09 00:00:00,26822.3,26902.8,26761.7,26841.0,97137
2019-09-10 00:00:00,26834.6,26909.4,26713.5,26894.4,147269
2019-09-11 00:00:00,26891.2,27162.8,26838.2,27148.8,117995
2019-09-12 00:00:00,27142.8,27313.1,27104.7,27154.6,157816
2019-09-13 00:00:00,27158.3,27303.1,27156.2,27214.1,100260
2019-09-16 00:00:00,27029.9,27164.0,26996.9,27099.4,124859
2019-09-17 00:00:00,27101.1,27128.2,26978.3,27109.2,101048
2019-09-18 00:00:00,27109.8,27177.0,26898.1,27158.0,100221
2019-09-19 00:00:00,27150.4,27267.3,26989.0,27094.3,110981
2019-09-20 00:00:00,27075.0,27182.2,26890.2,26895.2,118208
2019-09-23 00:00:00,27019.5,27058.5,26819.1,27014.2,110453
2019-09-24 00:00:00,27008.8,27117.5,26702.7,26866.6,166687
2019-09-25 00:00:00,26859.1,27026.1,26732.6,26979.2,158099
2019-09-26 00:00:00,26976.1,27059.7,26803.1,26905.8,139589
2019-09-27 00:00:00,26904.8,27013.3,26714.2,26862.3,166772
2019-09-30 00:00:00,26952.7,26997.9,26831.3,26990.9,116761
2019-10-01 00:00:00,26982.0,27071.4,26545.2,26585.7,158947
2019-10-02 00:00:00,26580.5,26651.0,25970.4,26039.8,198423
2019-10-03 00:00:00,26032.8,26228.8,25735.7,26216.5,214744
2019-10-04 00:00:00,26211.6,26590.5,26101.5,26562.1,159981
2019-10-07 00:00:00,26398.0,26657.3,26391.4,26467.1,137641
2019-10-08 00:00:00,26464.4,26590.9,26136.1,26186.2,208510
2019-10-09 00:00:00,26181.5,26440.7,26124.5,26370.1,165664
2019-10-10 00:00:00,26362.5,26644.5,26024.4,26605.5,216090
2019-10-11 00:00:00,26610.2,27015.5,26541.3,26821.6,183563
2019-10-14 00:00:00,26808.5,26933.9,26677.1,26790.1,126043
2019-10-15 00:00:00,26792.6,27121.0,26787.7,27044.2,121826
2019-10-16 00:00:00,27037.5,27059.2,26935.2,26970.4,128921
2019-10-17 00:00:00,26964.1,27124.4,26912.2,27035.3,126461
2019-10-18 00:00:00,27030.8,27060.8,26761.3,26801.5,129949
2019-10-21 00:00:00,26761.8,26874.0,26741.9,26835.7,97668
2019-10-22 00:00:00,26830.3,26946.4,26756.5,26771.5,110724
2019-10-23 00:00:00,26773.1,26899.8,26629.5,26841.7,120375
2019-10-24 00:00:00,26835.4,26915.6,26705.2,26800.7,110014
2019-10-25 00:00:00,26796.7,27019.7,26760.7,26956.5,85895
2019-10-28 00:00:00,27000.3,27169.4,26983.3,27089.3,72834
2019-10-29 00:00:00,27093.7,27160.7,27018.8,27104.1,77201
2019-10-30 00:00:00,27108.4,27281.0,26995.0,27226.0,92228
2019-10-31 00:00:00,27209.3,27230.5,26912.8,27044.6,123516
2019-11-01 00:00:00,27028.4,27342.4,27023.4,27334.5,77018
2019-11-04 00:00:00,27355.8,27513.4,27343.3,27455.0,74355
2019-11-05 00:00:00,27446.4,27558.9,27430.8,27490.0,82714
2019-11-06 00:00:00,27483.2,27534.0,27408.5,27480.8,82488
2019-11-07 00:00:00,27473.1,27774.6,27424.1,27709.9,97775
2019-11-08 00:00:00,27710.2,27741.7,27572.8,27666.9,86207
2019-11-11 00:00:00,27669.2,27713.1,27500.8,27699.1,70641
2019-11-12 00:00:00,27696.8,27771.8,27635.5,27689.5,84845
2019-11-13 00:00:00,27685.3,27806.5,27561.0,27802.0,94282
2019-11-14 00:00:00,27804.5,27839.8,27671.9,27780.5,102755
2019-11-15 00:00:00,27779.5,28000.1,27762.8,27993.2,75664
2019-11-18 00:00:00,27976.0,28087.5,27955.5,28048.2,86249
2019-11-19 00:00:00,28037.6,28158.7,27885.3,27910.0,87668
2019-11-20 00:00:00,27909.8,27911.3,27675.0,27820.6,129669
2019-11-21 00:00:00,27815.0,27866.6,27673.4,27772.5,150700
2019-11-22 00:00:00,27765.2,27895.7,27744.3,27878.5,91713
2019-11-25 00:00:00,27948.9,28067.7,27924.3,28051.7,51665
2019-11-26 00:00:00,28044.0,28171.5,28022.2,28154.5,80784
2019-11-27 00:00:00,28148.0,28192.0,28077.9,28153.4,58493
2019-11-28 00:00:00,28151.3,28160.7,28048.4,28121.4,30143
2019-11-29 00:00:00,28121.1,28125.2,28044.7,28058.6,51763
2019-12-02 00:00:00,28100.7,28200.3,27779.5,27782.5,129833
2019-12-03 00:00:00,27780.7,27853.3,27320.9,27491.0,168182
2019-12-04 00:00:00,27487.4,27729.8,27398.5,27641.7,123947
2019-12-05 00:00:00,27636.5,27771.2,27556.1,27676.2,112344
2019-12-06 00:00:00,27670.4,28035.2,27668.0,28016.3,74928
2019-12-09 00:00:00,28027.2,28032.6,27867.0,27877.0,61519
2019-12-10 00:00:00,27874.2,27948.7,27714.5,27916.2,114864
2019-12-11 00:00:00,27912.9,27970.7,27795.1,27926.0,89202
2019-12-12 00:00:00,27919.5,28222.9,27849.5,28130.2,156034
2019-12-13 00:00:00,28134.6,28285.1,28023.1,28160.2,145825
2019-12-16 00:00:00,28179.5,28339.9,28142.0,28224.5,74766
2019-12-17 00:00:00,28219.9,28328.5,28162.0,28252.3,73333
2019-12-18 00:00:00,28244.3,28318.1,28228.2,28264.4,55901
2019-12-19 00:00:00,28259.7,28405.8,28234.2,28396.8,54254
2019-12-20 00:00:00,28391.4,28518.8,28359.6,28465.9,67742
2019-12-23 00:00:00,28472.7,28578.4,28468.7,28562.9,42184
2019-12-24 00:00:00,28555.1,28590.4,28501.8,28511.5,24184
2019-12-26 00:00:00,28507.8,28633.2,28507.8,28612.9,28493
2019-12-27 00:00:00,28611.0,28730.4,28605.7,28621.3,54300
2019-12-30 00:00:00,28636.6,28672.8,28423.9,28465.0,82058
2019-12-31 00:00:00,28453.4,28572.8,28366.4,28571.8,68069
2020-01-02 00:00:00,28561.1,28899.0,28556.1,28897.0,76725
2020-01-03 00:00:00,28897.2,28953.2,28459.0,28629.0,170152
2020-01-06 00:00:00,28495.9,28732.5,28384.5,28663.2,128914
2020-01-07 00:00:00,28660.2,28768.7,28481.5,28538.5,130123
2020-01-08 00:00:00,28531.9,28866.1,28119.8,28798.0,236725
2020-01-09 00:00:00,28794.4,28984.8,28772.8,28959.6,109784
2020-01-10 00:00:00,28952.2,29055.4,28786.4,28817.0,96863
2020-01-13 00:00:00,28821.9,28940.5,28812.9,28901.1,78467
2020-01-14 00:00:00,28886.5,29050.5,28772.6,28964.8,125192
2020-01-15 00:00:00,28961.6,29129.8,28873.6,29070.9,113041
2020-01-16 00:00:00,29069.9,29302.3,29067.8,29298.3,78742
2020-01-17 00:00:00,29294.2,29400.8,29281.6,29304.1,75389
2020-01-20 00:00:00,29316.0,29351.9,29263.6,29325.1,23968
2020-01-21 00:00:00,29325.3,29335.2,29149.2,29211.7,109973
2020-01-22 00:00:00,29208.3,29346.5,29130.1,29149.1,97535
2020-01-23 00:00:00,29145.8,29191.0,28961.0,29168.1,129797
2020-01-24 00:00:00,29158.4,29282.0,28840.3,28969.0,165273
2020-01-27 00:00:00,28738.9,28776.8,28450.9,28539.3,232908
2020-01-28 00:00:00,28530.1,28824.0,28512.6,28797.3,162821
2020-01-29 00:00:00,28797.3,28933.2,28698.5,28745.5,160261
2020-01-30 00:00:00,28745.1,28893.8,28478.3,28881.8,255508
2020-01-31 00:00:00,28876.5,28931.6,28164.5,28287.1,281218
2020-02-03 00:00:00,28247.0,28631.3,28241.4,28426.4,248190
2020-02-04 00:00:00,28418.8,28904.5,28343.7,28848.0,172631
2020-02-05 00:00:00,28840.4,29332.6,28749.3,29307.6,219962
2020-02-06 00:00:00,29305.4,29528.4,29244.5,29397.9,178830
2020-02-07 00:00:00,29392.4,29413.7,29053.5,29075.6,185834
2020-02-10 00:00:00,29039.4,29293.4,28892.4,29284.6,161359
2020-02-11 00:00:00,29281.7,29439.1,29209.5,29291.4,140803
2020-02-12 00:00:00,29287.0,29567.2,29255.2,29543.3,113777
2020-02-13 00:00:00,29536.3,29557.6,29261.8,29456.7,165781
2020-02-14 00:00:00,29454.0,29532.0,29280.0,29414.0,132913
2020-02-17 00:00:00,29421.4,29489.8,29405.3,29424.1,39034
2020-02-18 00:00:00,29417.0,29427.9,29113.3,29243.3,142963
2020-02-19 00:00:00,29233.8,29409.4,29224.2,29355.8,96697
2020-02-20 00:00:00,29355.1,29445.1,28946.7,29170.3,196777
2020-02-21 00:00:00,29165.3,29188.6,28890.4,28995.3,233811
2020-02-24 00:00:00,28717.6,28762.1,27871.9,27991.8,295429
2020-02-25 00:00:00,27980.3,28247.1,26996.9,27166.0,319400
2020-02-26 00:00:00,27169.2,27539.7,26713.0,26835.4,391980
2020-02-27 00:00:00,26841.2,26989.2,25517.2,25520.2,422148
2020-02-28 00:00:00,25501.5,25773.0,24687.5,25721.7,452221
2020-03-02 00:00:00,25127.8,26727.1,24904.2,26553.1,481992
2020-03-03 00:00:00,26550.3,27077.2,25703.6,25837.7,369471
2020-03-04 00:00:00,25834.3,27093.6,25723.2,26952.0,241144
2020-03-05 00:00:00,26956.4,26992.5,25940.9,26158.8,236896
2020-03-06 00:00:00,26146.7,26303.8,25216.0,25783.9,278511
2020-03-09 00:00:00,24904.9,25008.4,23568.6,23777.4,115577
2020-03-10 00:00:00,23781.0,25044.7,23447.0,24961.2,196899
2020-03-11 00:00:00,24975.8,24975.8,23324.2,23604.6,189462
2020-03-12 00:00:00,23593.0,23868.6,20893.2,20935.2,163091
2020-03-13 00:00:00,20935.0,23167.4,20408.2,22874.4,153966
2020-03-16 00:00:00,22838.4,22838.4,20144.4,20463.3,57842
2020-03-17 00:00:00,20405.6,21379.0,19904.9,20920.6,160142
2020-03-18 00:00:00,20883.8,20979.6,18893.7,20040.9,103877
2020-03-19 00:00:00,20048.7,20512.4,18958.4,19754.5,183554
2020-03-20 00:00:00,19725.5,21019.2,18947.9,18951.9,190501
2020-03-23 00:00:00,18333.0,19918.6,18184.9,18577.9,147667
2020-03-24 00:00:00,18567.4,20833.3,18563.9,20796.3,176193
2020-03-25 00:00:00,20788.6,22011.9,20409.3,21183.7,230382
2020-03-26 00:00:00,21166.1,22585.0,20646.4,22584.0,261324
2020-03-27 00:00:00,22574.8,22656.5,21454.1,21579.0,268659
2020-03-30 00:00:00,21534.3,22388.4,20979.7,22344.4,239639
2020-03-31 00:00:00,22323.6,22535.1,21787.0,21846.0,229025
2020-04-01 00:00:00,21835.8,21857.4,20784.6,20940.1,217986
2020-04-02 00:00:00,20916.7,21491.1,20630.8,21395.1,214225
2020-04-03 00:00:00,21393.9,21478.1,20864.4,21055.8,200291
2020-04-06 00:00:00,21053.4,22781.2,21053.4,22612.6,206412
2020-04-07 00:00:00,22607.7,23593.4,22419.1,22554.4,267221
2020-04-08 00:00:00,22548.8,23511.6,22365.4,23403.8,247225
2020-04-09 00:00:00,23402.4,24009.5,23144.0,23770.9,247288
2020-04-13 00:00:00,23929.5,23947.4,23086.6,23418.9,180735
2020-04-14 00:00:00,23421.1,24037.0,23369.9,24032.6,199218
2020-04-15 00:00:00,24022.2,24085.6,23224.2,23450.9,227142
2020-04-16 00:00:00,23446.1,23878.6,23206.0,23857.6,222974
2020-04-17 00:00:00,23900.0,24444.1,23821.1,24264.1,226832
2020-04-20 00:00:00,24184.7,24319.6,23559.9,23641.9,219646
2020-04-21 00:00:00,23627.7,23799.4,22939.3,23022.9,255368
2020-04-22 00:00:00,23055.2,23616.7,22937.9,23475.6,215766
2020-04-23 00:00:00,23475.6,23884.7,23342.1,23477.7,213447
2020-04-24 00:00:00,23468.2,23825.8,23266.7,23766.1,185194
2020-04-27 00:00:00,23846.1,24211.7,23646.1,24118.5,150417
2020-04-28 00:00:00,24109.3,24546.6,23990.5,24109.3,191151
2020-04-29 00:00:00,24111.2,24788.0,24081.3,24779.0,190824
2020-04-30 00:00:00,24781.5,24901.0,24185.5,24238.5,212482
2020-05-01 00:00:00,24235.5,24235.5,23643.3,23691.6,179243
2020-05-04 00:00:00,23438.6,23769.1,23321.6,23706.9,181446
2020-05-05 00:00:00,23701.0,24169.9,23685.4,23864.1,163679
2020-05-06 00:00:00,23865.8,24105.7,23591.9,23622.9,185798
2020-05-07 00:00:00,23612.4,24093.3,23521.4,23963.5,169704
2020-05-08 00:00:00,23961.6,24415.1,23937.0,24407.1,141508
2020-05-11 00:00:00,24285.1,24558.1,24062.7,24188.1,158858
2020-05-12 00:00:00,24192.1,24377.8,23555.8,23557.8,177689
2020-05-13 00:00:00,23562.7,23863.4,23064.6,23298.1,203229
2020-05-14 00:00:00,23297.9,23674.8,22783.8,23614.8,243321
2020-05-15 00:00:00,23618.2,23757.4,23326.4,23642.2,222439
2020-05-18 00:00:00,23656.6,24708.8,23614.7,24554.5,175182
2020-05-19 00:00:00,24547.7,24834.1,24178.9,24221.8,204546
2020-05-20 00:00:00,24215.0,24650.8,24145.8,24603.3,168717
2020-05-21 00:00:00,24595.5,24718.3,24355.9,24429.3,174914
2020-05-22 00:00:00,24430.9,24558.8,24156.9,24520.6,174812
2020-05-25 00:00:00,24467.6,24787.3,24465.6,24760.6,67359
2020-05-26 00:00:00,24761.4,25175.9,24675.6,25058.3,154018
2020-05-27 00:00:00,25055.2,25619.9,24965.3,25585.9,189047
2020-05-28 00:00:00,25578.7,25840.5,25358.1,25490.1,193202
2020-05-29 00:00:00,25479.1,25527.6,25023.9,25511.6,218690
2020-06-01 00:00:00,25280.0,25545.2,25122.6,25492.7,171032
2020-06-02 00:00:00,25481.2,25743.7,25322.7,25726.2,132421
2020-06-03 00:00:00,25719.7,26338.5,25698.7,26271.8,147250
2020-06-04 00:00:00,26272.9,26385.1,26072.9,26308.4,180731
2020-06-05 00:00:00,26309.4,27335.9,26230.4,27079.5,123799
2020-06-08 00:00:00,27112.9,27576.5,27044.1,27535.0,131901
2020-06-09 00:00:00,27532.7,27631.6,27135.1,27262.7,135621
2020-06-10 00:00:00,27262.2,27491.2,26907.8,26955.8,144611
2020-06-11 00:00:00,26951.9,27004.3,25075.8,25227.6,187015
2020-06-12 00:00:00,25197.0,25957.8,25076.8,25575.9,156650
2020-06-15 00:00:00,25230.3,25893.3,24563.0,25852.3,155999
2020-06-16 00:00:00,25851.9,26795.9,25801.3,26311.1,154510
2020-06-17 00:00:00,26309.3,26629.2,26063.1,26159.9,136992
2020-06-18 00:00:00,26160.2,26281.0,25751.4,26052.2,163532
2020-06-19 00:00:00,26044.1,26446.9,25637.4,25644.4,143072
2020-06-22 00:00:00,25482.4,26114.7,25359.9,26093.7,165451
2020-06-23 00:00:00,26070.0,26421.3,25641.7,26093.8,190689
2020-06-24 00:00:00,26093.7,26249.3,25290.9,25534.2,196323
2020-06-25 00:00:00,25526.0,25787.9,25133.8,25709.4,230636
2020-06-26 00:00:00,25696.4,25779.4,24970.2,25029.0,195053
2020-06-29 00:00:00,24929.0,25671.8,24873.5,25621.8,200304
2020-06-30 00:00:00,25618.6,25903.8,25430.9,25780.7,172306
2020-07-01 00:00:00,25770.0,26022.4,25510.3,25672.4,152101
2020-07-02 00:00:00,25672.4,26208.1,25637.9,25848.1,165157
2020-07-03 00:00:00,25850.9,26000.7,25562.8,25779.4,72159
2020-07-06 00:00:00,25814.1,26317.7,25808.6,26279.3,157702
2020-07-07 00:00:00,26278.6,26401.8,25866.2,25903.5,155663
2020-07-08 00:00:00,25903.1,26117.6,25785.1,26104.6,165639
2020-07-09 00:00:00,26106.2,26146.6,25518.7,25704.4,163187
2020-07-10 00:00:00,25697.8,26122.6,25415.5,26112.6,175675
2020-07-13 00:00:00,26233.6,26641.6,26031.1,26093.1,176574
2020-07-14 00:00:00,26087.5,26690.8,25991.3,26619.6,215981
2020-07-15 00:00:00,26634.7,27177.7,26634.6,26895.4,183289
2020-07-16 00:00:00,26891.3,26972.9,26584.5,26676.5,174290
2020-07-17 00:00:00,26668.6,26835.6,26616.4,26653.4,120866
2020-07-20 00:00:00,26652.4,26766.3,26439.5,26737.1,133291
2020-07-21 00:00:00,26734.4,27026.9,26700.1,26836.0,137590
2020-07-22 00:00:00,26835.8,27036.4,26637.1,26981.8,140265
2020-07-23 00:00:00,26979.9,27162.4,26555.9,26651.3,169026
2020-07-24 00:00:00,26651.2,26718.8,26398.4,26439.7,171076
2020-07-27 00:00:00,26443.7,26626.4,26336.7,26617.8,133951
2020-07-28 00:00:00,26608.7,26701.3,26359.1,26384.4,137242
2020-07-29 00:00:00,26379.6,26604.7,26289.9,26568.3,118485
2020-07-30 00:00:00,26565.8,26573.3,25984.5,26508.9,160082
2020-07-31 00:00:00,26500.4,26558.9,26010.1,26479.0,199410
2020-08-03 00:00:00,26490.0,26709.0,26305.1,26668.2,119681
2020-08-04 00:00:00,26660.1,26848.0,26548.3,26837.0,126208
2020-08-05 00:00:00,26827.7,27218.6,26770.5,27174.7,116450
2020-08-06 00:00:00,27167.9,27392.8,27028.8,27372.3,143928
2020-08-07 00:00:00,27370.2,27458.8,27194.4,27447.1,158587
2020-08-10 00:00:00,27419.1,27803.0,27348.1,27773.3,123265
2020-08-11 00:00:00,27773.0,28155.0,27621.7,27751.5,152543
2020-08-12 00:00:00,27744.7,28044.8,27695.0,27940.1,148695
2020-08-13 00:00:00,27941.2,28004.1,27785.4,27907.4,129694
2020-08-14 00:00:00,27897.3,27987.5,27678.0,27891.5,129391
2020-08-17 00:00:00,27911.9,28001.0,27810.8,27835.8,91526
2020-08-18 00:00:00,27830.0,27968.9,27664.0,27795.2,107068
2020-08-19 00:00:00,27790.8,27918.9,27646.6,27675.9,106349
2020-08-20 00:00:00,27671.1,27780.9,27457.4,27742.1,123756
2020-08-21 00:00:00,27736.5,27960.6,27525.2,27904.4,135281
2020-08-24 00:00:00,27955.4,28318.1,27928.9,28286.4,128710
2020-08-25 00:00:00,28284.9,28530.0,28091.8,28241.7,129302
2020-08-26 00:00:00,28240.0,28386.6,28145.3,28361.6,119324
2020-08-27 00:00:00,28361.1,28637.5,28230.2,28531.1,168005
2020-08-28 00:00:00,28532.3,28756.1,28482.8,28650.7,159935
2020-08-31 00:00:00,28681.1,28805.2,28358.0,28406.7,132759
2020-09-01 00:00:00,28404.5,28669.1,28282.4,28660.1,154947
2020-09-02 00:00:00,28652.2,29166.9,28633.1,29093.2,164762
2020-09-03 00:00:00,29083.5,29196.4,28070.3,28376.1,235367
2020-09-04 00:00:00,28367.4,28609.2,27658.0,28080.7,287871
2020-09-07 00:00:00,28153.7,28356.4,27901.7,28325.1,123923
2020-09-08 00:00:00,28325.0,28422.3,27463.8,27556.1,261212
2020-09-09 00:00:00,27554.0,28206.1,27196.6,27953.9,215380
2020-09-10 00:00:00,27949.8,28170.6,27443.4,27562.0,236288
2020-09-11 00:00:00,27558.3,27829.7,27446.2,27624.9,160559
2020-09-14 00:00:00,27715.9,28084.8,27708.4,27957.2,131639
2020-09-15 00:00:00,27954.3,28242.3,27928.1,28026.9,108503
2020-09-16 00:00:00,28024.6,28364.3,27962.9,28066.1,125402
2020-09-17 00:00:00,28057.5,28108.6,27540.2,27908.9,201190
2020-09-18 00:00:00,27905.3,27992.9,27485.2,27714.0,171127
2020-09-21 00:00:00,27664.0,27778.0,26708.7,27172.3,205373
2020-09-22 00:00:00,27154.6,27332.1,26986.8,27309.4,187270
2020-09-23 00:00:00,27305.6,27515.5,26715.3,26822.6,184770
2020-09-24 00:00:00,26817.6,27096.6,26537.3,26877.3,233080
2020-09-25 00:00:00,26853.1,27240.5,26550.9,27161.8,194657
2020-09-28 00:00:00,27217.8,27721.7,27207.8,27621.3,173143
2020-09-29 00:00:00,27627.5,27740.3,27335.6,27494.5,170045
2020-09-30 00:00:00,27488.3,28026.2,27161.1,27688.7,233924
2020-10-01 00:00:00,27696.8,28079.3,27665.2,27806.0,216992
2020-10-02 00:00:00,27807.9,27862.0,27249.5,27757.8,218276
2020-10-05 00:00:00,27837.8,28161.6,27764.3,28121.9,156407
2020-10-06 00:00:00,28123.3,28352.9,27651.1,27664.1,181474
2020-10-07 00:00:00,27670.0,28369.7,27659.6,28300.8,155444
2020-10-08 00:00:00,28301.1,28562.4,28262.5,28495.5,154402
2020-10-09 00:00:00,28489.7,28673.3,28433.8,28649.6,121477
2020-10-12 00:00:00,28592.6,28956.9,28546.1,28911.5,139622
2020-10-13 00:00:00,28904.6,28931.5,28597.7,28677.3,179809
2020-10-14 00:00:00,28673.9,28836.9,28453.8,28515.3,164265
2020-10-15 00:00:00,28520.2,28563.3,28151.4,28500.6,180577
2020-10-16 00:00:00,28492.1,28845.4,28440.7,28539.5,147244
2020-10-19 00:00:00,28588.5,28782.1,28138.1,28294.0,147442
2020-10-20 00:00:00,28280.9,28575.9,28156.3,28245.3,171829
2020-10-21 00:00:00,28249.8,28484.3,28192.5,28241.6,176191
2020-10-22 00:00:00,28244.1,28418.9,28002.6,28374.9,160131
2020-10-23 00:00:00,28370.9,28489.5,28146.7,28305.2,136010
2020-10-26 00:00:00,28235.7,28236.2,27362.6,27687.0,164283
2020-10-27 00:00:00,27680.1,27817.6,27339.1,27340.1,161868
2020-10-28 00:00:00,27331.9,27395.6,26497.7,26566.0,213585
2020-10-29 00:00:00,26565.2,26909.1,26274.7,26438.5,181003
2020-10-30 00:00:00,26437.5,26638.2,26065.6,26608.2,226322
2020-11-02 00:00:00,26479.2,27049.4,26283.7,26937.1,194090
2020-11-03 00:00:00,26942.3,27642.9,26915.1,27491.7,175332
2020-11-04 00:00:00,27488.0,28303.8,27019.8,27898.0,286166
2020-11-05 00:00:00,27890.0,28494.3,27752.5,28453.8,198346
2020-11-06 00:00:00,28444.4,28559.9,28071.4,28344.1,199662
2020-11-09 00:00:00,28456.1,30090.7,28418.6,29151.6,208714
2020-11-10 00:00:00,29148.6,29478.9,28867.6,29429.7,259317
2020-11-11 00:00:00,29432.7,29659.3,29275.0,29447.4,187701
2020-11-12 00:00:00,29433.9,29450.4,28901.8,29123.1,193326
2020-11-13 00:00:00,29130.2,29558.5,28933.1,29506.3,151167
2020-11-16 00:00:00,29532.3,30073.4,29528.8,29968.0,156343
2020-11-17 00:00:00,29970.7,29981.0,29519.7,29766.3,154673
2020-11-18 00:00:00,29764.1,29955.9,29381.2,29416.2,164042
2020-11-19 00:00:00,29396.1,29525.8,29234.4,29361.5,165954
2020-11-20 00:00:00,29343.9,29490.1,29167.1,29214.1,141079
2020-11-23 00:00:00,29216.6,29667.9,29165.1,29604.2,131950
2020-11-24 00:00:00,29599.2,30114.7,29594.0,30089.4,137462
2020-11-25 00:00:00,30080.9,30213.4,29804.0,29895.4,138743
2020-11-26 00:00:00,29893.6,29952.9,29779.3,29826.6,46283
2020-11-27 00:00:00,29826.4,30019.2,29735.5,29922.6,75208
2020-11-30 00:00:00,29960.8,29998.8,29462.7,29695.2,165452
2020-12-01 00:00:00,29681.7,30077.1,29635.7,29750.6,141620
2020-12-02 00:00:00,29748.0,29921.5,29604.8,29904.5,126197
2020-12-03 00:00:00,29896.3,30106.2,29770.6,29951.5,118804
2020-12-04 00:00:00,29952.5,30232.0,29939.0,30170.5,99918
2020-12-07 00:00:00,30222.5,30273.5,29967.7,29990.0,121048
2020-12-08 00:00:00,29991.1,30245.3,29862.6,30174.8,112684
2020-12-09 00:00:00,30174.1,30312.5,29953.5,30062.1,148233
2020-12-10 00:00:00,30055.3,30149.7,29869.3,29998.6,152545
2020-12-11 00:00:00,30005.7,30088.1,29720.2,30064.6,111790
2020-12-14 00:00:00,30228.6,30325.8,29853.6,29922.4,109729
2020-12-15 00:00:00,29922.8,30237.7,29844.9,30202.4,119884
2020-12-16 00:00:00,30200.6,30313.0,30079.7,30160.0,112049
2020-12-17 00:00:00,30157.0,30329.6,30146.0,30300.5,96598
2020-12-18 00:00:00,30299.7,30384.5,30030.2,30365.5,126678
2020-12-21 00:00:00,30401.5,30424.5,29420.1,30193.1,218527
2020-12-22 00:00:00,30181.0,30252.2,29985.4,30012.4,163150
2020-12-23 00:00:00,30006.8,30289.5,29842.4,30184.5,121664
2020-12-24 00:00:00,30173.7,30254.1,30103.3,30200.6,64413
2020-12-28 00:00:00,30111.9,30520.3,30095.4,30412.3,91260
2020-12-29 00:00:00,30413.2,30602.3,30270.2,30365.7,117257
2020-12-30 00:00:00,30365.2,30520.4,30314.7,30424.2,101220
2020-12-31 00:00:00,30427.5,30634.6,30339.9,30591.6,77883
2021-01-04 00:00:00,30597.6,30800.7,29870.0,30227.6,182864
2021-01-05 00:00:00,30224.0,30506.0,30084.7,30386.3,168847
2021-01-06 00:00:00,30395.5,31029.0,30269.3,30865.6,226319
2021-01-07 00:00:00,30865.7,31193.4,30802.6,31028.9,159855
2021-01-08 00:00:00,31034.5,31253.9,30796.2,31135.6,169641
2021-01-11 00:00:00,31090.6,31123.1,30742.2,31006.6,161613
2021-01-12 00:00:00,31011.4,31117.7,30887.6,31066.0,140504
2021-01-13 00:00:00,31069.9,31164.5,30975.6,31077.7,119089
2021-01-14 00:00:00,31077.3,31225.4,30982.3,30998.3,121467
2021-01-15 00:00:00,30997.7,31057.8,30608.0,30750.1,173953
2021-01-18 00:00:00,30736.1,30895.6,30708.1,30864.3,65512
2021-01-19 00:00:00,30864.5,31077.6,30825.8,30943.4,119116
2021-01-20 00:00:00,30939.4,31237.2,30876.4,31159.3,113788
2021-01-21 00:00:00,31157.3,31286.4,31120.1,31169.9,100848
2021-01-22 00:00:00,31166.6,31185.9,30892.5,30998.6,124523
2021-01-25 00:00:00,31012.6,31111.1,30560.9,30966.2,166408
2021-01-26 00:00:00,30964.4,31120.9,30771.2,30952.2,143372
2021-01-27 00:00:00,30946.1,30982.2,30107.3,30250.8,189996
2021-01-28 00:00:00,30253.2,30940.1,30048.3,30547.6,248250
2021-01-29 00:00:00,30527.1,30615.6,29856.5,29930.9,261959
2021-02-01 00:00:00,29895.9,30338.7,29657.9,30213.4,193100
2021-02-02 00:00:00,30209.4,30839.0,30168.4,30707.7,148029
2021-02-03 00:00:00,30704.7,30826.2,30517.9,30806.9,135861
2021-02-04 00:00:00,30807.4,31093.2,30646.9,31083.2,114879
2021-02-05 00:00:00,31072.2,31250.4,31027.2,31176.1,106241
2021-02-08 00:00:00,31212.1,31387.9,31152.6,31380.9,95539
2021-02-09 00:00:00,31374.3,31438.3,31237.1,31404.5,91968
2021-02-10 00:00:00,31405.8,31544.1,31216.1,31431.6,131979
2021-02-11 00:00:00,31438.9,31539.3,31245.1,31412.5,119792
2021-02-12 00:00:00,31413.8,31488.9,31288.6,31481.9,87903
2021-02-15 00:00:00,31495.9,31682.1,31492.4,31646.4,38332
2021-02-16 00:00:00,31647.6,31720.4,31441.0,31539.3,123003
2021-02-17 00:00:00,31536.7,31641.9,31341.5,31611.1,143590
2021-02-18 00:00:00,31605.4,31686.6,31287.8,31504.0,155210
2021-02-19 00:00:00,31496.0,31641.3,31360.5,31471.4,148634
2021-02-22 00:00:00,31538.4,31649.6,31244.5,31553.4,176102
2021-02-23 00:00:00,31553.0,31670.9,31162.1,31544.6,191928
2021-02-24 00:00:00,31543.7,32008.4,31377.6,31971.7,210992
2021-02-25 00:00:00,31969.6,32074.7,31292.4,31313.9,222277
2021-02-26 00:00:00,31320.9,31489.9,30830.0,30920.0,298458
2021-03-01 00:00:00,30996.0,31669.1,30961.5,31570.1,157034
2021-03-02 00:00:00,31569.5,31618.3,31311.7,31401.8,200648
2021-03-03 00:00:00,31401.6,31640.4,31246.8,31257.8,199362
2021-03-04 00:00:00,31266.7,31463.3,30543.2,30932.0,274637
2021-03-05 00:00:00,30930.4,31579.9,30670.0,31523.7,278288
2021-03-08 00:00:00,31646.7,32147.4,31321.3,31894.3,263986
2021-03-09 00:00:00,31885.4,32147.5,31810.5,31848.5,196052
2021-03-10 00:00:00,31844.4,32389.8,31745.0,32371.0,200290
2021-03-11 00:00:00,32365.6,32658.9,32270.5,32476.7,152344
2021-03-12 00:00:00,32488.0,32823.1,32389.8,32800.1,144051
2021-03-15 00:00:00,32843.1,32970.5,32626.3,32929.0,129933
2021-03-16 00:00:00,32924.7,32975.6,32776.7,32863.0,132789
2021-03-17 00:00:00,32861.7,33046.4,32780.0,33001.6,145910
2021-03-18 00:00:00,33010.5,33229.2,32834.9,32913.2,180252
2021-03-19 00:00:00,32906.2,32979.2,32514.9,32627.2,173265
2021-03-22 00:00:00,32553.7,32810.4,32432.3,32769.7,135075
2021-03-23 00:00:00,32765.8,32805.7,32352.5,32448.3,146222
2021-03-24 00:00:00,32446.5,32785.0,32349.8,32448.3,166554
2021-03-25 00:00:00,32454.1,32684.5,32068.0,32670.5,186491
2021-03-26 00:00:00,32671.5,33105.6,32613.5,33056.6,144402
2021-03-29 00:00:00,33059.6,33258.7,32867.1,33171.0,168418
2021-03-30 00:00:00,33179.0,33253.6,32987.5,33060.5,113147
2021-03-31 00:00:00,33057.0,33170.2,32990.6,33026.7,76655
2021-04-01 00:00:00,33025.6,33169.1,32963.7,33164.0,43762
2021-04-02 00:00:00,33138.5,33373.1,33137.0,33299.1,5615
2021-04-05 00:00:00,33375.0,33612.4,33266.5,33543.6,55552
2021-04-06 00:00:00,33539.4,33564.1,33379.4,33436.2,71125
2021-04-07 00:00:00,33433.8,33520.9,33346.9,33455.3,65341
2021-04-08 00:00:00,33457.6,33576.2,33335.0,33567.2,58424
2021-04-09 00:00:00,33562.3,33804.6,33484.2,33752.9,60833
2021-04-12 00:00:00,33766.9,33794.9,33662.1,33748.9,64412
2021-04-13 00:00:00,33746.9,33824.0,33544.6,33679.6,64995
2021-04-14 00:00:00,33683.5,33910.5,33630.1,33773.1,71723
2021-04-15 00:00:00,33767.0,34071.2,33759.6,34043.0,65230
2021-04-16 00:00:00,34043.3,34250.1,33988.5,34157.4,64657
2021-04-19 00:00:00,34111.4,34153.0,33975.7,34105.3,84855
2021-04-20 00:00:00,34111.2,34179.8,33688.1,33800.9,92711
2021-04-21 00:00:00,33806.4,34156.8,33736.4,34092.8,77424
2021-04-22 00:00:00,34089.8,34150.9,33716.7,33821.2,93071
2021-04-23 00:00:00,33816.4,34158.2,33711.4,34010.5,72773
2021-04-26 00:00:00,34037.5,34146.7,33936.9,33994.7,61010
2021-04-27 00:00:00,33990.6,34074.7,33867.9,33907.3,63172
2021-04-28 00:00:00,33909.2,33969.9,33791.3,33813.3,64453
2021-04-29 00:00:00,33805.9,34084.4,33735.1,34023.7,74142
2021-04-30 00:00:00,34026.0,34047.2,33784.0,33911.6,80705
2021-05-03 00:00:00,33945.6,34220.7,33929.1,34105.4,63475
2021-05-04 00:00:00,34103.0,34156.0,33764.5,34132.5,94733
2021-05-05 00:00:00,34131.2,34330.2,34037.6,34213.8,74881
2021-05-06 00:00:00,34216.9,34555.8,34177.8,34540.4,94223
2021-05-07 00:00:00,34540.9,34819.3,34458.1,34813.8,78395
2021-05-10 00:00:00,34801.8,35092.0,34698.1,34722.1,81438
2021-05-11 00:00:00,34723.7,34817.1,34071.2,34227.6,141347
2021-05-12 00:00:00,34225.0,34315.6,33548.0,33565.0,143836
2021-05-13 00:00:00,33564.9,34179.6,33285.6,34031.8,141998
2021-05-14 00:00:00,34034.0,34456.3,33995.8,34422.6,95553
2021-05-17 00:00:00,34392.6,34445.6,34168.1,34353.2,112707
2021-05-18 00:00:00,34358.8,34486.8,33970.7,33986.7,81939
2021-05-19 00:00:00,33986.8,34060.2,33472.8,33836.4,129749
2021-05-20 00:00:00,33840.3,34236.9,33638.5,34068.0,95306
2021-05-21 00:00:00,34061.1,34417.2,34054.5,34247.8,89681
2021-05-24 00:00:00,34192.8,34473.7,34151.3,34436.3,67173
2021-05-25 00:00:00,34430.0,34527.4,34267.4,34340.2,76955
2021-05-26 00:00:00,34332.9,34461.3,34272.4,34331.9,66484
2021-05-27 00:00:00,34326.9,34616.6,34209.5,34589.1,77008
2021-05-28 00:00:00,34577.9,34659.7,34517.6,34562.9,62179
2021-05-31 00:00:00,34570.9,34595.9,34432.1,34455.2,24139
2021-06-01 00:00:00,34455.2,34849.1,34448.9,34565.1,72425
2021-06-02 00:00:00,34563.2,34706.3,34495.1,34594.2,69030
2021-06-03 00:00:00,34597.6,34669.0,34327.9,34591.3,78998
2021-06-04 00:00:00,34587.8,34771.5,34482.3,34758.3,65536
2021-06-07 00:00:00,34768.3,34841.4,34573.8,34628.4,62657
2021-06-08 00:00:00,34625.5,34663.9,34445.7,34592.4,70522
2021-06-09 00:00:00,34589.1,34653.3,34435.0,34476.3,59771
2021-06-10 00:00:00,34471.8,34741.5,34397.9,34467.8,70137
2021-06-11 00:00:00,34461.2,34622.0,34321.5,34440.1,44053
2021-06-14 00:00:00,34469.1,34560.7,34204.8,34369.2,51681
2021-06-15 00:00:00,34366.3,34477.8,34197.6,34298.6,57535
2021-06-16 00:00:00,34294.4,34328.3,33908.3,33956.6,70664
2021-06-17 00:00:00,33953.9,34087.3,33619.7,33801.9,94382
2021-06-18 00:00:00,33801.7,33867.9,33215.0,33216.0,101090
2021-06-21 00:00:00,33227.0,33920.4,33026.5,33911.4,103922
2021-06-22 00:00:00,33911.2,34041.3,33741.1,33969.6,72666
2021-06-23 00:00:00,33970.2,34077.2,33869.5,33899.8,62136
2021-06-24 00:00:00,33896.7,34291.6,33888.3,34284.6,57829
2021-06-25 00:00:00,34280.8,34500.6,34248.7,34485.9,56677
2021-06-28 00:00:00,34514.9,34519.4,34182.2,34313.1,61120
2021-06-29 00:00:00,34310.4,34480.8,34231.1,34300.0,60237
2021-06-30 00:00:00,34293.5,34559.8,34124.1,34552.8,67790
2021-07-01 00:00:00,34549.6,34661.9,34489.0,34609.8,66536
2021-07-02 00:00:00,34609.8,34819.5,34599.9,34742.8,60897
2021-07-05 00:00:00,34759.3,34852.0,34692.3,34803.3,25697
2021-07-06 00:00:00,34802.6,34858.8,34349.4,34503.5,74960
2021-07-07 00:00:00,34502.4,34707.3,34431.5,34689.9,80212
2021-07-08 00:00:00,34689.1,34698.4,34112.0,34395.2,125867
2021-07-09 00:00:00,34389.5,34892.7,34251.2,34872.0,90005
2021-07-12 00:00:00,34873.0,35016.7,34656.6,34997.0,78555
2021-07-13 00:00:00,34994.6,35028.0,34862.6,34892.5,75497
2021-07-14 00:00:00,34890.9,35061.7,34783.6,34912.2,83754
2021-07-15 00:00:00,34910.7,34994.0,34708.8,34951.5,96913
2021-07-16 00:00:00,34954.0,35092.6,34633.8,34675.8,92692
2021-07-19 00:00:00,34662.3,34684.3,33739.0,34034.0,144329
2021-07-20 00:00:00,34022.0,34616.9,33958.5,34541.8,117177
2021-07-21 00:00:00,34543.8,34844.5,34475.3,34840.5,90284
2021-07-22 00:00:00,34837.9,34896.6,34665.7,34873.2,75671
2021-07-23 00:00:00,34869.3,35098.6,34846.7,35023.4,65482
2021-07-26 00:00:00,35045.9,35173.1,34759.0,35136.1,80450
2021-07-27 00:00:00,35136.7,35146.1,34870.5,34964.8,104929
2021-07-28 00:00:00,34959.4,35123.3,34875.0,34979.7,108715
2021-07-29 00:00:00,34978.7,35170.8,34879.7,35091.5,73279
2021-07-30 00:00:00,35090.7,35108.5,34863.2,34978.8,100388
2021-08-02 00:00:00,35000.8,35190.0,34806.2,34876.5,90372
2021-08-03 00:00:00,34868.2,35122.3,34713.2,35074.1,86306
2021-08-04 00:00:00,35067.1,35112.7,34788.3,34822.3,71760
2021-08-05 00:00:00,34822.2,35057.9,34779.4,35044.0,60184
2021-08-06 00:00:00,35040.0,35250.7,34995.0,35187.9,58967
2021-08-09 00:00:00,35192.4,35199.9,35042.8,35115.7,60224
2021-08-10 00:00:00,35113.9,35280.1,35027.7,35265.8,56947
2021-08-11 00:00:00,35253.8,35499.2,35211.4,35476.2,57358
2021-08-12 00:00:00,35473.4,35530.4,35349.0,35525.9,52461
2021-08-13 00:00:00,35522.9,35613.9,35475.0,35488.5,47681
2021-08-16 00:00:00,35454.0,35631.4,35230.2,35600.9,71132
2021-08-17 00:00:00,35598.2,35608.1,35116.3,35281.4,96679
2021-08-18 00:00:00,35278.5,35353.6,34860.6,34911.1,88964
2021-08-19 00:00:00,34904.0,35000.1,34561.2,34897.3,136895
2021-08-20 00:00:00,34898.5,35176.5,34627.9,35104.8,104839
2021-08-23 00:00:00,35077.8,35427.8,35069.3,35381.6,68923
2021-08-24 00:00:00,35375.4,35453.2,35343.7,35385.3,57755
2021-08-25 00:00:00,35385.6,35499.5,35283.0,35439.1,55201
2021-08-26 00:00:00,35435.7,35495.3,35202.8,35246.9,80226
2021-08-27 00:00:00,35245.4,35478.4,35166.4,35444.6,62089
2021-08-30 00:00:00,35456.1,35510.3,35372.2,35420.2,50964
2021-08-31 00:00:00,35415.6,35509.3,35284.9,35401.6,78113
2021-09-01 00:00:00,35400.5,35506.7,35283.9,35303.5,66212
2021-09-02 00:00:00,35305.2,35476.2,35235.5,35443.4,63295
2021-09-03 00:00:00,35440.7,35518.9,35264.6,35358.2,66497
2021-09-06 00:00:00,35361.2,35491.9,35277.7,35441.9,25115
2021-09-07 00:00:00,35441.6,35453.4,35055.9,35089.7,65637
2021-09-08 00:00:00,35088.1,35176.4,34899.8,35023.5,93219
2021-09-09 00:00:00,35018.3,35202.0,34786.1,34860.7,90112
2021-09-10 00:00:00,34866.5,35115.9,34602.7,34643.0,72554
2021-09-13 00:00:00,34648.0,34937.8,34603.5,34909.4,98428
2021-09-14 00:00:00,34904.9,35015.5,34505.0,34594.4,87885
2021-09-15 00:00:00,34590.3,34882.6,34498.5,34848.7,83650
2021-09-16 00:00:00,34844.4,34941.4,34536.2,34730.1,79665
2021-09-17 00:00:00,34722.6,34829.7,34486.9,34512.4,92105
2021-09-20 00:00:00,34534.4,34540.9,33612.3,33932.5,129255
2021-09-21 00:00:00,33934.7,34367.6,33838.7,33883.7,119799
2021-09-22 00:00:00,33882.8,34444.4,33763.7,34284.0,105618
2021-09-23 00:00:00,34277.2,34879.0,34272.0,34789.3,82436
2021-09-24 00:00:00,34778.3,34862.3,34590.4,34802.1,84238
2021-09-27 00:00:00,34818.1,35062.7,34783.7,34864.9,82358
2021-09-28 00:00:00,34860.9,34980.0,34250.0,34345.1,126058
2021-09-29 00:00:00,34344.7,34581.8,34299.3,34440.9,114950
2021-09-30 00:00:00,34439.2,34682.0,33832.7,33865.5,120422
2021-10-01 00:00:00,33871.8,34490.1,33529.1,34351.2,129068
2021-10-04 00:00:00,34345.2,34426.2,33817.9,34013.5,143924
2021-10-05 00:00:00,34008.1,34492.9,33815.0,34354.1,122198
2021-10-06 00:00:00,34345.1,34449.5,33849.3,34419.0,148817
2021-10-07 00:00:00,34411.5,34977.5,34402.7,34756.2,95320
2021-10-08 00:00:00,34758.1,34868.2,34653.4,34761.5,104553
2021-10-11 00:00:00,34778.5,34952.2,34441.9,34481.9,110189
2021-10-12 00:00:00,34474.3,34605.6,34244.5,34321.2,123387
2021-10-13 00:00:00,34315.5,34463.8,34107.9,34381.3,108378
2021-10-14 00:00:00,34377.2,34979.5,34372.8,34959.5,75403
2021-10-15 00:00:00,34955.4,35323.7,34914.5,35301.5,77260
2021-10-18 00:00:00,35331.5,35351.0,35032.7,35240.3,79488
2021-10-19 00:00:00,35240.0,35496.0,35192.8,35481.0,68432
2021-10-20 00:00:00,35474.2,35673.9,35405.6,35567.1,65450
2021-10-21 00:00:00,35563.2,35653.6,35442.6,35615.7,70586
2021-10-22 00:00:00,35616.8,35765.9,35532.1,35600.5,85499
2021-10-25 00:00:00,35625.5,35788.6,35565.5,35757.7,72053
2021-10-26 00:00:00,35754.5,35892.1,35734.8,35784.8,76022
2021-10-27 00:00:00,35781.5,35827.7,35495.7,35536.7,88227
2021-10-28 00:00:00,35529.5,35795.1,35499.8,35768.6,81881
2021-10-29 00:00:00,35763.4,35863.0,35601.2,35851.2,89035
2021-11-01 00:00:00,35894.2,36005.4,35798.4,35901.8,73747
2021-11-02 00:00:00,35905.5,36088.1,35813.3,36037.7,61776
2021-11-03 00:00:00,36032.7,36179.5,35890.0,36143.1,64062
2021-11-04 00:00:00,36145.6,36195.1,35986.4,36103.3,65358
2021-11-05 00:00:00,36099.8,36492.5,36067.4,36301.6,76701
2021-11-08 00:00:00,36322.1,36568.3,36275.1,36395.7,69929
2021-11-09 00:00:00,36393.3,36430.3,36171.9,36270.3,78034
2021-11-10 00:00:00,36266.3,36348.0,36006.0,36083.0,91918
2021-11-11 00:00:00,36080.1,36156.6,35918.0,35955.6,68275
2021-11-12 00:00:00,35948.1,36146.5,35930.1,36117.2,58943
2021-11-15 00:00:00,36125.2,36255.8,36031.8,36099.1,61932
2021-11-16 00:00:00,36096.6,36319.5,36026.7,36153.9,62502
2021-11-17 00:00:00,36148.8,36173.4,35880.7,35886.2,62391
2021-11-18 00:00:00,35887.3,36018.8,35651.9,35888.0,66545
2021-11-19 00:00:00,35878.9,36046.6,35547.8,35632.5,91838
2021-11-22 00:00:00,35643.5,35930.9,35580.6,35656.1,84170
2021-11-23 00:00:00,35649.0,35842.0,35419.2,35796.8,114069
2021-11-24 00:00:00,35793.2,35841.4,35581.5,35826.4,98510
2021-11-25 00:00:00,35828.3,35952.5,35809.0,35853.0,27727
2021-11-26 00:00:00,35851.7,35857.9,34489.3,34636.8,134899
2021-11-29 00:00:00,34889.7,35303.8,34852.9,35166.1,113622
2021-11-30 00:00:00,35163.0,35277.1,34428.2,34542.5,153484
2021-12-01 00:00:00,34537.1,35003.4,33949.0,34036.0,135222
2021-12-02 00:00:00,34036.4,34761.0,34035.6,34714.7,148951
2021-12-03 00:00:00,34705.5,34807.4,34262.0,34571.5,148666
2021-12-06 00:00:00,34667.5,35355.7,34595.0,35263.7,128022
2021-12-07 00:00:00,35261.4,35820.6,35207.2,35793.0,89023
2021-12-08 00:00:00,35782.8,35935.1,35600.9,35736.3,89927
2021-12-09 00:00:00,35736.7,35862.9,35576.4,35745.1,84388
2021-12-10 00:00:00,35741.8,35988.8,35708.1,35969.3,83265
2021-12-13 00:00:00,36004.8,36126.8,35609.7,35672.3,89378
2021-12-14 00:00:00,35672.1,35780.4,35437.8,35569.3,111201
2021-12-15 00:00:00,35560.4,35970.5,35378.5,35951.5,104255
2021-12-16 00:00:00,35948.6,36211.1,35773.2,35946.0,114037
2021-12-17 00:00:00,35931.2,35984.6,35277.5,35458.7,133540
2021-12-20 00:00:00,35415.7,35439.7,34662.9,35023.3,136128
2021-12-21 00:00:00,35020.5,35532.8,34974.3,35520.3,102715
2021-12-22 00:00:00,35521.4,35782.5,35406.9,35764.0,74755
2021-12-23 00:00:00,35757.1,36062.0,35746.0,35969.3,54471
2021-12-27 00:00:00,35992.8,36321.0,35875.4,36284.0,55865
2021-12-28 00:00:00,36281.9,36525.7,36230.5,36390.5,66511
2021-12-29 00:00:00,36392.3,36572.7,36363.0,36491.5,60171
2021-12-30 00:00:00,36490.8,36684.2,36373.5,36411.3,57343
2021-12-31 00:00:00,36403.5,36486.4,36237.8,36365.3,50976
2022-01-03 00:00:00,36446.3,36598.5,36233.0,36550.4,81122
2022-01-04 00:00:00,36548.5,36932.6,36532.9,36779.4,79140
2022-01-05 00:00:00,36776.4,36953.7,36399.0,36424.5,101279
2022-01-06 00:00:00,36423.8,36537.1,36199.2,36281.8,141918
2022-01-07 00:00:00,36275.8,36385.7,36110.2,36225.2,107167
2022-01-10 00:00:00,36251.7,36290.3,35641.4,36047.9,137849
2022-01-11 00:00:00,36059.3,36275.6,35764.6,36251.6,111436
2022-01-12 00:00:00,36247.1,36455.3,36164.9,36291.6,104258
2022-01-13 00:00:00,36291.5,36511.3,36046.3,36124.1,110354
2022-01-14 00:00:00,36121.0,36237.7,35638.2,35965.3,145651
2022-01-17 00:00:00,36019.3,36019.8,35826.3,35947.8,49134
2022-01-18 00:00:00,35945.3,35983.3,35259.7,35414.2,136520
2022-01-19 00:00:00,35404.8,35544.9,34991.7,35050.2,152150
2022-01-20 00:00:00,35046.9,35489.7,34522.0,34673.0,178198
2022-01-21 00:00:00,34624.9,34894.0,34216.4,34245.9,209222
2022-01-24 00:00:00,34292.4,34519.9,33144.6,34445.6,199824
2022-01-25 00:00:00,34445.7,34591.8,33540.8,34067.9,211377
2022-01-26 00:00:00,34057.2,34815.6,33862.2,34159.0,168386
2022-01-27 00:00:00,34153.4,34772.7,33648.5,34337.1,223187
2022-01-28 00:00:00,34358.9,34742.5,33732.2,34713.0,200542
2022-01-31 00:00:00,34732.0,35152.1,34436.6,35031.9,135782
2022-02-01 00:00:00,35036.5,35438.5,34958.4,35360.8,124937
2022-02-02 00:00:00,35348.2,35709.5,35290.4,35685.0,119360
2022-02-03 00:00:00,35685.1,35689.0,35068.5,35280.4,134375
2022-02-04 00:00:00,35265.9,35334.8,34791.0,35055.1,175811
2022-02-07 00:00:00,35123.6,35328.3,34934.6,35131.4,193759
2022-02-08 00:00:00,35126.5,35546.0,35052.4,35494.3,172741
2022-02-09 00:00:00,35495.7,35859.9,35486.8,35820.4,138037
2022-02-10 00:00:00,35821.1,35860.0,35100.3,35233.6,194137
2022-02-11 00:00:00,35226.6,35437.8,34617.4,34778.9,228140
2022-02-14 00:00:00,34739.4,34847.0,34301.1,34550.7,272013
2022-02-15 00:00:00,34547.4,35053.9,34430.2,34956.4,199392
2022-02-16 00:00:00,34948.4,35141.0,34645.4,34907.3,184788
2022-02-17 00:00:00,34909.1,34977.8,34245.4,34311.7,165698
2022-02-18 00:00:00,34309.0,34566.2,33970.5,34104.8,149666
2022-02-21 00:00:00,33963.8,34417.9,33456.3,33538.6,112081
2022-02-22 00:00:00,33540.1,34117.4,33360.1,33599.0,191969
2022-02-23 00:00:00,33655.3,33891.9,33079.9,33098.9,144688
2022-02-24 00:00:00,33101.7,33273.4,32231.5,33120.1,289524
2022-02-25 00:00:00,33118.2,34095.6,32826.7,34061.4,193123
2022-02-28 00:00:00,33597.1,33963.1,33371.4,33880.0,192571
2022-03-01 00:00:00,33875.3,34101.1,33104.3,33373.5,161459
2022-03-02 00:00:00,33379.2,34014.4,33160.1,33837.8,174599
2022-03-03 00:00:00,33831.9,34180.5,33635.7,33830.4,153700
2022-03-04 00:00:00,33825.5,33895.4,33248.6,33557.4,196007
2022-03-07 00:00:00,33371.4,33577.0,32720.3,32740.3,183749
2022-03-08 00:00:00,32724.9,33405.2,32338.8,32557.0,212614
2022-03-09 00:00:00,32544.2,33460.7,32528.9,33273.6,167147
2022-03-10 00:00:00,33267.3,33300.1,32818.3,33184.6,149859
2022-03-11 00:00:00,33185.3,33696.7,32913.5,32964.8,133772
2022-03-14 00:00:00,33012.8,33386.5,32813.3,32977.2,143443
2022-03-15 00:00:00,32980.5,33615.9,32679.3,33497.1,146131
2022-03-16 00:00:00,33493.8,34168.1,33387.5,34141.1,153460
2022-03-17 00:00:00,34140.6,34499.6,33870.7,34336.0,122207
2022-03-18 00:00:00,34337.5,34806.8,34212.1,34798.8,111446
2022-03-21 00:00:00,34777.8,34805.0,34339.5,34612.2,109838
2022-03-22 00:00:00,34611.8,34879.3,34437.5,34817.6,84323
2022-03-23 00:00:00,34813.7,34896.6,34323.1,34359.4,92380
2022-03-24 00:00:00,34345.8,34759.3,34320.4,34742.8,91687
2022-03-25 00:00:00,34735.7,34944.5,34627.3,34854.9,88200
2022-03-28 00:00:00,34818.4,34986.7,34548.6,34955.7,93301
2022-03-29 00:00:00,34951.9,35381.9,34928.2,35271.0,91363
2022-03-30 00:00:00,35262.4,35358.2,35055.3,35236.1,91468
2022-03-31 00:00:00,35234.4,35312.6,34693.0,34796.0,88690
2022-04-01 00:00:00,34792.2,34905.1,34535.4,34779.9,94989
2022-04-04 00:00:00,34802.9,34940.7,34613.1,34904.4,75560
2022-04-05 00:00:00,34895.4,35104.1,34560.2,34675.5,86878
2022-04-06 00:00:00,34674.5,34699.1,34273.7,34443.9,111688
2022-04-07 00:00:00,34439.4,34705.4,34187.1,34579.2,109411
2022-04-08 00:00:00,34578.2,34914.9,34461.4,34708.9,95481
2022-04-11 00:00:00,34740.4,34758.4,34273.3,34323.6,113909
2022-04-12 00:00:00,34321.7,34673.3,34100.7,34260.6,118811
2022-04-13 00:00:00,34243.7,34604.6,34140.7,34552.9,101290
2022-04-14 00:00:00,34551.3,34888.1,34435.4,34480.4,102323
2022-04-18 00:00:00,34455.4,34624.6,34273.8,34489.6,89031
2022-04-19 00:00:00,34485.7,34985.4,34319.7,34863.7,101586
2022-04-20 00:00:00,34858.4,35320.8,34816.3,35223.0,117664
2022-04-21 00:00:00,35217.0,35492.2,34724.1,34750.6,124882
2022-04-22 00:00:00,34751.0,34796.7,33674.7,33713.2,139744
2022-04-25 00:00:00,33766.7,34105.3,33315.1,34065.6,170161
2022-04-26 00:00:00,34063.5,34122.1,33170.5,33202.5,139254
2022-04-27 00:00:00,33202.4,33701.4,33106.9,33398.8,155995
2022-04-28 00:00:00,33395.4,34056.2,33244.5,33846.0,140312
2022-04-29 00:00:00,33884.2,33985.6,32910.4,33063.7,134793
2022-05-02 00:00:00,33056.2,33232.4,32448.8,33035.2,153011
2022-05-03 00:00:00,33028.9,33343.6,32895.3,33142.3,136051
2022-05-04 00:00:00,33146.2,34115.6,33018.2,33983.8,114237
2022-05-05 00:00:00,33983.8,34101.8,32684.2,33015.5,150129
2022-05-06 00:00:00,33030.5,33060.1,32468.7,32859.0,179449
2022-05-09 00:00:00,32730.0,32772.5,32118.1,32262.4,168632
2022-05-10 00:00:00,32258.9,32743.1,31886.7,32135.0,171407
2022-05-11 00:00:00,32124.8,32582.7,31800.0,31897.4,196636
2022-05-12 00:00:00,31903.7,31965.9,31225.1,31615.4,255376
2022-05-13 00:00:00,31615.9,32279.7,31614.7,32141.1,197817
2022-05-16 00:00:00,32218.6,32513.9,31931.8,32193.9,210714
2022-05-17 00:00:00,32187.3,32755.0,32180.2,32673.7,182618
2022-05-18 00:00:00,32669.8,32704.2,31339.2,31420.7,148996
2022-05-19 00:00:00,31417.2,31566.5,30998.3,31256.1,244854
2022-05-20 00:00:00,31246.2,31594.2,30635.1,31271.8,203113
2022-05-23 00:00:00,31352.8,31965.9,31342.8,31911.0,200810
2022-05-24 00:00:00,31905.6,32014.0,31359.4,31980.3,206376
2022-05-25 00:00:00,31974.9,32256.2,31725.4,32096.9,197762
2022-05-26 00:00:00,32100.1,32776.3,32039.0,32587.0,173366
2022-05-27 00:00:00,32588.7,33264.9,32525.0,33250.4,154098
2022-05-30 00:00:00,33238.9,33459.0,33194.4,33292.6,66783
2022-05-31 00:00:00,33311.9,33311.9,32748.6,33047.9,218256
2022-06-01 00:00:00,33039.8,33270.6,32581.8,32791.6,200387
2022-06-02 00:00:00,32790.5,33268.5,32510.4,33254.5,176920
2022-06-03 00:00:00,33255.7,33320.0,32836.3,32923.1,181902
2022-06-06 00:00:00,32971.6,33240.3,32815.4,32923.7,175190
2022-06-07 00:00:00,32913.9,33205.4,32613.3,33113.2,176999
2022-06-08 00:00:00,33108.6,33176.7,32817.6,32921.5,178797
2022-06-09 00:00:00,32914.4,33116.1,32261.5,32330.0,192374
2022-06-10 00:00:00,32324.1,32352.5,31378.4,31448.4,167046
2022-06-13 00:00:00,31233.4,31301.4,30377.2,30533.0,169465
2022-06-14 00:00:00,30544.9,30875.1,30139.9,30378.9,168955
2022-06-15 00:00:00,30380.2,31015.7,30180.3,30676.6,162954
2022-06-16 00:00:00,30674.5,30939.6,29737.5,29995.0,175962
2022-06-17 00:00:00,29980.3,30218.6,29648.1,29944.8,176490
2022-06-20 00:00:00,29968.3,30227.0,29749.3,30155.5,74936
2022-06-21 00:00:00,30129.4,30652.9,30119.8,30544.7,108411
2022-06-22 00:00:00,30540.3,30781.7,30014.3,30478.2,136529
2022-06-23 00:00:00,30478.7,30706.4,30256.8,30574.7,133290
2022-06-24 00:00:00,30577.0,31516.5,30556.7,31451.5,94611
2022-06-27 00:00:00,31531.5,31707.1,31348.5,31475.8,105306
2022-06-28 00:00:00,31475.3,31883.0,30920.2,30984.2,114900
2022-06-29 00:00:00,30980.3,31155.4,30879.3,31034.5,120083
2022-06-30 00:00:00,31029.4,31038.5,30420.7,30766.4,125353
2022-07-01 00:00:00,30741.4,31140.6,30447.0,31063.8,140628
2022-07-04 00:00:00,31061.3,31080.4,30821.8,30987.5,50499
2022-07-05 00:00:00,31003.2,31230.8,30354.8,30946.6,135627
2022-07-06 00:00:00,30947.5,31223.7,30759.7,31068.9,139914
2022-07-07 00:00:00,31066.4,31423.4,30914.4,31345.4,105792
2022-07-08 00:00:00,31341.5,31508.6,31205.6,31372.6,118602
2022-07-11 00:00:00,31318.1,31368.6,31063.2,31198.0,108133
2022-07-12 00:00:00,31194.4,31349.4,30853.6,30994.4,107516
2022-07-13 00:00:00,30993.4,31312.0,30502.7,30730.2,167267
2022-07-14 00:00:00,30723.5,30791.7,30129.9,30638.6,205506
2022-07-15 00:00:00,30636.0,31286.9,30520.2,31271.8,191086
2022-07-18 00:00:00,31339.8,31640.0,30978.8,31088.2,164475
2022-07-19 00:00:00,31076.9,31863.1,31052.7,31837.1,161539
2022-07-20 00:00:00,31835.3,32000.6,31642.3,31819.6,182694
2022-07-21 00:00:00,31816.6,32049.8,31521.8,32011.8,195124
2022-07-22 00:00:00,32014.3,32215.0,31729.1,31890.3,184790
2022-07-25 00:00:00,31887.3,32087.9,31796.3,31888.4,179107
2022-07-26 00:00:00,31881.8,31943.2,31692.0,31794.0,159620
2022-07-27 00:00:00,31801.2,32338.2,31774.6,32171.0,167194
2022-07-28 00:00:00,32165.3,32639.9,31978.4,32600.4,179526
2022-07-29 00:00:00,32595.4,32914.4,32490.6,32851.7,167165
2022-08-01 00:00:00,32858.2,32970.9,32635.4,32812.8,176656
2022-08-02 00:00:00,32810.0,32814.3,32388.0,32439.8,204693
2022-08-03 00:00:00,32441.3,32912.5,32379.3,32793.4,172201
2022-08-04 00:00:00,32790.6,32904.0,32638.6,32734.3,160309
2022-08-05 00:00:00,32734.3,32826.8,32473.9,32754.5,165143
2022-08-08 00:00:00,32804.5,33108.2,32708.0,32889.9,166066
2022-08-09 00:00:00,32885.3,32927.8,32700.1,32802.5,155823
2022-08-10 00:00:00,32799.1,33364.6,32713.6,33311.0,154904
2022-08-11 00:00:00,33306.9,33654.1,33281.5,33386.5,167150
2022-08-12 00:00:00,33379.4,33759.0,33323.5,33748.3,138129
2022-08-15 00:00:00,33726.8,33955.3,33515.9,33877.9,127752
2022-08-16 00:00:00,33872.6,34284.6,33821.5,34147.2,144618
2022-08-17 00:00:00,34140.3,34195.2,33824.1,34004.4,171665
2022-08-18 00:00:00,33999.4,34063.5,33833.6,33993.1,154899
2022-08-19 00:00:00,33992.0,34013.1,33625.8,33690.8,161077
2022-08-22 00:00:00,33612.8,33637.3,33006.5,33111.6,159438
2022-08-23 00:00:00,33102.8,33182.2,32853.8,32896.4,177120
2022-08-24 00:00:00,32893.9,33095.5,32759.0,32972.4,152542
2022-08-25 00:00:00,32963.5,33307.3,32885.6,33236.8,149072
2022-08-26 00:00:00,33237.9,33462.4,32183.6,32189.6,162911
2022-08-29 00:00:00,32077.6,32326.1,31947.6,32142.6,178238
2022-08-30 00:00:00,32139.3,32368.2,31638.8,31776.5,168346
2022-08-31 00:00:00,31773.7,31984.0,31492.4,31557.9,207398
2022-09-01 00:00:00,31548.6,31673.8,31220.4,31659.1,209224
2022-09-02 00:00:00,31655.4,32031.5,31180.5,31370.8,154576
2022-09-05 00:00:00,31353.3,31462.9,31274.3,31428.0,85647
2022-09-06 00:00:00,31373.7,31590.4,31041.3,31153.7,150471
2022-09-07 00:00:00,31147.0,31644.7,30972.2,31564.4,141934
2022-09-08 00:00:00,31561.7,31795.2,31298.1,31793.2,137415
2022-09-09 00:00:00,31786.7,32224.4,31758.7,32141.7,105545
2022-09-12 00:00:00,32250.7,32497.9,32132.2,32420.0,100067
2022-09-13 00:00:00,32418.0,32664.6,31015.0,31135.3,119044
2022-09-14 00:00:00,31135.6,31278.9,30880.5,31188.9,145510
2022-09-15 00:00:00,31184.1,31274.7,30868.7,30914.7,124451
2022-09-16 00:00:00,30915.4,30922.4,30542.4,30874.8,167036
2022-09-19 00:00:00,30811.3,31078.7,30484.9,31047.7,179622
2022-09-20 00:00:00,31044.5,31152.3,30465.3,30748.0,186417
2022-09-21 00:00:00,30745.5,31021.4,30112.3,30135.3,189362
2022-09-22 00:00:00,30147.8,30404.9,29958.3,30107.4,244953
2022-09-23 00:00:00,30102.6,30160.9,29243.9,29607.0,226267
2022-09-26 00:00:00,29578.5,29667.1,29159.3,29266.3,256838
2022-09-27 00:00:00,29268.8,29658.5,28955.3,29176.0,230598
2022-09-28 00:00:00,29176.1,29811.9,28822.1,29667.2,265090
2022-09-29 00:00:00,29663.3,29711.7,28990.9,29242.1,235364
2022-09-30 00:00:00,29240.0,29493.7,28715.5,28771.3,255995
2022-10-03 00:00:00,28709.3,29645.2,28586.8,29502.8,224775
2022-10-04 00:00:00,29496.2,30338.3,29442.8,30297.3,213905
2022-10-05 00:00:00,30286.0,30456.6,29876.0,30273.8,201919
2022-10-06 00:00:00,30266.4,30422.8,29854.8,29921.2,215686
2022-10-07 00:00:00,29917.5,30057.3,29139.5,29289.8,204697
2022-10-10 00:00:00,29203.3,29487.5,29010.0,29224.3,217381
2022-10-11 00:00:00,29225.0,29612.3,28900.4,29276.6,257522
2022-10-12 00:00:00,29272.1,29478.7,29131.3,29252.1,244841
2022-10-13 00:00:00,29252.3,30167.8,28627.2,30042.1,233079
2022-10-14 00:00:00,30039.0,30431.7,29610.5,29660.1,275221
2022-10-17 00:00:00,29631.1,30320.8,29631.1,30262.5,236581
2022-10-18 00:00:00,30261.7,30836.7,30259.5,30670.5,258410
2022-10-19 00:00:00,30662.5,30780.0,30222.3,30501.1,260353
2022-10-20 00:00:00,30495.0,30827.8,30260.8,30370.2,268327
2022-10-21 00:00:00,30370.3,31139.2,30067.8,31135.2,254681
2022-10-24 00:00:00,31200.7,31599.4,30880.8,31471.7,292869
2022-10-25 00:00:00,31468.9,31876.3,31305.3,31845.3,237536
2022-10-26 00:00:00,31834.2,32173.7,31704.8,31957.7,255017
2022-10-27 00:00:00,31943.4,32382.4,31839.5,32010.0,265438
2022-10-28 00:00:00,31984.4,32965.6,31851.1,32955.6,238621
2022-10-31 00:00:00,32864.6,32884.5,32583.8,32736.6,215894
2022-11-01 00:00:00,32736.1,32996.2,32480.8,32632.7,223771
2022-11-02 00:00:00,32628.1,33074.5,32090.8,32153.8,203131
2022-11-03 00:00:00,32150.3,32242.8,31709.5,31982.3,239191
2022-11-04 00:00:00,31990.2,32610.0,31855.4,32355.1,249774
2022-11-07 00:00:00,32148.8,32892.0,32148.8,32802.3,234132
2022-11-08 00:00:00,32800.7,33359.8,32752.4,33113.3,205731
2022-11-09 00:00:00,33102.3,33195.8,32474.6,32527.9,250554
2022-11-10 00:00:00,32523.2,33783.8,32441.0,33777.8,231604
2022-11-11 00:00:00,33772.9,33967.4,33395.5,33746.8,238820
2022-11-14 00:00:00,33646.8,33963.5,33534.2,33603.0,184923
2022-11-15 00:00:00,33601.1,34009.1,33312.1,33540.1,238844
2022-11-16 00:00:00,33544.8,33703.7,33441.1,33572.0,222317
2022-11-17 00:00:00,33574.1,33686.1,33144.1,33545.5,206991
2022-11-18 00:00:00,33545.8,33819.2,33434.5,33721.8,195096
2022-11-21 00:00:00,33755.3,33864.0,33553.2,33694.2,182413
2022-11-22 00:00:00,33695.7,34112.2,33625.8,34102.0,154677
2022-11-23 00:00:00,34115.2,34262.6,34001.1,34238.1,155018
2022-11-24 00:00:00,34238.0,34288.2,34210.7,34255.3,58296
2022-11-25 00:00:00,34260.7,34385.0,34191.2,34371.2,87326
2022-11-28 00:00:00,34280.5,34308.5,33797.8,33846.5,154362
2022-11-29 00:00:00,33846.1,33966.6,33654.7,33815.2,170875
2022-11-30 00:00:00,33813.5,34598.2,33576.0,34570.7,183745
2022-12-01 00:00:00,34566.2,34659.8,34120.6,34359.6,198323
2022-12-02 00:00:00,34356.4,34486.3,33889.7,34346.1,136043
2022-12-05 00:00:00,34404.6,34415.1,33848.7,33968.0,128754
2022-12-06 00:00:00,33963.3,34042.5,33418.1,33590.5,172539
2022-12-07 00:00:00,33599.6,33778.1,33429.1,33580.7,195220
2022-12-08 00:00:00,33577.3,33891.4,33443.7,33765.6,187743
2022-12-09 00:00:00,33763.4,33927.7,33447.8,33454.8,172704
2022-12-12 00:00:00,33473.8,33996.2,33404.3,33951.0,161837
2022-12-13 00:00:00,33950.0,34940.1,33881.2,34110.3,223634
2022-12-14 00:00:00,34106.8,34397.3,33684.8,34037.3,174864
2022-12-15 00:00:00,34027.9,34070.3,33008.8,33169.1,194499
2022-12-16 00:00:00,33161.3,33257.6,32647.1,32854.6,191076
2022-12-19 00:00:00,32876.6,33059.2,32573.9,32725.6,175031
2022-12-20 00:00:00,32725.0,32996.0,32471.1,32910.1,224894
2022-12-21 00:00:00,32907.3,33439.2,32901.8,33414.2,173529
2022-12-22 00:00:00,33417.0,33458.7,32570.0,33018.0,185612
2022-12-23 00:00:00,33018.9,33228.3,32812.7,33174.4,191460
2022-12-27 00:00:00,33285.4,33429.5,33059.1,33249.7,157836
2022-12-28 00:00:00,33246.8,33386.9,32856.6,32897.1,171309
2022-12-29 00:00:00,32893.1,33295.8,32828.6,33192.8,145282
2022-12-30 00:00:00,33186.7,33205.8,32838.3,33165.9,155049
2023-01-03 00:00:00,33344.4,33491.0,32840.6,33108.8,228499
2023-01-04 00:00:00,33100.2,33413.9,33022.9,33225.9,194271
2023-01-05 00:00:00,33217.6,33308.0,32805.4,32948.9,185285
2023-01-06 00:00:00,32940.2,33721.0,32895.0,33607.6,178036
2023-01-09 00:00:00,33661.1,33936.2,33488.2,33516.1,161825
2023-01-10 00:00:00,33508.0,33727.3,33341.2,33706.1,173382
2023-01-11 00:00:00,33701.6,33978.1,33683.2,33972.1,136045
2023-01-12 00:00:00,33975.7,34297.5,33715.7,34179.4,182058
2023-01-13 00:00:00,34176.7,34345.1,33879.5,34312.9,160460
2023-01-16 00:00:00,34311.9,34367.9,34183.5,34250.7,44283
2023-01-17 00:00:00,34255.2,34307.4,33856.4,33888.2,161365
2023-01-18 00:00:00,33884.6,34013.3,33253.9,33260.9,176757
2023-01-19 00:00:00,33256.9,33275.4,32957.0,33057.5,179276
2023-01-20 00:00:00,33055.6,33382.1,32933.7,33362.4,150607
2023-01-23 00:00:00,33371.9,33787.8,33304.6,33634.0,148378
2023-01-24 00:00:00,33634.6,33810.7,33376.2,33749.2,150356
2023-01-25 00:00:00,33750.4,33774.6,33264.6,33708.6,166735
2023-01-26 00:00:00,33703.2,33968.1,33628.9,33928.6,163285
2023-01-27 00:00:00,33931.0,34167.0,33826.2,33958.0,131894
2023-01-30 00:00:00,33916.0,34057.9,33692.8,33727.1,154826
2023-01-31 00:00:00,33732.8,34092.4,33510.2,34049.2,138694
2023-02-01 00:00:00,34049.0,34346.9,33567.9,34048.7,149165
2023-02-02 00:00:00,34050.0,34152.3,33808.7,33993.0,179734
2023-02-03 00:00:00,33966.1,34184.0,33773.6,33907.1,139022
2023-02-06 00:00:00,33850.1,33968.2,33637.2,33872.0,107124
2023-02-07 00:00:00,33864.4,34250.5,33631.5,34111.3,114315
2023-02-08 00:00:00,34107.3,34179.8,33893.9,34004.7,103072
2023-02-09 00:00:00,33999.8,34246.4,33603.8,33728.2,104281
2023-02-10 00:00:00,33719.1,33895.7,33514.8,33869.0,114502
2023-02-13 00:00:00,33887.0,34253.3,33731.0,34234.2,84087
2023-02-14 00:00:00,34234.3,34514.8,33819.3,34047.8,123777
2023-02-15 00:00:00,34044.3,34132.2,33827.1,34109.7,101212
2023-02-16 00:00:00,34105.3,34173.3,33664.6,33684.1,104173
2023-02-17 00:00:00,33681.1,33847.9,33469.2,33824.2,109856
2023-02-20 00:00:00,33794.7,33830.8,33694.4,33715.2,27172
2023-02-21 00:00:00,33709.0,33744.7,33112.7,33148.0,97959
2023-02-22 00:00:00,33150.7,33246.2,32948.0,33060.5,106037
2023-02-23 00:00:00,33060.1,33269.1,32796.0,33125.8,95616
2023-02-24 00:00:00,33121.8,33175.8,32629.7,32783.6,103871
2023-02-27 00:00:00,32777.6,33193.0,32777.6,32904.5,89427
2023-02-28 00:00:00,32900.4,32990.1,32568.4,32616.4,92465
2023-03-01 00:00:00,32611.8,32829.1,32494.1,32826.1,102956
2023-03-02 00:00:00,32819.4,33085.0,32605.7,32992.0,105986
2023-03-03 00:00:00,32979.2,33407.5,32930.1,33394.5,83914
2023-03-06 00:00:00,33359.5,33576.5,33333.5,33446.4,86639
2023-03-07 00:00:00,33444.3,33497.9,32832.1,32849.6,98957
2023-03-08 00:00:00,32850.7,32920.3,32611.1,32811.7,99411
2023-03-09 00:00:00,32810.1,32980.9,32181.9,32245.8,101339
2023-03-10 00:00:00,32234.0,32422.0,31779.9,31946.6,144801
2023-03-13 00:00:00,31984.6,32351.6,31519.7,31878.3,180826
2023-03-14 00:00:00,31875.4,32279.4,31787.4,32136.1,147303
2023-03-15 00:00:00,32128.4,32187.6,31426.7,31852.3,169043
2023-03-16 00:00:00,31847.6,32280.8,31565.9,32259.1,163614
2023-03-17 00:00:00,32255.9,32336.7,31722.0,31825.3,141750
2023-03-20 00:00:00,31903.3,32287.0,31428.9,32248.1,167001
2023-03-21 00:00:00,32244.8,32603.6,32216.1,32564.6,113151
2023-03-22 00:00:00,32561.5,32769.8,32007.6,32072.4,110694
2023-03-23 00:00:00,32069.2,32502.1,31836.6,32175.1,129472
2023-03-24 00:00:00,32171.2,32280.0,31733.2,32277.0,143795
2023-03-27 00:00:00,32271.0,32569.4,32219.6,32480.7,119247
2023-03-28 00:00:00,32479.0,32579.9,32288.0,32417.1,94838
2023-03-29 00:00:00,32413.8,32727.2,32413.3,32702.5,72585
2023-03-30 00:00:00,32701.1,32927.1,32665.5,32869.2,75075
2023-03-31 00:00:00,32864.1,33355.9,32816.8,33344.9,71989
2023-04-03 00:00:00,33280.4,33638.2,33249.4,33585.1,78069
2023-04-04 00:00:00,33579.5,33688.2,33273.3,33431.6,88118
2023-04-05 00:00:00,33431.2,33526.3,33312.2,33464.4,82858
2023-04-06 00:00:00,33455.2,33541.8,33319.4,33459.8,73535
2023-04-07 00:00:00,33458.1,33593.9,33398.9,33546.4,11269
2023-04-10 00:00:00,33532.8,33604.9,33331.0,33593.9,60229
2023-04-11 00:00:00,33589.5,33780.7,33552.5,33701.5,65099
2023-04-12 00:00:00,33702.8,33946.1,33591.4,33615.2,89944
2023-04-13 00:00:00,33614.1,34053.8,33576.7,34008.4,73627
2023-04-14 00:00:00,34007.4,34104.0,33724.2,33941.9,91913
2023-04-17 00:00:00,33945.4,33996.6,33792.9,33977.6,75218
2023-04-18 00:00:00,33974.7,34131.2,33780.3,33963.2,72938
2023-04-19 00:00:00,33958.7,33961.8,33796.8,33872.5,65476
2023-04-20 00:00:00,33874.3,33882.5,33661.4,33765.9,76313
2023-04-21 00:00:00,33764.1,33860.8,33679.8,33795.6,78030
2023-04-24 00:00:00,33761.1,33893.3,33632.7,33863.0,64892
2023-04-25 00:00:00,33859.8,33873.0,33525.4,33599.2,83038
2023-04-26 00:00:00,33598.7,33642.9,33231.5,33323.1,94894
2023-04-27 00:00:00,33324.5,33859.3,33305.6,33792.4,75379
2023-04-28 00:00:00,33794.0,34129.0,33641.0,34101.0,91707
2023-05-01 00:00:00,34108.0,34262.4,34004.4,34011.9,65462
2023-05-02 00:00:00,34012.0,34086.0,33430.9,33661.8,88666
2023-05-03 00:00:00,33657.3,33820.5,33311.3,33322.3,96523
2023-05-04 00:00:00,33319.6,33468.4,32933.1,33111.7,117123
2023-05-05 00:00:00,33106.2,33749.4,33097.0,33656.7,81261
2023-05-08 00:00:00,33674.7,33774.2,33504.3,33607.8,64945
2023-05-09 00:00:00,33595.5,33650.5,33461.9,33571.1,64249
2023-05-10 00:00:00,33571.1,33780.7,33233.6,33503.8,90183
2023-05-11 00:00:00,33500.7,33604.9,33105.0,33312.9,88538
2023-05-12 00:00:00,33306.1,33482.0,33106.9,33247.7,77677
2023-05-15 00:00:00,33250.7,33447.8,33156.4,33337.5,69888
2023-05-16 00:00:00,33332.4,33353.0,32965.6,33029.6,75755
2023-05-17 00:00:00,33026.4,33478.8,32990.9,33392.1,72695
2023-05-18 00:00:00,33392.7,33576.7,33210.6,33546.0,81472
2023-05-19 00:00:00,33546.9,33656.1,33324.7,33377.2,87172
2023-05-22 00:00:00,33318.2,33507.4,33194.9,33309.0,74905
2023-05-23 00:00:00,33307.3,33403.0,33006.2,33084.5,82633
2023-05-24 00:00:00,33075.9,33118.5,32747.5,32809.9,90228
2023-05-25 00:00:00,32801.1,32873.2,32582.9,32760.1,97598
2023-05-26 00:00:00,32758.0,33167.4,32685.1,33111.3,80719
2023-05-29 00:00:00,33239.3,33253.3,33117.9,33132.5,22817
2023-05-30 00:00:00,33156.2,33186.4,32887.8,33008.0,83768
2023-05-31 00:00:00,33000.5,33006.0,32728.7,32892.3,85680
2023-06-01 00:00:00,32848.3,33173.0,32680.5,33092.6,81075
2023-06-02 00:00:00,33090.1,33805.1,33067.6,33757.5,77203
2023-06-05 00:00:00,33804.2,33864.5,33571.3,33585.4,195375
2023-06-06 00:00:00,33580.0,33652.3,33424.1,33588.4,185047
2023-06-07 00:00:00,33585.2,33726.2,33523.1,33690.5,187910
2023-06-08 00:00:00,33682.4,33887.1,33615.2,33824.8,174786
2023-06-09 00:00:00,33821.0,33983.7,33725.6,33882.5,173486
2023-06-12 00:00:00,33891.8,34094.4,33887.5,34083.6,135335
2023-06-13 00:00:00,34077.5,34328.9,34053.5,34239.5,148746
2023-06-14 00:00:00,34234.1,34234.6,33795.1,33995.8,132113
2023-06-15 00:00:00,33993.9,34518.8,33882.9,34412.8,190714
2023-06-16 00:00:00,34399.7,34587.9,34285.8,34307.6,188917
2023-06-19 00:00:00,34331.7,34341.1,34187.3,34241.5,67395
2023-06-20 00:00:00,34262.4,34269.0,33919.6,34046.9,171840
2023-06-21 00:00:00,34052.4,34111.2,33885.8,33971.0,167965
2023-06-22 00:00:00,33982.9,34004.9,33828.3,33970.5,171059
2023-06-23 00:00:00,33971.1,33978.0,33624.2,33704.5,173012
2023-06-26 00:00:00,33723.1,33822.1,33608.2,33748.3,176662
2023-06-27 00:00:00,33762.8,33987.2,33657.0,33924.2,169283
2023-06-28 00:00:00,33932.1,33978.3,33756.9,33909.0,173224
2023-06-29 00:00:00,33918.3,34154.1,33820.9,34101.1,171488
2023-06-30 00:00:00,34091.7,34477.1,34084.6,34385.7,148830
2023-07-03 00:00:00,34429.8,34475.6,34297.7,34437.8,103942
2023-07-04 00:00:00,34408.6,34443.5,34377.2,34388.4,45025
2023-07-05 00:00:00,34395.3,34415.0,34223.6,34287.9,145759
2023-07-06 00:00:00,34280.7,34283.4,33756.7,33903.1,164859
2023-07-07 00:00:00,33899.1,34033.5,33709.5,33738.1,165321
2023-07-10 00:00:00,33758.3,33973.1,33608.5,33954.0,170438
2023-07-11 00:00:00,33959.0,34304.7,33871.2,34254.9,169135
2023-07-12 00:00:00,34253.3,34608.8,34228.3,34385.7,165450
2023-07-13 00:00:00,34385.7,34497.9,34365.9,34378.1,141853
2023-07-14 00:00:00,34380.2,34614.3,34321.9,34488.6,168790
2023-07-17 00:00:00,34498.3,34693.5,34424.2,34583.4,152702
2023-07-18 00:00:00,34595.7,35021.4,34539.7,34977.3,171199
2023-07-19 00:00:00,34964.7,35261.9,34956.2,35081.5,183238
2023-07-20 00:00:00,35076.9,35392.8,35037.2,35257.0,192007
2023-07-21 00:00:00,35262.2,35364.5,35197.8,35232.4,182411
2023-07-24 00:00:00,35255.3,35499.1,35216.8,35454.8,164220
2023-07-25 00:00:00,35444.4,35564.1,35399.9,35442.8,158432
2023-07-26 00:00:00,35453.3,35675.7,35346.8,35514.0,182792
2023-07-27 00:00:00,35513.6,35724.8,35233.1,35332.7,197184
2023-07-28 00:00:00,35338.3,35595.5,35262.8,35465.6,197047
2023-07-31 00:00:00,35505.0,35613.8,35413.7,35611.4,170406
2023-08-01 00:00:00,35617.7,35715.1,35479.3,35658.3,159689
2023-08-02 00:00:00,35511.7,35641.2,35250.4,35319.9,212351
2023-08-03 00:00:00,35325.2,35412.0,35135.2,35243.8,210415
2023-08-04 00:00:00,35233.0,35525.5,35042.9,35080.1,200230
2023-08-07 00:00:00,35104.5,35525.3,35102.3,35507.0,182373
2023-08-08 00:00:00,35508.7,35513.6,35021.7,35326.4,196093
2023-08-09 00:00:00,35314.0,35433.8,35070.4,35200.2,185021
2023-08-10 00:00:00,35207.6,35590.6,35111.5,35193.9,214483
2023-08-11 00:00:00,35204.4,35366.0,35049.9,35309.7,197161
2023-08-14 00:00:00,35327.3,35407.5,35177.7,35315.2,206476
2023-08-15 00:00:00,35304.2,35369.4,34914.6,34961.4,204489
2023-08-16 00:00:00,34969.6,35147.7,34759.8,34799.4,209832
2023-08-17 00:00:00,34795.5,34891.5,34439.4,34463.9,205191
2023-08-18 00:00:00,34467.4,34591.1,34263.2,34469.8,226761
2023-08-21 00:00:00,34507.6,34655.5,34255.8,34452.9,196972
2023-08-22 00:00:00,34458.1,34604.9,34261.2,34304.8,179530
2023-08-23 00:00:00,34316.0,34551.1,34300.1,34532.1,181232
2023-08-24 00:00:00,34513.5,34699.5,34062.0,34102.1,205724
2023-08-25 00:00:00,34123.9,34444.0,34023.5,34344.6,204959
2023-08-28 00:00:00,34405.9,34668.7,34383.8,34590.2,181775
2023-08-29 00:00:00,34595.9,34891.5,34508.6,34882.6,166344
2023-08-30 00:00:00,34849.6,35041.5,34801.1,34981.5,202648
2023-08-31 00:00:00,34973.9,35113.1,34718.2,34752.1,193286
2023-09-01 00:00:00,34762.7,34978.0,34712.6,34813.4,191873
2023-09-04 00:00:00,34851.6,34935.5,34757.1,34794.7,59454
2023-09-05 00:00:00,34810.3,34891.9,34644.9,34661.8,181005
2023-09-06 00:00:00,34664.6,34685.3,34297.9,34445.1,185100
2023-09-07 00:00:00,34446.0,34561.0,34341.8,34521.8,187954
2023-09-08 00:00:00,34515.9,34628.5,34412.2,34580.7,171915
2023-09-11 00:00:00,34601.8,34794.6,34566.2,34662.6,127006
2023-09-12 00:00:00,34663.1,34867.7,34543.8,34662.1,170964
2023-09-13 00:00:00,34662.0,34787.8,34511.2,34594.0,191980
2023-09-14 00:00:00,34596.4,34988.4,34579.7,34956.6,187156
2023-09-15 00:00:00,34954.8,35028.7,34558.1,34613.9,189284
2023-09-18 00:00:00,34622.7,34726.6,34536.7,34633.3,167573
2023-09-19 00:00:00,34641.7,34684.4,34301.0,34508.2,172220
2023-09-20 00:00:00,34511.3,34778.7,34417.5,34427.5,177065
2023-09-21 00:00:00,34447.5,34451.2,34006.7,34023.7,226915
2023-09-22 00:00:00,34046.8,34132.0,33921.8,33948.2,203417
2023-09-25 00:00:00,33996.2,34085.7,33768.5,34021.9,200820
2023-09-26 00:00:00,34014.7,34022.2,33548.7,33643.8,205754
2023-09-27 00:00:00,33661.8,33750.6,33283.4,33591.6,208204
2023-09-28 00:00:00,33597.4,33754.2,33439.0,33678.5,237661
2023-09-29 00:00:00,33701.4,33877.2,33373.9,33512.2,230028
2023-10-02 00:00:00,33624.3,33704.2,33202.3,33413.1,243475
2023-10-03 00:00:00,33400.1,33478.2,32889.4,32950.5,246424
2023-10-04 00:00:00,32951.8,33134.1,32797.3,33049.0,262787
2023-10-05 00:00:00,33042.5,33137.6,32897.9,33065.5,233975
2023-10-06 00:00:00,33057.7,33528.3,32805.1,33393.7,224972
2023-10-09 00:00:00,33212.0,33624.0,33086.4,33588.2,208281
2023-10-10 00:00:00,33589.6,33885.7,33571.3,33725.2,202790
2023-10-11 00:00:00,33727.0,33878.5,33600.1,33845.3,195783
2023-10-12 00:00:00,33836.7,33959.1,33423.7,33598.2,196004
2023-10-13 00:00:00,33600.7,33935.1,33518.8,33596.8,229692
2023-10-16 00:00:00,33655.3,34082.5,33650.6,33997.4,194636
2023-10-17 00:00:00,34005.3,34139.2,33801.5,33972.3,218845
2023-10-18 00:00:00,33958.1,33986.2,33578.4,33660.9,222652
2023-10-19 00:00:00,33673.6,33829.7,33331.8,33365.9,252781
2023-10-20 00:00:00,33377.2,33396.2,33055.9,33069.0,226460
2023-10-23 00:00:00,33168.5,33219.4,32868.5,32975.4,232125
2023-10-24 00:00:00,32987.8,33277.4,32914.6,33204.0,231179
2023-10-25 00:00:00,33179.2,33254.5,32963.7,33047.8,241065
2023-10-26 00:00:00,33040.1,33075.5,32706.8,32788.1,258253
2023-10-27 00:00:00,32828.3,32883.0,32285.6,32368.6,237735
2023-10-30 00:00:00,32439.1,32984.6,32401.0,32907.6,229011
2023-10-31 00:00:00,32918.7,33118.3,32767.3,32979.9,242473
2023-11-01 00:00:00,32991.1,33321.9,32894.6,33260.4,225819
2023-11-02 00:00:00,33269.1,33841.1,33248.1,33820.4,213616
2023-11-03 00:00:00,33826.5,34148.2,33800.8,34078.9,196295
2023-11-06 00:00:00,34093.3,34161.8,33984.4,34068.6,172570
2023-11-07 00:00:00,34061.9,34206.3,33969.2,34167.7,178727
2023-11-08 00:00:00,34164.7,34253.9,33992.5,34103.8,190570
2023-11-09 00:00:00,34076.3,34209.7,33842.9,33909.1,206415
2023-11-10 00:00:00,33903.9,34303.0,33845.1,34203.9,206057
2023-11-13 00:00:00,34247.4,34404.9,34147.8,34339.2,181047
2023-11-14 00:00:00,34349.5,34934.7,34314.7,34864.1,188998
2023-11-15 00:00:00,34872.3,35055.0,34850.3,34974.6,206008
2023-11-16 00:00:00,34946.0,35014.6,34812.2,34984.7,205011
2023-11-17 00:00:00,34983.0,35095.7,34874.7,34922.2,183519
2023-11-20 00:00:00,34942.5,35231.8,34901.2,35161.0,177770
2023-11-21 00:00:00,35171.6,35190.0,35040.6,35087.9,175732
2023-11-22 00:00:00,35087.3,35310.2,35067.7,35274.3,180875
2023-11-23 00:00:00,35265.3,35344.9,35236.4,35304.7,71536
2023-11-24 00:00:00,35318.9,35400.9,35288.5,35395.1,135037
2023-11-27 00:00:00,35391.7,35432.0,35293.5,35366.0,210330
2023-11-28 00:00:00,35372.8,35532.6,35303.3,35438.8,232521
2023-11-29 00:00:00,35406.7,35594.6,35405.8,35536.8,247335
2023-11-30 00:00:00,35541.1,35971.1,35507.6,35935.8,272230
2023-12-01 00:00:00,35916.2,36271.5,35898.9,36268.0,264554
2023-12-04 00:00:00,36274.5,36284.3,36046.8,36199.2,215675
2023-12-05 00:00:00,36201.8,36207.5,36025.9,36135.9,226471
2023-12-06 00:00:00,36140.2,36316.9,36043.2,36081.7,214779
2023-12-07 00:00:00,36062.0,36170.4,35980.2,36106.0,218684
2023-12-08 00:00:00,36106.2,36299.4,35974.7,36248.1,211588
2023-12-11 00:00:00,36274.5,36431.6,36223.8,36423.8,170256
2023-12-12 00:00:00,36426.3,36615.6,36378.5,36607.3,200175
2023-12-13 00:00:00,36611.7,37158.2,36544.0,37113.6,223088
2023-12-14 00:00:00,37124.1,37324.0,37051.8,37244.1,305520
2023-12-15 00:00:00,37241.0,37417.4,37158.1,37310.6,252444
2023-12-18 00:00:00,37313.2,37423.5,37298.7,37312.2,200669
2023-12-19 00:00:00,37316.4,37597.5,37295.7,37574.3,199212
2023-12-20 00:00:00,37577.4,37676.9,37053.1,37128.1,231283
2023-12-21 00:00:00,37148.0,37435.4,37133.1,37385.4,258950
2023-12-22 00:00:00,37348.7,37554.6,37261.0,37385.9,215259
2023-12-26 00:00:00,37404.1,37662.2,37402.6,37618.3,118259
2023-12-27 00:00:00,37620.1,37733.2,37525.7,37709.9,182798
2023-12-28 00:00:00,37715.2,37801.4,37637.4,37744.3,185288
2023-12-29 00:00:00,37741.4,37808.7,37559.9,37687.7,198984
2024-01-02 00:00:00,37744.9,37855.4,37501.3,37746.2,239477
2024-01-03 00:00:00,37754.2,37759.3,37412.6,37456.3,252025
2024-01-04 00:00:00,37475.6,37726.3,37440.8,37487.7,239427
2024-01-05 00:00:00,37514.5,37631.0,37252.7,37458.8,255581
2024-01-08 00:00:00,37438.9,37713.2,37237.4,37658.3,224013
2024-01-09 00:00:00,37657.2,37669.7,37378.0,37506.3,232923
2024-01-10 00:00:00,37510.6,37758.4,37471.8,37710.3,217053
2024-01-11 00:00:00,37703.9,37817.8,37408.5,37686.5,287518
2024-01-12 00:00:00,37691.5,37817.6,37437.2,37530.2,291913
2024-01-15 00:00:00,37557.4,37633.9,37499.7,37579.7,91481
2024-01-16 00:00:00,37567.0,37579.7,37200.7,37352.8,270507
2024-01-17 00:00:00,37364.3,37375.4,37131.1,37271.9,265723
2024-01-18 00:00:00,37258.3,37524.7,37120.1,37468.0,258865
2024-01-19 00:00:00,37457.2,37945.3,37411.2,37888.5,249638
2024-01-22 00:00:00,37905.8,38134.0,37893.7,38018.6,237092
2024-01-23 00:00:00,38027.3,38046.9,37814.0,37938.5,116043
2024-01-24 00:00:00,37943.8,38096.7,37794.8,37879.6,140616
2024-01-25 00:00:00,37912.2,38068.4,37762.6,38018.2,154318
2024-01-26 00:00:00,37999.0,38231.2,37907.5,38109.0,140513
2024-01-29 00:00:00,38079.5,38371.7,38031.5,38324.0,101065
2024-01-30 00:00:00,38308.0,38523.8,38266.9,38481.8,110422
2024-01-31 00:00:00,38530.9,38606.6,38134.6,38174.4,153643
2024-02-01 00:00:00,38180.9,38552.4,38105.6,38518.7,154864
2024-02-02 00:00:00,38527.0,38791.2,38332.7,38656.0,160502
2024-02-05 00:00:00,38673.8,38714.2,38228.0,38361.8,133066
2024-02-06 00:00:00,38371.1,38555.8,38290.0,38508.1,144988
2024-02-07 00:00:00,38524.7,38771.1,38475.6,38717.2,135897
2024-02-08 00:00:00,38709.6,38767.3,38547.6,38719.9,102923
2024-02-09 00:00:00,38717.1,38903.8,38570.6,38646.9,105233
2024-02-12 00:00:00,38661.7,38954.9,38622.6,38805.7,103345
2024-02-13 00:00:00,38813.8,38846.0,38045.0,38276.8,159611
2024-02-14 00:00:00,38279.0,38475.0,38205.7,38453.0,143863
2024-02-15 00:00:00,38415.5,38786.5,38374.7,38783.0,126683
2024-02-16 00:00:00,38770.6,38827.3,38572.3,38580.3,137557
2024-02-19 00:00:00,38642.1,38682.0,38613.3,38650.1,40407
2024-02-20 00:00:00,38647.7,38675.6,38464.2,38605.4,160181
2024-02-21 00:00:00,38590.9,38694.4,38349.6,38578.9,156104
2024-02-22 00:00:00,38623.4,39168.1,38586.9,39052.7,152322
2024-02-23 00:00:00,39069.9,39302.6,39045.4,39125.4,135773
2024-02-26 00:00:00,39154.2,39268.2,39048.2,39071.0,115321
2024-02-27 00:00:00,39087.6,39136.3,38895.1,38984.4,109153
2024-02-28 00:00:00,38946.3,38968.5,38754.0,38849.8,97800
2024-02-29 00:00:00,38868.4,39078.1,38791.8,38968.9,139997
2024-03-01 00:00:00,38981.6,39130.8,38850.3,39053.3,131137
2024-03-04 00:00:00,39084.4,39102.3,38883.0,38962.1,104142
2024-03-05 00:00:00,38961.8,38975.2,38463.0,38609.3,110259
2024-03-06 00:00:00,38577.4,38874.9,38559.2,38689.4,84139
2024-03-07 00:00:00,38691.2,38918.4,38521.6,38796.7,83442
2024-03-08 00:00:00,38788.0,38976.5,38601.7,38762.0,95986
2024-03-11 00:00:00,38774.5,38809.2,38487.7,38798.8,93567
2024-03-12 00:00:00,38818.7,39088.6,38651.8,39017.4,88000
2024-03-13 00:00:00,39003.9,39233.8,38956.3,39107.9,74548
2024-03-14 00:00:00,39111.8,39246.7,38685.5,38903.8,127346
2024-03-15 00:00:00,38901.2,38981.1,38603.4,38692.7,130361
2024-03-18 00:00:00,38708.0,38911.7,38663.4,38798.0,102351
2024-03-19 00:00:00,38812.0,39136.7,38696.9,39121.5,113414
2024-03-20 00:00:00,39116.6,39574.1,39013.0,39558.4,101271
2024-03-21 00:00:00,39569.3,39910.3,39542.8,39861.1,107835
2024-03-22 00:00:00,39815.8,39867.7,39421.0,39426.3,93719
2024-03-25 00:00:00,39455.9,39472.5,39301.3,39328.9,80598
2024-03-26 00:00:00,39337.5,39448.2,39283.5,39375.5,79062
2024-03-27 00:00:00,39379.2,39813.0,39373.5,39785.7,91174
2024-03-28 00:00:00,39758.4,39878.6,39727.4,39785.4,84835
2024-04-01 00:00:00,39890.2,40022.2,39373.2,39437.2,87212
2024-04-02 00:00:00,39466.1,39475.3,39041.8,39187.9,107236
2024-04-03 00:00:00,39190.4,39309.1,39020.6,39182.2,110435
2024-04-04 00:00:00,39165.7,39427.1,38546.4,38588.7,115165
2024-04-05 00:00:00,38617.0,39045.2,38541.2,38919.7,158724
2024-04-08 00:00:00,38999.6,39033.9,38813.0,38933.1,118634
2024-04-09 00:00:00,38940.7,39004.1,38570.4,38918.7,127354
2024-04-10 00:00:00,38923.4,39045.6,38295.9,38424.9,149602
2024-04-11 00:00:00,38412.6,38589.3,38182.8,38464.1,154612
2024-04-12 00:00:00,38466.6,38552.5,37848.8,37954.1,128167
2024-04-15 00:00:00,38017.1,38373.0,37647.8,37726.1,171024
2024-04-16 00:00:00,37754.5,38025.4,37582.0,37816.8,171571
2024-04-17 00:00:00,37844.0,38004.7,37591.9,37727.5,169214
2024-04-18 00:00:00,37740.4,38066.6,37649.6,37745.4,155302
2024-04-19 00:00:00,37769.5,38090.7,37210.5,37950.3,132120
2024-04-22 00:00:00,38063.3,38447.5,37974.5,38252.8,131245
2024-04-23 00:00:00,38281.3,38561.7,38203.3,38523.3,126580
2024-04-24 00:00:00,38513.7,38579.7,38299.9,38373.2,139115
2024-04-25 00:00:00,38367.7,38422.2,37731.6,38120.2,142397
2024-04-26 00:00:00,38168.2,38326.4,38035.1,38242.7,126916
2024-04-29 00:00:00,38297.8,38404.7,38204.2,38371.0,98778
2024-04-30 00:00:00,38383.3,38388.7,37744.5,37784.8,124703
2024-05-01 00:00:00,37811.7,38350.4,37691.6,37953.4,117180
2024-05-02 00:00:00,37966.8,38470.3,37870.5,38459.0,138316
2024-05-03 00:00:00,38484.2,38794.8,38421.3,38696.2,120577
2024-05-06 00:00:00,38766.8,38883.7,38690.5,38847.8,63068
2024-05-07 00:00:00,38846.7,38989.6,38837.9,38871.9,68661
2024-05-08 00:00:00,38882.5,39104.5,38804.2,39065.0,83020
2024-05-09 00:00:00,39043.6,39453.3,38948.7,39428.6,88692
2024-05-10 00:00:00,39426.3,39585.0,39398.5,39488.8,89126
2024-05-13 00:00:00,39505.2,39665.8,39405.1,39435.9,78635
2024-05-14 00:00:00,39436.8,39628.5,39299.7,39574.8,98459
2024-05-15 00:00:00,39559.5,39957.4,39545.6,39921.2,86905
2024-05-16 00:00:00,39895.1,40055.3,39843.1,39854.6,90627
2024-05-17 00:00:00,39886.5,40015.0,39825.9,40005.0,81104
2024-05-20 00:00:00,40044.0,40095.0,39801.0,39824.8,72872
2024-05-21 00:00:00,39826.9,39922.1,39796.1,39884.9,66677
2024-05-22 00:00:00,39888.0,39925.2,39564.4,39621.2,87494
2024-05-23 00:00:00,39631.5,39778.9,39011.2,39037.8,131739
2024-05-24 00:00:00,39056.9,39217.6,39009.8,39054.1,86755
2024-05-27 00:00:00,39072.2,39139.4,39016.4,39138.1,22687
2024-05-28 00:00:00,39156.0,39156.0,38716.2,38853.0,103132
2024-05-29 00:00:00,38845.4,38847.1,38155.4,38173.9,92024
2024-05-30 00:00:00,38171.9,38220.8,38018.8,38105.4,105660
2024-05-31 00:00:00,38122.9,38767.7,38049.1,38734.7,131685
2024-06-03 00:00:00,38748.4,38834.1,38249.8,38574.1,129697
2024-06-04 00:00:00,38583.2,38800.7,38346.4,38732.0,109392
2024-06-05 00:00:00,38734.8,38865.3,38557.5,38814.3,101715
2024-06-06 00:00:00,38814.3,39026.9,38744.4,38892.7,105298
2024-06-07 00:00:00,38892.7,39115.6,38657.3,38811.9,128970
2024-06-10 00:00:00,38792.4,38897.6,38673.3,38856.4,99416
2024-06-11 00:00:00,38856.4,38890.9,38441.7,38734.5,111784
2024-06-12 00:00:00,38734.5,39157.6,38625.2,38711.2,126878
2024-06-13 00:00:00,38703.6,38735.0,38408.1,38628.9,101504
2024-06-14 00:00:00,38606.4,38648.9,38281.8,38549.1,129711
2024-06-17 00:00:00,38558.3,38859.5,38425.2,38814.3,121192
2024-06-18 00:00:00,38828.9,38958.6,38740.6,38852.9,81859
2024-06-19 00:00:00,38852.9,38881.2,38783.2,38799.4,23412
2024-06-20 00:00:00,38799.4,39268.8,38776.0,39147.1,80101
2024-06-21 00:00:00,39173.7,39274.9,39064.3,39168.2,81426
2024-06-24 00:00:00,39199.1,39606.8,39072.1,39457.1,80976
2024-06-25 00:00:00,39457.1,39542.2,39009.4,39105.2,76538
2024-06-26 00:00:00,39086.8,39207.0,38928.0,39105.6,74894
2024-06-27 00:00:00,39105.6,39274.6,39017.4,39153.4,77377
2024-06-28 00:00:00,39127.8,39452.7,38919.7,39165.5,81213
2024-07-01 00:00:00,39168.7,39456.6,39040.6,39149.9,78942
2024-07-02 00:00:00,39149.9,39354.0,38998.9,39314.5,71094
2024-07-03 00:00:00,39325.6,39430.5,39236.3,39303.8,52510
2024-07-04 00:00:00,39324.2,39454.4,39297.1,39352.4,19926
2024-07-05 00:00:00,39344.1,39396.3,39154.8,39336.6,87656
2024-07-08 00:00:00,39330.6,39689.3,39277.8,39355.1,88870
2024-07-09 00:00:00,39353.1,39504.8,39138.8,39284.6,90763
2024-07-10 00:00:00,39282.6,39753.9,39247.4,39703.9,92155
2024-07-11 00:00:00,39700.7,39895.6,39633.9,39799.4,127132
2024-07-12 00:00:00,39816.1,40274.8,39727.0,40026.8,111271
2024-07-15 00:00:00,40086.5,40375.7,40060.0,40269.0,92898
2024-07-16 00:00:00,40282.6,41028.3,40186.5,40989.6,86681
2024-07-17 00:00:00,41007.7,41276.5,40831.6,41274.2,102542
2024-07-18 00:00:00,41277.6,41414.5,40628.8,40722.8,106382
2024-07-19 00:00:00,40718.8,40747.8,40209.5,40282.6,110742
2024-07-22 00:00:00,40330.8,40499.2,40242.5,40435.5,101464
2024-07-23 00:00:00,40449.2,40554.9,40327.2,40344.2,82892
2024-07-24 00:00:00,40295.6,40334.8,39819.5,39955.8,95011
2024-07-25 00:00:00,39978.9,40457.6,39827.8,40005.7,119097
2024-07-26 00:00:00,40033.5,40773.7,40011.0,40635.5,95572
2024-07-29 00:00:00,40700.2,40849.4,40406.7,40565.0,103251
2024-07-30 00:00:00,40565.0,40901.3,40454.6,40582.6,108330
2024-07-31 00:00:00,40587.5,41237.7,40566.0,40880.2,109208
2024-08-01 00:00:00,40908.4,41122.8,40104.6,40240.6,99549
2024-08-02 00:00:00,40274.4,40274.4,39344.6,39625.4,104829
2024-08-05 00:00:00,39473.0,39593.5,38387.3,38845.3,126867
2024-08-06 00:00:00,38879.7,39451.9,38614.1,38888.9,106835
2024-08-07 00:00:00,38906.5,39475.2,38613.5,38640.0,95700
2024-08-08 00:00:00,38719.2,39525.2,38553.7,39488.7,89696
2024-08-09 00:00:00,39467.9,39624.6,39213.1,39456.9,80523
2024-08-12 00:00:00,39499.8,39614.2,39244.0,39366.5,61412
2024-08-13 00:00:00,39386.4,39805.4,39227.1,39750.9,69395
2024-08-14 00:00:00,39769.0,40080.2,39678.9,40059.0,69185
2024-08-15 00:00:00,40051.3,40611.3,40004.3,40582.8,61146
2024-08-16 00:00:00,40571.2,40729.9,40420.6,40683.7,61659
2024-08-19 00:00:00,40691.9,40929.1,40625.3,40869.4,57522
2024-08-20 00:00:00,40914.3,40972.5,40766.3,40856.6,54873
2024-08-21 00:00:00,40866.2,40993.2,40749.4,40909.2,58033
2024-08-22 00:00:00,40917.9,41043.8,40588.6,40752.6,62083
2024-08-23 00:00:00,40760.5,41216.2,40756.3,41185.5,58929
2024-08-26 00:00:00,41193.0,41447.7,41154.7,41225.0,61213
2024-08-27 00:00:00,41219.7,41314.3,41107.8,41270.4,60696
2024-08-28 00:00:00,41285.8,41381.8,40851.8,41181.6,62435
2024-08-29 00:00:00,41171.6,41604.1,41074.9,41404.9,72747
2024-08-30 00:00:00,41389.0,41578.7,41136.9,41546.7,62091
2024-09-02 00:00:00,41553.9,41577.3,41434.0,41558.6,22852
2024-09-03 00:00:00,41554.8,41558.1,40785.3,40947.6,71423
2024-09-04 00:00:00,40941.7,41184.9,40777.6,40957.2,87300
2024-09-05 00:00:00,40956.3,41100.2,40524.8,40793.8,77772
2024-09-06 00:00:00,40819.2,41016.2,40201.5,40210.0,87491
2024-09-09 00:00:00,40305.0,41021.9,40295.2,40853.5,77414
2024-09-10 00:00:00,40852.0,40945.9,40421.9,40746.5,70993
2024-09-11 00:00:00,40746.1,40915.3,39999.3,40841.1,84181
2024-09-12 00:00:00,40859.2,41127.7,40671.9,41090.9,72377
2024-09-13 00:00:00,41110.9,41544.3,41100.6,41402.6,72331
2024-09-16 00:00:00,41397.2,41761.4,41376.4,41619.2,63024
2024-09-17 00:00:00,41631.8,41855.0,41485.3,41643.3,74189
2024-09-18 00:00:00,41645.8,42005.0,41441.3,41551.8,62112
2024-09-19 00:00:00,41578.3,42178.0,41559.5,42060.3,80450
2024-09-20 00:00:00,42066.3,42137.5,41852.0,42039.3,63862
2024-09-23 00:00:00,42080.2,42183.4,41944.6,42102.0,91878
2024-09-24 00:00:00,42116.4,42286.1,42038.4,42185.9,97878
2024-09-25 00:00:00,42182.3,42314.7,41843.5,41893.3,104586
2024-09-26 00:00:00,41895.8,42237.0,41874.3,42186.8,96590
2024-09-27 00:00:00,42197.7,42653.9,42138.9,42272.7,104869
2024-09-30 00:00:00,42288.4,42382.6,41914.8,42277.1,108684
2024-10-01 00:00:00,42278.5,42330.2,41927.2,42123.5,135319
2024-10-02 00:00:00,42141.7,42259.9,41963.4,42223.2,113125
2024-10-03 00:00:00,42230.8,42259.0,41828.2,41976.0,126190
2024-10-04 00:00:00,41962.3,42345.8,41930.7,42306.3,96460
2024-10-07 00:00:00,42360.2,42401.7,41817.7,41958.7,86917
2024-10-08 00:00:00,41973.4,42132.1,41796.2,42067.2,82362
2024-10-09 00:00:00,42081.1,42574.6,41965.3,42511.9,71373
2024-10-10 00:00:00,42516.1,42556.8,42301.3,42471.3,70375
2024-10-11 00:00:00,42475.8,42899.0,42386.2,42827.5,62056
2024-10-14 00:00:00,42856.5,43158.7,42725.1,43154.7,55739
2024-10-15 00:00:00,43148.2,43190.6,42712.9,42746.7,73356
2024-10-16 00:00:00,42767.6,43121.3,42689.0,43092.1,64568
2024-10-17 00:00:00,43090.0,43307.7,43012.4,43253.0,71319
2024-10-18 00:00:00,43253.1,43338.5,43044.8,43293.8,59011
2024-10-21 00:00:00,43320.3,43346.0,42879.7,42958.5,64482
2024-10-22 00:00:00,42962.5,43059.2,42722.2,42767.2,69474
2024-10-23 00:00:00,42801.4,42844.3,42294.6,42455.9,70471
2024-10-24 00:00:00,42463.1,42534.8,42199.1,42395.4,68950
2024-10-25 00:00:00,42422.8,42605.5,42041.8,42083.8,68035
2024-10-28 00:00:00,42241.0,42504.0,42210.0,42438.8,74076
2024-10-29 00:00:00,42444.1,42516.7,42185.1,42323.7,77799
2024-10-30 00:00:00,42334.0,42486.9,42121.2,42177.0,80492
2024-10-31 00:00:00,42173.2,42188.9,41705.9,41776.2,89948
2024-11-01 00:00:00,41814.1,42333.8,41732.6,42042.1,92349
2024-11-04 00:00:00,41983.0,42136.4,41652.0,41829.3,84981
2024-11-05 00:00:00,41862.1,42314.5,41781.7,42314.0,102784
2024-11-06 00:00:00,42310.5,43836.1,42286.7,43830.3,124434
2024-11-07 00:00:00,43818.5,43897.2,43685.2,43816.3,85919
2024-11-08 00:00:00,43822.6,44180.3,43737.0,44035.6,69798
2024-11-11 00:00:00,44084.3,44527.0,44043.8,44326.8,60808
2024-11-12 00:00:00,44297.1,44450.0,43934.8,43978.8,74992
2024-11-13 00:00:00,43980.1,44179.8,43796.5,44033.1,78011
2024-11-14 00:00:00,44034.8,44154.7,43723.3,43791.8,79688
2024-11-15 00:00:00,43788.4,43789.4,43375.6,43482.9,86026
2024-11-18 00:00:00,43454.4,43545.6,43290.3,43410.9,71974
2024-11-19 00:00:00,43415.6,43520.9,42892.5,43300.6,95439
2024-11-20 00:00:00,43311.8,43492.5,43086.5,43481.1,97709
2024-11-21 00:00:00,43476.7,44052.1,43288.6,43894.7,111128
2024-11-22 00:00:00,43868.9,44364.2,43729.1,44356.7,92292
2024-11-25 00:00:00,44500.9,44846.1,44489.7,44792.4,76684
2024-11-26 00:00:00,44798.3,44931.0,44462.7,44908.0,89938
2024-11-27 00:00:00,44897.4,45042.1,44713.1,44762.9,66241
2024-11-28 00:00:00,44773.8,44899.4,44749.1,44877.6,22707
2024-11-29 00:00:00,44870.4,45102.6,44785.8,44982.9,51880
2024-12-02 00:00:00,44973.5,45055.4,44738.7,44799.5,60510
2024-12-03 00:00:00,44803.7,44910.9,44605.9,44808.7,55648
2024-12-04 00:00:00,44839.9,45105.1,44802.4,45032.4,62173
2024-12-05 00:00:00,45021.3,45090.4,44748.5,44793.5,61438
2024-12-06 00:00:00,44797.6,44926.2,44604.3,44640.8,56782
2024-12-09 00:00:00,44637.1,44757.6,44400.9,44413.6,65933
2024-12-10 00:00:00,44423.3,44502.0,44211.3,44309.6,57612
2024-12-11 00:00:00,44328.8,44397.7,44136.8,44140.8,56357
2024-12-12 00:00:00,44145.2,44233.4,43903.2,43937.5,68120
2024-12-13 00:00:00,43909.2,44057.3,43776.9,43808.7,69728
2024-12-16 00:00:00,43839.4,43971.1,43698.9,43713.9,76569
2024-12-17 00:00:00,43706.1,43755.6,43351.5,43457.6,89654
2024-12-18 00:00:00,43475.6,43712.3,42138.1,42321.1,92406
2024-12-19 00:00:00,42354.8,42746.2,42291.2,42350.5,129673
2024-12-20 00:00:00,42347.9,43174.6,42008.0,42782.9,137029
2024-12-23 00:00:00,42916.8,43014.0,42462.7,42854.0,100619
2024-12-24 00:00:00,42885.8,43204.0,42786.7,43183.5,46371
2024-12-26 00:00:00,43182.9,43302.7,42985.4,43237.5,66163
2024-12-27 00:00:00,43232.2,43273.2,42640.9,42915.2,85815
2024-12-30 00:00:00,42946.6,42965.4,42169.6,42506.6,104567
2024-12-31 00:00:00,42513.8,42694.0,42316.0,42397.2,82394
2025-01-02 00:00:00,42529.3,42854.0,42071.5,42322.1,131023
2025-01-03 00:00:00,42308.0,42686.0,42261.5,42602.8,86985
2025-01-06 00:00:00,42662.8,43031.0,42508.8,42644.8,92390
2025-01-07 00:00:00,42662.3,42841.5,42283.5,42410.8,97468
2025-01-08 00:00:00,42424.6,42577.5,42230.6,42524.6,112505
2025-01-09 00:00:00,42510.5,42550.9,42369.6,42469.4,32655
2025-01-10 00:00:00,42445.1,42552.0,41736.6,41863.6,121094
2025-01-13 00:00:00,41847.8,42235.3,41639.2,42232.6,119566
2025-01-14 00:00:00,42257.7,42502.2,42051.6,42489.7,107712
2025-01-15 00:00:00,42483.0,43253.7,42437.3,43162.5,82737
2025-01-16 00:00:00,43171.9,43261.3,42977.8,43022.6,102041
2025-01-17 00:00:00,43035.7,43566.9,43015.7,43387.2,79838
2025-01-20 00:00:00,43438.4,43721.1,43346.4,43569.9,49008
2025-01-21 00:00:00,43637.0,43996.1,43216.3,43974.6,92993
2025-01-22 00:00:00,43951.6,44144.1,43927.6,44078.4,64687
2025-01-23 00:00:00,44093.2,44491.9,44046.1,44467.2,63170
2025-01-24 00:00:00,44458.4,44508.4,44259.3,44322.9,68518
2025-01-27 00:00:00,44223.2,44688.9,43767.3,44650.7,137371
2025-01-28 00:00:00,44639.3,44925.0,44507.3,44778.3,100711
2025-01-29 00:00:00,44781.6,44911.3,44520.6,44734.6,96196
2025-01-30 00:00:00,44689.2,44969.6,44558.9,44844.9,94572
2025-01-31 00:00:00,44871.2,45013.7,44445.2,44470.3,93262
2025-02-03 00:00:00,43955.9,44624.5,43774.3,44547.5,145835
2025-02-04 00:00:00,44622.1,44627.3,44166.3,44480.1,103031
2025-02-05 00:00:00,44469.2,44873.4,44293.4,44873.2,86212
2025-02-06 00:00:00,44862.1,45010.0,44492.3,44629.8,74674
2025-02-07 00:00:00,44633.9,44798.6,44224.6,44249.1,93173
2025-02-10 00:00:00,44143.2,44583.7,44116.5,44433.1,68508
2025-02-11 00:00:00,44406.3,44602.7,44249.7,44559.5,70935
2025-02-12 00:00:00,44573.6,44594.4,44049.6,44364.4,84656
2025-02-13 00:00:00,44374.7,44742.2,44226.1,44699.2,88284
2025-02-14 00:00:00,44677.5,44723.5,44436.2,44477.5,67691
2025-02-17 00:00:00,44517.1,44627.5,44473.1,44612.5,17873
2025-02-18 00:00:00,44599.9,44620.9,44278.2,44508.3,64488
2025-02-19 00:00:00,44537.4,44598.6,44271.6,44538.9,63745
2025-02-20 00:00:00,44549.3,44561.0,43911.7,44130.8,75330
2025-02-21 00:00:00,44142.4,44216.8,43305.1,43366.4,87696
2025-02-24 00:00:00,43424.5,43732.9,43327.7,43479.7,97525
2025-02-25 00:00:00,43508.8,43757.0,43261.0,43658.8,118482
2025-02-26 00:00:00,43685.1,43854.3,43255.1,43414.8,100316
2025-02-27 00:00:00,43400.9,43877.6,43206.9,43250.9,122587
2025-02-28 00:00:00,43265.8,43842.8,43066.5,43759.3,136861
2025-03-03 00:00:00,43798.0,44034.7,42903.2,43247.0,135441
2025-03-04 00:00:00,43254.5,43286.0,42346.0,42753.8,172240
2025-03-05 00:00:00,42780.2,43126.3,42404.3,42985.1,158440
2025-03-06 00:00:00,42995.1,43030.9,42363.1,42613.4,150669
2025-03-07 00:00:00,42586.6,42888.8,42153.6,42764.6,154507
2025-03-10 00:00:00,42600.6,42664.0,41619.7,41955.0,161352
2025-03-11 00:00:00,41924.5,42085.4,41180.2,41437.5,175147
2025-03-12 00:00:00,41470.2,41986.0,41012.4,41324.9,144631
2025-03-13 00:00:00,41325.8,41457.8,40668.0,40870.3,152423
2025-03-14 00:00:00,40900.3,41526.5,40882.3,41416.3,136258
2025-03-17 00:00:00,41386.7,42028.4,41236.4,41868.5,130312
2025-03-18 00:00:00,41870.7,41910.4,41420.3,41590.1,121578
2025-03-19 00:00:00,41589.8,42198.5,41521.2,41988.3,109848
2025-03-20 00:00:00,41995.2,42262.7,41690.6,41971.2,121752
2025-03-21 00:00:00,41963.8,42005.0,41415.0,41978.5,127220
2025-03-24 00:00:00,42151.2,42647.8,42143.9,42569.4,84118
2025-03-25 00:00:00,42582.3,42708.5,42452.3,42603.1,76472
2025-03-26 00:00:00,42621.2,42834.4,42327.9,42406.2,99581
2025-03-27 00:00:00,42299.3,42570.8,42158.1,42314.4,126570
2025-03-28 00:00:00,42305.1,42369.0,41424.1,41429.1,115603
2025-03-31 00:00:00,41345.9,42143.9,41149.9,41938.2,145992
2025-04-01 00:00:00,41942.1,42141.8,41503.6,41954.4,146607
2025-04-02 00:00:00,41962.5,42566.0,41609.9,41720.8,142565
2025-04-03 00:00:00,41431.9,41544.6,40390.2,40415.7,179784
2025-04-04 00:00:00,40408.8,40474.3,38032.5,38195.8,215787
2025-04-07 00:00:00,37176.5,39169.6,36439.6,38198.1,217610
2025-04-08 00:00:00,38222.1,39398.3,37045.8,37496.1,191460
2025-04-09 00:00:00,37496.1,40783.4,36640.1,40779.1,212737
2025-04-10 00:00:00,40721.3,40895.8,38387.7,39542.3,208458
2025-04-11 00:00:00,39576.1,40374.1,38971.7,40206.9,197733
2025-04-14 00:00:00,40461.0,40768.2,39798.1,40459.3,147243
2025-04-15 00:00:00,40432.0,40789.7,40306.5,40323.5,147524
2025-04-16 00:00:00,40156.0,40502.1,39374.2,39625.7,159305
2025-04-17 00:00:00,39687.9,40084.8,38925.3,39197.9,156173
2025-04-21 00:00:00,39035.2,39056.0,37800.9,38098.2,119772
2025-04-22 00:00:00,38130.3,39257.1,38053.2,39180.2,139367
2025-04-23 00:00:00,39607.0,40359.6,39469.8,39604.9,150956
2025-04-24 00:00:00,39553.2,40217.5,39225.7,40073.6,132530
2025-04-25 00:00:00,40104.3,40200.6,39686.5,40100.3,134393
2025-04-28 00:00:00,40022.0,40407.5,39855.5,40178.8,112391
2025-04-29 00:00:00,40175.2,40624.4,40140.4,40582.7,121196
2025-04-30 00:00:00,40562.8,40783.1,39720.5,40684.1,130400
2025-05-01 00:00:00,40711.4,41081.0,40594.1,40678.8,120143
2025-05-02 00:00:00,40661.6,41371.2,40634.9,41295.0,128887
2025-05-05 00:00:00,41263.7,41435.9,40985.6,41209.2,107915
2025-05-06 00:00:00,41206.5,41233.0,40652.2,40721.7,112395
2025-05-07 00:00:00,40726.9,41267.6,40720.2,41077.7,133463
2025-05-08 00:00:00,41039.9,41773.1,41013.9,41381.9,119042
2025-05-09 00:00:00,41371.4,41506.3,41120.6,41265.9,114629
2025-05-12 00:00:00,41749.2,42471.6,41586.5,42430.8,132286
2025-05-13 00:00:00,42424.1,42444.9,42110.1,42143.9,113166
2025-05-14 00:00:00,42168.8,42256.2,41943.5,42023.8,110343
2025-05-15 00:00:00,42009.4,42370.4,41759.3,42345.4,113489
2025-05-16 00:00:00,42321.7,42659.9,42229.1,42383.7,92960
2025-05-19 00:00:00,42359.5,42845.0,42240.2,42786.3,112560
2025-05-20 00:00:00,42772.6,42877.1,42478.3,42647.1,98316
2025-05-21 00:00:00,42648.3,42655.3,41768.8,41800.8,124411
2025-05-22 00:00:00,41792.7,42097.4,41616.4,41922.0,122063
2025-05-23 00:00:00,41947.7,41949.1,41157.4,41549.2,133468
2025-05-26 00:00:00,41592.3,42110.9,41586.2,42072.7,44083
2025-05-27 00:00:00,42072.0,42410.8,41885.0,42406.0,93458
2025-05-28 00:00:00,42395.5,42457.2,42046.4,42127.0,95995
2025-05-29 00:00:00,42106.1,42722.6,41823.5,42183.6,139074
2025-05-30 00:00:00,42167.8,42375.0,41892.5,42198.3,127353
2025-06-02 00:00:00,42140.1,42355.3,41844.4,42312.3,128770
2025-06-03 00:00:00,42320.5,42582.9,42058.9,42535.7,94391
2025-06-04 00:00:00,42538.2,42659.4,42418.7,42423.2,94065
2025-06-05 00:00:00,42417.7,42678.9,42208.7,42338.0,112675
2025-06-06 00:00:00,42314.5,42927.2,42297.5,42780.5,106395
2025-06-09 00:00:00,42826.2,42902.7,42565.7,42777.0,79857
2025-06-10 00:00:00,42766.3,42932.7,42637.7,42853.3,96657
2025-06-11 00:00:00,42850.3,43127.5,42725.2,42864.8,108156
2025-06-12 00:00:00,42846.9,42977.3,42564.5,42926.9,100874
2025-06-13 00:00:00,42923.3,42923.6,42071.5,42194.3,158808
2025-06-16 00:00:00,42011.3,42724.5,41990.9,42529.8,106344
2025-06-17 00:00:00,42547.0,42563.7,42134.7,42227.7,114856
2025-06-18 00:00:00,42170.0,42519.7,42082.5,42185.8,104684
2025-06-19 00:00:00,42175.7,42186.2,41754.6,41781.9,53714
2025-06-20 00:00:00,41912.6,42430.1,41912.6,42242.4,115398
2025-06-23 00:00:00,41868.7,42619.2,41849.7,42607.5,114151
2025-06-24 00:00:00,42595.1,43205.0,42589.3,43096.8,94134
2025-06-25 00:00:00,43090.2,43162.0,42870.4,42987.0,73544
2025-06-26 00:00:00,42978.4,43453.6,42973.4,43424.4,68837
2025-06-27 00:00:00,43461.5,43995.2,43450.5,43961.5,78693
2025-06-30 00:00:00,43961.9,44165.8,43912.1,44067.9,75275
2025-07-01 00:00:00,44073.0,44646.2,44015.4,44549.0,89390
2025-07-02 00:00:00,44544.6,44695.8,44378.1,44527.6,83157
2025-07-03 00:00:00,44506.7,44901.4,44475.4,44831.1,54701
2025-07-04 00:00:00,44797.5,44817.0,44520.4,44578.7,38699
2025-07-07 00:00:00,44722.4,44879.3,44176.4,44317.2,93390
2025-07-08 00:00:00,44328.7,44468.8,44225.1,44260.4,90053
2025-07-09 00:00:00,44272.2,44588.9,44181.0,44485.7,79579
2025-07-10 00:00:00,44473.3,44803.5,44327.2,44634.8,69551
2025-07-11 00:00:00,44641.5,44707.5,44277.5,44341.0,94383
2025-07-14 00:00:00,44149.3,44489.5,44108.2,44460.8,74699
2025-07-15 00:00:00,44452.0,44616.8,43972.5,43979.0,91152
2025-07-16 00:00:00,43998.2,44276.9,43771.4,44210.2,94035
2025-07-17 00:00:00,44223.9,44574.6,44154.8,44528.6,74248
2025-07-18 00:00:00,44513.7,44659.3,44223.9,44329.2,71731
2025-07-21 00:00:00,44330.1,44622.8,44301.4,44397.1,56196
2025-07-22 00:00:00,44413.9,44563.4,44238.3,44558.2,69036
2025-07-23 00:00:00,44573.7,45054.4,44537.7,44930.4,82804
2025-07-24 00:00:00,44923.4,44957.8,44691.8,44763.4,71688
2025-07-25 00:00:00,44769.2,44956.9,44650.1,44911.2,60432
2025-07-28 00:00:00,45107.6,45159.7,44760.3,44848.6,62151
2025-07-29 00:00:00,44866.3,44973.9,44589.5,44626.8,74417
2025-07-30 00:00:00,44645.2,44769.4,44279.9,44520.7,79475
2025-07-31 00:00:00,44536.0,44717.9,44073.9,44141.0,97190
2025-08-01 00:00:00,44161.5,44196.3,43336.5,43591.3,139936
2025-08-04 00:00:00,43588.8,44278.6,43520.8,44277.3,93168
2025-08-05 00:00:00,44278.1,44325.6,43934.8,44149.1,90525
2025-08-06 00:00:00,44167.9,44381.3,44026.1,44213.4,93800
2025-08-07 00:00:00,44186.1,44517.0,43806.3,44017.1,106679
2025-08-08 00:00:00,44013.8,44285.8,43984.1,44244.1,80924
2025-08-11 00:00:00,44245.2,44329.2,43922.4,43978.2,73675
2025-08-12 00:00:00,43985.6,44521.6,43944.9,44476.9,83672
2025-08-13 00:00:00,44473.6,44992.6,44428.6,44940.9,68286
2025-08-14 00:00:00,44943.8,45070.3,44700.8,45043.8,77447
2025-08-15 00:00:00,45064.9,45291.3,44905.1,44935.4,74796
2025-08-18 00:00:00,44981.2,45055.2,44839.6,44922.7,67496
2025-08-19 00:00:00,44932.4,45225.1,44772.5,44961.1,71787
2025-08-20 00:00:00,44980.4,45063.4,44771.6,44953.2,92893
2025-08-21 00:00:00,44945.3,44967.8,44586.0,44819.1,93069
2025-08-22 00:00:00,44831.5,45773.7,44679.6,45657.5,85463
2025-08-25 00:00:00,45688.8,45689.1,45282.3,45340.3,62280
2025-08-26 00:00:00,45348.5,45470.2,45127.4,45467.5,82076
2025-08-27 00:00:00,45460.5,45646.9,45397.1,45597.7,62155
2025-08-28 00:00:00,45591.7,45755.8,45457.1,45615.4,84983
2025-08-29 00:00:00,45588.8,45624.8,45370.5,45572.6,75844
2025-09-01 00:00:00,45608.7,45701.9,45482.6,45592.6,39384
2025-09-02 00:00:00,45561.8,45592.6,44948.5,45258.3,109812
2025-09-03 00:00:00,45273.6,45329.0,44987.8,45226.1,85243
2025-09-04 00:00:00,45171.6,45660.6,45167.3,45645.6,76006
2025-09-05 00:00:00,45637.3,45781.0,45208.3,45411.3,95613
2025-09-08 00:00:00,45419.5,45557.0,45288.2,45542.5,77655
2025-09-09 00:00:00,45558.2,45779.9,45442.9,45676.5,77175
2025-09-10 00:00:00,45653.0,45810.6,45387.9,45495.0,82941
2025-09-11 00:00:00,45493.1,46154.3,45487.8,46122.1,80441
2025-09-12 00:00:00,46134.2,46147.2,45814.4,45838.4,65545
2025-09-15 00:00:00,45839.1,45986.8,45777.1,45862.1,76584
2025-09-16 00:00:00,45868.2,45972.9,45665.7,45790.0,73522
2025-09-17 00:00:00,45793.1,46288.3,45690.3,46042.6,85077
2025-09-18 00:00:00,46044.6,46378.5,45956.6,46208.1,89846
2025-09-19 00:00:00,46218.4,46401.6,46060.8,46279.7,88899
2025-09-22 00:00:00,46282.9,46465.1,46045.1,46390.4,73991
2025-09-23 00:00:00,46388.2,46742.4,46234.1,46332.7,76436
2025-09-24 00:00:00,46345.0,46481.7,46108.7,46176.0,74726
2025-09-25 00:00:00,46183.6,46237.9,45797.6,45981.9,97552
2025-09-26 00:00:00,45982.9,46370.1,45938.7,46269.7,99545
2025-09-29 00:00:00,46291.0,46508.6,46165.7,46307.0,78149
2025-09-30 00:00:00,46319.3,46445.5,46118.0,46326.3,93017
2025-10-01 00:00:00,46356.2,46550.2,46070.1,46431.7,90556
2025-10-02 00:00:00,46444.9,46606.1,46284.1,46541.6,79077
2025-10-03 00:00:00,46541.3,47067.2,46504.5,46785.3,78589
2025-10-06 00:00:00,46812.5,46902.7,46433.4,46701.1,127696
2025-10-07 00:00:00,46712.5,46888.0,46453.9,46628.0,130323
2025-10-08 00:00:00,46651.0,46844.2,46516.1,46640.6,118632
2025-10-09 00:00:00,46645.8,46698.3,46270.7,46365.5,127525
2025-10-10 00:00:00,46386.1,46649.0,45185.8,45224.3,110954
2025-10-13 00:00:00,45839.4,46167.6,45747.6,46063.6,129686
2025-10-14 00:00:00,46105.2,46531.9,45454.9,46261.5,150024
2025-10-15 00:00:00,46285.0,46710.2,46031.2,46279.0,122037
2025-10-16 00:00:00,46344.8,46500.7,45787.2,45926.8,137579
2025-10-17 00:00:00,45937.0,46324.7,45412.2,46233.8,164472
2025-10-20 00:00:00,46315.2,46775.9,46129.2,46767.7,93400
2025-10-21 00:00:00,46775.7,47155.2,46632.9,46981.2,91170
2025-10-22 00:00:00,46950.1,47027.0,46472.5,46541.8,114404
2025-10-23 00:00:00,46550.5,46822.1,46433.6,46712.0,145134
2025-10-24 00:00:00,46722.1,47334.0,46717.1,47210.7,122557
2025-10-27 00:00:00,47529.1,47608.3,47382.4,47587.7,114942
2025-10-28 00:00:00,47580.8,47961.3,47528.8,47723.5,124550
2025-10-29 00:00:00,47714.1,48056.7,47459.8,47600.0,133826
2025-10-30 00:00:00,47609.5,48031.3,47401.5,47593.6,181466
2025-10-31 00:00:00,47603.8,47717.3,47343.4,47566.1,152144
2025-11-03 00:00:00,47615.2,47741.7,47134.3,47319.7,137270
2025-11-04 00:00:00,47333.8,47337.9,46851.4,47165.8,177735
2025-11-05 00:00:00,47203.5,47466.4,46956.4,47355.8,178390
2025-11-06 00:00:00,47326.4,47369.0,46767.6,46971.9,171142
2025-11-07 00:00:00,47017.1,47057.7,46483.0,47055.9,190424
2025-11-10 00:00:00,47107.6,47412.7,46933.2,47366.8,146691
2025-11-11 00:00:00,47372.0,47993.1,47323.8,47959.3,146124
2025-11-12 00:00:00,47926.6,48427.6,47918.8,48289.8,143974
2025-11-13 00:00:00,48287.1,48399.1,47398.4,47482.6,176440
2025-11-14 00:00:00,47501.6,47547.1,46845.3,47175.1,198850
2025-11-17 00:00:00,47146.9,47293.7,46430.4,46631.1,176803
2025-11-18 00:00:00,46604.1,46677.3,45909.7,46031.0,213049
2025-11-19 00:00:00,46085.6,46306.9,45903.9,46163.8,199526
2025-11-20 00:00:00,46154.3,46859.6,45710.2,45764.8,194043
2025-11-21 00:00:00,45778.9,46571.9,45697.4,46282.0,224651
2025-11-24 00:00:00,46465.3,46587.6,46099.3,46460.6,168575
2025-11-25 00:00:00,46430.7,47166.0,46319.7,47110.4,165483
2025-11-26 00:00:00,47106.8,47552.5,47095.4,47429.6,144184
2025-11-27 00:00:00,47444.9,47474.3,47379.0,47415.7,50250
2025-11-28 00:00:00,47420.5,47732.9,47420.5,47680.9,38597
2025-12-01 00:00:00,47700.3,47725.1,47262.2,47286.6,153356
2025-12-02 00:00:00,47278.1,47594.4,47193.8,47480.9,143266
2025-12-03 00:00:00,47498.4,48013.1,47363.3,47978.8,132892
2025-12-04 00:00:00,47912.7,48050.6,47678.3,47827.9,132337
2025-12-05 00:00:00,47834.0,48104.1,47738.7,47929.7,127439
2025-12-08 00:00:00,47963.4,47994.7,47597.2,47740.3,123613
2025-12-09 00:00:00,47727.6,47945.0,47521.4,47535.3,130759
2025-12-10 00:00:00,47542.0,48186.5,47446.3,48102.6,137123
2025-12-11 00:00:00,48113.4,48774.6,47809.3,48761.9,160288
2025-12-12 00:00:00,48822.0,48867.0,48310.2,48475.9,151513
2025-12-15 00:00:00,48483.2,48717.7,48261.7,48425.9,137562
2025-12-16 00:00:00,48444.6,48511.1,47907.9,48046.9,172919
2025-12-17 00:00:00,48086.1,48374.5,47832.6,47918.7,169626
2025-12-18 00:00:00,47884.3,48373.2,47791.6,47902.2,172024
2025-12-19 00:00:00,47903.7,48281.9,47777.1,48137.2,155108
2025-12-22 00:00:00,48253.3,48442.1,48114.0,48334.5,107092
2025-12-23 00:00:00,48346.6,48518.0,48196.3,48403.7,98257
2025-12-24 00:00:00,48418.0,48765.3,48363.4,48701.1,57804
2025-12-26 00:00:00,48720.3,48765.2,48556.5,48688.2,82102
2025-12-29 00:00:00,48719.2,48761.1,48374.8,48471.8,111964
2025-12-30 00:00:00,48470.5,48483.9,48288.9,48394.5,100016
2025-12-31 00:00:00,48400.3,48411.8,48150.5,48156.5,86187
2026-01-02 00:00:00,48117.3,48379.8,47820.7,48322.5,129593
2026-01-05 00:00:00,48386.8,49207.6,48303.1,48971.3,141232
2026-01-06 00:00:00,48967.4,49507.4,48837.5,49488.3,121942
2026-01-07 00:00:00,49490.5,49616.6,48924.0,48980.9,122750
2026-01-08 00:00:00,49011.5,49355.2,48755.4,49334.7,140331
2026-01-09 00:00:00,49338.6,49557.2,49171.9,49482.0,130825
2026-01-12 00:00:00,49494.6,49623.7,48983.2,49529.9,133590
2026-01-13 00:00:00,49543.3,49676.6,49051.2,49159.9,130709
2026-01-14 00:00:00,49155.7,49180.5,48839.2,49066.9,152165
2026-01-15 00:00:00,49094.8,49587.8,49050.8,49442.8,145645
2026-01-16 00:00:00,49452.3,49589.3,49215.5,49344.4,128014
2026-01-19 00:00:00,48984.5,49120.7,48853.8,48948.1,87333
2026-01-20 00:00:00,48930.4,48977.4,48410.1,48532.1,181989
2026-01-21 00:00:00,48539.3,49288.2,48298.7,49082.2,173408
2026-01-22 00:00:00,49116.8,49608.0,49063.4,49313.7,154554
2026-01-23 00:00:00,49333.4,49434.3,48933.7,48991.0,146780
2026-01-26 00:00:00,48804.0,49471.1,48678.2,49218.9,151153
2026-01-27 00:00:00,49229.8,49400.0,48844.7,48965.5,126664
2026-01-28 00:00:00,48961.8,49132.1,48833.5,48966.7,152215
2026-01-29 00:00:00,48983.2,49290.8,48570.5,48965.9,182297
2026-01-30 00:00:00,48964.9,49018.5,48421.4,48836.7,211782
2026-02-02 00:00:00,48710.1,49474.6,48379.0,49368.2,208247
2026-02-03 00:00:00,49367.3,49641.2,48809.2,49238.0,174666
2026-02-04 00:00:00,49270.6,49642.6,49099.8,49435.8,180648
2026-02-05 00:00:00,49416.2,49576.2,48732.7,48766.8,208058
2026-02-06 00:00:00,48774.6,50163.5,48600.8,50086.4,197113
2026-02-09 00:00:00,50182.5,50245.9,49815.5,50098.3,78956
2026-02-10 00:00:00,50099.9,50505.5,50002.3,50228.3,71439
2026-02-11 00:00:00,50254.3,50494.9,49888.3,50120.2,156932
2026-02-12 00:00:00,50125.6,50437.9,49412.3,49466.9,171408
2026-02-13 00:00:00,49465.2,49726.9,49067.4,49433.2,204780
2026-02-16 00:00:00,49472.3,49749.4,49434.7,49534.5,84773
2026-02-17 00:00:00,49543.6,49722.4,49170.2,49551.5,183070
2026-02-18 00:00:00,49541.7,49893.1,49418.6,49638.9,150128
2026-02-19 00:00:00,49618.1,49714.9,49185.4,49348.7,160941
2026-02-20 00:00:00,49372.3,49702.7,49139.6,49608.7,166571
2026-02-23 00:00:00,49558.3,49705.5,48719.5,48827.7,168140
2026-02-24 00:00:00,48858.7,49288.8,48749.9,49145.7,159122
2026-02-25 00:00:00,49161.6,49527.9,49077.4,49447.1,141176
2026-02-26 00:00:00,49481.1,49826.6,49223.7,49318.7,157937
2026-02-27 00:00:00,49246.4,49347.9,48652.5,48864.0,180101
2026-03-02 00:00:00,48376.5,49059.6,48106.8,48858.7,200795
2026-03-03 00:00:00,48845.8,48870.0,47617.8,48423.2,242017
2026-03-04 00:00:00,48426.6,48863.2,48213.7,48746.4,233130
2026-03-05 00:00:00,48718.5,48826.7,47553.9,47874.3,222771
2026-03-06 00:00:00,47898.8,48073.4,46976.0,47441.6,221454
2026-03-09 00:00:00,47069.6,47880.8,46294.2,47700.8,239669
2026-03-10 00:00:00,47710.6,48222.2,47432.3,47715.7,233032
2026-03-11 00:00:00,47741.7,47931.7,47172.8,47346.2,190766
2026-03-12 00:00:00,47331.2,47344.1,46662.2,46732.2,198606
2026-03-13 00:00:00,46723.0,47110.2,46409.8,46502.1,212244
2026-03-16 00:00:00,46399.7,47192.4,46386.6,46933.1,199936
2026-03-17 00:00:00,46915.9,47421.5,46661.8,46998.1,178016
2026-03-18 00:00:00,47020.0,47303.4,46037.2,46080.8,174647
2026-03-19 00:00:00,46153.0,46300.1,45716.2,46082.0,203030
2026-03-20 00:00:00,46092.9,46229.7,45346.5,45784.1,190189
2026-03-23 00:00:00,45242.7,46913.0,45159.8,46214.7,245964
2026-03-24 00:00:00,46207.4,46598.2,45741.8,46395.2,188152
2026-03-25 00:00:00,46414.5,46745.1,46190.7,46411.6,195530
2026-03-26 00:00:00,46430.9,46554.0,45889.3,46032.3,190303
2026-03-27 00:00:00,46070.8,46237.9,44997.6,45053.7,197224
2026-03-30 00:00:00,44966.8,45666.7,44810.4,45202.4,201437
2026-03-31 00:00:00,45214.8,46385.5,45045.4,46302.8,229151
2026-04-01 00:00:00,46277.9,46802.5,46256.9,46574.1,188164
2026-04-02 00:00:00,46565.9,46737.5,45827.5,46493.7,195448
2026-04-03 00:00:00,46507.1,46637.0,46349.5,46396.5,34883
2026-04-06 00:00:00,46269.9,46808.1,46121.1,46769.4,152188
2026-04-07 00:00:00,46762.7,46809.3,46192.0,46638.5,197929
2026-04-08 00:00:00,46819.2,48038.9,46613.4,47883.2,186680
2026-04-09 00:00:00,47850.9,48320.8,47667.6,48165.4,159358
2026-04-10 00:00:00,48154.2,48277.9,47838.8,47934.1,135680
2026-04-13 00:00:00,47424.0,48237.0,47315.0,48226.5,67443
2026-04-14 00:00:00,48209.0,48592.0,48132.0,48567.5,56346
2026-04-15 00:00:00,48519.0,48693.4,48272.0,48488.5,53627
2026-04-16 00:00:00,48490.0,48664.0,48325.0,48620.0,51824
2026-04-17 00:00:00,48608.5,49719.0,48608.5,49468.0,59576
2026-04-20 00:00:00,49037.5,49535.0,48891.0,49495.0,78659
2026-04-21 00:00:00,49492.0,49849.0,49037.0,49318.0,85234
2026-04-22 00:00:00,49312.5,49620.0,49238.0,49302.0,76242
2026-04-23 00:00:00,49338.0,49519.0,48854.0,49203.0,105490
2026-04-24 00:00:00,49240.5,49416.0,49061.0,49245.0,85251
2026-04-27 00:00:00,49184.0,49355.0,49028.0,49181.0,63761
2026-04-28 00:00:00,49186.5,49387.0,49066.0,49186.0,80639
2026-04-29 00:00:00,49195.0,49259.0,48630.0,48645.0,81523
2026-04-30 00:00:00,48645.9,49773.0,48453.0,49745.0,98192
2026-05-01 00:00:00,49761.5,49989.0,49448.0,49448.0,59709
2026-05-04 00:00:00,49607.0,49676.0,48894.0,48949.0,90645
2026-05-05 00:00:00,48971.5,49356.0,48941.0,49272.0,63341
2026-05-06 00:00:00,49243.5,50019.0,49235.5,49906.0,90602
2026-05-07 00:00:00,49940.5,50126.0,49474.0,49528.5,84680
2026-05-08 00:00:00,49490.0,49841.0,49469.0,49627.0,75934
2026-05-11 00:00:00,49487.0,49767.0,49372.0,49707.0,72909
2026-05-12 00:00:00,49695.5,49824.0,49298.0,49763.0,85083
2026-05-13 00:00:00,49764.0,49821.0,49445.0,49807.0,71658
2026-05-14 00:00:00,49810.5,50207.0,49787.0,50057.0,76693
2026-05-15 00:00:00,50058.5,50068.0,49346.5,49401.0,103519
2026-05-18 00:00:00,49374.5,49777.0,49084.0,49678.0,124873
2026-05-19 00:00:00,49676.0,49765.0,49252.0,49356.0,112015
2026-05-20 00:00:00,49366.5,50091.0,49228.0,49982.0,113306
2026-05-21 00:00:00,49968.0,50404.0,49710.0,50334.5,108450
2026-05-22 00:00:00,50348.5,50847.0,50343.0,50565.0,81776
2026-05-25 00:00:00,50858.0,51167.0,50822.0,51097.0,30591
2026-05-26 00:00:00,51072.0,51091.0,50379.0,50473.0,71278
2026-05-27 00:00:00,50478.0,50855.0,50461.0,50753.0,71606
2026-05-28 00:00:00,50768.5,50818.0,50353.0,50727.0,75892
2026-05-29 00:00:00,50737.0,51112.0,50675.0,51024.0,68907
2026-06-01 00:00:00,51017.5,51353.0,50794.0,51092.0,69934
2026-06-02 00:00:00,51032.5,51406.0,50806.5,51391.0,68705
2026-06-03 00:00:00,51385.5,51389.9,50710.0,50720.0,74734
2026-06-04 00:00:00,50752.5,51722.0,50723.0,51640.0,87880
2026-06-05 00:00:00,51643.0,51797.0,50718.0,50774.0,101874
2026-06-08 00:00:00,50766.5,51327.0,50621.9,50820.0,138035
2026-06-09 00:00:00,50829.5,51316.0,50269.0,50863.0,137996
2026-06-10 00:00:00,50872.5,50910.0,49878.5,49913.0,154867
2026-06-11 00:00:00,49906.5,51025.0,49762.0,50919.0,156203
2026-06-12 00:00:00,50908.5,51462.0,50846.0,51242.0,151170
2026-06-15 00:00:00,51528.5,52027.0,51492.9,51786.0,90587
2026-06-16 00:00:00,51801.0,52289.0,51731.0,52101.0,82162
2026-06-17 00:00:00,52082.5,52390.7,51496.0,51700.0,92882
2026-06-18 00:00:00,51719.0,52037.0,51626.0,51710.0,106033
2026-06-19 00:00:00,51722.5,51731.0,51459.9,51549.0,44627
2026-06-22 00:00:00,51512.5,51989.0,51392.3,51856.0,102596
2026-06-23 00:00:00,51867.5,51974.0,51378.5,51815.0,119338
2026-06-24 00:00:00,51791.5,52374.0,51634.0,52096.0,131552
2026-06-25 00:00:00,52088.5,52797.0,51923.0,52162.0,118896
2026-06-26 00:00:00,52145.0,52253.0,51720.0,51926.0,143815
2026-06-29 00:00:00,51930.5,52431.0,51923.0,52283.0,112046
2026-06-30 00:00:00,52286.0,52493.0,52114.0,52313.0,89056
2026-07-01 00:00:00,52319.0,52842.0,52119.0,52338.0,91088
2026-07-02 00:00:00,52357.5,52954.0,52287.0,52901.0,101987
2026-07-03 00:00:00,52894.5,53143.0,52813.0,52899.0,34203
2026-07-06 00:00:00,52959.5,53159.0,52706.0,53149.0,74556
2026-07-07 00:00:00,53157.5,53407.0,52833.0,52937.0,77921
2026-07-08 00:00:00,52922.5,52972.0,52108.0,52333.0,115158
2026-07-09 00:00:00,52326.5,52636.0,52273.0,52502.0,83205
2026-07-10 00:00:00,52517.0,52762.0,52288.0,52761.0,64407
2026-07-13 00:00:00,52628.0,52905.0,52396.0,52519.0,89877
2026-07-14 00:00:00,52516.5,52777.7,52053.0,52598.0,114334
2026-07-15 00:00:00,52594.5,52888.0,52483.0,52707.0,78045
2026-07-16 00:00:00,52720.5,52915.0,52421.0,52550.0,89679
2026-07-17 00:00:00,52593.5,52650.0,51995.0,52206.0,109611
2026-07-20 00:00:00,52128.0,52456.0,51823.0,51916.0,104320
2026-07-21 00:00:00,51939.0,52424.0,51869.0,52248.0,76025
2026-07-22 00:00:00,52266.5,52560.7,52106.0,52336.0,94200
2026-07-23 00:00:00,52298.5,52359.0,51577.0,51753.0,109341
2026-07-24 00:00:00,51755.5,52160.0,51695.5,51937.5,100459
2026-07-27 00:00:00,52222.0,52651.0,52034.0,52272.0,98233
2026-07-28 00:00:00,52286.0,52968.0,52152.0,52780.5,105654
2026-07-29 00:00:00,52781.5,52893.0,52275.0,52278.0,62426
