time,open,high,low,close,volume
2005-01-03 00:00:00,102.64,103.48,102.35,102.79,8600
2005-01-04 00:00:00,102.8,104.82,102.43,104.55,9503
2005-01-05 00:00:00,104.55,105.03,103.75,104.16,9118
2005-01-06 00:00:00,104.15,105.2,103.89,105.01,9744
2005-01-07 00:00:00,105.0,105.17,103.86,104.76,9685
2005-01-08 00:00:00,104.75,104.92,104.75,104.92,64
2005-01-10 00:00:00,104.83,104.85,104.08,104.32,7837
2005-01-11 00:00:00,104.33,104.36,103.11,103.33,8965
2005-01-12 00:00:00,103.32,103.56,102.14,102.43,9085
2005-01-13 00:00:00,102.44,102.87,102.24,102.4,8790
2005-01-14 00:00:00,102.4,103.18,101.77,102.05,9717
2005-01-15 00:00:00,102.03,102.14,101.98,102.06,57
2005-01-17 00:00:00,102.04,102.21,101.67,102.12,7337
2005-01-18 00:00:00,102.13,103.02,102.11,102.27,8879
2005-01-19 00:00:00,102.28,102.99,102.03,102.79,8880
2005-01-20 00:00:00,102.79,103.62,102.48,103.41,9580
2005-01-21 00:00:00,103.41,103.94,102.6,102.69,8965
2005-01-22 00:00:00,102.67,102.74,102.56,102.66,107
2005-01-24 00:00:00,102.83,103.03,102.53,102.64,7944
2005-01-25 00:00:00,102.63,104.36,102.5,104.05,8943
2005-01-26 00:00:00,104.04,104.14,102.76,103.08,8824
2005-01-27 00:00:00,103.09,103.55,102.71,102.81,8722
2005-01-28 00:00:00,102.82,103.79,102.36,103.29,8917
2005-01-29 00:00:00,103.29,103.36,103.27,103.31,56
2005-01-31 00:00:00,103.68,103.82,103.34,103.69,7849
2005-02-01 00:00:00,103.7,104.11,103.49,103.7,8223
2005-02-02 00:00:00,103.68,104.1,103.35,103.59,8155
2005-02-03 00:00:00,103.59,104.75,103.58,104.5,8847
2005-02-04 00:00:00,104.49,104.64,103.47,104.11,9258
2005-02-05 00:00:00,104.11,104.14,104.06,104.11,29
2005-02-07 00:00:00,104.6,105.08,104.04,104.83,8187
2005-02-08 00:00:00,104.82,105.97,104.78,105.85,8904
2005-02-09 00:00:00,105.85,106.0,105.32,105.63,8921
2005-02-10 00:00:00,105.63,106.88,105.35,105.85,9153
2005-02-11 00:00:00,105.86,105.95,105.48,105.71,8004
2005-02-12 00:00:00,105.71,105.77,105.67,105.72,54
2005-02-14 00:00:00,105.5,105.61,104.65,105.12,8027
2005-02-15 00:00:00,105.11,105.39,104.29,104.42,8682
2005-02-16 00:00:00,104.42,105.75,104.4,105.43,9043
2005-02-17 00:00:00,105.44,105.82,105.16,105.55,8271
2005-02-18 00:00:00,105.55,105.9,105.2,105.63,7930
2005-02-19 00:00:00,105.65,105.76,105.61,105.67,59
2005-02-21 00:00:00,105.77,105.83,105.4,105.58,6842
2005-02-22 00:00:00,105.57,105.62,103.82,104.04,8763
2005-02-23 00:00:00,104.06,105.13,103.91,104.83,8727
2005-02-24 00:00:00,104.83,105.61,104.6,105.4,8937
2005-02-25 00:00:00,105.39,105.6,105.01,105.21,8317
2005-02-26 00:00:00,105.23,105.26,105.07,105.24,90
2005-02-28 00:00:00,105.23,105.3,104.09,104.65,8302
2005-03-01 00:00:00,104.61,104.8,104.14,104.37,8218
2005-03-02 00:00:00,104.38,105.17,104.31,104.74,8691
2005-03-03 00:00:00,104.74,105.4,104.71,105.28,8084
2005-03-04 00:00:00,105.28,105.59,104.33,104.78,8215
2005-03-05 00:00:00,104.78,104.85,104.76,104.81,73
2005-03-07 00:00:00,104.77,105.39,104.53,105.2,7326
2005-03-08 00:00:00,105.14,105.21,104.35,104.68,7656
2005-03-09 00:00:00,104.68,104.79,103.65,103.97,8770
2005-03-10 00:00:00,103.96,104.36,103.71,104.13,8837
2005-03-11 00:00:00,104.13,104.32,103.72,103.99,9010
2005-03-12 00:00:00,104.0,104.11,103.87,104.04,100
2005-03-14 00:00:00,103.91,105.21,103.7,104.85,8289
2005-03-15 00:00:00,104.86,105.04,104.15,104.56,8781
2005-03-16 00:00:00,104.56,104.72,103.9,104.14,8762
2005-03-17 00:00:00,104.17,104.91,104.05,104.53,8776
2005-03-18 00:00:00,104.54,105.08,104.49,104.74,8067
2005-03-19 00:00:00,104.74,104.78,104.73,104.75,38
2005-03-21 00:00:00,104.77,105.52,104.66,105.19,8176
2005-03-22 00:00:00,105.19,105.7,104.84,105.63,8678
2005-03-23 00:00:00,105.65,106.21,105.26,105.95,9058
2005-03-24 00:00:00,105.93,106.6,105.9,106.33,8496
2005-03-25 00:00:00,106.33,106.54,106.26,106.4,6524
2005-03-26 00:00:00,106.37,106.39,106.37,106.39,3
2005-03-28 00:00:00,106.35,107.39,106.34,107.21,7922
2005-03-29 00:00:00,107.21,107.63,106.94,107.57,8533
2005-03-30 00:00:00,107.57,107.71,107.12,107.53,8547
2005-03-31 00:00:00,107.54,107.6,106.64,107.22,8800
2005-04-01 00:00:00,107.21,107.79,106.75,107.58,9057
2005-04-02 00:00:00,107.57,107.63,107.54,107.56,223
2005-04-04 00:00:00,107.67,108.43,107.58,108.3,8069
2005-04-05 00:00:00,108.3,108.91,108.07,108.16,8177
2005-04-06 00:00:00,108.17,108.81,107.86,108.68,8589
2005-04-07 00:00:00,108.67,108.81,108.09,108.62,8377
2005-04-08 00:00:00,108.63,108.9,108.19,108.24,7989
2005-04-09 00:00:00,108.24,108.25,108.16,108.18,77
2005-04-11 00:00:00,108.32,108.55,107.63,107.85,7918
2005-04-12 00:00:00,107.87,108.49,107.51,107.74,8618
2005-04-13 00:00:00,107.73,107.86,107.14,107.35,8288
2005-04-14 00:00:00,107.36,108.44,107.25,108.19,8668
2005-04-15 00:00:00,108.21,108.57,107.46,107.79,9338
2005-04-16 00:00:00,107.78,107.9,107.74,107.74,88
2005-04-18 00:00:00,107.64,108.07,107.26,107.49,8130
2005-04-19 00:00:00,107.49,107.55,106.72,106.75,10741
2005-04-20 00:00:00,106.74,107.52,106.6,106.86,11283
2005-04-21 00:00:00,106.86,107.45,106.69,106.96,11101
2005-04-22 00:00:00,106.94,107.01,105.75,106.02,11107
2005-04-23 00:00:00,106.0,106.08,105.93,105.98,106
2005-04-25 00:00:00,105.56,106.09,105.48,105.67,10301
2005-04-26 00:00:00,105.68,106.2,105.57,106.02,10403
2005-04-27 00:00:00,106.01,106.43,105.68,105.86,10726
2005-04-28 00:00:00,105.86,106.32,105.53,106.11,10565
2005-04-29 00:00:00,106.11,106.17,104.61,104.76,11181
2005-04-30 00:00:00,104.77,104.78,104.64,104.68,115
2005-05-02 00:00:00,105.06,105.46,104.9,105.04,9294
2005-05-03 00:00:00,105.03,105.38,104.86,105.09,10118
2005-05-04 00:00:00,105.06,105.15,104.2,104.56,10992
2005-05-05 00:00:00,104.55,104.71,104.22,104.47,10485
2005-05-06 00:00:00,104.44,105.12,104.43,105.07,10521
2005-05-07 00:00:00,105.05,105.08,105.0,105.05,53
2005-05-09 00:00:00,105.11,105.72,105.08,105.62,9562
2005-05-10 00:00:00,105.62,105.99,105.38,105.57,10142
2005-05-11 00:00:00,105.54,105.97,104.89,105.75,10828
2005-05-12 00:00:00,105.77,106.94,105.69,106.77,11019
2005-05-13 00:00:00,106.77,107.46,106.66,107.31,10903
2005-05-14 00:00:00,107.3,107.35,107.13,107.28,110
2005-05-16 00:00:00,107.29,107.82,106.7,106.75,10316
2005-05-17 00:00:00,106.72,107.58,106.56,107.54,11101
2005-05-18 00:00:00,107.53,107.81,106.76,106.97,11054
2005-05-19 00:00:00,106.98,107.7,106.95,107.63,10718
2005-05-20 00:00:00,107.63,108.33,107.34,108.16,10321
2005-05-21 00:00:00,108.17,108.2,108.12,108.17,59
2005-05-23 00:00:00,108.21,108.34,107.54,107.66,9986
2005-05-24 00:00:00,107.62,107.84,107.22,107.61,10358
2005-05-25 00:00:00,107.61,107.91,107.27,107.72,10157
2005-05-26 00:00:00,107.72,108.3,107.58,107.96,10922
2005-05-27 00:00:00,107.96,108.12,107.72,107.91,8729
2005-05-28 00:00:00,107.92,107.97,107.88,107.97,16
2005-05-30 00:00:00,108.01,108.18,107.72,108.01,8756
2005-05-31 00:00:00,108.01,108.61,107.69,108.59,11158
2005-06-01 00:00:00,108.56,108.88,108.12,108.79,11367
2005-06-02 00:00:00,108.78,108.82,108.09,108.3,11206
2005-06-03 00:00:00,108.32,108.33,107.46,107.69,11359
2005-06-04 00:00:00,107.68,107.74,107.61,107.68,84
2005-06-06 00:00:00,107.72,107.88,106.71,106.93,10713
2005-06-07 00:00:00,106.94,107.07,106.5,106.65,10576
2005-06-08 00:00:00,106.61,107.42,106.51,107.32,12089
2005-06-09 00:00:00,107.3,107.79,107.08,107.47,11743
2005-06-10 00:00:00,107.43,108.7,107.3,108.67,11814
2005-06-11 00:00:00,108.66,108.72,108.62,108.68,124
2005-06-13 00:00:00,108.64,109.71,108.44,109.58,12163
2005-06-14 00:00:00,109.58,109.64,109.07,109.5,11977
2005-06-15 00:00:00,109.51,109.74,109.12,109.21,11945
2005-06-16 00:00:00,109.2,109.43,108.65,108.92,12358
2005-06-17 00:00:00,108.9,109.12,108.5,108.57,11535
2005-06-18 00:00:00,108.59,108.61,108.52,108.55,71
2005-06-20 00:00:00,108.92,109.63,108.6,109.32,10400
2005-06-21 00:00:00,109.35,109.52,108.15,108.2,12188
2005-06-22 00:00:00,108.2,109.17,108.15,108.84,11980
2005-06-23 00:00:00,108.88,108.99,108.4,108.91,11743
2005-06-24 00:00:00,108.88,109.43,108.86,109.03,11459
2005-06-25 00:00:00,109.04,109.09,108.98,109.06,81
2005-06-27 00:00:00,109.21,109.47,109.12,109.26,10882
2005-06-28 00:00:00,109.25,110.1,109.19,110.03,11901
2005-06-29 00:00:00,110.04,110.68,109.72,110.44,12382
2005-06-30 00:00:00,110.42,111.02,109.99,110.93,12639
2005-07-01 00:00:00,110.93,111.83,110.6,111.77,11612
2005-07-02 00:00:00,111.77,111.8,111.73,111.78,52
2005-07-04 00:00:00,111.8,111.91,111.32,111.63,9020
2005-07-05 00:00:00,111.63,112.16,111.44,111.77,11599
2005-07-06 00:00:00,111.73,112.32,111.44,112.18,10979
2005-07-07 00:00:00,112.18,112.37,111.46,112.08,12050
2005-07-08 00:00:00,112.07,112.6,111.78,112.2,11085
2005-07-09 00:00:00,112.16,112.25,112.08,112.19,95
2005-07-11 00:00:00,112.22,112.29,111.68,111.82,11478
2005-07-12 00:00:00,111.83,111.86,110.75,110.79,12867
2005-07-13 00:00:00,110.79,112.31,110.78,111.89,12392
2005-07-14 00:00:00,111.87,112.41,111.64,112.35,12494
2005-07-15 00:00:00,112.35,112.43,111.74,112.18,11908
2005-07-16 00:00:00,112.19,112.25,112.14,112.23,57
2005-07-18 00:00:00,112.27,112.38,111.48,111.96,9565
2005-07-19 00:00:00,111.98,113.02,111.83,112.69,11221
2005-07-20 00:00:00,112.7,113.73,112.43,112.91,12676
2005-07-21 00:00:00,112.91,112.93,109.86,110.29,13010
2005-07-22 00:00:00,110.26,111.48,110.15,111.36,13355
2005-07-23 00:00:00,111.37,111.42,111.32,111.36,65
2005-07-25 00:00:00,111.4,112.01,111.29,111.5,10840
2005-07-26 00:00:00,111.5,112.64,111.37,112.52,12314
2005-07-27 00:00:00,112.53,112.83,112.14,112.42,12042
2005-07-28 00:00:00,112.45,112.9,111.96,112.11,10872
2005-07-29 00:00:00,112.12,112.55,111.92,112.5,11959
2005-07-30 00:00:00,112.5,112.78,112.49,112.74,128
2005-08-01 00:00:00,112.65,112.78,111.7,112.25,10081
2005-08-02 00:00:00,112.26,112.41,111.11,111.48,11675
2005-08-03 00:00:00,111.48,111.96,110.98,111.07,10700
2005-08-04 00:00:00,111.09,111.64,110.75,111.25,10991
2005-08-05 00:00:00,111.24,112.22,111.11,111.93,11417
2005-08-06 00:00:00,111.93,111.97,111.83,111.85,117
2005-08-08 00:00:00,112.22,112.64,111.55,112.17,11246
2005-08-09 00:00:00,112.19,112.26,111.66,111.89,11479
2005-08-10 00:00:00,111.89,112.01,110.38,110.67,11946
2005-08-11 00:00:00,110.67,110.76,109.57,109.69,12648
2005-08-12 00:00:00,109.71,109.99,109.3,109.39,12166
2005-08-13 00:00:00,109.39,109.42,109.37,109.39,72
2005-08-15 00:00:00,109.44,109.83,109.2,109.27,10663
2005-08-16 00:00:00,109.24,109.7,109.02,109.55,12045
2005-08-17 00:00:00,109.54,110.11,109.38,109.94,12055
2005-08-18 00:00:00,109.93,110.71,109.73,110.53,11183
2005-08-19 00:00:00,110.54,110.85,110.3,110.47,10462
2005-08-20 00:00:00,110.46,110.53,110.43,110.49,82
2005-08-22 00:00:00,110.45,110.58,109.38,109.8,10658
2005-08-23 00:00:00,109.74,110.2,109.6,109.9,10749
2005-08-24 00:00:00,109.87,110.77,109.87,110.21,11047
2005-08-25 00:00:00,110.24,110.48,109.76,110.06,11073
2005-08-26 00:00:00,110.03,110.42,109.36,110.18,11325
2005-08-27 00:00:00,110.18,110.21,110.08,110.08,51
2005-08-29 00:00:00,110.13,110.74,109.83,110.62,10403
2005-08-30 00:00:00,110.63,111.64,110.47,111.24,11559
2005-08-31 00:00:00,111.24,111.81,110.37,110.6,11847
2005-09-01 00:00:00,110.61,110.95,109.6,109.81,11365
2005-09-02 00:00:00,109.81,110.08,109.21,109.79,11495
2005-09-03 00:00:00,109.79,109.9,109.78,109.85,43
2005-09-05 00:00:00,109.73,109.83,108.76,109.15,10367
2005-09-06 00:00:00,109.17,109.86,109.12,109.68,11787
2005-09-07 00:00:00,109.7,110.32,109.41,110.15,11647
2005-09-08 00:00:00,110.11,110.66,109.99,110.52,11051
2005-09-09 00:00:00,110.51,110.79,109.48,109.65,10594
2005-09-10 00:00:00,109.65,109.83,109.65,109.7,55
2005-09-12 00:00:00,109.19,110.41,109.14,110.36,10275
2005-09-13 00:00:00,110.36,111.07,110.12,110.65,11406
2005-09-14 00:00:00,110.64,110.84,109.88,110.37,11433
2005-09-15 00:00:00,110.37,110.76,110.15,110.66,11394
2005-09-16 00:00:00,110.63,111.5,110.45,111.34,11082
2005-09-17 00:00:00,111.34,111.37,111.26,111.33,27
2005-09-19 00:00:00,111.5,111.7,111.17,111.54,9295
2005-09-20 00:00:00,111.55,112.04,111.12,111.96,10690
2005-09-21 00:00:00,111.96,112.05,110.97,111.32,11563
2005-09-22 00:00:00,111.29,111.84,111.05,111.72,11183
2005-09-23 00:00:00,111.72,112.53,111.04,112.47,9950
2005-09-24 00:00:00,112.48,112.54,112.47,112.53,46
2005-09-26 00:00:00,112.46,112.63,112.08,112.18,10376
2005-09-27 00:00:00,112.19,113.55,112.12,113.3,11743
2005-09-28 00:00:00,113.31,113.48,112.87,113.09,11601
2005-09-29 00:00:00,113.11,113.26,112.66,113.02,11368
2005-09-30 00:00:00,113.02,113.72,112.91,113.49,11902
2005-10-01 00:00:00,113.48,114.01,113.47,114.01,121
2005-10-03 00:00:00,113.52,114.39,113.43,114.13,11177
2005-10-04 00:00:00,114.12,114.42,114.0,114.26,12286
2005-10-05 00:00:00,114.27,114.44,113.56,114.0,11803
2005-10-06 00:00:00,113.98,114.22,113.01,113.31,12839
2005-10-07 00:00:00,113.31,114.05,113.13,113.8,11652
2005-10-08 00:00:00,113.79,113.92,113.79,113.86,19
2005-10-10 00:00:00,113.75,114.32,113.54,114.1,8242
2005-10-11 00:00:00,114.11,114.64,113.82,114.56,9173
2005-10-12 00:00:00,114.56,114.79,114.24,114.38,9061
2005-10-13 00:00:00,114.39,115.11,114.21,114.49,9642
2005-10-14 00:00:00,114.5,114.92,113.86,114.09,9983
2005-10-15 00:00:00,114.11,114.12,114.04,114.09,34
2005-10-17 00:00:00,114.18,114.98,113.75,114.93,12091
2005-10-18 00:00:00,114.94,115.96,114.9,115.69,10357
2005-10-19 00:00:00,115.68,116.0,115.25,115.43,9242
2005-10-20 00:00:00,115.43,115.79,115.26,115.31,9535
2005-10-21 00:00:00,115.31,116.0,114.97,115.9,9192
2005-10-22 00:00:00,115.9,115.98,115.86,115.92,42
2005-10-24 00:00:00,115.89,116.0,115.06,115.45,8008
2005-10-25 00:00:00,115.45,115.76,114.61,115.06,9380
2005-10-26 00:00:00,115.02,115.95,114.91,115.87,9338
2005-10-27 00:00:00,115.87,116.25,114.85,115.45,9794
2005-10-28 00:00:00,115.46,115.71,115.08,115.7,8866
2005-10-29 00:00:00,115.7,115.74,115.61,115.61,64
2005-10-31 00:00:00,115.72,116.49,115.53,116.4,8468
2005-11-01 00:00:00,116.41,116.79,116.37,116.74,9239
2005-11-02 00:00:00,116.74,117.01,116.55,116.89,8661
2005-11-03 00:00:00,116.9,117.42,116.8,117.2,8656
2005-11-04 00:00:00,117.2,118.36,117.14,118.31,8877
2005-11-05 00:00:00,118.32,118.42,118.27,118.27,58
2005-11-07 00:00:00,118.32,118.4,117.45,117.71,8413
2005-11-08 00:00:00,117.68,117.99,117.09,117.28,8878
2005-11-09 00:00:00,117.29,117.77,116.86,117.51,8839
2005-11-10 00:00:00,117.52,118.28,117.34,118.21,8995
2005-11-11 00:00:00,118.23,118.24,117.63,118.01,8090
2005-11-12 00:00:00,118.02,118.12,117.92,118.01,120
2005-11-14 00:00:00,118.07,118.92,117.85,118.82,8342
2005-11-15 00:00:00,118.83,119.43,118.7,118.91,8872
2005-11-16 00:00:00,118.92,119.59,118.81,119.21,9277
2005-11-17 00:00:00,119.2,119.31,118.47,118.81,9196
2005-11-18 00:00:00,118.82,119.4,118.68,119.11,8993
2005-11-19 00:00:00,119.14,119.14,119.05,119.14,77
2005-11-21 00:00:00,119.19,119.46,118.54,119.05,8724
2005-11-22 00:00:00,119.04,119.53,118.65,118.75,9389
2005-11-23 00:00:00,118.74,119.05,118.2,118.71,9445
2005-11-24 00:00:00,118.72,118.99,118.54,118.93,8252
2005-11-25 00:00:00,118.94,119.71,118.89,119.63,8108
2005-11-26 00:00:00,119.62,119.66,119.62,119.64,10
2005-11-28 00:00:00,119.68,119.96,118.33,118.86,8609
2005-11-29 00:00:00,118.86,119.71,118.78,119.67,9548
2005-11-30 00:00:00,119.68,119.89,119.22,119.82,8874
2005-12-01 00:00:00,119.82,120.75,119.67,120.63,9028
2005-12-02 00:00:00,120.63,121.24,120.19,120.6,9537
2005-12-03 00:00:00,120.58,120.72,120.39,120.48,166
2005-12-05 00:00:00,121.15,121.42,120.7,120.82,8869
2005-12-06 00:00:00,120.82,121.29,120.75,120.88,9113
2005-12-07 00:00:00,120.87,121.2,120.57,121.04,8935
2005-12-08 00:00:00,121.04,121.18,119.96,120.34,9207
2005-12-09 00:00:00,120.32,120.77,120.29,120.65,8664
2005-12-10 00:00:00,120.65,120.68,120.57,120.68,75
2005-12-12 00:00:00,120.83,121.08,119.52,119.77,8951
2005-12-13 00:00:00,119.78,120.47,119.63,119.95,9173
2005-12-14 00:00:00,119.95,120.22,116.7,117.38,10413
2005-12-15 00:00:00,117.38,117.71,115.8,116.23,10592
2005-12-16 00:00:00,116.22,116.53,115.61,115.68,10292
2005-12-17 00:00:00,115.68,115.73,115.58,115.73,121
2005-12-19 00:00:00,115.57,116.59,115.51,116.14,8610
2005-12-20 00:00:00,116.13,117.31,115.96,117.24,9327
2005-12-21 00:00:00,117.23,117.56,116.75,117.37,9229
2005-12-22 00:00:00,117.37,117.67,116.41,116.7,8969
2005-12-23 00:00:00,116.68,116.93,116.12,116.26,8673
2005-12-24 00:00:00,116.27,116.3,116.17,116.24,37
2005-12-26 00:00:00,116.49,116.6,115.99,116.3,5206
2005-12-27 00:00:00,116.36,117.46,116.29,117.43,8094
2005-12-28 00:00:00,117.44,117.97,116.97,117.92,8949
2005-12-29 00:00:00,117.93,118.0,117.69,117.83,8194
2005-12-30 00:00:00,117.85,118.19,117.0,117.75,9128
2005-12-31 00:00:00,117.75,117.76,117.69,117.69,25
2006-01-02 00:00:00,117.89,118.07,117.54,117.91,4907
2006-01-03 00:00:00,117.93,117.93,116.0,116.19,9374
2006-01-04 00:00:00,116.18,116.47,115.58,116.12,9786
2006-01-05 00:00:00,116.11,116.49,115.74,115.92,9296
2006-01-06 00:00:00,115.93,116.31,114.22,114.48,9626
2006-01-07 00:00:00,114.48,114.51,114.37,114.42,81
2006-01-09 00:00:00,114.56,114.78,113.77,114.49,8888
2006-01-10 00:00:00,114.49,114.8,114.1,114.35,9074
2006-01-11 00:00:00,114.35,114.91,113.9,114.15,9203
2006-01-12 00:00:00,114.16,114.44,113.41,114.4,9729
2006-01-13 00:00:00,114.39,114.82,114.14,114.17,9362
2006-01-14 00:00:00,114.18,114.37,114.14,114.32,91
2006-01-16 00:00:00,114.11,115.13,113.78,114.96,7837
2006-01-17 00:00:00,114.96,115.94,114.57,115.48,8947
2006-01-18 00:00:00,115.47,115.91,114.8,115.22,9916
2006-01-19 00:00:00,115.25,115.6,114.93,115.4,9128
2006-01-20 00:00:00,115.43,115.7,114.95,115.32,8909
2006-01-21 00:00:00,115.32,115.33,115.25,115.25,67
2006-01-23 00:00:00,115.16,115.32,114.14,114.42,9450
2006-01-24 00:00:00,114.41,114.89,114.32,114.7,8875
2006-01-25 00:00:00,114.69,116.0,114.64,115.84,9486
2006-01-26 00:00:00,115.83,116.56,115.44,116.48,9207
2006-01-27 00:00:00,116.46,117.46,116.12,117.29,9556
2006-01-28 00:00:00,117.29,117.44,117.28,117.44,93
2006-01-30 00:00:00,117.27,117.84,117.0,117.6,8161
2006-01-31 00:00:00,117.61,117.81,116.69,117.18,9441
2006-02-01 00:00:00,117.19,118.18,117.06,118.01,9019
2006-02-02 00:00:00,118.01,118.68,117.87,118.58,9275
2006-02-03 00:00:00,118.58,119.42,118.32,118.9,8886
2006-02-04 00:00:00,118.91,118.96,118.86,118.86,51
2006-02-06 00:00:00,118.88,119.13,118.47,119.04,8500
2006-02-07 00:00:00,119.01,119.2,117.61,117.91,8986
2006-02-08 00:00:00,117.92,118.83,117.54,118.54,9241
2006-02-09 00:00:00,118.54,118.93,118.28,118.86,8947
2006-02-10 00:00:00,118.85,118.96,116.88,117.88,10036
2006-02-11 00:00:00,117.88,117.89,117.65,117.77,80
2006-02-13 00:00:00,117.79,118.29,117.52,117.77,8566
2006-02-14 00:00:00,117.77,117.81,117.12,117.4,9035
2006-02-15 00:00:00,117.39,118.14,116.74,117.9,9409
2006-02-16 00:00:00,117.89,118.28,117.53,117.6,9129
2006-02-17 00:00:00,117.6,118.88,117.32,118.06,9718
2006-02-18 00:00:00,118.06,118.14,118.02,118.14,37
2006-02-20 00:00:00,118.28,118.32,117.92,118.26,7435
2006-02-21 00:00:00,118.25,119.01,118.23,118.69,8718
2006-02-22 00:00:00,118.69,118.92,118.31,118.56,8739
2006-02-23 00:00:00,118.54,118.57,116.77,117.14,10140
2006-02-24 00:00:00,117.12,117.18,116.42,116.9,9776
2006-02-25 00:00:00,116.88,116.91,116.7,116.78,61
2006-02-27 00:00:00,117.06,117.18,115.66,116.15,9479
2006-02-28 00:00:00,116.14,116.51,115.7,115.74,9406
2006-03-01 00:00:00,115.74,116.34,115.45,116.1,9509
2006-03-02 00:00:00,116.1,116.44,115.78,115.87,9427
2006-03-03 00:00:00,115.86,116.82,115.56,116.4,9251
2006-03-04 00:00:00,116.4,116.44,116.34,116.41,45
2006-03-06 00:00:00,116.38,117.71,116.04,117.58,8708
2006-03-07 00:00:00,117.57,118.08,117.35,117.87,10569
2006-03-08 00:00:00,117.86,118.06,117.32,117.86,10036
2006-03-09 00:00:00,117.85,118.46,117.08,118.21,10897
2006-03-10 00:00:00,118.21,119.16,117.96,119.03,10094
2006-03-11 00:00:00,119.04,119.07,118.92,118.94,82
2006-03-13 00:00:00,118.92,119.21,118.75,118.77,9671
2006-03-14 00:00:00,118.77,118.81,117.25,117.61,10437
2006-03-15 00:00:00,117.61,117.8,117.13,117.37,9446
2006-03-16 00:00:00,117.36,117.92,116.76,116.82,9969
2006-03-17 00:00:00,116.81,117.0,115.7,115.92,10434
2006-03-18 00:00:00,115.9,115.94,115.88,115.92,15
2006-03-20 00:00:00,116.05,116.45,115.5,116.4,9815
2006-03-21 00:00:00,116.39,117.38,116.24,117.27,9911
2006-03-22 00:00:00,117.27,117.42,116.57,117.02,10003
2006-03-23 00:00:00,117.02,117.98,116.72,117.87,9961
2006-03-24 00:00:00,117.85,118.52,117.39,117.45,9959
2006-03-25 00:00:00,117.44,117.48,117.43,117.45,23
2006-03-27 00:00:00,117.57,117.68,116.4,116.79,9199
2006-03-28 00:00:00,116.81,118.08,116.25,117.88,10695
2006-03-29 00:00:00,117.89,118.24,117.49,117.72,9539
2006-03-30 00:00:00,117.72,117.97,117.11,117.35,10047
2006-03-31 00:00:00,117.36,118.16,117.14,117.71,9969
2006-04-01 00:00:00,117.72,117.81,117.6,117.79,254
2006-04-03 00:00:00,117.74,118.83,117.57,117.69,9781
2006-04-04 00:00:00,117.68,117.97,117.23,117.54,10281
2006-04-05 00:00:00,117.54,117.79,116.68,117.42,10561
2006-04-06 00:00:00,117.41,117.99,117.26,117.76,9851
2006-04-07 00:00:00,117.77,118.42,117.41,118.3,9906
2006-04-08 00:00:00,118.28,118.39,118.19,118.37,80
2006-04-10 00:00:00,118.18,118.72,117.87,118.34,8437
2006-04-11 00:00:00,118.34,118.92,118.18,118.28,9525
2006-04-12 00:00:00,118.3,118.63,117.81,118.55,9704
2006-04-13 00:00:00,118.52,118.86,118.32,118.55,10267
2006-04-14 00:00:00,118.57,118.76,118.43,118.7,7082
2006-04-15 00:00:00,118.68,118.7,118.64,118.64,5
2006-04-17 00:00:00,118.56,118.58,117.52,117.79,8372
2006-04-18 00:00:00,117.79,118.24,117.06,117.14,10373
2006-04-19 00:00:00,117.16,117.97,116.75,117.3,11189
2006-04-20 00:00:00,117.28,117.92,117.22,117.57,10234
2006-04-21 00:00:00,117.58,117.79,116.55,116.57,10562
2006-04-22 00:00:00,116.58,116.61,116.46,116.48,93
2006-04-24 00:00:00,115.69,115.99,114.23,114.61,10163
2006-04-25 00:00:00,114.61,115.03,114.28,114.82,10376
2006-04-26 00:00:00,114.81,115.4,114.61,114.74,10253
2006-04-27 00:00:00,114.76,115.14,113.82,114.13,10423
2006-04-28 00:00:00,114.12,114.5,113.65,113.86,10420
2006-04-29 00:00:00,113.84,113.86,113.75,113.83,75
2006-05-01 00:00:00,113.67,113.86,112.34,113.38,9112
2006-05-02 00:00:00,113.36,114.05,113.08,113.33,10050
2006-05-03 00:00:00,113.33,113.89,112.88,113.57,9691
2006-05-04 00:00:00,113.58,114.21,113.24,113.67,10223
2006-05-05 00:00:00,113.66,114.04,112.24,112.57,9292
2006-05-06 00:00:00,112.57,112.61,112.53,112.6,30
2006-05-08 00:00:00,111.93,112.21,110.97,111.62,9755
2006-05-09 00:00:00,111.63,111.96,110.87,111.05,9745
2006-05-10 00:00:00,111.05,111.28,110.1,110.53,10264
2006-05-11 00:00:00,110.53,111.54,110.1,110.73,10400
2006-05-12 00:00:00,110.74,110.75,109.31,110.01,10531
2006-05-13 00:00:00,110.0,110.07,109.99,110.07,53
2006-05-15 00:00:00,109.64,110.61,109.33,110.52,10463
2006-05-16 00:00:00,110.51,110.89,109.65,109.75,10510
2006-05-17 00:00:00,109.76,111.36,108.97,111.0,10655
2006-05-18 00:00:00,110.99,111.27,110.31,110.82,10478
2006-05-19 00:00:00,110.82,112.26,110.42,111.69,10554
2006-05-20 00:00:00,111.7,111.74,111.69,111.7,38
2006-05-22 00:00:00,111.84,112.96,111.28,111.52,10172
2006-05-23 00:00:00,111.54,112.01,110.96,112.0,10247
2006-05-24 00:00:00,112.0,112.99,111.62,112.94,11580
2006-05-25 00:00:00,112.95,112.99,111.67,111.79,9901
2006-05-26 00:00:00,111.78,112.85,111.46,112.65,10202
2006-05-27 00:00:00,112.62,112.67,112.62,112.67,5
2006-05-29 00:00:00,112.67,112.73,112.14,112.45,8088
2006-05-30 00:00:00,112.47,112.83,111.62,112.13,10556
2006-05-31 00:00:00,112.14,112.72,111.44,112.64,10430
2006-06-01 00:00:00,112.64,113.4,112.36,112.7,10518
2006-06-02 00:00:00,112.69,112.95,111.32,111.74,10236
2006-06-03 00:00:00,111.74,111.79,111.7,111.75,43
2006-06-05 00:00:00,111.66,112.32,111.43,112.24,9324
2006-06-06 00:00:00,112.24,113.58,112.06,113.33,10443
2006-06-07 00:00:00,113.33,113.71,112.91,113.57,10204
2006-06-08 00:00:00,113.57,114.74,113.37,114.23,10513
2006-06-09 00:00:00,114.24,114.36,113.54,113.94,10126
2006-06-10 00:00:00,113.94,114.01,113.9,113.98,70
2006-06-12 00:00:00,114.1,114.6,113.96,114.37,8879
2006-06-13 00:00:00,114.38,115.46,114.25,115.4,10257
2006-06-14 00:00:00,115.41,115.44,114.46,115.07,10086
2006-06-15 00:00:00,115.06,115.23,114.63,114.76,9778
2006-06-16 00:00:00,114.76,115.22,114.54,115.19,9304
2006-06-17 00:00:00,115.18,115.21,115.16,115.19,63
2006-06-19 00:00:00,115.23,115.79,115.14,115.55,9199
2006-06-20 00:00:00,115.54,115.65,114.62,114.99,9425
2006-06-21 00:00:00,114.96,115.25,114.36,114.9,9245
2006-06-22 00:00:00,114.92,116.31,114.67,116.12,9518
2006-06-23 00:00:00,116.13,116.61,115.76,116.59,9370
2006-06-24 00:00:00,116.58,116.6,116.41,116.45,132
2006-06-26 00:00:00,116.49,116.57,116.09,116.25,8276
2006-06-27 00:00:00,116.27,116.72,115.86,116.29,9346
2006-06-28 00:00:00,116.29,116.51,116.05,116.48,9070
2006-06-29 00:00:00,116.49,116.65,114.84,115.19,9619
2006-06-30 00:00:00,115.2,115.25,114.17,114.44,9957
2006-07-01 00:00:00,114.43,114.53,114.33,114.43,71
2006-07-03 00:00:00,114.33,114.97,114.09,114.68,8946
2006-07-04 00:00:00,114.7,114.84,114.37,114.82,9013
2006-07-05 00:00:00,114.81,115.81,114.57,115.73,10251
2006-07-06 00:00:00,115.75,115.75,114.88,115.13,10113
2006-07-07 00:00:00,115.13,115.32,113.82,114.04,9720
2006-07-08 00:00:00,114.03,114.18,113.97,113.97,55
2006-07-10 00:00:00,113.88,114.29,113.44,114.27,8757
2006-07-11 00:00:00,114.29,114.71,113.91,114.25,9695
2006-07-12 00:00:00,114.25,115.74,114.17,115.5,10115
2006-07-13 00:00:00,115.52,115.54,114.97,115.39,9533
2006-07-14 00:00:00,115.4,116.42,115.33,116.15,10586
2006-07-15 00:00:00,116.13,116.14,116.07,116.11,39
2006-07-17 00:00:00,116.38,117.31,116.14,117.24,8692
2006-07-18 00:00:00,117.24,117.61,116.68,117.35,9725
2006-07-19 00:00:00,117.32,117.89,116.64,116.9,9845
2006-07-20 00:00:00,116.9,117.09,116.54,117.06,9392
2006-07-21 00:00:00,117.05,117.15,115.82,116.19,9583
2006-07-22 00:00:00,116.18,116.2,116.06,116.06,133
2006-07-24 00:00:00,116.17,116.95,116.15,116.68,9294
2006-07-25 00:00:00,116.63,117.42,116.52,117.24,9269
2006-07-26 00:00:00,117.24,117.27,116.17,116.28,9838
2006-07-27 00:00:00,116.27,116.45,115.29,115.79,10166
2006-07-28 00:00:00,115.8,116.04,114.61,114.65,9896
2006-07-29 00:00:00,114.64,114.75,114.61,114.75,70
2006-07-31 00:00:00,114.68,114.86,114.17,114.67,8972
2006-08-01 00:00:00,114.68,115.4,114.48,114.57,10323
2006-08-02 00:00:00,114.57,114.9,114.2,114.69,9881
2006-08-03 00:00:00,114.69,115.32,114.53,115.01,10038
2006-08-04 00:00:00,115.0,115.57,113.97,114.45,9829
2006-08-05 00:00:00,114.45,114.48,114.42,114.45,52
2006-08-07 00:00:00,114.23,115.17,114.16,115.14,8642
2006-08-08 00:00:00,115.14,115.39,114.56,115.3,9587
2006-08-09 00:00:00,115.31,115.76,114.78,115.39,9688
2006-08-10 00:00:00,115.39,115.64,114.66,115.26,10639
2006-08-11 00:00:00,115.26,116.46,115.11,116.31,10164
2006-08-12 00:00:00,116.31,116.4,116.23,116.4,69
2006-08-14 00:00:00,116.37,116.77,116.16,116.74,8320
2006-08-15 00:00:00,116.76,116.76,115.84,116.06,9641
2006-08-16 00:00:00,116.06,116.39,115.63,115.86,9183
2006-08-17 00:00:00,115.86,116.2,115.18,115.99,9922
2006-08-18 00:00:00,116.0,116.11,115.45,115.81,9626
2006-08-19 00:00:00,115.81,115.85,115.76,115.81,56
2006-08-21 00:00:00,115.76,115.99,115.34,115.85,8677
2006-08-22 00:00:00,115.86,116.86,115.82,116.53,9915
2006-08-23 00:00:00,116.53,116.66,116.08,116.43,9079
2006-08-24 00:00:00,116.42,116.61,116.15,116.54,9266
2006-08-25 00:00:00,116.53,117.43,116.42,117.28,9692
2006-08-26 00:00:00,117.28,117.36,117.22,117.23,128
2006-08-28 00:00:00,117.29,117.35,116.86,117.22,8807
2006-08-29 00:00:00,117.22,117.27,116.51,116.64,9773
2006-08-30 00:00:00,116.65,117.3,116.58,117.18,9760
2006-08-31 00:00:00,117.18,117.51,116.9,117.41,10257
2006-09-01 00:00:00,117.39,117.5,117.05,117.1,9415
2006-09-02 00:00:00,117.1,117.17,116.94,117.1,69
2006-09-04 00:00:00,116.95,117.05,115.88,116.09,8450
2006-09-05 00:00:00,116.08,116.21,115.57,116.07,9638
2006-09-06 00:00:00,116.07,116.92,115.95,116.66,9945
2006-09-07 00:00:00,116.67,117.09,115.96,116.39,9848
2006-09-08 00:00:00,116.42,117.05,116.09,116.96,10038
2006-09-09 00:00:00,116.98,116.98,116.86,116.91,69
2006-09-11 00:00:00,116.95,117.8,116.61,117.68,9034
2006-09-12 00:00:00,117.68,118.17,117.37,117.96,9778
2006-09-13 00:00:00,117.95,118.04,117.35,117.68,9641
2006-09-14 00:00:00,117.69,117.79,117.3,117.6,9855
2006-09-15 00:00:00,117.6,118.13,117.35,117.55,9687
2006-09-16 00:00:00,117.54,117.61,117.51,117.55,54
2006-09-18 00:00:00,117.47,118.31,117.46,117.93,9210
2006-09-19 00:00:00,117.94,118.14,116.99,117.75,10022
2006-09-20 00:00:00,117.75,117.79,116.97,117.47,9894
2006-09-21 00:00:00,117.47,117.5,116.22,116.42,10136
2006-09-22 00:00:00,116.39,116.64,116.07,116.56,9711
2006-09-23 00:00:00,116.56,116.6,116.54,116.58,39
2006-09-25 00:00:00,116.46,116.77,116.12,116.59,10444
2006-09-26 00:00:00,116.6,117.24,116.26,117.11,12918
2006-09-27 00:00:00,117.08,117.64,116.89,117.48,12413
2006-09-28 00:00:00,117.49,117.93,117.33,117.81,11758
2006-09-29 00:00:00,117.8,118.19,117.52,118.17,11760
2006-10-02 00:00:00,118.09,118.39,117.53,117.63,15701
2006-10-03 00:00:00,117.62,117.96,117.38,117.91,12542
2006-10-04 00:00:00,117.92,118.28,117.82,117.91,11453
2006-10-05 00:00:00,117.9,117.92,117.45,117.69,9368
2006-10-06 00:00:00,117.7,119.08,117.64,119.0,7075
2006-10-09 00:00:00,118.96,119.28,118.81,119.09,5886
2006-10-10 00:00:00,119.11,119.77,118.89,119.72,6905
2006-10-11 00:00:00,119.71,119.82,119.33,119.77,6361
2006-10-12 00:00:00,119.79,119.79,119.25,119.36,6359
2006-10-13 00:00:00,119.34,119.87,119.06,119.62,6331
2006-10-16 00:00:00,119.69,119.8,119.0,119.03,6147
2006-10-17 00:00:00,119.04,119.12,118.54,118.74,6750
2006-10-18 00:00:00,118.73,119.16,118.32,118.9,7535
2006-10-19 00:00:00,118.88,119.01,118.04,118.14,7440
2006-10-20 00:00:00,118.13,118.78,118.1,118.73,6131
2006-10-23 00:00:00,118.72,119.39,118.54,119.32,5863
2006-10-24 00:00:00,119.31,119.64,119.07,119.34,6751
2006-10-25 00:00:00,119.35,119.43,118.87,119.11,6736
2006-10-26 00:00:00,119.1,119.16,118.26,118.37,6765
2006-10-27 00:00:00,118.39,118.71,117.14,117.58,7840
2006-10-30 00:00:00,117.54,117.6,117.19,117.46,6712
2006-10-31 00:00:00,117.45,118.03,116.61,116.96,8924
2006-11-01 00:00:00,116.95,117.15,116.57,117.02,8949
2006-11-02 00:00:00,117.03,117.36,116.66,117.12,7171
2006-11-03 00:00:00,117.14,118.18,116.95,117.99,6772
2006-11-06 00:00:00,118.0,118.46,117.78,118.29,5521
2006-11-07 00:00:00,118.28,118.3,117.24,117.67,7115
2006-11-08 00:00:00,117.68,117.99,117.37,117.83,6225
2006-11-09 00:00:00,117.81,118.58,117.69,117.91,7052
2006-11-10 00:00:00,117.9,117.95,117.17,117.59,7336
2006-11-13 00:00:00,117.48,118.28,117.12,118.15,10916
2006-11-14 00:00:00,118.14,118.17,117.24,117.61,8576
2006-11-15 00:00:00,117.6,118.18,117.51,118.0,6880
2006-11-16 00:00:00,117.99,118.33,117.74,118.2,6690
2006-11-17 00:00:00,118.19,118.45,117.5,117.74,6646
2006-11-20 00:00:00,117.84,118.18,117.77,118.03,5606
2006-11-21 00:00:00,118.04,118.24,117.73,117.9,5353
2006-11-22 00:00:00,117.89,117.9,116.35,116.72,7968
2006-11-23 00:00:00,116.71,116.81,116.02,116.28,5353
2006-11-24 00:00:00,116.29,116.47,115.57,115.88,7135
2006-11-27 00:00:00,115.43,116.39,115.37,116.08,8723
2006-11-28 00:00:00,116.07,116.39,115.88,116.14,9422
2006-11-29 00:00:00,116.13,116.45,115.58,116.39,10517
2006-11-30 00:00:00,116.38,116.54,115.5,115.79,7866
2006-12-01 00:00:00,115.8,116.36,114.96,115.42,9007
2006-12-04 00:00:00,115.1,115.82,115.08,115.25,7297
2006-12-05 00:00:00,115.27,115.42,114.41,114.87,8247
2006-12-06 00:00:00,114.88,115.29,114.51,115.24,7146
2006-12-07 00:00:00,115.23,115.36,114.74,115.24,6853
2006-12-08 00:00:00,115.22,116.49,114.88,116.31,9125
2006-12-11 00:00:00,116.36,117.24,116.15,116.98,7809
2006-12-12 00:00:00,116.97,117.23,116.66,116.77,7844
2006-12-13 00:00:00,116.74,117.64,116.64,117.57,7117
2006-12-14 00:00:00,117.56,117.87,117.25,117.82,6920
2006-12-15 00:00:00,117.83,118.31,117.43,118.16,8784
2006-12-18 00:00:00,117.98,118.27,117.68,118.14,5645
2006-12-19 00:00:00,118.15,118.3,117.8,118.09,7708
2006-12-20 00:00:00,118.1,118.5,117.94,118.45,6449
2006-12-21 00:00:00,118.41,118.5,117.94,118.32,6641
2006-12-22 00:00:00,118.31,118.95,118.21,118.85,5666
2006-12-26 00:00:00,118.73,119.23,118.7,119.12,11629
2006-12-27 00:00:00,119.11,119.21,118.28,118.87,7959
2006-12-28 00:00:00,118.81,119.02,118.52,118.92,8260
2006-12-29 00:00:00,118.9,119.17,118.71,119.06,7808
2007-01-02 00:00:00,118.98,118.99,118.5,118.83,9448
2007-01-03 00:00:00,118.81,119.67,118.65,119.37,7441
2007-01-04 00:00:00,119.32,119.5,118.97,119.03,7357
2007-01-05 00:00:00,119.06,119.09,117.97,118.61,8903
2007-01-08 00:00:00,118.71,118.81,118.1,118.78,6192
2007-01-09 00:00:00,118.77,119.53,118.66,119.35,7441
2007-01-10 00:00:00,119.36,119.76,119.13,119.61,7249
2007-01-11 00:00:00,119.6,120.62,119.49,120.47,8369
2007-01-12 00:00:00,120.46,120.71,120.14,120.3,7699
2007-01-15 00:00:00,120.31,120.58,120.04,120.41,5967
2007-01-16 00:00:00,120.4,120.74,120.2,120.63,7244
2007-01-17 00:00:00,120.66,120.87,120.32,120.64,7052
2007-01-18 00:00:00,120.62,121.57,120.46,121.19,9130
2007-01-19 00:00:00,121.2,121.46,121.08,121.21,6386
2007-01-22 00:00:00,121.25,121.77,121.19,121.63,5492
2007-01-23 00:00:00,121.64,121.74,121.09,121.61,7032
2007-01-24 00:00:00,121.62,121.79,120.63,121.16,9766
2007-01-25 00:00:00,121.15,121.26,120.17,121.21,10272
2007-01-26 00:00:00,121.22,121.64,121.15,121.51,8098
2007-01-29 00:00:00,121.44,122.17,121.41,121.72,5479
2007-01-30 00:00:00,121.71,121.97,121.45,121.62,6644
2007-01-31 00:00:00,121.63,121.72,120.6,120.67,8803
2007-02-01 00:00:00,120.66,120.88,120.07,120.78,8704
2007-02-02 00:00:00,120.79,121.34,120.62,121.11,7328
2007-02-05 00:00:00,121.18,121.18,120.22,120.31,6571
2007-02-06 00:00:00,120.3,120.55,119.94,120.07,6900
2007-02-07 00:00:00,120.09,120.79,119.97,120.66,6108
2007-02-08 00:00:00,120.67,121.41,120.56,121.02,6296
2007-02-09 00:00:00,121.01,121.72,120.97,121.68,6840
2007-02-12 00:00:00,122.04,122.05,121.56,121.95,5139
2007-02-13 00:00:00,121.96,121.96,121.07,121.14,6724
2007-02-14 00:00:00,121.17,121.35,120.6,120.77,7495
2007-02-15 00:00:00,120.75,120.75,119.14,119.23,10438
2007-02-16 00:00:00,119.22,119.54,118.96,119.41,7368
2007-02-17 00:00:00,119.4,119.4,119.4,119.4,1
2007-02-19 00:00:00,119.25,119.72,119.25,119.54,4495
2007-02-20 00:00:00,119.53,120.32,119.52,119.99,6201
2007-02-21 00:00:00,119.98,121.16,119.67,120.91,9248
2007-02-22 00:00:00,120.9,121.61,120.8,121.56,6535
2007-02-23 00:00:00,121.55,121.61,120.91,120.99,5451
2007-02-26 00:00:00,120.89,120.98,120.33,120.62,4776
2007-02-27 00:00:00,120.63,120.75,117.47,117.94,10361
2007-02-28 00:00:00,117.93,118.81,117.92,118.53,11130
2007-03-01 00:00:00,118.52,118.84,116.94,117.59,12127
2007-03-02 00:00:00,117.58,117.8,116.4,116.77,10052
2007-03-05 00:00:00,116.65,116.65,115.13,115.51,14745
2007-03-06 00:00:00,115.5,116.73,115.19,116.59,11724
2007-03-07 00:00:00,116.63,116.89,115.97,116.04,8781
2007-03-08 00:00:00,116.03,117.48,115.54,117.17,10874
2007-03-09 00:00:00,117.16,118.37,117.09,118.3,10264
2007-03-12 00:00:00,118.37,118.49,117.22,117.64,9185
2007-03-13 00:00:00,117.65,117.78,116.04,116.2,11955
2007-03-14 00:00:00,116.19,117.13,115.75,117.07,13924
2007-03-15 00:00:00,117.08,117.77,117.03,117.49,11934
2007-03-16 00:00:00,117.47,117.5,116.51,116.68,11107
2007-03-19 00:00:00,116.29,117.76,116.24,117.66,9266
2007-03-20 00:00:00,117.67,118.02,116.92,117.28,10347
2007-03-21 00:00:00,117.27,117.94,117.18,117.5,7274
2007-03-22 00:00:00,117.48,118.31,117.25,118.06,8769
2007-03-23 00:00:00,118.08,118.24,117.38,118.1,8938
2007-03-26 00:00:00,117.92,118.42,117.65,118.13,6972
2007-03-27 00:00:00,118.12,118.38,117.73,117.83,7644
2007-03-28 00:00:00,117.85,118.03,116.38,116.87,13393
2007-03-29 00:00:00,116.86,118.08,116.66,118.04,8256
2007-03-30 00:00:00,118.03,118.39,117.21,117.82,9171
2007-04-02 00:00:00,117.5,118.05,117.46,117.84,6580
2007-04-03 00:00:00,117.85,118.98,117.71,118.95,6616
2007-04-04 00:00:00,118.92,119.08,118.55,118.72,6535
2007-04-05 00:00:00,118.71,118.99,118.45,118.72,5808
2007-04-06 00:00:00,118.74,119.38,118.68,119.25,3051
2007-04-09 00:00:00,119.24,119.38,119.18,119.32,2957
2007-04-10 00:00:00,119.33,119.35,118.75,119.04,5922
2007-04-11 00:00:00,119.05,119.53,118.87,119.38,6104
2007-04-12 00:00:00,119.37,119.5,118.79,119.15,6405
2007-04-13 00:00:00,119.14,119.55,118.21,119.25,7668
2007-04-16 00:00:00,119.38,119.87,118.98,119.73,7363
2007-04-17 00:00:00,119.74,119.81,118.81,118.91,8328
2007-04-18 00:00:00,118.9,119.02,118.1,118.66,8125
2007-04-19 00:00:00,118.65,118.66,117.6,118.47,10846
2007-04-20 00:00:00,118.48,118.96,118.24,118.67,7294
2007-04-23 00:00:00,118.71,119.03,118.22,118.65,7023
2007-04-24 00:00:00,118.64,118.94,118.24,118.58,8198
2007-04-25 00:00:00,118.59,118.84,118.27,118.74,6661
2007-04-26 00:00:00,118.73,119.66,118.53,119.56,9554
2007-04-27 00:00:00,119.55,119.75,118.87,119.6,9348
2007-04-30 00:00:00,119.26,119.74,119.26,119.51,4937
2007-05-01 00:00:00,119.52,119.85,119.06,119.84,5134
2007-05-02 00:00:00,119.86,120.27,119.48,120.14,7611
2007-05-03 00:00:00,120.15,120.45,119.97,120.43,5416
2007-05-04 00:00:00,120.42,120.45,119.91,120.17,5969
2007-05-07 00:00:00,120.13,120.18,119.78,120.08,5415
2007-05-08 00:00:00,120.09,120.13,119.52,120.03,8790
2007-05-09 00:00:00,120.02,120.14,119.62,120.08,7936
2007-05-10 00:00:00,120.07,120.52,119.82,119.88,9888
2007-05-11 00:00:00,119.87,120.21,119.47,120.17,11637
2007-05-12 00:00:00,120.18,120.18,120.18,120.18,1
2007-05-14 00:00:00,120.2,120.44,120.02,120.34,5238
2007-05-15 00:00:00,120.33,120.59,120.1,120.25,6670
2007-05-16 00:00:00,120.26,120.84,120.15,120.81,6490
2007-05-17 00:00:00,120.82,121.36,120.67,121.3,6178
2007-05-18 00:00:00,121.31,121.39,120.68,121.12,7618
2007-05-21 00:00:00,121.18,121.62,121.1,121.46,5037
2007-05-22 00:00:00,121.48,121.6,121.2,121.56,5364
2007-05-23 00:00:00,121.55,121.87,121.31,121.66,6281
2007-05-24 00:00:00,121.65,121.68,121.24,121.39,7480
2007-05-25 00:00:00,121.42,121.87,120.85,121.78,7313
2007-05-28 00:00:00,121.71,121.81,121.62,121.71,2065
2007-05-29 00:00:00,121.7,121.81,121.18,121.65,6425
2007-05-30 00:00:00,121.66,121.77,121.29,121.65,7344
2007-05-31 00:00:00,121.64,121.98,121.44,121.71,6413
2007-06-01 00:00:00,121.72,122.13,121.68,122.07,5070
2007-06-04 00:00:00,122.0,122.11,121.54,121.77,4585
2007-06-05 00:00:00,121.76,121.93,121.11,121.39,6497
2007-06-06 00:00:00,121.38,121.49,120.87,121.08,6461
2007-06-07 00:00:00,121.07,121.56,120.78,120.97,8611
2007-06-08 00:00:00,120.98,121.82,120.76,121.71,8715
2007-06-11 00:00:00,121.74,121.83,121.5,121.72,4714
2007-06-12 00:00:00,121.71,121.86,121.59,121.69,6395
2007-06-13 00:00:00,121.68,122.76,121.48,122.71,8273
2007-06-14 00:00:00,122.7,123.12,122.54,122.91,5241
2007-06-15 00:00:00,122.93,123.66,122.87,123.43,5882
2007-06-18 00:00:00,123.46,123.75,123.31,123.67,5566
2007-06-19 00:00:00,123.66,123.72,123.31,123.35,6929
2007-06-20 00:00:00,123.34,123.67,123.09,123.56,7574
2007-06-21 00:00:00,123.52,123.74,123.41,123.72,6907
2007-06-22 00:00:00,123.73,124.13,123.68,123.88,7345
2007-06-25 00:00:00,123.77,123.93,123.3,123.65,5834
2007-06-26 00:00:00,123.64,123.69,122.8,123.25,9687
2007-06-27 00:00:00,123.24,123.27,122.23,122.82,11099
2007-06-28 00:00:00,122.8,123.36,122.78,123.16,8475
2007-06-29 00:00:00,123.18,123.55,122.96,123.16,8909
2007-07-02 00:00:00,123.05,123.28,122.08,122.4,6299
2007-07-03 00:00:00,122.39,122.68,122.12,122.43,5944
2007-07-04 00:00:00,122.45,122.71,122.21,122.71,4181
2007-07-05 00:00:00,122.7,123.01,122.34,122.94,6912
2007-07-06 00:00:00,122.93,123.55,122.85,123.33,7018
2007-07-09 00:00:00,123.4,123.66,123.21,123.4,4244
2007-07-10 00:00:00,123.41,123.48,121.71,121.72,9491
2007-07-11 00:00:00,121.73,122.51,120.96,122.48,11258
2007-07-12 00:00:00,122.46,122.58,121.83,122.4,8903
2007-07-13 00:00:00,122.41,122.6,121.9,121.92,7791
2007-07-16 00:00:00,121.88,122.19,121.56,121.89,5068
2007-07-17 00:00:00,121.88,122.41,121.7,122.33,7827
2007-07-18 00:00:00,122.34,122.34,121.57,121.94,9664
2007-07-19 00:00:00,121.92,122.15,121.73,121.97,6271
2007-07-20 00:00:00,121.96,122.4,120.83,121.24,8033
2007-07-23 00:00:00,121.57,121.59,120.77,121.07,8536
2007-07-24 00:00:00,121.06,121.12,120.01,120.22,11150
2007-07-25 00:00:00,120.21,120.61,119.77,120.47,12022
2007-07-26 00:00:00,120.45,120.72,118.5,118.66,15040
2007-07-27 00:00:00,118.65,119.26,117.97,118.63,18316
2007-07-30 00:00:00,118.22,119.17,118.0,119.02,12413
2007-07-31 00:00:00,119.08,119.47,118.41,118.56,13902
2007-08-01 00:00:00,118.55,118.97,117.57,118.92,19859
2007-08-02 00:00:00,118.9,119.35,118.3,119.18,12315
2007-08-03 00:00:00,119.19,119.29,117.91,118.03,11372
2007-08-06 00:00:00,117.19,119.06,117.15,118.86,10974
2007-08-07 00:00:00,118.85,118.94,117.94,118.79,10835
2007-08-08 00:00:00,118.81,119.8,118.69,119.7,11747
2007-08-09 00:00:00,119.67,119.75,118.13,118.14,16805
2007-08-10 00:00:00,118.15,118.74,117.2,118.38,18454
2007-08-13 00:00:00,118.33,118.55,117.67,118.23,13083
2007-08-14 00:00:00,118.22,118.51,117.55,117.57,15468
2007-08-15 00:00:00,117.56,117.64,116.56,116.58,19885
2007-08-16 00:00:00,116.59,116.72,111.99,113.87,32044
2007-08-17 00:00:00,113.88,114.89,111.59,114.36,33750
2007-08-20 00:00:00,114.35,115.49,113.68,114.86,22245
2007-08-21 00:00:00,114.87,115.22,114.0,114.41,19735
2007-08-22 00:00:00,114.42,115.45,113.97,115.31,14430
2007-08-23 00:00:00,115.32,117.1,115.29,116.18,17982
2007-08-24 00:00:00,116.17,116.49,115.51,116.42,16955
2007-08-27 00:00:00,116.39,116.72,115.84,115.85,8993
2007-08-28 00:00:00,115.84,115.85,114.2,114.25,15790
2007-08-29 00:00:00,114.24,116.22,113.86,116.16,19557
2007-08-30 00:00:00,116.15,116.22,115.2,115.84,17872
2007-08-31 00:00:00,115.83,116.59,115.49,115.75,17004
2007-09-03 00:00:00,115.74,116.09,115.65,115.95,6808
2007-09-04 00:00:00,115.96,116.41,115.32,116.32,11880
2007-09-05 00:00:00,116.31,116.46,114.98,115.26,14564
2007-09-06 00:00:00,115.27,115.55,114.8,115.36,14409
2007-09-07 00:00:00,115.37,115.65,113.11,113.37,11862
2007-09-10 00:00:00,112.86,113.96,112.58,113.7,12796
2007-09-11 00:00:00,113.69,114.36,113.34,114.25,13198
2007-09-12 00:00:00,114.26,114.36,113.76,114.22,10260
2007-09-13 00:00:00,114.23,115.47,114.07,114.76,11151
2007-09-14 00:00:00,114.74,115.38,114.37,115.33,15592
2007-09-17 00:00:00,115.35,115.36,114.65,115.1,9395
2007-09-18 00:00:00,115.11,116.36,114.78,116.06,13149
2007-09-19 00:00:00,116.05,116.3,115.65,116.08,14029
2007-09-20 00:00:00,116.07,116.07,113.97,114.72,15415
2007-09-21 00:00:00,114.73,115.83,114.52,115.49,13066
2007-09-24 00:00:00,115.38,115.38,114.65,114.85,8835
2007-09-25 00:00:00,114.84,114.96,114.01,114.76,12214
2007-09-26 00:00:00,114.77,115.73,114.51,115.54,11386
2007-09-27 00:00:00,115.53,115.87,115.09,115.61,12131
2007-09-28 00:00:00,115.6,115.68,114.66,114.78,13590
2007-10-01 00:00:00,114.71,116.05,114.71,115.72,12164
2007-10-02 00:00:00,115.73,115.98,115.26,115.72,11088
2007-10-03 00:00:00,115.73,116.76,115.55,116.73,10820
2007-10-04 00:00:00,116.71,116.74,116.26,116.44,9633
2007-10-05 00:00:00,116.43,117.26,116.34,117.0,9331
2007-10-08 00:00:00,117.24,117.58,116.96,117.4,5099
2007-10-09 00:00:00,117.41,117.48,116.8,117.12,7916
2007-10-10 00:00:00,117.11,117.51,116.94,117.23,7054
2007-10-11 00:00:00,117.21,117.77,117.0,117.26,8390
2007-10-12 00:00:00,117.27,117.68,117.13,117.59,7429
2007-10-15 00:00:00,117.45,117.93,117.1,117.37,7379
2007-10-16 00:00:00,117.41,117.45,116.44,116.9,11218
2007-10-17 00:00:00,116.89,117.18,116.17,116.66,11638
2007-10-18 00:00:00,116.62,116.67,115.26,115.6,10257
2007-10-19 00:00:00,115.57,115.7,114.5,114.5,11883
2007-10-22 00:00:00,114.0,114.61,113.23,114.54,16711
2007-10-23 00:00:00,114.53,115.01,114.16,114.76,11511
2007-10-24 00:00:00,114.75,114.94,113.8,114.24,12984
2007-10-25 00:00:00,114.25,114.56,113.76,114.16,10013
2007-10-26 00:00:00,114.15,114.56,113.91,114.2,8979
2007-10-29 00:00:00,114.13,114.89,114.05,114.62,6463
2007-10-30 00:00:00,114.63,115.0,114.37,114.63,7927
2007-10-31 00:00:00,114.62,115.48,114.52,115.2,9539
2007-11-01 00:00:00,115.21,115.91,114.47,114.53,11984
2007-11-02 00:00:00,114.52,115.42,114.35,114.82,13483
2007-11-05 00:00:00,114.61,114.8,114.02,114.53,10187
2007-11-06 00:00:00,114.52,114.77,114.25,114.71,8946
2007-11-07 00:00:00,114.72,114.77,112.59,112.61,15377
2007-11-08 00:00:00,112.59,113.36,112.04,112.56,16462
2007-11-09 00:00:00,112.54,112.87,110.49,110.67,17304
2007-11-12 00:00:00,110.46,110.78,109.12,109.39,17086
2007-11-13 00:00:00,109.37,110.97,109.2,110.9,14861
2007-11-14 00:00:00,110.89,111.74,110.75,111.31,14905
2007-11-15 00:00:00,111.3,111.67,110.2,110.28,15027
2007-11-16 00:00:00,110.27,111.32,109.76,111.08,14072
2007-11-19 00:00:00,110.83,111.06,109.74,109.75,11148
2007-11-20 00:00:00,109.74,110.56,109.5,109.96,15056
2007-11-21 00:00:00,109.97,109.97,108.23,108.4,15483
2007-11-22 00:00:00,108.41,109.15,108.28,108.44,9222
2007-11-23 00:00:00,108.43,108.59,107.55,108.29,11679
2007-11-26 00:00:00,108.48,108.76,107.21,107.41,11349
2007-11-27 00:00:00,107.4,109.13,107.26,108.95,16006
2007-11-28 00:00:00,108.94,110.47,108.25,110.01,14178
2007-11-29 00:00:00,110.0,110.3,109.46,109.91,13500
2007-11-30 00:00:00,109.92,111.21,109.65,111.2,13456
2007-12-03 00:00:00,110.96,111.0,110.12,110.45,9378
2007-12-04 00:00:00,110.44,110.52,109.55,109.85,10246
2007-12-05 00:00:00,109.86,110.95,109.69,110.88,10367
2007-12-06 00:00:00,110.87,111.44,110.62,111.31,9842
2007-12-07 00:00:00,111.3,111.78,111.14,111.67,7495
2007-12-10 00:00:00,111.59,111.86,111.36,111.69,7054
2007-12-11 00:00:00,111.68,112.13,110.5,110.63,9952
2007-12-12 00:00:00,110.65,112.44,110.6,112.22,12520
2007-12-13 00:00:00,112.19,112.44,111.39,112.19,10681
2007-12-14 00:00:00,112.2,113.6,112.19,113.28,10744
2007-12-17 00:00:00,113.31,113.47,112.82,112.93,10060
2007-12-18 00:00:00,112.94,113.52,112.73,113.39,8389
2007-12-19 00:00:00,113.37,113.48,112.75,113.41,9275
2007-12-20 00:00:00,113.38,113.41,112.81,113.13,6866
2007-12-21 00:00:00,113.15,114.19,112.95,114.05,7219
2007-12-24 00:00:00,114.02,114.48,113.98,114.45,3518
2007-12-26 00:00:00,114.2,114.34,113.98,114.32,1866
2007-12-27 00:00:00,114.33,114.7,113.57,113.71,4993
2007-12-28 00:00:00,113.73,114.02,112.28,112.28,6091
2007-12-31 00:00:00,112.58,112.59,111.52,111.71,2459
2008-01-02 00:00:00,111.69,111.91,109.21,109.64,7903
2008-01-03 00:00:00,109.65,109.75,108.24,109.31,12110
2008-01-04 00:00:00,109.29,109.58,107.89,108.57,13157
2008-01-07 00:00:00,108.63,109.73,108.55,109.15,11346
2008-01-08 00:00:00,109.16,109.82,108.85,108.88,12543
2008-01-09 00:00:00,108.87,110.09,108.78,110.01,13088
2008-01-10 00:00:00,109.97,110.07,109.1,109.32,13327
2008-01-11 00:00:00,109.34,109.68,108.62,108.84,13672
2008-01-14 00:00:00,108.76,108.94,107.36,108.15,9759
2008-01-15 00:00:00,108.14,108.33,106.59,106.76,13161
2008-01-16 00:00:00,106.77,107.91,105.9,107.61,17001
2008-01-17 00:00:00,107.62,107.88,106.54,106.54,16416
2008-01-18 00:00:00,106.56,107.58,106.34,106.84,14801
2008-01-21 00:00:00,106.81,106.96,105.66,105.97,11408
2008-01-22 00:00:00,106.04,107.03,105.6,106.42,28324
2008-01-23 00:00:00,106.43,107.35,104.97,106.69,19138
2008-01-24 00:00:00,106.68,107.18,105.94,107.17,25812
2008-01-25 00:00:00,107.16,107.89,106.71,106.71,16626
2008-01-28 00:00:00,106.82,107.01,105.99,106.89,12083
2008-01-29 00:00:00,106.88,107.22,106.38,107.11,12585
2008-01-30 00:00:00,107.1,107.45,106.2,106.24,13093
2008-01-31 00:00:00,106.2,106.85,105.7,106.44,16866
2008-02-01 00:00:00,106.42,106.72,105.74,106.47,14506
2008-02-04 00:00:00,106.64,107.07,106.5,106.71,9195
2008-02-05 00:00:00,106.7,107.71,106.59,106.82,12839
2008-02-06 00:00:00,106.81,106.86,106.17,106.52,12394
2008-02-07 00:00:00,106.51,107.81,105.91,107.47,13350
2008-02-08 00:00:00,107.46,107.71,107.13,107.3,11643
2008-02-11 00:00:00,107.5,107.52,106.33,106.95,9202
2008-02-12 00:00:00,106.94,107.52,106.79,107.29,10429
2008-02-13 00:00:00,107.27,108.35,106.98,108.32,11011
2008-02-14 00:00:00,108.3,108.59,107.76,107.85,10915
2008-02-15 00:00:00,107.84,108.3,107.25,107.79,10673
2008-02-18 00:00:00,107.81,108.3,107.74,108.21,5341
2008-02-19 00:00:00,108.2,108.27,107.2,107.76,11140
2008-02-20 00:00:00,107.77,108.36,107.47,108.1,12367
2008-02-21 00:00:00,108.09,108.31,107.14,107.39,11175
2008-02-22 00:00:00,107.4,107.56,106.71,107.15,10320
2008-02-25 00:00:00,107.26,108.21,107.22,108.05,8554
2008-02-26 00:00:00,108.06,108.13,107.18,107.26,8495
2008-02-27 00:00:00,107.27,107.37,105.94,106.47,11496
2008-02-28 00:00:00,106.44,106.62,105.07,105.35,11341
2008-02-29 00:00:00,105.34,105.37,103.67,103.71,14826
2008-03-03 00:00:00,103.28,103.69,102.61,103.48,14116
2008-03-04 00:00:00,103.47,103.57,102.64,103.36,12898
2008-03-05 00:00:00,103.37,104.17,103.28,104.0,11625
2008-03-06 00:00:00,103.95,103.99,102.54,102.64,12048
2008-03-07 00:00:00,102.65,103.23,101.41,102.66,17599
2008-03-10 00:00:00,102.14,102.43,101.55,101.72,12710
2008-03-11 00:00:00,101.73,103.59,101.41,103.41,14478
2008-03-12 00:00:00,103.43,103.52,101.08,101.34,14534
2008-03-13 00:00:00,101.33,101.68,99.75,100.3,23200
2008-03-14 00:00:00,100.32,101.11,98.89,99.02,21047
2008-03-17 00:00:00,98.75,99.11,95.77,97.31,28256
2008-03-18 00:00:00,97.32,100.08,96.85,100.03,17593
2008-03-19 00:00:00,100.02,100.44,97.67,98.66,31196
2008-03-20 00:00:00,98.69,100.2,98.46,99.31,17888
2008-03-21 00:00:00,99.3,99.72,99.01,99.56,5602
2008-03-24 00:00:00,99.51,100.89,99.47,100.57,9023
2008-03-25 00:00:00,100.56,101.03,99.62,99.98,18156
2008-03-26 00:00:00,99.99,100.33,98.87,98.98,17608
2008-03-27 00:00:00,98.97,100.15,98.55,99.64,22136
2008-03-28 00:00:00,99.63,100.38,99.1,99.22,17043
2008-03-31 00:00:00,98.88,100.18,98.81,99.68,17560
2008-04-01 00:00:00,99.69,102.15,99.59,101.84,17791
2008-04-02 00:00:00,101.83,102.83,101.51,102.33,18131
2008-04-03 00:00:00,102.32,102.94,102.07,102.25,16312
2008-04-04 00:00:00,102.24,102.68,101.45,101.47,18210
2008-04-07 00:00:00,101.72,102.85,101.52,102.39,14423
2008-04-08 00:00:00,102.4,102.68,101.75,102.65,16069
2008-04-09 00:00:00,102.66,102.83,101.49,101.8,15124
2008-04-10 00:00:00,101.79,102.04,100.02,101.94,20856
2008-04-11 00:00:00,101.93,102.25,100.64,101.0,18529
2008-04-14 00:00:00,101.26,101.5,100.3,101.09,19416
2008-04-15 00:00:00,101.08,101.83,100.79,101.82,16155
2008-04-16 00:00:00,101.83,101.93,100.83,101.82,16355
2008-04-17 00:00:00,101.83,102.72,101.69,102.48,18569
2008-04-18 00:00:00,102.49,104.64,102.25,103.67,19040
2008-04-21 00:00:00,103.83,104.06,102.98,103.26,16021
2008-04-22 00:00:00,103.25,103.54,102.67,103.02,20250
2008-04-23 00:00:00,103.03,103.78,102.75,103.37,16722
2008-04-24 00:00:00,103.36,104.54,103.31,104.26,18364
2008-04-25 00:00:00,104.27,104.81,103.9,104.42,17811
2008-04-28 00:00:00,104.41,104.81,104.08,104.18,12656
2008-04-29 00:00:00,104.17,104.36,103.2,104.02,16238
2008-04-30 00:00:00,104.01,104.88,103.69,103.91,17563
2008-05-01 00:00:00,103.89,104.58,103.53,104.42,13781
2008-05-02 00:00:00,104.43,105.7,104.33,105.39,17590
2008-05-05 00:00:00,105.25,105.62,104.73,104.85,10036
2008-05-06 00:00:00,104.86,105.12,104.02,104.76,15338
2008-05-07 00:00:00,104.75,105.59,104.61,104.72,15304
2008-05-08 00:00:00,104.75,104.96,103.4,103.73,20655
2008-05-09 00:00:00,103.72,103.96,102.61,102.86,17840
2008-05-12 00:00:00,102.99,104.03,102.58,103.74,15985
2008-05-13 00:00:00,103.73,104.91,103.38,104.74,17300
2008-05-14 00:00:00,104.75,105.44,104.57,105.04,15579
2008-05-15 00:00:00,105.03,105.29,104.43,104.74,15046
2008-05-16 00:00:00,104.73,105.09,103.52,104.06,16705
2008-05-19 00:00:00,103.95,104.69,103.62,104.32,11795
2008-05-20 00:00:00,104.33,104.48,103.45,103.67,15761
2008-05-21 00:00:00,103.64,103.68,102.96,103.05,16627
2008-05-22 00:00:00,103.04,104.38,102.74,104.07,14315
2008-05-23 00:00:00,104.06,104.25,103.06,103.37,13367
2008-05-26 00:00:00,103.32,103.49,103.13,103.43,5337
2008-05-27 00:00:00,103.42,104.34,103.26,104.23,12351
2008-05-28 00:00:00,104.24,105.31,103.89,104.68,15161
2008-05-29 00:00:00,104.69,105.87,104.61,105.49,15705
2008-05-30 00:00:00,105.48,105.74,105.23,105.5,13012
2008-06-02 00:00:00,105.28,105.53,104.02,104.42,14380
2008-06-03 00:00:00,104.41,105.55,103.87,105.08,18378
2008-06-04 00:00:00,105.09,105.35,104.53,105.22,16876
2008-06-05 00:00:00,105.21,106.42,105.19,105.92,17167
2008-06-06 00:00:00,105.93,106.33,104.91,104.92,16744
2008-06-09 00:00:00,104.44,106.34,104.44,106.3,19326
2008-06-10 00:00:00,106.29,107.44,106.23,107.44,18523
2008-06-11 00:00:00,107.43,107.76,106.56,106.96,16579
2008-06-12 00:00:00,106.95,108.08,106.79,107.95,17208
2008-06-13 00:00:00,107.94,108.38,107.64,108.19,16771
2008-06-16 00:00:00,108.06,108.58,107.92,108.22,13530
2008-06-17 00:00:00,108.21,108.39,107.59,107.92,16051
2008-06-18 00:00:00,107.91,108.42,107.71,107.87,12051
2008-06-19 00:00:00,107.86,108.06,107.42,108.0,14095
2008-06-20 00:00:00,108.01,108.06,107.12,107.33,14335
2008-06-23 00:00:00,107.21,108.06,107.16,107.83,12731
2008-06-24 00:00:00,107.84,108.2,107.35,107.81,12738
2008-06-25 00:00:00,107.82,108.41,107.66,107.81,12464
2008-06-26 00:00:00,107.8,108.18,106.61,106.81,14139
2008-06-27 00:00:00,106.8,107.2,105.86,106.14,16290
2008-06-30 00:00:00,106.21,106.46,104.98,106.21,13796
2008-07-01 00:00:00,106.2,106.38,105.23,106.12,14516
2008-07-02 00:00:00,106.11,106.77,105.78,105.9,14405
2008-07-03 00:00:00,105.89,106.93,105.78,106.72,12797
2008-07-04 00:00:00,106.73,106.88,106.6,106.8,6473
2008-07-07 00:00:00,106.81,107.75,106.65,107.17,12632
2008-07-08 00:00:00,107.16,107.54,106.25,107.49,14374
2008-07-09 00:00:00,107.5,107.66,106.68,106.75,12339
2008-07-10 00:00:00,106.76,107.42,106.69,107.06,13359
2008-07-11 00:00:00,107.07,107.29,105.64,106.28,15723
2008-07-14 00:00:00,106.13,106.8,106.03,106.13,14469
2008-07-15 00:00:00,106.14,106.27,104.16,104.71,19279
2008-07-16 00:00:00,104.7,105.19,103.76,105.13,16622
2008-07-17 00:00:00,105.12,107.09,104.76,106.27,16021
2008-07-18 00:00:00,106.28,106.98,105.97,106.95,12410
2008-07-21 00:00:00,106.92,107.15,106.37,106.44,8828
2008-07-22 00:00:00,106.45,107.44,106.05,107.32,12319
2008-07-23 00:00:00,107.33,107.96,107.17,107.89,12369
2008-07-24 00:00:00,107.9,107.98,107.18,107.32,12106
2008-07-25 00:00:00,107.33,107.94,106.57,107.82,14433
2008-07-28 00:00:00,107.87,108.07,107.35,107.45,9149
2008-07-29 00:00:00,107.46,108.28,107.3,108.1,9609
2008-07-30 00:00:00,108.11,108.33,107.7,108.12,9406
2008-07-31 00:00:00,108.1,108.37,107.57,107.91,10572
2008-08-01 00:00:00,107.92,107.92,107.28,107.68,12350
2008-08-04 00:00:00,107.64,108.29,107.46,108.27,9145
2008-08-05 00:00:00,108.26,108.41,107.67,108.34,11423
2008-08-06 00:00:00,108.35,109.88,108.22,109.79,11162
2008-08-07 00:00:00,109.78,109.81,109.13,109.43,11351
2008-08-08 00:00:00,109.42,110.36,109.3,110.18,14333
2008-08-11 00:00:00,110.37,110.4,109.54,110.06,12810
2008-08-12 00:00:00,110.05,110.35,109.24,109.27,13127
2008-08-13 00:00:00,109.26,109.72,108.37,109.52,17730
2008-08-14 00:00:00,109.48,109.98,109.02,109.73,13227
2008-08-15 00:00:00,109.72,110.66,109.62,110.51,12025
2008-08-18 00:00:00,110.47,110.48,109.96,110.12,10315
2008-08-19 00:00:00,110.11,110.33,109.55,109.71,11065
2008-08-20 00:00:00,109.7,110.26,109.61,109.85,8640
2008-08-21 00:00:00,109.84,109.87,108.13,108.43,11827
2008-08-22 00:00:00,108.42,110.13,108.32,110.07,6397
2008-08-25 00:00:00,110.03,110.27,109.02,109.3,9241
2008-08-26 00:00:00,109.29,109.92,109.14,109.6,12128
2008-08-27 00:00:00,109.61,109.89,108.7,109.48,12751
2008-08-28 00:00:00,109.46,109.72,108.77,109.48,13217
2008-08-29 00:00:00,109.49,109.56,108.42,108.79,12526
2008-09-01 00:00:00,108.33,108.67,107.62,108.14,12687
2008-09-02 00:00:00,108.15,109.18,107.79,108.6,15739
2008-09-03 00:00:00,108.61,109.09,108.1,108.28,14036
2008-09-04 00:00:00,108.29,108.57,106.96,107.06,15951
2008-09-05 00:00:00,107.07,107.74,105.52,107.74,26421
2008-09-08 00:00:00,108.99,109.07,107.74,108.26,23621
2008-09-09 00:00:00,108.27,108.46,106.68,106.8,20528
2008-09-10 00:00:00,106.79,107.92,106.62,107.69,21096
2008-09-11 00:00:00,107.7,107.87,106.06,107.16,25042
2008-09-12 00:00:00,107.17,107.97,106.72,107.93,17142
2008-09-15 00:00:00,105.95,106.92,104.52,104.67,33559
2008-09-16 00:00:00,104.66,106.38,103.54,105.63,37983
2008-09-17 00:00:00,105.64,106.71,104.39,104.66,36518
2008-09-18 00:00:00,104.64,105.78,103.99,105.44,34314
2008-09-19 00:00:00,105.45,108.02,105.4,107.44,29232
2008-09-22 00:00:00,106.87,107.16,105.15,105.51,23798
2008-09-23 00:00:00,105.5,106.06,105.16,105.55,13919
2008-09-24 00:00:00,105.54,106.34,105.35,106.12,16229
2008-09-25 00:00:00,106.11,107.01,105.46,106.55,19957
2008-09-26 00:00:00,106.54,106.55,105.03,106.01,20425
2008-09-29 00:00:00,106.24,106.96,104.01,104.17,24716
2008-09-30 00:00:00,104.16,106.5,103.49,106.11,24316
2008-10-01 00:00:00,106.13,106.53,105.33,105.71,22729
2008-10-02 00:00:00,105.72,106.29,105.08,105.33,23643
2008-10-03 00:00:00,105.36,106.14,104.52,105.32,23452
2008-10-06 00:00:00,104.89,105.15,100.22,101.82,43592
2008-10-07 00:00:00,101.81,103.29,101.07,101.48,44798
2008-10-08 00:00:00,101.47,101.75,98.59,99.14,57451
2008-10-09 00:00:00,99.13,101.48,98.9,99.82,45701
2008-10-10 00:00:00,99.8,100.71,97.91,100.66,44775
2008-10-13 00:00:00,100.98,102.17,99.56,102.01,22495
2008-10-14 00:00:00,102.0,103.05,101.5,102.07,24336
2008-10-15 00:00:00,102.08,102.25,99.87,99.96,32897
2008-10-16 00:00:00,99.95,101.72,99.27,101.57,46187
2008-10-17 00:00:00,101.58,101.83,100.6,101.67,26476
2008-10-20 00:00:00,101.62,102.41,101.35,101.85,25157
2008-10-21 00:00:00,101.84,102.15,100.09,100.12,23524
2008-10-22 00:00:00,100.13,100.56,97.22,97.65,29540
2008-10-23 00:00:00,97.64,98.3,95.93,97.35,31446
2008-10-24 00:00:00,97.33,98.07,90.92,94.29,47745
2008-10-27 00:00:00,93.15,94.47,92.05,92.84,39158
2008-10-28 00:00:00,92.88,99.34,92.65,99.34,36543
2008-10-29 00:00:00,99.37,99.68,96.08,97.36,41080
2008-10-30 00:00:00,97.37,99.11,97.22,98.6,33320
2008-10-31 00:00:00,98.61,99.11,96.37,98.46,32599
2008-11-03 00:00:00,98.23,99.63,98.21,99.11,26327
2008-11-04 00:00:00,99.12,100.54,98.36,99.7,35883
2008-11-05 00:00:00,99.71,99.92,97.86,97.93,43947
2008-11-06 00:00:00,97.94,98.67,97.47,97.75,39270
2008-11-07 00:00:00,97.73,98.67,96.76,98.22,25137
2008-11-10 00:00:00,98.95,99.48,97.6,98.01,30524
2008-11-11 00:00:00,98.0,98.29,97.3,97.65,30073
2008-11-12 00:00:00,97.64,98.07,94.47,95.01,38535
2008-11-13 00:00:00,94.99,98.18,94.51,97.68,40595
2008-11-14 00:00:00,97.67,98.08,96.08,97.06,34766
2008-11-17 00:00:00,96.27,97.55,95.95,96.43,33218
2008-11-18 00:00:00,96.42,97.41,96.01,97.01,32466
2008-11-19 00:00:00,96.99,97.15,95.66,95.72,26520
2008-11-20 00:00:00,95.73,96.24,93.55,93.72,36284
2008-11-21 00:00:00,93.71,95.99,93.63,95.96,36897
2008-11-24 00:00:00,95.97,97.34,94.94,97.34,27377
2008-11-25 00:00:00,97.35,97.43,94.94,95.22,28823
2008-11-26 00:00:00,95.23,95.93,94.64,95.66,24317
2008-11-27 00:00:00,95.65,95.71,94.99,95.26,13548
2008-11-28 00:00:00,95.22,95.74,95.14,95.52,14510
2008-12-01 00:00:00,95.54,95.55,93.05,93.2,13340
2008-12-02 00:00:00,93.19,93.81,92.64,93.17,15097
2008-12-03 00:00:00,93.16,93.6,92.54,93.27,15146
2008-12-04 00:00:00,93.28,93.41,92.06,92.26,14143
2008-12-05 00:00:00,92.27,93.37,91.6,92.82,13409
2008-12-08 00:00:00,92.71,93.89,92.57,92.81,12079
2008-12-09 00:00:00,92.8,93.05,91.93,92.11,10785
2008-12-10 00:00:00,92.12,93.02,92.07,92.75,9656
2008-12-11 00:00:00,92.76,92.87,91.16,91.41,10464
2008-12-12 00:00:00,91.43,91.85,88.6,91.17,16109
2008-12-15 00:00:00,90.93,91.34,90.24,90.64,15090
2008-12-16 00:00:00,90.65,90.72,88.63,89.05,12007
2008-12-17 00:00:00,89.04,89.21,87.13,87.24,15723
2008-12-18 00:00:00,87.23,90.03,87.18,89.43,24653
2008-12-19 00:00:00,89.44,89.84,88.42,89.32,24202
2008-12-22 00:00:00,89.25,90.49,89.25,90.26,17883
2008-12-23 00:00:00,90.24,90.98,89.89,90.98,12910
2008-12-24 00:00:00,90.97,90.98,90.23,90.62,10454
2008-12-26 00:00:00,90.51,90.82,90.36,90.8,2298
2008-12-29 00:00:00,90.65,90.75,89.77,90.66,5317
2008-12-30 00:00:00,90.68,90.96,90.02,90.32,5318
2008-12-31 00:00:00,90.3,90.89,90.14,90.86,4718
2009-01-02 00:00:00,91.17,92.41,90.79,91.82,5054
2009-01-05 00:00:00,92.12,93.58,91.8,93.35,10341
2009-01-06 00:00:00,93.37,94.61,92.83,93.63,11351
2009-01-07 00:00:00,93.64,94.13,92.32,92.65,11873
2009-01-08 00:00:00,92.64,92.91,90.84,91.19,12512
2009-01-09 00:00:00,91.2,91.65,90.15,90.38,17668
2009-01-12 00:00:00,90.04,90.25,88.88,89.21,13519
2009-01-13 00:00:00,89.19,89.87,88.79,89.37,17308
2009-01-14 00:00:00,89.36,89.96,88.6,89.04,15526
2009-01-15 00:00:00,89.05,90.02,88.47,89.82,17963
2009-01-16 00:00:00,89.83,90.9,89.73,90.71,16494
2009-01-19 00:00:00,91.0,91.29,90.15,90.64,10513
2009-01-20 00:00:00,90.7,90.96,89.67,89.75,17975
2009-01-21 00:00:00,89.76,90.15,87.12,89.48,19101
2009-01-22 00:00:00,89.47,89.55,88.06,88.91,21187
2009-01-23 00:00:00,88.9,89.62,87.98,88.74,20263
2009-01-26 00:00:00,88.4,89.68,88.25,89.08,21055
2009-01-27 00:00:00,89.09,90.06,88.42,88.96,19489
2009-01-28 00:00:00,88.95,90.74,88.87,90.26,16225
2009-01-29 00:00:00,90.25,90.64,89.46,90.01,15216
2009-01-30 00:00:00,90.0,90.14,89.15,89.9,19665
2009-02-02 00:00:00,89.68,89.97,88.8,89.44,15009
2009-02-03 00:00:00,89.43,89.96,88.58,89.43,16499
2009-02-04 00:00:00,89.42,89.77,88.81,89.42,17466
2009-02-05 00:00:00,89.41,92.23,89.21,91.21,17742
2009-02-06 00:00:00,91.22,92.19,90.72,91.88,17733
2009-02-09 00:00:00,92.11,92.396,90.88,91.455,33890
2009-02-10 00:00:00,91.445,91.66,90.11,90.46,32251
2009-02-11 00:00:00,90.45,90.755,89.695,90.38,20302
2009-02-12 00:00:00,90.39,91.11,89.795,90.93,23504
2009-02-13 00:00:00,90.94,92.145,90.525,91.845,21813
2009-02-16 00:00:00,91.805,92.065,91.415,91.726,12443
2009-02-17 00:00:00,91.701,92.74,91.545,92.4,23958
2009-02-18 00:00:00,92.39,93.945,92.08,93.77,23266
2009-02-19 00:00:00,93.78,94.455,93.293,94.18,25336
2009-02-20 00:00:00,94.17,94.375,92.5,93.33,20675
2009-02-23 00:00:00,93.505,94.937,92.759,94.595,40629
2009-02-24 00:00:00,94.594,96.923,94.248,96.619,51653
2009-02-25 00:00:00,96.627,97.77,96.351,97.38,42350
2009-02-26 00:00:00,97.377,98.7,97.305,98.505,35688
2009-02-27 00:00:00,98.502,98.599,96.841,97.565,43592
2009-03-02 00:00:00,97.647,97.89,96.91,97.425,38831
2009-03-03 00:00:00,97.438,98.576,96.981,98.142,37894
2009-03-04 00:00:00,98.15,99.469,98.12,99.14,34111
2009-03-05 00:00:00,99.135,99.667,97.706,98.073,33471
2009-03-06 00:00:00,98.075,98.503,96.564,98.235,35253
2009-03-09 00:00:00,98.256,99.18,97.891,98.775,30831
2009-03-10 00:00:00,98.774,99.126,97.892,98.706,33531
2009-03-11 00:00:00,98.701,98.841,97.026,97.271,34060
2009-03-12 00:00:00,97.273,98.516,95.646,97.496,47663
2009-03-13 00:00:00,97.493,98.647,97.131,98.001,42285
2009-03-16 00:00:00,98.076,98.629,97.958,98.151,35374
2009-03-17 00:00:00,98.161,98.957,98.146,98.633,36322
2009-03-18 00:00:00,98.636,98.826,95.661,96.011,41066
2009-03-19 00:00:00,96.012,96.591,93.533,94.501,55834
2009-03-20 00:00:00,94.502,96.252,94.141,95.928,33240
2009-03-23 00:00:00,95.659,97.349,95.636,97.151,33363
2009-03-24 00:00:00,97.161,98.553,96.906,97.843,40485
2009-03-25 00:00:00,97.841,98.341,96.986,97.658,39325
2009-03-26 00:00:00,97.656,98.856,97.43,98.822,35002
2009-03-27 00:00:00,98.821,98.834,97.092,97.846,39477
2009-03-30 00:00:00,98.065,98.303,95.981,97.241,36918
2009-03-31 00:00:00,97.242,99.351,97.212,98.961,50794
2009-04-01 00:00:00,98.949,99.453,98.225,98.506,41005
2009-04-02 00:00:00,98.496,99.89,98.391,99.511,36440
2009-04-03 00:00:00,99.516,100.361,99.325,100.293,37084
2009-04-06 00:00:00,100.307,101.43,100.199,100.981,32086
2009-04-07 00:00:00,100.971,101.091,99.843,100.401,42825
2009-04-08 00:00:00,100.416,100.85,99.311,99.749,41645
2009-04-09 00:00:00,99.746,100.559,99.631,100.406,33526
2009-04-10 00:00:00,100.409,100.711,100.197,100.211,14051
2009-04-13 00:00:00,100.39,100.711,99.851,100.086,22648
2009-04-14 00:00:00,100.081,100.411,98.727,98.969,37610
2009-04-15 00:00:00,98.968,99.651,98.134,99.356,41988
2009-04-16 00:00:00,99.359,99.497,98.5,99.261,38587
2009-04-17 00:00:00,99.226,99.741,98.694,99.135,36568
2009-04-20 00:00:00,99.186,99.396,97.652,97.878,37179
2009-04-21 00:00:00,97.876,98.904,97.721,98.716,41377
2009-04-22 00:00:00,98.696,98.726,97.542,98.001,38304
2009-04-23 00:00:00,98.005,98.426,97.618,97.934,36252
2009-04-24 00:00:00,97.946,98.136,96.626,97.156,36930
2009-04-27 00:00:00,96.832,97.101,96.418,96.756,35615
2009-04-28 00:00:00,96.761,96.785,95.614,96.431,38903
2009-04-29 00:00:00,96.433,97.961,96.372,97.645,36818
2009-04-30 00:00:00,97.641,98.981,97.136,98.614,41296
2009-05-01 00:00:00,98.616,99.572,98.515,99.098,29329
2009-05-04 00:00:00,99.276,99.56,98.712,98.781,22403
2009-05-05 00:00:00,98.791,99.201,98.601,98.811,28659
2009-05-06 00:00:00,98.917,99.066,97.936,98.3,33893
2009-05-07 00:00:00,98.305,99.717,98.251,99.106,35907
2009-05-08 00:00:00,99.104,99.607,98.308,98.451,35228
2009-05-11 00:00:00,98.674,98.835,97.245,97.471,34567
2009-05-12 00:00:00,97.486,97.826,96.102,96.434,40482
2009-05-13 00:00:00,96.431,96.676,95.125,95.291,42428
2009-05-14 00:00:00,95.286,95.847,95.1,95.785,43284
2009-05-15 00:00:00,95.788,96.167,94.723,95.2,47836
2009-05-18 00:00:00,95.033,96.45,94.556,96.292,42891
2009-05-19 00:00:00,96.29,96.68,95.9,95.95,49521
2009-05-20 00:00:00,95.95,96.21,94.69,94.87,58050
2009-05-21 00:00:00,94.87,95.24,93.97,94.39,53455
2009-05-22 00:00:00,94.39,94.89,93.85,94.76,70045
2009-05-25 00:00:00,94.69,95.19,94.42,94.82,35886
2009-05-26 00:00:00,94.81,95.12,94.51,95.02,68861
2009-05-27 00:00:00,95.01,95.49,94.65,95.32,67368
2009-05-28 00:00:00,95.32,97.22,95.22,96.83,76534
2009-05-29 00:00:00,96.83,96.99,95.06,95.3,67918
2009-06-01 00:00:00,95.28,96.78,94.44,96.58,68160
2009-06-02 00:00:00,96.56,96.63,95.33,95.75,79752
2009-06-03 00:00:00,95.75,96.4,95.38,95.96,79528
2009-06-04 00:00:00,95.97,96.96,95.87,96.56,83550
2009-06-05 00:00:00,96.56,98.87,96.5,98.64,76720
2009-06-08 00:00:00,98.56,98.84,98.21,98.47,69044
2009-06-09 00:00:00,98.47,98.56,97.25,97.38,76888
2009-06-10 00:00:00,97.37,98.42,97.08,98.11,72717
2009-06-11 00:00:00,98.1,98.54,97.29,97.61,66327
2009-06-12 00:00:00,97.61,98.43,97.46,98.42,30088
2009-06-15 00:00:00,98.39,98.57,97.59,97.82,10979
2009-06-16 00:00:00,97.83,97.89,96.08,96.39,17265
2009-06-17 00:00:00,96.38,96.78,95.52,95.75,13414
2009-06-18 00:00:00,95.74,96.69,95.63,96.51,11249
2009-06-19 00:00:00,96.53,97.19,96.01,96.27,10142
2009-06-22 00:00:00,96.24,96.31,95.72,95.86,9797
2009-06-23 00:00:00,95.85,95.96,94.88,95.22,13111
2009-06-24 00:00:00,95.21,95.91,95.03,95.65,13043
2009-06-25 00:00:00,95.66,96.563,95.62,95.951,35265
2009-06-26 00:00:00,95.941,96.037,95.043,95.187,67535
2009-06-29 00:00:00,95.271,96.164,95.152,96.057,53424
2009-06-30 00:00:00,96.056,96.503,95.307,96.345,65962
2009-07-01 00:00:00,96.344,96.967,96.165,96.643,60653
2009-07-02 00:00:00,96.641,96.88,95.71,95.94,35883
2009-07-03 00:00:00,95.93,96.12,95.7,96.04,6620
2009-07-06 00:00:00,96.06,96.06,94.67,95.37,12915
2009-07-07 00:00:00,95.36,95.45,94.72,94.88,10181
2009-07-08 00:00:00,94.87,94.89,91.81,92.89,18045
2009-07-09 00:00:00,92.9,93.6,92.38,92.99,15345
2009-07-10 00:00:00,93.0,93.19,91.78,92.54,16157
2009-07-13 00:00:00,92.45,93.03,91.74,92.98,13424
2009-07-14 00:00:00,92.97,93.76,92.71,93.5,17827
2009-07-15 00:00:00,93.52,94.46,93.27,94.23,12185
2009-07-16 00:00:00,94.24,94.45,93.26,93.93,12604
2009-07-17 00:00:00,93.92,94.37,93.49,94.21,10856
2009-07-20 00:00:00,94.26,94.79,94.14,94.19,13668
2009-07-21 00:00:00,94.18,94.39,93.29,93.74,12568
2009-07-22 00:00:00,93.75,93.86,93.1,93.66,12784
2009-07-23 00:00:00,93.65,95.3,93.54,94.95,12369
2009-07-24 00:00:00,94.96,95.16,94.6,94.8,10100
2009-07-27 00:00:00,94.74,95.38,94.69,95.19,9231
2009-07-28 00:00:00,95.18,95.27,94.04,94.55,10558
2009-07-29 00:00:00,94.54,95.36,94.02,95.0,12709
2009-07-30 00:00:00,95.02,95.89,94.84,95.56,10036
2009-07-31 00:00:00,95.57,95.83,94.51,94.67,9750
2009-08-03 00:00:00,94.93,95.42,94.83,95.27,4620
2009-08-04 00:00:00,95.26,95.46,94.37,95.25,9670
2009-08-05 00:00:00,95.24,95.4,94.64,94.97,11261
2009-08-06 00:00:00,94.96,95.81,94.78,95.46,11621
2009-08-07 00:00:00,95.45,97.79,95.06,97.57,11269
2009-08-10 00:00:00,97.64,97.65,96.92,97.15,11038
2009-08-11 00:00:00,97.14,97.16,95.77,95.99,10794
2009-08-12 00:00:00,95.98,96.72,95.13,96.05,12391
2009-08-13 00:00:00,96.06,96.49,95.05,95.48,11957
2009-08-14 00:00:00,95.47,95.47,94.43,94.92,10589
2009-08-17 00:00:00,94.77,94.87,94.21,94.51,10322
2009-08-18 00:00:00,94.52,95.29,94.35,94.68,9659
2009-08-19 00:00:00,94.69,94.96,93.68,94.07,12567
2009-08-20 00:00:00,94.06,94.56,93.86,94.19,10023
2009-08-21 00:00:00,94.2,94.72,93.43,94.38,9844
2009-08-24 00:00:00,94.37,95.06,94.37,94.56,7928
2009-08-25 00:00:00,94.57,94.64,93.8,94.18,9326
2009-08-26 00:00:00,94.19,94.56,93.89,94.26,8865
2009-08-27 00:00:00,94.25,94.29,93.23,93.52,10342
2009-08-28 00:00:00,93.53,94.07,93.43,93.59,8745
2009-08-31 00:00:00,93.51,93.52,92.55,93.11,8231
2009-09-01 00:00:00,93.13,93.41,92.81,92.9,49360
2009-09-02 00:00:00,92.9,93.04,92.1,92.19,51593
2009-09-03 00:00:00,92.2,92.77,91.94,92.62,45182
2009-09-04 00:00:00,92.62,93.23,92.29,92.98,41424
2009-09-07 00:00:00,92.95,93.28,92.82,93.05,33653
2009-09-08 00:00:00,93.06,93.08,92.03,92.31,44907
2009-09-09 00:00:00,92.31,92.58,91.61,92.03,27928
2009-09-10 00:00:00,92.02,92.25,91.45,91.73,7880
2009-09-11 00:00:00,91.74,91.78,90.21,90.7,8529
2009-09-14 00:00:00,90.41,91.12,90.2,90.93,7911
2009-09-15 00:00:00,90.92,91.62,90.78,91.03,8131
2009-09-16 00:00:00,91.04,91.35,90.12,90.92,9553
2009-09-17 00:00:00,90.93,91.61,90.52,91.07,9389
2009-09-18 00:00:00,91.08,91.53,90.99,91.28,7696
2009-09-21 00:00:00,91.46,92.52,91.3,91.93,6151
2009-09-22 00:00:00,91.92,92.07,90.93,91.09,7323
2009-09-23 00:00:00,91.08,91.53,90.48,91.27,8192
2009-09-24 00:00:00,91.28,91.62,90.35,91.25,8779
2009-09-25 00:00:00,91.27,91.34,89.51,89.63,9939
2009-09-28 00:00:00,89.64,89.77,88.24,89.64,10007
2009-09-29 00:00:00,89.63,90.36,89.6,90.09,8741
2009-09-30 00:00:00,90.08,90.4,89.35,89.7,8288
2009-10-01 00:00:00,89.69,90.16,89.41,89.62,7745
2009-10-02 00:00:00,89.64,89.91,88.6,89.79,8315
2009-10-05 00:00:00,89.48,89.97,89.41,89.52,5068
2009-10-06 00:00:00,89.53,89.63,88.62,88.8,23719
2009-10-07 00:00:00,88.79,89.38,88.0,88.6,8689
2009-10-08 00:00:00,88.59,88.7,88.14,88.39,7805
2009-10-09 00:00:00,88.4,89.87,88.35,89.77,8312
2009-10-12 00:00:00,89.7,90.45,89.63,89.82,5305
2009-10-13 00:00:00,89.83,90.18,89.43,89.7,7382
2009-10-14 00:00:00,89.69,89.89,88.83,89.42,7677
2009-10-15 00:00:00,89.41,90.77,89.26,90.55,7765
2009-10-16 00:00:00,90.56,91.31,90.5,90.88,8348
2009-10-19 00:00:00,90.95,91.11,90.36,90.55,6552
2009-10-20 00:00:00,90.54,91.06,90.07,90.75,7857
2009-10-21 00:00:00,90.65,91.27,90.48,90.98,7292
2009-10-22 00:00:00,90.97,91.7,90.78,91.3,6770
2009-10-23 00:00:00,91.29,92.12,91.28,92.04,6918
2009-10-26 00:00:00,92.1,92.28,91.57,92.21,6189
2009-10-27 00:00:00,92.2,92.32,91.7,91.78,6413
2009-10-28 00:00:00,91.77,91.79,90.55,90.66,7983
2009-10-29 00:00:00,90.65,91.61,90.24,91.46,7443
2009-10-30 00:00:00,91.47,91.566,89.919,90.081,51555
2009-11-02 00:00:00,89.663,90.637,89.441,90.207,53309
2009-11-03 00:00:00,90.206,90.567,89.864,90.334,44709
2009-11-04 00:00:00,90.331,91.263,90.055,90.719,49007
2009-11-05 00:00:00,90.713,90.846,89.99,90.726,51355
2009-11-06 00:00:00,90.725,90.86,89.61,89.861,47970
2009-11-09 00:00:00,89.837,90.256,89.683,89.925,42737
2009-11-10 00:00:00,89.922,90.167,89.679,89.795,43026
2009-11-11 00:00:00,89.793,90.027,89.288,89.872,47546
2009-11-12 00:00:00,89.87,90.602,89.639,90.356,47803
2009-11-13 00:00:00,90.36,90.399,89.458,89.648,43210
2009-11-16 00:00:00,89.562,89.695,88.749,89.046,45281
2009-11-17 00:00:00,89.045,89.528,88.732,89.254,50135
2009-11-18 00:00:00,89.253,89.478,89.006,89.297,41677
2009-11-19 00:00:00,89.299,89.429,88.637,88.973,49954
2009-11-20 00:00:00,88.968,89.127,88.677,88.866,44303
2009-11-23 00:00:00,88.818,89.18,88.572,88.94,36871
2009-11-24 00:00:00,88.941,89.034,88.348,88.482,41063
2009-11-25 00:00:00,88.47,88.627,87.21,87.344,40467
2009-11-26 00:00:00,87.343,87.484,86.304,86.564,43386
2009-11-27 00:00:00,86.566,87.001,84.819,86.521,53210
2009-11-30 00:00:00,86.567,86.842,85.861,86.381,48523
2009-12-01 00:00:00,86.379,87.526,86.156,86.673,45141
2009-12-02 00:00:00,86.67,87.479,86.586,87.381,41026
2009-12-03 00:00:00,87.373,88.47,87.305,88.252,43631
2009-12-04 00:00:00,88.253,90.756,87.991,90.539,48144
2009-12-07 00:00:00,90.252,90.358,89.038,89.499,52080
2009-12-08 00:00:00,89.498,89.511,88.175,88.42,58390
2009-12-09 00:00:00,88.421,88.686,87.367,87.855,51658
2009-12-10 00:00:00,87.856,88.443,87.733,88.187,43990
2009-12-11 00:00:00,88.186,89.799,88.185,89.097,44885
2009-12-14 00:00:00,89.285,89.305,88.314,88.607,39137
2009-12-15 00:00:00,88.606,89.942,88.572,89.598,36970
2009-12-16 00:00:00,89.599,89.974,89.379,89.77,36073
2009-12-17 00:00:00,89.769,90.36,89.556,89.953,38198
2009-12-18 00:00:00,89.954,90.895,88.966,90.485,44542
2009-12-21 00:00:00,90.541,91.226,90.239,91.164,32003
2009-12-22 00:00:00,91.166,91.858,90.996,91.825,37875
2009-12-23 00:00:00,91.828,91.863,91.309,91.625,26704
2009-12-24 00:00:00,91.621,91.767,91.123,91.628,23848
2009-12-28 00:00:00,91.571,91.757,91.413,91.603,26679
2009-12-29 00:00:00,91.606,92.061,91.515,91.982,32433
2009-12-30 00:00:00,91.981,92.751,91.897,92.41,32749
2009-12-31 00:00:00,92.409,93.129,91.902,93.129,25916
2010-01-04 00:00:00,92.918,93.206,92.181,92.503,40796
2010-01-05 00:00:00,92.504,92.537,91.247,91.708,43284
2010-01-06 00:00:00,91.704,92.734,91.516,92.298,41205
2010-01-07 00:00:00,92.299,93.391,92.103,93.353,42193
2010-01-08 00:00:00,93.354,93.748,92.277,92.65,37439
2010-01-11 00:00:00,92.571,92.655,91.807,92.067,35012
2010-01-12 00:00:00,92.065,92.418,90.74,90.969,43897
2010-01-13 00:00:00,90.97,91.548,90.903,91.363,41085
2010-01-14 00:00:00,91.359,92.037,90.839,91.201,39798
2010-01-15 00:00:00,91.203,91.312,90.597,90.757,43121
2010-01-18 00:00:00,90.9,91.054,90.619,90.776,31275
2010-01-19 00:00:00,90.774,91.257,90.31,91.134,46513
2010-01-20 00:00:00,91.133,91.45,90.785,91.212,46939
2010-01-21 00:00:00,91.211,91.868,90.106,90.419,53784
2010-01-22 00:00:00,90.417,90.552,89.775,89.812,57659
2010-01-25 00:00:00,89.929,90.327,89.812,90.264,40001
2010-01-26 00:00:00,90.265,90.54,89.338,89.638,53059
2010-01-27 00:00:00,89.637,90.072,89.132,89.983,52613
2010-01-28 00:00:00,89.982,90.537,89.626,89.904,49154
2010-01-29 00:00:00,89.9,90.909,89.577,90.255,50111
2010-02-01 00:00:00,90.205,90.931,89.987,90.617,41111
2010-02-02 00:00:00,90.615,90.903,90.28,90.368,38871
2010-02-03 00:00:00,90.371,91.265,90.068,90.974,39346
2010-02-04 00:00:00,90.973,91.067,88.572,89.033,42469
2010-02-05 00:00:00,89.036,89.865,88.816,89.237,55013
2010-02-08 00:00:00,89.145,89.556,89.136,89.244,39211
2010-02-09 00:00:00,89.242,89.798,89.154,89.68,44300
2010-02-10 00:00:00,89.679,90.048,89.238,89.929,43609
2010-02-11 00:00:00,89.943,90.131,89.566,89.753,34956
2010-02-12 00:00:00,89.754,90.404,89.581,89.943,41995
2010-02-15 00:00:00,90.009,90.223,89.909,89.997,23493
2010-02-16 00:00:00,89.996,90.497,89.706,90.126,40141
2010-02-17 00:00:00,90.13,91.368,90.124,91.238,45350
2010-02-18 00:00:00,91.239,91.81,90.573,91.796,46309
2010-02-19 00:00:00,91.796,92.141,91.489,91.505,43874
2010-02-22 00:00:00,91.634,91.891,91.019,91.134,31827
2010-02-23 00:00:00,91.133,91.288,89.92,90.211,38639
2010-02-24 00:00:00,90.196,90.352,89.761,90.135,35966
2010-02-25 00:00:00,90.133,90.309,88.801,89.05,42809
2010-02-26 00:00:00,89.063,89.494,88.741,88.956,39264
2010-03-01 00:00:00,88.931,89.473,88.807,89.118,33864
2010-03-02 00:00:00,89.12,89.37,88.55,88.841,36760
2010-03-03 00:00:00,88.839,88.989,88.318,88.444,40176
2010-03-04 00:00:00,88.443,89.248,88.136,89.005,38190
2010-03-05 00:00:00,89.004,90.584,88.97,90.27,35202
2010-03-08 00:00:00,90.599,90.656,90.149,90.301,25863
2010-03-09 00:00:00,90.304,90.322,89.63,89.956,28164
2010-03-10 00:00:00,89.952,90.816,89.836,90.505,25876
2010-03-11 00:00:00,90.508,90.705,90.206,90.496,24942
2010-03-12 00:00:00,90.495,91.08,90.166,90.548,29999
2010-03-15 00:00:00,90.597,90.788,90.352,90.479,26642
2010-03-16 00:00:00,90.481,90.731,89.974,90.248,34173
2010-03-17 00:00:00,90.247,90.705,90.027,90.305,32271
2010-03-18 00:00:00,90.306,90.794,89.762,90.347,36645
2010-03-19 00:00:00,90.349,90.71,90.33,90.535,25561
2010-03-22 00:00:00,90.505,90.766,89.83,90.066,23250
2010-03-23 00:00:00,90.064,90.466,90.052,90.441,27591
2010-03-24 00:00:00,90.444,92.388,90.346,92.169,35854
2010-03-25 00:00:00,92.17,92.949,91.757,92.668,33757
2010-03-26 00:00:00,92.667,92.888,92.301,92.505,32136
2010-03-29 00:00:00,92.436,92.78,92.35,92.451,29632
2010-03-30 00:00:00,92.449,93.008,92.116,92.769,33116
2010-03-31 00:00:00,92.753,93.626,92.746,93.453,42149
2010-04-01 00:00:00,93.456,94.035,93.278,93.81,33908
2010-04-02 00:00:00,93.809,94.683,93.618,94.596,23975
2010-04-05 00:00:00,94.643,94.643,94.079,94.354,20483
2010-04-06 00:00:00,94.356,94.366,93.657,93.78,32822
2010-04-07 00:00:00,93.778,94.251,93.145,93.332,33232
2010-04-08 00:00:00,93.329,93.475,92.827,93.371,33890
2010-04-09 00:00:00,93.384,93.776,93.109,93.166,29914
2010-04-12 00:00:00,93.177,93.597,93.027,93.233,31224
2010-04-13 00:00:00,93.232,93.403,92.57,93.192,35921
2010-04-14 00:00:00,93.191,93.71,92.821,93.215,36444
2010-04-15 00:00:00,93.22,93.515,92.864,93.014,35551
2010-04-16 00:00:00,92.993,93.134,91.898,92.162,43183
2010-04-19 00:00:00,92.006,92.456,91.595,92.385,35878
2010-04-20 00:00:00,92.387,93.387,92.386,93.212,33142
2010-04-21 00:00:00,93.214,93.435,92.931,93.175,33961
2010-04-22 00:00:00,93.176,93.599,92.738,93.475,39652
2010-04-23 00:00:00,93.472,94.304,93.306,93.952,37925
2010-04-26 00:00:00,94.096,94.35,93.923,93.95,35171
2010-04-27 00:00:00,93.949,94.029,92.811,93.253,45640
2010-04-28 00:00:00,93.255,94.307,92.986,94.024,50642
2010-04-29 00:00:00,94.026,94.256,93.846,94.02,34304
2010-04-30 00:00:00,94.025,94.578,93.824,93.838,39404
2010-05-03 00:00:00,93.932,94.776,93.838,94.527,27352
2010-05-04 00:00:00,94.531,94.975,94.319,94.54,37125
2010-05-05 00:00:00,94.542,94.978,93.533,93.803,43897
2010-05-06 00:00:00,93.809,93.972,88.254,90.587,65145
2010-05-07 00:00:00,90.594,93.201,90.007,91.581,87384
2010-05-10 00:00:00,92.676,93.533,91.759,93.283,59597
2010-05-11 00:00:00,93.284,93.383,92.211,92.635,53016
2010-05-12 00:00:00,92.622,93.278,92.439,93.235,48027
2010-05-13 00:00:00,93.237,93.623,92.585,92.742,42861
2010-05-14 00:00:00,92.741,93.08,91.799,92.447,48725
2010-05-15 00:00:00,92.446,92.446,92.446,92.446,1
2010-05-17 00:00:00,92.328,92.688,91.758,92.587,128135
2010-05-18 00:00:00,92.588,92.962,92.11,92.232,52186
2010-05-19 00:00:00,92.231,92.233,90.95,91.69,40876
2010-05-20 00:00:00,91.68,91.87,88.995,89.673,37613
2010-05-21 00:00:00,89.677,90.468,89.034,90.007,64580
2010-05-22 00:00:00,89.986,89.986,89.975,89.975,3
2010-05-24 00:00:00,90.166,90.608,89.74,90.281,40536
2010-05-25 00:00:00,90.282,90.302,89.279,90.21,50112
2010-05-26 00:00:00,90.211,90.663,89.82,89.885,46733
2010-05-27 00:00:00,89.882,91.075,89.808,91.034,53468
2010-05-28 00:00:00,91.029,91.4,90.6,91.051,46398
2010-05-29 00:00:00,91.05,91.05,91.049,91.049,2
2010-05-31 00:00:00,90.976,91.604,90.916,91.263,33980
2010-06-01 00:00:00,91.264,91.445,90.533,90.935,57645
2010-06-02 00:00:00,90.937,92.348,90.886,92.117,55050
2010-06-03 00:00:00,92.116,92.798,92.036,92.698,51215
2010-06-04 00:00:00,92.693,92.877,91.417,91.885,49527
2010-06-05 00:00:00,91.88,91.885,91.88,91.885,2
2010-06-07 00:00:00,91.849,92.074,90.977,91.359,58157
2010-06-08 00:00:00,91.366,91.917,90.848,91.447,56928
2010-06-09 00:00:00,91.449,91.663,91.05,91.29,46989
2010-06-10 00:00:00,91.289,91.462,90.846,91.314,53359
2010-06-11 00:00:00,91.312,91.766,91.248,91.644,59083
2010-06-14 00:00:00,91.719,92.104,91.412,91.569,41403
2010-06-15 00:00:00,91.566,91.684,91.077,91.439,68080
2010-06-16 00:00:00,91.439,91.811,91.097,91.432,37895
2010-06-17 00:00:00,91.435,91.436,90.508,90.998,39472
2010-06-18 00:00:00,90.996,91.074,90.439,90.698,33985
2010-06-19 00:00:00,90.695,90.696,90.69,90.695,6
2010-06-21 00:00:00,90.428,91.465,90.285,91.096,43151
2010-06-22 00:00:00,91.094,91.094,90.327,90.559,35729
2010-06-23 00:00:00,90.558,90.579,89.729,89.803,26894
2010-06-24 00:00:00,89.804,89.968,89.221,89.602,38602
2010-06-25 00:00:00,89.611,89.764,89.217,89.223,32848
2010-06-28 00:00:00,89.301,89.453,89.058,89.354,30624
2010-06-29 00:00:00,89.357,89.404,88.279,88.583,37809
2010-06-30 00:00:00,88.591,88.76,88.357,88.418,42153
2010-07-01 00:00:00,88.421,88.549,86.963,87.591,48645
2010-07-02 00:00:00,87.589,88.197,87.326,87.738,41581
2010-07-05 00:00:00,87.719,87.997,87.627,87.756,17002
2010-07-06 00:00:00,87.755,87.971,87.345,87.51,36192
2010-07-07 00:00:00,87.511,87.767,87.015,87.689,37436
2010-07-08 00:00:00,87.691,88.642,87.65,88.331,39415
2010-07-09 00:00:00,88.328,88.695,88.319,88.609,29991
2010-07-10 00:00:00,88.61,88.61,88.61,88.61,1
2010-07-12 00:00:00,88.678,89.145,88.384,88.606,29525
2010-07-13 00:00:00,88.605,88.859,88.025,88.713,93296
2010-07-14 00:00:00,88.674,89.097,88.07,88.387,36865
2010-07-15 00:00:00,88.393,88.484,87.224,87.382,40833
2010-07-16 00:00:00,87.384,87.495,86.262,86.564,38818
2010-07-19 00:00:00,86.6,87.209,86.474,86.682,31749
2010-07-20 00:00:00,86.679,87.563,86.654,87.492,38137
2010-07-21 00:00:00,87.493,87.5,86.86,87.039,36606
2010-07-22 00:00:00,87.042,87.208,86.337,86.932,36231
2010-07-23 00:00:00,86.931,87.492,86.73,87.455,38234
2010-07-26 00:00:00,87.53,87.709,86.818,86.87,30763
2010-07-27 00:00:00,86.869,87.967,86.823,87.897,33646
2010-07-28 00:00:00,87.896,88.11,87.256,87.455,36105
2010-07-29 00:00:00,87.456,87.5,86.563,86.781,32518
2010-07-30 00:00:00,86.777,86.969,85.98,86.458,37209
2010-08-02 00:00:00,86.41,86.871,86.314,86.489,26912
2010-08-03 00:00:00,86.487,86.644,85.666,85.777,30440
2010-08-04 00:00:00,85.775,86.375,85.318,86.257,31037
2010-08-05 00:00:00,86.258,86.442,85.708,85.814,29406
2010-08-06 00:00:00,85.811,86.171,85.016,85.494,29359
2010-08-07 00:00:00,85.497,85.497,85.497,85.497,1
2010-08-09 00:00:00,85.37,85.942,85.295,85.921,21115
2010-08-10 00:00:00,85.918,86.222,85.176,85.429,32151
2010-08-11 00:00:00,85.43,85.456,84.719,85.313,38365
2010-08-12 00:00:00,85.31,85.977,84.927,85.891,37091
2010-08-13 00:00:00,85.892,86.365,85.562,86.185,30806
2010-08-16 00:00:00,86.221,86.221,85.204,85.314,26531
2010-08-17 00:00:00,85.316,85.667,85.11,85.514,28649
2010-08-18 00:00:00,85.512,85.672,85.185,85.447,26093
2010-08-19 00:00:00,85.444,85.908,84.885,85.379,33484
2010-08-20 00:00:00,85.381,85.811,85.186,85.608,29663
2010-08-23 00:00:00,85.6,85.657,85.086,85.151,24832
2010-08-24 00:00:00,85.149,85.182,83.619,83.912,40146
2010-08-25 00:00:00,83.909,84.824,83.891,84.559,39995
2010-08-26 00:00:00,84.562,84.876,84.32,84.437,32432
2010-08-27 00:00:00,84.436,85.447,84.269,85.211,39221
2010-08-28 00:00:00,85.217,85.217,85.208,85.215,4
2010-08-30 00:00:00,85.35,85.894,84.499,84.609,32714
2010-08-31 00:00:00,84.611,84.654,83.821,84.179,37977
2010-09-01 00:00:00,84.177,84.656,83.666,84.429,33985
2010-09-02 00:00:00,84.428,84.546,83.994,84.266,28926
2010-09-03 00:00:00,84.262,85.216,84.161,84.3,25730
2010-09-04 00:00:00,84.297,84.297,84.297,84.297,1
2010-09-06 00:00:00,84.33,84.484,84.041,84.199,16574
2010-09-07 00:00:00,84.2,84.249,83.508,83.828,28535
2010-09-08 00:00:00,83.829,84.033,83.338,83.866,35984
2010-09-09 00:00:00,83.867,84.015,83.486,83.767,32493
2010-09-10 00:00:00,83.768,84.371,83.745,84.137,32070
2010-09-11 00:00:00,84.138,84.138,84.138,84.138,1
2010-09-13 00:00:00,84.17,84.354,83.502,83.696,31353
2010-09-14 00:00:00,83.695,83.744,82.92,83.027,36936
2010-09-15 00:00:00,83.026,85.763,82.869,85.737,53423
2010-09-16 00:00:00,85.735,85.916,85.224,85.77,37751
2010-09-17 00:00:00,85.768,85.922,85.59,85.842,32211
2010-09-20 00:00:00,85.74,85.796,85.5,85.686,16659
2010-09-21 00:00:00,85.684,85.762,84.974,85.078,32514
2010-09-22 00:00:00,85.079,85.173,84.267,84.483,26148
2010-09-23 00:00:00,84.481,84.665,84.258,84.372,29056
2010-09-24 00:00:00,84.388,85.376,84.118,84.199,17761
2010-09-27 00:00:00,84.29,84.384,84.107,84.278,26770
2010-09-28 00:00:00,84.277,84.337,83.691,83.861,28162
2010-09-29 00:00:00,83.858,84.076,83.494,83.692,25771
2010-09-30 00:00:00,83.691,83.806,83.162,83.512,35184
2010-10-01 00:00:00,83.513,83.569,83.156,83.208,31862
2010-10-04 00:00:00,83.26,83.858,83.179,83.348,27896
2010-10-05 00:00:00,83.343,83.972,82.956,83.213,36811
2010-10-06 00:00:00,83.211,83.259,82.759,82.92,33113
2010-10-07 00:00:00,82.915,83.017,82.106,82.401,37856
2010-10-08 00:00:00,82.402,82.556,81.719,82.07,30333
2010-10-11 00:00:00,81.56,82.174,81.53,82.057,14012
2010-10-12 00:00:00,82.058,82.338,81.661,81.706,33674
2010-10-13 00:00:00,81.705,81.996,81.659,81.796,28882
2010-10-14 00:00:00,81.794,81.836,80.881,81.469,34566
2010-10-15 00:00:00,81.471,81.614,80.896,81.445,28950
2010-10-16 00:00:00,81.442,81.442,81.437,81.437,2
2010-10-18 00:00:00,81.435,81.468,81.122,81.264,28322
2010-10-19 00:00:00,81.261,81.913,81.135,81.576,36787
2010-10-20 00:00:00,81.572,81.653,80.839,81.076,33168
2010-10-21 00:00:00,81.08,81.812,80.912,81.32,38690
2010-10-22 00:00:00,81.321,81.496,80.985,81.36,32154
2010-10-23 00:00:00,81.358,81.358,81.358,81.358,1
2010-10-25 00:00:00,81.375,81.39,80.405,80.804,36780
2010-10-26 00:00:00,80.803,81.645,80.611,81.422,43463
2010-10-27 00:00:00,81.423,81.975,81.307,81.749,49273
2010-10-28 00:00:00,81.752,81.772,80.86,81.014,41132
2010-10-29 00:00:00,81.013,81.063,80.376,80.389,44576
2010-11-01 00:00:00,80.357,81.41,80.295,80.496,41597
2010-11-02 00:00:00,80.49,80.953,80.484,80.669,43432
2010-11-03 00:00:00,80.67,81.547,80.593,81.115,51521
2010-11-04 00:00:00,81.116,81.212,80.582,80.701,58989
2010-11-05 00:00:00,80.702,81.458,80.616,81.252,48388
2010-11-08 00:00:00,81.274,81.425,81.0,81.172,42106
2010-11-09 00:00:00,81.171,81.955,80.53,81.682,54728
2010-11-10 00:00:00,81.683,82.786,81.546,82.269,58609
2010-11-11 00:00:00,82.268,82.597,82.034,82.472,49324
2010-11-12 00:00:00,82.474,82.648,81.646,82.524,59048
2010-11-13 00:00:00,82.522,82.525,82.518,82.518,3
2010-11-15 00:00:00,82.493,83.252,82.391,83.068,52172
2010-11-16 00:00:00,83.069,83.585,82.846,83.298,59682
2010-11-17 00:00:00,83.297,83.546,83.031,83.171,52869
2010-11-18 00:00:00,83.171,83.775,83.099,83.514,63234
2010-11-19 00:00:00,83.513,83.635,83.136,83.521,55230
2010-11-20 00:00:00,83.533,83.537,83.533,83.536,5
2010-11-22 00:00:00,83.426,83.556,83.225,83.326,56662
2010-11-23 00:00:00,83.325,83.836,82.782,83.15,60970
2010-11-24 00:00:00,83.149,83.653,82.94,83.525,67214
2010-11-25 00:00:00,83.526,83.688,83.397,83.582,46264
2010-11-26 00:00:00,83.589,84.178,83.563,84.054,52740
2010-11-27 00:00:00,84.059,84.095,84.059,84.095,3
2010-11-29 00:00:00,84.043,84.398,83.817,84.245,53637
2010-11-30 00:00:00,84.245,84.307,83.416,83.665,71066
2010-12-01 00:00:00,83.673,84.38,83.377,84.175,75221
2010-12-02 00:00:00,84.182,84.355,83.487,83.809,69819
2010-12-03 00:00:00,83.809,83.887,82.518,82.523,69836
2010-12-04 00:00:00,82.524,82.525,82.523,82.525,5
2010-12-06 00:00:00,82.69,82.98,82.568,82.654,59984
2010-12-07 00:00:00,82.655,83.653,82.336,83.481,72765
2010-12-08 00:00:00,83.483,84.296,83.455,84.03,71310
2010-12-09 00:00:00,84.03,84.105,83.512,83.719,63598
2010-12-10 00:00:00,83.72,84.01,83.448,83.934,55040
2010-12-11 00:00:00,83.935,83.939,83.935,83.937,9
2010-12-13 00:00:00,83.988,84.342,83.102,83.381,59728
2010-12-14 00:00:00,83.377,83.765,82.838,83.65,59936
2010-12-15 00:00:00,83.649,84.494,83.596,84.228,65493
2010-12-16 00:00:00,84.228,84.437,83.899,83.906,60123
2010-12-17 00:00:00,83.909,84.197,83.687,83.97,60812
2010-12-18 00:00:00,83.973,83.978,83.973,83.976,5
2010-12-20 00:00:00,83.984,84.109,83.629,83.765,54456
2010-12-21 00:00:00,83.763,83.901,83.497,83.736,54006
2010-12-22 00:00:00,83.735,83.846,83.411,83.561,52544
2010-12-23 00:00:00,83.56,83.572,82.856,82.907,47990
2010-12-24 00:00:00,82.908,83.153,82.856,82.877,31462
2010-12-25 00:00:00,82.875,82.875,82.875,82.875,1
2010-12-27 00:00:00,82.899,82.967,82.645,82.799,42326
2010-12-28 00:00:00,82.809,82.843,81.814,82.375,51594
2010-12-29 00:00:00,82.377,82.463,81.605,81.608,44510
2010-12-30 00:00:00,81.607,81.847,81.286,81.515,50008
2010-12-31 00:00:00,81.507,81.537,80.934,81.135,31662
2011-01-01 00:00:00,81.129,81.129,81.126,81.126,2
2011-01-03 00:00:00,81.106,81.738,81.071,81.729,37388
2011-01-04 00:00:00,81.728,82.275,81.608,82.037,56365
2011-01-05 00:00:00,82.028,83.369,81.879,83.24,59998
2011-01-06 00:00:00,83.243,83.386,82.878,83.323,55082
2011-01-07 00:00:00,83.323,83.674,82.85,83.115,60798
2011-01-08 00:00:00,83.114,83.133,83.114,83.133,13
2011-01-10 00:00:00,83.138,83.274,82.665,82.7,47008
2011-01-11 00:00:00,82.7,83.488,82.676,83.233,49463
2011-01-12 00:00:00,83.232,83.459,82.808,82.991,53038
2011-01-13 00:00:00,82.988,83.146,82.547,82.803,54070
2011-01-14 00:00:00,82.806,83.059,82.408,82.85,59673
2011-01-15 00:00:00,82.849,82.849,82.847,82.847,3
2011-01-17 00:00:00,82.88,82.999,82.367,82.664,49265
2011-01-18 00:00:00,82.664,82.813,82.328,82.546,64187
2011-01-19 00:00:00,82.547,82.679,81.846,82.009,67938
2011-01-20 00:00:00,82.009,83.113,81.994,82.991,67905
2011-01-21 00:00:00,82.992,83.078,82.526,82.558,65059
2011-01-22 00:00:00,82.557,82.557,82.551,82.552,5
2011-01-24 00:00:00,82.661,82.913,82.301,82.517,58305
2011-01-25 00:00:00,82.518,82.658,81.975,82.244,69210
2011-01-26 00:00:00,82.242,82.598,81.976,82.163,67599
2011-01-27 00:00:00,82.164,83.196,82.017,82.927,72040
2011-01-28 00:00:00,82.921,82.921,81.987,82.099,72462
2011-01-29 00:00:00,82.108,82.114,82.104,82.111,10
2011-01-31 00:00:00,82.134,82.249,81.901,82.031,69765
2011-02-01 00:00:00,82.03,82.142,81.307,81.339,72358
2011-02-02 00:00:00,81.341,81.851,81.341,81.543,67558
2011-02-03 00:00:00,81.545,82.051,81.399,81.617,62288
2011-02-04 00:00:00,81.618,82.448,81.129,82.162,49180
2011-02-07 00:00:00,82.247,82.459,82.153,82.315,43378
2011-02-08 00:00:00,82.316,82.415,81.775,82.355,41742
2011-02-09 00:00:00,82.356,82.657,82.204,82.349,46294
2011-02-10 00:00:00,82.351,83.358,82.332,83.215,60775
2011-02-11 00:00:00,83.216,83.666,83.21,83.416,40905
2011-02-12 00:00:00,83.415,83.43,83.414,83.418,21
2011-02-14 00:00:00,83.451,83.491,83.093,83.313,57345
2011-02-15 00:00:00,83.314,83.909,83.192,83.759,58332
2011-02-16 00:00:00,83.759,83.964,83.491,83.67,57183
2011-02-17 00:00:00,83.669,83.728,83.157,83.3,46663
2011-02-18 00:00:00,83.3,83.512,83.027,83.164,50275
2011-02-19 00:00:00,83.162,83.162,83.162,83.162,1
2011-02-21 00:00:00,83.111,83.258,83.016,83.136,41687
2011-02-22 00:00:00,83.133,83.527,82.577,82.761,68922
2011-02-23 00:00:00,82.762,82.881,82.314,82.501,58046
2011-02-24 00:00:00,82.502,82.51,81.621,81.882,61306
2011-02-25 00:00:00,81.88,82.055,81.639,81.662,55649
2011-02-28 00:00:00,81.67,81.972,81.616,81.77,56310
2011-03-01 00:00:00,81.771,82.228,81.729,81.843,67439
2011-03-02 00:00:00,81.843,82.107,81.576,81.855,55415
2011-03-03 00:00:00,81.858,82.507,81.721,82.435,59605
2011-03-04 00:00:00,82.433,83.026,82.208,82.302,55539
2011-03-05 00:00:00,82.303,82.303,82.303,82.303,1
2011-03-07 00:00:00,82.221,82.381,81.947,82.231,60573
2011-03-08 00:00:00,82.23,82.847,82.206,82.657,58728
2011-03-09 00:00:00,82.658,82.926,82.569,82.73,58855
2011-03-10 00:00:00,82.731,83.163,82.694,82.972,65526
2011-03-11 00:00:00,82.896,83.287,81.651,81.83,68769
2011-03-12 00:00:00,81.867,81.867,81.867,81.867,1
2011-03-14 00:00:00,81.477,82.426,81.201,81.678,68898
2011-03-15 00:00:00,81.675,81.958,80.605,80.749,83159
2011-03-16 00:00:00,80.749,81.162,76.404,77.205,83400
2011-03-17 00:00:00,77.192,79.729,77.172,79.094,115050
2011-03-18 00:00:00,79.093,81.957,79.061,80.582,94569
2011-03-21 00:00:00,80.867,81.31,80.744,81.113,53604
2011-03-22 00:00:00,81.11,81.277,80.845,80.98,59739
2011-03-23 00:00:00,80.979,81.061,80.698,80.939,64190
2011-03-24 00:00:00,80.938,81.048,80.76,80.995,56014
2011-03-25 00:00:00,80.994,81.484,80.871,81.33,50714
2011-03-28 00:00:00,81.393,81.84,81.377,81.682,49250
2011-03-29 00:00:00,81.681,82.468,81.536,82.457,58070
2011-03-30 00:00:00,82.458,83.18,82.363,82.881,65252
2011-03-31 00:00:00,82.88,83.213,82.564,83.119,66390
2011-04-01 00:00:00,83.119,84.713,83.119,84.046,65435
2011-04-02 00:00:00,84.043,84.043,84.042,84.042,6
2011-04-04 00:00:00,84.131,84.364,83.851,84.05,52303
2011-04-05 00:00:00,84.049,84.866,84.026,84.857,50844
2011-04-06 00:00:00,84.858,85.514,84.838,85.482,59053
2011-04-07 00:00:00,85.482,85.492,84.588,84.905,59876
2011-04-08 00:00:00,84.904,85.386,84.675,84.746,55888
2011-04-09 00:00:00,84.745,84.761,84.734,84.761,24
2011-04-11 00:00:00,84.901,85.147,84.51,84.587,48432
2011-04-12 00:00:00,84.588,84.776,83.464,83.573,70050
2011-04-13 00:00:00,83.574,84.258,83.498,83.829,61947
2011-04-14 00:00:00,83.829,83.927,82.957,83.488,65387
2011-04-15 00:00:00,83.487,83.77,82.958,83.111,53846
2011-04-16 00:00:00,83.111,83.114,83.109,83.114,6
2011-04-18 00:00:00,83.13,83.251,82.181,82.642,57068
2011-04-19 00:00:00,82.644,82.744,82.315,82.575,55175
2011-04-20 00:00:00,82.578,83.093,82.263,82.55,55706
2011-04-21 00:00:00,82.548,82.585,81.617,81.84,53242
2011-04-22 00:00:00,81.843,82.102,81.661,81.841,26703
2011-04-25 00:00:00,81.814,82.418,81.658,81.817,41239
2011-04-26 00:00:00,81.817,81.968,81.483,81.545,47225
2011-04-27 00:00:00,81.546,82.761,81.264,82.145,56692
2011-04-28 00:00:00,82.144,82.267,81.399,81.523,55965
2011-04-29 00:00:00,81.522,81.644,81.032,81.182,32695
2011-04-30 00:00:00,81.179,81.181,81.179,81.181,2
2011-05-02 00:00:00,81.099,81.682,80.996,81.212,47622
2011-05-03 00:00:00,81.211,81.263,80.694,80.921,41089
2011-05-04 00:00:00,80.92,81.188,80.431,80.605,42402
2011-05-05 00:00:00,80.601,80.686,79.582,80.047,54894
2011-05-06 00:00:00,80.049,80.915,80.049,80.61,69058
2011-05-09 00:00:00,80.678,80.831,80.175,80.343,57885
2011-05-10 00:00:00,80.344,80.89,80.155,80.868,68493
2011-05-11 00:00:00,80.869,81.312,80.614,81.044,64276
2011-05-12 00:00:00,81.045,81.324,80.705,80.933,52391
2011-05-13 00:00:00,80.933,81.081,80.367,80.763,43265
2011-05-14 00:00:00,80.765,80.766,80.756,80.758,6
2011-05-16 00:00:00,80.839,81.055,80.626,80.781,44349
2011-05-17 00:00:00,80.758,81.761,80.731,81.395,44066
2011-05-18 00:00:00,81.358,81.718,80.938,81.666,18081
2011-05-19 00:00:00,81.623,82.229,81.468,81.599,18481
2011-05-20 00:00:00,81.577,81.86,81.478,81.687,15611
2011-05-23 00:00:00,81.75,82.038,81.318,81.994,18398
2011-05-24 00:00:00,81.989,82.21,81.61,81.946,16997
2011-05-25 00:00:00,81.948,82.168,81.79,81.959,30463
2011-05-26 00:00:00,81.96,82.075,81.147,81.286,64498
2011-05-27 00:00:00,81.285,81.409,80.703,80.762,58882
2011-05-28 00:00:00,80.761,80.762,80.758,80.762,6
2011-05-30 00:00:00,80.806,80.975,80.75,80.921,41991
2011-05-31 00:00:00,80.922,81.763,80.707,81.514,60623
2011-06-01 00:00:00,81.509,81.55,80.682,80.935,61288
2011-06-02 00:00:00,80.936,81.306,80.563,80.886,60121
2011-06-03 00:00:00,80.886,81.001,80.055,80.263,45098
2011-06-06 00:00:00,80.24,80.386,79.983,80.092,48742
2011-06-07 00:00:00,80.093,80.326,79.981,80.086,43246
2011-06-08 00:00:00,80.063,80.267,79.694,79.879,46883
2011-06-09 00:00:00,79.877,80.413,79.831,80.354,39624
2011-06-10 00:00:00,80.354,80.45,79.964,80.305,38946
2011-06-11 00:00:00,80.305,80.306,80.305,80.305,3
2011-06-13 00:00:00,80.292,80.681,80.111,80.232,57059
2011-06-14 00:00:00,80.233,80.616,80.085,80.476,55457
2011-06-15 00:00:00,80.476,81.047,80.375,80.941,53943
2011-06-16 00:00:00,80.94,81.044,80.481,80.632,71090
2011-06-17 00:00:00,80.632,80.665,80.021,80.045,56629
2011-06-20 00:00:00,80.12,80.359,80.02,80.244,51174
2011-06-21 00:00:00,80.244,80.325,80.045,80.19,45051
2011-06-22 00:00:00,80.219,80.373,80.009,80.282,48549
2011-06-23 00:00:00,80.281,80.787,80.28,80.504,55021
2011-06-24 00:00:00,80.51,80.597,80.134,80.392,50881
2011-06-25 00:00:00,80.397,80.417,80.374,80.406,17
2011-06-27 00:00:00,80.411,80.971,80.409,80.877,47468
2011-06-28 00:00:00,80.877,81.258,80.66,81.111,46670
2011-06-29 00:00:00,81.114,81.182,80.566,80.77,41636
2011-06-30 00:00:00,80.768,80.844,80.255,80.556,48512
2011-07-01 00:00:00,80.553,81.135,80.489,80.819,40969
2011-07-04 00:00:00,80.802,80.889,80.532,80.781,40971
2011-07-05 00:00:00,80.781,81.183,80.699,81.052,45935
2011-07-06 00:00:00,81.053,81.112,80.764,80.905,43345
2011-07-07 00:00:00,80.901,81.405,80.784,81.23,40734
2011-07-08 00:00:00,81.233,81.467,80.495,80.623,44901
2011-07-09 00:00:00,80.622,80.622,80.592,80.592,4
2011-07-11 00:00:00,80.54,80.827,80.1,80.247,46621
2011-07-12 00:00:00,80.248,80.363,79.239,79.24,61783
2011-07-13 00:00:00,79.238,79.567,78.522,78.976,58680
2011-07-14 00:00:00,78.97,79.576,78.463,79.134,55465
2011-07-15 00:00:00,79.129,79.271,78.89,79.11,36217
2011-07-16 00:00:00,79.112,79.122,79.112,79.121,5
2011-07-18 00:00:00,79.078,79.174,78.944,79.037,41474
2011-07-19 00:00:00,79.039,79.263,78.82,79.166,39550
2011-07-20 00:00:00,79.164,79.304,78.705,78.765,33570
2011-07-21 00:00:00,78.764,79.025,78.281,78.286,41856
2011-07-22 00:00:00,78.288,78.72,78.223,78.498,34905
2011-07-23 00:00:00,78.498,78.53,78.496,78.53,9
2011-07-25 00:00:00,78.228,78.547,78.052,78.282,35009
2011-07-26 00:00:00,78.275,78.637,77.825,77.871,35910
2011-07-27 00:00:00,77.874,78.156,77.569,77.957,37300
2011-07-28 00:00:00,77.971,78.022,77.62,77.668,46925
2011-07-29 00:00:00,77.669,77.853,76.722,76.748,42315
2011-07-30 00:00:00,76.744,76.768,76.743,76.768,4
2011-08-01 00:00:00,77.391,78.021,76.292,77.206,51764
2011-08-02 00:00:00,77.205,77.773,76.956,77.148,49801
2011-08-03 00:00:00,77.115,77.392,76.78,77.06,49625
2011-08-04 00:00:00,77.061,80.228,76.967,78.866,89987
2011-08-05 00:00:00,78.869,79.385,78.323,78.385,71346
2011-08-06 00:00:00,78.385,78.388,78.385,78.386,5
2011-08-08 00:00:00,78.16,78.431,77.494,77.758,70324
2011-08-09 00:00:00,77.757,77.849,76.699,76.941,89042
2011-08-10 00:00:00,76.942,77.298,76.347,76.848,74161
2011-08-11 00:00:00,76.847,77.192,76.303,76.825,73788
2011-08-12 00:00:00,76.826,77.011,76.504,76.673,56054
2011-08-15 00:00:00,76.902,77.086,76.58,76.829,51607
2011-08-16 00:00:00,76.829,76.919,76.643,76.79,52766
2011-08-17 00:00:00,76.789,76.821,76.402,76.586,50304
2011-08-18 00:00:00,76.585,76.69,76.441,76.563,52532
2011-08-19 00:00:00,76.562,76.916,75.957,76.532,60351
2011-08-20 00:00:00,76.533,76.533,76.532,76.533,4
2011-08-22 00:00:00,76.814,77.148,76.555,76.783,52205
2011-08-23 00:00:00,76.782,76.927,76.461,76.634,51329
2011-08-24 00:00:00,76.635,77.057,76.463,76.963,52159
2011-08-25 00:00:00,76.964,77.689,76.837,77.453,52951
2011-08-26 00:00:00,77.437,77.449,76.492,76.602,49954
2011-08-29 00:00:00,76.685,77.001,76.566,76.847,44272
2011-08-30 00:00:00,76.856,76.978,76.553,76.727,65570
2011-08-31 00:00:00,76.727,76.839,76.42,76.662,66664
2011-09-01 00:00:00,76.662,77.216,76.657,76.934,57015
2011-09-02 00:00:00,76.933,76.959,76.523,76.78,48959
2011-09-05 00:00:00,76.893,76.969,76.684,76.932,40612
2011-09-06 00:00:00,76.932,77.717,76.709,77.518,60489
2011-09-07 00:00:00,77.519,77.7,77.067,77.21,57689
2011-09-08 00:00:00,77.212,77.581,77.132,77.499,55050
2011-09-09 00:00:00,77.5,77.849,77.089,77.57,60743
2011-09-12 00:00:00,77.503,77.579,76.743,77.215,62606
2011-09-13 00:00:00,77.214,77.244,76.794,76.931,58335
2011-09-14 00:00:00,76.932,77.049,76.595,76.615,50704
2011-09-15 00:00:00,76.614,77.255,76.548,76.686,51061
2011-09-16 00:00:00,76.686,76.964,76.65,76.764,50344
2011-09-19 00:00:00,76.916,76.974,76.322,76.569,43084
2011-09-20 00:00:00,76.568,76.752,76.348,76.437,53590
2011-09-21 00:00:00,76.436,76.723,76.12,76.423,54435
2011-09-22 00:00:00,76.424,76.953,76.094,76.224,67525
2011-09-23 00:00:00,76.224,76.87,76.14,76.53,51785
2011-09-24 00:00:00,76.536,76.54,76.536,76.54,2
2011-09-26 00:00:00,76.535,76.753,76.225,76.348,61898
2011-09-27 00:00:00,76.349,76.925,76.254,76.801,57360
2011-09-28 00:00:00,76.8,76.857,76.325,76.599,56264
2011-09-29 00:00:00,76.6,77.011,76.401,76.823,56265
2011-09-30 00:00:00,76.823,77.189,76.491,76.989,57571
2011-10-03 00:00:00,77.095,77.249,76.51,76.616,60389
2011-10-04 00:00:00,76.538,76.971,76.523,76.797,57397
2011-10-05 00:00:00,76.797,77.056,76.61,76.785,52576
2011-10-06 00:00:00,76.784,76.832,76.553,76.708,51497
2011-10-07 00:00:00,76.707,76.897,76.576,76.694,46531
2011-10-08 00:00:00,76.692,76.711,76.692,76.711,2
2011-10-10 00:00:00,76.797,76.848,76.561,76.659,37044
2011-10-11 00:00:00,76.659,76.744,76.592,76.636,44007
2011-10-12 00:00:00,76.635,77.48,76.325,77.244,54872
2011-10-13 00:00:00,77.243,77.285,76.672,76.885,53150
2011-10-14 00:00:00,76.886,77.441,76.818,77.171,48769
2011-10-15 00:00:00,77.172,77.182,77.167,77.182,5
2011-10-17 00:00:00,77.129,77.447,76.619,76.821,52511
2011-10-18 00:00:00,76.819,76.899,76.617,76.811,52068
2011-10-19 00:00:00,76.811,76.849,76.649,76.794,44770
2011-10-20 00:00:00,76.796,77.081,76.67,76.773,51088
2011-10-21 00:00:00,76.772,76.905,75.81,76.225,48959
2011-10-22 00:00:00,76.226,76.25,76.181,76.249,36
2011-10-24 00:00:00,76.171,76.466,75.985,76.09,47384
2011-10-25 00:00:00,76.091,76.282,75.737,76.081,50614
2011-10-26 00:00:00,76.081,76.307,75.713,76.144,54098
2011-10-27 00:00:00,76.143,76.274,75.652,75.937,58775
2011-10-28 00:00:00,75.938,75.989,75.664,75.786,43447
2011-10-29 00:00:00,75.784,75.789,75.783,75.783,11
2011-10-31 00:00:00,75.694,79.523,75.57,78.161,76947
2011-11-01 00:00:00,78.161,78.963,78.009,78.371,58824
2011-11-02 00:00:00,78.37,78.403,77.939,78.034,47166
2011-11-03 00:00:00,78.033,78.155,77.883,78.05,41050
2011-11-04 00:00:00,78.049,78.254,77.976,78.223,39131
2011-11-05 00:00:00,78.222,78.224,78.221,78.224,7
2011-11-07 00:00:00,78.128,78.178,77.972,78.042,37664
2011-11-08 00:00:00,78.04,78.085,77.598,77.715,41355
2011-11-09 00:00:00,77.716,77.877,77.53,77.808,46536
2011-11-10 00:00:00,77.807,77.859,77.497,77.635,48361
2011-11-11 00:00:00,77.635,77.676,77.039,77.159,41638
2011-11-14 00:00:00,77.152,77.237,76.805,77.057,46932
2011-11-15 00:00:00,77.072,77.408,76.897,77.018,50123
2011-11-16 00:00:00,77.02,77.139,76.846,77.041,47140
2011-11-17 00:00:00,77.042,77.077,76.902,76.97,50198
2011-11-18 00:00:00,76.969,77.018,76.561,76.865,53674
2011-11-19 00:00:00,76.862,76.882,76.827,76.827,7
2011-11-21 00:00:00,76.896,76.989,76.751,76.877,48987
2011-11-22 00:00:00,76.877,77.309,76.825,76.957,48122
2011-11-23 00:00:00,76.956,77.572,76.915,77.292,41475
2011-11-24 00:00:00,77.291,77.323,77.004,77.1,44580
2011-11-25 00:00:00,77.1,77.784,77.088,77.71,48566
2011-11-26 00:00:00,77.709,77.709,77.705,77.705,2
2011-11-28 00:00:00,77.485,78.234,77.454,77.976,45488
2011-11-29 00:00:00,77.968,78.271,77.613,77.914,49298
2011-11-30 00:00:00,77.923,78.144,77.291,77.604,52292
2011-12-01 00:00:00,77.584,77.8,77.475,77.685,47067
2011-12-02 00:00:00,77.685,78.068,77.677,77.955,43915
2011-12-05 00:00:00,78.07,78.091,77.686,77.81,43774
2011-12-06 00:00:00,77.811,77.848,77.627,77.718,45995
2011-12-07 00:00:00,77.719,77.775,77.616,77.662,38457
2011-12-08 00:00:00,77.663,77.781,77.133,77.622,45784
2011-12-09 00:00:00,77.623,77.766,77.482,77.568,40872
2011-12-10 00:00:00,77.567,77.567,77.567,77.567,1
2011-12-12 00:00:00,77.623,77.996,77.573,77.905,37397
2011-12-13 00:00:00,77.905,78.008,77.638,77.981,39017
2011-12-14 00:00:00,77.982,78.142,77.91,78.061,41352
2011-12-15 00:00:00,78.06,78.127,77.723,77.842,41058
2011-12-16 00:00:00,77.841,77.949,77.604,77.748,34040
2011-12-17 00:00:00,77.747,77.748,77.747,77.748,2
2011-12-19 00:00:00,77.771,78.161,77.771,78.038,22613
2011-12-20 00:00:00,78.037,78.054,77.714,77.882,21802
2011-12-21 00:00:00,77.883,78.095,77.681,78.047,35998
2011-12-22 00:00:00,78.048,78.19,77.989,78.158,30146
2011-12-23 00:00:00,78.158,78.211,77.99,78.059,23989
2011-12-24 00:00:00,78.058,78.058,78.058,78.058,1
2011-12-26 00:00:00,77.971,78.025,77.852,77.957,9349
2011-12-27 00:00:00,77.957,78.013,77.783,77.864,23806
2011-12-28 00:00:00,77.864,78.026,77.554,77.934,32223
2011-12-29 00:00:00,77.933,77.973,77.592,77.624,32304
2011-12-30 00:00:00,77.624,77.728,76.856,76.872,40988
2011-12-31 00:00:00,76.857,76.885,76.857,76.885,16
2012-01-02 00:00:00,77.09,77.155,76.849,76.908,10972
2012-01-03 00:00:00,76.909,76.951,76.611,76.721,39459
2012-01-04 00:00:00,76.721,76.817,76.597,76.703,41827
2012-01-05 00:00:00,76.711,77.235,76.65,77.107,45217
2012-01-06 00:00:00,77.108,77.324,76.952,76.956,45133
2012-01-07 00:00:00,76.955,76.958,76.955,76.957,8
2012-01-09 00:00:00,76.796,76.999,76.761,76.827,32674
2012-01-10 00:00:00,76.826,76.892,76.762,76.83,35481
2012-01-11 00:00:00,76.833,77.028,76.804,76.845,36475
2012-01-12 00:00:00,76.846,76.967,76.658,76.746,33265
2012-01-13 00:00:00,76.745,76.992,76.65,76.955,31047
2012-01-14 00:00:00,76.955,76.955,76.952,76.952,3
2012-01-16 00:00:00,76.898,76.936,76.696,76.772,26416
2012-01-17 00:00:00,76.771,76.873,76.545,76.824,30494
2012-01-18 00:00:00,76.823,76.866,76.64,76.811,35388
2012-01-19 00:00:00,76.811,77.313,76.694,77.101,38405
2012-01-20 00:00:00,77.101,77.298,76.913,77.01,38103
2012-01-21 00:00:00,77.009,77.009,76.982,76.982,9
2012-01-23 00:00:00,76.961,77.074,76.858,77.015,37380
2012-01-24 00:00:00,77.015,77.843,76.949,77.664,40642
2012-01-25 00:00:00,77.662,78.277,77.553,77.771,53641
2012-01-26 00:00:00,77.77,77.802,77.287,77.441,45167
2012-01-27 00:00:00,77.441,77.477,76.644,76.695,48764
2012-01-28 00:00:00,76.696,76.709,76.667,76.667,21
2012-01-30 00:00:00,76.752,76.767,76.21,76.328,40892
2012-01-31 00:00:00,76.326,76.411,76.151,76.258,47843
2012-02-01 00:00:00,76.257,76.344,76.018,76.205,43733
2012-02-02 00:00:00,76.204,76.235,76.034,76.212,38171
2012-02-03 00:00:00,76.211,76.729,76.132,76.551,42479
2012-02-06 00:00:00,76.545,76.795,76.488,76.54,42435
2012-02-07 00:00:00,76.539,76.952,76.515,76.755,47761
2012-02-08 00:00:00,76.756,77.18,76.71,77.032,49603
2012-02-09 00:00:00,77.033,77.719,77.002,77.654,53387
2012-02-10 00:00:00,77.644,77.799,77.522,77.593,46042
2012-02-13 00:00:00,77.647,77.772,77.381,77.563,42472
2012-02-14 00:00:00,77.563,78.529,77.357,78.426,54547
2012-02-15 00:00:00,78.425,78.651,78.176,78.426,54128
2012-02-16 00:00:00,78.427,78.955,78.355,78.919,50997
2012-02-17 00:00:00,78.92,79.602,78.788,79.538,50001
2012-02-18 00:00:00,79.537,79.537,79.535,79.536,5
2012-02-20 00:00:00,79.734,79.881,79.359,79.624,46454
2012-02-21 00:00:00,79.622,79.842,79.544,79.731,49122
2012-02-22 00:00:00,79.732,80.395,79.666,80.282,50224
2012-02-23 00:00:00,80.283,80.344,79.848,79.991,46545
2012-02-24 00:00:00,79.99,81.201,79.922,81.184,49783
2012-02-27 00:00:00,81.567,81.575,80.129,80.601,52617
2012-02-28 00:00:00,80.601,80.778,80.013,80.451,57441
2012-02-29 00:00:00,80.451,81.3,80.24,81.139,58718
2012-03-01 00:00:00,81.138,81.371,80.836,81.096,57526
2012-03-02 00:00:00,81.097,81.863,81.046,81.785,55225
2012-03-03 00:00:00,81.784,81.786,81.784,81.786,11
2012-03-05 00:00:00,81.85,81.85,81.15,81.546,50821
2012-03-06 00:00:00,81.547,81.577,80.585,80.885,58040
2012-03-07 00:00:00,80.884,81.215,80.578,81.082,52833
2012-03-08 00:00:00,81.082,81.724,81.071,81.544,56335
2012-03-09 00:00:00,81.547,82.635,81.469,82.455,57119
2012-03-10 00:00:00,82.451,82.451,82.446,82.446,3
2012-03-12 00:00:00,82.438,82.504,82.105,82.31,48266
2012-03-13 00:00:00,82.307,83.074,81.961,82.868,57350
2012-03-14 00:00:00,82.869,83.82,82.863,83.683,54709
2012-03-15 00:00:00,83.684,84.167,83.189,83.543,59236
2012-03-16 00:00:00,83.542,83.936,83.176,83.423,54206
2012-03-19 00:00:00,83.498,83.558,83.013,83.402,48730
2012-03-20 00:00:00,83.398,83.826,83.314,83.718,45256
2012-03-21 00:00:00,83.718,84.088,83.288,83.378,57343
2012-03-22 00:00:00,83.377,83.46,82.322,82.569,68962
2012-03-23 00:00:00,82.569,82.941,81.983,82.322,59662
2012-03-26 00:00:00,82.432,82.995,82.43,82.818,53874
2012-03-27 00:00:00,82.818,83.375,82.637,83.165,53992
2012-03-28 00:00:00,83.163,83.198,82.603,82.889,60428
2012-03-29 00:00:00,82.888,82.961,81.916,82.437,61924
2012-03-30 00:00:00,82.436,82.873,81.831,82.852,62590
2012-03-31 00:00:00,82.85,82.852,82.846,82.848,9
2012-04-02 00:00:00,82.954,83.292,81.878,82.066,58712
2012-04-03 00:00:00,82.066,82.984,81.547,82.798,60447
2012-04-04 00:00:00,82.799,82.924,82.091,82.447,61370
2012-04-05 00:00:00,82.446,82.464,81.824,82.356,59734
2012-04-06 00:00:00,82.356,82.541,81.319,81.629,44521
2012-04-07 00:00:00,81.629,81.629,81.629,81.629,1
2012-04-09 00:00:00,81.546,81.662,81.193,81.48,45959
2012-04-10 00:00:00,81.481,81.856,80.643,80.665,63457
2012-04-11 00:00:00,80.665,81.114,80.58,80.853,58163
2012-04-12 00:00:00,80.854,81.125,80.73,80.88,54567
2012-04-13 00:00:00,80.879,81.185,80.825,80.909,50212
2012-04-14 00:00:00,80.909,80.914,80.909,80.913,4
2012-04-16 00:00:00,80.945,80.985,80.311,80.397,53402
2012-04-17 00:00:00,80.397,80.917,80.326,80.835,50736
2012-04-18 00:00:00,80.835,81.558,80.831,81.246,54461
2012-04-19 00:00:00,81.246,81.726,81.176,81.594,56212
2012-04-20 00:00:00,81.593,81.771,81.474,81.508,47777
2012-04-21 00:00:00,81.507,81.508,81.507,81.508,2
2012-04-23 00:00:00,81.564,81.656,80.967,81.173,44896
2012-04-24 00:00:00,81.172,81.379,80.846,81.306,46827
2012-04-25 00:00:00,81.307,81.678,81.076,81.334,53534
2012-04-26 00:00:00,81.334,81.413,80.661,80.981,50395
2012-04-27 00:00:00,80.98,81.432,80.215,80.256,59396
2012-04-28 00:00:00,80.257,80.26,80.254,80.26,12
2012-04-30 00:00:00,80.325,80.38,79.731,79.813,40929
2012-05-01 00:00:00,79.812,80.293,79.63,80.082,41511
2012-05-02 00:00:00,80.083,80.607,80.039,80.128,48306
2012-05-03 00:00:00,80.13,80.542,80.094,80.177,38020
2012-05-04 00:00:00,80.176,80.38,79.796,79.851,40436
2012-05-05 00:00:00,79.85,79.85,79.84,79.84,8
2012-05-07 00:00:00,79.757,79.987,79.637,79.886,46000
2012-05-08 00:00:00,79.887,80.072,79.702,79.862,46323
2012-05-09 00:00:00,79.861,79.928,79.426,79.622,49239
2012-05-10 00:00:00,79.621,80.008,79.597,79.916,47519
2012-05-11 00:00:00,79.917,79.986,79.728,79.933,46386
2012-05-12 00:00:00,79.933,79.933,79.926,79.926,7
2012-05-14 00:00:00,79.924,80.181,79.678,79.839,41764
2012-05-15 00:00:00,79.839,80.329,79.807,80.172,45435
2012-05-16 00:00:00,80.173,80.547,80.153,80.325,49516
2012-05-17 00:00:00,80.324,80.389,79.131,79.264,50423
2012-05-18 00:00:00,79.263,79.46,78.994,79.009,53873
2012-05-19 00:00:00,79.008,79.015,79.007,79.008,24
2012-05-21 00:00:00,79.211,79.439,79.099,79.297,50256
2012-05-22 00:00:00,79.296,80.135,79.264,79.948,55356
2012-05-23 00:00:00,79.949,80.063,79.206,79.47,63689
2012-05-24 00:00:00,79.471,79.625,79.331,79.586,55495
2012-05-25 00:00:00,79.586,79.816,79.489,79.672,53679
2012-05-26 00:00:00,79.673,79.674,79.671,79.671,6
2012-05-28 00:00:00,79.661,79.664,79.322,79.463,47978
2012-05-29 00:00:00,79.462,79.631,79.369,79.486,58167
2012-05-30 00:00:00,79.485,79.559,78.862,79.059,64525
2012-05-31 00:00:00,79.06,79.12,78.206,78.304,67370
2012-06-01 00:00:00,78.302,78.685,77.657,78.007,72368
2012-06-02 00:00:00,78.006,78.007,78.003,78.004,5
2012-06-04 00:00:00,78.084,78.401,77.974,78.334,56819
2012-06-05 00:00:00,78.334,78.95,78.102,78.737,60338
2012-06-06 00:00:00,78.738,79.268,78.606,79.183,69582
2012-06-07 00:00:00,79.184,79.781,79.154,79.624,68900
2012-06-08 00:00:00,79.623,79.745,79.111,79.457,69618
2012-06-09 00:00:00,79.446,79.476,79.433,79.476,9
2012-06-11 00:00:00,79.469,79.712,79.348,79.436,60766
2012-06-12 00:00:00,79.435,79.685,79.161,79.507,65641
2012-06-13 00:00:00,79.506,79.736,79.291,79.471,61948
2012-06-14 00:00:00,79.471,79.477,79.154,79.34,58562
2012-06-15 00:00:00,79.342,79.502,78.605,78.693,62910
2012-06-16 00:00:00,78.693,78.702,78.693,78.697,9
2012-06-18 00:00:00,78.923,79.296,78.859,79.099,64042
2012-06-19 00:00:00,79.1,79.133,78.841,78.936,58641
2012-06-20 00:00:00,78.935,79.689,78.785,79.525,64487
2012-06-21 00:00:00,79.526,80.327,79.384,80.271,64688
2012-06-22 00:00:00,80.272,80.562,80.003,80.411,61399
2012-06-23 00:00:00,80.412,80.415,80.412,80.415,7
2012-06-25 00:00:00,80.455,80.615,79.433,79.66,57833
2012-06-26 00:00:00,79.658,79.775,79.231,79.503,56934
2012-06-27 00:00:00,79.504,79.86,79.346,79.719,50101
2012-06-28 00:00:00,79.717,79.748,79.216,79.445,51224
2012-06-29 00:00:00,79.446,79.984,79.138,79.779,64717
2012-06-30 00:00:00,79.78,79.785,79.78,79.785,4
2012-07-02 00:00:00,79.905,79.968,79.305,79.504,51269
2012-07-03 00:00:00,79.504,79.922,79.405,79.782,51300
2012-07-04 00:00:00,79.783,79.879,79.585,79.865,39960
2012-07-05 00:00:00,79.865,80.09,79.554,79.906,52513
2012-07-06 00:00:00,79.907,80.012,79.489,79.649,51495
2012-07-07 00:00:00,79.65,79.65,79.646,79.646,4
2012-07-09 00:00:00,79.658,79.759,79.419,79.558,42110
2012-07-10 00:00:00,79.558,79.588,79.206,79.419,44780
2012-07-11 00:00:00,79.417,79.779,79.126,79.745,47078
2012-07-12 00:00:00,79.746,79.923,79.176,79.302,52528
2012-07-13 00:00:00,79.303,79.384,79.081,79.18,43565
2012-07-14 00:00:00,79.173,79.176,79.172,79.176,3
2012-07-16 00:00:00,79.223,79.232,78.683,78.857,38778
2012-07-17 00:00:00,78.858,79.164,78.785,79.048,46324
2012-07-18 00:00:00,79.049,79.146,78.751,78.789,43087
2012-07-19 00:00:00,78.79,78.814,78.429,78.57,46294
2012-07-20 00:00:00,78.571,78.794,78.442,78.475,45043
2012-07-23 00:00:00,78.451,78.526,77.944,78.378,47631
2012-07-24 00:00:00,78.378,78.401,78.094,78.182,44355
2012-07-25 00:00:00,78.182,78.272,78.063,78.133,44236
2012-07-26 00:00:00,78.134,78.306,78.015,78.219,50045
2012-07-27 00:00:00,78.204,78.666,78.062,78.434,49494
2012-07-28 00:00:00,78.433,78.446,78.429,78.442,13
2012-07-30 00:00:00,78.487,78.533,78.114,78.163,41626
2012-07-31 00:00:00,78.166,78.296,78.033,78.111,43866
2012-08-01 00:00:00,78.111,78.495,77.917,78.428,45341
2012-08-02 00:00:00,78.427,78.528,78.121,78.223,48299
2012-08-03 00:00:00,78.225,78.766,78.063,78.456,49280
2012-08-04 00:00:00,78.458,78.461,78.458,78.461,2
2012-08-06 00:00:00,78.6,78.634,78.13,78.237,43021
2012-08-07 00:00:00,78.235,78.734,78.151,78.597,44798
2012-08-08 00:00:00,78.596,78.65,78.226,78.425,46795
2012-08-09 00:00:00,78.425,78.783,78.284,78.556,49036
2012-08-10 00:00:00,78.556,78.633,78.154,78.251,45168
2012-08-11 00:00:00,78.25,78.265,78.25,78.259,11
2012-08-13 00:00:00,78.284,78.369,78.158,78.31,36583
2012-08-14 00:00:00,78.309,78.925,78.298,78.724,41983
2012-08-15 00:00:00,78.725,79.044,78.59,78.982,42806
2012-08-16 00:00:00,78.985,79.397,78.909,79.333,48129
2012-08-17 00:00:00,79.334,79.566,79.226,79.556,41927
2012-08-18 00:00:00,79.557,79.558,79.552,79.557,14
2012-08-20 00:00:00,79.559,79.65,79.313,79.419,37804
2012-08-21 00:00:00,79.418,79.52,79.215,79.277,38873
2012-08-22 00:00:00,79.278,79.367,78.303,78.571,45204
2012-08-23 00:00:00,78.572,78.688,78.357,78.486,43092
2012-08-24 00:00:00,78.485,78.716,78.449,78.632,38744
2012-08-25 00:00:00,78.635,78.666,78.635,78.666,17
2012-08-27 00:00:00,78.659,78.834,78.626,78.733,26764
2012-08-28 00:00:00,78.735,78.766,78.449,78.501,33376
2012-08-29 00:00:00,78.5,78.779,78.471,78.698,31246
2012-08-30 00:00:00,78.698,78.741,78.49,78.613,30667
2012-08-31 00:00:00,78.614,78.646,78.186,78.371,39444
2012-09-01 00:00:00,78.37,78.378,78.369,78.377,13
2012-09-03 00:00:00,78.326,78.393,78.188,78.251,30466
2012-09-04 00:00:00,78.252,78.463,78.246,78.399,37838
2012-09-05 00:00:00,78.4,78.528,78.298,78.383,38976
2012-09-06 00:00:00,78.383,79.017,78.373,78.856,44408
2012-09-07 00:00:00,78.856,79.013,78.011,78.236,48748
2012-09-08 00:00:00,78.237,78.237,78.237,78.237,1
2012-09-10 00:00:00,78.246,78.324,78.18,78.27,32366
2012-09-11 00:00:00,78.271,78.282,77.696,77.759,42305
2012-09-12 00:00:00,77.758,77.959,77.734,77.838,50484
2012-09-13 00:00:00,77.84,77.868,77.135,77.48,52556
2012-09-14 00:00:00,77.481,78.387,77.455,78.38,59264
2012-09-15 00:00:00,78.38,78.383,78.38,78.383,12
2012-09-17 00:00:00,78.355,78.918,78.16,78.697,46374
2012-09-18 00:00:00,78.698,78.866,78.483,78.811,47948
2012-09-19 00:00:00,78.811,79.209,78.25,78.365,60236
2012-09-20 00:00:00,78.367,78.451,78.013,78.234,52725
2012-09-21 00:00:00,78.235,78.362,78.1,78.133,46119
2012-09-22 00:00:00,78.131,78.161,78.127,78.161,10
2012-09-24 00:00:00,78.124,78.154,77.796,77.843,37984
2012-09-25 00:00:00,77.842,77.922,77.656,77.788,42869
2012-09-26 00:00:00,77.789,77.89,77.58,77.736,38497
2012-09-27 00:00:00,77.735,77.748,77.574,77.593,37373
2012-09-28 00:00:00,77.595,78.104,77.428,77.955,42614
2012-09-29 00:00:00,77.942,77.942,77.942,77.942,1
2012-10-01 00:00:00,77.96,78.143,77.78,77.986,36150
2012-10-02 00:00:00,77.986,78.209,77.951,78.147,32500
2012-10-03 00:00:00,78.149,78.576,78.115,78.481,38070
2012-10-04 00:00:00,78.482,78.709,78.298,78.474,40902
2012-10-05 00:00:00,78.474,78.862,78.273,78.661,42581
2012-10-08 00:00:00,78.658,78.754,78.075,78.324,32993
2012-10-09 00:00:00,78.325,78.428,78.149,78.248,30535
2012-10-10 00:00:00,78.246,78.368,78.117,78.178,29851
2012-10-11 00:00:00,78.177,78.583,77.942,78.325,36301
2012-10-12 00:00:00,78.326,78.528,78.28,78.434,30498
2012-10-15 00:00:00,78.424,78.852,78.325,78.639,32796
2012-10-16 00:00:00,78.639,78.958,78.625,78.882,35559
2012-10-17 00:00:00,78.883,79.041,78.61,78.931,37335
2012-10-18 00:00:00,78.932,79.455,78.886,79.263,41917
2012-10-19 00:00:00,79.265,79.423,79.134,79.303,33378
2012-10-20 00:00:00,79.302,79.302,79.302,79.302,1
2012-10-22 00:00:00,79.284,79.954,79.21,79.935,35433
2012-10-23 00:00:00,79.936,79.999,79.707,79.846,38635
2012-10-24 00:00:00,79.844,79.916,79.687,79.797,35135
2012-10-25 00:00:00,79.797,80.335,79.766,80.289,36663
2012-10-26 00:00:00,80.29,80.371,79.486,79.634,30614
2012-10-29 00:00:00,79.703,79.835,79.52,79.786,16313
2012-10-30 00:00:00,79.788,80.131,79.269,79.591,23461
2012-10-31 00:00:00,79.592,79.955,79.512,79.795,47004
2012-11-01 00:00:00,79.797,80.199,79.773,80.142,64255
2012-11-02 00:00:00,80.142,80.668,80.119,80.421,64524
2012-11-05 00:00:00,80.511,80.555,80.134,80.279,59176
2012-11-06 00:00:00,80.279,80.437,79.957,80.345,62663
2012-11-07 00:00:00,80.343,80.408,79.754,79.985,85302
2012-11-08 00:00:00,79.987,80.005,79.316,79.46,73144
2012-11-09 00:00:00,79.463,79.603,79.07,79.471,77576
2012-11-12 00:00:00,79.433,79.555,79.35,79.487,50186
2012-11-13 00:00:00,79.485,79.632,79.202,79.372,66676
2012-11-14 00:00:00,79.373,80.304,79.372,80.241,74597
2012-11-15 00:00:00,80.241,81.452,80.118,81.161,84660
2012-11-16 00:00:00,81.159,81.435,80.89,81.312,80549
2012-11-17 00:00:00,81.308,81.308,81.308,81.308,1
2012-11-19 00:00:00,81.416,81.578,81.082,81.404,67872
2012-11-20 00:00:00,81.404,81.754,81.131,81.671,77818
2012-11-21 00:00:00,81.672,82.545,81.646,82.515,83087
2012-11-22 00:00:00,82.516,82.831,82.259,82.454,74118
2012-11-23 00:00:00,82.458,82.499,82.056,82.381,73604
2012-11-24 00:00:00,82.382,82.382,82.381,82.381,2
2012-11-26 00:00:00,82.379,82.615,81.921,82.072,70846
2012-11-27 00:00:00,82.066,82.307,81.853,82.149,74200
2012-11-28 00:00:00,82.148,82.203,81.686,82.067,80959
2012-11-29 00:00:00,82.069,82.208,81.908,82.108,58617
2012-11-30 00:00:00,82.109,82.741,82.041,82.467,75648
2012-12-03 00:00:00,82.4,82.497,81.989,82.237,67432
2012-12-04 00:00:00,82.239,82.265,81.711,81.888,71796
2012-12-05 00:00:00,81.89,82.473,81.789,82.461,54165
2012-12-06 00:00:00,82.46,82.61,82.193,82.39,70189
2012-12-07 00:00:00,82.389,82.818,82.182,82.478,69467
2012-12-08 00:00:00,82.478,82.478,82.478,82.478,1
2012-12-10 00:00:00,82.548,82.63,82.111,82.352,60393
2012-12-11 00:00:00,82.348,82.567,82.296,82.51,60135
2012-12-12 00:00:00,82.509,83.289,82.476,83.254,74421
2012-12-13 00:00:00,83.255,83.667,83.122,83.64,79348
2012-12-14 00:00:00,83.639,83.957,83.31,83.494,85473
2012-12-15 00:00:00,83.496,83.5,83.496,83.5,2
2012-12-17 00:00:00,84.145,84.205,83.605,83.879,79831
2012-12-18 00:00:00,83.878,84.26,83.814,84.196,76235
2012-12-19 00:00:00,84.197,84.61,84.159,84.399,84170
2012-12-20 00:00:00,84.397,84.45,83.853,84.371,85975
2012-12-21 00:00:00,84.372,84.436,83.851,84.229,88844
2012-12-22 00:00:00,84.234,84.234,84.234,84.234,1
2012-12-24 00:00:00,84.377,84.865,84.318,84.772,50247
2012-12-26 00:00:00,85.275,85.715,85.247,85.619,48292
2012-12-27 00:00:00,85.616,86.138,85.477,86.094,90682
2012-12-28 00:00:00,86.095,86.625,85.872,85.881,86785
2012-12-29 00:00:00,85.866,85.866,85.865,85.865,2
2012-12-31 00:00:00,85.819,86.68,85.814,86.61,60982
2013-01-02 00:00:00,86.658,87.342,86.535,87.337,96582
2013-01-03 00:00:00,87.338,87.349,86.763,87.227,84106
2013-01-04 00:00:00,87.229,88.397,87.223,88.14,105057
2013-01-07 00:00:00,88.322,88.322,87.621,87.782,91597
2013-01-08 00:00:00,87.782,87.815,86.899,87.039,97923
2013-01-09 00:00:00,87.042,88.011,86.823,87.87,99067
2013-01-10 00:00:00,87.872,88.78,87.85,88.774,100276
2013-01-11 00:00:00,88.775,89.435,88.672,89.176,111122
2013-01-14 00:00:00,89.487,89.638,89.078,89.463,92522
2013-01-15 00:00:00,89.466,89.623,88.292,88.788,113325
2013-01-16 00:00:00,88.787,88.868,87.79,88.376,112371
2013-01-17 00:00:00,88.376,90.105,88.129,89.855,118349
2013-01-18 00:00:00,89.859,90.182,89.632,90.077,109631
2013-01-19 00:00:00,90.082,90.083,90.082,90.083,2
2013-01-21 00:00:00,90.148,90.228,89.336,89.602,88210
2013-01-22 00:00:00,89.607,90.118,88.364,88.697,117704
2013-01-23 00:00:00,88.698,88.789,88.056,88.603,105857
2013-01-24 00:00:00,88.604,90.531,88.416,90.319,110761
2013-01-25 00:00:00,90.316,91.192,90.285,90.893,109996
2013-01-26 00:00:00,90.877,90.877,90.877,90.877,1
2013-01-28 00:00:00,91.059,91.248,90.559,90.844,94608
2013-01-29 00:00:00,90.845,91.008,90.324,90.709,105000
2013-01-30 00:00:00,90.712,91.401,90.653,91.072,101202
2013-01-31 00:00:00,91.07,91.757,90.742,91.702,101128
2013-02-01 00:00:00,91.702,92.952,91.605,92.789,114535
2013-02-02 00:00:00,92.787,92.789,92.787,92.789,2
2013-02-04 00:00:00,92.83,93.178,92.201,92.371,106540
2013-02-05 00:00:00,92.367,93.644,91.976,93.624,120936
2013-02-06 00:00:00,93.626,94.045,93.277,93.631,118835
2013-02-07 00:00:00,93.627,93.912,93.082,93.616,111920
2013-02-08 00:00:00,93.622,93.726,92.167,92.675,111885
2013-02-09 00:00:00,92.672,92.672,92.672,92.672,1
2013-02-11 00:00:00,92.564,94.431,92.448,94.307,93891
2013-02-12 00:00:00,94.309,94.403,92.964,93.464,114438
2013-02-13 00:00:00,93.465,93.772,92.819,93.377,106809
2013-02-14 00:00:00,93.381,93.707,92.676,92.864,111189
2013-02-15 00:00:00,92.864,93.834,92.22,93.505,119226
2013-02-18 00:00:00,93.878,94.208,93.708,93.95,85028
2013-02-19 00:00:00,93.952,93.959,93.292,93.566,89934
2013-02-20 00:00:00,93.565,94.029,93.136,93.562,101665
2013-02-21 00:00:00,93.556,93.856,92.771,93.103,106978
2013-02-22 00:00:00,93.106,93.506,92.922,93.407,101010
2013-02-23 00:00:00,93.408,93.408,93.405,93.405,2
2013-02-25 00:00:00,94.203,94.303,90.929,91.8,116186
2013-02-26 00:00:00,91.802,92.743,91.125,91.967,131920
2013-02-27 00:00:00,91.972,92.431,91.137,92.221,115676
2013-02-28 00:00:00,92.225,92.843,92.009,92.546,103831
2013-03-01 00:00:00,92.551,93.68,92.438,93.578,106547
2013-03-02 00:00:00,93.579,93.579,93.579,93.579,1
2013-03-04 00:00:00,93.547,93.721,93.173,93.479,11759
2013-03-05 00:00:00,93.473,93.53,92.914,93.284,13378
2013-03-06 00:00:00,93.283,94.11,93.009,94.06,23262
2013-03-07 00:00:00,94.06,95.088,93.788,94.816,44268
2013-03-08 00:00:00,94.818,96.551,94.777,95.987,42047
2013-03-09 00:00:00,95.99,95.99,95.987,95.987,2
2013-03-11 00:00:00,96.163,96.36,95.962,96.319,31088
2013-03-12 00:00:00,96.32,96.707,95.639,95.983,47772
2013-03-13 00:00:00,95.986,96.252,95.444,96.069,44032
2013-03-14 00:00:00,96.071,96.586,95.68,96.107,44175
2013-03-15 00:00:00,96.107,96.273,95.076,95.28,46690
2013-03-18 00:00:00,94.887,95.594,94.308,95.277,47903
2013-03-19 00:00:00,95.277,95.742,94.721,95.124,47708
2013-03-20 00:00:00,95.118,96.129,94.827,96.009,43474
2013-03-21 00:00:00,96.013,96.104,94.554,95.034,54896
2013-03-22 00:00:00,95.033,95.131,94.195,94.421,49886
2013-03-25 00:00:00,94.621,94.959,93.524,94.175,51941
2013-03-26 00:00:00,94.175,94.612,93.862,94.527,47239
2013-03-27 00:00:00,94.529,94.906,94.021,94.376,46364
2013-03-28 00:00:00,94.376,94.445,93.875,94.204,43018
2013-03-29 00:00:00,94.204,94.297,93.905,94.15,23854
2013-04-01 00:00:00,94.252,94.371,93.162,93.232,34213
2013-04-02 00:00:00,93.234,93.557,92.568,93.43,41144
2013-04-03 00:00:00,93.429,93.685,92.713,93.036,40797
2013-04-04 00:00:00,93.035,96.412,92.728,96.331,60273
2013-04-05 00:00:00,96.331,97.829,95.797,97.52,67435
2013-04-08 00:00:00,98.235,99.383,98.073,99.356,57919
2013-04-09 00:00:00,99.356,99.66,98.587,99.018,55164
2013-04-10 00:00:00,99.017,99.87,98.908,99.756,50046
2013-04-11 00:00:00,99.754,99.944,99.127,99.665,53010
2013-04-12 00:00:00,99.665,99.801,98.088,98.338,55541
2013-04-15 00:00:00,98.337,98.709,96.35,96.732,68818
2013-04-16 00:00:00,96.725,98.152,95.792,97.514,69328
2013-04-17 00:00:00,97.513,98.428,97.205,98.107,64562
2013-04-18 00:00:00,98.102,98.527,97.628,98.152,57397
2013-04-19 00:00:00,98.151,99.68,98.105,99.48,55349
2013-04-22 00:00:00,99.776,99.879,98.98,99.233,48392
2013-04-23 00:00:00,99.23,99.531,98.483,99.455,55575
2013-04-24 00:00:00,99.454,99.757,99.184,99.508,45414
2013-04-25 00:00:00,99.499,99.562,98.981,99.243,41027
2013-04-26 00:00:00,99.241,99.411,97.553,97.998,58206
2013-04-29 00:00:00,97.953,98.197,97.347,97.735,34340
2013-04-30 00:00:00,97.736,98.121,97.005,97.427,41848
2013-05-01 00:00:00,97.441,97.674,97.022,97.376,37680
2013-05-02 00:00:00,97.382,98.39,97.086,97.927,41814
2013-05-03 00:00:00,97.917,99.265,97.885,98.956,36316
2013-05-06 00:00:00,99.143,99.452,99.057,99.314,24781
2013-05-07 00:00:00,99.312,99.431,98.826,98.988,40313
2013-05-08 00:00:00,98.998,99.148,98.58,98.997,40604
2013-05-09 00:00:00,98.997,100.788,98.647,100.587,46686
2013-05-10 00:00:00,100.581,101.982,100.538,101.589,55459
2013-05-13 00:00:00,101.782,102.151,101.515,101.822,42348
2013-05-14 00:00:00,101.822,102.429,101.26,102.39,45778
2013-05-15 00:00:00,102.392,102.763,101.852,102.229,44263
2013-05-16 00:00:00,102.226,102.683,101.832,102.22,44020
2013-05-17 00:00:00,102.24,103.306,102.08,103.18,39337
2013-05-18 00:00:00,103.178,103.178,103.178,103.178,1
2013-05-20 00:00:00,102.661,102.917,102.162,102.263,40516
2013-05-21 00:00:00,102.253,102.884,102.069,102.47,43792
2013-05-22 00:00:00,102.47,103.733,102.347,103.149,58047
2013-05-23 00:00:00,103.152,103.57,100.832,102.022,90889
2013-05-24 00:00:00,102.015,102.583,100.663,101.254,82668
2013-05-27 00:00:00,101.241,101.295,100.745,100.953,41847
2013-05-28 00:00:00,100.952,102.501,100.931,102.367,69147
2013-05-29 00:00:00,102.364,102.525,100.716,101.148,77444
2013-05-30 00:00:00,101.147,101.801,100.467,100.725,82098
2013-05-31 00:00:00,100.726,101.277,100.222,100.433,79913
2013-06-03 00:00:00,100.544,100.721,98.862,99.532,69854
2013-06-04 00:00:00,99.519,100.413,99.333,100.039,67656
2013-06-05 00:00:00,100.032,100.46,98.966,99.062,77152
2013-06-06 00:00:00,99.059,99.461,95.909,97.034,90469
2013-06-07 00:00:00,97.029,97.779,94.982,97.425,112450
2013-06-08 00:00:00,97.425,97.575,97.418,97.533,1674
2013-06-10 00:00:00,97.85,99.278,97.709,98.747,81466
2013-06-11 00:00:00,98.744,99.036,95.6,95.896,102175
2013-06-12 00:00:00,95.893,97.013,95.138,96.008,88596
2013-06-13 00:00:00,96.009,96.092,93.788,95.189,100341
2013-06-14 00:00:00,95.188,95.728,93.992,94.055,87866
2013-06-17 00:00:00,94.192,95.216,94.178,94.484,58987
2013-06-18 00:00:00,94.481,95.763,94.445,95.321,60091
2013-06-19 00:00:00,95.323,97.031,94.833,96.463,64073
2013-06-20 00:00:00,96.47,98.286,96.205,97.267,93620
2013-06-21 00:00:00,97.323,98.133,96.864,97.881,76385
2013-06-24 00:00:00,97.975,98.7,97.222,97.729,77943
2013-06-25 00:00:00,97.729,98.058,96.965,97.838,68966
2013-06-26 00:00:00,97.837,98.234,97.238,97.755,64733
2013-06-27 00:00:00,97.693,98.565,97.563,98.278,66103
2013-06-28 00:00:00,98.277,99.443,98.263,99.179,72445
2013-06-29 00:00:00,99.185,99.297,99.111,99.121,1527
2013-07-02 00:00:00,99.659,100.725,99.508,100.624,50047
2013-07-03 00:00:00,100.622,100.853,99.261,99.892,59974
2013-07-04 00:00:00,99.884,100.159,99.493,100.027,40813
2013-07-05 00:00:00,100.029,101.223,99.889,101.18,51970
2013-07-08 00:00:00,101.28,101.531,100.787,100.958,45908
2013-07-09 00:00:00,100.959,101.298,100.769,101.147,47321
2013-07-10 00:00:00,101.145,101.214,99.417,99.648,60320
2013-07-11 00:00:00,99.669,99.903,98.248,98.949,80513
2013-07-12 00:00:00,98.957,99.693,98.675,99.169,51689
2013-07-15 00:00:00,99.305,100.483,99.076,99.851,39177
2013-07-16 00:00:00,99.852,100.068,98.893,99.096,49885
2013-07-17 00:00:00,99.092,99.945,99.042,99.58,52799
2013-07-18 00:00:00,99.584,100.653,99.465,100.415,52481
2013-07-19 00:00:00,100.41,100.864,99.806,100.617,59022
2013-07-22 00:00:00,100.39,100.618,99.285,99.65,49988
2013-07-23 00:00:00,99.649,100.18,99.144,99.403,51251
2013-07-24 00:00:00,99.403,100.438,99.383,100.259,48890
2013-07-25 00:00:00,100.252,100.453,98.888,99.291,55009
2013-07-26 00:00:00,99.288,99.406,97.961,98.286,57977
2013-07-27 00:00:00,98.224,98.224,98.224,98.224,1
2013-07-29 00:00:00,98.296,98.296,97.633,97.954,52805
2013-07-30 00:00:00,97.954,98.462,97.758,98.028,47925
2013-07-31 00:00:00,98.009,98.516,97.584,97.864,59868
2013-08-01 00:00:00,97.858,99.57,97.654,99.527,53567
2013-08-02 00:00:00,99.529,99.948,98.662,98.92,53738
2013-08-05 00:00:00,98.972,99.149,98.189,98.291,42629
2013-08-06 00:00:00,98.277,98.584,97.512,97.728,50930
2013-08-07 00:00:00,97.732,97.807,96.323,96.328,63277
2013-08-08 00:00:00,96.323,96.934,95.809,96.696,60325
2013-08-09 00:00:00,96.689,96.969,96.127,96.218,49984
2013-08-12 00:00:00,96.302,96.936,95.924,96.899,43693
2013-08-13 00:00:00,96.897,98.341,96.859,98.194,55815
2013-08-14 00:00:00,98.202,98.427,97.864,98.125,46440
2013-08-15 00:00:00,98.117,98.649,97.078,97.349,64531
2013-08-16 00:00:00,97.351,97.773,97.051,97.521,50032
2013-08-19 00:00:00,97.619,98.123,97.357,97.553,46057
2013-08-20 00:00:00,97.547,97.862,96.912,97.271,54405
2013-08-21 00:00:00,97.263,97.981,97.122,97.676,52951
2013-08-22 00:00:00,97.674,98.811,97.584,98.701,51062
2013-08-23 00:00:00,98.701,99.147,98.389,98.671,47648
2013-08-26 00:00:00,98.611,98.842,98.268,98.499,33695
2013-08-27 00:00:00,98.498,98.53,96.985,97.025,54487
2013-08-28 00:00:00,97.018,97.837,96.817,97.635,49224
2013-08-29 00:00:00,97.63,98.52,97.448,98.341,47770
2013-08-30 00:00:00,98.341,98.476,97.884,98.116,46299
2013-09-02 00:00:00,98.321,99.428,98.274,99.33,36020
2013-09-03 00:00:00,99.319,99.86,99.169,99.565,47225
2013-09-04 00:00:00,99.561,99.813,99.328,99.744,41877
2013-09-05 00:00:00,99.712,100.194,99.567,100.099,45636
2013-09-06 00:00:00,100.099,100.224,98.541,99.094,43115
2013-09-09 00:00:00,99.78,100.106,99.335,99.57,40835
2013-09-10 00:00:00,99.565,100.466,99.478,100.373,43808
2013-09-11 00:00:00,100.374,100.608,99.794,99.884,44202
2013-09-12 00:00:00,99.876,99.991,99.011,99.54,44947
2013-09-13 00:00:00,99.531,99.975,99.192,99.366,40006
2013-09-14 00:00:00,99.361,99.361,99.361,99.361,1
2013-09-16 00:00:00,98.832,99.182,98.644,99.051,32623
2013-09-17 00:00:00,99.048,99.381,99.005,99.113,33700
2013-09-18 00:00:00,99.126,99.335,97.763,97.931,40738
2013-09-19 00:00:00,97.93,99.615,97.873,99.454,49611
2013-09-20 00:00:00,99.452,99.667,99.174,99.284,36804
2013-09-23 00:00:00,99.272,99.357,98.648,98.826,30247
2013-09-24 00:00:00,98.826,99.174,98.474,98.734,37289
2013-09-25 00:00:00,98.734,98.813,98.384,98.429,34855
2013-09-26 00:00:00,98.43,99.133,98.267,98.978,41283
2013-09-27 00:00:00,98.972,99.038,98.094,98.22,37923
2013-09-30 00:00:00,97.79,98.46,97.499,98.205,44257
2013-10-01 00:00:00,98.213,98.726,97.656,97.988,47419
2013-10-02 00:00:00,97.988,98.084,97.147,97.354,45697
2013-10-03 00:00:00,97.352,97.87,96.931,97.25,45573
2013-10-04 00:00:00,97.247,97.482,96.952,97.457,42678
2013-10-05 00:00:00,97.457,97.457,97.457,97.457,1
2013-10-07 00:00:00,97.288,97.328,96.667,96.695,40962
2013-10-08 00:00:00,96.695,97.249,96.567,96.863,43683
2013-10-09 00:00:00,96.864,97.641,96.826,97.33,42974
2013-10-10 00:00:00,97.33,98.27,97.33,98.15,42514
2013-10-11 00:00:00,98.151,98.594,97.921,98.556,41911
2013-10-14 00:00:00,98.233,98.587,98.095,98.557,22457
2013-10-15 00:00:00,98.567,98.702,97.994,98.176,39487
2013-10-16 00:00:00,98.176,98.969,98.133,98.759,42230
2013-10-17 00:00:00,98.761,99.003,97.739,97.902,43462
2013-10-18 00:00:00,97.891,98.156,97.557,97.734,31859
2013-10-21 00:00:00,97.951,98.24,97.833,98.182,24549
2013-10-22 00:00:00,98.184,98.482,97.872,98.127,27459
2013-10-23 00:00:00,98.127,98.193,97.158,97.37,35424
2013-10-24 00:00:00,97.371,97.617,97.175,97.276,30837
2013-10-25 00:00:00,97.276,97.49,96.944,97.408,31467
2013-10-28 00:00:00,97.523,97.789,97.445,97.696,23236
2013-10-29 00:00:00,97.691,98.275,97.463,98.209,29965
2013-10-30 00:00:00,98.208,98.677,98.055,98.434,29309
2013-10-31 00:00:00,98.446,98.57,98.088,98.362,33368
2013-11-01 00:00:00,98.376,98.849,97.81,98.597,32477
2013-11-04 00:00:00,98.689,98.844,98.535,98.601,18892
2013-11-05 00:00:00,98.6,98.672,98.168,98.488,29086
2013-11-06 00:00:00,98.491,98.754,98.41,98.655,25796
2013-11-07 00:00:00,98.653,99.408,97.633,98.085,38418
2013-11-08 00:00:00,98.087,99.221,97.981,99.044,36058
2013-11-11 00:00:00,99.171,99.299,98.925,99.152,21719
2013-11-12 00:00:00,99.152,99.797,99.104,99.629,35456
2013-11-13 00:00:00,99.628,99.672,99.103,99.235,30575
2013-11-14 00:00:00,99.24,100.149,99.135,100.012,40214
2013-11-15 00:00:00,100.01,100.433,99.939,100.169,32225
2013-11-18 00:00:00,100.27,100.39,99.789,99.985,29081
2013-11-19 00:00:00,99.984,100.256,99.571,100.132,33048
2013-11-20 00:00:00,100.132,100.239,99.788,100.026,36121
2013-11-21 00:00:00,100.028,101.161,100.0,101.155,37901
2013-11-22 00:00:00,101.152,101.353,100.956,101.273,33717
2013-11-25 00:00:00,101.273,101.917,101.139,101.671,28990
2013-11-26 00:00:00,101.657,101.708,101.146,101.29,28206
2013-11-27 00:00:00,101.268,102.192,101.184,102.153,29390
2013-11-28 00:00:00,102.157,102.373,101.936,102.309,26946
2013-11-29 00:00:00,102.307,102.612,102.117,102.405,33503
2013-12-02 00:00:00,102.499,103.127,102.227,102.937,30978
2013-12-03 00:00:00,102.935,103.378,101.977,102.505,39930
2013-12-04 00:00:00,102.506,102.836,101.819,102.352,46689
2013-12-05 00:00:00,102.352,102.44,101.624,101.789,42982
2013-12-06 00:00:00,101.788,102.962,101.631,102.893,38967
2013-12-09 00:00:00,103.137,103.329,102.89,103.266,32421
2013-12-10 00:00:00,103.266,103.393,102.576,102.837,35438
2013-12-11 00:00:00,102.842,102.947,102.156,102.427,37864
2013-12-12 00:00:00,102.42,103.435,102.385,103.368,38024
2013-12-13 00:00:00,103.368,103.921,102.991,103.186,40309
2013-12-16 00:00:00,103.155,103.29,102.643,103.008,33122
2013-12-17 00:00:00,103.01,103.107,102.502,102.66,27511
2013-12-18 00:00:00,102.66,104.357,102.555,104.268,40554
2013-12-19 00:00:00,104.283,104.363,103.78,104.239,37486
2013-12-20 00:00:00,104.251,104.635,103.859,104.008,33589
2013-12-23 00:00:00,104.05,104.121,103.773,104.102,18255
2013-12-24 00:00:00,104.102,104.411,104.09,104.254,20245
2013-12-26 00:00:00,104.777,104.824,104.684,104.796,14581
2013-12-27 00:00:00,104.766,105.182,104.649,105.146,28757
2013-12-28 00:00:00,105.147,105.147,105.147,105.147,1
2013-12-30 00:00:00,105.304,105.412,104.977,105.139,22384
2013-12-31 00:00:00,105.14,105.299,104.861,105.252,18927
2014-01-02 00:00:00,105.237,105.44,104.547,104.784,38205
2014-01-03 00:00:00,104.79,104.88,104.075,104.844,32564
2014-01-06 00:00:00,104.845,104.949,103.912,104.214,38234
2014-01-07 00:00:00,104.216,104.734,104.168,104.583,35524
2014-01-08 00:00:00,104.586,105.123,104.584,104.841,38866
2014-01-09 00:00:00,104.842,105.057,104.58,104.822,34529
2014-01-10 00:00:00,104.812,105.334,103.828,104.154,36501
2014-01-13 00:00:00,104.079,104.119,102.854,102.991,38125
2014-01-14 00:00:00,102.984,104.282,102.984,104.209,39697
2014-01-15 00:00:00,104.212,104.695,104.091,104.552,33972
2014-01-16 00:00:00,104.553,104.921,104.151,104.347,32531
2014-01-17 00:00:00,104.345,104.474,104.196,104.239,28977
2014-01-20 00:00:00,104.298,104.299,103.862,104.174,24353
2014-01-21 00:00:00,104.173,104.748,104.025,104.296,33683
2014-01-22 00:00:00,104.291,104.571,103.97,104.512,35216
2014-01-23 00:00:00,104.512,104.84,102.975,103.264,47205
2014-01-24 00:00:00,103.262,103.584,102.001,102.257,56006
2014-01-27 00:00:00,102.069,102.929,101.918,102.545,50465
2014-01-28 00:00:00,102.544,103.25,102.483,102.933,39100
2014-01-29 00:00:00,102.933,103.441,101.842,102.282,52321
2014-01-30 00:00:00,102.283,102.889,102.081,102.711,44289
2014-01-31 00:00:00,102.71,102.932,101.918,101.95,46221
2014-02-01 00:00:00,101.932,101.932,101.932,101.932,1
2014-02-03 00:00:00,102.142,102.41,100.776,100.972,47930
2014-02-04 00:00:00,100.974,101.675,100.755,101.639,48904
2014-02-05 00:00:00,101.651,101.764,100.801,101.444,56393
2014-02-06 00:00:00,101.436,102.17,101.241,102.101,48426
2014-02-07 00:00:00,102.1,102.578,101.438,102.323,49654
2014-02-10 00:00:00,102.609,102.64,101.992,102.253,29401
2014-02-11 00:00:00,102.252,102.7,102.075,102.628,27267
2014-02-12 00:00:00,102.624,102.68,102.223,102.521,30450
2014-02-13 00:00:00,102.524,102.566,101.695,102.161,34318
2014-02-14 00:00:00,102.164,102.403,101.567,101.783,33720
2014-02-17 00:00:00,101.724,101.985,101.385,101.911,21255
2014-02-18 00:00:00,101.912,102.742,101.757,102.35,35521
2014-02-19 00:00:00,102.35,102.465,101.849,102.299,31489
2014-02-20 00:00:00,102.299,102.417,101.668,102.269,35860
2014-02-21 00:00:00,102.268,102.827,102.265,102.482,29489
2014-02-24 00:00:00,102.557,102.679,102.165,102.496,27775
2014-02-25 00:00:00,102.5,102.625,102.007,102.232,31522
2014-02-26 00:00:00,102.232,102.608,102.103,102.361,32817
2014-02-27 00:00:00,102.364,102.443,101.722,102.124,36837
2014-02-28 00:00:00,102.124,102.291,101.555,101.779,37859
2014-03-03 00:00:00,101.48,101.57,101.199,101.443,36463
2014-03-04 00:00:00,101.444,102.285,101.394,102.211,33052
2014-03-05 00:00:00,102.214,102.549,102.116,102.296,28734
2014-03-06 00:00:00,102.295,103.167,102.269,103.061,31413
2014-03-07 00:00:00,103.063,103.759,102.84,103.248,44663
2014-03-10 00:00:00,103.172,103.405,102.935,103.279,48249
2014-03-11 00:00:00,103.279,103.426,102.845,102.996,51291
2014-03-12 00:00:00,102.995,103.099,102.549,102.767,56149
2014-03-13 00:00:00,102.765,102.861,101.541,101.872,77808
2014-03-14 00:00:00,101.872,101.879,101.207,101.345,78813
2014-03-17 00:00:00,101.351,101.871,101.293,101.805,54900
2014-03-18 00:00:00,101.805,101.939,101.277,101.426,60856
2014-03-19 00:00:00,101.424,102.681,101.298,102.392,62781
2014-03-20 00:00:00,102.39,102.547,102.211,102.397,60429
2014-03-21 00:00:00,102.401,102.43,102.014,102.27,39567
2014-03-24 00:00:00,102.222,102.646,102.128,102.227,53421
2014-03-25 00:00:00,102.225,102.488,102.093,102.275,48443
2014-03-26 00:00:00,102.273,102.472,101.872,102.071,48671
2014-03-27 00:00:00,102.071,102.431,101.718,102.224,62611
2014-03-28 00:00:00,102.223,102.978,102.033,102.82,48016
2014-03-31 00:00:00,102.885,103.438,102.793,103.222,51914
2014-04-01 00:00:00,103.221,103.71,103.087,103.644,46404
2014-04-02 00:00:00,103.644,103.934,103.583,103.879,47165
2014-04-03 00:00:00,103.872,104.112,103.811,103.923,46518
2014-04-04 00:00:00,103.923,104.127,103.197,103.263,59316
2014-04-07 00:00:00,103.341,103.389,102.993,103.092,39246
2014-04-08 00:00:00,103.091,103.117,101.55,101.804,99912
2014-04-09 00:00:00,101.804,102.161,101.719,101.994,79764
2014-04-10 00:00:00,101.994,102.134,101.33,101.529,47326
2014-04-11 00:00:00,101.528,101.866,101.324,101.622,46689
2014-04-14 00:00:00,101.607,102.011,101.416,101.845,35045
2014-04-15 00:00:00,101.845,101.992,101.501,101.911,42649
2014-04-16 00:00:00,101.912,102.364,101.809,102.229,34839
2014-04-17 00:00:00,102.229,102.466,101.864,102.385,28416
2014-04-18 00:00:00,102.386,102.57,102.21,102.399,10448
2014-04-21 00:00:00,102.436,102.705,102.392,102.599,15718
2014-04-22 00:00:00,102.602,102.723,102.413,102.614,24409
2014-04-23 00:00:00,102.612,102.691,102.165,102.537,28169
2014-04-24 00:00:00,102.538,102.644,102.087,102.31,32447
2014-04-25 00:00:00,102.314,102.495,101.961,102.175,30599
2014-04-28 00:00:00,102.135,102.624,102.045,102.489,30680
2014-04-29 00:00:00,102.489,102.78,102.466,102.635,24486
2014-04-30 00:00:00,102.634,102.652,102.027,102.231,35916
2014-05-01 00:00:00,102.231,102.356,102.156,102.324,22586
2014-05-02 00:00:00,102.326,103.018,102.131,102.178,44131
2014-05-05 00:00:00,102.254,102.254,101.863,102.139,19063
2014-05-06 00:00:00,102.138,102.188,101.497,101.682,31316
2014-05-07 00:00:00,101.68,102.006,101.429,101.898,51392
2014-05-08 00:00:00,101.898,101.955,101.46,101.655,39306
2014-05-09 00:00:00,101.658,101.856,101.545,101.856,29146
2014-05-10 00:00:00,101.856,101.856,101.856,101.856,1
2014-05-12 00:00:00,101.839,102.182,101.814,102.119,22962
2014-05-13 00:00:00,102.119,102.362,102.06,102.253,28587
2014-05-14 00:00:00,102.253,102.28,101.719,101.891,26475
2014-05-15 00:00:00,101.88,102.114,101.313,101.573,33450
2014-05-16 00:00:00,101.572,101.665,101.358,101.499,39709
2014-05-19 00:00:00,101.51,101.593,101.098,101.493,42894
2014-05-20 00:00:00,101.49,101.594,101.182,101.32,42944
2014-05-21 00:00:00,101.318,101.606,100.821,101.356,51911
2014-05-22 00:00:00,101.36,101.814,101.353,101.731,35271
2014-05-23 00:00:00,101.735,102.0,101.593,101.961,39630
2014-05-26 00:00:00,101.971,102.046,101.835,101.922,14657
2014-05-27 00:00:00,101.922,102.134,101.72,101.974,24930
2014-05-28 00:00:00,101.971,102.024,101.632,101.837,26003
2014-05-29 00:00:00,101.834,101.858,101.424,101.777,28528
2014-05-30 00:00:00,101.777,101.84,101.492,101.746,27711
2014-06-02 00:00:00,101.811,102.48,101.748,102.376,32817
2014-06-03 00:00:00,102.379,102.55,102.269,102.504,33072
2014-06-04 00:00:00,102.504,102.794,102.437,102.747,38224
2014-06-05 00:00:00,102.744,102.761,102.336,102.408,40342
2014-06-06 00:00:00,102.407,102.609,102.116,102.466,37158
2014-06-09 00:00:00,102.553,102.648,102.375,102.523,28584
2014-06-10 00:00:00,102.524,102.569,102.214,102.346,35755
2014-06-11 00:00:00,102.346,102.39,101.86,102.072,35419
2014-06-12 00:00:00,102.07,102.137,101.6,101.686,37568
2014-06-13 00:00:00,101.682,102.131,101.653,102.031,35690
2014-06-16 00:00:00,102.016,102.039,101.72,101.826,31681
2014-06-17 00:00:00,101.827,102.24,101.813,102.142,33138
2014-06-18 00:00:00,102.142,102.345,101.878,101.916,34939
2014-06-19 00:00:00,101.923,101.998,101.738,101.937,33181
2014-06-20 00:00:00,101.936,102.193,101.813,102.07,29313
2014-06-21 00:00:00,102.068,102.068,102.068,102.068,1
2014-06-23 00:00:00,102.065,102.134,101.815,101.927,26607
2014-06-24 00:00:00,101.927,102.165,101.817,101.964,27939
2014-06-25 00:00:00,101.968,101.975,101.624,101.859,25372
2014-06-26 00:00:00,101.859,101.865,101.486,101.726,27204
2014-06-27 00:00:00,101.725,101.725,101.312,101.373,28840
2014-06-28 00:00:00,101.373,101.373,101.373,101.373,1
2014-06-30 00:00:00,101.429,101.47,101.233,101.319,25914
2014-07-01 00:00:00,101.325,101.589,101.285,101.517,33041
2014-07-02 00:00:00,101.518,101.841,101.405,101.771,32950
2014-07-03 00:00:00,101.766,102.266,101.758,102.191,36247
2014-07-04 00:00:00,102.188,102.219,101.972,102.061,24103
2014-07-07 00:00:00,102.067,102.197,101.785,101.862,32189
2014-07-08 00:00:00,101.855,101.894,101.486,101.571,37416
2014-07-09 00:00:00,101.568,101.851,101.445,101.638,35275
2014-07-10 00:00:00,101.636,101.662,101.065,101.339,42599
2014-07-11 00:00:00,101.341,101.387,101.216,101.339,47875
2014-07-14 00:00:00,101.335,101.62,101.328,101.53,44712
2014-07-15 00:00:00,101.531,101.748,101.438,101.678,48610
2014-07-16 00:00:00,101.66,101.788,101.634,101.669,23380
2014-07-17 00:00:00,101.662,101.692,101.135,101.162,30803
2014-07-18 00:00:00,101.175,101.445,101.084,101.343,30373
2014-07-21 00:00:00,101.332,101.392,101.191,101.318,19365
2014-07-22 00:00:00,101.385,101.601,101.33,101.453,34642
2014-07-23 00:00:00,101.45,101.542,101.312,101.461,34619
2014-07-24 00:00:00,101.469,101.855,101.412,101.804,40850
2014-07-25 00:00:00,101.803,101.934,101.708,101.708,44751
2014-07-28 00:00:00,101.789,101.903,101.744,101.851,42211
2014-07-29 00:00:00,101.842,102.154,101.819,102.113,53406
2014-07-30 00:00:00,102.104,103.079,102.032,102.667,52510
2014-07-31 00:00:00,102.784,103.002,102.671,102.672,33645
2014-08-01 00:00:00,102.777,103.023,102.334,102.552,38164
2014-08-04 00:00:00,102.573,102.724,102.401,102.559,28994
2014-08-05 00:00:00,102.557,102.92,102.456,102.587,37233
2014-08-06 00:00:00,102.587,102.636,101.777,102.098,47184
2014-08-07 00:00:00,102.091,102.454,101.993,102.083,45605
2014-08-08 00:00:00,102.085,102.138,101.505,102.02,59045
2014-08-11 00:00:00,102.106,102.221,102.018,102.185,29142
2014-08-12 00:00:00,102.178,102.359,102.086,102.253,28875
2014-08-13 00:00:00,102.251,102.539,102.218,102.407,31638
2014-08-14 00:00:00,102.411,102.65,102.304,102.441,29841
2014-08-15 00:00:00,102.44,102.712,102.133,102.35,39336
2014-08-18 00:00:00,102.366,102.59,102.241,102.558,23673
2014-08-19 00:00:00,102.552,102.923,102.515,102.905,26320
2014-08-20 00:00:00,102.902,103.842,102.885,103.751,42165
2014-08-21 00:00:00,103.741,103.953,103.595,103.839,35154
2014-08-22 00:00:00,103.838,104.189,103.496,103.938,38772
2014-08-25 00:00:00,104.191,104.268,103.857,104.047,26250
2014-08-26 00:00:00,104.046,104.167,103.744,104.053,30899
2014-08-27 00:00:00,104.051,104.157,103.774,103.866,30151
2014-08-28 00:00:00,103.867,103.916,103.551,103.721,36732
2014-08-29 00:00:00,103.718,104.111,103.655,104.084,36079
2014-09-01 00:00:00,104.144,104.345,104.096,104.343,16666
2014-09-02 00:00:00,104.343,105.209,104.294,105.085,38691
2014-09-03 00:00:00,105.079,105.304,104.742,104.783,35229
2014-09-04 00:00:00,104.787,105.366,104.76,105.261,38862
2014-09-05 00:00:00,105.266,105.706,104.684,105.091,47467
2014-09-08 00:00:00,105.137,106.086,104.992,106.027,50449
2014-09-09 00:00:00,106.02,106.473,105.945,106.195,62518
2014-09-10 00:00:00,106.188,106.88,106.042,106.83,56056
2014-09-11 00:00:00,106.842,107.194,106.636,107.1,54558
2014-09-12 00:00:00,107.101,107.393,106.969,107.315,57423
2014-09-15 00:00:00,107.287,107.365,107.01,107.18,43871
2014-09-16 00:00:00,107.182,107.332,106.81,107.122,53763
2014-09-17 00:00:00,107.12,108.39,107.095,108.37,45858
2014-09-18 00:00:00,108.361,108.96,108.319,108.682,45169
2014-09-19 00:00:00,108.681,109.46,108.593,109.022,51215
2014-09-22 00:00:00,109.024,109.194,108.66,108.837,124533
2014-09-23 00:00:00,108.835,108.993,108.253,108.882,43056
2014-09-24 00:00:00,108.871,109.152,108.46,109.038,44844
2014-09-25 00:00:00,109.038,109.375,108.522,108.748,57755
2014-09-26 00:00:00,108.746,109.536,108.478,109.284,53450
2014-09-29 00:00:00,109.343,109.746,109.131,109.493,52589
2014-09-30 00:00:00,109.492,109.849,109.185,109.649,54146
2014-10-01 00:00:00,109.619,110.088,108.868,108.889,65707
2014-10-02 00:00:00,108.898,109.116,108.008,108.412,81375
2014-10-03 00:00:00,108.424,109.904,108.354,109.758,55867
2014-10-06 00:00:00,109.752,109.85,108.651,108.776,46983
2014-10-07 00:00:00,108.773,109.235,107.818,108.019,73799
2014-10-08 00:00:00,108.018,108.744,107.751,108.076,75757
2014-10-09 00:00:00,108.081,108.317,107.529,107.831,84471
2014-10-10 00:00:00,107.83,108.155,107.623,107.647,75732
2014-10-13 00:00:00,107.531,107.575,106.778,106.838,66735
2014-10-14 00:00:00,106.844,107.311,106.672,107.043,75148
2014-10-15 00:00:00,107.042,107.497,105.197,105.904,103010
2014-10-16 00:00:00,105.912,106.463,105.506,106.319,106536
2014-10-17 00:00:00,106.325,106.937,106.132,106.874,70122
2014-10-20 00:00:00,107.044,107.386,106.775,106.937,66117
2014-10-21 00:00:00,106.937,107.014,106.245,106.982,71120
2014-10-22 00:00:00,106.993,107.372,106.783,107.131,61179
2014-10-23 00:00:00,107.129,108.347,107.1,108.258,63996
2014-10-24 00:00:00,108.25,108.306,107.779,108.147,63052
2014-10-27 00:00:00,108.175,108.213,107.601,107.847,59133
2014-10-28 00:00:00,107.851,108.181,107.687,108.13,47165
2014-10-29 00:00:00,108.13,108.956,107.936,108.833,55613
2014-10-30 00:00:00,108.825,109.46,108.743,109.254,81800
2014-10-31 00:00:00,109.254,112.469,109.168,112.315,117716
2014-11-03 00:00:00,112.939,114.21,112.567,114.033,90028
2014-11-04 00:00:00,114.03,114.03,113.16,113.591,100591
2014-11-05 00:00:00,113.592,114.84,113.407,114.633,105844
2014-11-06 00:00:00,114.644,115.512,114.055,115.203,122455
2014-11-07 00:00:00,115.208,115.602,114.247,114.589,113588
2014-11-10 00:00:00,114.459,114.903,113.851,114.849,88227
2014-11-11 00:00:00,114.843,116.1,114.63,115.776,98498
2014-11-12 00:00:00,115.785,116.006,114.88,115.479,114895
2014-11-13 00:00:00,115.481,115.878,115.304,115.764,102360
2014-11-14 00:00:00,115.763,116.791,115.72,116.252,84705
2014-11-17 00:00:00,116.604,117.047,115.45,116.634,91508
2014-11-18 00:00:00,116.649,117.012,116.333,116.846,67624
2014-11-19 00:00:00,116.85,118.073,116.807,117.954,70815
2014-11-20 00:00:00,117.947,118.974,117.739,118.201,65142
2014-11-21 00:00:00,118.185,118.363,117.351,117.775,79612
2014-11-24 00:00:00,117.868,118.478,117.58,118.255,43411
2014-11-25 00:00:00,118.25,118.568,117.686,117.951,61614
2014-11-26 00:00:00,117.95,117.992,117.434,117.724,65358
2014-11-27 00:00:00,117.724,117.876,117.232,117.706,33620
2014-11-28 00:00:00,117.708,118.766,117.684,118.657,65356
2014-11-29 00:00:00,118.657,118.713,118.538,118.584,1090
2014-12-01 00:00:00,118.741,119.135,117.86,118.316,62761
2014-12-02 00:00:00,118.32,119.279,118.216,119.226,62739
2014-12-03 00:00:00,119.221,119.858,119.124,119.8,55193
2014-12-04 00:00:00,119.798,120.246,119.335,119.781,52548
2014-12-05 00:00:00,119.78,121.681,119.7,121.435,64850
2014-12-06 00:00:00,121.433,121.552,121.348,121.462,1060
2014-12-08 00:00:00,121.566,121.843,120.202,120.66,63774
2014-12-09 00:00:00,120.659,121.001,117.944,119.602,74761
2014-12-10 00:00:00,119.598,119.914,117.71,118.012,80999
2014-12-11 00:00:00,118.004,119.554,117.435,119.07,72131
2014-12-12 00:00:00,119.073,119.199,118.05,118.646,75138
2014-12-13 00:00:00,118.645,118.83,118.621,118.743,2523
2014-12-15 00:00:00,118.586,119.057,117.562,117.724,78390
2014-12-16 00:00:00,117.726,118.004,115.564,116.624,84252
2014-12-17 00:00:00,116.622,118.899,116.24,118.69,82666
2014-12-18 00:00:00,118.685,119.31,118.257,118.79,68111
2014-12-19 00:00:00,118.792,119.623,118.747,119.533,61423
2014-12-20 00:00:00,119.533,119.568,119.333,119.504,1402
2014-12-22 00:00:00,119.525,120.07,119.312,120.06,197167
2014-12-23 00:00:00,120.06,120.822,119.958,120.789,170438
2014-12-24 00:00:00,120.787,120.79,120.277,120.459,151376
2014-12-26 00:00:00,120.218,120.462,120.211,120.387,84826
2014-12-27 00:00:00,120.388,120.399,120.21,120.332,5146
2014-12-29 00:00:00,120.341,120.73,120.225,120.69,81564
2014-12-30 00:00:00,120.691,120.713,118.862,119.526,51356
2014-12-31 00:00:00,119.528,119.936,119.246,119.836,32998
2015-01-02 00:00:00,120.401,120.741,119.808,120.47,28583
2015-01-03 00:00:00,120.468,120.527,120.419,120.419,1018
2015-01-05 00:00:00,120.363,120.643,119.373,119.654,68299
2015-01-06 00:00:00,119.652,119.654,118.053,118.499,74017
2015-01-07 00:00:00,118.5,119.647,118.29,119.144,80602
2015-01-08 00:00:00,119.142,119.956,119.065,119.643,79362
2015-01-09 00:00:00,119.643,119.875,118.415,118.554,122286
2015-01-10 00:00:00,118.554,118.572,118.376,118.376,6974
2015-01-12 00:00:00,118.317,119.317,118.101,118.337,235512
2015-01-13 00:00:00,118.338,118.847,117.536,117.834,282115
2015-01-14 00:00:00,117.835,117.957,116.068,117.269,302266
2015-01-15 00:00:00,117.268,117.94,116.236,116.3,326324
2015-01-16 00:00:00,116.304,117.756,115.85,117.604,234885
2015-01-17 00:00:00,117.616,117.678,117.384,117.614,2972
2015-01-19 00:00:00,117.476,117.776,116.916,117.567,57168
2015-01-20 00:00:00,117.571,118.858,117.492,118.687,56531
2015-01-21 00:00:00,118.689,118.847,117.173,117.802,61361
2015-01-22 00:00:00,117.804,118.605,117.245,118.538,57229
2015-01-23 00:00:00,118.537,118.807,117.539,117.803,58407
2015-01-24 00:00:00,117.804,117.824,117.73,117.733,974
2015-01-26 00:00:00,117.506,118.486,117.257,118.469,46452
2015-01-27 00:00:00,118.472,118.651,117.334,117.778,59461
2015-01-28 00:00:00,117.775,118.259,117.25,117.458,69615
2015-01-29 00:00:00,117.456,118.484,117.368,118.288,57323
2015-01-30 00:00:00,118.29,118.453,117.296,117.405,51475
2015-01-31 00:00:00,117.408,117.592,117.33,117.47,1297
2015-02-02 00:00:00,116.93,117.873,116.93,117.476,67994
2015-02-03 00:00:00,117.478,117.741,116.872,117.506,73774
2015-02-04 00:00:00,117.505,117.996,117.236,117.3,67523
2015-02-05 00:00:00,117.299,117.593,117.019,117.535,75707
2015-02-06 00:00:00,117.536,119.218,117.152,118.84,70877
2015-02-07 00:00:00,118.84,119.163,118.828,119.098,2233
2015-02-09 00:00:00,119.021,119.091,118.329,118.572,67168
2015-02-10 00:00:00,118.574,119.612,118.398,119.391,70273
2015-02-11 00:00:00,119.392,120.439,119.283,120.289,67644
2015-02-12 00:00:00,120.294,120.471,118.509,118.887,79869
2015-02-13 00:00:00,118.886,119.195,118.41,118.785,64771
2015-02-14 00:00:00,118.785,118.819,118.652,118.652,2278
2015-02-16 00:00:00,118.443,118.772,118.277,118.445,50651
2015-02-17 00:00:00,118.445,119.413,118.233,119.251,67666
2015-02-18 00:00:00,119.251,119.408,118.541,118.628,68119
2015-02-19 00:00:00,118.628,119.175,118.432,118.973,64202
2015-02-20 00:00:00,118.973,119.186,118.301,119.069,67873
2015-02-21 00:00:00,119.067,119.111,118.946,118.993,1863
2015-02-23 00:00:00,119.097,119.351,118.791,118.831,54112
2015-02-24 00:00:00,118.833,119.817,118.736,118.887,60883
2015-02-25 00:00:00,118.89,119.063,118.624,118.868,58162
2015-02-26 00:00:00,118.868,119.499,118.678,119.492,59583
2015-02-27 00:00:00,119.491,119.795,119.115,119.631,61858
2015-02-28 00:00:00,119.632,119.657,119.527,119.622,1815
2015-03-02 00:00:00,119.698,120.189,119.629,120.153,53068
2015-03-03 00:00:00,120.154,120.262,119.381,119.69,60008
2015-03-04 00:00:00,119.693,119.823,119.469,119.71,58580
2015-03-05 00:00:00,119.709,120.393,119.627,120.147,58903
2015-03-06 00:00:00,120.147,121.275,119.902,120.684,63815
2015-03-07 00:00:00,120.684,120.84,120.654,120.835,1619
2015-03-09 00:00:00,120.803,121.41,120.609,121.147,57918
2015-03-10 00:00:00,121.151,122.021,120.921,121.112,79420
2015-03-11 00:00:00,121.12,121.622,120.852,121.438,77959
2015-03-12 00:00:00,121.436,121.666,120.655,121.271,71163
2015-03-13 00:00:00,121.274,121.568,121.131,121.367,72964
2015-03-16 00:00:00,121.375,121.458,121.088,121.322,65710
2015-03-17 00:00:00,121.324,121.515,121.111,121.359,54251
2015-03-18 00:00:00,121.353,121.406,119.293,120.087,62100
2015-03-19 00:00:00,120.087,121.027,119.674,120.762,89779
2015-03-20 00:00:00,120.758,121.197,119.895,120.014,67559
2015-03-23 00:00:00,119.838,120.159,119.581,119.707,64625
2015-03-24 00:00:00,119.71,119.978,119.217,119.741,60703
2015-03-25 00:00:00,119.74,119.821,119.231,119.481,53435
2015-03-26 00:00:00,119.477,119.568,118.324,119.165,81754
2015-03-27 00:00:00,119.167,119.485,118.929,119.128,74019
2015-03-30 00:00:00,119.128,120.222,119.109,120.169,62775
2015-03-31 00:00:00,120.165,120.36,119.773,119.929,58941
2015-04-01 00:00:00,119.931,120.324,119.41,119.692,66432
2015-04-02 00:00:00,119.705,119.89,119.448,119.738,52998
2015-04-03 00:00:00,119.738,119.942,118.716,118.955,35066
2015-04-04 00:00:00,118.955,119.013,118.939,118.939,881
2015-04-06 00:00:00,118.939,119.676,118.797,119.473,34074
2015-04-07 00:00:00,119.467,120.444,119.435,120.312,53301
2015-04-08 00:00:00,120.307,120.378,119.639,120.071,65200
2015-04-09 00:00:00,120.07,120.736,119.856,120.651,57615
2015-04-10 00:00:00,120.652,120.663,120.052,120.178,56215
2015-04-11 00:00:00,120.178,120.323,120.167,120.184,1376
2015-04-13 00:00:00,120.184,120.841,119.692,120.046,54697
2015-04-14 00:00:00,120.045,120.171,119.068,119.431,65870
2015-04-15 00:00:00,119.431,119.741,118.786,119.131,62240
2015-04-16 00:00:00,119.128,119.464,118.791,119.038,74779
2015-04-17 00:00:00,119.037,119.255,118.566,118.801,68220
2015-04-18 00:00:00,118.798,118.946,118.784,118.931,1494
2015-04-20 00:00:00,118.931,119.432,118.526,119.237,53611
2015-04-21 00:00:00,119.244,119.827,119.161,119.656,70358
2015-04-22 00:00:00,119.654,119.957,119.339,119.908,77757
2015-04-23 00:00:00,119.909,120.089,119.421,119.496,84084
2015-04-24 00:00:00,119.498,119.654,118.822,118.86,83947
2015-04-25 00:00:00,118.859,119.003,118.856,118.992,1626
2015-04-27 00:00:00,118.877,119.429,118.771,119.09,61387
2015-04-28 00:00:00,119.091,119.193,118.77,118.866,68780
2015-04-29 00:00:00,118.866,119.357,118.604,119.023,79550
2015-04-30 00:00:00,119.028,119.89,118.492,119.381,102939
2015-05-01 00:00:00,119.383,120.287,119.37,120.167,66172
2015-05-02 00:00:00,120.167,120.189,120.078,120.114,1427
2015-05-04 00:00:00,120.232,120.27,119.992,120.073,37736
2015-05-05 00:00:00,120.078,120.501,119.723,119.841,25475
2015-05-06 00:00:00,119.839,120.046,119.212,119.46,31178
2015-05-07 00:00:00,119.426,119.856,119.057,119.763,16537
2015-05-08 00:00:00,119.77,120.229,119.587,119.713,21248
2015-05-09 00:00:00,119.71,119.767,119.706,119.729,324
2015-05-11 00:00:00,119.674,120.148,119.674,120.106,30824
2015-05-12 00:00:00,120.107,120.271,119.785,119.837,73031
2015-05-13 00:00:00,119.837,120.015,119.033,119.143,64140
2015-05-14 00:00:00,119.14,119.334,118.886,119.155,77691
2015-05-15 00:00:00,119.154,119.92,119.137,119.325,61643
2015-05-16 00:00:00,119.327,119.443,119.321,119.379,459
2015-05-18 00:00:00,119.269,120.028,119.252,119.987,35318
2015-05-19 00:00:00,119.986,120.73,119.825,120.725,78323
2015-05-20 00:00:00,120.726,121.466,120.575,121.216,89279
2015-05-21 00:00:00,121.217,121.372,120.84,120.979,82809
2015-05-22 00:00:00,120.98,121.565,120.634,121.536,77585
2015-05-23 00:00:00,121.535,121.55,121.492,121.543,1060
2015-05-25 00:00:00,121.485,121.769,121.439,121.511,44371
2015-05-26 00:00:00,121.513,123.315,121.495,123.089,91782
2015-05-27 00:00:00,123.091,124.062,122.77,123.758,93081
2015-05-28 00:00:00,123.753,124.448,123.487,124.013,101320
2015-05-29 00:00:00,124.012,124.176,123.6,124.107,90435
2015-05-30 00:00:00,124.107,124.124,124.08,124.112,1458
2015-06-01 00:00:00,124.096,124.909,123.852,124.818,88293
2015-06-02 00:00:00,124.819,125.046,123.747,124.13,159312
2015-06-03 00:00:00,124.145,124.678,123.784,124.224,83315
2015-06-04 00:00:00,124.234,124.679,123.777,124.341,51776
2015-06-05 00:00:00,124.342,125.853,124.323,125.637,125608
2015-06-06 00:00:00,125.636,125.648,125.532,125.57,1713
2015-06-08 00:00:00,125.586,125.675,124.291,124.407,114738
2015-06-09 00:00:00,124.408,124.734,123.858,124.349,127633
2015-06-10 00:00:00,124.351,124.617,122.456,122.61,163305
2015-06-11 00:00:00,122.609,124.116,122.603,123.402,128949
2015-06-12 00:00:00,123.403,123.813,123.127,123.387,143240
2015-06-13 00:00:00,123.384,123.419,123.322,123.417,4455
2015-06-15 00:00:00,123.163,123.657,123.141,123.383,81471
2015-06-16 00:00:00,123.381,123.798,123.287,123.379,84558
2015-06-17 00:00:00,123.381,124.435,123.207,123.397,108233
2015-06-18 00:00:00,123.397,123.608,122.471,122.901,126611
2015-06-19 00:00:00,122.901,123.213,122.555,122.732,96116
2015-06-20 00:00:00,122.731,122.744,122.647,122.674,1806
2015-06-22 00:00:00,122.927,123.415,122.556,123.361,94221
2015-06-23 00:00:00,123.36,124.18,123.322,123.907,96926
2015-06-24 00:00:00,123.905,124.372,123.712,123.859,103981
2015-06-25 00:00:00,123.858,123.952,123.315,123.6,97410
2015-06-26 00:00:00,123.6,123.984,123.22,123.789,93186
2015-06-27 00:00:00,123.791,123.89,123.776,123.837,1546
2015-06-29 00:00:00,122.741,123.187,122.099,122.479,155023
2015-06-30 00:00:00,122.478,122.72,121.935,122.386,130232
2015-07-01 00:00:00,122.387,123.232,122.327,123.143,105791
2015-07-02 00:00:00,123.146,123.719,122.952,123.046,107483
2015-07-03 00:00:00,123.044,123.179,122.597,122.724,80854
2015-07-04 00:00:00,122.724,122.947,122.663,122.87,1615
2015-07-06 00:00:00,121.985,122.926,121.841,122.498,143164
2015-07-07 00:00:00,122.498,122.88,122.002,122.602,143236
2015-07-08 00:00:00,122.6,122.648,120.408,120.642,190204
2015-07-09 00:00:00,120.642,121.573,120.456,121.295,150152
2015-07-10 00:00:00,121.295,122.876,121.193,122.83,142976
2015-07-11 00:00:00,122.827,122.828,122.689,122.751,2674
2015-07-13 00:00:00,122.305,123.53,122.305,123.427,123536
2015-07-14 00:00:00,123.43,123.728,122.912,123.366,109327
2015-07-15 00:00:00,123.364,123.966,123.256,123.778,113016
2015-07-16 00:00:00,123.778,124.173,123.718,124.098,112236
2015-07-17 00:00:00,124.096,124.227,123.911,124.059,87427
2015-07-18 00:00:00,124.058,124.077,124.043,124.047,979
2015-07-20 00:00:00,124.029,124.37,124.023,124.286,47154
2015-07-21 00:00:00,124.283,124.471,123.757,123.923,109828
2015-07-22 00:00:00,123.921,124.145,123.566,124.004,104896
2015-07-23 00:00:00,124.005,124.184,123.671,123.806,130996
2015-07-24 00:00:00,123.806,124.092,123.593,123.791,118292
2015-07-25 00:00:00,123.791,123.824,123.779,123.821,1331
2015-07-27 00:00:00,123.753,123.833,123.006,123.262,129350
2015-07-28 00:00:00,123.258,123.79,123.072,123.555,131453
2015-07-29 00:00:00,123.555,124.022,123.328,123.96,131122
2015-07-30 00:00:00,123.961,124.577,123.865,124.105,131313
2015-07-31 00:00:00,124.106,124.371,123.516,123.927,144770
2015-08-01 00:00:00,123.924,123.962,123.85,123.85,2639
2015-08-03 00:00:00,123.866,124.267,123.852,123.964,119033
2015-08-04 00:00:00,123.968,124.398,123.797,124.291,134784
2015-08-05 00:00:00,124.286,125.009,124.014,124.862,134248
2015-08-06 00:00:00,124.863,124.959,124.538,124.704,119961
2015-08-07 00:00:00,124.705,125.064,124.1,124.217,103378
2015-08-08 00:00:00,124.217,124.244,124.188,124.203,1546
2015-08-10 00:00:00,124.145,124.779,124.145,124.582,69609
2015-08-11 00:00:00,124.583,125.203,124.516,125.077,108785
2015-08-12 00:00:00,125.076,125.276,123.788,124.136,125640
2015-08-13 00:00:00,124.136,124.624,124.064,124.394,93312
2015-08-14 00:00:00,124.398,124.53,124.052,124.28,91584
2015-08-15 00:00:00,124.28,124.318,124.273,124.313,1515
2015-08-17 00:00:00,124.213,124.571,124.17,124.389,94614
2015-08-18 00:00:00,124.389,124.511,124.177,124.368,109574
2015-08-19 00:00:00,124.368,124.466,123.685,123.785,134177
2015-08-20 00:00:00,123.786,124.153,123.352,123.433,142117
2015-08-21 00:00:00,123.434,123.493,121.811,122.093,185630
2015-08-22 00:00:00,122.093,122.201,122.016,122.049,3501
2015-08-24 00:00:00,121.863,122.021,116.131,118.51,265482
2015-08-25 00:00:00,118.508,120.393,118.246,118.832,269863
2015-08-26 00:00:00,118.832,119.915,118.446,119.901,252503
2015-08-27 00:00:00,119.905,121.394,119.788,121.01,209662
2015-08-28 00:00:00,121.01,121.548,120.648,121.438,171107
2015-08-29 00:00:00,121.439,121.741,121.344,121.712,3238
2015-08-31 00:00:00,121.635,121.635,120.878,121.218,124351
2015-09-01 00:00:00,121.217,121.263,119.533,119.72,202504
2015-09-02 00:00:00,119.718,120.462,119.215,120.282,185067
2015-09-03 00:00:00,120.282,120.694,119.637,119.959,162280
2015-09-04 00:00:00,119.957,120.183,118.591,119.027,182145
2015-09-05 00:00:00,119.027,119.067,118.964,119.017,2677
2015-09-07 00:00:00,118.892,119.585,118.795,119.322,123015
2015-09-08 00:00:00,119.321,120.223,118.849,119.919,164033
2015-09-09 00:00:00,119.92,121.193,119.769,120.477,201711
2015-09-10 00:00:00,120.476,121.326,119.973,120.603,209989
2015-09-11 00:00:00,120.607,120.964,120.358,120.562,158023
2015-09-12 00:00:00,120.562,120.618,120.526,120.568,3167
2015-09-14 00:00:00,120.49,120.839,119.849,120.151,147991
2015-09-15 00:00:00,120.153,120.649,119.396,120.4,161225
2015-09-16 00:00:00,120.4,120.724,120.104,120.578,157078
2015-09-17 00:00:00,120.58,120.989,119.789,119.877,154200
2015-09-18 00:00:00,119.876,120.408,119.051,119.96,187863
2015-09-19 00:00:00,119.96,120.019,119.915,119.962,5835
2015-09-21 00:00:00,120.114,120.655,119.722,120.516,145870
2015-09-22 00:00:00,120.515,120.605,119.691,120.074,158874
2015-09-23 00:00:00,120.071,120.54,119.622,120.268,167525
2015-09-24 00:00:00,120.268,120.387,119.222,120.0,201428
2015-09-25 00:00:00,120.0,121.23,119.987,120.563,201643
2015-09-26 00:00:00,120.563,120.589,120.446,120.577,4990
2015-09-28 00:00:00,120.496,120.588,119.693,119.969,175503
2015-09-29 00:00:00,119.97,120.157,119.246,119.734,197220
2015-09-30 00:00:00,119.732,120.346,119.545,119.95,172749
2015-10-01 00:00:00,119.949,120.272,119.489,119.908,175076
2015-10-02 00:00:00,119.908,120.401,118.676,120.095,183067
2015-10-03 00:00:00,120.102,120.102,119.879,119.903,4659
2015-10-05 00:00:00,119.985,120.547,119.865,120.435,160182
2015-10-06 00:00:00,120.436,120.564,120.104,120.186,145071
2015-10-07 00:00:00,120.186,120.358,119.744,119.969,156780
2015-10-08 00:00:00,119.969,120.105,119.621,119.898,143331
2015-10-09 00:00:00,119.895,120.344,119.833,120.228,129005
2015-10-10 00:00:00,120.227,120.28,120.18,120.211,1611
2015-10-12 00:00:00,120.163,120.26,119.89,120.0,70465
2015-10-13 00:00:00,119.999,120.076,119.549,119.738,104557
2015-10-14 00:00:00,119.739,119.796,118.628,118.708,135569
2015-10-15 00:00:00,118.709,119.165,118.058,118.878,148138
2015-10-16 00:00:00,118.878,119.659,118.826,119.479,125260
2015-10-17 00:00:00,119.479,119.502,119.444,119.459,3476
2015-10-19 00:00:00,119.377,119.608,119.135,119.546,121632
2015-10-20 00:00:00,119.546,119.959,119.396,119.886,112929
2015-10-21 00:00:00,119.885,120.089,119.753,119.908,121854
2015-10-22 00:00:00,119.913,120.752,119.61,120.678,139192
2015-10-23 00:00:00,120.679,121.467,120.223,121.427,159330
2015-10-24 00:00:00,121.427,121.481,121.386,121.439,3811
2015-10-26 00:00:00,121.468,121.485,120.595,121.071,126683
2015-10-27 00:00:00,121.066,121.084,120.159,120.45,134847
2015-10-28 00:00:00,120.426,121.257,120.019,121.084,130782
2015-10-29 00:00:00,121.073,121.181,120.584,121.117,127823
2015-10-30 00:00:00,121.1,121.483,120.275,120.603,149160
2015-11-02 00:00:00,120.385,120.807,120.252,120.753,95380
2015-11-03 00:00:00,120.752,121.227,120.594,120.983,103883
2015-11-04 00:00:00,120.983,121.715,120.967,121.56,136323
2015-11-05 00:00:00,121.563,122.0,121.383,121.748,141134
2015-11-06 00:00:00,121.749,123.264,121.629,123.198,134304
2015-11-07 00:00:00,123.198,123.218,123.131,123.218,3446
2015-11-09 00:00:00,123.256,123.601,122.973,123.15,124559
2015-11-10 00:00:00,123.152,123.433,123.024,123.22,126636
2015-11-11 00:00:00,123.221,123.23,122.734,122.849,99825
2015-11-12 00:00:00,122.849,123.068,122.563,122.609,131002
2015-11-13 00:00:00,122.609,122.986,122.435,122.649,129404
2015-11-14 00:00:00,122.65,122.67,122.573,122.606,2443
2015-11-16 00:00:00,122.238,123.275,122.221,123.2,130522
2015-11-17 00:00:00,123.2,123.484,123.16,123.397,127669
2015-11-18 00:00:00,123.397,123.751,123.217,123.54,112768
2015-11-19 00:00:00,123.541,123.629,122.618,122.849,133691
2015-11-20 00:00:00,122.849,123.048,122.72,122.896,113011
2015-11-21 00:00:00,122.897,122.912,122.778,122.783,1500
2015-11-23 00:00:00,122.821,123.255,122.778,122.875,101233
2015-11-24 00:00:00,122.875,122.958,122.304,122.474,122670
2015-11-25 00:00:00,122.474,122.931,122.254,122.73,121699
2015-11-26 00:00:00,122.731,122.737,122.498,122.569,86009
2015-11-27 00:00:00,122.571,122.876,122.302,122.842,93935
2015-11-28 00:00:00,122.84,122.853,122.695,122.709,1748
2015-11-30 00:00:00,122.81,123.338,122.683,123.095,97670
2015-12-01 00:00:00,123.096,123.271,122.637,122.864,112211
2015-12-02 00:00:00,122.865,123.667,122.798,123.223,107832
2015-12-03 00:00:00,123.223,123.557,122.294,122.47,149620
2015-12-04 00:00:00,122.468,123.37,122.42,123.173,149595
2015-12-05 00:00:00,123.173,123.182,123.086,123.099,2240
2015-12-07 00:00:00,123.208,123.473,123.148,123.337,104642
2015-12-08 00:00:00,123.337,123.39,122.718,122.996,115890
2015-12-09 00:00:00,122.996,123.042,121.071,121.409,148040
2015-12-10 00:00:00,121.413,121.863,121.242,121.561,136002
2015-12-11 00:00:00,121.561,122.226,120.576,120.869,151081
2015-12-12 00:00:00,120.87,120.968,120.821,120.959,3075
2015-12-14 00:00:00,121.102,121.349,120.339,121.012,165537
2015-12-15 00:00:00,121.013,121.789,120.572,121.693,145333
2015-12-16 00:00:00,121.693,122.429,121.377,122.139,153884
2015-12-17 00:00:00,122.14,122.872,122.135,122.699,137998
2015-12-18 00:00:00,122.698,123.559,121.053,121.247,173098
2015-12-19 00:00:00,121.248,121.32,121.122,121.126,2028
2015-12-21 00:00:00,121.212,121.5,120.835,121.108,122999
2015-12-22 00:00:00,121.109,121.305,120.72,121.006,108597
2015-12-23 00:00:00,121.007,121.132,120.809,120.848,79802
2015-12-24 00:00:00,120.847,120.99,120.247,120.32,66862
2015-12-28 00:00:00,120.103,120.626,120.103,120.348,73179
2015-12-29 00:00:00,120.349,120.504,120.232,120.437,76453
2015-12-30 00:00:00,120.436,120.65,120.348,120.52,69578
2015-12-31 00:00:00,120.524,120.575,119.999,120.207,59245
2016-01-04 00:00:00,120.196,120.462,118.699,119.422,159180
2016-01-05 00:00:00,119.421,119.698,118.79,119.03,152647
2016-01-06 00:00:00,119.029,119.166,118.247,118.474,175201
2016-01-07 00:00:00,118.476,118.753,117.325,117.559,197626
2016-01-08 00:00:00,117.559,118.838,117.445,117.493,194428
2016-01-09 00:00:00,117.493,117.592,117.223,117.229,3627
2016-01-11 00:00:00,117.097,118.022,116.691,117.746,174118
2016-01-12 00:00:00,117.744,118.068,117.223,117.708,188776
2016-01-13 00:00:00,117.706,118.376,117.614,117.669,169454
2016-01-14 00:00:00,117.675,118.275,117.288,118.058,193857
2016-01-15 00:00:00,118.056,118.267,116.505,116.953,197303
2016-01-16 00:00:00,116.964,117.068,116.915,116.997,2893
2016-01-18 00:00:00,116.65,117.435,116.65,117.342,145131
2016-01-19 00:00:00,117.336,118.109,117.229,117.569,182276
2016-01-20 00:00:00,117.563,117.681,115.97,116.862,220154
2016-01-21 00:00:00,116.861,117.776,116.467,117.488,238565
2016-01-22 00:00:00,117.489,118.876,117.468,118.834,183799
2016-01-23 00:00:00,118.831,118.854,118.74,118.769,1879
2016-01-25 00:00:00,118.637,118.852,118.167,118.296,171104
2016-01-26 00:00:00,118.295,118.618,117.651,118.441,167451
2016-01-27 00:00:00,118.441,119.067,118.039,118.632,190302
2016-01-28 00:00:00,118.632,118.987,118.411,118.826,182296
2016-01-29 00:00:00,118.826,121.686,118.395,121.064,224929
2016-01-30 00:00:00,121.063,121.121,121.025,121.119,1876
2016-02-01 00:00:00,121.314,121.482,120.675,120.999,157541
2016-02-02 00:00:00,120.999,121.072,119.833,119.981,171348
2016-02-03 00:00:00,119.982,120.046,117.049,117.709,229392
2016-02-04 00:00:00,117.71,118.234,116.524,116.756,233552
2016-02-05 00:00:00,116.755,117.428,116.29,116.972,197175
2016-02-06 00:00:00,116.972,116.977,116.814,116.819,3386
2016-02-08 00:00:00,116.783,117.52,115.17,115.666,206083
2016-02-09 00:00:00,115.665,115.853,114.204,115.018,257077
2016-02-10 00:00:00,115.025,115.255,113.115,113.297,261443
2016-02-11 00:00:00,113.297,113.593,110.979,112.34,271253
2016-02-12 00:00:00,112.341,113.536,111.657,113.291,241694
2016-02-13 00:00:00,113.291,113.308,113.183,113.209,3538
2016-02-15 00:00:00,113.357,114.727,113.267,114.573,167571
2016-02-16 00:00:00,114.573,114.871,113.591,113.955,195036
2016-02-17 00:00:00,113.959,114.5,113.37,113.809,189439
2016-02-18 00:00:00,113.812,114.317,113.139,113.212,178327
2016-02-19 00:00:00,113.211,113.375,112.301,112.646,179037
2016-02-20 00:00:00,112.648,112.656,112.531,112.531,2424
2016-02-22 00:00:00,112.572,113.383,112.422,112.832,140060
2016-02-23 00:00:00,112.834,113.05,111.768,112.042,175231
2016-02-24 00:00:00,112.043,112.262,111.039,111.938,184470
2016-02-25 00:00:00,111.942,113.02,111.893,112.941,191289
2016-02-26 00:00:00,112.94,113.985,112.558,113.934,173877
2016-02-27 00:00:00,113.936,113.988,113.93,113.984,2800
2016-02-29 00:00:00,113.947,113.979,112.66,112.722,179531
2016-03-01 00:00:00,112.722,114.18,112.153,113.853,167032
2016-03-02 00:00:00,113.853,114.55,113.212,113.364,175703
2016-03-03 00:00:00,113.364,114.264,113.291,113.608,163688
2016-03-04 00:00:00,113.608,114.254,113.116,113.949,167658
2016-03-05 00:00:00,113.949,113.968,113.756,113.769,2713
2016-03-07 00:00:00,113.922,113.925,113.221,113.382,137820
2016-03-08 00:00:00,113.382,113.517,112.419,112.609,157167
2016-03-09 00:00:00,112.609,113.441,112.223,113.4,144707
2016-03-10 00:00:00,113.399,114.443,112.603,113.182,173215
2016-03-11 00:00:00,113.181,113.913,112.749,113.807,138734
2016-03-12 00:00:00,113.808,113.851,113.76,113.795,1838
2016-03-14 00:00:00,113.912,114.002,113.503,113.805,113294
2016-03-15 00:00:00,113.803,114.143,112.627,113.156,141925
2016-03-16 00:00:00,113.109,113.814,112.328,112.527,139582
2016-03-17 00:00:00,112.52,112.952,110.664,111.397,172385
2016-03-18 00:00:00,111.367,111.753,110.817,111.52,116514
2016-03-21 00:00:00,111.524,111.973,111.215,111.952,108658
2016-03-22 00:00:00,111.929,112.485,111.377,112.354,142071
2016-03-23 00:00:00,112.329,112.901,112.137,112.366,109573
2016-03-24 00:00:00,112.343,113.002,112.29,112.891,107017
2016-03-25 00:00:00,112.894,113.319,112.747,113.048,52566
2016-03-28 00:00:00,113.156,113.684,113.113,113.395,69230
2016-03-29 00:00:00,113.395,113.799,112.607,112.637,135658
2016-03-30 00:00:00,112.637,112.802,112.012,112.442,141320
2016-03-31 00:00:00,112.442,112.657,112.105,112.539,131202
2016-04-01 00:00:00,112.542,112.599,111.586,111.643,149118
2016-04-02 00:00:00,111.643,111.659,111.583,111.61,2458
2016-04-04 00:00:00,111.585,111.792,111.093,111.313,124861
2016-04-05 00:00:00,111.313,111.352,109.948,110.309,165379
2016-04-06 00:00:00,110.312,110.639,109.335,109.75,149026
2016-04-07 00:00:00,109.749,109.901,107.665,108.389,185282
2016-04-08 00:00:00,108.393,109.094,108.074,108.167,157754
2016-04-09 00:00:00,108.165,108.199,107.99,108.022,3075
2016-04-11 00:00:00,107.965,108.437,107.625,107.902,153089
2016-04-12 00:00:00,107.902,108.782,107.866,108.458,141294
2016-04-13 00:00:00,108.458,109.401,108.454,109.263,134223
2016-04-14 00:00:00,109.265,109.542,108.891,109.417,126543
2016-04-15 00:00:00,109.418,109.729,108.596,108.709,110193
2016-04-16 00:00:00,108.709,108.782,108.637,108.728,2518
2016-04-18 00:00:00,108.199,108.985,107.832,108.786,130692
2016-04-19 00:00:00,108.786,109.482,108.746,109.16,127406
2016-04-20 00:00:00,109.16,109.875,108.758,109.77,128260
2016-04-21 00:00:00,109.77,109.894,109.319,109.454,137441
2016-04-22 00:00:00,109.455,111.802,109.256,111.616,151510
2016-04-23 00:00:00,111.617,111.799,111.605,111.748,2092
2016-04-25 00:00:00,111.853,111.86,110.837,111.181,128950
2016-04-26 00:00:00,111.183,111.472,110.666,111.434,128731
2016-04-27 00:00:00,111.434,111.751,111.024,111.567,125201
2016-04-28 00:00:00,111.564,111.88,107.86,108.012,170380
2016-04-29 00:00:00,108.005,108.196,106.274,106.384,148816
2016-04-30 00:00:00,106.386,106.523,106.284,106.334,5661
2016-05-02 00:00:00,106.223,106.815,106.136,106.458,142891
2016-05-03 00:00:00,106.458,106.476,105.545,106.447,139054
2016-05-04 00:00:00,106.447,107.453,106.243,106.899,147917
2016-05-05 00:00:00,106.896,107.495,106.799,107.236,113137
2016-05-06 00:00:00,107.234,107.416,106.43,107.141,141895
2016-05-07 00:00:00,107.142,107.147,107.074,107.074,2774
2016-05-09 00:00:00,107.07,108.601,107.068,108.378,121730
2016-05-10 00:00:00,108.379,109.346,108.27,109.286,129427
2016-05-11 00:00:00,109.288,109.369,108.364,108.462,119823
2016-05-12 00:00:00,108.468,109.391,108.222,109.08,140609
2016-05-13 00:00:00,109.083,109.55,108.509,108.638,141439
2016-05-14 00:00:00,108.638,108.693,108.569,108.607,2364
2016-05-16 00:00:00,108.605,109.092,108.46,108.955,99720
2016-05-17 00:00:00,108.956,109.649,108.837,109.082,128487
2016-05-18 00:00:00,109.083,110.244,108.718,110.234,148873
2016-05-19 00:00:00,110.236,110.38,109.694,109.958,136302
2016-05-20 00:00:00,109.958,110.584,109.846,110.158,108674
2016-05-21 00:00:00,110.157,110.225,110.091,110.102,2228
2016-05-23 00:00:00,110.103,110.238,109.106,109.241,117005
2016-05-24 00:00:00,109.244,110.127,109.166,109.998,113946
2016-05-25 00:00:00,109.996,110.443,109.86,110.143,114564
2016-05-26 00:00:00,110.143,110.226,109.414,109.728,124837
2016-05-27 00:00:00,109.727,110.443,109.469,110.411,111229
2016-05-28 00:00:00,110.412,110.432,110.223,110.242,2989
2016-05-30 00:00:00,110.419,111.445,110.31,111.132,92059
2016-05-31 00:00:00,111.134,111.345,110.497,110.711,133118
2016-06-01 00:00:00,110.711,110.827,109.047,109.5,156407
2016-06-02 00:00:00,109.503,109.593,108.52,108.798,154499
2016-06-03 00:00:00,108.802,109.132,106.544,106.627,175440
2016-06-04 00:00:00,106.632,106.666,106.505,106.532,4267
2016-06-06 00:00:00,106.543,107.582,106.363,107.567,160153
2016-06-07 00:00:00,107.566,107.898,107.15,107.328,144453
2016-06-08 00:00:00,107.329,107.388,106.587,107.027,140690
2016-06-09 00:00:00,107.03,107.172,106.249,107.073,147476
2016-06-10 00:00:00,107.071,107.258,106.55,106.769,147731
2016-06-11 00:00:00,106.77,107.002,106.739,106.912,3905
2016-06-13 00:00:00,106.793,106.852,105.733,106.194,181555
2016-06-14 00:00:00,106.193,106.417,105.623,106.138,187867
2016-06-15 00:00:00,106.14,106.392,105.436,106.005,165645
2016-06-16 00:00:00,105.999,106.023,103.547,104.355,219961
2016-06-17 00:00:00,104.358,104.824,104.079,104.209,174430
2016-06-18 00:00:00,104.209,104.269,104.042,104.042,3335
2016-06-20 00:00:00,104.099,104.839,103.806,103.88,154269
2016-06-21 00:00:00,103.885,105.053,103.575,104.84,155251
2016-06-22 00:00:00,104.838,104.88,104.311,104.497,141517
2016-06-23 00:00:00,104.497,106.034,104.021,105.922,160463
2016-06-24 00:00:00,105.924,106.805,98.935,102.259,239575
2016-06-25 00:00:00,102.254,102.437,101.985,102.195,4117
2016-06-27 00:00:00,101.495,102.467,101.395,102.067,217401
2016-06-28 00:00:00,102.065,102.836,101.553,102.666,174026
2016-06-29 00:00:00,102.667,102.861,102.167,102.833,154682
2016-06-30 00:00:00,102.831,103.289,102.351,103.279,174012
2016-07-01 00:00:00,103.281,103.391,102.438,102.554,145658
2016-07-02 00:00:00,102.554,102.605,102.512,102.529,1708
2016-07-04 00:00:00,102.617,102.801,102.415,102.509,104010
2016-07-05 00:00:00,102.508,102.585,101.446,101.67,143361
2016-07-06 00:00:00,101.668,101.761,100.194,101.311,183850
2016-07-07 00:00:00,101.313,101.395,100.593,100.757,149445
2016-07-08 00:00:00,100.757,101.273,99.988,100.462,141710
2016-07-09 00:00:00,100.462,100.584,100.401,100.401,2660
2016-07-11 00:00:00,100.602,102.876,100.511,102.872,135165
2016-07-12 00:00:00,102.874,104.98,102.445,104.867,191843
2016-07-13 00:00:00,104.866,104.878,103.906,104.424,189972
2016-07-14 00:00:00,104.424,105.932,103.973,105.351,202021
2016-07-15 00:00:00,105.351,106.311,105.043,105.442,187466
2016-07-16 00:00:00,105.442,105.516,104.624,104.808,8595
2016-07-18 00:00:00,105.336,106.26,105.268,106.161,132672
2016-07-19 00:00:00,106.16,106.528,105.642,106.132,147223
2016-07-20 00:00:00,106.132,107.016,105.825,106.98,134128
2016-07-21 00:00:00,106.98,107.488,105.419,105.736,186572
2016-07-22 00:00:00,105.736,106.396,105.562,106.127,150501
2016-07-23 00:00:00,106.128,106.221,106.015,106.025,4159
2016-07-25 00:00:00,106.106,106.719,105.736,105.773,125307
2016-07-26 00:00:00,105.773,105.886,103.988,104.638,153042
2016-07-27 00:00:00,104.637,106.535,104.555,105.218,167962
2016-07-28 00:00:00,105.218,105.499,104.479,105.35,144834
2016-07-29 00:00:00,105.35,105.645,101.968,102.035,213193
2016-07-30 00:00:00,102.034,102.189,102.022,102.04,3182
2016-08-01 00:00:00,102.212,102.679,102.004,102.368,128764
2016-08-02 00:00:00,102.368,102.828,100.675,100.853,144107
2016-08-03 00:00:00,100.851,101.567,100.744,101.184,130636
2016-08-04 00:00:00,101.185,101.662,100.856,101.173,127830
2016-08-05 00:00:00,101.173,102.058,100.867,101.752,121803
2016-08-06 00:00:00,101.753,101.822,101.729,101.8,2662
2016-08-08 00:00:00,101.928,102.651,101.852,102.433,102036
2016-08-09 00:00:00,102.432,102.525,101.785,101.911,102820
2016-08-10 00:00:00,101.911,101.953,100.961,101.272,122359
2016-08-11 00:00:00,101.273,102.05,101.007,101.858,100610
2016-08-12 00:00:00,101.858,102.267,100.829,101.233,121775
2016-08-13 00:00:00,101.233,101.315,101.189,101.283,2284
2016-08-15 00:00:00,101.113,101.45,100.865,101.231,100422
2016-08-16 00:00:00,101.231,101.287,99.536,100.265,143560
2016-08-17 00:00:00,100.265,101.159,100.031,100.227,134838
2016-08-18 00:00:00,100.229,100.497,99.64,99.915,137096
2016-08-19 00:00:00,99.916,100.454,99.853,100.128,117438
2016-08-20 00:00:00,100.128,100.231,100.116,100.217,2044
2016-08-22 00:00:00,100.681,100.928,100.208,100.277,119800
2016-08-23 00:00:00,100.278,100.385,99.937,100.219,116649
2016-08-24 00:00:00,100.22,100.605,100.092,100.452,110109
2016-08-25 00:00:00,100.45,100.612,100.297,100.567,96510
2016-08-26 00:00:00,100.567,101.939,100.059,101.81,132900
2016-08-27 00:00:00,101.81,101.882,101.704,101.739,3486
2016-08-29 00:00:00,102.07,102.387,101.827,101.899,109908
2016-08-30 00:00:00,101.899,103.131,101.744,103.018,117360
2016-08-31 00:00:00,103.019,103.528,102.854,103.45,121982
2016-09-01 00:00:00,103.45,103.994,103.057,103.213,129524
2016-09-02 00:00:00,103.213,104.316,102.794,104.013,144802
2016-09-03 00:00:00,104.012,104.035,103.746,103.746,3700
2016-09-05 00:00:00,104.065,104.132,103.141,103.433,101383
2016-09-06 00:00:00,103.432,103.804,101.928,102.016,141890
2016-09-07 00:00:00,102.017,102.124,101.193,101.756,138845
2016-09-08 00:00:00,101.756,102.592,101.409,102.511,141099
2016-09-09 00:00:00,102.514,103.051,101.961,102.68,145097
2016-09-10 00:00:00,102.68,102.707,102.562,102.562,2903
2016-09-12 00:00:00,102.55,102.663,101.558,101.828,144820
2016-09-13 00:00:00,101.827,102.744,101.417,102.654,148763
2016-09-14 00:00:00,102.654,103.353,102.245,102.43,141057
2016-09-15 00:00:00,102.431,102.752,101.922,102.145,142423
2016-09-16 00:00:00,102.144,102.457,101.735,102.308,125117
2016-09-17 00:00:00,102.31,102.38,102.232,102.232,2278
2016-09-19 00:00:00,102.112,102.411,101.574,101.833,104066
2016-09-20 00:00:00,101.832,102.06,101.531,101.739,111057
2016-09-21 00:00:00,101.74,102.78,100.345,100.479,185226
2016-09-22 00:00:00,100.479,100.928,100.094,100.789,123693
2016-09-23 00:00:00,100.787,101.238,100.67,101.048,133694
2016-09-24 00:00:00,101.047,101.067,100.865,100.865,1665
2016-09-26 00:00:00,100.924,101.07,100.244,100.263,103948
2016-09-27 00:00:00,100.264,100.983,100.081,100.344,146013
2016-09-28 00:00:00,100.343,100.813,100.256,100.65,126037
2016-09-29 00:00:00,100.649,101.835,100.644,101.042,155200
2016-09-30 00:00:00,101.042,101.777,100.741,101.403,161375
2016-10-01 00:00:00,101.403,101.423,101.262,101.322,2319
2016-10-03 00:00:00,101.208,101.668,101.125,101.585,108472
2016-10-04 00:00:00,101.586,102.962,101.566,102.849,154802
2016-10-05 00:00:00,102.848,103.665,102.664,103.563,136026
2016-10-06 00:00:00,103.563,104.157,103.344,104.056,127454
2016-10-07 00:00:00,104.056,104.079,102.853,102.957,159070
2016-10-08 00:00:00,102.957,102.979,102.876,102.876,2567
2016-10-10 00:00:00,103.23,103.784,102.805,103.649,105996
2016-10-11 00:00:00,103.648,104.067,103.168,103.459,143268
2016-10-12 00:00:00,103.459,104.477,103.273,104.255,135962
2016-10-13 00:00:00,104.252,104.63,103.329,103.607,127204
2016-10-14 00:00:00,103.609,104.475,103.582,104.227,142760
2016-10-15 00:00:00,104.228,104.232,104.046,104.046,2073
2016-10-17 00:00:00,104.315,104.366,103.784,103.867,113670
2016-10-18 00:00:00,103.87,104.196,103.677,103.844,107037
2016-10-19 00:00:00,103.845,103.944,103.161,103.417,105249
2016-10-20 00:00:00,103.419,104.1,103.339,103.941,112852
2016-10-21 00:00:00,103.942,104.202,103.517,103.822,106181
2016-10-22 00:00:00,103.822,103.834,103.689,103.689,1666
2016-10-24 00:00:00,103.816,104.317,103.717,104.227,97818
2016-10-25 00:00:00,104.227,104.87,104.108,104.202,119284
2016-10-26 00:00:00,104.202,104.614,104.016,104.485,108389
2016-10-27 00:00:00,104.482,105.345,104.293,105.249,126889
2016-10-28 00:00:00,105.252,105.528,104.461,104.712,149176
2016-10-29 00:00:00,104.712,104.801,104.68,104.725,3157
2016-10-31 00:00:00,104.563,105.229,104.52,104.812,111468
2016-11-01 00:00:00,104.813,105.114,103.794,104.14,147379
2016-11-02 00:00:00,104.122,104.162,103.015,103.288,163860
2016-11-03 00:00:00,103.291,103.437,102.544,102.968,159364
2016-11-04 00:00:00,102.97,103.35,102.825,103.093,154617
2016-11-07 00:00:00,103.963,104.627,103.759,104.492,138686
2016-11-08 00:00:00,104.492,105.187,104.292,105.104,137966
2016-11-09 00:00:00,105.105,105.884,101.186,105.882,340708
2016-11-10 00:00:00,105.883,106.942,104.954,106.918,249690
2016-11-11 00:00:00,106.918,106.936,106.026,106.722,200101
2016-11-12 00:00:00,106.726,106.796,106.61,106.62,3279
2016-11-14 00:00:00,106.842,108.539,106.728,108.39,197469
2016-11-15 00:00:00,108.39,109.333,107.765,109.171,192909
2016-11-16 00:00:00,109.171,109.752,108.788,109.08,184825
2016-11-17 00:00:00,109.087,109.987,108.548,109.956,196733
2016-11-18 00:00:00,109.956,110.92,109.796,110.82,199787
2016-11-19 00:00:00,110.819,110.948,110.81,110.867,3919
2016-11-21 00:00:00,112.004,112.004,110.466,111.037,184600
2016-11-22 00:00:00,111.035,111.35,110.264,111.052,196619
2016-11-23 00:00:00,111.052,112.969,110.848,112.522,163022
2016-11-24 00:00:00,112.523,113.529,112.366,113.351,151432
2016-11-25 00:00:00,113.349,113.895,112.548,113.052,188532
2016-11-26 00:00:00,113.054,113.213,112.932,113.213,1449
2016-11-28 00:00:00,112.796,112.968,111.353,112.098,189016
2016-11-29 00:00:00,112.101,113.336,111.614,112.421,183404
2016-11-30 00:00:00,112.421,114.534,112.051,114.413,206717
2016-12-01 00:00:00,114.412,114.821,113.826,114.025,188591
2016-12-02 00:00:00,114.026,114.2,113.324,113.573,160258
2016-12-03 00:00:00,113.574,113.581,113.439,113.439,3305
2016-12-05 00:00:00,113.195,114.769,112.859,113.753,175499
2016-12-06 00:00:00,113.753,114.182,113.497,114.019,128912
2016-12-07 00:00:00,114.02,114.398,113.409,113.764,121653
2016-12-08 00:00:00,113.763,114.37,113.12,113.976,159285
2016-12-09 00:00:00,113.976,115.363,113.931,115.234,137367
2016-12-10 00:00:00,115.234,115.348,115.185,115.219,2976
2016-12-12 00:00:00,115.375,116.118,114.847,115.015,154433
2016-12-13 00:00:00,115.016,115.473,114.731,115.16,142565
2016-12-14 00:00:00,115.157,117.387,114.766,117.166,153117
2016-12-15 00:00:00,117.166,118.659,116.95,118.136,220146
2016-12-16 00:00:00,118.139,118.423,117.467,117.915,175237
2016-12-17 00:00:00,117.916,118.002,117.776,117.776,2780
2016-12-19 00:00:00,117.936,117.956,116.543,117.12,152606
2016-12-20 00:00:00,117.126,118.238,116.983,117.816,159162
2016-12-21 00:00:00,117.814,118.065,117.103,117.53,135799
2016-12-22 00:00:00,117.53,117.872,117.263,117.574,119034
2016-12-23 00:00:00,117.574,117.604,117.166,117.362,91009
2016-12-24 00:00:00,117.363,117.376,117.198,117.198,2161
2016-12-26 00:00:00,117.034,117.216,116.862,117.04,17388
2016-12-27 00:00:00,117.045,117.613,116.992,117.449,93970
2016-12-28 00:00:00,117.448,117.809,117.051,117.19,105554
2016-12-29 00:00:00,117.195,117.247,116.227,116.611,152194
2016-12-30 00:00:00,116.612,117.192,116.037,116.886,185340
2016-12-31 00:00:00,116.881,117.039,116.809,116.814,2306
2017-01-02 00:00:00,116.78,117.644,116.634,117.562,40960
2017-01-03 00:00:00,117.452,118.602,117.21,117.727,172425
2017-01-04 00:00:00,117.729,118.182,117.047,117.363,172251
2017-01-05 00:00:00,117.364,117.425,115.213,115.561,222895
2017-01-06 00:00:00,115.56,117.175,115.065,117.011,191262
2017-01-07 00:00:00,117.011,117.039,116.917,116.942,3196
2017-01-09 00:00:00,116.993,117.528,115.949,116.027,154977
2017-01-10 00:00:00,116.033,116.34,115.192,115.628,188717
2017-01-11 00:00:00,115.629,116.87,114.239,115.423,216540
2017-01-12 00:00:00,115.422,115.502,113.75,114.565,231527
2017-01-13 00:00:00,114.566,115.44,114.154,114.572,184637
2017-01-14 00:00:00,114.571,114.58,114.338,114.338,2673
2017-01-16 00:00:00,114.221,114.462,113.617,114.132,127294
2017-01-17 00:00:00,114.131,114.279,112.624,112.65,219149
2017-01-18 00:00:00,112.648,114.376,112.566,114.298,181019
2017-01-19 00:00:00,114.294,115.616,114.292,114.792,213208
2017-01-20 00:00:00,114.797,115.382,114.206,114.482,210844
2017-01-21 00:00:00,114.483,114.622,114.464,114.464,2717
2017-01-23 00:00:00,114.313,114.414,112.749,113.142,207220
2017-01-24 00:00:00,113.145,113.891,112.519,113.756,196875
2017-01-25 00:00:00,113.757,113.985,113.033,113.207,185877
2017-01-26 00:00:00,113.204,114.853,113.044,114.468,186943
2017-01-27 00:00:00,114.468,115.372,114.386,115.134,172382
2017-01-28 00:00:00,115.135,115.139,114.99,115.028,2112
2017-01-30 00:00:00,114.761,114.946,113.442,113.708,174409
2017-01-31 00:00:00,113.707,113.961,112.076,112.887,211509
2017-02-01 00:00:00,112.89,113.948,112.636,113.18,190707
2017-02-02 00:00:00,113.184,113.36,112.048,112.732,187245
2017-02-03 00:00:00,112.737,113.47,112.311,112.688,170509
2017-02-04 00:00:00,112.688,112.711,112.443,112.443,2665
2017-02-06 00:00:00,112.384,112.772,111.618,111.751,164162
2017-02-07 00:00:00,111.755,112.573,111.588,112.355,161804
2017-02-08 00:00:00,112.354,112.54,111.627,112.049,163544
2017-02-09 00:00:00,112.05,113.342,111.731,113.234,148495
2017-02-10 00:00:00,113.235,113.854,112.853,113.354,156935
2017-02-11 00:00:00,113.353,113.356,113.065,113.065,3318
2017-02-13 00:00:00,113.513,114.164,113.435,113.667,136051
2017-02-14 00:00:00,113.667,114.495,113.245,114.233,159948
2017-02-15 00:00:00,114.234,114.953,113.859,114.075,147510
2017-02-16 00:00:00,114.075,114.305,113.081,113.231,153152
2017-02-17 00:00:00,113.233,113.497,112.614,112.919,143133
2017-02-18 00:00:00,112.917,112.917,112.697,112.697,2601
2017-02-20 00:00:00,112.886,113.234,112.786,113.107,98180
2017-02-21 00:00:00,113.107,113.773,113.011,113.607,136347
2017-02-22 00:00:00,113.607,113.726,112.904,113.078,151809
2017-02-23 00:00:00,113.08,113.451,112.547,112.735,139118
2017-02-24 00:00:00,112.734,112.952,111.931,112.086,135581
2017-02-25 00:00:00,112.087,112.175,112.006,112.006,1961
2017-02-27 00:00:00,112.12,112.837,111.913,112.728,134839
2017-02-28 00:00:00,112.725,112.816,111.685,112.304,143800
2017-03-01 00:00:00,112.304,114.044,112.297,113.641,183596
2017-03-02 00:00:00,113.641,114.588,113.634,114.381,139935
2017-03-03 00:00:00,114.382,114.745,113.894,113.905,151048
2017-03-04 00:00:00,113.906,114.101,113.807,113.886,3464
2017-03-06 00:00:00,113.879,114.132,113.555,113.882,120349
2017-03-07 00:00:00,113.881,114.152,113.726,113.986,114451
2017-03-08 00:00:00,113.989,114.755,113.604,114.343,142089
2017-03-09 00:00:00,114.339,114.974,114.283,114.931,165070
2017-03-10 00:00:00,114.932,115.5,114.65,114.754,168406
2017-03-11 00:00:00,114.756,114.815,114.661,114.717,3430
2017-03-13 00:00:00,114.764,114.915,114.478,114.878,135985
2017-03-14 00:00:00,114.878,115.191,114.515,114.733,130279
2017-03-15 00:00:00,114.728,114.881,113.169,113.376,144519
2017-03-16 00:00:00,113.357,113.544,112.9,113.296,158596
2017-03-17 00:00:00,113.279,113.488,112.56,112.702,125422
2017-03-20 00:00:00,112.639,112.894,112.453,112.542,101313
2017-03-21 00:00:00,112.534,112.865,111.54,111.706,162975
2017-03-22 00:00:00,111.691,111.788,110.728,111.146,184794
2017-03-23 00:00:00,111.144,111.576,110.625,110.904,177879
2017-03-24 00:00:00,110.922,111.478,110.623,111.217,164826
2017-03-27 00:00:00,110.919,111.043,110.106,110.611,157259
2017-03-28 00:00:00,110.61,111.198,110.174,111.101,143334
2017-03-29 00:00:00,111.1,111.313,110.712,110.97,143055
2017-03-30 00:00:00,110.972,111.844,110.938,111.793,143469
2017-03-31 00:00:00,111.794,112.193,111.239,111.318,144850
2017-04-01 00:00:00,111.32,111.402,111.264,111.264,4349
2017-04-03 00:00:00,111.355,111.584,110.852,110.856,127726
2017-04-04 00:00:00,110.854,110.928,110.265,110.727,149285
2017-04-05 00:00:00,110.731,111.451,110.534,110.663,148387
2017-04-06 00:00:00,110.662,111.138,110.286,110.804,151749
2017-04-07 00:00:00,110.799,111.362,110.126,111.204,181418
2017-04-08 00:00:00,111.205,111.217,110.971,110.971,3492
2017-04-10 00:00:00,111.016,111.576,110.802,110.947,116328
2017-04-11 00:00:00,110.949,111.117,109.617,109.707,143343
2017-04-12 00:00:00,109.707,109.863,109.106,109.16,150910
2017-04-13 00:00:00,109.157,109.389,108.72,109.054,151668
2017-04-14 00:00:00,109.05,109.219,108.544,108.607,83982
2017-04-15 00:00:00,108.605,108.651,108.542,108.542,2072
2017-04-17 00:00:00,108.738,109.05,108.129,108.931,103212
2017-04-18 00:00:00,108.931,109.217,108.317,108.444,144601
2017-04-19 00:00:00,108.442,109.178,108.377,108.849,133248
2017-04-20 00:00:00,108.849,109.484,108.716,109.318,127365
2017-04-21 00:00:00,109.319,109.419,108.878,109.089,117500
2017-04-22 00:00:00,109.09,109.203,108.979,108.979,4117
2017-04-24 00:00:00,110.489,110.501,109.694,109.71,144941
2017-04-25 00:00:00,109.713,111.185,109.59,111.097,129891
2017-04-26 00:00:00,111.1,111.774,110.967,111.042,155797
2017-04-27 00:00:00,111.044,111.596,110.869,111.188,138621
2017-04-28 00:00:00,111.193,111.713,111.068,111.445,125974
2017-04-29 00:00:00,111.443,111.528,111.385,111.528,3012
2017-05-01 00:00:00,111.207,111.923,111.202,111.787,89622
2017-05-02 00:00:00,111.785,112.301,111.778,112.026,113046
2017-05-03 00:00:00,112.022,112.705,111.957,112.656,104085
2017-05-04 00:00:00,112.658,113.044,112.316,112.352,120867
2017-05-05 00:00:00,112.352,112.764,112.085,112.476,120063
2017-05-06 00:00:00,112.476,112.796,112.471,112.598,4144
2017-05-08 00:00:00,112.938,113.229,112.393,113.185,118222
2017-05-09 00:00:00,113.188,114.325,113.129,113.924,114525
2017-05-10 00:00:00,113.92,114.365,113.623,114.26,125191
2017-05-11 00:00:00,114.262,114.365,113.453,113.841,115388
2017-05-12 00:00:00,113.84,113.949,113.196,113.291,110528
2017-05-13 00:00:00,113.289,113.356,113.234,113.323,3190
2017-05-15 00:00:00,113.161,113.852,113.161,113.761,99365
2017-05-16 00:00:00,113.762,113.789,112.928,113.068,110978
2017-05-17 00:00:00,113.067,113.124,110.888,110.97,166817
2017-05-18 00:00:00,110.971,111.74,110.231,111.353,213385
2017-05-19 00:00:00,111.352,111.697,111.041,111.169,146743
2017-05-20 00:00:00,111.169,111.278,111.156,111.228,3315
2017-05-22 00:00:00,111.022,111.603,110.875,111.223,114563
2017-05-23 00:00:00,111.223,111.855,110.855,111.811,141121
2017-05-24 00:00:00,111.812,112.125,111.542,111.6,134330
2017-05-25 00:00:00,111.602,111.948,111.475,111.79,111955
2017-05-26 00:00:00,111.793,111.876,110.875,111.253,115199
2017-05-27 00:00:00,111.256,111.336,111.25,111.253,3753
2017-05-29 00:00:00,111.21,111.465,111.165,111.294,72645
2017-05-30 00:00:00,111.296,111.351,110.661,110.757,115646
2017-05-31 00:00:00,110.755,111.223,110.477,110.743,120403
2017-06-01 00:00:00,110.743,111.478,110.673,111.34,115191
2017-06-02 00:00:00,111.34,111.706,110.326,110.417,121197
2017-06-03 00:00:00,110.418,110.459,110.351,110.351,2908
2017-06-05 00:00:00,110.343,110.728,110.226,110.482,69995
2017-06-06 00:00:00,110.483,110.523,109.223,109.424,108317
2017-06-07 00:00:00,109.421,109.879,109.111,109.791,99401
2017-06-08 00:00:00,109.79,110.381,109.378,109.987,107917
2017-06-09 00:00:00,109.989,110.808,109.72,110.222,115220
2017-06-10 00:00:00,110.222,110.33,110.22,110.304,3024
2017-06-12 00:00:00,110.284,110.436,109.629,109.861,86455
2017-06-13 00:00:00,109.861,110.267,109.819,109.989,78991
2017-06-14 00:00:00,109.99,110.339,108.805,109.649,118391
2017-06-15 00:00:00,109.652,110.976,109.265,110.917,117187
2017-06-16 00:00:00,110.919,111.414,110.642,110.834,101769
2017-06-17 00:00:00,110.835,110.902,110.824,110.824,2585
2017-06-19 00:00:00,110.842,111.597,110.719,111.575,79449
2017-06-20 00:00:00,111.579,111.783,111.305,111.456,92162
2017-06-21 00:00:00,111.457,111.736,111.065,111.341,94113
2017-06-22 00:00:00,111.341,111.444,110.946,111.236,91012
2017-06-23 00:00:00,111.237,111.427,111.15,111.252,77100
2017-06-24 00:00:00,111.253,111.31,111.226,111.226,1804
2017-06-26 00:00:00,111.118,111.941,111.118,111.86,77839
2017-06-27 00:00:00,111.861,112.462,111.459,112.169,106972
2017-06-28 00:00:00,112.169,112.411,111.826,112.242,119978
2017-06-29 00:00:00,112.243,112.922,111.807,112.059,128940
2017-06-30 00:00:00,112.057,112.599,111.725,112.459,113779
2017-07-01 00:00:00,112.456,112.497,112.331,112.361,3466
2017-07-03 00:00:00,112.112,113.453,112.112,113.443,90739
2017-07-04 00:00:00,113.442,113.467,112.735,113.259,108529
2017-07-05 00:00:00,113.26,113.682,112.82,113.222,104365
2017-07-06 00:00:00,113.221,113.466,112.882,113.2,109310
2017-07-07 00:00:00,113.198,114.175,113.1,113.882,110865
2017-07-08 00:00:00,113.882,113.917,113.843,113.859,1411
2017-07-10 00:00:00,113.909,114.298,113.837,114.067,82433
2017-07-11 00:00:00,114.072,114.49,113.713,113.819,100411
2017-07-12 00:00:00,113.82,113.971,112.923,113.188,118142
2017-07-13 00:00:00,113.186,113.521,112.857,113.212,110322
2017-07-14 00:00:00,113.21,113.575,112.256,112.531,98713
2017-07-15 00:00:00,112.531,112.549,112.477,112.528,1995
2017-07-17 00:00:00,112.461,112.863,112.324,112.577,86505
2017-07-18 00:00:00,112.577,112.686,111.682,112.013,123937
2017-07-19 00:00:00,112.013,112.23,111.55,111.821,98922
2017-07-20 00:00:00,111.822,112.413,111.475,111.91,133613
2017-07-21 00:00:00,111.912,112.074,111.008,111.069,109209
2017-07-22 00:00:00,111.069,111.137,111.064,111.122,3056
2017-07-24 00:00:00,111.097,111.316,110.618,111.106,103142
2017-07-25 00:00:00,111.109,111.938,110.825,111.889,114874
2017-07-26 00:00:00,111.889,112.196,111.056,111.224,119648
2017-07-27 00:00:00,111.223,111.706,110.776,111.196,164363
2017-07-28 00:00:00,111.195,111.33,110.544,110.575,151409
2017-07-29 00:00:00,110.576,110.715,110.567,110.64,3801
2017-07-31 00:00:00,110.614,110.769,110.21,110.231,120781
2017-08-01 00:00:00,110.232,110.586,109.915,110.309,146578
2017-08-02 00:00:00,110.311,110.98,110.278,110.677,138723
2017-08-03 00:00:00,110.679,110.824,109.851,109.934,136030
2017-08-04 00:00:00,109.933,111.046,109.84,110.67,122418
2017-08-05 00:00:00,110.67,110.732,110.632,110.675,2695
2017-08-07 00:00:00,110.708,110.916,110.642,110.73,98605
2017-08-08 00:00:00,110.729,110.823,110.244,110.343,91485
2017-08-09 00:00:00,110.343,110.409,109.555,109.996,123667
2017-08-10 00:00:00,109.995,110.176,109.148,109.161,123015
2017-08-11 00:00:00,109.158,109.398,108.724,109.08,136059
2017-08-12 00:00:00,109.079,109.188,109.067,109.163,4059
2017-08-14 00:00:00,109.142,109.796,109.032,109.655,118386
2017-08-15 00:00:00,109.656,110.843,109.602,110.538,130443
2017-08-16 00:00:00,110.538,110.945,110.026,110.208,119954
2017-08-17 00:00:00,110.207,110.365,109.453,109.483,155587
2017-08-18 00:00:00,109.482,109.594,108.6,109.156,166460
2017-08-19 00:00:00,109.156,109.225,109.128,109.144,2834
2017-08-21 00:00:00,109.331,109.417,108.632,108.902,117388
2017-08-22 00:00:00,108.901,109.652,108.855,109.56,93110
2017-08-23 00:00:00,109.557,109.821,108.956,108.963,99169
2017-08-24 00:00:00,108.961,109.573,108.844,109.567,110857
2017-08-25 00:00:00,109.568,109.84,109.109,109.274,116329
2017-08-26 00:00:00,109.275,109.352,109.268,109.348,2589
2017-08-28 00:00:00,109.243,109.413,108.744,108.79,153873
2017-08-29 00:00:00,108.795,109.906,108.267,109.638,297015
2017-08-30 00:00:00,109.636,110.44,109.54,110.236,200566
2017-08-31 00:00:00,110.235,110.672,109.88,109.933,219514
2017-09-01 00:00:00,109.934,110.484,109.563,110.253,194381
2017-09-04 00:00:00,110.253,110.253,109.383,109.677,145583
2017-09-05 00:00:00,109.677,109.834,108.63,108.735,237287
2017-09-06 00:00:00,108.736,109.396,108.447,109.243,228216
2017-09-07 00:00:00,109.248,109.263,108.047,108.386,240695
2017-09-08 00:00:00,108.385,108.486,107.317,107.829,262099
2017-09-11 00:00:00,107.829,109.505,107.829,109.373,191920
2017-09-12 00:00:00,109.373,110.253,109.239,110.156,191334
2017-09-13 00:00:00,110.155,110.691,109.902,110.493,180246
2017-09-14 00:00:00,110.493,111.042,110.063,110.235,194391
2017-09-15 00:00:00,110.23,111.334,109.549,110.837,242290
2017-09-18 00:00:00,111.055,111.663,110.996,111.564,179887
2017-09-19 00:00:00,111.562,111.881,111.202,111.595,218305
2017-09-20 00:00:00,111.584,112.534,111.101,112.176,210745
2017-09-21 00:00:00,112.205,112.716,112.134,112.483,221607
2017-09-22 00:00:00,112.463,112.554,111.653,111.975,211371
2017-09-25 00:00:00,112.145,112.53,111.473,111.716,233668
2017-09-26 00:00:00,111.725,112.476,111.497,112.234,209912
2017-09-27 00:00:00,112.226,113.257,112.207,112.804,242976
2017-09-28 00:00:00,112.818,113.21,112.253,112.339,232790
2017-09-29 00:00:00,112.332,112.737,112.213,112.461,182157
2017-10-02 00:00:00,112.625,113.059,112.445,112.759,183816
2017-10-03 00:00:00,112.751,113.195,112.628,112.838,187058
2017-10-04 00:00:00,112.841,112.938,112.322,112.757,188241
2017-10-05 00:00:00,112.75,112.92,112.413,112.822,164383
2017-10-06 00:00:00,112.81,113.44,112.606,112.652,192185
2017-10-09 00:00:00,112.596,112.745,112.328,112.682,112237
2017-10-10 00:00:00,112.675,112.827,111.99,112.453,181972
2017-10-11 00:00:00,112.439,112.585,112.079,112.497,172089
2017-10-12 00:00:00,112.488,112.519,112.126,112.294,160670
2017-10-13 00:00:00,112.278,112.304,111.686,111.846,139822
2017-10-16 00:00:00,111.763,112.29,111.652,112.185,104100
2017-10-17 00:00:00,112.185,112.479,112.036,112.196,124307
2017-10-18 00:00:00,112.187,113.049,112.135,112.932,125553
2017-10-19 00:00:00,112.922,113.148,112.294,112.544,157140
2017-10-20 00:00:00,112.533,113.569,112.513,113.507,159155
2017-10-23 00:00:00,113.858,114.098,113.244,113.433,138291
2017-10-24 00:00:00,113.429,114.024,113.248,113.908,153477
2017-10-25 00:00:00,113.89,114.243,113.48,113.736,185733
2017-10-26 00:00:00,113.739,114.078,113.34,113.991,166065
2017-10-27 00:00:00,113.971,114.452,113.639,113.695,169439
2017-10-30 00:00:00,113.717,113.834,113.026,113.177,112291
2017-10-31 00:00:00,113.167,113.732,112.954,113.638,133604
2017-11-01 00:00:00,113.626,114.281,113.603,114.181,153774
2017-11-02 00:00:00,114.175,114.217,113.537,114.086,164208
2017-11-03 00:00:00,114.077,114.429,113.625,114.08,114889
2017-11-06 00:00:00,114.047,114.733,113.743,113.776,147311
2017-11-07 00:00:00,113.778,114.342,113.689,113.939,157114
2017-11-08 00:00:00,113.946,114.023,113.394,113.854,157861
2017-11-09 00:00:00,113.823,114.068,113.091,113.352,233166
2017-11-10 00:00:00,113.347,113.635,113.221,113.54,184281
2017-11-13 00:00:00,113.54,113.714,113.243,113.59,141786
2017-11-14 00:00:00,113.594,113.912,113.309,113.434,150386
2017-11-15 00:00:00,113.435,113.496,112.477,112.809,219152
2017-11-16 00:00:00,112.826,113.332,112.736,113.049,164267
2017-11-17 00:00:00,113.055,113.143,111.945,112.044,190298
2017-11-20 00:00:00,112.071,112.719,111.885,112.62,194140
2017-11-21 00:00:00,112.631,112.705,112.176,112.464,152043
2017-11-22 00:00:00,112.46,112.494,111.142,111.208,172320
2017-11-23 00:00:00,111.2,111.38,111.067,111.217,116434
2017-11-24 00:00:00,111.132,111.623,111.132,111.582,131379
2017-11-27 00:00:00,111.379,111.692,110.842,111.11,179451
2017-11-28 00:00:00,111.087,111.639,110.93,111.459,196664
2017-11-29 00:00:00,111.451,112.15,111.347,111.876,212935
2017-11-30 00:00:00,111.871,112.64,111.736,112.553,207435
2017-12-01 00:00:00,112.522,112.875,111.405,112.088,302407
2017-12-04 00:00:00,112.956,113.089,112.506,112.519,219599
2017-12-05 00:00:00,112.512,112.865,112.364,112.576,184719
2017-12-06 00:00:00,112.552,112.654,111.992,112.188,200801
2017-12-07 00:00:00,112.206,113.158,112.2,113.074,174458
2017-12-08 00:00:00,113.083,113.591,113.056,113.468,154787
2017-12-11 00:00:00,113.519,113.691,113.242,113.538,138508
2017-12-12 00:00:00,113.541,113.751,113.371,113.512,115490
2017-12-13 00:00:00,113.493,113.575,112.456,112.484,161803
2017-12-14 00:00:00,112.492,112.883,112.063,112.253,162803
2017-12-15 00:00:00,112.242,112.744,112.031,112.575,161211
2017-12-18 00:00:00,112.669,112.832,112.309,112.544,133501
2017-12-19 00:00:00,112.568,113.079,112.51,112.854,134064
2017-12-20 00:00:00,112.861,113.466,112.839,113.396,135978
2017-12-21 00:00:00,113.406,113.637,113.2,113.285,127714
2017-12-22 00:00:00,113.295,113.448,113.253,113.275,114700
2017-12-26 00:00:00,113.248,113.354,113.12,113.178,90215
2017-12-27 00:00:00,113.175,113.382,113.148,113.281,146356
2017-12-28 00:00:00,113.282,113.352,112.663,112.889,125870
2017-12-29 00:00:00,112.896,112.971,112.473,112.625,121470
2018-01-02 00:00:00,112.578,112.792,112.055,112.267,120902
2018-01-03 00:00:00,112.273,112.609,112.171,112.458,105498
2018-01-04 00:00:00,112.462,112.864,112.444,112.723,126382
2018-01-05 00:00:00,112.73,113.309,112.71,113.127,127341
2018-01-08 00:00:00,113.086,113.387,112.881,113.075,93037
2018-01-09 00:00:00,113.062,113.179,112.366,112.598,154512
2018-01-10 00:00:00,112.6,112.785,111.269,111.359,192493
2018-01-11 00:00:00,111.366,111.875,111.044,111.214,176982
2018-01-12 00:00:00,111.216,111.696,110.913,111.029,185875
2018-01-15 00:00:00,111.093,111.184,110.329,110.483,154552
2018-01-16 00:00:00,110.484,110.983,110.246,110.386,183799
2018-01-17 00:00:00,110.38,111.247,110.194,111.131,210315
2018-01-18 00:00:00,111.137,111.482,110.692,111.056,200867
2018-01-19 00:00:00,111.062,111.13,110.49,110.709,185794
2018-01-22 00:00:00,110.612,111.224,110.501,110.966,145365
2018-01-23 00:00:00,110.963,111.179,110.252,110.316,186381
2018-01-24 00:00:00,110.311,110.338,108.968,109.14,218500
2018-01-25 00:00:00,109.137,109.704,108.5,109.25,291224
2018-01-26 00:00:00,109.263,109.771,108.282,108.729,274659
2018-01-29 00:00:00,108.656,109.203,108.508,108.96,215242
2018-01-30 00:00:00,108.943,109.205,108.413,108.844,236602
2018-01-31 00:00:00,108.84,109.446,108.595,109.168,246660
2018-02-01 00:00:00,109.163,109.751,109.095,109.29,216124
2018-02-02 00:00:00,109.299,110.484,109.244,110.156,257658
2018-02-05 00:00:00,110.117,110.29,109.124,109.269,297654
2018-02-06 00:00:00,109.232,109.653,108.456,109.543,525322
2018-02-07 00:00:00,109.556,109.71,108.919,109.586,303272
2018-02-08 00:00:00,109.592,109.784,108.581,108.743,378043
2018-02-09 00:00:00,108.719,109.31,108.046,108.8,434901
2018-02-12 00:00:00,108.79,108.931,108.436,108.619,235714
2018-02-13 00:00:00,108.615,108.78,107.408,107.809,259434
2018-02-14 00:00:00,107.808,107.903,106.721,106.952,309483
2018-02-15 00:00:00,106.941,107.04,106.035,106.083,294552
2018-02-16 00:00:00,106.097,106.399,105.546,106.323,252228
2018-02-19 00:00:00,106.369,106.728,106.094,106.574,153593
2018-02-20 00:00:00,106.585,107.378,106.56,107.255,187879
2018-02-21 00:00:00,107.255,107.905,107.246,107.672,226003
2018-02-22 00:00:00,107.668,107.777,106.595,106.678,225459
2018-02-23 00:00:00,106.687,107.134,106.512,106.829,166297
2018-02-26 00:00:00,106.903,107.279,106.375,106.922,186142
2018-02-27 00:00:00,106.926,107.676,106.784,107.366,199772
2018-02-28 00:00:00,107.367,107.527,106.565,106.7,201375
2018-03-01 00:00:00,106.698,107.204,106.163,106.2,285241
2018-03-02 00:00:00,106.199,106.3,105.247,105.723,266548
2018-03-05 00:00:00,105.445,106.239,105.351,106.157,217652
2018-03-06 00:00:00,106.158,106.466,105.853,106.212,209331
2018-03-07 00:00:00,106.213,106.222,105.455,106.078,258464
2018-03-08 00:00:00,106.079,106.296,105.891,106.257,189443
2018-03-09 00:00:00,106.257,107.054,106.155,106.814,202417
2018-03-12 00:00:00,106.788,106.974,106.316,106.409,161926
2018-03-13 00:00:00,106.409,107.294,106.254,106.577,209584
2018-03-14 00:00:00,106.57,106.749,106.064,106.325,196001
2018-03-15 00:00:00,106.318,106.414,105.785,106.341,187377
2018-03-16 00:00:00,106.339,106.377,105.603,106.012,174026
2018-03-19 00:00:00,105.909,106.307,105.678,106.096,199571
2018-03-20 00:00:00,106.088,106.608,105.929,106.536,193007
2018-03-21 00:00:00,106.535,106.64,105.88,106.044,181121
2018-03-22 00:00:00,106.048,106.086,105.261,105.28,293668
2018-03-23 00:00:00,105.273,105.402,104.634,104.716,339428
2018-03-26 00:00:00,104.657,105.481,104.631,105.4,209563
2018-03-27 00:00:00,105.402,105.904,105.324,105.33,215705
2018-03-28 00:00:00,105.327,107.012,105.325,106.852,274140
2018-03-29 00:00:00,106.833,106.934,106.267,106.428,199461
2018-03-30 00:00:00,106.422,106.538,106.123,106.27,103153
2018-04-02 00:00:00,106.17,106.45,105.658,105.903,178034
2018-04-03 00:00:00,105.876,106.657,105.692,106.604,211130
2018-04-04 00:00:00,106.607,106.848,105.99,106.773,240538
2018-04-05 00:00:00,106.763,107.493,106.711,107.385,189164
2018-04-06 00:00:00,107.381,107.461,106.776,106.942,274080
2018-04-09 00:00:00,106.962,107.203,106.616,106.747,178146
2018-04-10 00:00:00,106.77,107.399,106.618,107.2,225368
2018-04-11 00:00:00,107.195,107.251,106.65,106.791,191763
2018-04-12 00:00:00,106.784,107.43,106.7,107.348,171648
2018-04-13 00:00:00,107.313,107.779,107.204,107.343,169550
2018-04-16 00:00:00,107.497,107.608,107.036,107.114,141322
2018-04-17 00:00:00,107.108,107.212,106.882,107.007,128505
2018-04-18 00:00:00,107.0,107.386,106.985,107.226,132733
2018-04-19 00:00:00,107.228,107.516,107.182,107.37,150840
2018-04-20 00:00:00,107.357,107.857,107.356,107.642,163308
2018-04-23 00:00:00,107.784,108.753,107.662,108.701,150144
2018-04-24 00:00:00,108.7,109.202,108.543,108.812,174364
2018-04-25 00:00:00,108.812,109.454,108.785,109.425,186786
2018-04-26 00:00:00,109.419,109.469,109.065,109.302,161227
2018-04-27 00:00:00,109.292,109.539,108.957,109.082,157252
2018-04-30 00:00:00,109.062,109.453,109.021,109.325,122213
2018-05-01 00:00:00,109.335,109.889,109.235,109.862,135171
2018-05-02 00:00:00,109.858,110.036,109.595,109.848,165333
2018-05-03 00:00:00,109.832,109.918,108.93,109.196,175714
2018-05-04 00:00:00,109.188,109.274,108.648,109.061,142865
2018-05-07 00:00:00,109.112,109.398,108.758,109.092,113084
2018-05-08 00:00:00,109.087,109.351,108.827,109.134,161236
2018-05-09 00:00:00,109.121,109.833,108.996,109.743,155002
2018-05-10 00:00:00,109.741,110.019,109.317,109.393,169712
2018-05-11 00:00:00,109.391,109.568,109.151,109.366,128713
2018-05-14 00:00:00,109.334,109.671,109.208,109.644,126659
2018-05-15 00:00:00,109.645,110.456,109.645,110.353,168510
2018-05-16 00:00:00,110.341,110.403,110.04,110.403,169511
2018-05-17 00:00:00,110.392,110.859,110.072,110.773,162941
2018-05-18 00:00:00,110.746,111.082,110.608,110.764,126913
2018-05-21 00:00:00,110.871,111.396,110.822,111.044,108608
2018-05-22 00:00:00,111.034,111.185,110.796,110.896,117723
2018-05-23 00:00:00,110.892,110.92,109.557,110.082,228238
2018-05-24 00:00:00,110.069,110.09,108.954,109.248,208331
2018-05-25 00:00:00,109.241,109.744,109.059,109.444,180573
2018-05-28 00:00:00,109.74,109.83,109.234,109.409,139337
2018-05-29 00:00:00,109.398,109.467,108.113,108.768,282303
2018-05-30 00:00:00,108.754,109.074,108.352,108.901,239829
2018-05-31 00:00:00,108.904,109.004,108.386,108.809,215881
2018-06-01 00:00:00,108.804,109.734,108.722,109.507,174586
2018-06-04 00:00:00,109.45,109.854,109.371,109.816,134476
2018-06-05 00:00:00,109.813,110.005,109.472,109.794,153399
2018-06-06 00:00:00,109.778,110.266,109.776,110.187,145853
2018-06-07 00:00:00,110.177,110.222,109.476,109.699,169956
2018-06-08 00:00:00,109.689,109.852,109.198,109.537,168362
2018-06-11 00:00:00,109.28,110.118,109.28,110.033,127165
2018-06-12 00:00:00,110.033,110.494,109.954,110.372,159562
2018-06-13 00:00:00,110.359,110.848,110.271,110.343,134076
2018-06-14 00:00:00,110.329,110.695,109.918,110.625,164951
2018-06-15 00:00:00,110.619,110.904,110.387,110.664,178657
2018-06-18 00:00:00,110.665,110.734,110.3,110.548,118569
2018-06-19 00:00:00,110.539,110.575,109.551,110.059,230811
2018-06-20 00:00:00,110.05,110.451,109.853,110.355,168417
2018-06-21 00:00:00,110.355,110.759,109.842,109.968,197395
2018-06-22 00:00:00,109.978,110.218,109.802,109.986,162332
2018-06-25 00:00:00,109.84,110.046,109.367,109.76,176413
2018-06-26 00:00:00,109.756,110.217,109.368,110.023,176314
2018-06-27 00:00:00,110.022,110.49,109.685,110.269,215762
2018-06-28 00:00:00,110.245,110.65,109.966,110.494,191647
2018-06-29 00:00:00,110.476,110.944,110.375,110.701,189276
2018-07-02 00:00:00,110.577,111.063,110.554,110.886,138823
2018-07-03 00:00:00,110.894,111.134,110.507,110.573,136323
2018-07-04 00:00:00,110.577,110.608,110.278,110.491,140058
2018-07-05 00:00:00,110.448,110.728,110.29,110.659,149134
2018-07-06 00:00:00,110.58,110.788,110.381,110.478,118464
2018-07-09 00:00:00,110.396,110.902,110.339,110.842,93481
2018-07-10 00:00:00,110.846,111.353,110.758,111.047,106457
2018-07-11 00:00:00,110.986,112.176,110.766,112.0,179933
2018-07-12 00:00:00,111.99,112.627,111.914,112.524,138962
2018-07-13 00:00:00,112.53,112.801,112.275,112.364,115964
2018-07-16 00:00:00,112.21,112.564,112.189,112.277,85430
2018-07-17 00:00:00,112.278,112.926,112.222,112.881,132182
2018-07-18 00:00:00,112.859,113.138,112.709,112.842,116993
2018-07-19 00:00:00,112.85,113.178,112.053,112.464,162537
2018-07-20 00:00:00,112.458,112.624,111.382,111.443,194701
2018-07-23 00:00:00,111.375,111.544,110.751,111.353,140732
2018-07-24 00:00:00,111.332,111.514,110.961,111.206,126194
2018-07-25 00:00:00,111.189,111.385,110.667,110.964,149724
2018-07-26 00:00:00,110.967,111.249,110.588,111.23,135805
2018-07-27 00:00:00,111.22,111.255,110.797,111.005,101390
2018-07-30 00:00:00,110.927,111.166,110.89,111.062,80947
2018-07-31 00:00:00,111.009,111.961,110.73,111.867,157197
2018-08-01 00:00:00,111.816,112.151,111.389,111.713,122194
2018-08-02 00:00:00,111.718,111.737,111.316,111.643,124415
2018-08-03 00:00:00,111.639,111.877,111.101,111.271,108732
2018-08-06 00:00:00,111.213,111.526,111.15,111.399,65690
2018-08-07 00:00:00,111.402,111.479,110.992,111.378,81568
2018-08-08 00:00:00,111.369,111.44,110.837,110.952,81678
2018-08-09 00:00:00,110.963,111.183,110.707,111.084,90840
2018-08-10 00:00:00,111.06,111.171,110.51,110.889,169781
2018-08-13 00:00:00,110.428,110.941,110.11,110.719,149194
2018-08-14 00:00:00,110.658,111.313,110.587,111.145,119693
2018-08-15 00:00:00,111.138,111.432,110.432,110.741,134677
2018-08-16 00:00:00,110.738,111.124,110.459,110.898,145091
2018-08-17 00:00:00,110.887,111.053,110.316,110.519,105160
2018-08-20 00:00:00,110.584,110.684,110.018,110.073,78950
2018-08-21 00:00:00,110.066,110.548,109.774,110.269,99564
2018-08-22 00:00:00,110.27,110.616,110.027,110.552,102675
2018-08-23 00:00:00,110.544,111.317,110.519,111.294,92418
2018-08-24 00:00:00,111.266,111.488,111.103,111.255,102133
2018-08-27 00:00:00,111.313,111.347,110.935,111.075,67959
2018-08-28 00:00:00,111.07,111.356,110.956,111.196,86894
2018-08-29 00:00:00,111.189,111.827,111.122,111.679,100650
2018-08-30 00:00:00,111.676,111.755,110.953,111.023,95574
2018-08-31 00:00:00,110.965,111.135,110.686,111.105,106448
2018-09-03 00:00:00,111.05,111.188,110.85,111.108,77367
2018-09-04 00:00:00,111.018,111.533,110.901,111.479,94875
2018-09-05 00:00:00,111.348,111.758,111.312,111.53,105385
2018-09-06 00:00:00,111.524,111.532,110.521,110.728,115635
2018-09-07 00:00:00,110.745,111.248,110.38,111.035,117997
2018-09-10 00:00:00,111.026,111.248,110.85,111.122,70610
2018-09-11 00:00:00,111.106,111.642,111.063,111.593,72058
2018-09-12 00:00:00,111.621,111.651,111.114,111.255,81740
2018-09-13 00:00:00,111.249,112.0,111.16,111.924,86121
2018-09-14 00:00:00,111.92,112.169,111.754,112.043,76803
2018-09-17 00:00:00,112.01,112.122,111.761,111.858,57862
2018-09-18 00:00:00,111.838,112.389,111.664,112.362,113554
2018-09-19 00:00:00,112.354,112.446,112.161,112.305,83637
2018-09-20 00:00:00,112.259,112.584,112.042,112.495,109950
2018-09-21 00:00:00,112.479,112.873,112.425,112.558,84281
2018-09-24 00:00:00,112.401,112.839,112.401,112.812,59780
2018-09-25 00:00:00,112.766,112.98,112.741,112.975,76323
2018-09-26 00:00:00,112.972,113.135,112.631,112.742,94490
2018-09-27 00:00:00,112.712,113.469,112.561,113.405,99557
2018-09-28 00:00:00,113.356,113.711,113.306,113.69,94486
2018-10-01 00:00:00,113.71,114.062,113.7,113.978,74955
2018-10-02 00:00:00,113.909,114.018,113.53,113.682,94397
2018-10-03 00:00:00,113.634,114.539,113.522,114.537,99560
2018-10-04 00:00:00,114.533,114.55,113.633,113.943,131240
2018-10-05 00:00:00,113.878,114.102,113.559,113.7,125220
2018-10-08 00:00:00,113.762,113.942,112.822,113.233,97330
2018-10-09 00:00:00,113.23,113.393,112.87,112.954,152996
2018-10-10 00:00:00,112.953,113.287,112.255,112.255,157788
2018-10-11 00:00:00,112.27,112.536,111.829,112.166,284862
2018-10-12 00:00:00,112.155,112.497,111.88,112.214,188561
2018-10-15 00:00:00,112.137,112.235,111.625,111.773,168903
2018-10-16 00:00:00,111.765,112.338,111.732,112.247,131809
2018-10-17 00:00:00,112.251,112.676,112.016,112.661,145390
2018-10-18 00:00:00,112.642,112.729,111.948,112.19,179341
2018-10-19 00:00:00,112.195,112.648,112.142,112.543,173950
2018-10-22 00:00:00,112.575,112.886,112.349,112.819,154510
2018-10-23 00:00:00,112.819,112.84,111.953,112.443,200449
2018-10-24 00:00:00,112.441,112.744,112.089,112.251,208702
2018-10-25 00:00:00,112.249,112.675,111.82,112.394,211792
2018-10-26 00:00:00,112.41,112.444,111.377,111.892,303654
2018-10-29 00:00:00,111.859,112.564,111.775,112.375,207625
2018-10-30 00:00:00,112.355,113.087,112.304,113.082,219929
2018-10-31 00:00:00,113.111,113.385,112.805,112.983,160191
2018-11-01 00:00:00,112.932,113.003,112.605,112.693,145892
2018-11-02 00:00:00,112.693,113.322,112.557,113.207,185738
2018-11-05 00:00:00,113.155,113.339,113.075,113.195,114772
2018-11-06 00:00:00,113.187,113.506,113.101,113.452,103771
2018-11-07 00:00:00,113.425,113.818,112.946,113.557,207907
2018-11-08 00:00:00,113.489,114.088,113.474,114.05,113195
2018-11-09 00:00:00,114.062,114.074,113.639,113.822,120013
2018-11-12 00:00:00,113.771,114.207,113.66,113.833,134407
2018-11-13 00:00:00,113.828,114.146,113.58,113.804,154470
2018-11-14 00:00:00,113.805,114.009,113.297,113.624,164583
2018-11-15 00:00:00,113.607,113.708,113.099,113.623,166146
2018-11-16 00:00:00,113.617,113.637,112.643,112.862,149970
2018-11-19 00:00:00,112.748,112.875,112.419,112.554,140539
2018-11-20 00:00:00,112.548,112.844,112.305,112.745,152750
2018-11-21 00:00:00,112.76,113.148,112.644,113.047,118273
2018-11-22 00:00:00,113.05,113.211,112.885,112.934,108220
2018-11-23 00:00:00,112.929,113.01,112.661,112.918,95345
2018-11-26 00:00:00,112.903,113.651,112.877,113.601,111864
2018-11-27 00:00:00,113.55,113.844,113.415,113.772,109012
2018-11-28 00:00:00,113.768,114.036,113.442,113.686,107251
2018-11-29 00:00:00,113.675,113.681,113.188,113.472,107962
2018-11-30 00:00:00,113.478,113.718,113.31,113.542,91475
2018-12-03 00:00:00,113.631,113.822,113.375,113.637,97000
2018-12-04 00:00:00,113.638,113.654,112.576,112.784,139903
2018-12-05 00:00:00,112.749,113.241,112.649,113.186,80423
2018-12-06 00:00:00,113.187,113.195,112.233,112.674,209586
2018-12-07 00:00:00,112.648,112.928,112.554,112.69,159927
2018-12-10 00:00:00,112.6,113.366,112.24,113.315,170347
2018-12-11 00:00:00,113.317,113.466,113.007,113.386,141207
2018-12-12 00:00:00,113.358,113.52,113.141,113.27,135671
2018-12-13 00:00:00,113.27,113.709,113.168,113.606,117831
2018-12-14 00:00:00,113.594,113.674,113.204,113.402,116425
2018-12-17 00:00:00,113.338,113.521,112.682,112.828,121213
2018-12-18 00:00:00,112.826,112.854,112.25,112.523,138954
2018-12-19 00:00:00,112.493,112.665,112.089,112.481,165890
2018-12-20 00:00:00,112.475,112.604,110.813,111.286,235776
2018-12-21 00:00:00,111.279,111.46,110.934,111.209,221783
2018-12-24 00:00:00,110.933,111.191,110.268,110.429,253690
2018-12-26 00:00:00,110.284,111.409,110.139,111.362,141378
2018-12-27 00:00:00,111.34,111.34,110.455,110.986,288714
2018-12-28 00:00:00,110.966,111.009,110.144,110.297,192184
2018-12-31 00:00:00,110.23,110.475,109.559,109.601,122930
2019-01-02 00:00:00,109.663,109.726,108.708,108.878,180488
2019-01-03 00:00:00,108.869,108.882,104.694,107.637,265762
2019-01-04 00:00:00,107.64,108.589,107.513,108.513,233040
2019-01-07 00:00:00,108.482,108.747,108.019,108.714,150814
2019-01-08 00:00:00,108.709,109.087,108.441,108.741,156769
2019-01-09 00:00:00,108.728,109.004,107.973,108.132,160120
2019-01-10 00:00:00,108.157,108.518,107.77,108.425,163182
2019-01-11 00:00:00,108.423,108.599,108.145,108.55,126988
2019-01-14 00:00:00,108.51,108.547,107.987,108.161,96737
2019-01-15 00:00:00,108.156,108.767,108.137,108.694,144696
2019-01-16 00:00:00,108.658,109.196,108.37,109.094,114201
2019-01-17 00:00:00,109.089,109.402,108.686,109.243,131008
2019-01-18 00:00:00,109.254,109.891,109.056,109.751,126320
2019-01-21 00:00:00,109.68,109.761,109.475,109.654,83204
2019-01-22 00:00:00,109.648,109.693,109.145,109.364,105263
2019-01-23 00:00:00,109.369,110.0,109.321,109.615,109767
2019-01-24 00:00:00,109.571,109.8,109.421,109.637,119276
2019-01-25 00:00:00,109.639,109.951,109.455,109.554,182310
2019-01-28 00:00:00,109.538,109.574,109.162,109.333,153728
2019-01-29 00:00:00,109.328,109.542,109.13,109.366,162156
2019-01-30 00:00:00,109.385,109.744,108.809,109.048,162753
2019-01-31 00:00:00,109.032,109.068,108.498,108.858,141523
2019-02-01 00:00:00,108.847,109.581,108.725,109.494,140845
2019-02-04 00:00:00,109.513,110.163,109.433,109.907,128120
2019-02-05 00:00:00,109.882,110.041,109.779,109.965,134991
2019-02-06 00:00:00,109.96,110.053,109.56,109.978,125964
2019-02-07 00:00:00,109.971,110.088,109.606,109.821,155207
2019-02-08 00:00:00,109.805,109.898,109.648,109.742,138566
2019-02-11 00:00:00,109.736,110.468,109.736,110.386,126975
2019-02-12 00:00:00,110.373,110.653,110.339,110.484,145890
2019-02-13 00:00:00,110.464,111.054,110.421,111.002,119985
2019-02-14 00:00:00,111.002,111.13,110.46,110.481,151440
2019-02-15 00:00:00,110.473,110.647,110.254,110.445,145157
2019-02-18 00:00:00,110.438,110.657,110.438,110.604,143042
2019-02-19 00:00:00,110.591,110.825,110.452,110.602,125307
2019-02-20 00:00:00,110.624,110.95,110.529,110.85,131769
2019-02-21 00:00:00,110.843,110.863,110.568,110.708,142543
2019-02-22 00:00:00,110.686,110.907,110.558,110.66,132716
2019-02-25 00:00:00,110.648,111.236,110.578,111.061,145702
2019-02-26 00:00:00,111.06,111.076,110.421,110.578,125424
2019-02-27 00:00:00,110.58,111.074,110.355,110.994,127064
2019-02-28 00:00:00,110.99,111.494,110.66,111.384,139619
2019-03-01 00:00:00,111.383,112.077,111.324,111.935,127489
2019-03-04 00:00:00,111.838,112.014,111.64,111.747,127457
2019-03-05 00:00:00,111.741,112.138,111.711,111.884,100809
2019-03-06 00:00:00,111.884,111.924,111.615,111.774,98894
2019-03-07 00:00:00,111.768,111.858,111.483,111.583,101479
2019-03-08 00:00:00,111.568,111.652,110.795,111.173,117884
2019-03-11 00:00:00,111.018,111.308,110.878,111.214,86373
2019-03-12 00:00:00,111.198,111.466,111.11,111.347,109485
2019-03-13 00:00:00,111.358,111.465,111.006,111.144,94471
2019-03-14 00:00:00,111.15,111.834,111.123,111.705,128906
2019-03-15 00:00:00,111.676,111.902,111.384,111.504,101682
2019-03-18 00:00:00,111.462,111.629,111.297,111.424,73321
2019-03-19 00:00:00,111.425,111.477,111.158,111.412,87093
2019-03-20 00:00:00,111.393,111.694,110.537,110.7,113334
2019-03-21 00:00:00,110.687,110.959,110.299,110.811,112002
2019-03-22 00:00:00,110.811,110.898,109.742,109.939,120022
2019-03-25 00:00:00,109.915,110.241,109.71,109.962,111822
2019-03-26 00:00:00,109.957,110.689,109.905,110.625,109439
2019-03-27 00:00:00,110.631,110.713,110.235,110.51,124303
2019-03-28 00:00:00,110.509,110.832,110.019,110.653,120516
2019-03-29 00:00:00,110.603,110.95,110.534,110.822,98545
2019-04-01 00:00:00,110.998,111.445,110.808,111.347,90325
2019-04-02 00:00:00,111.342,111.456,111.248,111.318,73904
2019-04-03 00:00:00,111.314,111.579,111.209,111.491,85924
2019-04-04 00:00:00,111.484,111.655,111.336,111.655,75089
2019-04-05 00:00:00,111.643,111.823,111.539,111.711,74271
2019-04-08 00:00:00,111.643,111.741,111.282,111.495,67604
2019-04-09 00:00:00,111.452,111.58,110.98,111.144,68113
2019-04-10 00:00:00,111.13,111.28,110.844,111.007,69323
2019-04-11 00:00:00,111.0,111.696,110.877,111.657,69745
2019-04-12 00:00:00,111.641,112.094,111.586,112.01,75940
2019-04-15 00:00:00,111.955,112.098,111.888,112.035,54332
2019-04-16 00:00:00,112.03,112.045,111.846,112.015,70918
2019-04-17 00:00:00,111.967,112.165,111.922,112.066,69740
2019-04-18 00:00:00,112.05,112.062,111.766,111.975,76173
2019-04-19 00:00:00,111.976,112.008,111.895,111.934,79243
2019-04-22 00:00:00,111.864,111.992,111.837,111.937,48972
2019-04-23 00:00:00,111.933,112.034,111.652,111.863,65025
2019-04-24 00:00:00,111.859,112.4,111.682,112.194,79771
2019-04-25 00:00:00,112.183,112.24,111.371,111.615,86811
2019-04-26 00:00:00,111.596,112.029,111.43,111.607,88415
2019-04-29 00:00:00,111.54,111.9,111.54,111.639,44428
2019-04-30 00:00:00,111.643,111.689,111.236,111.432,73107
2019-05-01 00:00:00,111.407,111.614,111.05,111.381,62206
2019-05-02 00:00:00,111.368,111.665,111.35,111.507,78603
2019-05-03 00:00:00,111.494,111.706,111.07,111.108,72250
2019-05-06 00:00:00,110.615,110.959,110.282,110.864,96048
2019-05-07 00:00:00,110.733,110.854,110.17,110.245,110560
2019-05-08 00:00:00,110.233,110.293,109.904,110.1,154772
2019-05-09 00:00:00,110.091,110.109,109.472,109.762,177876
2019-05-10 00:00:00,109.666,110.05,109.472,109.971,199710
2019-05-13 00:00:00,109.753,109.837,109.021,109.305,123791
2019-05-14 00:00:00,109.287,109.773,109.146,109.606,82544
2019-05-15 00:00:00,109.608,109.703,109.155,109.586,94359
2019-05-16 00:00:00,109.584,109.968,109.336,109.844,83157
2019-05-17 00:00:00,109.843,110.193,109.495,110.038,111634
2019-05-20 00:00:00,110.103,110.319,109.81,110.06,94335
2019-05-21 00:00:00,110.056,110.673,110.01,110.485,83999
2019-05-22 00:00:00,110.491,110.627,110.241,110.354,74702
2019-05-23 00:00:00,110.346,110.365,109.46,109.6,105827
2019-05-24 00:00:00,109.595,109.746,109.274,109.291,82264
2019-05-27 00:00:00,109.296,109.585,109.28,109.524,50681
2019-05-28 00:00:00,109.504,109.63,109.211,109.371,94008
2019-05-29 00:00:00,109.369,109.699,109.15,109.589,107550
2019-05-30 00:00:00,109.591,109.927,109.474,109.626,91863
2019-05-31 00:00:00,109.612,109.623,108.279,108.314,139854
2019-06-03 00:00:00,108.277,108.447,107.884,108.067,118025
2019-06-04 00:00:00,108.07,108.359,107.845,108.147,101943
2019-06-05 00:00:00,108.141,108.486,107.818,108.455,107112
2019-06-06 00:00:00,108.459,108.563,108.026,108.385,101122
2019-06-07 00:00:00,108.403,108.617,107.881,108.209,96311
2019-06-10 00:00:00,108.478,108.716,108.313,108.452,71280
2019-06-11 00:00:00,108.429,108.8,108.35,108.517,73550
2019-06-12 00:00:00,108.515,108.566,108.218,108.506,89531
2019-06-13 00:00:00,108.503,108.538,108.165,108.389,84510
2019-06-14 00:00:00,108.298,108.588,108.159,108.539,82466
2019-06-17 00:00:00,108.497,108.725,108.47,108.53,58397
2019-06-18 00:00:00,108.53,108.677,108.061,108.441,96806
2019-06-19 00:00:00,108.453,108.618,107.901,108.101,88445
2019-06-20 00:00:00,108.102,108.143,107.213,107.306,120395
2019-06-21 00:00:00,107.293,107.735,107.048,107.335,102050
2019-06-24 00:00:00,107.278,107.538,107.249,107.293,74546
2019-06-25 00:00:00,107.291,107.411,106.78,107.16,123012
2019-06-26 00:00:00,107.178,107.851,107.099,107.78,96717
2019-06-27 00:00:00,107.779,108.162,107.649,107.768,96868
2019-06-28 00:00:00,107.764,107.933,107.562,107.927,95897
2019-07-01 00:00:00,108.177,108.532,108.102,108.428,101074
2019-07-02 00:00:00,108.424,108.475,107.766,107.914,84552
2019-07-03 00:00:00,107.87,107.917,107.533,107.827,79324
2019-07-04 00:00:00,107.805,107.843,107.708,107.813,45392
2019-07-05 00:00:00,107.811,108.638,107.781,108.482,81418
2019-07-08 00:00:00,108.418,108.806,108.28,108.725,69268
2019-07-09 00:00:00,108.719,108.964,108.679,108.855,63702
2019-07-10 00:00:00,108.852,108.991,108.347,108.462,81507
2019-07-11 00:00:00,108.456,108.532,107.86,108.492,84958
2019-07-12 00:00:00,108.49,108.609,107.805,107.892,80842
2019-07-15 00:00:00,107.847,108.109,107.799,107.905,80556
2019-07-16 00:00:00,107.908,108.376,107.821,108.232,89791
2019-07-17 00:00:00,108.227,108.327,107.934,107.937,69970
2019-07-18 00:00:00,107.944,108.017,107.212,107.297,101573
2019-07-19 00:00:00,107.286,107.979,107.217,107.739,107543
2019-07-22 00:00:00,107.697,108.07,107.697,107.863,88613
2019-07-23 00:00:00,107.861,108.289,107.826,108.218,79765
2019-07-24 00:00:00,108.216,108.277,107.938,108.178,70139
2019-07-25 00:00:00,108.185,108.756,108.044,108.633,83990
2019-07-26 00:00:00,108.629,108.828,108.561,108.675,69519
2019-07-29 00:00:00,108.628,108.9,108.421,108.78,56635
2019-07-30 00:00:00,108.78,108.949,108.452,108.596,95712
2019-07-31 00:00:00,108.586,108.997,108.491,108.757,126357
2019-08-01 00:00:00,108.746,109.318,107.255,107.329,176394
2019-08-02 00:00:00,107.329,107.568,106.51,106.589,245509
2019-08-05 00:00:00,106.527,106.682,105.786,105.947,381807
2019-08-06 00:00:00,105.941,107.09,105.522,106.459,362381
2019-08-07 00:00:00,106.472,106.472,105.497,106.272,360313
2019-08-08 00:00:00,106.27,106.301,105.895,106.072,168313
2019-08-09 00:00:00,106.072,106.088,105.268,105.658,194995
2019-08-12 00:00:00,105.553,105.692,105.049,105.292,155222
2019-08-13 00:00:00,105.275,106.978,105.066,106.741,307879
2019-08-14 00:00:00,106.739,106.766,105.653,105.909,274653
2019-08-15 00:00:00,105.904,106.779,105.703,106.118,444414
2019-08-16 00:00:00,106.112,106.496,106.002,106.354,341423
2019-08-19 00:00:00,106.246,106.698,106.24,106.626,325422
2019-08-20 00:00:00,106.629,106.692,106.162,106.229,240926
2019-08-21 00:00:00,106.222,106.647,106.219,106.61,201648
2019-08-22 00:00:00,106.62,106.653,106.252,106.445,245329
2019-08-23 00:00:00,106.427,106.736,105.255,105.396,416529
2019-08-26 00:00:00,104.919,106.416,104.45,106.119,422250
2019-08-27 00:00:00,106.086,106.166,105.589,105.759,253026
2019-08-28 00:00:00,105.744,106.23,105.652,106.115,211830
2019-08-29 00:00:00,106.106,106.683,105.829,106.506,195047
2019-08-30 00:00:00,106.515,106.545,106.104,106.26,181844
2019-09-02 00:00:00,106.06,106.4,105.921,106.19,98278
2019-09-03 00:00:00,106.209,106.386,105.738,105.942,197517
2019-09-04 00:00:00,105.933,106.445,105.829,106.411,165279
2019-09-05 00:00:00,106.378,107.231,106.302,106.951,218893
2019-09-06 00:00:00,106.924,107.102,106.625,106.916,193837
2019-09-09 00:00:00,106.823,107.272,106.764,107.231,160871
2019-09-10 00:00:00,107.241,107.586,107.181,107.534,156968
2019-09-11 00:00:00,107.536,107.857,107.491,107.847,141467
2019-09-12 00:00:00,107.805,108.189,107.522,108.113,228002
2019-09-13 00:00:00,108.057,108.26,107.906,108.113,150089
2019-09-16 00:00:00,107.474,108.168,107.455,108.149,182589
2019-09-17 00:00:00,108.104,108.369,108.022,108.118,158006
2019-09-18 00:00:00,108.114,108.476,108.085,108.449,144671
2019-09-19 00:00:00,108.443,108.473,107.787,108.054,179353
2019-09-20 00:00:00,108.014,108.088,107.526,107.547,145430
2019-09-23 00:00:00,107.709,107.77,107.311,107.539,105876
2019-09-24 00:00:00,107.538,107.798,106.961,107.082,141896
2019-09-25 00:00:00,107.057,107.883,106.981,107.764,159944
2019-09-26 00:00:00,107.761,107.959,107.424,107.841,123926
2019-09-27 00:00:00,107.822,108.182,107.657,107.942,148125
2019-09-30 00:00:00,107.962,108.179,107.744,108.068,117997
2019-10-01 00:00:00,108.081,108.47,107.626,107.751,136719
2019-10-02 00:00:00,107.739,107.894,107.047,107.181,148926
2019-10-03 00:00:00,107.177,107.298,106.484,106.908,167024
2019-10-04 00:00:00,106.913,107.134,106.566,106.914,118805
2019-10-07 00:00:00,106.651,107.465,106.65,107.258,93633
2019-10-08 00:00:00,107.259,107.445,106.807,107.082,139315
2019-10-09 00:00:00,107.082,107.628,106.933,107.476,106526
2019-10-10 00:00:00,107.474,108.018,107.036,107.944,173200
2019-10-11 00:00:00,107.961,108.624,107.841,108.408,167721
2019-10-14 00:00:00,108.335,108.523,108.033,108.397,90265
2019-10-15 00:00:00,108.395,108.9,108.156,108.862,122651
2019-10-16 00:00:00,108.858,108.863,108.561,108.76,137660
2019-10-17 00:00:00,108.766,108.939,108.462,108.654,132064
2019-10-18 00:00:00,108.648,108.722,108.388,108.416,103395
2019-10-21 00:00:00,108.414,108.663,108.293,108.604,102492
2019-10-22 00:00:00,108.606,108.728,108.441,108.486,84980
2019-10-23 00:00:00,108.479,108.705,108.25,108.692,113388
2019-10-24 00:00:00,108.687,108.753,108.496,108.633,100139
2019-10-25 00:00:00,108.597,108.774,108.51,108.676,82058
2019-10-28 00:00:00,108.69,109.04,108.658,108.964,69553
2019-10-29 00:00:00,108.928,109.068,108.756,108.89,82356
2019-10-30 00:00:00,108.88,109.287,108.72,108.841,100287
2019-10-31 00:00:00,108.838,108.895,107.927,108.025,113099
2019-11-01 00:00:00,108.028,108.325,107.888,108.153,87878
2019-11-04 00:00:00,108.217,108.65,108.181,108.576,64817
2019-11-05 00:00:00,108.573,109.243,108.538,109.172,93132
2019-11-06 00:00:00,109.152,109.187,108.817,108.981,85704
2019-11-07 00:00:00,108.97,109.488,108.647,109.283,113099
2019-11-08 00:00:00,109.279,109.476,109.079,109.239,95556
2019-11-11 00:00:00,109.191,109.255,108.896,109.045,57528
2019-11-12 00:00:00,109.048,109.294,108.923,109.027,87173
2019-11-13 00:00:00,108.995,109.15,108.655,108.81,88474
2019-11-14 00:00:00,108.816,108.862,108.242,108.403,89595
2019-11-15 00:00:00,108.415,108.856,108.362,108.79,71257
2019-11-18 00:00:00,108.782,109.072,108.512,108.675,77692
2019-11-19 00:00:00,108.675,108.836,108.452,108.542,86787
2019-11-20 00:00:00,108.537,108.74,108.348,108.614,111049
2019-11-21 00:00:00,108.61,108.698,108.279,108.609,116451
2019-11-22 00:00:00,108.632,108.731,108.477,108.634,83762
2019-11-25 00:00:00,108.63,108.979,108.606,108.924,69959
2019-11-26 00:00:00,108.899,109.209,108.875,109.066,85531
2019-11-27 00:00:00,109.035,109.609,109.007,109.526,71035
2019-11-28 00:00:00,109.513,109.561,109.332,109.512,51828
2019-11-29 00:00:00,109.514,109.67,109.396,109.456,73974
2019-12-02 00:00:00,109.515,109.727,108.925,108.971,91252
2019-12-03 00:00:00,108.974,109.207,108.484,108.636,110118
2019-12-04 00:00:00,108.629,108.963,108.428,108.87,96476
2019-12-05 00:00:00,108.858,108.999,108.656,108.756,86833
2019-12-06 00:00:00,108.755,108.924,108.471,108.572,77633
2019-12-09 00:00:00,108.594,108.678,108.43,108.546,59717
2019-12-10 00:00:00,108.552,108.768,108.513,108.745,74656
2019-12-11 00:00:00,108.714,108.858,108.465,108.554,72854
2019-12-12 00:00:00,108.554,109.449,108.456,109.302,106126
2019-12-13 00:00:00,109.295,109.707,108.894,109.349,143301
2019-12-16 00:00:00,109.271,109.677,109.271,109.562,62063
2019-12-17 00:00:00,109.533,109.634,109.443,109.493,64740
2019-12-18 00:00:00,109.479,109.628,109.399,109.577,60730
2019-12-19 00:00:00,109.538,109.686,109.181,109.353,66093
2019-12-20 00:00:00,109.361,109.526,109.256,109.456,52605
2019-12-23 00:00:00,109.389,109.538,109.34,109.387,50705
2019-12-24 00:00:00,109.394,109.441,109.326,109.376,59066
2019-12-26 00:00:00,109.357,109.685,109.357,109.646,43945
2019-12-27 00:00:00,109.623,109.623,109.389,109.464,98798
2019-12-30 00:00:00,109.41,109.477,108.767,108.875,73987
2019-12-31 00:00:00,108.87,108.881,108.47,108.627,67402
2020-01-02 00:00:00,108.731,108.866,108.212,108.555,64553
2020-01-03 00:00:00,108.561,108.631,107.841,108.113,126640
2020-01-06 00:00:00,107.841,108.507,107.77,108.372,107627
2020-01-07 00:00:00,108.356,108.63,108.241,108.459,98089
2020-01-08 00:00:00,108.438,109.245,107.651,109.131,216395
2020-01-09 00:00:00,109.021,109.581,109.012,109.52,96540
2020-01-10 00:00:00,109.513,109.69,109.434,109.503,70712
2020-01-13 00:00:00,109.524,109.945,109.502,109.939,59796
2020-01-14 00:00:00,109.942,110.214,109.852,109.997,92939
2020-01-15 00:00:00,109.98,110.012,109.79,109.901,70045
2020-01-16 00:00:00,109.892,110.179,109.854,110.162,66884
2020-01-17 00:00:00,110.136,110.289,110.048,110.166,60628
2020-01-20 00:00:00,110.076,110.218,110.076,110.181,43170
2020-01-21 00:00:00,110.181,110.223,109.761,109.873,86007
2020-01-22 00:00:00,109.859,110.1,109.826,109.839,74329
2020-01-23 00:00:00,109.834,109.855,109.266,109.49,93158
2020-01-24 00:00:00,109.489,109.654,109.173,109.284,86603
2020-01-27 00:00:00,108.913,109.138,108.732,108.902,134394
2020-01-28 00:00:00,108.888,109.203,108.757,109.146,95668
2020-01-29 00:00:00,109.143,109.262,108.976,109.019,89178
2020-01-30 00:00:00,109.009,109.065,108.583,108.934,141387
2020-01-31 00:00:00,108.952,109.136,108.311,108.352,135149
2020-02-03 00:00:00,108.461,108.8,108.302,108.667,127524
2020-02-04 00:00:00,108.661,109.545,108.549,109.522,102249
2020-02-05 00:00:00,109.517,109.845,109.304,109.828,117928
2020-02-06 00:00:00,109.815,110.006,109.688,109.995,88969
2020-02-07 00:00:00,109.985,110.018,109.534,109.783,105745
2020-02-10 00:00:00,109.677,109.88,109.562,109.775,100012
2020-02-11 00:00:00,109.77,109.965,109.722,109.788,71085
2020-02-12 00:00:00,109.784,110.147,109.765,110.096,78395
2020-02-13 00:00:00,110.08,110.089,109.619,109.829,111561
2020-02-14 00:00:00,109.812,109.912,109.697,109.781,80865
2020-02-17 00:00:00,109.814,109.961,109.719,109.869,46658
2020-02-18 00:00:00,109.868,109.948,109.658,109.869,89613
2020-02-19 00:00:00,109.868,111.592,109.846,111.348,92287
2020-02-20 00:00:00,111.358,112.227,111.113,112.115,155921
2020-02-21 00:00:00,112.093,112.186,111.473,111.573,138067
2020-02-24 00:00:00,111.279,111.683,110.334,110.728,179884
2020-02-25 00:00:00,110.705,111.042,109.891,110.204,252509
2020-02-26 00:00:00,110.198,110.702,110.129,110.42,282492
2020-02-27 00:00:00,110.422,110.455,109.568,109.584,324512
2020-02-28 00:00:00,109.59,109.681,107.51,108.063,428795
2020-03-02 00:00:00,107.406,108.578,107.365,108.349,338051
2020-03-03 00:00:00,108.306,108.537,106.93,107.122,364553
2020-03-04 00:00:00,107.081,107.69,106.848,107.53,248715
2020-03-05 00:00:00,107.52,107.742,105.967,106.163,222814
2020-03-06 00:00:00,106.15,106.342,104.993,105.35,358585
2020-03-09 00:00:00,104.203,104.596,101.18,102.369,560395
2020-03-10 00:00:00,102.356,105.919,102.007,105.636,567007
2020-03-11 00:00:00,105.625,105.649,104.095,104.476,406615
2020-03-12 00:00:00,104.534,106.103,103.079,104.617,538779
2020-03-13 00:00:00,104.628,108.505,104.506,108.001,678430
2020-03-16 00:00:00,107.036,107.576,105.144,105.893,830917
2020-03-17 00:00:00,105.828,107.865,105.824,107.616,951224
2020-03-18 00:00:00,107.687,108.653,106.754,108.035,774215
2020-03-19 00:00:00,108.042,110.954,107.864,110.699,908110
2020-03-20 00:00:00,110.704,111.505,109.325,110.856,634234
2020-03-23 00:00:00,110.754,111.595,109.666,111.272,686080
2020-03-24 00:00:00,111.208,111.715,110.083,111.214,550227
2020-03-25 00:00:00,111.222,111.681,110.753,111.204,508295
2020-03-26 00:00:00,111.2,111.296,109.206,109.609,549678
2020-03-27 00:00:00,109.531,109.703,107.755,107.972,379612
2020-03-30 00:00:00,107.686,108.296,107.123,107.811,315337
2020-03-31 00:00:00,107.738,108.726,107.462,107.563,378414
2020-04-01 00:00:00,107.524,107.941,106.919,107.169,265831
2020-04-02 00:00:00,107.155,108.094,107.019,107.878,250597
2020-04-03 00:00:00,107.859,108.678,107.8,108.459,203259
2020-04-06 00:00:00,108.344,109.381,108.332,109.233,212909
2020-04-07 00:00:00,109.203,109.276,108.67,108.779,200905
2020-04-08 00:00:00,108.748,109.103,108.504,108.833,171574
2020-04-09 00:00:00,108.815,109.064,108.209,108.49,166408
2020-04-10 00:00:00,108.413,108.588,108.326,108.42,56608
2020-04-13 00:00:00,108.347,108.527,107.501,107.757,123765
2020-04-14 00:00:00,107.761,107.766,106.981,107.209,104789
2020-04-15 00:00:00,107.208,107.87,106.926,107.43,135505
2020-04-16 00:00:00,107.421,108.083,107.165,107.895,150805
2020-04-17 00:00:00,107.909,108.083,107.3,107.555,150885
2020-04-20 00:00:00,107.456,107.949,107.401,107.615,100936
2020-04-21 00:00:00,107.613,107.893,107.281,107.759,132611
2020-04-22 00:00:00,107.751,107.938,107.514,107.746,97044
2020-04-23 00:00:00,107.706,108.043,107.346,107.632,131334
2020-04-24 00:00:00,107.567,107.76,107.369,107.489,101771
2020-04-27 00:00:00,107.542,107.622,106.993,107.247,100708
2020-04-28 00:00:00,107.21,107.339,106.56,106.862,119768
2020-04-29 00:00:00,106.858,106.895,106.358,106.62,111260
2020-04-30 00:00:00,106.61,107.499,106.406,107.168,156542
2020-05-01 00:00:00,107.144,107.406,106.605,106.913,119018
2020-05-04 00:00:00,106.763,107.069,106.634,106.716,103689
2020-05-05 00:00:00,106.69,106.894,106.416,106.546,98818
2020-05-06 00:00:00,106.42,106.617,105.987,106.102,105381
2020-05-07 00:00:00,106.074,106.656,105.99,106.265,109398
2020-05-08 00:00:00,106.275,106.747,106.204,106.688,95900
2020-05-11 00:00:00,106.514,107.769,106.483,107.653,102839
2020-05-12 00:00:00,107.595,107.694,107.121,107.148,91870
2020-05-13 00:00:00,107.098,107.278,106.744,107.026,94852
2020-05-14 00:00:00,107.02,107.364,106.775,107.226,90892
2020-05-15 00:00:00,107.244,107.434,106.858,107.166,82676
2020-05-18 00:00:00,107.081,107.506,107.069,107.327,80267
2020-05-19 00:00:00,107.292,108.088,107.245,107.701,90606
2020-05-20 00:00:00,107.697,107.984,107.337,107.521,70919
2020-05-21 00:00:00,107.492,107.849,107.467,107.604,72257
2020-05-22 00:00:00,107.601,107.763,107.323,107.608,66274
2020-05-25 00:00:00,107.547,107.782,107.542,107.705,44582
2020-05-26 00:00:00,107.671,107.922,107.402,107.532,73178
2020-05-27 00:00:00,107.521,107.947,107.365,107.715,102828
2020-05-28 00:00:00,107.716,107.902,107.571,107.623,93237
2020-05-29 00:00:00,107.633,107.897,107.081,107.789,121934
2020-06-01 00:00:00,107.656,107.857,107.378,107.588,82848
2020-06-02 00:00:00,107.582,108.773,107.513,108.674,101480
2020-06-03 00:00:00,108.662,108.983,108.423,108.899,107478
2020-06-04 00:00:00,108.881,109.197,108.615,109.156,117448
2020-06-05 00:00:00,109.125,109.85,109.044,109.59,124172
2020-06-08 00:00:00,109.537,109.693,108.235,108.427,91936
2020-06-09 00:00:00,108.423,108.543,107.621,107.752,109253
2020-06-10 00:00:00,107.748,107.874,106.99,107.127,123244
2020-06-11 00:00:00,107.116,107.234,106.574,106.86,130328
2020-06-12 00:00:00,106.861,107.554,106.585,107.348,136635
2020-06-15 00:00:00,107.282,107.568,107.001,107.327,118389
2020-06-16 00:00:00,107.33,107.64,107.211,107.315,124788
2020-06-17 00:00:00,107.315,107.442,106.952,107.005,92421
2020-06-18 00:00:00,106.993,107.13,106.669,106.968,113909
2020-06-19 00:00:00,106.96,107.058,106.766,106.87,90709
2020-06-22 00:00:00,106.762,107.011,106.726,106.9,89730
2020-06-23 00:00:00,106.896,107.222,106.073,106.535,137638
2020-06-24 00:00:00,106.516,107.072,106.383,107.056,130735
2020-06-25 00:00:00,107.039,107.453,106.955,107.196,104391
2020-06-26 00:00:00,107.189,107.358,106.798,107.221,92575
2020-06-29 00:00:00,107.065,107.884,107.041,107.572,89037
2020-06-30 00:00:00,107.571,107.985,107.521,107.928,95398
2020-07-01 00:00:00,107.92,108.164,107.363,107.466,86423
2020-07-02 00:00:00,107.465,107.725,107.331,107.496,69475
2020-07-03 00:00:00,107.495,107.569,107.434,107.486,46329
2020-07-06 00:00:00,107.445,107.774,107.257,107.393,57956
2020-07-07 00:00:00,107.33,107.791,107.246,107.526,59513
2020-07-08 00:00:00,107.513,107.711,107.202,107.259,45101
2020-07-09 00:00:00,107.254,107.397,107.098,107.2,57908
2020-07-10 00:00:00,107.2,107.264,106.639,106.915,55746
2020-07-13 00:00:00,106.883,107.318,106.787,107.286,56838
2020-07-14 00:00:00,107.288,107.434,107.118,107.234,62487
2020-07-15 00:00:00,107.226,107.31,106.666,106.941,65125
2020-07-16 00:00:00,106.93,107.402,106.833,107.276,69901
2020-07-17 00:00:00,107.195,107.361,106.939,107.02,35008
2020-07-20 00:00:00,107.043,107.544,106.991,107.272,54991
2020-07-21 00:00:00,107.243,107.367,106.684,106.791,67275
2020-07-22 00:00:00,106.793,107.289,106.694,107.159,80546
2020-07-23 00:00:00,107.151,107.229,106.71,106.848,77890
2020-07-24 00:00:00,106.858,106.898,105.682,106.13,95938
2020-07-27 00:00:00,106.015,106.103,105.116,105.381,97079
2020-07-28 00:00:00,105.369,105.685,104.956,105.075,86909
2020-07-29 00:00:00,105.089,105.242,104.773,104.923,106387
2020-07-30 00:00:00,104.918,105.295,104.68,104.737,103905
2020-07-31 00:00:00,104.649,106.055,104.188,105.93,153995
2020-08-03 00:00:00,105.769,106.471,105.581,105.949,155359
2020-08-04 00:00:00,105.948,106.195,105.639,105.717,93474
2020-08-05 00:00:00,105.712,105.873,105.322,105.595,108890
2020-08-06 00:00:00,105.593,105.698,105.301,105.546,108609
2020-08-07 00:00:00,105.544,106.057,105.459,105.915,103963
2020-08-10 00:00:00,105.81,106.202,105.708,105.96,69235
2020-08-11 00:00:00,105.955,106.684,105.867,106.494,111113
2020-08-12 00:00:00,106.488,107.015,106.441,106.875,109356
2020-08-13 00:00:00,106.905,107.05,106.566,106.923,94940
2020-08-14 00:00:00,106.922,107.039,106.436,106.572,68930
2020-08-17 00:00:00,106.531,106.654,105.943,105.999,77514
2020-08-18 00:00:00,106.002,106.053,105.284,105.406,98936
2020-08-19 00:00:00,105.403,106.154,105.103,106.112,117707
2020-08-20 00:00:00,106.096,106.217,105.744,105.794,110413
2020-08-21 00:00:00,105.795,106.072,105.441,105.818,96377
2020-08-24 00:00:00,105.756,105.998,105.688,105.981,77266
2020-08-25 00:00:00,105.972,106.578,105.873,106.39,94562
2020-08-26 00:00:00,106.384,106.558,105.956,105.986,81346
2020-08-27 00:00:00,105.981,106.702,105.604,106.571,144935
2020-08-28 00:00:00,106.557,106.947,105.203,105.341,154906
2020-08-31 00:00:00,105.43,106.097,105.258,105.904,114756
2020-09-01 00:00:00,105.898,106.153,105.592,105.957,109578
2020-09-02 00:00:00,105.952,106.301,105.85,106.186,78282
2020-09-03 00:00:00,106.181,106.552,106.003,106.186,95960
2020-09-04 00:00:00,106.18,106.505,106.056,106.238,83406
2020-09-07 00:00:00,106.222,106.387,106.132,106.255,55799
2020-09-08 00:00:00,106.223,106.383,105.862,106.027,73196
2020-09-09 00:00:00,106.02,106.274,105.789,106.177,84671
2020-09-10 00:00:00,106.174,106.303,105.982,106.131,73184
2020-09-11 00:00:00,106.125,106.265,106.056,106.145,70040
2020-09-14 00:00:00,106.067,106.166,105.548,105.733,54741
2020-09-15 00:00:00,105.722,105.814,105.301,105.442,67949
2020-09-16 00:00:00,105.439,105.439,104.8,104.944,92373
2020-09-17 00:00:00,104.943,105.173,104.526,104.738,84095
2020-09-18 00:00:00,104.723,104.872,104.273,104.566,66909
2020-09-21 00:00:00,104.521,104.892,104.001,104.644,81320
2020-09-22 00:00:00,104.645,105.078,104.406,104.944,68437
2020-09-23 00:00:00,104.923,105.497,104.857,105.361,76042
2020-09-24 00:00:00,105.37,105.531,105.205,105.41,75894
2020-09-25 00:00:00,105.398,105.7,105.24,105.551,68416
2020-09-28 00:00:00,105.438,105.691,105.264,105.487,69121
2020-09-29 00:00:00,105.484,105.734,105.343,105.679,76784
2020-09-30 00:00:00,105.644,105.803,105.402,105.438,95984
2020-10-01 00:00:00,105.524,105.728,105.403,105.546,88483
2020-10-02 00:00:00,105.516,105.666,104.942,105.33,106334
2020-10-05 00:00:00,105.277,105.795,105.233,105.739,75154
2020-10-06 00:00:00,105.741,105.785,105.47,105.634,72882
2020-10-07 00:00:00,105.627,106.108,105.595,105.966,75476
2020-10-08 00:00:00,105.961,106.108,105.924,106.029,70011
2020-10-09 00:00:00,106.023,106.041,105.581,105.626,71455
2020-10-12 00:00:00,105.632,105.793,105.242,105.32,65410
2020-10-13 00:00:00,105.342,105.628,105.261,105.476,85051
2020-10-14 00:00:00,105.47,105.517,105.036,105.164,75688
2020-10-15 00:00:00,105.163,105.494,105.052,105.421,89206
2020-10-16 00:00:00,105.442,105.461,105.19,105.401,77042
2020-10-19 00:00:00,105.344,105.503,105.268,105.432,74623
2020-10-20 00:00:00,105.427,105.748,105.341,105.507,66232
2020-10-21 00:00:00,105.497,105.531,104.342,104.581,69906
2020-10-22 00:00:00,104.591,104.923,104.477,104.885,76770
2020-10-23 00:00:00,104.856,104.937,104.547,104.714,60508
2020-10-26 00:00:00,104.668,105.055,104.649,104.832,54684
2020-10-27 00:00:00,104.829,104.89,104.389,104.415,52505
2020-10-28 00:00:00,104.408,104.557,104.113,104.319,64895
2020-10-29 00:00:00,104.318,104.727,104.025,104.61,108658
2020-10-30 00:00:00,104.592,104.742,104.124,104.67,105636
2020-11-02 00:00:00,104.446,104.95,104.446,104.751,91844
2020-11-03 00:00:00,104.661,104.822,104.434,104.502,125367
2020-11-04 00:00:00,104.448,105.345,104.151,104.519,235217
2020-11-05 00:00:00,104.5,104.544,103.443,103.517,160607
2020-11-06 00:00:00,103.466,103.76,103.176,103.365,155880
2020-11-09 00:00:00,103.298,105.648,103.188,105.389,206969
2020-11-10 00:00:00,105.351,105.487,104.82,105.246,131308
2020-11-11 00:00:00,105.289,105.677,105.007,105.431,88467
2020-11-12 00:00:00,105.426,105.478,105.07,105.123,93858
2020-11-13 00:00:00,105.128,105.151,104.564,104.612,100960
2020-11-16 00:00:00,104.713,105.137,104.363,104.566,113046
2020-11-17 00:00:00,104.574,104.599,104.071,104.185,85144
2020-11-18 00:00:00,104.186,104.207,103.653,103.796,78838
2020-11-19 00:00:00,103.825,104.217,103.717,103.745,85088
2020-11-20 00:00:00,103.735,103.91,103.702,103.834,67772
2020-11-23 00:00:00,103.73,104.638,103.683,104.549,88940
2020-11-24 00:00:00,104.494,104.762,104.146,104.443,90244
2020-11-25 00:00:00,104.434,104.599,104.256,104.463,75465
2020-11-26 00:00:00,104.448,104.474,104.216,104.243,79530
2020-11-27 00:00:00,104.257,104.285,103.907,104.094,54222
2020-11-30 00:00:00,104.05,104.409,103.832,104.311,85082
2020-12-01 00:00:00,104.284,104.578,104.182,104.308,93128
2020-12-02 00:00:00,104.309,104.752,104.226,104.411,89859
2020-12-03 00:00:00,104.406,104.536,103.673,103.843,91037
2020-12-04 00:00:00,103.83,104.245,103.739,104.185,92237
2020-12-07 00:00:00,104.13,104.312,103.922,104.049,73236
2020-12-08 00:00:00,104.05,104.207,103.955,104.163,75129
2020-12-09 00:00:00,104.157,104.405,104.052,104.234,68658
2020-12-10 00:00:00,104.199,104.579,104.164,104.214,86358
2020-12-11 00:00:00,104.239,104.274,103.824,104.037,72141
2020-12-14 00:00:00,103.978,104.105,103.511,104.036,84314
2020-12-15 00:00:00,104.03,104.152,103.606,103.647,61551
2020-12-16 00:00:00,103.655,103.919,103.261,103.42,85109
2020-12-17 00:00:00,103.456,103.561,102.873,103.079,82806
2020-12-18 00:00:00,103.081,103.596,103.074,103.311,80054
2020-12-21 00:00:00,103.488,103.892,103.252,103.287,121031
2020-12-22 00:00:00,103.318,103.734,103.28,103.612,76705
2020-12-23 00:00:00,103.625,103.652,103.355,103.54,80344
2020-12-24 00:00:00,103.559,103.767,103.501,103.641,76709
2020-12-28 00:00:00,103.498,103.898,103.404,103.779,76602
2020-12-29 00:00:00,103.803,103.822,103.463,103.532,66345
2020-12-30 00:00:00,103.569,103.588,102.961,103.21,79818
2020-12-31 00:00:00,103.166,103.316,102.995,103.302,65385
2021-01-04 00:00:00,103.095,103.316,102.712,103.135,113132
2021-01-05 00:00:00,103.12,103.191,102.605,102.717,95085
2021-01-06 00:00:00,102.716,103.444,102.592,103.058,184553
2021-01-07 00:00:00,103.024,103.958,102.95,103.825,127926
2021-01-08 00:00:00,103.776,104.093,103.604,103.964,138068
2021-01-11 00:00:00,103.87,104.398,103.84,104.241,99018
2021-01-12 00:00:00,104.258,104.333,103.72,103.75,97812
2021-01-13 00:00:00,103.752,103.997,103.525,103.878,91209
2021-01-14 00:00:00,103.861,104.199,103.565,103.797,119163
2021-01-15 00:00:00,103.8,103.913,103.616,103.867,79453
2021-01-18 00:00:00,103.809,103.93,103.637,103.69,90258
2021-01-19 00:00:00,103.683,104.086,103.652,103.904,97163
2021-01-20 00:00:00,103.9,103.929,103.447,103.536,85335
2021-01-21 00:00:00,103.532,103.668,103.327,103.492,98525
2021-01-22 00:00:00,103.496,103.887,103.467,103.768,71465
2021-01-25 00:00:00,103.725,103.937,103.673,103.76,71313
2021-01-26 00:00:00,103.718,103.829,103.557,103.62,62875
2021-01-27 00:00:00,103.61,104.2,103.586,104.11,77317
2021-01-28 00:00:00,104.096,104.464,104.053,104.26,75510
2021-01-29 00:00:00,104.209,104.94,104.196,104.726,90169
2021-02-01 00:00:00,104.768,105.035,104.609,104.938,60164
2021-02-02 00:00:00,104.914,105.173,104.829,104.976,67476
2021-02-03 00:00:00,104.97,105.105,104.922,105.027,53980
2021-02-04 00:00:00,105.025,105.565,104.975,105.561,62680
2021-02-05 00:00:00,105.507,105.768,105.335,105.384,73474
2021-02-08 00:00:00,105.303,105.672,105.15,105.231,71755
2021-02-09 00:00:00,105.226,105.262,104.497,104.557,99922
2021-02-10 00:00:00,104.588,104.842,104.409,104.595,78935
2021-02-11 00:00:00,104.578,104.805,104.55,104.74,58512
2021-02-12 00:00:00,104.729,105.182,104.69,104.925,65332
2021-02-15 00:00:00,104.888,105.418,104.888,105.36,55087
2021-02-16 00:00:00,105.358,106.077,105.182,106.048,75158
2021-02-17 00:00:00,106.031,106.225,105.779,105.862,81620
2021-02-18 00:00:00,105.861,105.924,105.598,105.662,62484
2021-02-19 00:00:00,105.691,105.743,105.241,105.42,70072
2021-02-22 00:00:00,105.379,105.845,104.982,105.075,77025
2021-02-23 00:00:00,105.041,105.429,104.921,105.251,75983
2021-02-24 00:00:00,105.236,106.105,105.186,105.842,91985
2021-02-25 00:00:00,105.869,106.403,105.771,106.247,129822
2021-02-26 00:00:00,106.162,106.692,105.848,106.546,143635
2021-03-01 00:00:00,106.503,106.889,106.366,106.766,80595
2021-03-02 00:00:00,106.758,106.957,106.676,106.689,73332
2021-03-03 00:00:00,106.677,107.153,106.66,107.019,80774
2021-03-04 00:00:00,106.971,107.985,106.961,107.973,90085
2021-03-05 00:00:00,107.953,108.644,107.819,108.384,118851
2021-03-08 00:00:00,108.31,108.943,108.247,108.915,82249
2021-03-09 00:00:00,108.861,109.234,108.415,108.49,95193
2021-03-10 00:00:00,108.478,108.921,108.339,108.395,93556
2021-03-11 00:00:00,108.368,108.811,108.351,108.506,97015
2021-03-12 00:00:00,108.487,109.166,108.485,109.025,92762
2021-03-15 00:00:00,109.017,109.365,108.914,109.121,80712
2021-03-16 00:00:00,109.115,109.287,108.773,109.001,78795
2021-03-17 00:00:00,108.989,109.326,108.745,108.843,81725
2021-03-18 00:00:00,108.826,109.303,108.625,108.89,100832
2021-03-19 00:00:00,108.879,109.128,108.608,108.877,88276
2021-03-22 00:00:00,108.6,108.957,108.577,108.847,44032
2021-03-23 00:00:00,108.839,108.873,108.407,108.578,53050
2021-03-24 00:00:00,108.58,108.956,108.451,108.721,45829
2021-03-25 00:00:00,108.727,109.238,108.705,109.188,54302
2021-03-26 00:00:00,109.178,109.848,109.131,109.676,48104
2021-03-29 00:00:00,109.716,109.845,109.373,109.832,46621
2021-03-30 00:00:00,109.761,110.427,109.726,110.35,46043
2021-03-31 00:00:00,110.348,110.966,110.275,110.716,57147
2021-04-01 00:00:00,110.695,110.847,110.57,110.605,42185
2021-04-02 00:00:00,110.585,110.748,110.376,110.595,31694
2021-04-05 00:00:00,110.603,110.75,109.962,110.177,42816
2021-04-06 00:00:00,110.169,110.552,109.669,109.737,46641
2021-04-07 00:00:00,109.725,109.942,109.579,109.833,56316
2021-04-08 00:00:00,109.845,109.904,109.0,109.263,49188
2021-04-09 00:00:00,109.255,109.96,109.207,109.656,52364
2021-04-12 00:00:00,109.725,109.769,109.246,109.375,41002
2021-04-13 00:00:00,109.373,109.752,109.018,109.054,56833
2021-04-14 00:00:00,109.051,109.095,108.752,108.936,48070
2021-04-15 00:00:00,108.903,108.977,108.612,108.753,50326
2021-04-16 00:00:00,108.753,108.966,108.61,108.79,47815
2021-04-19 00:00:00,108.735,108.836,108.01,108.137,52359
2021-04-20 00:00:00,108.144,108.548,107.974,108.082,53228
2021-04-21 00:00:00,108.075,108.281,107.876,108.052,45109
2021-04-22 00:00:00,108.037,108.233,107.814,107.968,53906
2021-04-23 00:00:00,107.963,108.146,107.478,107.878,50826
2021-04-26 00:00:00,107.899,108.196,107.642,108.092,53264
2021-04-27 00:00:00,108.071,108.775,108.046,108.737,43447
2021-04-28 00:00:00,108.656,109.078,108.571,108.6,57648
2021-04-29 00:00:00,108.577,109.224,108.435,108.917,46442
2021-04-30 00:00:00,108.915,109.343,108.713,109.33,47921
2021-05-03 00:00:00,109.269,109.698,108.895,109.068,39701
2021-05-04 00:00:00,109.051,109.488,109.018,109.291,49993
2021-05-05 00:00:00,109.295,109.482,109.143,109.193,40811
2021-05-06 00:00:00,109.176,109.429,109.001,109.082,57127
2021-05-07 00:00:00,109.086,109.289,108.338,108.607,56840
2021-05-10 00:00:00,108.57,109.056,108.468,108.836,50370
2021-05-11 00:00:00,108.81,108.983,108.35,108.621,51894
2021-05-12 00:00:00,108.622,109.708,108.548,109.703,58355
2021-05-13 00:00:00,109.622,109.787,109.407,109.457,53318
2021-05-14 00:00:00,109.417,109.657,109.188,109.366,46674
2021-05-17 00:00:00,109.289,109.503,109.075,109.24,38176
2021-05-18 00:00:00,109.116,109.284,108.835,108.889,42156
2021-05-19 00:00:00,108.863,109.336,108.571,109.213,57043
2021-05-20 00:00:00,109.204,109.308,108.75,108.79,44133
2021-05-21 00:00:00,108.745,109.005,108.61,108.946,44797
2021-05-24 00:00:00,108.885,108.995,108.696,108.769,38870
2021-05-25 00:00:00,108.731,109.069,108.56,108.773,46904
2021-05-26 00:00:00,108.75,109.179,108.723,109.141,47141
2021-05-27 00:00:00,109.079,109.923,109.037,109.838,52496
2021-05-28 00:00:00,109.746,110.199,109.742,109.872,49569
2021-05-31 00:00:00,109.784,109.936,109.353,109.554,37849
2021-06-01 00:00:00,109.554,109.709,109.33,109.489,42712
2021-06-02 00:00:00,109.465,109.884,109.441,109.573,33710
2021-06-03 00:00:00,109.547,110.32,109.526,110.302,35954
2021-06-04 00:00:00,110.252,110.328,109.365,109.523,37932
2021-06-07 00:00:00,109.577,109.637,109.191,109.255,30434
2021-06-08 00:00:00,109.241,109.558,109.197,109.482,38045
2021-06-09 00:00:00,109.491,109.657,109.226,109.631,29622
2021-06-10 00:00:00,109.599,109.795,109.306,109.324,35572
2021-06-11 00:00:00,109.323,109.842,109.314,109.679,36785
2021-06-14 00:00:00,109.63,110.099,109.606,110.078,33242
2021-06-15 00:00:00,110.059,110.167,109.987,110.065,34329
2021-06-16 00:00:00,110.016,110.721,109.805,110.702,40222
2021-06-17 00:00:00,110.624,110.822,110.166,110.231,48129
2021-06-18 00:00:00,110.165,110.484,109.943,110.214,55802
2021-06-21 00:00:00,110.177,110.354,109.716,110.327,52735
2021-06-22 00:00:00,110.241,110.792,110.211,110.665,37505
2021-06-23 00:00:00,110.624,111.106,110.613,110.955,37373
2021-06-24 00:00:00,110.95,111.115,110.69,110.881,42061
2021-06-25 00:00:00,110.845,110.985,110.481,110.777,32109
2021-06-28 00:00:00,110.769,110.977,110.498,110.609,30397
2021-06-29 00:00:00,110.623,110.759,110.431,110.545,33322
2021-06-30 00:00:00,110.506,111.121,110.419,111.104,36451
2021-07-01 00:00:00,111.099,111.64,111.028,111.525,33619
2021-07-02 00:00:00,111.512,111.659,110.951,111.021,37983
2021-07-05 00:00:00,110.951,111.189,110.797,110.982,34972
2021-07-06 00:00:00,110.926,110.979,110.522,110.615,38549
2021-07-07 00:00:00,110.586,110.816,110.396,110.615,42700
2021-07-08 00:00:00,110.633,110.673,109.534,109.759,55157
2021-07-09 00:00:00,109.72,110.259,109.71,110.133,40735
2021-07-12 00:00:00,110.115,110.403,109.977,110.354,31408
2021-07-13 00:00:00,110.358,110.647,110.198,110.63,43000
2021-07-14 00:00:00,110.62,110.699,109.936,109.946,41281
2021-07-15 00:00:00,109.946,110.09,109.713,109.841,39513
2021-07-16 00:00:00,109.812,110.342,109.732,110.08,38168
2021-07-19 00:00:00,109.995,110.099,109.064,109.452,44868
2021-07-20 00:00:00,109.452,109.956,109.329,109.854,56512
2021-07-21 00:00:00,109.798,110.388,109.774,110.291,44369
2021-07-22 00:00:00,110.275,110.359,110.014,110.159,39614
2021-07-23 00:00:00,110.159,110.593,110.03,110.547,40869
2021-07-26 00:00:00,110.451,110.583,110.117,110.381,45624
2021-07-27 00:00:00,110.366,110.39,109.584,109.792,42132
2021-07-28 00:00:00,109.732,110.288,109.724,109.919,49687
2021-07-29 00:00:00,109.908,109.948,109.421,109.48,46173
2021-07-30 00:00:00,109.453,109.827,109.361,109.66,48642
2021-08-02 00:00:00,109.681,109.771,109.188,109.315,36165
2021-08-03 00:00:00,109.293,109.34,108.877,109.025,40555
2021-08-04 00:00:00,109.003,109.674,108.723,109.48,41230
2021-08-05 00:00:00,109.47,109.788,109.403,109.781,39500
2021-08-06 00:00:00,109.753,110.356,109.699,110.219,38336
2021-08-09 00:00:00,110.195,110.353,110.027,110.334,33319
2021-08-10 00:00:00,110.238,110.599,110.238,110.582,33165
2021-08-11 00:00:00,110.545,110.801,110.309,110.438,39727
2021-08-12 00:00:00,110.401,110.546,110.317,110.438,30394
2021-08-13 00:00:00,110.35,110.456,109.546,109.597,32564
2021-08-16 00:00:00,109.597,109.752,109.114,109.266,33636
2021-08-17 00:00:00,109.261,109.655,109.118,109.586,35964
2021-08-18 00:00:00,109.545,110.066,109.478,109.766,36643
2021-08-19 00:00:00,109.756,110.229,109.485,109.756,43946
2021-08-20 00:00:00,109.665,109.886,109.57,109.798,35470
2021-08-23 00:00:00,109.742,110.146,109.621,109.689,43581
2021-08-24 00:00:00,109.656,109.882,109.413,109.682,35118
2021-08-25 00:00:00,109.524,110.124,109.521,109.983,39413
2021-08-26 00:00:00,109.949,110.23,109.927,110.081,42268
2021-08-27 00:00:00,109.967,110.267,109.78,109.852,43407
2021-08-30 00:00:00,109.833,109.963,109.702,109.918,23772
2021-08-31 00:00:00,109.912,110.08,109.587,109.995,42473
2021-09-01 00:00:00,109.998,110.42,109.881,110.02,45141
2021-09-02 00:00:00,109.944,110.121,109.917,109.931,38934
2021-09-03 00:00:00,109.936,110.072,109.592,109.713,48914
2021-09-06 00:00:00,109.687,109.947,109.622,109.815,31643
2021-09-07 00:00:00,109.82,110.318,109.685,110.286,45871
2021-09-08 00:00:00,110.258,110.446,110.142,110.265,42072
2021-09-09 00:00:00,110.231,110.276,109.621,109.738,33171
2021-09-10 00:00:00,109.705,109.99,109.694,109.903,36586
2021-09-13 00:00:00,109.856,110.16,109.788,110.003,40725
2021-09-14 00:00:00,109.968,110.162,109.527,109.692,47906
2021-09-15 00:00:00,109.683,109.743,109.113,109.371,40446
2021-09-16 00:00:00,109.337,109.828,109.214,109.743,43242
2021-09-17 00:00:00,109.709,110.08,109.667,109.97,41975
2021-09-20 00:00:00,109.902,110.037,109.324,109.387,25789
2021-09-21 00:00:00,109.367,109.706,109.184,109.216,52524
2021-09-22 00:00:00,109.202,109.901,109.121,109.802,69322
2021-09-23 00:00:00,109.771,110.348,109.726,110.327,46959
2021-09-24 00:00:00,110.29,110.794,110.254,110.736,42000
2021-09-27 00:00:00,110.68,111.065,110.536,111.013,41732
2021-09-28 00:00:00,110.98,111.638,110.935,111.507,50218
2021-09-29 00:00:00,111.473,112.049,111.207,111.978,59855
2021-09-30 00:00:00,111.946,112.079,111.239,111.278,67951
2021-10-01 00:00:00,111.274,111.488,110.907,111.07,71761
2021-10-04 00:00:00,110.897,111.303,110.823,110.923,65609
2021-10-05 00:00:00,110.883,111.563,110.87,111.467,64268
2021-10-06 00:00:00,111.457,111.787,111.202,111.421,64915
2021-10-07 00:00:00,111.384,111.649,111.23,111.619,54358
2021-10-08 00:00:00,111.605,112.253,111.511,112.225,59432
2021-10-11 00:00:00,112.133,113.413,112.108,113.329,44629
2021-10-12 00:00:00,113.266,113.788,113.003,113.607,60734
2021-10-13 00:00:00,113.572,113.804,113.228,113.25,55718
2021-10-14 00:00:00,113.238,113.718,113.211,113.672,52274
2021-10-15 00:00:00,113.663,114.464,113.626,114.251,67813
2021-10-18 00:00:00,114.221,114.454,114.016,114.315,62799
2021-10-19 00:00:00,114.303,114.398,113.879,114.379,53372
2021-10-20 00:00:00,114.343,114.7,114.081,114.332,60440
2021-10-21 00:00:00,114.116,114.414,113.651,114.001,62642
2021-10-22 00:00:00,113.965,114.206,113.413,113.489,64452
2021-10-25 00:00:00,113.55,113.925,113.457,113.708,58026
2021-10-26 00:00:00,113.705,114.312,113.678,114.15,44030
2021-10-27 00:00:00,114.12,114.221,113.388,113.806,69243
2021-10-28 00:00:00,113.785,113.866,113.255,113.562,71687
2021-10-29 00:00:00,113.527,114.096,113.393,113.958,62605
2021-11-01 00:00:00,114.045,114.444,113.939,113.996,60239
2021-11-02 00:00:00,113.961,114.134,113.462,113.96,61237
2021-11-03 00:00:00,113.97,114.219,113.721,114.019,63389
2021-11-04 00:00:00,113.984,114.277,113.509,113.754,64610
2021-11-05 00:00:00,113.72,114.03,113.3,113.389,70340
2021-11-08 00:00:00,113.329,113.667,113.08,113.225,57840
2021-11-09 00:00:00,113.218,113.291,112.726,112.875,66361
2021-11-10 00:00:00,112.841,114.016,112.775,113.905,69531
2021-11-11 00:00:00,113.901,114.156,113.808,114.06,45627
2021-11-12 00:00:00,114.062,114.3,113.761,113.917,52913
2021-11-15 00:00:00,113.898,114.215,113.753,114.137,47896
2021-11-16 00:00:00,114.103,114.848,114.093,114.816,51667
2021-11-17 00:00:00,114.76,114.97,113.935,114.111,57576
2021-11-18 00:00:00,114.075,114.485,113.879,114.253,55457
2021-11-19 00:00:00,114.242,114.541,113.587,114.015,71659
2021-11-22 00:00:00,113.91,114.962,113.91,114.871,62310
2021-11-23 00:00:00,114.87,115.192,114.486,115.129,72801
2021-11-24 00:00:00,115.117,115.52,114.826,115.404,67594
2021-11-25 00:00:00,115.413,115.459,115.242,115.324,49472
2021-11-26 00:00:00,115.302,115.363,113.052,113.3,110460
2021-11-29 00:00:00,113.634,113.956,112.991,113.535,89266
2021-11-30 00:00:00,113.522,113.891,112.533,113.14,108954
2021-12-01 00:00:00,113.142,113.629,112.671,112.768,86766
2021-12-02 00:00:00,112.734,113.329,112.627,113.187,87575
2021-12-03 00:00:00,112.993,113.613,112.56,112.827,80705
2021-12-06 00:00:00,112.837,113.552,112.837,113.487,64304
2021-12-07 00:00:00,113.443,113.778,113.4,113.572,59306
2021-12-08 00:00:00,113.616,113.955,113.312,113.689,66371
2021-12-09 00:00:00,113.654,113.81,113.272,113.461,55075
2021-12-10 00:00:00,113.427,113.791,113.224,113.385,62901
2021-12-13 00:00:00,113.274,113.726,113.274,113.578,47614
2021-12-14 00:00:00,113.398,113.758,113.304,113.751,53027
2021-12-15 00:00:00,113.716,114.271,113.629,114.047,59741
2021-12-16 00:00:00,113.95,114.248,113.56,113.701,60367
2021-12-17 00:00:00,113.613,113.855,113.141,113.703,63351
2021-12-20 00:00:00,113.592,113.732,113.327,113.628,66070
2021-12-21 00:00:00,113.59,114.22,113.553,114.084,46028
2021-12-22 00:00:00,114.072,114.37,113.95,114.113,44003
2021-12-23 00:00:00,114.081,114.467,114.053,114.401,36748
2021-12-24 00:00:00,114.284,114.514,114.27,114.337,45477
2021-12-27 00:00:00,114.297,114.914,114.275,114.883,30190
2021-12-28 00:00:00,114.84,114.95,114.706,114.818,29186
2021-12-29 00:00:00,114.657,115.038,114.657,114.964,40249
2021-12-30 00:00:00,114.933,115.217,114.913,115.05,36952
2021-12-31 00:00:00,115.045,115.197,115.005,115.092,31811
2022-01-03 00:00:00,115.043,115.367,114.948,115.322,36305
2022-01-04 00:00:00,115.297,116.351,115.253,116.123,52402
2022-01-05 00:00:00,116.12,116.244,115.621,116.102,53231
2022-01-06 00:00:00,116.072,116.185,115.627,115.846,59956
2022-01-07 00:00:00,115.807,116.048,115.534,115.551,52405
2022-01-10 00:00:00,115.559,115.851,115.044,115.19,59763
2022-01-11 00:00:00,115.13,115.681,115.125,115.295,57445
2022-01-12 00:00:00,115.287,115.475,114.381,114.63,57221
2022-01-13 00:00:00,114.633,114.704,114.0,114.159,51392
2022-01-14 00:00:00,114.149,114.265,113.482,114.2,63536
2022-01-17 00:00:00,114.11,114.65,114.11,114.611,36142
2022-01-18 00:00:00,114.603,115.057,114.449,114.585,61841
2022-01-19 00:00:00,114.598,114.789,114.206,114.324,61185
2022-01-20 00:00:00,114.33,114.547,113.963,114.11,64481
2022-01-21 00:00:00,114.065,114.149,113.605,113.691,70789
2022-01-24 00:00:00,113.632,114.0,113.471,113.979,73336
2022-01-25 00:00:00,113.942,114.156,113.669,113.861,73523
2022-01-26 00:00:00,113.883,114.695,113.779,114.669,69293
2022-01-27 00:00:00,114.632,115.49,114.476,115.356,86421
2022-01-28 00:00:00,115.353,115.685,115.123,115.234,68593
2022-01-31 00:00:00,115.256,115.593,114.923,115.133,73785
2022-02-01 00:00:00,115.128,115.193,114.567,114.685,69157
2022-02-02 00:00:00,114.662,114.803,114.154,114.436,60220
2022-02-03 00:00:00,114.402,114.987,114.327,114.982,76990
2022-02-04 00:00:00,114.938,115.43,114.774,115.185,68132
2022-02-07 00:00:00,115.254,115.379,114.915,115.095,69242
2022-02-08 00:00:00,115.089,115.627,115.042,115.543,62441
2022-02-09 00:00:00,115.54,115.68,115.323,115.537,55285
2022-02-10 00:00:00,115.504,116.338,115.482,115.998,83055
2022-02-11 00:00:00,115.967,116.174,115.015,115.432,79631
2022-02-14 00:00:00,115.387,115.747,115.01,115.529,96744
2022-02-15 00:00:00,115.511,115.874,115.257,115.592,72306
2022-02-16 00:00:00,115.591,115.79,115.358,115.449,70823
2022-02-17 00:00:00,115.478,115.537,114.846,114.91,98041
2022-02-18 00:00:00,114.931,115.299,114.79,115.039,74934
2022-02-21 00:00:00,114.991,115.124,114.718,114.722,59289
2022-02-22 00:00:00,114.722,115.242,114.5,115.072,102066
2022-02-23 00:00:00,115.056,115.203,114.926,115.011,54388
2022-02-24 00:00:00,114.98,115.694,114.408,115.533,130831
2022-02-25 00:00:00,115.472,115.761,115.148,115.529,92637
2022-02-28 00:00:00,115.476,115.778,114.863,114.973,101308
2022-03-01 00:00:00,114.994,115.29,114.7,114.904,81319
2022-03-02 00:00:00,114.894,115.687,114.791,115.517,90364
2022-03-03 00:00:00,115.522,115.807,115.384,115.459,76633
2022-03-04 00:00:00,115.459,115.556,114.65,114.853,96275
2022-03-07 00:00:00,114.89,115.472,114.818,115.31,98163
2022-03-08 00:00:00,115.283,115.791,115.256,115.672,82146
2022-03-09 00:00:00,115.643,115.944,115.559,115.863,70972
2022-03-10 00:00:00,115.8,116.195,115.8,116.131,76447
2022-03-11 00:00:00,116.13,117.356,116.082,117.296,66359
2022-03-14 00:00:00,117.331,118.218,117.31,118.185,61282
2022-03-15 00:00:00,118.165,118.452,117.698,118.29,73105
2022-03-16 00:00:00,118.29,119.121,118.174,118.759,68919
2022-03-17 00:00:00,118.661,119.026,118.368,118.589,69214
2022-03-18 00:00:00,118.58,119.4,118.471,119.154,60784
2022-03-21 00:00:00,119.11,119.5,119.053,119.468,51427
2022-03-22 00:00:00,119.456,121.032,119.435,120.804,73960
2022-03-23 00:00:00,120.768,121.414,120.595,121.141,79839
2022-03-24 00:00:00,121.14,122.411,120.954,122.361,68981
2022-03-25 00:00:00,122.329,122.436,121.178,122.092,90964
2022-03-28 00:00:00,122.02,125.1,122.006,123.905,121949
2022-03-29 00:00:00,123.784,124.305,121.978,122.889,124125
2022-03-30 00:00:00,122.853,123.203,121.31,121.828,118683
2022-03-31 00:00:00,121.792,122.454,121.28,121.693,115995
2022-04-01 00:00:00,121.609,123.035,121.609,122.553,91207
2022-04-04 00:00:00,122.585,122.958,122.264,122.768,75255
2022-04-05 00:00:00,122.772,123.669,122.376,123.594,72586
2022-04-06 00:00:00,123.561,124.051,123.463,123.788,90719
2022-04-07 00:00:00,123.768,124.004,123.47,123.97,76700
2022-04-08 00:00:00,123.949,124.677,123.667,124.283,70196
2022-04-11 00:00:00,124.026,125.771,124.025,125.393,84301
2022-04-12 00:00:00,125.364,125.756,124.764,125.4,99637
2022-04-13 00:00:00,125.356,126.317,125.313,125.654,90431
2022-04-14 00:00:00,125.618,126.015,125.083,125.886,95618
2022-04-15 00:00:00,125.864,126.68,125.86,126.362,127517
2022-04-18 00:00:00,126.342,126.999,126.24,126.995,70284
2022-04-19 00:00:00,126.985,128.975,126.972,128.887,108619
2022-04-20 00:00:00,128.889,129.405,127.458,127.877,129619
2022-04-21 00:00:00,127.875,128.708,127.768,128.385,106667
2022-04-22 00:00:00,128.357,129.108,127.739,128.539,115655
2022-04-25 00:00:00,128.535,128.865,127.524,128.136,129362
2022-04-26 00:00:00,128.134,128.224,127.025,127.209,123046
2022-04-27 00:00:00,127.223,128.59,126.947,128.423,118672
2022-04-28 00:00:00,128.421,131.254,128.34,130.84,160442
2022-04-29 00:00:00,130.826,130.957,129.317,129.867,132801
2022-05-02 00:00:00,129.723,130.478,129.614,130.184,115386
2022-05-03 00:00:00,130.152,130.291,129.699,130.141,92260
2022-05-04 00:00:00,130.106,130.343,128.624,129.084,105981
2022-05-05 00:00:00,129.05,130.559,128.754,130.186,130738
2022-05-06 00:00:00,130.153,130.81,130.096,130.557,127583
2022-05-09 00:00:00,130.513,131.348,130.112,130.329,121292
2022-05-10 00:00:00,130.199,130.575,129.798,130.435,130132
2022-05-11 00:00:00,130.438,130.812,129.445,129.972,140468
2022-05-12 00:00:00,129.875,130.055,127.518,128.313,166869
2022-05-13 00:00:00,128.291,129.455,128.26,129.26,124846
2022-05-16 00:00:00,129.27,129.639,128.704,129.135,96395
2022-05-17 00:00:00,129.133,129.781,128.831,129.348,103772
2022-05-18 00:00:00,129.392,129.536,128.008,128.241,104925
2022-05-19 00:00:00,128.204,128.944,127.026,127.828,138529
2022-05-20 00:00:00,127.653,128.299,127.529,127.925,115413
2022-05-23 00:00:00,127.85,128.059,127.153,127.891,98436
2022-05-24 00:00:00,127.892,128.086,126.362,126.857,113444
2022-05-25 00:00:00,126.798,127.496,126.656,127.3,106665
2022-05-26 00:00:00,127.258,127.582,126.552,127.083,107764
2022-05-27 00:00:00,127.106,127.254,126.678,127.119,90618
2022-05-30 00:00:00,127.0,127.826,126.86,127.609,71987
2022-05-31 00:00:00,127.522,128.893,127.515,128.703,116812
2022-06-01 00:00:00,128.632,130.188,128.632,130.162,104144
2022-06-02 00:00:00,130.099,130.241,129.513,129.9,89923
2022-06-03 00:00:00,129.792,130.98,129.689,130.82,86660
2022-06-06 00:00:00,130.849,132.013,130.431,131.89,88524
2022-06-07 00:00:00,131.865,132.999,131.859,132.631,112723
2022-06-08 00:00:00,132.573,134.474,132.573,134.25,124407
2022-06-09 00:00:00,134.231,134.556,133.185,134.372,132400
2022-06-10 00:00:00,134.317,134.482,133.364,134.363,121598
2022-06-13 00:00:00,134.3,135.198,133.595,134.403,151401
2022-06-14 00:00:00,134.429,135.461,133.874,135.457,162017
2022-06-15 00:00:00,135.446,135.583,133.504,133.822,172482
2022-06-16 00:00:00,133.8,134.678,131.493,132.235,183539
2022-06-17 00:00:00,132.156,135.425,132.155,134.948,184111
2022-06-20 00:00:00,134.903,135.441,134.531,135.067,118120
2022-06-21 00:00:00,135.022,136.708,134.923,136.659,132126
2022-06-22 00:00:00,136.588,136.712,135.685,136.228,149774
2022-06-23 00:00:00,136.22,136.22,134.268,134.964,170034
2022-06-24 00:00:00,134.923,135.398,134.35,135.196,144446
2022-06-27 00:00:00,135.108,135.549,134.523,135.468,143327
2022-06-28 00:00:00,135.434,136.383,135.111,136.164,146042
2022-06-29 00:00:00,136.036,137.001,135.772,136.594,161833
2022-06-30 00:00:00,136.576,136.811,135.552,135.71,151720
2022-07-01 00:00:00,135.696,135.986,134.744,135.26,161871
2022-07-04 00:00:00,135.257,135.776,134.782,135.658,109415
2022-07-05 00:00:00,135.6,136.363,135.523,135.888,138926
2022-07-06 00:00:00,135.737,136.007,134.953,135.924,161847
2022-07-07 00:00:00,135.917,136.223,135.551,135.985,126014
2022-07-08 00:00:00,135.99,136.566,135.327,136.112,140551
2022-07-11 00:00:00,135.96,137.751,135.938,137.417,126158
2022-07-12 00:00:00,137.427,137.532,136.473,136.859,137466
2022-07-13 00:00:00,136.863,137.866,136.691,137.44,142000
2022-07-14 00:00:00,137.353,139.389,137.238,138.944,159662
2022-07-15 00:00:00,138.937,139.126,138.387,138.539,125604
2022-07-18 00:00:00,138.516,138.57,137.891,138.127,100579
2022-07-19 00:00:00,138.018,138.393,137.38,138.18,119091
2022-07-20 00:00:00,138.172,138.377,137.904,138.278,104168
2022-07-21 00:00:00,138.278,138.876,137.299,137.345,137155
2022-07-22 00:00:00,137.343,137.955,135.568,136.076,134665
2022-07-25 00:00:00,136.08,136.79,135.891,136.662,103868
2022-07-26 00:00:00,136.658,136.968,136.275,136.93,87529
2022-07-27 00:00:00,136.895,137.463,136.319,136.611,112783
2022-07-28 00:00:00,136.529,136.58,134.199,134.233,138907
2022-07-29 00:00:00,134.246,134.676,132.504,133.226,150482
2022-08-01 00:00:00,133.25,133.559,131.6,131.613,128153
2022-08-02 00:00:00,131.623,133.163,130.403,133.157,156941
2022-08-03 00:00:00,133.152,134.548,132.283,133.857,157521
2022-08-04 00:00:00,133.851,134.422,132.763,132.872,127046
2022-08-05 00:00:00,132.84,135.506,132.521,134.982,129121
2022-08-08 00:00:00,135.008,135.575,134.353,135.026,110649
2022-08-09 00:00:00,134.857,135.201,134.668,135.141,93571
2022-08-10 00:00:00,135.045,135.303,132.03,132.873,115571
2022-08-11 00:00:00,132.877,133.308,131.734,132.973,117238
2022-08-12 00:00:00,132.982,133.891,132.881,133.487,107833
2022-08-15 00:00:00,133.373,133.595,132.556,133.3,96861
2022-08-16 00:00:00,133.317,134.684,132.949,134.234,98529
2022-08-17 00:00:00,134.157,135.5,133.905,135.075,103995
2022-08-18 00:00:00,135.038,135.901,134.648,135.88,96192
2022-08-19 00:00:00,135.851,137.23,135.715,136.876,96757
2022-08-22 00:00:00,136.856,137.647,136.699,137.479,93812
2022-08-23 00:00:00,137.435,137.707,135.809,136.75,103246
2022-08-24 00:00:00,136.722,137.243,136.171,137.129,108618
2022-08-25 00:00:00,137.126,137.202,136.319,136.459,95702
2022-08-26 00:00:00,136.462,137.534,136.197,137.507,108486
2022-08-29 00:00:00,137.594,139.002,137.528,138.672,96857
2022-08-30 00:00:00,138.684,139.079,138.05,138.792,107030
2022-08-31 00:00:00,138.788,139.003,138.271,138.954,111011
2022-09-01 00:00:00,138.948,140.228,138.84,140.198,106764
2022-09-02 00:00:00,140.167,140.799,139.868,140.223,97263
2022-09-05 00:00:00,140.12,140.66,140.078,140.575,101052
2022-09-06 00:00:00,140.573,143.076,140.25,142.788,117619
2022-09-07 00:00:00,142.707,144.993,142.643,143.75,166098
2022-09-08 00:00:00,143.764,144.557,143.32,144.104,128581
2022-09-09 00:00:00,144.1,144.121,141.504,142.632,149320
2022-09-12 00:00:00,142.118,143.492,142.115,142.828,115115
2022-09-13 00:00:00,142.832,144.684,141.607,144.504,147757
2022-09-14 00:00:00,144.551,144.958,142.551,143.164,140485
2022-09-15 00:00:00,143.106,143.801,142.794,143.476,134291
2022-09-16 00:00:00,143.435,143.691,142.833,142.954,105476
2022-09-19 00:00:00,142.885,143.644,142.642,143.209,103236
2022-09-20 00:00:00,143.195,143.923,142.936,143.714,101802
2022-09-21 00:00:00,143.718,144.703,143.345,144.06,166424
2022-09-22 00:00:00,143.95,145.902,140.351,142.364,281363
2022-09-23 00:00:00,142.293,143.46,141.763,143.332,162458
2022-09-26 00:00:00,143.597,144.788,143.197,144.727,170137
2022-09-27 00:00:00,144.606,144.903,144.059,144.813,156411
2022-09-28 00:00:00,144.75,144.871,143.905,144.122,166905
2022-09-29 00:00:00,144.04,144.811,144.02,144.419,160659
2022-09-30 00:00:00,144.354,144.81,144.203,144.798,129200
2022-10-03 00:00:00,144.663,145.308,144.156,144.56,136059
2022-10-04 00:00:00,144.512,144.932,143.894,144.15,128814
2022-10-05 00:00:00,144.048,144.845,143.525,144.679,128143
2022-10-06 00:00:00,144.548,145.138,144.383,145.132,104307
2022-10-07 00:00:00,145.12,145.444,144.533,145.385,114556
2022-10-10 00:00:00,145.244,145.804,145.233,145.733,63435
2022-10-11 00:00:00,145.712,145.899,145.425,145.855,114560
2022-10-12 00:00:00,145.846,146.968,145.696,146.9,119700
2022-10-13 00:00:00,146.907,147.673,146.453,147.224,126464
2022-10-14 00:00:00,147.102,148.86,147.089,148.749,115862
2022-10-17 00:00:00,148.577,149.087,148.41,149.021,90124
2022-10-18 00:00:00,149.017,149.384,148.137,149.23,85938
2022-10-19 00:00:00,149.226,149.904,149.098,149.904,84443
2022-10-20 00:00:00,149.874,150.285,149.552,150.145,84390
2022-10-21 00:00:00,150.136,151.943,146.191,147.639,157533
2022-10-24 00:00:00,147.617,149.707,145.443,149.012,129904
2022-10-25 00:00:00,149.01,149.099,147.513,147.948,89976
2022-10-26 00:00:00,147.928,148.41,146.222,146.39,132638
2022-10-27 00:00:00,146.345,146.936,145.108,146.243,132775
2022-10-28 00:00:00,146.215,147.86,145.988,147.477,126371
2022-10-31 00:00:00,147.741,148.85,147.51,148.747,98036
2022-11-01 00:00:00,148.671,148.824,146.988,148.23,125486
2022-11-02 00:00:00,148.234,148.383,145.669,147.913,127422
2022-11-03 00:00:00,147.798,148.448,147.11,148.262,111503
2022-11-04 00:00:00,148.197,148.401,146.552,146.654,116252
2022-11-07 00:00:00,147.121,147.566,146.082,146.623,111339
2022-11-08 00:00:00,146.58,146.933,145.31,145.669,103968
2022-11-09 00:00:00,145.65,146.793,145.172,146.391,136862
2022-11-10 00:00:00,146.383,146.59,140.2,140.954,155823
2022-11-11 00:00:00,140.955,142.48,138.463,138.762,169061
2022-11-14 00:00:00,139.104,140.797,138.797,139.913,146356
2022-11-15 00:00:00,139.799,140.624,137.672,139.312,174754
2022-11-16 00:00:00,139.227,140.29,138.727,139.529,156396
2022-11-17 00:00:00,139.544,140.741,138.876,140.211,126907
2022-11-18 00:00:00,140.157,140.499,139.632,140.375,109684
2022-11-21 00:00:00,140.27,142.253,140.158,142.111,108602
2022-11-22 00:00:00,142.069,142.24,141.08,141.218,91757
2022-11-23 00:00:00,141.191,141.61,139.166,139.585,104639
2022-11-24 00:00:00,139.591,139.593,138.052,138.64,83204
2022-11-25 00:00:00,138.597,139.595,138.371,139.101,86172
2022-11-28 00:00:00,139.197,139.421,137.497,138.905,115839
2022-11-29 00:00:00,138.908,139.352,137.864,138.7,111356
2022-11-30 00:00:00,138.525,139.895,137.651,138.094,138270
2022-12-01 00:00:00,137.997,138.113,135.211,135.34,150465
2022-12-02 00:00:00,135.239,135.986,133.623,134.314,150299
2022-12-05 00:00:00,134.514,136.861,134.13,136.755,121856
2022-12-06 00:00:00,136.573,137.427,135.962,137.038,120915
2022-12-07 00:00:00,137.055,137.857,136.217,136.589,131237
2022-12-08 00:00:00,136.594,137.246,136.242,136.678,101564
2022-12-09 00:00:00,136.698,136.905,135.603,136.573,120944
2022-12-12 00:00:00,136.462,137.85,136.443,137.651,92655
2022-12-13 00:00:00,137.627,137.971,134.655,135.582,131859
2022-12-14 00:00:00,135.521,135.991,134.509,135.45,139063
2022-12-15 00:00:00,135.421,138.177,135.238,137.788,127733
2022-12-16 00:00:00,137.733,137.797,136.293,136.727,105657
2022-12-19 00:00:00,135.917,137.161,135.752,136.904,105791
2022-12-20 00:00:00,136.897,137.475,130.568,131.706,196132
2022-12-21 00:00:00,131.534,132.53,131.492,132.448,122563
2022-12-22 00:00:00,132.382,132.723,131.643,132.367,96792
2022-12-23 00:00:00,132.353,133.139,132.152,132.86,90615
2022-12-27 00:00:00,132.799,133.593,132.63,133.498,75378
2022-12-28 00:00:00,133.321,134.499,133.216,134.478,95613
2022-12-29 00:00:00,134.479,134.479,132.879,133.013,90432
2022-12-30 00:00:00,132.971,133.093,130.772,130.977,111192
2023-01-02 00:00:00,130.783,131.041,130.599,130.599,34270
2023-01-03 00:00:00,130.599,131.403,129.507,130.985,135774
2023-01-04 00:00:00,131.012,132.718,129.924,132.649,136213
2023-01-05 00:00:00,132.613,134.056,131.683,133.422,138843
2023-01-06 00:00:00,133.36,134.774,131.998,132.141,135705
2023-01-09 00:00:00,131.869,132.655,131.307,131.885,121849
2023-01-10 00:00:00,131.88,132.478,131.384,132.235,129946
2023-01-11 00:00:00,132.245,132.873,132.065,132.493,106951
2023-01-12 00:00:00,132.347,132.477,128.862,129.323,169971
2023-01-13 00:00:00,129.208,129.421,127.459,127.858,144627
2023-01-16 00:00:00,127.749,128.867,127.221,128.472,111669
2023-01-17 00:00:00,128.501,129.156,127.991,128.155,129563
2023-01-18 00:00:00,128.078,131.572,127.565,128.91,196425
2023-01-19 00:00:00,128.861,128.878,127.76,128.423,123445
2023-01-20 00:00:00,128.362,130.611,128.35,129.588,114620
2023-01-23 00:00:00,129.439,130.889,129.04,130.679,106624
2023-01-24 00:00:00,130.623,131.118,129.725,130.173,93433
2023-01-25 00:00:00,130.173,130.583,129.268,129.583,100543
2023-01-26 00:00:00,129.557,130.619,129.022,130.223,106504
2023-01-27 00:00:00,130.209,130.269,129.498,129.831,99941
2023-01-30 00:00:00,129.62,130.568,129.205,130.44,101024
2023-01-31 00:00:00,130.413,130.527,129.745,130.101,96815
2023-02-01 00:00:00,130.054,130.41,128.541,128.962,111344
2023-02-02 00:00:00,128.876,129.138,128.083,128.702,122994
2023-02-03 00:00:00,128.646,131.2,128.329,131.181,109647
2023-02-06 00:00:00,132.455,132.903,131.509,132.625,115177
2023-02-07 00:00:00,132.609,132.706,130.474,131.069,136419
2023-02-08 00:00:00,131.062,131.537,130.595,131.439,111581
2023-02-09 00:00:00,131.354,131.825,130.341,131.515,112313
2023-02-10 00:00:00,131.552,131.888,129.803,131.374,136622
2023-02-13 00:00:00,131.206,132.911,131.201,132.419,90503
2023-02-14 00:00:00,132.361,133.315,131.462,133.093,137284
2023-02-15 00:00:00,133.104,134.359,132.544,134.162,104383
2023-02-16 00:00:00,134.139,134.462,133.603,133.942,111503
2023-02-17 00:00:00,133.943,135.112,133.915,134.149,93272
2023-02-20 00:00:00,134.197,134.537,133.92,134.276,68973
2023-02-21 00:00:00,134.21,135.228,134.15,135.024,92538
2023-02-22 00:00:00,134.982,135.06,134.365,134.911,118874
2023-02-23 00:00:00,134.851,135.37,134.488,134.677,103001
2023-02-24 00:00:00,134.658,136.52,134.06,136.483,140077
2023-02-27 00:00:00,136.39,136.555,135.915,136.227,103188
2023-02-28 00:00:00,136.119,136.918,135.734,136.235,108810
2023-03-01 00:00:00,136.09,136.471,135.257,136.203,116322
2023-03-02 00:00:00,136.136,137.102,136.019,136.754,122868
2023-03-03 00:00:00,136.738,136.768,135.746,135.83,106933
2023-03-06 00:00:00,135.958,136.19,135.364,135.923,102806
2023-03-07 00:00:00,135.88,137.197,135.54,137.154,109654
2023-03-08 00:00:00,137.131,137.913,136.48,137.346,100963
2023-03-09 00:00:00,137.327,137.353,135.943,136.149,92301
2023-03-10 00:00:00,136.111,136.994,134.112,135.064,161877
2023-03-13 00:00:00,134.501,135.047,132.283,133.252,213007
2023-03-14 00:00:00,133.171,134.901,133.024,134.201,157704
2023-03-15 00:00:00,134.196,135.114,132.213,133.432,207761
2023-03-16 00:00:00,133.344,133.828,131.716,133.748,186187
2023-03-17 00:00:00,133.731,133.731,131.555,131.806,153420
2023-03-20 00:00:00,131.695,132.65,130.538,131.305,182308
2023-03-21 00:00:00,131.303,132.626,131.03,132.458,109255
2023-03-22 00:00:00,132.359,133.002,131.003,131.515,122520
2023-03-23 00:00:00,131.317,131.663,130.322,130.844,139540
2023-03-24 00:00:00,130.774,130.941,129.639,130.724,138821
2023-03-27 00:00:00,130.501,131.76,130.428,131.566,93927
2023-03-28 00:00:00,131.547,131.559,130.407,130.898,95940
2023-03-29 00:00:00,130.833,132.887,130.757,132.865,96580
2023-03-30 00:00:00,132.812,132.967,132.199,132.682,93413
2023-03-31 00:00:00,132.673,133.592,132.572,132.817,101515
2023-04-03 00:00:00,133.335,133.753,132.203,132.405,95692
2023-04-04 00:00:00,132.353,133.169,131.522,131.72,88703
2023-04-05 00:00:00,131.681,131.843,130.601,131.329,91560
2023-04-06 00:00:00,131.292,131.905,130.777,131.767,66799
2023-04-07 00:00:00,131.749,132.376,131.526,132.148,63838
2023-04-10 00:00:00,132.123,133.872,131.828,133.6,71073
2023-04-11 00:00:00,133.563,133.805,132.972,133.69,69358
2023-04-12 00:00:00,133.624,134.047,132.734,133.14,93067
2023-04-13 00:00:00,133.088,133.393,132.021,132.577,75955
2023-04-14 00:00:00,132.558,133.837,132.169,133.744,82539
2023-04-17 00:00:00,133.799,134.575,133.711,134.472,67292
2023-04-18 00:00:00,134.42,134.707,133.862,134.101,77269
2023-04-19 00:00:00,134.057,135.134,133.954,134.711,71898
2023-04-20 00:00:00,134.663,134.972,134.013,134.243,76114
2023-04-21 00:00:00,134.208,134.493,133.552,134.129,82822
2023-04-24 00:00:00,133.973,134.732,133.891,134.253,69079
2023-04-25 00:00:00,134.243,134.476,133.368,133.723,92192
2023-04-26 00:00:00,133.715,133.941,133.015,133.657,106503
2023-04-27 00:00:00,133.649,134.197,133.182,133.984,85064
2023-04-28 00:00:00,133.913,136.561,133.256,136.278,148533
2023-05-01 00:00:00,136.142,137.537,136.113,137.465,82940
2023-05-02 00:00:00,137.472,137.774,136.319,136.564,111987
2023-05-03 00:00:00,136.455,136.614,134.729,134.771,114597
2023-05-04 00:00:00,134.686,134.88,133.5,134.276,153685
2023-05-05 00:00:00,134.201,135.125,133.884,134.834,99613
2023-05-08 00:00:00,134.744,135.298,134.642,135.119,82888
2023-05-09 00:00:00,135.017,135.356,134.723,135.232,102317
2023-05-10 00:00:00,135.066,135.471,134.113,134.371,118237
2023-05-11 00:00:00,134.251,134.843,133.745,134.563,120884
2023-05-12 00:00:00,134.418,135.754,134.402,135.723,85014
2023-05-15 00:00:00,135.629,136.327,135.624,136.105,87045
2023-05-16 00:00:00,136.096,136.685,135.657,136.384,89613
2023-05-17 00:00:00,136.367,137.713,136.304,137.7,92384
2023-05-18 00:00:00,137.623,138.748,137.287,138.701,99830
2023-05-19 00:00:00,138.7,138.711,137.424,137.963,107962
2023-05-22 00:00:00,137.973,138.686,137.492,138.59,91691
2023-05-23 00:00:00,138.573,138.911,138.243,138.573,102860
2023-05-24 00:00:00,138.563,139.478,138.232,139.473,104235
2023-05-25 00:00:00,139.376,140.231,138.818,140.037,118051
2023-05-26 00:00:00,140.022,140.725,139.495,140.597,102843
2023-05-29 00:00:00,140.566,140.921,140.115,140.432,48646
2023-05-30 00:00:00,140.399,140.932,139.573,139.788,110685
2023-05-31 00:00:00,139.744,140.395,139.234,139.34,109874
2023-06-01 00:00:00,139.321,139.949,138.433,138.793,101951
2023-06-02 00:00:00,138.755,140.069,138.607,139.965,92927
2023-06-05 00:00:00,139.943,140.453,139.25,139.582,90601
2023-06-06 00:00:00,139.53,139.994,139.095,139.633,88309
2023-06-07 00:00:00,139.631,140.249,139.025,140.172,91783
2023-06-08 00:00:00,140.077,140.226,138.81,138.92,96177
2023-06-09 00:00:00,138.879,139.726,138.761,139.369,92493
2023-06-12 00:00:00,139.296,139.77,139.064,139.607,82911
2023-06-13 00:00:00,139.574,140.308,139.011,140.224,101405
2023-06-14 00:00:00,140.173,140.281,139.284,140.083,102649
2023-06-15 00:00:00,140.037,141.505,139.942,140.276,121778
2023-06-16 00:00:00,140.252,141.914,139.853,141.886,115865
2023-06-19 00:00:00,141.709,142.003,141.441,141.988,65484
2023-06-20 00:00:00,141.94,142.254,141.214,141.431,100812
2023-06-21 00:00:00,141.396,142.368,141.282,141.891,104932
2023-06-22 00:00:00,141.891,143.23,141.611,143.106,96971
2023-06-23 00:00:00,143.018,143.874,142.65,143.724,112194
2023-06-26 00:00:00,143.498,143.719,142.935,143.507,98723
2023-06-27 00:00:00,143.426,144.173,143.284,144.072,93416
2023-06-28 00:00:00,144.052,144.616,143.731,144.486,100545
2023-06-29 00:00:00,144.439,144.9,144.135,144.78,102394
2023-06-30 00:00:00,144.718,145.074,144.205,144.298,101425
2023-07-03 00:00:00,144.301,144.913,143.984,144.654,82928
2023-07-04 00:00:00,144.668,144.7,144.207,144.47,50580
2023-07-05 00:00:00,144.394,144.735,144.08,144.661,78396
2023-07-06 00:00:00,144.593,144.654,143.555,144.06,105910
2023-07-07 00:00:00,144.016,144.202,142.072,142.104,101570
2023-07-10 00:00:00,142.106,143.006,141.277,141.325,91746
2023-07-11 00:00:00,141.337,141.462,140.159,140.351,90324
2023-07-12 00:00:00,140.357,140.367,138.157,138.514,109767
2023-07-13 00:00:00,138.422,138.956,137.922,138.049,108389
2023-07-14 00:00:00,138.038,139.156,137.24,138.798,108186
2023-07-17 00:00:00,138.643,139.41,137.999,138.719,83623
2023-07-18 00:00:00,138.708,139.138,137.676,138.839,111001
2023-07-19 00:00:00,138.79,139.993,138.763,139.674,102760
2023-07-20 00:00:00,139.534,140.498,139.111,140.069,99614
2023-07-21 00:00:00,140.074,141.954,139.748,141.832,101523
2023-07-24 00:00:00,141.592,141.814,140.742,141.481,94973
2023-07-25 00:00:00,141.426,141.735,140.853,140.901,80097
2023-07-26 00:00:00,140.904,141.186,139.927,140.245,102638
2023-07-27 00:00:00,140.184,141.322,138.769,139.46,140291
2023-07-28 00:00:00,139.359,141.178,138.062,141.169,174469
2023-07-31 00:00:00,140.939,142.691,140.692,142.266,122268
2023-08-01 00:00:00,142.242,143.546,142.207,143.328,102222
2023-08-02 00:00:00,143.316,143.477,142.235,143.324,120828
2023-08-03 00:00:00,143.321,143.889,142.065,142.522,132891
2023-08-04 00:00:00,142.508,142.898,141.552,141.764,108464
2023-08-07 00:00:00,141.667,142.582,141.511,142.474,77557
2023-08-08 00:00:00,142.468,143.493,142.4,143.382,100220
2023-08-09 00:00:00,143.373,143.748,143.0,143.724,80951
2023-08-10 00:00:00,143.671,144.817,143.272,144.751,86474
2023-08-11 00:00:00,144.661,145.004,144.368,144.942,68443
2023-08-14 00:00:00,144.815,145.578,144.653,145.543,73212
2023-08-15 00:00:00,145.541,145.866,145.107,145.576,84686
2023-08-16 00:00:00,145.536,146.406,145.306,146.349,81395
2023-08-17 00:00:00,146.265,146.56,145.618,145.847,70859
2023-08-18 00:00:00,145.772,145.868,144.928,145.379,77609
2023-08-21 00:00:00,145.292,146.403,145.146,146.229,72142
2023-08-22 00:00:00,146.169,146.399,145.496,145.883,70611
2023-08-23 00:00:00,145.788,145.878,144.541,144.849,83985
2023-08-24 00:00:00,144.792,145.959,144.601,145.845,81087
2023-08-25 00:00:00,145.793,146.633,145.726,146.447,83862
2023-08-28 00:00:00,146.401,146.747,146.274,146.541,60285
2023-08-29 00:00:00,146.509,147.377,145.669,145.884,78657
2023-08-30 00:00:00,145.88,146.537,145.557,146.253,84321
2023-08-31 00:00:00,146.162,146.227,145.348,145.531,78277
2023-09-01 00:00:00,145.401,146.295,144.442,146.26,80391
2023-09-04 00:00:00,146.067,146.497,146.024,146.486,41762
2023-09-05 00:00:00,146.316,147.803,146.316,147.722,71862
2023-09-06 00:00:00,147.614,147.82,147.018,147.67,75324
2023-09-07 00:00:00,147.609,147.873,147.043,147.289,67175
2023-09-08 00:00:00,147.229,147.872,146.588,147.798,75729
2023-09-11 00:00:00,146.993,147.272,145.901,146.584,105507
2023-09-12 00:00:00,146.522,147.234,146.435,147.08,81383
2023-09-13 00:00:00,147.052,147.742,147.015,147.469,91552
2023-09-14 00:00:00,147.352,147.564,147.018,147.463,81553
2023-09-15 00:00:00,147.466,147.952,147.338,147.832,78173
2023-09-18 00:00:00,147.703,147.879,147.559,147.6,48076
2023-09-19 00:00:00,147.568,147.924,147.508,147.871,62450
2023-09-20 00:00:00,147.808,148.363,147.476,148.347,80165
2023-09-21 00:00:00,148.165,148.464,147.323,147.559,81396
2023-09-22 00:00:00,147.511,148.418,147.509,148.361,82614
2023-09-25 00:00:00,148.248,148.963,148.21,148.888,65681
2023-09-26 00:00:00,148.87,149.187,148.704,149.064,77323
2023-09-27 00:00:00,148.999,149.709,148.864,149.642,81869
2023-09-28 00:00:00,149.43,149.571,149.147,149.299,89015
2023-09-29 00:00:00,149.209,149.509,148.53,149.356,91375
2023-10-02 00:00:00,149.58,149.877,149.391,149.861,79391
2023-10-03 00:00:00,149.843,150.159,147.251,149.054,91044
2023-10-04 00:00:00,148.955,149.318,148.735,149.121,104815
2023-10-05 00:00:00,149.121,149.121,148.261,148.501,107610
2023-10-06 00:00:00,148.43,149.537,148.341,149.287,100500
2023-10-09 00:00:00,149.08,149.243,148.434,148.51,78033
2023-10-10 00:00:00,148.465,149.098,148.163,148.708,103217
2023-10-11 00:00:00,148.698,149.326,148.424,149.17,99070
2023-10-12 00:00:00,149.108,149.829,148.956,149.809,94268
2023-10-13 00:00:00,149.77,149.828,149.455,149.585,88878
2023-10-16 00:00:00,149.345,149.764,149.321,149.518,71545
2023-10-17 00:00:00,149.508,149.851,148.721,149.803,80000
2023-10-18 00:00:00,149.78,149.938,149.484,149.922,75726
2023-10-19 00:00:00,149.868,149.965,149.666,149.788,90456
2023-10-20 00:00:00,149.703,149.994,149.643,149.856,73113
2023-10-23 00:00:00,149.816,149.992,149.556,149.709,63037
2023-10-24 00:00:00,149.656,149.929,149.322,149.905,75919
2023-10-25 00:00:00,149.836,150.318,149.795,150.218,61933
2023-10-26 00:00:00,150.148,150.777,149.825,150.4,89868
2023-10-27 00:00:00,150.372,150.414,149.461,149.639,78296
2023-10-30 00:00:00,149.466,149.856,148.805,149.051,70613
2023-10-31 00:00:00,149.018,151.714,149.012,151.683,103199
2023-11-01 00:00:00,151.531,151.673,150.662,150.947,96252
2023-11-02 00:00:00,150.948,150.948,149.847,150.46,93056
2023-11-03 00:00:00,150.402,150.521,149.191,149.389,84691
2023-11-06 00:00:00,149.32,150.081,149.32,150.075,76879
2023-11-07 00:00:00,150.019,150.694,149.925,150.424,77252
2023-11-08 00:00:00,150.283,151.059,150.28,150.973,78766
2023-11-09 00:00:00,150.873,151.387,150.77,151.344,88876
2023-11-10 00:00:00,151.276,151.605,151.222,151.519,72113
2023-11-13 00:00:00,151.374,151.908,151.205,151.719,66058
2023-11-14 00:00:00,151.703,151.791,150.155,150.383,82946
2023-11-15 00:00:00,150.382,151.421,150.048,151.391,92865
2023-11-16 00:00:00,151.294,151.431,150.286,150.732,84080
2023-11-17 00:00:00,150.536,150.777,149.198,149.641,98242
2023-11-20 00:00:00,149.593,149.989,148.101,148.392,113458
2023-11-21 00:00:00,148.271,148.598,147.15,148.396,116712
2023-11-22 00:00:00,148.289,149.75,148.019,149.536,110250
2023-11-23 00:00:00,149.499,149.691,148.889,149.567,72805
2023-11-24 00:00:00,149.49,149.711,149.197,149.407,84638
2023-11-27 00:00:00,149.408,149.675,148.543,148.68,125176
2023-11-28 00:00:00,148.569,148.832,147.323,147.465,147322
2023-11-29 00:00:00,147.4,147.91,146.67,147.227,172739
2023-11-30 00:00:00,147.142,148.52,146.842,148.216,162259
2023-12-01 00:00:00,148.141,148.347,146.659,146.835,161195
2023-12-04 00:00:00,146.713,147.452,146.225,147.216,167246
2023-12-05 00:00:00,147.104,147.389,146.558,147.148,154721
2023-12-06 00:00:00,147.09,147.501,146.896,147.301,130510
2023-12-07 00:00:00,147.2,147.298,141.605,144.138,218679
2023-12-08 00:00:00,144.08,145.222,142.49,144.992,232205
2023-12-11 00:00:00,144.88,146.589,144.81,146.158,167998
2023-12-12 00:00:00,146.059,146.179,144.731,145.465,155347
2023-12-13 00:00:00,145.453,145.994,142.63,142.896,187150
2023-12-14 00:00:00,142.76,142.914,140.952,141.88,263411
2023-12-15 00:00:00,141.8,142.467,141.428,142.169,200942
2023-12-18 00:00:00,142.033,143.159,142.025,142.795,137626
2023-12-19 00:00:00,142.687,144.955,142.246,143.836,174462
2023-12-20 00:00:00,143.667,144.102,143.261,143.559,151978
2023-12-21 00:00:00,143.42,143.57,142.044,142.118,161809
2023-12-22 00:00:00,142.041,142.663,141.863,142.484,141111
2023-12-26 00:00:00,142.221,142.634,142.089,142.358,64008
2023-12-27 00:00:00,142.353,142.836,141.55,141.832,96258
2023-12-28 00:00:00,141.689,141.707,140.251,141.408,131699
2023-12-29 00:00:00,141.333,141.917,140.799,141.048,125306
2024-01-02 00:00:00,140.834,142.215,140.809,141.986,142132
2024-01-03 00:00:00,141.812,143.733,141.789,143.292,164457
2024-01-04 00:00:00,143.166,144.851,142.853,144.627,160208
2024-01-05 00:00:00,144.524,145.981,143.807,144.627,178211
2024-01-08 00:00:00,144.473,144.922,143.661,144.238,144678
2024-01-09 00:00:00,144.201,144.627,143.423,144.48,153938
2024-01-10 00:00:00,144.391,145.834,144.316,145.764,132451
2024-01-11 00:00:00,145.601,146.416,144.987,145.286,182791
2024-01-12 00:00:00,145.256,145.568,144.35,144.893,156732
2024-01-15 00:00:00,144.875,145.941,144.806,145.762,98200
2024-01-16 00:00:00,145.655,147.314,145.584,147.182,173983
2024-01-17 00:00:00,147.168,148.528,147.045,148.153,168643
2024-01-18 00:00:00,148.084,148.301,147.656,148.158,156273
2024-01-19 00:00:00,148.081,148.805,147.84,148.148,147132
2024-01-22 00:00:00,148.204,148.305,147.618,148.117,140820
2024-01-23 00:00:00,147.94,148.697,146.977,148.371,162028
2024-01-24 00:00:00,148.274,148.387,146.652,147.513,161252
2024-01-25 00:00:00,147.383,147.951,147.084,147.662,167774
2024-01-26 00:00:00,147.539,148.209,147.385,148.122,144743
2024-01-29 00:00:00,148.089,148.336,147.254,147.494,130058
2024-01-30 00:00:00,147.323,147.929,147.097,147.595,141758
2024-01-31 00:00:00,147.533,147.897,146.008,146.965,219836
2024-02-01 00:00:00,146.847,147.117,145.896,146.423,215109
2024-02-02 00:00:00,146.422,148.584,146.242,148.385,165855
2024-02-05 00:00:00,148.365,148.894,148.266,148.679,155682
2024-02-06 00:00:00,148.629,148.789,147.818,147.944,152048
2024-02-07 00:00:00,147.895,148.259,147.622,148.176,152289
2024-02-08 00:00:00,148.094,149.479,147.929,149.318,156216
2024-02-09 00:00:00,149.263,149.576,149.005,149.265,147607
2024-02-12 00:00:00,149.209,149.479,148.928,149.353,115577
2024-02-13 00:00:00,149.287,150.885,149.167,150.797,149028
2024-02-14 00:00:00,150.776,150.78,150.344,150.591,142298
2024-02-15 00:00:00,150.502,150.567,149.505,149.932,149529
2024-02-16 00:00:00,149.881,150.646,149.826,150.176,138180
2024-02-19 00:00:00,150.073,150.192,149.874,150.125,88143
2024-02-20 00:00:00,150.134,150.44,149.684,149.993,143942
2024-02-21 00:00:00,149.931,150.393,149.852,150.284,125050
2024-02-22 00:00:00,150.27,150.687,150.015,150.535,145061
2024-02-23 00:00:00,150.519,150.768,150.291,150.535,107480
2024-02-26 00:00:00,150.466,150.839,150.291,150.708,117288
2024-02-27 00:00:00,150.629,150.706,150.072,150.52,108554
2024-02-28 00:00:00,150.482,150.844,150.371,150.7,115095
2024-02-29 00:00:00,150.631,150.662,149.206,150.0,139070
2024-03-01 00:00:00,149.914,150.72,149.902,150.126,135419
2024-03-04 00:00:00,150.0,150.569,149.837,150.52,87970
2024-03-05 00:00:00,150.485,150.546,149.704,150.058,107780
2024-03-06 00:00:00,150.014,150.085,149.093,149.401,78388
2024-03-07 00:00:00,149.305,149.361,147.584,148.027,96223
2024-03-08 00:00:00,147.96,148.116,146.481,147.083,91881
2024-03-11 00:00:00,146.971,147.147,146.485,146.948,69238
2024-03-12 00:00:00,146.788,148.142,146.619,147.662,80673
2024-03-13 00:00:00,147.625,148.047,147.233,147.753,77871
2024-03-14 00:00:00,147.542,148.359,147.43,148.306,91725
2024-03-15 00:00:00,148.297,149.164,148.03,149.059,89041
2024-03-18 00:00:00,148.946,149.332,148.91,149.154,84233
2024-03-19 00:00:00,149.084,150.961,148.985,150.85,93510
2024-03-20 00:00:00,150.815,151.817,150.716,151.241,96499
2024-03-21 00:00:00,151.247,151.753,150.262,151.633,108824
2024-03-22 00:00:00,151.587,151.863,151.003,151.409,103385
2024-03-25 00:00:00,151.267,151.544,151.052,151.413,72090
2024-03-26 00:00:00,151.409,151.601,151.206,151.553,80076
2024-03-27 00:00:00,151.515,151.971,151.026,151.32,89214
2024-03-28 00:00:00,151.254,151.545,151.15,151.374,87909
2024-03-29 00:00:00,151.364,151.501,151.171,151.315,49811
2024-04-01 00:00:00,151.206,151.773,151.206,151.648,67826
2024-04-02 00:00:00,151.607,151.801,151.461,151.546,84312
2024-04-03 00:00:00,151.528,151.954,151.441,151.692,74332
2024-04-04 00:00:00,151.621,151.77,151.12,151.342,79696
2024-04-05 00:00:00,151.296,151.75,150.811,151.627,87064
2024-04-08 00:00:00,151.554,151.941,151.542,151.837,72418
2024-04-09 00:00:00,151.741,151.936,151.571,151.771,68333
2024-04-10 00:00:00,151.697,153.239,151.65,153.143,84386
2024-04-11 00:00:00,153.084,153.319,152.758,153.268,100966
2024-04-12 00:00:00,153.215,153.383,152.589,153.287,96381
2024-04-15 00:00:00,153.005,154.444,152.936,154.266,94355
2024-04-16 00:00:00,154.26,154.787,153.909,154.723,88343
2024-04-17 00:00:00,154.624,154.733,154.158,154.371,78819
2024-04-18 00:00:00,154.285,154.68,153.955,154.649,71499
2024-04-19 00:00:00,154.623,154.675,153.591,154.642,86788
2024-04-22 00:00:00,154.492,154.849,154.365,154.83,52110
2024-04-23 00:00:00,154.82,154.874,154.551,154.828,70843
2024-04-24 00:00:00,154.759,155.375,154.73,155.34,62116
2024-04-25 00:00:00,155.256,155.748,155.193,155.642,82426
2024-04-26 00:00:00,155.579,158.44,154.967,158.289,95317
2024-04-29 00:00:00,157.82,160.215,154.521,156.324,175685
2024-04-30 00:00:00,156.297,157.847,156.057,157.811,87357
2024-05-01 00:00:00,157.759,157.987,152.997,154.396,93114
2024-05-02 00:00:00,154.425,156.287,153.056,153.633,135619
2024-05-03 00:00:00,153.575,153.739,151.861,152.865,115130
2024-05-06 00:00:00,152.913,154.008,152.753,153.893,109702
2024-05-07 00:00:00,153.88,154.748,153.845,154.688,107854
2024-05-08 00:00:00,154.454,155.684,154.453,155.505,107414
2024-05-09 00:00:00,155.505,155.952,155.156,155.463,102998
2024-05-10 00:00:00,155.422,155.904,155.263,155.793,96880
2024-05-13 00:00:00,155.629,156.252,155.503,156.215,88043
2024-05-14 00:00:00,156.156,156.773,156.091,156.431,83860
2024-05-15 00:00:00,156.399,156.562,154.691,154.895,123254
2024-05-16 00:00:00,154.845,155.538,153.599,155.393,139124
2024-05-17 00:00:00,155.359,155.978,155.24,155.704,95936
2024-05-20 00:00:00,155.541,156.302,155.493,156.274,91743
2024-05-21 00:00:00,156.231,156.547,155.841,156.186,90414
2024-05-22 00:00:00,156.119,156.842,156.095,156.813,92016
2024-05-23 00:00:00,156.712,157.195,156.528,156.939,107489
2024-05-24 00:00:00,156.886,157.146,156.821,156.967,84585
2024-05-27 00:00:00,156.868,156.969,156.662,156.915,52364
2024-05-28 00:00:00,156.807,157.2,156.58,157.192,84425
2024-05-29 00:00:00,157.101,157.71,156.896,157.667,93663
2024-05-30 00:00:00,157.577,157.673,156.369,156.809,122432
2024-05-31 00:00:00,156.764,157.364,156.557,157.265,125959
2024-06-03 00:00:00,157.098,157.477,155.945,156.073,123959
2024-06-04 00:00:00,156.028,156.486,154.535,154.894,149506
2024-06-05 00:00:00,154.807,156.483,154.767,156.113,128721
2024-06-06 00:00:00,156.045,156.446,155.337,155.615,127273
2024-06-07 00:00:00,155.511,157.074,155.12,156.756,133626
2024-06-10 00:00:00,156.679,157.195,156.547,157.033,111797
2024-06-11 00:00:00,156.993,157.403,156.805,157.137,113377
2024-06-12 00:00:00,157.05,157.371,155.718,156.724,136279
2024-06-13 00:00:00,156.694,157.31,156.574,157.007,166788
2024-06-14 00:00:00,156.937,158.258,156.798,157.39,159204
2024-06-17 00:00:00,157.276,157.961,157.156,157.718,110874
2024-06-18 00:00:00,157.702,158.229,157.516,157.85,100811
2024-06-19 00:00:00,157.802,158.102,157.604,158.083,51980
2024-06-20 00:00:00,157.986,158.936,157.922,158.922,72051
2024-06-21 00:00:00,158.909,159.821,158.668,159.819,81181
2024-06-24 00:00:00,159.673,159.928,158.748,159.618,85152
2024-06-25 00:00:00,159.512,159.758,159.187,159.663,80384
2024-06-26 00:00:00,159.646,160.871,159.61,160.809,87420
2024-06-27 00:00:00,160.772,160.823,160.28,160.77,82300
2024-06-28 00:00:00,160.7,161.278,160.262,160.888,102110
2024-07-01 00:00:00,160.683,161.728,160.682,161.45,86436
2024-07-02 00:00:00,161.377,161.745,161.268,161.465,74852
2024-07-03 00:00:00,161.399,161.95,160.764,161.702,79980
2024-07-04 00:00:00,161.652,161.672,160.946,161.256,59407
2024-07-05 00:00:00,161.214,161.398,160.319,160.802,122988
2024-07-08 00:00:00,160.683,161.121,160.261,160.835,110820
2024-07-09 00:00:00,160.78,161.519,160.73,161.302,99608
2024-07-10 00:00:00,161.259,161.808,161.239,161.691,86246
2024-07-11 00:00:00,161.632,161.761,157.425,158.892,127077
2024-07-12 00:00:00,158.772,159.45,157.357,157.882,166565
2024-07-15 00:00:00,158.082,158.426,157.149,158.075,114533
2024-07-16 00:00:00,158.012,158.859,157.973,158.404,87723
2024-07-17 00:00:00,158.334,158.622,156.059,156.184,122402
2024-07-18 00:00:00,156.163,157.401,155.372,157.365,124081
2024-07-19 00:00:00,157.341,157.862,156.957,157.517,102254
2024-07-22 00:00:00,157.395,157.613,156.282,157.061,102822
2024-07-23 00:00:00,157.003,157.101,155.562,155.595,112764
2024-07-24 00:00:00,155.557,155.991,153.107,153.895,128917
2024-07-25 00:00:00,153.838,154.317,151.939,153.942,152519
2024-07-26 00:00:00,153.902,154.737,153.085,153.76,126268
2024-07-29 00:00:00,153.655,154.353,153.015,154.03,130119
2024-07-30 00:00:00,153.942,155.218,152.647,152.757,130055
2024-07-31 00:00:00,152.738,153.9,149.608,149.969,183467
2024-08-01 00:00:00,149.952,150.889,148.51,149.35,154535
2024-08-02 00:00:00,149.332,149.776,146.418,146.573,123023
2024-08-05 00:00:00,146.524,146.562,141.681,144.169,162476
2024-08-06 00:00:00,144.122,146.37,143.623,144.359,133250
2024-08-07 00:00:00,144.281,147.903,144.254,146.711,126784
2024-08-08 00:00:00,146.65,147.543,145.432,147.279,128327
2024-08-09 00:00:00,147.279,147.815,146.274,146.656,111530
2024-08-12 00:00:00,146.647,148.224,146.557,147.2,87093
2024-08-13 00:00:00,147.192,147.95,146.596,146.847,105053
2024-08-14 00:00:00,146.794,147.576,146.075,147.317,109567
2024-08-15 00:00:00,147.25,149.385,147.054,149.286,95742
2024-08-16 00:00:00,149.257,149.336,147.572,147.603,98027
2024-08-19 00:00:00,147.54,148.052,145.186,146.603,110013
2024-08-20 00:00:00,146.557,147.343,145.198,145.264,108877
2024-08-21 00:00:00,145.202,146.863,144.452,145.278,120425
2024-08-22 00:00:00,145.278,146.526,144.846,146.303,106775
2024-08-23 00:00:00,146.272,146.48,144.045,144.372,109811
2024-08-26 00:00:00,144.252,144.653,143.446,144.52,109725
2024-08-27 00:00:00,144.507,145.175,143.916,143.951,98575
2024-08-28 00:00:00,143.924,145.041,143.685,144.583,104857
2024-08-29 00:00:00,144.512,145.554,144.219,144.979,108904
2024-08-30 00:00:00,144.935,146.249,144.649,146.202,92700
2024-09-02 00:00:00,146.03,147.18,145.774,146.904,74128
2024-09-03 00:00:00,146.843,147.21,145.103,145.468,106556
2024-09-04 00:00:00,145.45,145.559,143.71,143.728,114858
2024-09-05 00:00:00,143.668,144.228,142.847,143.449,113371
2024-09-06 00:00:00,143.399,144.035,141.767,142.318,116758
2024-09-09 00:00:00,142.258,143.796,141.944,143.161,110902
2024-09-10 00:00:00,143.138,143.711,142.191,142.451,104057
2024-09-11 00:00:00,142.397,142.547,140.71,142.357,124520
2024-09-12 00:00:00,142.271,143.042,141.726,141.808,118810
2024-09-13 00:00:00,141.779,141.87,140.282,140.88,114695
2024-09-16 00:00:00,140.758,140.91,139.576,140.607,101288
2024-09-17 00:00:00,140.591,142.47,140.323,142.398,105727
2024-09-18 00:00:00,142.366,142.713,140.438,142.278,109035
2024-09-19 00:00:00,142.244,143.944,141.88,142.63,126667
2024-09-20 00:00:00,142.607,144.497,141.734,143.905,119041
2024-09-23 00:00:00,143.875,144.456,143.164,143.603,140857
2024-09-24 00:00:00,143.532,144.68,143.112,143.219,199743
2024-09-25 00:00:00,143.179,144.843,142.887,144.748,186554
2024-09-26 00:00:00,144.728,145.215,144.109,144.797,198745
2024-09-27 00:00:00,144.776,146.492,142.067,142.267,238816
2024-09-30 00:00:00,142.206,143.912,141.646,143.621,217864
2024-10-01 00:00:00,143.612,144.529,142.969,143.558,226166
2024-10-02 00:00:00,143.525,146.517,143.424,146.462,202484
2024-10-03 00:00:00,146.381,147.244,146.284,146.958,205859
2024-10-04 00:00:00,146.838,149.003,145.918,148.648,149885
2024-10-07 00:00:00,148.69,149.13,147.836,148.179,145374
2024-10-08 00:00:00,148.112,148.379,147.344,148.194,138470
2024-10-09 00:00:00,148.181,149.363,148.012,149.312,111370
2024-10-10 00:00:00,149.226,149.555,148.242,148.576,129056
2024-10-11 00:00:00,148.541,149.285,148.399,149.138,97643
2024-10-14 00:00:00,149.016,149.98,149.016,149.752,79652
2024-10-15 00:00:00,149.694,149.837,148.848,149.214,112514
2024-10-16 00:00:00,149.272,149.807,148.856,149.644,103081
2024-10-17 00:00:00,149.597,150.323,149.242,150.225,105244
2024-10-18 00:00:00,150.16,150.283,149.364,149.519,97307
2024-10-21 00:00:00,149.464,150.884,149.09,150.841,102700
2024-10-22 00:00:00,150.748,151.197,150.492,151.085,112835
2024-10-23 00:00:00,151.027,153.188,150.986,152.762,122027
2024-10-24 00:00:00,152.683,152.829,151.553,151.821,125617
2024-10-25 00:00:00,151.84,152.379,151.448,152.329,111486
2024-10-28 00:00:00,153.189,153.881,152.407,153.295,122436
2024-10-29 00:00:00,153.236,153.867,152.756,153.368,116783
2024-10-30 00:00:00,153.327,153.495,152.779,153.407,119390
2024-10-31 00:00:00,153.335,153.616,151.832,152.03,143567
2024-11-01 00:00:00,151.985,153.094,151.788,152.983,127147
2024-11-04 00:00:00,152.278,152.558,151.534,152.127,121006
2024-11-05 00:00:00,152.087,152.546,151.336,151.616,101513
2024-11-06 00:00:00,151.556,154.7,151.278,154.628,194182
2024-11-07 00:00:00,154.57,154.714,152.689,152.901,142105
2024-11-08 00:00:00,152.908,153.371,152.134,152.617,127862
2024-11-11 00:00:00,152.648,153.953,152.605,153.725,93248
2024-11-12 00:00:00,153.688,154.924,153.41,154.626,113021
2024-11-13 00:00:00,154.567,155.628,154.329,155.47,120422
2024-11-14 00:00:00,155.383,156.418,155.329,156.273,119184
2024-11-15 00:00:00,156.246,156.748,153.861,154.44,134536
2024-11-18 00:00:00,154.306,155.356,153.839,154.681,136592
2024-11-19 00:00:00,154.622,154.8,153.275,154.653,134931
2024-11-20 00:00:00,154.641,155.887,154.523,155.421,110010
2024-11-21 00:00:00,155.389,155.399,153.906,154.538,135289
2024-11-22 00:00:00,154.476,155.025,153.969,154.785,130815
2024-11-25 00:00:00,154.156,154.724,153.549,154.169,134940
2024-11-26 00:00:00,154.222,154.488,152.988,153.106,133513
2024-11-27 00:00:00,153.026,153.235,150.457,151.1,133441
2024-11-28 00:00:00,150.983,151.95,150.895,151.543,83504
2024-11-29 00:00:00,151.534,151.539,149.463,149.673,139418
2024-12-02 00:00:00,149.614,150.752,149.078,149.582,139253
2024-12-03 00:00:00,149.577,150.239,148.643,149.586,123962
2024-12-04 00:00:00,149.587,151.229,149.521,150.623,129256
2024-12-05 00:00:00,150.541,150.778,149.654,150.093,114009
2024-12-06 00:00:00,150.042,150.7,149.361,150.056,109691
2024-12-09 00:00:00,149.962,151.352,149.69,151.22,94598
2024-12-10 00:00:00,151.175,152.184,150.895,151.968,99786
2024-12-11 00:00:00,151.911,152.862,151.008,152.464,109890
2024-12-12 00:00:00,152.388,152.775,151.799,152.647,111589
2024-12-13 00:00:00,152.614,153.8,152.456,153.67,90241
2024-12-16 00:00:00,153.6,154.479,153.322,154.154,75814
2024-12-17 00:00:00,154.093,154.345,153.159,153.468,89448
2024-12-18 00:00:00,153.405,154.865,153.332,154.827,92266
2024-12-19 00:00:00,154.768,157.808,154.433,157.421,125953
2024-12-20 00:00:00,157.371,157.925,155.955,156.453,116300
2024-12-23 00:00:00,156.334,157.271,156.318,157.164,76180
2024-12-24 00:00:00,157.089,157.396,156.892,157.301,49424
2024-12-26 00:00:00,157.195,158.085,157.073,158.017,57314
2024-12-27 00:00:00,157.894,157.949,157.35,157.862,70279
2024-12-30 00:00:00,157.716,158.072,156.67,156.853,68152
2024-12-31 00:00:00,156.838,157.547,156.023,157.297,71001
2025-01-02 00:00:00,157.153,157.851,156.439,157.522,91238
2025-01-03 00:00:00,157.428,157.567,156.874,157.313,69204
2025-01-06 00:00:00,157.154,157.963,156.237,157.64,95196
2025-01-07 00:00:00,157.522,158.426,157.37,158.059,95974
2025-01-08 00:00:00,158.011,158.551,157.902,158.351,89141
2025-01-09 00:00:00,158.315,158.398,157.576,158.113,66053
2025-01-10 00:00:00,158.073,158.879,157.227,157.751,95254
2025-01-13 00:00:00,157.739,157.968,156.913,157.466,92001
2025-01-14 00:00:00,157.453,158.198,157.067,157.983,98184
2025-01-15 00:00:00,157.915,158.086,155.937,156.463,96186
2025-01-16 00:00:00,156.373,156.529,155.1,155.116,104742
2025-01-17 00:00:00,155.123,156.375,154.977,156.271,109463
2025-01-20 00:00:00,156.214,156.584,155.413,155.635,144087
2025-01-21 00:00:00,155.564,156.236,154.77,155.497,183803
2025-01-22 00:00:00,155.455,156.711,155.353,156.522,146945
2025-01-23 00:00:00,156.458,156.755,155.743,156.066,150771
2025-01-24 00:00:00,156.054,156.581,154.844,155.939,197714
2025-01-27 00:00:00,155.698,156.249,153.713,154.508,226416
2025-01-28 00:00:00,154.459,155.981,154.457,155.526,178452
2025-01-29 00:00:00,155.494,155.792,154.94,155.245,170025
2025-01-30 00:00:00,155.157,155.244,153.787,154.269,191812
2025-01-31 00:00:00,154.222,155.221,153.914,155.187,195004
2025-02-03 00:00:00,154.759,155.884,154.009,154.775,269472
2025-02-04 00:00:00,154.702,155.527,154.172,154.339,189563
2025-02-05 00:00:00,154.332,154.461,152.108,152.589,216711
2025-02-06 00:00:00,152.564,152.897,151.236,151.455,195314
2025-02-07 00:00:00,151.384,152.429,150.93,151.441,221126
2025-02-10 00:00:00,151.308,152.538,151.184,151.992,164844
2025-02-11 00:00:00,151.944,152.607,151.647,152.493,156275
2025-02-12 00:00:00,152.428,154.802,152.361,154.402,199958
2025-02-13 00:00:00,154.369,154.671,152.699,152.802,198440
2025-02-14 00:00:00,152.785,153.155,152.022,152.349,167362
2025-02-17 00:00:00,152.205,152.392,151.338,151.503,140414
2025-02-18 00:00:00,151.434,152.224,151.227,152.066,164431
2025-02-19 00:00:00,151.991,152.315,151.244,151.472,183248
2025-02-20 00:00:00,151.439,151.439,149.394,149.617,218684
2025-02-21 00:00:00,149.608,150.736,148.923,149.329,229786
2025-02-24 00:00:00,149.252,149.876,148.845,149.709,245108
2025-02-25 00:00:00,149.657,150.303,148.559,149.023,270821
2025-02-26 00:00:00,148.972,149.887,148.618,149.084,260011
2025-02-27 00:00:00,149.003,150.164,148.742,149.792,276162
2025-02-28 00:00:00,149.796,150.99,149.1,150.575,285444
2025-03-03 00:00:00,150.696,151.304,149.095,149.502,299235
2025-03-04 00:00:00,149.502,149.88,148.092,149.794,384781
2025-03-05 00:00:00,149.7,150.187,148.386,148.883,339074
2025-03-06 00:00:00,148.855,149.333,147.309,147.977,347812
2025-03-07 00:00:00,147.946,148.203,146.939,148.018,334456
2025-03-10 00:00:00,147.956,147.956,146.632,147.263,289513
2025-03-11 00:00:00,147.267,148.119,146.541,147.769,339164
2025-03-12 00:00:00,147.772,149.197,147.622,148.256,245787
2025-03-13 00:00:00,148.198,148.374,147.411,147.807,248982
2025-03-14 00:00:00,147.783,149.021,147.715,148.6,205903
2025-03-17 00:00:00,148.769,149.285,148.233,149.212,202494
2025-03-18 00:00:00,149.165,149.937,149.098,149.271,181862
2025-03-19 00:00:00,149.246,150.148,148.603,148.691,188985
2025-03-20 00:00:00,148.691,148.963,148.175,148.779,177410
2025-03-21 00:00:00,148.775,149.665,148.582,149.32,176050
2025-03-24 00:00:00,149.344,150.759,149.335,150.7,162554
2025-03-25 00:00:00,150.625,150.945,149.548,149.901,146743
2025-03-26 00:00:00,149.886,150.747,149.836,150.596,166692
2025-03-27 00:00:00,150.525,151.159,150.059,151.036,187303
2025-03-28 00:00:00,151.042,151.21,149.684,149.859,192478
2025-03-31 00:00:00,149.755,150.269,148.698,149.959,254184
2025-04-01 00:00:00,149.924,150.144,148.977,149.615,228789
2025-04-02 00:00:00,149.555,150.487,149.101,149.271,223306
2025-04-03 00:00:00,149.22,149.252,145.185,146.051,397121
2025-04-04 00:00:00,146.018,147.437,144.547,146.893,481212
2025-04-07 00:00:00,145.521,148.151,144.817,147.848,573706
2025-04-08 00:00:00,147.799,148.121,145.963,146.271,412105
2025-04-09 00:00:00,146.211,148.279,143.995,147.71,495163
2025-04-10 00:00:00,147.587,147.738,144.009,144.446,454373
2025-04-11 00:00:00,144.481,144.582,142.051,143.563,426767
2025-04-14 00:00:00,143.892,144.082,142.229,143.011,336575
2025-04-15 00:00:00,142.996,143.595,142.596,143.251,226709
2025-04-16 00:00:00,143.175,143.282,141.639,141.851,271612
2025-04-17 00:00:00,141.834,143.088,141.611,142.463,243567
2025-04-18 00:00:00,142.374,142.472,142.114,142.171,318222
2025-04-21 00:00:00,142.076,142.114,140.463,140.857,228940
2025-04-22 00:00:00,140.807,141.671,139.885,141.599,228690
2025-04-23 00:00:00,141.53,143.574,141.431,143.444,289155
2025-04-24 00:00:00,143.405,143.405,142.275,142.625,196665
2025-04-25 00:00:00,142.594,144.032,142.556,143.737,190252
2025-04-28 00:00:00,143.567,143.898,141.982,142.017,180767
2025-04-29 00:00:00,141.978,142.758,141.964,142.362,175424
2025-04-30 00:00:00,142.266,143.191,142.162,143.054,188606
2025-05-01 00:00:00,142.96,145.737,142.879,145.397,169735
2025-05-02 00:00:00,145.408,145.924,143.722,144.857,217070
2025-05-05 00:00:00,144.666,144.995,143.536,143.691,158165
2025-05-06 00:00:00,143.664,144.277,142.352,142.404,166511
2025-05-07 00:00:00,142.404,143.997,142.404,143.818,202519
2025-05-08 00:00:00,143.754,146.179,143.435,145.91,212218
2025-05-09 00:00:00,145.847,146.19,144.821,145.374,159079
2025-05-12 00:00:00,146.217,148.653,145.7,148.453,243803
2025-05-13 00:00:00,148.417,148.459,147.368,147.474,193495
2025-05-14 00:00:00,147.433,147.673,145.597,146.747,212312
2025-05-15 00:00:00,146.681,146.754,145.407,145.691,185090
2025-05-16 00:00:00,145.598,146.103,144.918,145.631,152339
2025-05-19 00:00:00,145.228,145.464,144.659,144.847,183786
2025-05-20 00:00:00,144.827,145.515,144.09,144.497,177255
2025-05-21 00:00:00,144.501,144.544,143.282,143.665,204700
2025-05-22 00:00:00,143.635,144.4,142.796,144.014,213596
2025-05-23 00:00:00,143.98,144.065,142.419,142.57,198122
2025-05-26 00:00:00,142.462,143.081,142.219,142.839,108322
2025-05-27 00:00:00,142.8,144.457,142.104,144.351,173264
2025-05-28 00:00:00,144.268,145.081,143.851,144.862,175106
2025-05-29 00:00:00,144.807,146.291,143.956,144.178,220142
2025-05-30 00:00:00,144.143,144.447,143.438,144.048,206558
2025-06-02 00:00:00,143.814,143.987,142.526,142.694,191923
2025-06-03 00:00:00,142.67,144.11,142.376,143.986,162756
2025-06-04 00:00:00,143.941,144.396,142.603,142.731,172684
2025-06-05 00:00:00,142.741,143.978,142.528,143.581,199014
2025-06-06 00:00:00,143.453,145.089,143.383,144.861,176935
2025-06-09 00:00:00,144.833,144.95,143.972,144.601,132229
2025-06-10 00:00:00,144.529,145.291,144.4,144.894,157363
2025-06-11 00:00:00,144.841,145.465,144.32,144.593,171995
2025-06-12 00:00:00,144.484,144.547,143.182,143.495,191800
2025-06-13 00:00:00,143.473,144.482,142.792,144.128,228314
2025-06-16 00:00:00,143.982,144.877,143.649,144.779,186921
2025-06-17 00:00:00,144.704,145.381,144.382,145.284,195937
2025-06-18 00:00:00,145.236,145.443,144.326,145.11,181519
2025-06-19 00:00:00,145.073,145.772,144.733,145.456,138794
2025-06-20 00:00:00,145.428,146.217,145.119,146.092,157945
2025-06-23 00:00:00,146.654,148.033,146.009,146.145,228721
2025-06-24 00:00:00,146.095,146.177,144.514,144.906,197727
2025-06-25 00:00:00,144.91,145.953,144.606,145.252,154011
2025-06-26 00:00:00,145.176,145.265,143.752,144.381,189097
2025-06-27 00:00:00,144.374,144.95,144.171,144.664,177560
2025-06-30 00:00:00,144.317,144.765,143.769,144.021,180866
2025-07-01 00:00:00,143.98,144.031,142.684,143.403,182839
2025-07-02 00:00:00,143.386,144.248,143.32,143.656,171535
2025-07-03 00:00:00,143.616,145.234,143.444,144.917,156251
2025-07-04 00:00:00,144.902,144.97,144.182,144.554,127032
2025-07-07 00:00:00,144.393,146.243,144.223,146.067,163471
2025-07-08 00:00:00,146.022,146.977,145.831,146.565,166986
2025-07-09 00:00:00,146.537,147.182,146.242,146.3,148667
2025-07-10 00:00:00,146.311,146.788,145.753,146.242,142389
2025-07-11 00:00:00,146.251,147.52,146.135,147.418,162631
2025-07-14 00:00:00,147.183,147.779,146.849,147.731,154857
2025-07-15 00:00:00,147.714,149.018,147.548,148.836,153801
2025-07-16 00:00:00,148.839,149.19,146.911,147.872,207170
2025-07-17 00:00:00,147.849,149.078,147.725,148.601,173068
2025-07-18 00:00:00,148.564,148.886,148.181,148.832,149416
2025-07-21 00:00:00,147.901,148.664,147.079,147.338,159847
2025-07-22 00:00:00,147.303,147.949,146.309,146.64,153992
2025-07-23 00:00:00,146.603,147.214,146.107,146.473,189608
2025-07-24 00:00:00,146.477,147.019,145.852,146.994,183463
2025-07-25 00:00:00,146.968,147.94,146.809,147.66,177005
2025-07-28 00:00:00,147.711,148.579,147.512,148.54,177788
2025-07-29 00:00:00,148.474,148.811,148.156,148.468,178864
2025-07-30 00:00:00,148.436,149.537,147.802,149.523,209870
2025-07-31 00:00:00,149.482,150.84,148.588,150.76,219283
2025-08-01 00:00:00,150.712,150.921,147.29,147.383,267751
2025-08-04 00:00:00,147.241,148.092,146.864,147.091,224080
2025-08-05 00:00:00,147.061,147.836,146.62,147.557,197131
2025-08-06 00:00:00,147.556,147.887,146.975,147.348,183236
2025-08-07 00:00:00,147.315,147.711,146.689,147.144,218706
2025-08-08 00:00:00,147.144,147.906,146.717,147.744,188740
2025-08-11 00:00:00,147.513,148.252,147.347,148.142,151667
2025-08-12 00:00:00,148.142,148.521,147.575,147.851,203782
2025-08-13 00:00:00,147.765,148.169,147.086,147.375,170056
2025-08-14 00:00:00,147.339,147.961,146.213,147.748,206555
2025-08-15 00:00:00,147.723,147.87,146.731,147.173,170982
2025-08-18 00:00:00,147.154,147.986,147.081,147.847,155869
2025-08-19 00:00:00,147.779,148.113,147.441,147.669,162722
2025-08-20 00:00:00,147.669,147.818,146.869,147.306,162699
2025-08-21 00:00:00,147.306,148.408,147.254,148.38,174535
2025-08-22 00:00:00,148.293,148.78,146.57,146.941,181002
2025-08-25 00:00:00,146.887,147.94,146.759,147.749,169318
2025-08-26 00:00:00,147.733,147.911,146.986,147.429,214726
2025-08-27 00:00:00,147.429,148.183,147.261,147.417,183137
2025-08-28 00:00:00,147.37,147.491,146.662,146.924,190704
2025-08-29 00:00:00,146.861,147.406,146.761,147.036,184713
2025-09-01 00:00:00,147.042,147.383,146.784,147.175,143665
2025-09-02 00:00:00,147.175,148.943,147.046,148.335,235380
2025-09-03 00:00:00,148.293,149.137,147.878,148.106,177660
2025-09-04 00:00:00,148.063,148.78,147.79,148.466,194224
2025-09-05 00:00:00,148.471,148.518,146.815,147.385,209066
2025-09-08 00:00:00,148.14,148.581,147.34,147.519,207346
2025-09-09 00:00:00,147.432,147.523,146.305,147.402,203485
2025-09-10 00:00:00,147.323,147.648,147.097,147.46,178950
2025-09-11 00:00:00,147.387,148.179,146.981,147.221,187694
2025-09-12 00:00:00,147.221,148.074,147.119,147.672,166924
2025-09-15 00:00:00,147.566,147.788,147.227,147.411,162513
2025-09-16 00:00:00,147.345,147.541,146.278,146.452,200563
2025-09-17 00:00:00,146.452,147.049,145.475,146.984,191347
2025-09-18 00:00:00,146.929,148.266,146.768,147.988,220726
2025-09-19 00:00:00,147.92,148.287,147.194,147.96,228325
2025-09-22 00:00:00,147.888,148.379,147.656,147.733,190289
2025-09-23 00:00:00,147.706,147.93,147.46,147.653,192794
2025-09-24 00:00:00,147.578,148.915,147.514,148.901,171095
2025-09-25 00:00:00,148.841,149.928,148.555,149.791,201688
2025-09-26 00:00:00,149.778,149.957,149.404,149.521,177954
2025-09-29 00:00:00,149.45,149.517,148.468,148.593,180355
2025-09-30 00:00:00,148.578,148.846,147.652,147.93,201891
2025-10-01 00:00:00,147.93,148.225,146.586,147.068,224355
2025-10-02 00:00:00,147.043,147.514,146.599,147.255,180196
2025-10-03 00:00:00,147.221,147.82,147.065,147.484,166205
2025-10-06 00:00:00,149.478,150.475,149.042,150.366,258466
2025-10-07 00:00:00,150.27,152.045,150.172,151.891,195776
2025-10-08 00:00:00,151.886,153.001,151.737,152.692,222288
2025-10-09 00:00:00,152.655,153.238,152.097,153.085,244032
2025-10-10 00:00:00,152.968,153.278,151.177,151.184,265998
2025-10-13 00:00:00,151.825,152.451,151.722,152.301,230586
2025-10-14 00:00:00,152.301,152.612,151.601,151.806,286239
2025-10-15 00:00:00,151.757,151.874,150.897,151.054,235011
2025-10-16 00:00:00,151.015,151.402,150.209,150.431,263571
2025-10-17 00:00:00,150.381,150.638,149.377,150.596,284236
2025-10-20 00:00:00,150.423,151.205,150.271,150.747,204120
2025-10-21 00:00:00,150.747,152.173,150.465,151.925,239770
2025-10-22 00:00:00,151.875,152.048,151.491,151.967,229639
2025-10-23 00:00:00,151.951,152.798,151.82,152.587,172109
2025-10-24 00:00:00,152.498,153.065,152.243,152.885,176068
2025-10-27 00:00:00,152.768,153.255,152.566,152.876,176845
2025-10-28 00:00:00,152.842,152.87,151.759,152.101,213296
2025-10-29 00:00:00,152.093,153.058,151.539,152.728,222476
2025-10-30 00:00:00,152.633,154.447,152.16,154.151,246790
2025-10-31 00:00:00,154.107,154.415,153.651,154.056,193595
2025-11-03 00:00:00,153.971,154.299,153.912,154.203,140523
2025-11-04 00:00:00,154.191,154.487,153.317,153.651,203246
2025-11-05 00:00:00,153.639,154.357,152.955,154.113,201468
2025-11-06 00:00:00,154.091,154.143,152.83,153.066,184197
2025-11-07 00:00:00,153.016,153.595,152.817,153.419,224848
2025-11-10 00:00:00,153.698,154.25,153.417,154.13,191580
2025-11-11 00:00:00,154.13,154.496,153.667,154.146,158250
2025-11-12 00:00:00,154.109,155.046,154.036,154.813,192564
2025-11-13 00:00:00,154.745,155.017,154.126,154.518,236890
2025-11-14 00:00:00,154.508,154.762,153.615,154.514,253530
2025-11-17 00:00:00,154.546,155.305,154.415,155.252,204988
2025-11-18 00:00:00,155.252,155.735,154.819,155.522,270499
2025-11-19 00:00:00,155.46,157.181,155.211,157.156,248207
2025-11-20 00:00:00,157.11,157.893,156.877,157.457,281513
2025-11-21 00:00:00,157.447,157.544,156.199,156.345,284680
2025-11-24 00:00:00,156.34,157.19,156.336,156.917,199621
2025-11-25 00:00:00,156.831,156.984,155.802,156.073,215919
2025-11-26 00:00:00,156.073,156.738,155.649,156.451,235380
2025-11-27 00:00:00,156.452,156.452,155.718,156.297,121772
2025-11-28 00:00:00,156.262,156.585,155.983,156.159,329194
2025-12-01 00:00:00,156.058,156.153,154.666,155.476,200837
2025-12-02 00:00:00,155.425,156.18,155.404,155.865,167336
2025-12-03 00:00:00,155.865,155.909,155.007,155.221,183353
2025-12-04 00:00:00,155.233,155.542,154.507,155.112,209793
2025-12-05 00:00:00,155.068,155.495,154.338,155.36,180656
2025-12-08 00:00:00,155.178,155.985,154.898,155.919,200216
2025-12-09 00:00:00,155.846,156.957,155.744,156.89,209937
2025-12-10 00:00:00,156.777,156.941,155.795,156.018,200464
2025-12-11 00:00:00,156.018,156.164,154.943,155.57,241659
2025-12-12 00:00:00,155.558,156.13,155.447,155.847,195485
2025-12-15 00:00:00,155.8,155.986,154.832,155.213,198741
2025-12-16 00:00:00,155.213,155.243,154.393,154.715,239999
2025-12-17 00:00:00,154.687,155.751,154.514,155.69,205770
2025-12-18 00:00:00,155.621,155.975,155.283,155.552,206517
2025-12-19 00:00:00,155.462,157.765,155.449,157.763,216317
2025-12-22 00:00:00,157.676,157.71,156.704,157.032,201703
2025-12-23 00:00:00,156.979,157.03,155.651,156.243,230291
2025-12-24 00:00:00,156.243,156.283,155.551,155.871,206178
2025-12-26 00:00:00,155.881,156.73,155.753,156.592,156057
2025-12-29 00:00:00,156.494,156.54,155.916,156.035,199782
2025-12-30 00:00:00,156.003,156.566,155.743,156.421,198250
2025-12-31 00:00:00,156.325,156.996,156.313,156.717,155316
2026-01-02 00:00:00,156.666,157.0,156.517,156.844,152476
2026-01-05 00:00:00,156.704,157.298,156.114,156.4,218867
2026-01-06 00:00:00,156.294,156.798,156.163,156.663,205144
2026-01-07 00:00:00,156.598,156.807,156.292,156.749,182690
2026-01-08 00:00:00,156.73,157.072,156.456,156.86,166114
2026-01-09 00:00:00,156.759,158.186,156.744,157.949,188552
2026-01-12 00:00:00,158.077,158.207,157.517,158.16,186279
2026-01-13 00:00:00,158.088,159.193,157.894,159.167,196322
2026-01-14 00:00:00,159.085,159.455,158.1,158.424,214595
2026-01-15 00:00:00,158.365,158.882,158.176,158.618,185095
2026-01-16 00:00:00,158.587,158.703,157.819,158.093,169972
2026-01-19 00:00:00,157.877,158.165,157.422,158.122,148296
2026-01-20 00:00:00,158.038,158.603,157.467,158.138,234047
2026-01-21 00:00:00,158.121,158.533,157.746,158.285,229241
2026-01-22 00:00:00,158.256,158.894,158.178,158.425,197614
2026-01-23 00:00:00,158.349,159.223,155.611,155.729,214948
2026-01-26 00:00:00,154.662,155.346,153.305,154.204,294588
2026-01-27 00:00:00,154.12,154.877,152.09,152.182,255706
2026-01-28 00:00:00,152.167,154.048,152.157,153.395,283336
2026-01-29 00:00:00,153.363,153.536,152.674,153.105,295462
2026-01-30 00:00:00,152.974,154.795,152.869,154.768,326811
2026-02-02 00:00:00,154.909,155.788,154.548,155.599,278844
2026-02-03 00:00:00,155.572,156.087,155.302,155.778,224389
2026-02-04 00:00:00,155.716,156.948,155.691,156.861,211665
2026-02-05 00:00:00,156.798,157.338,156.526,157.027,235155
2026-02-06 00:00:00,156.907,157.266,156.513,157.242,188509
2026-02-09 00:00:00,157.532,157.659,155.519,155.887,254066
2026-02-10 00:00:00,155.887,156.293,154.056,154.385,218796
2026-02-11 00:00:00,154.281,154.654,152.551,153.254,238638
2026-02-12 00:00:00,153.149,153.76,152.267,152.728,263118
2026-02-13 00:00:00,152.717,153.667,152.594,152.711,234199
2026-02-16 00:00:00,152.685,153.638,152.598,153.514,122200
2026-02-17 00:00:00,153.386,153.923,152.7,153.293,210556
2026-02-18 00:00:00,153.222,154.868,153.071,154.819,171849
2026-02-19 00:00:00,154.76,155.344,154.54,154.99,189002
2026-02-20 00:00:00,154.968,155.643,154.714,155.025,200391
2026-02-23 00:00:00,154.875,155.043,153.997,154.663,205327
2026-02-24 00:00:00,154.623,156.282,154.525,155.898,196408
2026-02-25 00:00:00,155.898,156.826,155.348,156.361,197892
2026-02-26 00:00:00,156.361,156.433,155.696,156.13,201438
2026-02-27 00:00:00,156.066,156.234,155.537,156.127,200651
2026-03-02 00:00:00,155.956,157.753,155.95,157.351,269437
2026-03-03 00:00:00,157.367,157.97,157.149,157.685,288584
2026-03-04 00:00:00,157.502,157.867,156.85,157.045,245318
2026-03-05 00:00:00,157.007,157.85,156.452,157.551,258611
2026-03-06 00:00:00,157.551,158.09,157.374,157.806,253425
2026-03-09 00:00:00,158.034,158.9,157.628,157.654,327934
2026-03-10 00:00:00,157.612,158.133,157.272,158.059,277650
2026-03-11 00:00:00,158.043,158.978,157.859,158.95,215818
2026-03-12 00:00:00,158.908,159.432,158.569,159.349,221756
2026-03-13 00:00:00,159.296,159.746,159.002,159.735,240771
2026-03-16 00:00:00,159.534,159.744,158.847,159.04,212027
2026-03-17 00:00:00,159.02,159.496,158.721,158.998,166486
2026-03-18 00:00:00,158.965,159.899,158.568,159.883,205668
2026-03-19 00:00:00,159.817,159.847,157.508,157.705,259865
2026-03-20 00:00:00,157.652,159.389,157.6,159.239,208861
2026-03-23 00:00:00,159.312,159.659,158.02,158.422,303270
2026-03-24 00:00:00,158.408,159.191,158.239,158.7,130649
2026-03-25 00:00:00,158.686,159.5,158.562,159.467,110248
2026-03-26 00:00:00,159.462,159.849,159.283,159.759,91922
2026-03-27 00:00:00,159.759,160.412,159.455,160.256,91822
2026-03-30 00:00:00,160.163,160.462,159.325,159.736,99042
2026-03-31 00:00:00,159.664,159.974,158.658,158.717,109004
2026-04-01 00:00:00,158.747,159.013,158.271,158.786,109518
2026-04-02 00:00:00,158.799,159.746,158.54,159.601,107101
2026-04-03 00:00:00,159.536,159.819,159.427,159.598,49919
2026-04-06 00:00:00,159.454,159.832,159.304,159.676,87549
2026-04-07 00:00:00,159.677,160.033,159.47,159.617,97036
2026-04-08 00:00:00,159.582,159.733,157.884,158.559,128699
2026-04-09 00:00:00,158.596,159.299,158.444,158.994,94118
2026-04-10 00:00:00,158.919,159.373,158.903,159.289,84850
2026-04-13 00:00:00,159.638,159.86,159.289,159.441,95140
2026-04-14 00:00:00,159.437,159.444,158.598,158.801,89998
2026-04-15 00:00:00,158.744,159.155,158.646,158.957,95412
2026-04-16 00:00:00,158.962,159.303,158.262,159.143,93194
2026-04-17 00:00:00,159.139,159.528,157.596,158.619,99294
2026-04-20 00:00:00,158.759,159.204,158.552,158.813,120803
2026-04-21 00:00:00,158.742,159.64,158.722,159.393,115054
2026-04-22 00:00:00,159.319,159.574,159.102,159.465,111518
2026-04-23 00:00:00,159.449,159.843,159.294,159.737,125725
2026-04-24 00:00:00,159.618,159.843,159.305,159.334,110087
2026-04-27 00:00:00,159.553,159.598,159.092,159.418,109496
2026-04-28 00:00:00,159.371,159.787,158.96,159.61,119093
2026-04-29 00:00:00,159.511,160.474,159.475,160.443,119354
2026-04-30 00:00:00,160.369,160.726,155.558,156.618,161711
2026-05-01 00:00:00,156.499,157.328,155.489,157.073,128345
2026-05-04 00:00:00,156.733,157.301,155.696,157.241,133451
2026-05-05 00:00:00,157.176,157.922,157.076,157.888,107807
2026-05-06 00:00:00,157.83,157.936,155.028,156.363,154207
2026-05-07 00:00:00,156.347,156.957,156.019,156.928,127580
2026-05-08 00:00:00,156.872,156.994,156.432,156.701,110688
2026-05-11 00:00:00,156.606,157.271,156.51,157.218,98118
2026-05-12 00:00:00,157.108,157.767,156.762,157.606,109481
2026-05-13 00:00:00,157.582,157.926,157.537,157.883,94296
2026-05-14 00:00:00,157.802,158.422,157.313,158.383,108937
2026-05-15 00:00:00,158.303,158.844,158.262,158.793,128561
2026-05-18 00:00:00,158.711,159.082,158.613,158.851,127492
2026-05-19 00:00:00,158.78,159.251,158.651,159.078,117356
2026-05-20 00:00:00,159.006,159.169,158.591,158.925,122376
2026-05-21 00:00:00,158.861,159.344,158.805,158.983,125281
2026-05-22 00:00:00,158.901,159.233,158.88,159.188,103630
2026-05-25 00:00:00,158.783,159.043,158.756,158.921,76110
2026-05-26 00:00:00,158.862,159.382,158.817,159.301,95704
2026-05-27 00:00:00,159.257,159.579,159.174,159.517,101897
2026-05-28 00:00:00,159.445,159.654,159.107,159.246,117611
2026-05-29 00:00:00,159.167,159.378,159.095,159.261,109093
2026-06-01 00:00:00,159.337,159.765,159.302,159.665,115310
2026-06-02 00:00:00,159.608,159.989,159.568,159.93,100240
2026-06-03 00:00:00,159.856,160.092,159.371,160.087,113850
2026-06-04 00:00:00,159.984,160.075,159.598,160.021,108740
2026-06-05 00:00:00,159.97,160.343,159.721,160.249,110739
2026-06-08 00:00:00,160.214,160.396,159.833,160.173,124499
2026-06-09 00:00:00,160.117,160.446,160.052,160.366,112041
2026-06-10 00:00:00,160.321,160.575,160.239,160.556,113930
2026-06-11 00:00:00,160.445,160.596,159.54,159.97,120657
2026-06-12 00:00:00,159.888,160.375,159.873,160.197,128856
2026-06-15 00:00:00,160.113,160.397,159.731,160.352,102306
2026-06-16 00:00:00,160.287,160.482,160.048,160.461,100830
2026-06-17 00:00:00,160.361,160.797,160.119,160.659,104217
2026-06-18 00:00:00,160.599,161.809,160.475,161.403,122788
2026-06-19 00:00:00,161.324,161.456,160.989,161.276,100507
2026-06-22 00:00:00,161.208,161.926,161.075,161.603,120413
2026-06-23 00:00:00,161.504,161.741,161.27,161.576,112448
2026-06-24 00:00:00,161.475,161.841,161.465,161.8,109487
2026-06-25 00:00:00,161.73,161.947,161.559,161.802,113814
2026-06-26 00:00:00,161.753,161.848,161.531,161.759,107746
2026-06-29 00:00:00,161.712,161.982,161.706,161.935,92820
2026-06-30 00:00:00,161.866,162.67,161.866,162.574,111017
2026-07-01 00:00:00,162.491,162.841,162.295,162.599,110338
2026-07-02 00:00:00,162.535,162.597,160.629,161.115,141163
2026-07-03 00:00:00,161.023,161.523,160.481,161.362,102863
2026-07-06 00:00:00,161.254,162.427,161.254,162.087,105396
2026-07-07 00:00:00,162.055,162.182,161.659,162.106,106287
2026-07-08 00:00:00,162.026,162.707,162.026,162.631,116403
2026-07-09 00:00:00,162.513,162.616,162.246,162.389,99091
2026-07-10 00:00:00,162.344,162.431,161.278,161.734,127595
2026-07-13 00:00:00,161.672,162.482,161.662,162.453,143086
2026-07-14 00:00:00,162.379,162.47,161.598,162.259,140710
2026-07-15 00:00:00,162.158,162.419,161.892,162.188,124718
2026-07-16 00:00:00,162.085,162.545,161.979,162.367,120640
2026-07-17 00:00:00,162.378,162.521,162.132,162.402,105498
2026-07-20 00:00:00,162.415,162.594,162.197,162.499,87541
2026-07-21 00:00:00,162.451,163.24,162.429,163.194,90241
2026-07-22 00:00:00,163.152,163.228,162.674,163.157,98417
2026-07-23 00:00:00,163.085,163.989,162.996,163.86,111914
2026-07-24 00:00:00,163.811,163.939,163.637,163.863,101953
2026-07-27 00:00:00,163.568,163.796,163.331,163.744,109323
2026-07-28 00:00:00,163.669,163.951,163.646,163.865,97356
2026-07-29 00:00:00,163.76,163.884,163.275,163.741,76074
