time,open,high,low,close,volume
2007-01-01 00:00:00,12.9,12.93,12.88,12.9,172
2007-01-02 00:00:00,12.93,13.18,12.92,13.18,1334
2007-01-03 00:00:00,13.16,13.18,12.55,12.6,2934
2007-01-04 00:00:00,12.62,12.79,12.42,12.62,3014
2007-01-05 00:00:00,12.6,12.73,12.09,12.21,3253
2007-01-06 00:00:00,12.2,12.2,12.2,12.2,1
2007-01-07 00:00:00,12.2,12.2,12.2,12.2,100
2007-01-08 00:00:00,12.21,12.32,12.07,12.3,2094
2007-01-09 00:00:00,12.3,12.49,12.21,12.48,2004
2007-01-10 00:00:00,12.46,12.48,12.28,12.38,2054
2007-01-11 00:00:00,12.39,12.54,12.33,12.34,1884
2007-01-12 00:00:00,12.36,12.83,12.35,12.82,1964
2007-01-13 00:00:00,12.83,12.83,12.83,12.83,1
2007-01-14 00:00:00,12.83,12.84,12.83,12.84,255
2007-01-15 00:00:00,12.87,12.91,12.84,12.86,944
2007-01-16 00:00:00,12.86,12.9,12.57,12.59,1904
2007-01-17 00:00:00,12.58,12.83,12.48,12.79,2214
2007-01-18 00:00:00,12.84,12.96,12.63,12.65,2284
2007-01-19 00:00:00,12.68,12.87,12.64,12.87,1374
2007-01-20 00:00:00,12.88,12.88,12.88,12.88,1
2007-01-21 00:00:00,12.88,12.88,12.86,12.86,25
2007-01-22 00:00:00,12.87,13.14,12.81,12.91,2144
2007-01-23 00:00:00,12.92,13.29,12.88,13.28,1724
2007-01-24 00:00:00,13.28,13.29,13.07,13.25,1664
2007-01-25 00:00:00,13.24,13.48,13.21,13.27,2294
2007-01-26 00:00:00,13.28,13.42,13.17,13.37,2103
2007-01-27 00:00:00,13.38,13.38,13.38,13.38,8
2007-01-28 00:00:00,13.38,13.39,13.36,13.36,215
2007-01-29 00:00:00,13.43,13.43,13.17,13.17,1774
2007-01-30 00:00:00,13.18,13.39,13.09,13.37,1684
2007-01-31 00:00:00,13.37,13.65,13.25,13.53,1914
2007-02-01 00:00:00,13.53,13.72,13.52,13.67,2034
2007-02-02 00:00:00,13.66,13.71,13.26,13.41,2224
2007-02-03 00:00:00,13.39,13.39,13.39,13.39,1
2007-02-04 00:00:00,13.39,13.39,13.39,13.39,24
2007-02-05 00:00:00,13.42,13.53,13.31,13.47,1774
2007-02-06 00:00:00,13.47,13.68,13.43,13.64,1764
2007-02-07 00:00:00,13.66,13.76,13.6,13.63,1514
2007-02-08 00:00:00,13.65,13.86,13.48,13.79,1944
2007-02-09 00:00:00,13.79,13.92,13.75,13.88,1714
2007-02-10 00:00:00,13.87,13.87,13.87,13.87,1
2007-02-11 00:00:00,13.87,13.87,13.87,13.87,181
2007-02-12 00:00:00,13.88,13.9,13.5,13.68,1984
2007-02-13 00:00:00,13.69,13.97,13.68,13.89,1824
2007-02-14 00:00:00,13.86,14.07,13.86,14.05,1994
2007-02-15 00:00:00,14.03,14.04,13.801,13.975999999999999,2829
2007-02-16 00:00:00,13.966,14.016,13.814,13.961,2310
2007-02-18 00:00:00,13.954,13.959,13.946,13.954,16
2007-02-19 00:00:00,13.951,14.036,13.939,13.991,940
2007-02-20 00:00:00,13.994,14.019,13.679,13.848,3259
2007-02-21 00:00:00,13.85,14.355,13.71,14.22,3936
2007-02-22 00:00:00,14.215,14.348,14.155,14.208,3599
2007-02-23 00:00:00,14.205,14.653,14.18,14.573,4293
2007-02-25 00:00:00,14.59,14.65,14.568,14.595,163
2007-02-26 00:00:00,14.6,14.75,14.475,14.69,3292
2007-02-27 00:00:00,14.693,14.708,14.051,14.239,5172
2007-02-28 00:00:00,14.244,14.425,14.003,14.258,5744
2007-03-01 00:00:00,14.24,14.328,13.418,13.575,5408
2007-03-02 00:00:00,13.568,13.745,12.728,12.888,5859
2007-03-04 00:00:00,12.883,12.963,12.845,12.86,198
2007-03-05 00:00:00,12.858,12.913,12.398,12.613,6015
2007-03-06 00:00:00,12.61,12.983,12.61,12.978,4979
2007-03-07 00:00:00,12.983,13.063,12.815,12.948,4651
2007-03-08 00:00:00,12.95,13.153,12.933,12.98,3677
2007-03-09 00:00:00,12.983,13.11,12.748,12.935,3891
2007-03-11 00:00:00,12.93,12.948,12.895,12.92,167
2007-03-12 00:00:00,12.918,13.08,12.845,13.003,3734
2007-03-13 00:00:00,12.995,13.023,12.745,12.77,3748
2007-03-14 00:00:00,12.768,12.868,12.6,12.863,4312
2007-03-15 00:00:00,12.858,13.105,12.843,13.045,3014
2007-03-16 00:00:00,13.048,13.178,12.975,13.133,2856
2007-03-18 00:00:00,13.128,13.163,13.06,13.158,158
2007-03-19 00:00:00,13.155,13.22,13.043,13.185,3265
2007-03-20 00:00:00,13.183,13.413,13.153,13.313,2814
2007-03-21 00:00:00,13.31,13.393,13.138,13.363,3191
2007-03-22 00:00:00,13.365,13.508,13.348,13.415,2946
2007-03-23 00:00:00,13.418,13.428,13.138,13.165,3324
2007-03-25 00:00:00,13.16,13.16,13.16,13.16,1
2007-03-26 00:00:00,13.225,13.395,13.208,13.35,2496
2007-03-27 00:00:00,13.345,13.405,13.194,13.333,3117
2007-03-28 00:00:00,13.34,13.48,13.27,13.353,2640
2007-03-29 00:00:00,13.355,13.378,13.14,13.295,2851
2007-03-30 00:00:00,13.298,13.425,13.275,13.38,2403
2007-04-01 00:00:00,13.415,13.42,13.398,13.403,26
2007-04-02 00:00:00,13.4,13.403,13.008,13.273,3327
2007-04-03 00:00:00,13.268,13.49,13.233,13.4,3570
2007-04-04 00:00:00,13.398,13.653,13.393,13.605,3325
2007-04-05 00:00:00,13.608,13.728,13.553,13.718,1574
2007-04-06 00:00:00,13.708,13.708,13.685,13.685,3
2007-04-08 00:00:00,13.675,13.682,13.585,13.682,76
2007-04-09 00:00:00,13.68,13.852,13.617,13.727,2219
2007-04-10 00:00:00,13.73,13.985,13.702,13.847,2654
2007-04-11 00:00:00,13.845,13.997,13.702,13.832,3388
2007-04-12 00:00:00,13.835,13.917,13.652,13.857,2317
2007-04-13 00:00:00,13.852,14.107,13.81,14.037,2241
2007-04-15 00:00:00,14.032,14.1,14.027,14.035,208
2007-04-16 00:00:00,14.032,14.092,13.787,14.035,2766
2007-04-17 00:00:00,14.042,14.057,13.857,13.935,2161
2007-04-18 00:00:00,13.932,14.042,13.847,13.965,2807
2007-04-19 00:00:00,13.96,14.005,13.535,13.695,3648
2007-04-20 00:00:00,13.697,13.965,13.682,13.915,2040
2007-04-22 00:00:00,13.925,13.95,13.897,13.917,181
2007-04-23 00:00:00,13.92,14.075,13.825,14.005,3461
2007-04-24 00:00:00,14.007,14.05,13.692,13.767,3770
2007-04-25 00:00:00,13.772,13.86,13.705,13.812,3243
2007-04-26 00:00:00,13.807,13.817,13.17,13.31,3910
2007-04-27 00:00:00,13.3,13.537,13.215,13.505,2419
2007-04-29 00:00:00,13.515,13.545,13.437,13.45,112
2007-04-30 00:00:00,13.46,13.55,13.345,13.437,2758
2007-05-01 00:00:00,13.435,13.445,13.125,13.295,3168
2007-05-02 00:00:00,13.297,13.322,13.025,13.21,3707
2007-05-03 00:00:00,13.208,13.421,13.19,13.376,2994
2007-05-04 00:00:00,13.373,13.572,13.337,13.425,3136
2007-05-06 00:00:00,13.417,13.465,13.415,13.447,138
2007-05-07 00:00:00,13.45,13.56,13.425,13.492,2443
2007-05-08 00:00:00,13.495,13.532,13.29,13.49,3257
2007-05-09 00:00:00,13.48,13.497,13.172,13.378,3381
2007-05-10 00:00:00,13.375,13.375,12.987,12.992,3721
2007-05-11 00:00:00,12.995,13.297,12.942,13.197,3512
2007-05-13 00:00:00,13.172,13.195,13.147,13.19,192
2007-05-14 00:00:00,13.192,13.232,13.026,13.125,3044
2007-05-15 00:00:00,13.127,13.242,12.982,13.17,3124
2007-05-16 00:00:00,13.172,13.197,12.807,12.895,3385
2007-05-17 00:00:00,12.89,12.915,12.666,12.845,3620
2007-05-18 00:00:00,12.847,12.987,12.76,12.925,3435
2007-05-20 00:00:00,12.97,12.977,12.927,12.93,104
2007-05-21 00:00:00,12.937,13.08,12.822,13.03,2538
2007-05-22 00:00:00,13.025,13.11,12.89,12.9,2318
2007-05-23 00:00:00,12.905,13.105,12.875,13.04,2006
2007-05-24 00:00:00,13.035,13.055,12.78,12.86,2245
2007-05-25 00:00:00,12.865,12.965,12.84,12.92,1549
2007-05-27 00:00:00,12.925,12.937,12.915,12.925,22
2007-05-28 00:00:00,12.93,12.935,12.89,12.915,730
2007-05-29 00:00:00,12.91,13.24,12.895,13.12,2527
2007-05-30 00:00:00,13.125,13.165,13.005,13.15,1951
2007-05-31 00:00:00,13.145,13.495,13.145,13.41,2584
2007-06-01 00:00:00,13.405,13.685,13.405,13.67,2965
2007-06-03 00:00:00,13.66,13.665,13.62,13.655,158
2007-06-04 00:00:00,13.652,13.772,13.612,13.69,3486
2007-06-05 00:00:00,13.687,13.79,13.655,13.71,2991
2007-06-06 00:00:00,13.712,13.792,13.587,13.667,3097
2007-06-07 00:00:00,13.665,13.747,13.377,13.45,2747
2007-06-08 00:00:00,13.447,13.485,12.925,13.082,3481
2007-06-10 00:00:00,13.03,13.107,13.03,13.09,224
2007-06-11 00:00:00,13.095,13.242,13.062,13.202,2469
2007-06-12 00:00:00,13.192,13.227,12.925,13.01,2886
2007-06-13 00:00:00,13.005,13.152,12.817,13.095,3261
2007-06-14 00:00:00,13.092,13.177,12.935,13.132,3082
2007-06-15 00:00:00,13.13,13.23,13.037,13.217,2365
2007-06-17 00:00:00,13.227,13.292,13.225,13.265,129
2007-06-18 00:00:00,13.262,13.357,13.165,13.215,2152
2007-06-19 00:00:00,13.212,13.327,13.087,13.305,2193
2007-06-20 00:00:00,13.3,13.367,13.127,13.18,2478
2007-06-21 00:00:00,13.177,13.235,12.962,13.087,2831
2007-06-22 00:00:00,13.09,13.165,12.98,13.04,2147
2007-06-24 00:00:00,13.027,13.045,13.02,13.03,65
2007-06-25 00:00:00,13.025,13.045,12.797,12.865,3189
2007-06-26 00:00:00,12.862,12.882,12.125,12.292,3590
2007-06-27 00:00:00,12.287,12.352,12.117,12.282,2759
2007-06-28 00:00:00,12.287,12.472,12.262,12.45,2593
2007-06-29 00:00:00,12.442,12.537,12.26,12.402,1976
2007-07-01 00:00:00,12.4,12.475,12.4,12.442,63
2007-07-02 00:00:00,12.445,12.645,12.41,12.6,2628
2007-07-03 00:00:00,12.597,12.67,12.457,12.572,2175
2007-07-04 00:00:00,12.582,12.657,12.567,12.635,826
2007-07-05 00:00:00,12.632,12.657,12.387,12.487,2187
2007-07-06 00:00:00,12.495,12.752,12.327,12.7,2665
2007-07-08 00:00:00,12.727,12.735,12.687,12.692,61
2007-07-09 00:00:00,12.69,12.852,12.65,12.702,2692
2007-07-10 00:00:00,12.705,12.977,12.697,12.907,2413
2007-07-11 00:00:00,12.905,12.987,12.815,12.897,2289
2007-07-12 00:00:00,12.9,13.107,12.855,13.077,2621
2007-07-13 00:00:00,13.075,13.135,12.98,13.015,2206
2007-07-15 00:00:00,13.02,13.065,13.02,13.03,77
2007-07-16 00:00:00,13.035,13.057,12.92,12.952,2173
2007-07-17 00:00:00,12.95,13.045,12.84,12.9,2387
2007-07-18 00:00:00,12.902,13.24,12.897,13.162,3270
2007-07-19 00:00:00,13.165,13.297,13.15,13.242,2519
2007-07-20 00:00:00,13.24,13.397,13.22,13.282,3236
2007-07-22 00:00:00,13.31,13.322,13.292,13.3,109
2007-07-23 00:00:00,13.302,13.385,13.202,13.24,2875
2007-07-24 00:00:00,13.245,13.49,13.222,13.252,3163
2007-07-25 00:00:00,13.25,13.267,13.03,13.127,3752
2007-07-26 00:00:00,13.13,13.155,12.685,12.82,4871
2007-07-27 00:00:00,12.822,12.932,12.592,12.685,4004
2007-07-29 00:00:00,12.687,12.702,12.632,12.665,112
2007-07-30 00:00:00,12.67,12.9,12.655,12.885,1440
2007-07-31 00:00:00,12.89,13.015,12.825,12.84,2129
2007-08-01 00:00:00,12.835,13.005,12.69,12.965,2844
2007-08-02 00:00:00,12.96,13.025,12.9,12.955,1934
2007-08-03 00:00:00,12.96,13.14,12.93,13.04,1861
2007-08-05 00:00:00,13.045,13.105,13.045,13.075,111
2007-08-06 00:00:00,13.07,13.14,12.885,13.02,1728
2007-08-07 00:00:00,13.025,13.11,12.88,13.055,2097
2007-08-08 00:00:00,13.05,13.175,13.005,13.1,1465
2007-08-09 00:00:00,13.095,13.125,12.59,12.632,2926
2007-08-10 00:00:00,12.97,12.98,12.8,12.83,820
2007-08-13 00:00:00,12.84,12.87,12.72,12.78,2040
2007-08-14 00:00:00,12.77,12.86,12.67,12.69,2817
2007-08-15 00:00:00,12.69,12.72,12.31,12.5,4405
2007-08-16 00:00:00,12.49,12.52,11.05,11.75,7897
2007-08-17 00:00:00,11.76,11.98,11.47,11.7,4917
2007-08-20 00:00:00,11.75,11.95,11.61,11.73,3626
2007-08-21 00:00:00,11.73,11.82,11.45,11.55,4265
2007-08-22 00:00:00,11.55,11.77,11.5,11.62,3271
2007-08-23 00:00:00,11.63,11.87,11.61,11.69,3138
2007-08-24 00:00:00,11.69,11.98,11.58,11.94,2320
2007-08-27 00:00:00,11.93,11.96,11.73,11.75,2223
2007-08-28 00:00:00,11.75,11.88,11.66,11.75,2490
2007-08-29 00:00:00,11.75,11.91,11.68,11.88,2075
2007-08-30 00:00:00,11.88,11.89,11.73,11.78,2598
2007-08-31 00:00:00,11.78,12.11,11.74,12.04,2319
2007-09-03 00:00:00,12.06,12.17,12.03,12.07,623
2007-09-04 00:00:00,12.06,12.32,12.0,12.25,2803
2007-09-05 00:00:00,12.26,12.29,12.11,12.2,1926
2007-09-06 00:00:00,12.19,12.49,12.16,12.39,3704
2007-09-07 00:00:00,12.39,12.65,12.37,12.47,3735
2007-09-10 00:00:00,12.49,12.67,12.4,12.52,2734
2007-09-11 00:00:00,12.52,12.76,12.46,12.67,3196
2007-09-12 00:00:00,12.67,12.73,12.49,12.63,3285
2007-09-13 00:00:00,12.63,12.63,12.36,12.51,2967
2007-09-14 00:00:00,12.51,12.76,12.44,12.55,3556
2007-09-17 00:00:00,12.54,12.79,12.52,12.76,2767
2007-09-18 00:00:00,12.76,13.09,12.67,12.98,3664
2007-09-19 00:00:00,12.98,13.07,12.87,12.92,3682
2007-09-20 00:00:00,12.9,13.47,12.89,13.34,4975
2007-09-21 00:00:00,13.35,13.63,13.28,13.49,3767
2007-09-24 00:00:00,13.5,13.69,13.39,13.44,3956
2007-09-25 00:00:00,13.44,13.48,13.22,13.44,3642
2007-09-26 00:00:00,13.44,13.59,13.32,13.39,3490
2007-09-27 00:00:00,13.39,13.58,13.34,13.53,2923
2007-09-28 00:00:00,13.53,13.85,13.21,13.73,3973
2007-10-01 00:00:00,13.76,13.85,13.63,13.7,3204
2007-10-02 00:00:00,13.71,13.73,13.06,13.33,5536
2007-10-03 00:00:00,13.33,13.45,13.15,13.3,3839
2007-10-04 00:00:00,13.3,13.4,13.08,13.38,4141
2007-10-05 00:00:00,13.39,13.49,13.19,13.37,3445
2007-10-08 00:00:00,13.38,13.41,13.21,13.26,2146
2007-10-09 00:00:00,13.06,13.55,13.06,13.47,3082
2007-10-10 00:00:00,13.48,13.67,13.44,13.56,2890
2007-10-11 00:00:00,13.55,13.89,13.54,13.75,3636
2007-10-12 00:00:00,13.7,13.87,13.68,13.8,3320
2007-10-15 00:00:00,13.8,13.99,13.72,13.8,3029
2007-10-16 00:00:00,13.79,13.97,13.55,13.61,4585
2007-10-17 00:00:00,13.61,13.8,13.52,13.62,4672
2007-10-18 00:00:00,13.63,13.8,13.55,13.79,3581
2007-10-19 00:00:00,13.78,13.89,13.28,13.52,4687
2007-10-22 00:00:00,13.51,13.57,13.25,13.44,4655
2007-10-23 00:00:00,13.44,13.63,13.43,13.56,2654
2007-10-24 00:00:00,13.56,13.59,13.38,13.56,3173
2007-10-25 00:00:00,13.57,13.98,13.47,13.87,3768
2007-10-26 00:00:00,13.87,14.22,13.86,14.21,4654
2007-10-29 00:00:00,14.22,14.5,14.21,14.5,4416
2007-10-30 00:00:00,14.51,14.57,14.13,14.13,5177
2007-10-31 00:00:00,14.13,14.54,14.11,14.49,4515
2007-11-01 00:00:00,14.49,14.53,13.93,14.09,5549
2007-11-02 00:00:00,14.09,14.66,14.07,14.6,5379
2007-11-05 00:00:00,14.61,14.82,14.39,14.7,4932
2007-11-06 00:00:00,14.69,15.61,14.5,15.57,6945
2007-11-07 00:00:00,15.56,16.19,15.19,15.24,13971
2007-11-08 00:00:00,15.24,15.79,14.79,15.4,13040
2007-11-09 00:00:00,15.4,15.63,15.03,15.43,10380
2007-11-12 00:00:00,15.41,15.49,14.28,14.39,10130
2007-11-13 00:00:00,14.38,14.91,14.11,14.6,9228
2007-11-14 00:00:00,14.6,15.1,14.58,14.95,7387
2007-11-15 00:00:00,14.96,15.12,14.31,14.4,8118
2007-11-16 00:00:00,14.4,14.7,14.34,14.44,6666
2007-11-19 00:00:00,14.45,14.64,14.09,14.2,3925
2007-11-20 00:00:00,14.2,14.8,14.08,14.7,3673
2007-11-21 00:00:00,14.71,14.81,14.3,14.4,3445
2007-11-22 00:00:00,14.4,14.55,14.37,14.5,507
2007-11-23 00:00:00,14.51,14.86,14.46,14.76,1746
2007-11-26 00:00:00,14.27,14.67,14.24,14.48,4385
2007-11-27 00:00:00,14.47,14.54,14.05,14.2,4072
2007-11-28 00:00:00,14.2,14.29,13.86,14.16,3921
2007-11-29 00:00:00,14.16,14.25,13.87,13.89,3364
2007-11-30 00:00:00,13.89,14.0,13.53,13.71,3738
2007-12-03 00:00:00,13.68,13.97,13.54,13.89,3050
2007-12-04 00:00:00,13.9,14.13,13.75,14.05,2792
2007-12-05 00:00:00,14.06,14.15,13.85,14.0,3010
2007-12-06 00:00:00,14.0,14.28,13.7,14.18,3270
2007-12-07 00:00:00,14.18,14.27,13.98,14.1,3162
2007-12-10 00:00:00,14.11,14.47,14.08,14.39,3078
2007-12-11 00:00:00,14.39,14.52,14.15,14.17,3082
2007-12-12 00:00:00,14.17,14.55,14.14,14.38,3300
2007-12-13 00:00:00,14.38,14.42,13.71,13.83,3888
2007-12-14 00:00:00,13.83,13.96,13.48,13.58,4187
2007-12-17 00:00:00,13.53,13.72,13.35,13.58,2712
2007-12-18 00:00:00,13.57,13.87,13.54,13.77,2886
2007-12-19 00:00:00,13.76,13.89,13.59,13.88,1339
2007-12-20 00:00:00,13.85,14.05,13.69,13.96,2720
2007-12-21 00:00:00,13.95,14.19,13.69,14.08,1786
2007-12-24 00:00:00,14.09,14.31,14.06,14.28,988
2007-12-26 00:00:00,14.27,14.5,14.27,14.41,1351
2007-12-27 00:00:00,14.41,14.5,14.24,14.36,1995
2007-12-28 00:00:00,14.36,14.6,14.34,14.49,1441
2007-12-31 00:00:00,14.54,14.65,14.42,14.52,1281
2008-01-02 00:00:00,14.58,15.03,14.56,14.98,1934
2008-01-03 00:00:00,14.98,15.14,14.79,15.09,3310
2008-01-04 00:00:00,15.1,15.18,14.87,15.03,2763
2008-01-07 00:00:00,15.02,15.22,14.89,15.11,2174
2008-01-08 00:00:00,15.12,15.7,15.1,15.64,3453
2008-01-09 00:00:00,15.64,16.13,15.53,15.67,5378
2008-01-10 00:00:00,15.66,16.22,15.3,16.11,4170
2008-01-11 00:00:00,16.1,16.28,15.93,16.22,3776
2008-01-14 00:00:00,16.22,16.58,16.12,16.38,3793
2008-01-15 00:00:00,16.36,16.51,15.88,15.89,4704
2008-01-16 00:00:00,15.89,16.13,15.66,15.78,4734
2008-01-17 00:00:00,15.79,16.06,15.73,15.82,3917
2008-01-18 00:00:00,15.81,16.3,15.61,16.17,3873
2008-01-21 00:00:00,16.15,16.16,15.46,15.54,1887
2008-01-22 00:00:00,15.53,16.17,15.17,16.04,5710
2008-01-23 00:00:00,16.05,16.14,15.67,16.1,4701
2008-01-24 00:00:00,16.09,16.43,15.96,16.41,3717
2008-01-25 00:00:00,16.41,16.59,16.27,16.41,2879
2008-01-28 00:00:00,16.43,16.72,16.32,16.7,2345
2008-01-29 00:00:00,16.69,16.8,16.48,16.7,2396
2008-01-30 00:00:00,16.71,16.89,16.56,16.79,2831
2008-01-31 00:00:00,16.78,17.0,16.66,16.9,2876
2008-02-01 00:00:00,16.89,17.27,16.68,16.79,5928
2008-02-04 00:00:00,16.75,16.89,16.39,16.67,4628
2008-02-05 00:00:00,16.67,16.72,16.24,16.34,5425
2008-02-06 00:00:00,16.35,16.62,16.19,16.49,3868
2008-02-07 00:00:00,16.48,16.81,16.43,16.78,3854
2008-02-08 00:00:00,16.77,17.14,16.71,17.12,4119
2008-02-11 00:00:00,17.13,17.54,17.08,17.47,4312
2008-02-12 00:00:00,17.47,17.59,17.09,17.16,4293
2008-02-13 00:00:00,17.15,17.35,16.9,17.26,4842
2008-02-14 00:00:00,17.25,17.47,17.11,17.21,4003
2008-02-15 00:00:00,17.22,17.47,16.93,17.07,3282
2008-02-18 00:00:00,17.05,17.22,16.92,17.05,1879
2008-02-19 00:00:00,17.06,17.55,17.04,17.51,3256
2008-02-20 00:00:00,17.5,17.83,17.17,17.8,5228
2008-02-21 00:00:00,17.79,18.04,17.74,17.85,5058
2008-02-22 00:00:00,17.85,18.12,17.71,17.99,4098
2008-02-25 00:00:00,18.01,18.14,17.84,18.08,3579
2008-02-26 00:00:00,18.08,18.85,17.92,18.75,3681
2008-02-27 00:00:00,18.76,19.45,18.75,19.27,7258
2008-02-28 00:00:00,19.27,19.82,19.03,19.72,5146
2008-02-29 00:00:00,19.72,19.93,19.21,19.79,6352
2008-03-03 00:00:00,19.78,20.6,19.75,20.3,6951
2008-03-04 00:00:00,20.3,20.54,19.52,19.74,8494
2008-03-05 00:00:00,19.73,20.83,19.37,20.76,8041
2008-03-06 00:00:00,20.77,21.19,19.81,20.13,10698
2008-03-07 00:00:00,20.12,20.7,19.8,20.16,9521
2008-03-10 00:00:00,20.14,20.38,19.19,19.62,8062
2008-03-11 00:00:00,19.63,20.28,19.33,19.64,8475
2008-03-12 00:00:00,19.66,20.16,19.37,20.11,7146
2008-03-13 00:00:00,20.12,20.86,20.07,20.49,6732
2008-03-14 00:00:00,20.48,20.87,20.23,20.61,6194
2008-03-17 00:00:00,20.63,21.33,19.75,20.17,12262
2008-03-18 00:00:00,20.19,20.41,19.5,19.68,9051
2008-03-19 00:00:00,19.68,20.08,18.16,18.36,12526
2008-03-20 00:00:00,18.34,18.35,16.64,16.74,13281
2008-03-21 00:00:00,16.75,16.81,16.49,16.81,67
2008-03-24 00:00:00,16.84,17.2,16.74,17.01,7432
2008-03-25 00:00:00,16.99,17.94,16.85,17.92,6714
2008-03-26 00:00:00,17.92,18.41,17.62,18.41,6971
2008-03-27 00:00:00,18.4,18.61,17.9,18.39,6328
2008-03-28 00:00:00,18.4,18.5,17.6,17.87,6721
2008-03-31 00:00:00,17.85,18.15,17.02,17.21,6961
2008-04-01 00:00:00,17.22,17.37,16.3,16.8,10077
2008-04-02 00:00:00,16.81,17.46,16.67,17.33,7218
2008-04-03 00:00:00,17.33,17.53,16.89,17.33,6952
2008-04-04 00:00:00,17.33,17.78,17.21,17.71,6341
2008-04-07 00:00:00,17.71,18.23,17.67,18.01,4346
2008-04-08 00:00:00,18.02,18.17,17.4,17.65,5388
2008-04-09 00:00:00,17.66,18.37,17.36,18.17,5205
2008-04-10 00:00:00,18.16,18.39,17.79,17.93,6225
2008-04-11 00:00:00,17.93,18.13,17.44,17.71,4634
2008-04-14 00:00:00,17.61,17.86,17.23,17.69,4264
2008-04-15 00:00:00,17.68,18.02,17.62,17.81,4442
2008-04-16 00:00:00,17.82,18.5,17.7,18.28,5792
2008-04-17 00:00:00,18.27,18.7,18.13,18.22,6101
2008-04-18 00:00:00,18.23,18.45,17.37,17.81,6662
2008-04-21 00:00:00,17.86,17.94,17.26,17.45,6194
2008-04-22 00:00:00,17.44,17.93,17.27,17.65,4728
2008-04-23 00:00:00,17.64,17.83,16.97,17.13,7042
2008-04-24 00:00:00,17.13,17.2,16.62,16.73,6718
2008-04-25 00:00:00,16.74,16.88,16.38,16.81,5032
2008-04-28 00:00:00,16.83,17.11,16.76,17.0,3716
2008-04-29 00:00:00,17.0,17.02,16.4,16.53,4664
2008-04-30 00:00:00,16.52,16.86,16.35,16.85,5201
2008-05-01 00:00:00,16.85,17.0,15.97,16.18,6801
2008-05-02 00:00:00,16.2,16.49,16.03,16.36,4854
2008-05-05 00:00:00,16.38,16.79,16.36,16.68,3162
2008-05-06 00:00:00,16.69,16.96,16.57,16.82,4786
2008-05-07 00:00:00,16.81,16.88,16.44,16.61,4498
2008-05-08 00:00:00,16.6,16.93,16.43,16.79,5323
2008-05-09 00:00:00,16.8,17.04,16.45,16.77,5114
2008-05-12 00:00:00,16.82,17.28,16.63,17.13,5171
2008-05-13 00:00:00,17.13,17.24,16.5,16.69,5889
2008-05-14 00:00:00,16.68,16.86,16.5,16.53,5661
2008-05-15 00:00:00,16.52,16.94,16.48,16.68,5392
2008-05-16 00:00:00,16.67,17.03,16.66,16.95,5387
2008-05-19 00:00:00,16.99,17.21,16.81,16.94,4250
2008-05-20 00:00:00,16.94,17.68,16.9,17.62,4630
2008-05-21 00:00:00,17.63,18.08,17.55,17.97,5403
2008-05-22 00:00:00,17.97,18.17,17.7,17.95,6931
2008-05-23 00:00:00,17.96,18.27,17.77,18.2,4346
2008-05-26 00:00:00,18.2,18.29,18.19,18.27,360
2008-05-27 00:00:00,18.28,18.29,17.37,17.4,4511
2008-05-28 00:00:00,17.4,17.61,17.02,17.39,5204
2008-05-29 00:00:00,17.38,17.54,16.47,16.61,6367
2008-05-30 00:00:00,16.6,16.89,16.4,16.85,5102
2008-06-02 00:00:00,16.86,16.98,16.56,16.8,4716
2008-06-03 00:00:00,16.81,16.9,16.42,16.74,3721
2008-06-04 00:00:00,16.74,16.89,16.56,16.8,4741
2008-06-05 00:00:00,16.8,17.16,16.46,17.11,4708
2008-06-06 00:00:00,17.11,17.52,16.88,17.52,6087
2008-06-09 00:00:00,17.52,17.6,17.06,17.09,4950
2008-06-10 00:00:00,17.09,17.16,16.48,16.57,5402
2008-06-11 00:00:00,16.57,16.89,16.5,16.83,4366
2008-06-12 00:00:00,16.84,16.88,16.21,16.45,4750
2008-06-13 00:00:00,16.45,16.58,16.24,16.47,4662
2008-06-16 00:00:00,16.52,17.4,16.38,17.11,3976
2008-06-17 00:00:00,17.11,17.36,16.81,17.02,4640
2008-06-18 00:00:00,17.02,17.44,16.88,17.34,4841
2008-06-19 00:00:00,17.33,17.69,17.12,17.32,4642
2008-06-20 00:00:00,17.31,17.6,17.28,17.33,4049
2008-06-23 00:00:00,17.36,17.48,16.5,16.75,4111
2008-06-24 00:00:00,16.76,16.94,16.57,16.65,3531
2008-06-25 00:00:00,16.65,16.8,16.46,16.76,4512
2008-06-26 00:00:00,16.76,17.39,16.69,17.13,4082
2008-06-27 00:00:00,17.13,17.62,17.11,17.47,4611
2008-06-30 00:00:00,17.53,17.84,17.17,17.37,4656
2008-07-01 00:00:00,17.37,18.17,17.24,18.08,5070
2008-07-02 00:00:00,18.07,18.36,17.86,18.33,5096
2008-07-03 00:00:00,18.33,18.44,17.95,18.21,5433
2008-07-04 00:00:00,18.2,18.23,17.94,18.05,1719
2008-07-07 00:00:00,18.05,18.1,17.52,17.75,6739
2008-07-08 00:00:00,17.75,17.93,17.43,17.72,9076
2008-07-09 00:00:00,17.72,18.11,17.68,18.1,6297
2008-07-10 00:00:00,18.1,18.3,18.02,18.26,5097
2008-07-11 00:00:00,18.25,18.85,17.35,18.76,6130
2008-07-14 00:00:00,18.81,19.19,18.48,19.05,6695
2008-07-15 00:00:00,19.04,19.43,18.54,18.87,7389
2008-07-16 00:00:00,18.86,19.08,18.58,18.73,7605
2008-07-17 00:00:00,18.73,19.11,18.29,18.48,7889
2008-07-18 00:00:00,18.47,18.62,18.02,18.12,6481
2008-07-21 00:00:00,18.14,18.44,18.14,18.39,5083
2008-07-22 00:00:00,18.4,18.66,17.83,17.93,6149
2008-07-23 00:00:00,17.93,17.98,17.24,17.34,7912
2008-07-24 00:00:00,17.32,17.59,17.07,17.41,7141
2008-07-25 00:00:00,17.41,17.59,16.97,17.36,6225
2008-07-28 00:00:00,17.33,17.49,17.2,17.48,4521
2008-07-29 00:00:00,17.49,17.6,17.03,17.33,5452
2008-07-30 00:00:00,17.32,17.56,16.78,17.44,5808
2008-07-31 00:00:00,17.44,17.88,17.36,17.71,6066
2008-08-01 00:00:00,17.7,17.74,17.23,17.43,5064
2008-08-04 00:00:00,17.48,17.59,16.86,16.9,5460
2008-08-05 00:00:00,16.89,16.96,16.39,16.43,7308
2008-08-06 00:00:00,16.41,16.72,16.38,16.53,5608
2008-08-07 00:00:00,16.53,16.66,16.01,16.16,5994
2008-08-08 00:00:00,16.16,16.2,15.22,15.3,7522
2008-08-11 00:00:00,15.27,15.41,14.51,14.63,7102
2008-08-12 00:00:00,14.64,14.8,13.98,14.47,8659
2008-08-13 00:00:00,14.47,14.9,14.32,14.88,7564
2008-08-14 00:00:00,14.87,15.08,14.09,14.14,8095
2008-08-15 00:00:00,14.14,14.16,12.07,12.72,10921
2008-08-18 00:00:00,12.92,13.31,12.87,13.02,6909
2008-08-19 00:00:00,13.01,13.32,12.39,13.2,7509
2008-08-20 00:00:00,13.2,13.38,12.78,13.22,6624
2008-08-21 00:00:00,13.21,13.85,13.18,13.81,6349
2008-08-22 00:00:00,13.8,13.92,13.28,13.32,5653
2008-08-25 00:00:00,13.26,13.54,13.08,13.47,5231
2008-08-26 00:00:00,13.47,13.7,12.95,13.56,6772
2008-08-27 00:00:00,13.55,13.84,13.39,13.46,6142
2008-08-28 00:00:00,13.44,14.0,13.43,13.66,6036
2008-08-29 00:00:00,13.65,13.87,13.51,13.56,5187
2008-09-01 00:00:00,13.56,13.78,13.33,13.43,2160
2008-09-02 00:00:00,13.43,13.44,12.46,13.03,7698
2008-09-03 00:00:00,13.02,13.1,12.53,12.87,7678
2008-09-04 00:00:00,12.88,13.16,12.61,12.77,8034
2008-09-05 00:00:00,12.76,13.08,12.02,12.18,6248
2008-09-08 00:00:00,12.46,12.71,11.86,12.05,8504
2008-09-09 00:00:00,12.05,12.17,11.25,11.26,9152
2008-09-10 00:00:00,11.27,11.57,10.63,10.65,9800
2008-09-11 00:00:00,10.64,10.94,10.22,10.52,9369
2008-09-12 00:00:00,10.51,10.91,10.29,10.88,8115
2008-09-15 00:00:00,10.69,11.17,10.38,11.09,10214
2008-09-16 00:00:00,11.08,11.17,10.39,10.45,9493
2008-09-17 00:00:00,10.45,12.06,10.27,11.91,10680
2008-09-18 00:00:00,11.92,12.97,11.64,11.9,16768
2008-09-19 00:00:00,11.89,12.61,11.33,12.53,11550
2008-09-22 00:00:00,12.58,13.55,12.47,13.4,9304
2008-09-23 00:00:00,13.39,13.63,12.94,13.24,10374
2008-09-24 00:00:00,13.23,13.6,13.02,13.21,8950
2008-09-25 00:00:00,13.22,13.75,13.01,13.17,8473
2008-09-26 00:00:00,13.17,13.61,13.0,13.27,7528
2008-09-29 00:00:00,13.16,13.34,12.61,13.08,11012
2008-09-30 00:00:00,13.09,13.18,11.7,11.98,8723
2008-10-01 00:00:00,11.98,12.95,11.93,12.51,8752
2008-10-02 00:00:00,12.5,12.53,10.76,10.79,8234
2008-10-03 00:00:00,10.78,11.67,10.72,11.07,9621
2008-10-06 00:00:00,10.79,11.46,10.79,10.99,9164
2008-10-07 00:00:00,11.0,11.81,10.93,11.53,8432
2008-10-08 00:00:00,11.51,12.04,11.39,11.69,8235
2008-10-09 00:00:00,11.69,12.1,11.46,12.06,6540
2008-10-10 00:00:00,12.07,12.26,9.33,9.89,11822
2008-10-13 00:00:00,9.73,10.83,9.73,10.64,8481
2008-10-14 00:00:00,10.65,11.12,10.48,10.92,6933
2008-10-15 00:00:00,10.92,11.06,9.98,10.24,8412
2008-10-16 00:00:00,10.23,10.3,9.2,9.65,8732
2008-10-17 00:00:00,9.65,9.88,9.06,9.33,7489
2008-10-20 00:00:00,9.3,9.9,9.3,9.75,7452
2008-10-21 00:00:00,9.75,10.17,9.53,10.06,7615
2008-10-22 00:00:00,10.06,10.15,9.35,9.52,8476
2008-10-23 00:00:00,9.52,9.84,9.16,9.62,9041
2008-10-24 00:00:00,9.63,9.76,8.63,9.22,9152
2008-10-27 00:00:00,9.07,9.49,8.69,9.02,8571
2008-10-28 00:00:00,9.01,9.27,8.4,9.17,8823
2008-10-29 00:00:00,9.17,10.13,8.99,9.82,9019
2008-10-30 00:00:00,9.82,10.59,9.55,9.76,8535
2008-10-31 00:00:00,9.75,9.94,9.2,9.67,7433
2008-11-03 00:00:00,9.68,10.23,9.65,9.79,7574
2008-11-04 00:00:00,9.79,10.49,9.64,10.18,8564
2008-11-05 00:00:00,10.16,10.55,10.02,10.27,8309
2008-11-06 00:00:00,10.28,10.75,9.83,9.96,8768
2008-11-07 00:00:00,9.93,10.28,9.88,10.0,7079
2008-11-10 00:00:00,9.91,10.51,9.91,10.14,5865
2008-11-11 00:00:00,10.15,10.21,9.52,9.7,6423
2008-11-12 00:00:00,9.7,9.86,9.26,9.32,6481
2008-11-13 00:00:00,9.33,9.48,8.77,9.41,8851
2008-11-14 00:00:00,9.4,9.68,9.19,9.49,7311
2008-11-17 00:00:00,9.47,9.65,9.22,9.27,5869
2008-11-18 00:00:00,9.27,9.72,9.11,9.6,6892
2008-11-19 00:00:00,9.59,9.82,9.2,9.22,6448
2008-11-20 00:00:00,9.21,9.43,8.8,8.93,7477
2008-11-21 00:00:00,8.93,9.62,8.89,9.61,7849
2008-11-24 00:00:00,9.58,10.65,9.46,10.51,7660
2008-11-25 00:00:00,10.5,10.54,10.02,10.29,7595
2008-11-26 00:00:00,10.28,10.44,10.14,10.27,5584
2008-11-27 00:00:00,10.27,10.33,10.17,10.31,1345
2008-11-28 00:00:00,10.31,10.34,10.09,10.24,2819
2008-12-01 00:00:00,10.26,10.28,9.17,9.24,6428
2008-12-02 00:00:00,9.23,9.69,9.11,9.53,6677
2008-12-03 00:00:00,9.53,9.7,9.26,9.64,5818
2008-12-04 00:00:00,9.65,9.68,9.31,9.44,6208
2008-12-05 00:00:00,9.45,9.54,9.11,9.49,6558
2008-12-08 00:00:00,9.49,10.33,9.46,9.95,6677
2008-12-09 00:00:00,9.96,10.06,9.63,9.81,6014
2008-12-10 00:00:00,9.8,10.25,9.78,10.2,5633
2008-12-11 00:00:00,10.2,10.49,10.1,10.29,5459
2008-12-12 00:00:00,10.28,10.37,9.98,10.23,7620
2008-12-15 00:00:00,10.24,10.7,10.23,10.63,5068
2008-12-16 00:00:00,10.63,11.24,10.44,11.15,5817
2008-12-17 00:00:00,11.16,11.58,10.8,11.36,7567
2008-12-18 00:00:00,11.35,11.43,10.9,10.93,5353
2008-12-19 00:00:00,10.94,10.98,10.52,10.79,3921
2008-12-22 00:00:00,10.87,11.04,10.73,10.81,3311
2008-12-23 00:00:00,10.81,10.84,10.08,10.21,3562
2008-12-24 00:00:00,10.21,10.41,10.17,10.33,3006
2008-12-26 00:00:00,10.35,10.71,10.26,10.71,2369
2008-12-29 00:00:00,10.76,11.23,10.68,10.85,3970
2008-12-30 00:00:00,10.84,11.11,10.62,10.92,4287
2008-12-31 00:00:00,10.92,11.29,10.72,11.29,3005
2009-01-02 00:00:00,11.06,11.52,10.99,11.51,3561
2009-01-05 00:00:00,11.66,11.67,10.53,11.21,6338
2009-01-06 00:00:00,11.21,11.5,10.76,11.43,5780
2009-01-07 00:00:00,11.43,11.55,10.84,11.01,7307
2009-01-08 00:00:00,11.01,11.31,10.76,11.1,6756
2009-01-09 00:00:00,11.09,11.57,10.93,11.2,6821
2009-01-12 00:00:00,11.23,11.25,10.51,10.65,6771
2009-01-13 00:00:00,10.64,10.82,10.4,10.72,6375
2009-01-14 00:00:00,10.71,10.84,10.33,10.54,7581
2009-01-15 00:00:00,10.53,10.64,10.3,10.58,5821
2009-01-16 00:00:00,10.58,11.26,10.55,11.22,5444
2009-01-19 00:00:00,11.27,11.27,11.05,11.14,1992
2009-01-20 00:00:00,11.14,11.37,10.9,11.14,6470
2009-01-21 00:00:00,11.13,11.48,11.03,11.3,5895
2009-01-22 00:00:00,11.31,11.46,11.19,11.37,4972
2009-01-23 00:00:00,11.37,12.06,11.24,11.93,7392
2009-01-26 00:00:00,11.84,12.25,11.83,12.03,6502
2009-01-27 00:00:00,12.02,12.19,11.85,12.06,6276
2009-01-28 00:00:00,12.06,12.15,11.81,11.97,6680
2009-01-29 00:00:00,11.96,12.38,11.64,12.33,6143
2009-01-30 00:00:00,12.34,12.64,12.21,12.62,8119
2009-02-02 00:00:00,12.56,12.61,12.18,12.39,4004
2009-02-03 00:00:00,12.4,12.46,12.14,12.41,6024
2009-02-04 00:00:00,12.41,12.58,12.3,12.49,4405
2009-02-05 00:00:00,12.5,12.91,12.28,12.82,6082
2009-02-06 00:00:00,12.81,13.17,12.73,13.05,5697
2009-02-09 00:00:00,13.07,13.09,12.79,12.81,4756
2009-02-10 00:00:00,12.8,13.2,12.73,13.11,4808
2009-02-11 00:00:00,13.11,13.64,13.06,13.5,6041
2009-02-12 00:00:00,13.49,13.72,13.3,13.45,5917
2009-02-13 00:00:00,13.44,13.69,13.22,13.65,4739
2009-02-16 00:00:00,13.63,13.66,13.47,13.58,2187
2009-02-17 00:00:00,13.57,14.18,13.53,14.09,6543
2009-02-18 00:00:00,14.09,14.36,13.98,14.31,6527
2009-02-19 00:00:00,14.31,14.37,13.85,14.01,6441
2009-02-20 00:00:00,14.01,14.59,13.97,14.39,6016
2009-02-23 00:00:00,14.4,14.6,14.08,14.4,5390
2009-02-24 00:00:00,14.4,14.57,13.7,13.73,6962
2009-02-25 00:00:00,13.74,14.12,13.55,13.68,6244
2009-02-26 00:00:00,13.68,13.73,12.92,13.13,7273
2009-02-27 00:00:00,13.13,13.35,12.81,13.07,6724
2009-03-02 00:00:00,13.15,13.35,12.7,12.9,6371
2009-03-03 00:00:00,12.9,12.92,12.44,12.8,6936
2009-03-04 00:00:00,12.81,13.12,12.66,12.91,7082
2009-03-05 00:00:00,12.91,13.3,12.86,13.21,6047
2009-03-06 00:00:00,13.21,13.5,13.21,13.28,5713
2009-03-09 00:00:00,13.26,13.38,12.76,12.95,5314
2009-03-10 00:00:00,12.96,12.99,12.45,12.6,6312
2009-03-11 00:00:00,12.59,12.86,12.49,12.77,5666
2009-03-12 00:00:00,12.76,13.05,12.63,12.95,4830
2009-03-13 00:00:00,12.95,13.26,12.88,13.18,6372
2009-03-16 00:00:00,12.94,13.15,12.76,12.9,4403
2009-03-17 00:00:00,12.91,12.97,12.62,12.7,3590
2009-03-18 00:00:00,12.7,13.01,11.89,12.92,5495
2009-03-19 00:00:00,12.91,13.66,12.63,13.55,7750
2009-03-20 00:00:00,13.54,13.83,13.4,13.74,5217
2009-03-23 00:00:00,13.68,13.85,13.59,13.66,5175
2009-03-24 00:00:00,13.66,13.73,13.25,13.42,5095
2009-03-25 00:00:00,13.41,13.55,12.96,13.45,5555
2009-03-26 00:00:00,13.45,13.73,13.38,13.48,3793
2009-03-27 00:00:00,13.47,13.56,13.07,13.28,3528
2009-03-30 00:00:00,13.26,13.33,12.91,13.05,4865
2009-03-31 00:00:00,13.05,13.24,12.57,12.94,5279
2009-04-01 00:00:00,12.94,13.15,12.81,13.02,3844
2009-04-02 00:00:00,13.02,13.08,12.56,12.93,5690
2009-04-03 00:00:00,12.93,12.98,12.65,12.73,5265
2009-04-06 00:00:00,12.64,12.65,12.06,12.1,4359
2009-04-07 00:00:00,12.1,12.33,12.02,12.24,3794
2009-04-08 00:00:00,12.23,12.44,12.16,12.24,4083
2009-04-09 00:00:00,12.24,12.38,12.1,12.31,3689
2009-04-10 00:00:00,12.32,12.32,12.25,12.28,20
2009-04-13 00:00:00,12.38,12.82,12.38,12.7,2337
2009-04-14 00:00:00,12.69,12.78,12.55,12.72,3152
2009-04-15 00:00:00,12.71,12.91,12.64,12.75,3329
2009-04-16 00:00:00,12.75,12.78,12.12,12.21,4930
2009-04-17 00:00:00,12.21,12.24,11.78,11.82,3699
2009-04-20 00:00:00,11.82,12.15,11.78,12.05,4651
2009-04-21 00:00:00,12.04,12.23,11.87,12.01,4860
2009-04-22 00:00:00,12.0,12.31,11.99,12.26,3411
2009-04-23 00:00:00,12.26,12.84,12.24,12.74,3884
2009-04-24 00:00:00,12.75,12.92,12.67,12.83,3759
2009-04-27 00:00:00,12.81,13.18,12.77,12.87,3737
2009-04-28 00:00:00,12.86,12.92,12.34,12.46,6034
2009-04-29 00:00:00,12.45,12.79,12.38,12.72,4699
2009-04-30 00:00:00,12.73,12.78,12.17,12.35,3985
2009-05-01 00:00:00,12.34,12.61,12.02,12.41,3808
2009-05-04 00:00:00,12.44,13.13,12.42,13.01,3266
2009-05-05 00:00:00,13.0,13.58,12.96,13.31,4145
2009-05-06 00:00:00,13.31,13.81,13.25,13.69,3778
2009-05-07 00:00:00,13.7,14.13,13.64,13.81,5849
2009-05-08 00:00:00,13.81,14.02,13.75,13.96,4071
2009-05-11 00:00:00,13.99,14.01,13.66,13.93,3035
2009-05-12 00:00:00,13.93,14.31,13.75,14.2,3910
2009-05-13 00:00:00,14.19,14.33,13.87,13.93,3996
2009-05-14 00:00:00,13.94,14.05,13.7,14.02,4122
2009-05-15 00:00:00,14.02,14.15,13.83,13.97,3963
2009-05-18 00:00:00,13.94,14.04,13.61,13.73,4325
2009-05-19 00:00:00,13.72,14.25,13.66,14.14,3575
2009-05-20 00:00:00,14.13,14.35,14.06,14.25,4171
2009-05-21 00:00:00,14.25,14.52,14.05,14.48,4254
2009-05-22 00:00:00,14.49,14.8,14.38,14.66,4057
2009-05-25 00:00:00,14.53,14.73,14.52,14.71,2967
2009-05-26 00:00:00,14.7,14.7,14.27,14.57,3731
2009-05-27 00:00:00,14.57,14.97,14.37,14.71,3969
2009-05-28 00:00:00,14.71,15.24,14.61,15.12,4015
2009-05-29 00:00:00,15.1,15.66,15.09,15.64,4454
2009-06-01 00:00:00,15.72,15.93,15.52,15.56,4543
2009-06-02 00:00:00,15.56,15.98,15.42,15.93,4907
2009-06-03 00:00:00,15.92,16.21,15.23,15.32,6965
2009-06-04 00:00:00,15.31,15.91,15.04,15.85,6197
2009-06-05 00:00:00,15.84,15.9,15.14,15.19,6141
2009-06-08 00:00:00,15.23,15.42,14.71,14.92,5535
2009-06-09 00:00:00,14.91,15.32,14.76,15.2,5212
2009-06-10 00:00:00,15.2,15.47,15.0,15.15,5115
2009-06-11 00:00:00,15.15,15.52,14.92,15.37,6523
2009-06-12 00:00:00,15.37,15.41,14.76,14.8,4755
2009-06-15 00:00:00,14.8,14.82,14.02,14.04,4483
2009-06-16 00:00:00,14.03,14.39,14.02,14.17,4969
2009-06-17 00:00:00,14.17,14.34,13.92,14.3,4337
2009-06-18 00:00:00,14.31,14.36,14.13,14.17,3808
2009-06-19 00:00:00,14.18,14.35,14.11,14.17,3456
2009-06-22 00:00:00,14.18,14.18,13.67,13.72,5546
2009-06-23 00:00:00,13.72,13.87,13.59,13.82,4217
2009-06-24 00:00:00,13.82,14.09,13.77,13.83,4256
2009-06-25 00:00:00,13.84,14.04,13.78,14.01,4559
2009-06-26 00:00:00,14.01,14.29,13.99,14.06,3618
2009-06-29 00:00:00,14.05,14.1,13.82,13.83,2730
2009-06-30 00:00:00,13.83,14.12,13.45,13.57,3458
2009-07-01 00:00:00,13.58,13.84,13.52,13.73,3459
2009-07-02 00:00:00,13.72,13.77,13.25,13.36,4445
2009-07-03 00:00:00,13.37,13.44,13.32,13.4,1650
2009-07-06 00:00:00,13.4,13.41,12.98,13.24,3346
2009-07-07 00:00:00,13.24,13.35,13.06,13.09,2718
2009-07-08 00:00:00,13.1,13.13,12.72,12.85,3818
2009-07-09 00:00:00,12.86,12.96,12.75,12.83,3495
2009-07-10 00:00:00,12.82,12.88,12.51,12.64,3805
2009-07-13 00:00:00,12.65,12.83,12.42,12.81,3543
2009-07-14 00:00:00,12.82,12.97,12.77,12.88,3122
2009-07-15 00:00:00,12.87,13.35,12.86,13.24,3505
2009-07-16 00:00:00,13.25,13.31,13.14,13.27,3346
2009-07-17 00:00:00,13.27,13.44,13.06,13.35,2301
2009-07-20 00:00:00,13.3,13.73,13.3,13.62,2797
2009-07-21 00:00:00,13.62,13.68,13.43,13.51,2641
2009-07-22 00:00:00,13.52,13.72,13.36,13.66,3168
2009-07-23 00:00:00,13.67,13.84,13.6,13.69,3463
2009-07-24 00:00:00,13.68,13.87,13.63,13.86,2809
2009-07-27 00:00:00,13.86,14.07,13.72,14.0,3178
2009-07-28 00:00:00,14.0,14.07,13.57,13.69,3449
2009-07-29 00:00:00,13.7,13.71,13.16,13.28,3098
2009-07-30 00:00:00,13.27,13.57,13.24,13.45,3008
2009-07-31 00:00:00,13.45,13.95,13.36,13.9,3432
2009-08-03 00:00:00,13.89,14.45,13.83,14.23,4015
2009-08-04 00:00:00,14.22,14.74,14.01,14.59,3595
2009-08-05 00:00:00,14.6,14.83,14.53,14.67,3609
2009-08-06 00:00:00,14.66,15.01,14.4,14.53,4501
2009-08-07 00:00:00,14.53,14.86,14.47,14.57,4740
2009-08-10 00:00:00,14.57,14.66,14.26,14.34,3960
2009-08-11 00:00:00,14.33,14.46,14.22,14.29,3055
2009-08-12 00:00:00,14.28,14.58,14.1,14.5,3743
2009-08-13 00:00:00,14.5,15.11,14.49,15.0,3383
2009-08-14 00:00:00,14.99,15.16,14.56,14.65,3768
2009-08-17 00:00:00,14.68,14.68,13.81,13.99,4702
2009-08-18 00:00:00,13.98,14.17,13.81,13.96,3690
2009-08-19 00:00:00,13.95,14.11,13.48,13.79,4177
2009-08-20 00:00:00,13.78,14.05,13.77,13.9,3316
2009-08-21 00:00:00,13.9,14.27,13.69,14.12,3408
2009-08-24 00:00:00,14.16,14.45,14.04,14.13,4423
2009-08-25 00:00:00,14.12,14.4,14.04,14.24,4431
2009-08-26 00:00:00,14.23,14.44,14.15,14.31,3374
2009-08-27 00:00:00,14.3,14.32,14.03,14.26,3209
2009-08-28 00:00:00,14.26,14.84,14.26,14.71,3931
2009-08-31 00:00:00,14.73,14.88,14.51,14.87,3916
2009-09-01 00:00:00,14.86,15.05,14.62,14.99,4401
2009-09-02 00:00:00,14.99,15.44,14.82,15.35,4677
2009-09-03 00:00:00,15.35,16.25,15.29,16.07,4850
2009-09-04 00:00:00,16.08,16.3,15.79,16.2,4792
2009-09-07 00:00:00,16.2,16.35,16.11,16.32,2065
2009-09-08 00:00:00,16.32,16.8,16.27,16.4,5649
2009-09-09 00:00:00,16.39,16.68,16.2,16.28,4497
2009-09-10 00:00:00,16.29,16.66,16.0,16.64,4792
2009-09-11 00:00:00,16.64,16.96,16.58,16.73,4508
2009-09-14 00:00:00,16.69,16.78,16.29,16.54,3626
2009-09-15 00:00:00,16.53,17.02,16.39,17.0,3903
2009-09-16 00:00:00,17.01,17.44,16.97,17.37,4319
2009-09-17 00:00:00,17.36,17.63,17.15,17.23,4580
2009-09-18 00:00:00,17.24,17.33,16.95,16.96,4457
2009-09-21 00:00:00,16.98,16.98,16.47,16.8,4429
2009-09-22 00:00:00,16.8,17.28,16.76,17.1,3780
2009-09-23 00:00:00,17.11,17.21,16.67,16.8,5043
2009-09-24 00:00:00,16.8,16.99,16.14,16.23,6289
2009-09-25 00:00:00,16.24,16.34,15.91,15.98,5677
2009-09-28 00:00:00,16.05,16.27,15.71,16.14,3995
2009-09-29 00:00:00,16.15,16.24,15.96,16.12,5003
2009-09-30 00:00:00,16.12,16.65,15.93,16.61,4962
2009-10-01 00:00:00,16.6,16.71,16.29,16.32,5436
2009-10-02 00:00:00,16.33,16.43,15.87,16.07,5776
2009-10-05 00:00:00,16.1,16.62,15.98,16.59,3986
2009-10-06 00:00:00,16.6,17.37,16.55,17.33,5243
2009-10-07 00:00:00,17.32,17.54,17.23,17.53,5396
2009-10-08 00:00:00,17.52,17.89,17.47,17.75,6217
2009-10-09 00:00:00,17.74,17.78,17.5,17.68,4691
2009-10-12 00:00:00,17.67,17.9,17.67,17.69,3329
2009-10-13 00:00:00,17.7,18.0,17.51,17.75,5101
2009-10-14 00:00:00,17.75,18.06,17.68,17.84,5386
2009-10-15 00:00:00,17.84,17.93,17.28,17.33,5914
2009-10-16 00:00:00,17.33,17.52,17.16,17.42,5332
2009-10-19 00:00:00,17.41,17.81,17.22,17.8,5437
2009-10-20 00:00:00,17.8,17.88,17.38,17.47,4599
2009-10-21 00:00:00,17.46,17.77,17.25,17.66,5668
2009-10-22 00:00:00,17.66,17.77,17.34,17.63,6192
2009-10-23 00:00:00,17.62,17.92,17.45,17.65,5639
2009-10-26 00:00:00,17.63,17.75,16.97,17.05,5986
2009-10-27 00:00:00,17.05,17.2,16.46,16.68,7527
2009-10-28 00:00:00,16.67,16.73,16.08,16.12,6938
2009-10-29 00:00:00,16.11,16.67,16.0,16.65,6166
2009-10-30 00:00:00,16.64,16.71,16.11,16.33,5250
2009-11-02 00:00:00,16.3,16.68,16.24,16.43,5966
2009-11-03 00:00:00,16.42,17.29,16.21,17.17,6578
2009-11-04 00:00:00,17.18,17.58,17.05,17.42,6210
2009-11-05 00:00:00,17.43,17.48,17.19,17.37,5205
2009-11-06 00:00:00,17.37,17.58,17.23,17.33,4569
2009-11-09 00:00:00,17.44,17.74,17.37,17.55,4757
2009-11-10 00:00:00,17.55,17.61,17.13,17.31,5236
2009-11-11 00:00:00,17.31,17.68,17.28,17.57,4439
2009-11-12 00:00:00,17.56,17.73,17.16,17.19,4560
2009-11-13 00:00:00,17.18,17.41,17.0,17.4,4510
2009-11-16 00:00:00,17.41,18.41,17.41,18.35,5490
2009-11-17 00:00:00,18.35,18.4,18.06,18.39,5872
2009-11-18 00:00:00,18.38,18.81,18.29,18.54,5577
2009-11-19 00:00:00,18.55,18.59,18.12,18.5,4863
2009-11-20 00:00:00,18.5,18.55,18.01,18.49,4263
2009-11-23 00:00:00,18.47,18.91,18.47,18.58,4754
2009-11-24 00:00:00,18.57,18.64,18.3,18.49,5423
2009-11-25 00:00:00,18.49,18.83,18.46,18.82,4026
2009-11-26 00:00:00,18.82,18.85,18.4,18.61,3177
2009-11-27 00:00:00,18.6,18.6,17.65,18.25,6429
2009-11-30 00:00:00,18.21,18.47,18.07,18.45,7392
2009-12-01 00:00:00,18.45,19.23,18.35,19.07,5192
2009-12-02 00:00:00,19.07,19.4,19.02,19.2,5883
2009-12-03 00:00:00,19.2,19.42,18.77,18.79,6740
2009-12-04 00:00:00,18.79,18.91,18.26,18.46,8272
2009-12-07 00:00:00,18.45,18.51,17.83,18.15,8574
2009-12-08 00:00:00,18.16,18.32,17.5,17.55,7093
2009-12-09 00:00:00,17.55,17.86,17.09,17.34,8547
2009-12-10 00:00:00,17.34,17.51,17.09,17.38,6661
2009-12-11 00:00:00,17.37,17.57,16.87,17.14,6934
2009-12-14 00:00:00,17.12,17.36,17.03,17.35,6032
2009-12-15 00:00:00,17.35,17.44,17.08,17.38,5346
2009-12-16 00:00:00,17.38,17.75,17.23,17.67,5329
2009-12-17 00:00:00,17.67,17.75,17.05,17.11,6139
2009-12-18 00:00:00,17.1,17.33,17.05,17.23,5599
2009-12-21 00:00:00,17.25,17.46,16.92,16.99,4605
2009-12-22 00:00:00,17.0,17.13,16.73,16.95,4910
2009-12-23 00:00:00,16.94,17.18,16.82,17.06,3528
2009-12-24 00:00:00,17.06,17.47,17.06,17.44,2470
2009-12-28 00:00:00,17.43,17.62,17.39,17.47,2500
2009-12-29 00:00:00,17.46,17.48,17.02,17.06,3466
2009-12-30 00:00:00,17.07,17.12,16.71,16.77,5059
2009-12-31 00:00:00,16.76,17.05,16.74,16.83,3510
2010-01-04 00:00:00,16.87,17.55,16.8,17.54,5021
2010-01-05 00:00:00,17.54,17.83,17.46,17.75,4893
2010-01-06 00:00:00,17.74,18.19,17.7,18.16,5442
2010-01-07 00:00:00,18.16,18.33,18.01,18.2,4973
2010-01-08 00:00:00,18.19,18.47,18.01,18.43,5238
2010-01-11 00:00:00,18.42,18.86,18.37,18.53,8924
2010-01-12 00:00:00,18.53,18.76,18.12,18.22,8406
2010-01-13 00:00:00,18.23,18.6,18.05,18.58,6228
2010-01-14 00:00:00,18.59,18.69,18.41,18.63,5539
2010-01-15 00:00:00,18.63,18.64,18.36,18.39,4757
2010-01-18 00:00:00,18.35,18.65,18.34,18.6,2150
2010-01-19 00:00:00,18.59,18.81,18.44,18.72,4917
2010-01-20 00:00:00,18.74,18.81,17.76,17.86,7080
2010-01-21 00:00:00,17.86,18.02,17.3,17.37,8267
2010-01-22 00:00:00,17.37,17.47,16.84,17.05,8549
2010-01-25 00:00:00,16.99,17.22,16.92,17.11,6175
2010-01-26 00:00:00,17.1,17.22,16.31,16.71,7381
2010-01-27 00:00:00,16.71,16.92,16.39,16.54,7567
2010-01-28 00:00:00,16.55,16.72,15.99,16.21,8246
2010-01-29 00:00:00,16.23,16.32,15.98,16.16,6546
2010-02-01 00:00:00,16.17,16.67,16.06,16.63,5272
2010-02-02 00:00:00,16.64,16.76,16.51,16.68,5477
2010-02-03 00:00:00,16.68,16.91,16.25,16.33,14923
2010-02-04 00:00:00,16.34,16.38,15.15,15.23,7889
2010-02-05 00:00:00,15.22,15.34,14.62,15.15,9165
2010-02-08 00:00:00,15.1,15.27,14.92,14.96,6736
2010-02-09 00:00:00,14.97,15.56,14.92,15.42,7881
2010-02-10 00:00:00,15.42,15.6,15.05,15.17,7397
2010-02-11 00:00:00,15.17,15.69,15.15,15.62,7554
2010-02-12 00:00:00,15.59,15.7,15.18,15.48,7250
2010-02-15 00:00:00,15.5,15.6,15.42,15.51,2290
2010-02-16 00:00:00,15.52,16.18,15.46,16.09,4759
2010-02-17 00:00:00,16.08,16.29,15.8,15.84,7079
2010-02-18 00:00:00,15.84,16.23,15.65,15.82,7201
2010-02-19 00:00:00,15.82,16.48,15.73,16.25,6761
2010-02-22 00:00:00,16.38,16.53,16.11,16.22,4203
2010-02-23 00:00:00,16.21,16.4,15.76,15.81,5126
2010-02-24 00:00:00,15.82,15.97,15.61,15.93,4664
2010-02-25 00:00:00,15.94,16.13,15.59,16.05,5821
2010-02-26 00:00:00,16.06,16.49,15.99,16.41,5989
2010-03-01 00:00:00,16.62,16.72,16.39,16.43,5886
2010-03-02 00:00:00,16.44,17.05,16.3,16.88,5277
2010-03-03 00:00:00,16.88,17.32,16.84,17.17,4775
2010-03-04 00:00:00,17.15,17.34,17.02,17.09,4847
2010-03-05 00:00:00,17.09,17.46,17.08,17.29,4731
2010-03-08 00:00:00,17.36,17.49,17.08,17.21,4332
2010-03-09 00:00:00,17.2,17.37,16.84,17.22,4481
2010-03-10 00:00:00,17.22,17.61,16.9,16.99,5436
2010-03-11 00:00:00,16.99,17.15,16.79,17.14,5476
2010-03-12 00:00:00,17.14,17.3,16.93,17.06,5171
2010-03-15 00:00:00,17.02,17.13,16.92,17.09,3899
2010-03-16 00:00:00,17.08,17.45,17.04,17.42,3972
2010-03-17 00:00:00,17.42,17.56,17.33,17.44,3934
2010-03-18 00:00:00,17.45,17.52,17.29,17.38,3947
2010-03-19 00:00:00,17.37,17.37,16.94,16.96,4401
2010-03-22 00:00:00,16.91,16.97,16.59,16.94,4297
2010-03-23 00:00:00,16.95,17.11,16.69,17.0,3941
2010-03-24 00:00:00,17.0,17.0,16.54,16.55,4569
2010-03-25 00:00:00,16.54,16.82,16.51,16.59,4680
2010-03-26 00:00:00,16.59,16.94,16.53,16.9,4696
2010-03-29 00:00:00,16.92,17.4,16.9,17.34,3168
2010-03-30 00:00:00,17.31,17.44,17.19,17.26,3089
2010-03-31 00:00:00,17.26,17.6,17.2,17.45,3749
2010-04-01 00:00:00,17.46,17.96,17.44,17.91,3696
2010-04-02 00:00:00,17.91,17.92,17.58,17.58,468
2010-04-05 00:00:00,17.77,18.1,17.77,18.06,2777
2010-04-06 00:00:00,18.06,18.06,17.82,17.9,3460
2010-04-07 00:00:00,17.91,18.22,17.89,18.14,3771
2010-04-08 00:00:00,18.13,18.15,17.89,18.07,3918
2010-04-09 00:00:00,18.07,18.4,18.01,18.34,3660
2010-04-12 00:00:00,18.43,18.58,18.13,18.22,3859
2010-04-13 00:00:00,18.19,18.28,17.92,18.2,4388
2010-04-14 00:00:00,18.19,18.46,18.17,18.42,4136
2010-04-15 00:00:00,18.41,18.49,18.19,18.38,3012
2010-04-16 00:00:00,18.38,18.39,17.59,17.72,4682
2010-04-19 00:00:00,17.63,17.74,17.46,17.72,3517
2010-04-20 00:00:00,17.72,18.01,17.67,17.82,2953
2010-04-21 00:00:00,17.81,18.13,17.68,18.06,3433
2010-04-22 00:00:00,18.05,18.14,17.74,17.96,3419
2010-04-23 00:00:00,17.95,18.22,17.82,18.21,3548
2010-04-26 00:00:00,18.33,18.38,18.21,18.27,2847
2010-04-27 00:00:00,18.27,18.38,18.03,18.14,3835
2010-04-28 00:00:00,18.13,18.21,17.8,18.07,4289
2010-04-29 00:00:00,18.07,18.54,18.03,18.44,3131
2010-04-30 00:00:00,18.43,18.74,18.42,18.61,3441
2010-05-03 00:00:00,18.58,18.84,18.48,18.77,3074
2010-05-04 00:00:00,18.78,18.79,17.78,17.84,5213
2010-05-05 00:00:00,17.83,17.85,17.04,17.44,6501
2010-05-06 00:00:00,17.43,17.73,17.22,17.68,8389
2010-05-07 00:00:00,17.67,18.62,17.43,18.34,9958
2010-05-10 00:00:00,18.21,18.62,18.17,18.5,5591
2010-05-11 00:00:00,18.49,19.36,18.36,19.28,6368
2010-05-12 00:00:00,19.28,19.69,19.05,19.5,7158
2010-05-13 00:00:00,19.46,19.79,19.3,19.39,5898
2010-05-14 00:00:00,19.39,19.68,18.93,19.27,7410
2010-05-17 00:00:00,19.27,19.37,18.71,18.88,7933
2010-05-18 00:00:00,18.88,19.09,18.61,19.0,7690
2010-05-19 00:00:00,19.0,19.0,17.92,18.2,9426
2010-05-20 00:00:00,18.2,18.28,17.47,17.64,8409
2010-05-21 00:00:00,17.64,17.85,17.39,17.61,8841
2010-05-24 00:00:00,17.63,18.04,17.63,17.87,6211
2010-05-25 00:00:00,17.88,17.93,17.5,17.93,6876
2010-05-26 00:00:00,17.93,18.37,17.89,18.04,4143
2010-05-27 00:00:00,18.05,18.54,17.99,18.49,3981
2010-05-28 00:00:00,18.48,18.6,18.22,18.36,5762
2010-05-31 00:00:00,18.36,18.58,18.32,18.54,1807
2010-06-01 00:00:00,18.55,18.68,18.24,18.4,5001
2010-06-02 00:00:00,18.4,18.47,18.06,18.33,4847
2010-06-03 00:00:00,18.33,18.43,17.8,17.96,5686
2010-06-04 00:00:00,17.97,18.0,17.27,17.38,6680
2010-06-07 00:00:00,17.36,18.24,17.15,18.13,7040
2010-06-08 00:00:00,18.12,18.46,18.05,18.25,6594
2010-06-09 00:00:00,18.24,18.34,18.06,18.11,5357
2010-06-10 00:00:00,18.11,18.4,17.87,18.19,5198
2010-06-11 00:00:00,18.19,18.5,18.04,18.18,3794
2010-06-14 00:00:00,18.26,18.54,18.2,18.2,3015
2010-06-15 00:00:00,18.19,18.64,18.18,18.53,4569
2010-06-16 00:00:00,18.52,18.63,18.37,18.44,3518
2010-06-17 00:00:00,18.44,18.85,18.3,18.69,4171
2010-06-18 00:00:00,18.69,19.24,18.67,19.12,4181
2010-06-21 00:00:00,19.16,19.43,18.64,18.7,6283
2010-06-22 00:00:00,18.7,18.96,18.57,18.78,5807
2010-06-23 00:00:00,18.79,18.93,18.31,18.5,4352
2010-06-24 00:00:00,18.49,18.79,18.16,18.67,4280
2010-06-25 00:00:00,18.66,19.11,18.58,19.02,4019
2010-06-28 00:00:00,19.0,19.21,18.62,18.73,4025
2010-06-29 00:00:00,18.73,18.76,18.36,18.46,4502
2010-06-30 00:00:00,18.46,18.76,18.44,18.59,4099
2010-07-01 00:00:00,18.58,18.64,17.69,17.75,5724
2010-07-02 00:00:00,17.75,18.07,17.59,17.79,5507
2010-07-05 00:00:00,17.8,17.9,17.65,17.78,2419
2010-07-06 00:00:00,17.77,18.01,17.6,17.82,4874
2010-07-07 00:00:00,17.82,18.07,17.55,18.03,3879
2010-07-08 00:00:00,18.02,18.15,17.72,17.95,4192
2010-07-09 00:00:00,17.96,18.21,17.81,18.1,3400
2010-07-12 00:00:00,18.05,18.12,17.76,17.93,3765
2010-07-13 00:00:00,17.94,18.32,17.85,18.24,4373
2010-07-14 00:00:00,18.24,18.47,18.09,18.29,3893
2010-07-15 00:00:00,18.28,18.52,18.17,18.34,5018
2010-07-16 00:00:00,18.33,18.38,17.74,17.87,5405
2010-07-19 00:00:00,17.83,17.9,17.49,17.58,4584
2010-07-20 00:00:00,17.59,17.76,17.43,17.68,4208
2010-07-21 00:00:00,17.68,17.87,17.56,17.64,4097
2010-07-22 00:00:00,17.64,18.17,17.57,18.08,3865
2010-07-23 00:00:00,18.08,18.26,18.04,18.09,3809
2010-07-26 00:00:00,18.1,18.25,17.97,18.17,4102
2010-07-27 00:00:00,18.16,18.22,17.58,17.65,4682
2010-07-28 00:00:00,17.65,17.73,17.33,17.49,3987
2010-07-29 00:00:00,17.49,17.68,17.44,17.61,3823
2010-07-30 00:00:00,17.61,18.1,17.52,17.96,4252
2010-08-02 00:00:00,17.97,18.55,17.96,18.36,4263
2010-08-03 00:00:00,18.35,18.59,18.3,18.37,3923
2010-08-04 00:00:00,18.37,18.68,18.22,18.27,4235
2010-08-05 00:00:00,18.26,18.46,18.19,18.33,3033
2010-08-06 00:00:00,18.33,18.57,18.26,18.45,3820
2010-08-09 00:00:00,18.44,18.57,18.22,18.32,3140
2010-08-10 00:00:00,18.33,18.44,17.97,18.31,4853
2010-08-11 00:00:00,18.31,18.35,17.81,17.89,4452
2010-08-12 00:00:00,17.89,18.1,17.78,18.05,3808
2010-08-13 00:00:00,18.05,18.17,17.96,18.12,3010
2010-08-16 00:00:00,18.09,18.48,18.06,18.38,3366
2010-08-17 00:00:00,18.38,18.61,18.34,18.51,4199
2010-08-18 00:00:00,18.51,18.55,18.17,18.36,3440
2010-08-19 00:00:00,18.36,18.57,18.22,18.29,3910
2010-08-20 00:00:00,18.28,18.33,17.85,17.96,3414
2010-08-23 00:00:00,17.98,18.06,17.9,17.98,3604
2010-08-24 00:00:00,17.98,18.46,17.74,18.35,4209
2010-08-25 00:00:00,18.35,19.02,18.31,18.91,4907
2010-08-26 00:00:00,18.91,19.15,18.63,18.92,3921
2010-08-27 00:00:00,18.93,19.32,18.88,19.07,3817
2010-08-30 00:00:00,19.04,19.2,18.97,19.0,2711
2010-08-31 00:00:00,19.01,19.41,18.82,19.36,3443
2010-09-01 00:00:00,19.35,19.49,19.28,19.35,1986
2010-09-02 00:00:00,19.34,19.69,19.31,19.63,1899
2010-09-03 00:00:00,19.64,19.93,19.47,19.83,2274
2010-09-06 00:00:00,19.89,19.94,19.76,19.94,661
2010-09-07 00:00:00,19.93,20.0,19.53,19.77,2294
2010-09-08 00:00:00,19.78,20.13,19.76,19.89,2450
2010-09-09 00:00:00,19.9,20.05,19.67,19.69,2308
2010-09-10 00:00:00,19.7,20.02,19.67,19.85,2295
2010-09-13 00:00:00,19.87,20.21,19.79,20.04,2293
2010-09-14 00:00:00,20.05,20.51,19.95,20.47,2632
2010-09-15 00:00:00,20.46,20.62,20.32,20.57,2130
2010-09-16 00:00:00,20.58,20.82,20.45,20.77,2277
2010-09-17 00:00:00,20.78,20.99,20.61,20.72,2368
2010-09-20 00:00:00,20.73,20.97,20.7,20.74,2155
2010-09-21 00:00:00,20.73,21.07,20.51,20.95,2712
2010-09-22 00:00:00,20.96,21.16,20.9,21.14,2771
2010-09-23 00:00:00,21.13,21.23,20.87,21.12,2320
2010-09-24 00:00:00,21.11,21.45,21.1,21.45,2282
2010-09-27 00:00:00,21.43,21.62,21.34,21.43,1844
2010-09-28 00:00:00,21.44,21.77,21.02,21.73,3092
2010-09-29 00:00:00,21.74,22.04,21.69,21.91,2596
2010-09-30 00:00:00,21.92,22.08,21.55,21.75,2833
2010-10-01 00:00:00,21.76,22.15,21.71,22.11,2366
2010-10-04 00:00:00,22.09,22.21,21.89,21.94,2161
2010-10-05 00:00:00,21.93,22.88,21.81,22.83,2592
2010-10-06 00:00:00,22.82,23.17,22.75,23.17,3199
2010-10-07 00:00:00,23.18,23.51,22.46,22.51,4544
2010-10-08 00:00:00,22.5,23.29,22.33,23.22,4030
2010-10-11 00:00:00,23.21,23.65,23.04,23.29,3729
2010-10-12 00:00:00,23.3,23.47,22.93,23.32,3785
2010-10-13 00:00:00,23.31,24.07,23.26,24.0,3404
2010-10-14 00:00:00,23.99,24.91,23.98,24.64,4848
2010-10-15 00:00:00,24.63,24.84,24.07,24.26,4749
2010-10-18 00:00:00,24.27,24.5,23.71,24.32,4048
2010-10-19 00:00:00,24.33,24.49,23.27,23.36,5539
2010-10-20 00:00:00,23.35,23.96,23.29,23.94,4579
2010-10-21 00:00:00,23.95,24.05,23.03,23.19,6335
2010-10-22 00:00:00,23.2,23.4,22.84,23.27,4467
2010-10-25 00:00:00,23.26,23.85,23.26,23.64,4789
2010-10-26 00:00:00,23.63,23.93,23.17,23.87,4202
2010-10-27 00:00:00,23.88,24.22,23.36,23.58,5648
2010-10-28 00:00:00,23.57,24.03,23.5,23.98,3883
2010-10-29 00:00:00,23.99,24.72,23.75,24.71,4220
2010-11-01 00:00:00,24.72,25.05,24.52,24.69,5361
2010-11-02 00:00:00,24.68,24.92,24.63,24.92,3439
2010-11-03 00:00:00,24.91,25.04,23.93,24.84,5605
2010-11-04 00:00:00,24.85,26.31,24.75,26.3,5563
2010-11-05 00:00:00,26.31,26.92,25.87,26.77,6241
2010-11-08 00:00:00,26.75,27.74,26.52,27.73,7557
2010-11-09 00:00:00,27.74,29.35,26.44,26.92,11282
2010-11-10 00:00:00,26.91,28.18,26.51,27.26,14548
2010-11-11 00:00:00,27.27,27.84,26.92,27.68,9202
2010-11-12 00:00:00,27.69,27.69,25.8,26.08,10874
2010-11-15 00:00:00,26.04,26.49,25.42,25.47,9271
2010-11-16 00:00:00,25.48,25.85,24.99,25.46,9552
2010-11-17 00:00:00,25.45,25.91,25.04,25.64,8679
2010-11-18 00:00:00,25.63,27.05,25.6,26.96,8152
2010-11-19 00:00:00,26.97,27.4,26.37,27.33,9034
2010-11-22 00:00:00,27.69,27.91,27.1,27.87,9201
2010-11-23 00:00:00,27.86,27.91,27.05,27.51,8790
2010-11-24 00:00:00,27.5,27.7,27.13,27.56,5787
2010-11-25 00:00:00,27.57,27.59,27.34,27.56,3048
2010-11-26 00:00:00,27.51,27.54,26.43,26.71,5822
2010-11-29 00:00:00,26.8,27.26,26.49,27.13,7030
2010-11-30 00:00:00,27.14,28.33,26.91,28.08,7631
2010-12-01 00:00:00,28.09,28.83,27.97,28.45,7377
2010-12-02 00:00:00,28.44,29.02,28.29,28.53,8084
2010-12-03 00:00:00,28.54,29.39,28.54,29.26,6957
2010-12-06 00:00:00,29.35,30.28,29.35,30.16,8711
2010-12-07 00:00:00,30.17,30.7,28.48,28.67,9964
2010-12-08 00:00:00,28.68,29.25,27.98,28.39,11088
2010-12-09 00:00:00,28.38,29.0,28.17,28.74,7654
2010-12-10 00:00:00,28.73,28.98,28.05,28.63,7259
2010-12-13 00:00:00,28.67,29.7,28.45,29.51,6747
2010-12-14 00:00:00,29.5,29.94,29.18,29.45,7930
2010-12-15 00:00:00,29.46,29.59,28.7,28.78,7561
2010-12-16 00:00:00,28.77,29.21,28.31,28.87,7518
2010-12-17 00:00:00,28.86,29.3,28.65,29.15,5727
2010-12-20 00:00:00,29.16,29.5,28.76,29.34,5943
2010-12-21 00:00:00,29.35,29.56,29.01,29.33,4772
2010-12-22 00:00:00,29.34,29.45,29.19,29.2,3831
2010-12-23 00:00:00,29.21,29.37,28.91,29.29,3299
2010-12-24 00:00:00,29.28,29.34,29.24,29.27,29
2010-12-27 00:00:00,29.28,29.3,28.77,29.25,4086
2010-12-28 00:00:00,29.11,30.32,29.11,30.27,4824
2010-12-29 00:00:00,30.26,30.67,30.11,30.58,4149
2010-12-30 00:00:00,30.57,30.89,30.32,30.43,3722
2010-12-31 00:00:00,30.42,30.9,30.41,30.88,2511
2011-01-03 00:00:00,30.9,31.24,30.47,30.68,8002
2011-01-04 00:00:00,30.69,30.85,29.31,29.73,18822
2011-01-05 00:00:00,29.74,29.86,28.55,29.24,14620
2011-01-06 00:00:00,29.23,29.57,28.79,29.07,6969
2011-01-07 00:00:00,29.08,29.34,28.33,28.75,7666
2011-01-10 00:00:00,28.68,29.1,28.63,29.08,5574
2011-01-11 00:00:00,29.09,29.67,29.02,29.51,4503
2011-01-12 00:00:00,29.5,29.81,29.37,29.66,6117
2011-01-13 00:00:00,29.65,29.78,28.5,28.67,6643
2011-01-14 00:00:00,28.68,28.95,28.09,28.4,6981
2011-01-17 00:00:00,28.42,28.67,28.03,28.3,3152
2011-01-18 00:00:00,28.29,29.05,28.21,28.85,5076
2011-01-19 00:00:00,28.86,29.48,28.64,28.78,5775
2011-01-20 00:00:00,28.79,28.8,27.4,27.48,6858
2011-01-21 00:00:00,27.47,27.65,27.1,27.47,6003
2011-01-24 00:00:00,27.51,27.97,26.84,26.93,6423
2011-01-25 00:00:00,26.94,27.04,26.57,26.82,6227
2011-01-26 00:00:00,26.83,27.65,26.67,27.6,5331
2011-01-27 00:00:00,27.61,27.8,26.77,26.92,5721
2011-01-28 00:00:00,26.91,28.03,26.39,27.93,7212
2011-01-31 00:00:00,27.97,28.43,27.54,28.07,6445
2011-02-01 00:00:00,28.06,28.65,27.87,28.53,6098
2011-02-02 00:00:00,28.54,28.73,28.11,28.34,5998
2011-02-03 00:00:00,28.33,28.99,27.99,28.92,5739
2011-02-04 00:00:00,28.91,29.3,28.73,29.07,4786
2011-02-07 00:00:00,29.14,29.47,29.02,29.38,4542
2011-02-08 00:00:00,29.37,30.35,29.27,30.31,4726
2011-02-09 00:00:00,30.32,30.51,30.07,30.21,4511
2011-02-10 00:00:00,30.2,30.28,29.66,30.2,5019
2011-02-11 00:00:00,30.19,30.29,29.7,29.91,4605
2011-02-14 00:00:00,29.88,30.71,29.8,30.6,3730
2011-02-15 00:00:00,30.59,30.91,30.49,30.77,4081
2011-02-16 00:00:00,30.76,30.96,30.29,30.64,4215
2011-02-17 00:00:00,30.65,31.78,30.56,31.75,4058
2011-02-18 00:00:00,31.74,32.87,31.61,32.53,5294
2011-02-21 00:00:00,32.64,33.99,32.6,33.88,3966
2011-02-22 00:00:00,33.87,34.32,32.39,33.08,9333
2011-02-23 00:00:00,33.07,33.77,32.69,33.54,7103
2011-02-24 00:00:00,33.53,33.75,31.73,32.14,7975
2011-02-25 00:00:00,32.13,33.33,32.07,33.31,6800
2011-02-28 00:00:00,33.35,33.98,33.27,33.88,7485
2011-03-01 00:00:00,33.89,34.69,33.79,34.66,6616
2011-03-02 00:00:00,34.67,34.97,34.22,34.65,5804
2011-03-03 00:00:00,34.66,34.94,34.03,34.21,6845
2011-03-04 00:00:00,34.2,35.55,34.18,35.52,5803
2011-03-07 00:00:00,35.64,36.73,35.61,35.89,9539
2011-03-08 00:00:00,35.9,36.52,35.51,36.02,8054
2011-03-09 00:00:00,36.03,36.42,35.62,36.11,6931
2011-03-10 00:00:00,36.1,36.17,34.67,35.26,7792
2011-03-11 00:00:00,35.26,36.14,34.04,35.85,17623
2011-03-14 00:00:00,35.88,36.48,35.49,35.92,11763
2011-03-15 00:00:00,35.91,35.93,33.55,34.22,15394
2011-03-16 00:00:00,34.22,35.05,33.84,34.23,16191
2011-03-17 00:00:00,34.23,34.65,33.67,34.25,11976
2011-03-18 00:00:00,34.24,35.39,34.13,35.1,10983
2011-03-21 00:00:00,35.24,36.22,35.24,36.09,11186
2011-03-22 00:00:00,36.08,36.44,35.73,36.35,9974
2011-03-23 00:00:00,36.36,37.37,36.14,37.34,9172
2011-03-24 00:00:00,37.34,38.16,36.84,37.14,11184
2011-03-25 00:00:00,37.15,37.78,36.86,37.25,14895
2011-03-28 00:00:00,37.32,37.39,36.43,37.12,12034
2011-03-29 00:00:00,37.13,37.22,36.52,37.06,10436
2011-03-30 00:00:00,37.07,37.73,36.88,37.43,8806
2011-03-31 00:00:00,37.43,37.94,37.35,37.65,8974
2011-04-01 00:00:00,37.64,37.83,37.06,37.73,11547
2011-04-04 00:00:00,37.78,38.58,37.75,38.57,6725
2011-04-05 00:00:00,38.57,39.3,38.05,39.3,10334
2011-04-06 00:00:00,39.29,39.75,39.09,39.56,11422
2011-04-07 00:00:00,39.55,39.68,39.2,39.64,10087
2011-04-08 00:00:00,39.6,40.86,39.5,40.81,9448
2011-04-11 00:00:00,40.92,41.95,39.77,40.25,20152
2011-04-12 00:00:00,40.25,40.88,39.69,40.09,15677
2011-04-13 00:00:00,40.1,40.74,40.03,40.62,14584
2011-04-14 00:00:00,40.61,42.19,40.44,42.14,12857
2011-04-15 00:00:00,42.15,42.88,41.81,42.86,12243
2011-04-18 00:00:00,42.54,43.54,42.18,43.4,18838
2011-04-19 00:00:00,43.39,44.14,42.73,43.93,16817
2011-04-20 00:00:00,43.93,45.37,43.8,45.23,17820
2011-04-21 00:00:00,45.23,46.66,45.03,46.58,19947
2011-04-22 00:00:00,46.59,46.82,46.52,46.74,120
2011-04-25 00:00:00,47.23,49.78,45.61,46.85,34271
2011-04-26 00:00:00,46.85,47.1,44.6,45.46,29258
2011-04-27 00:00:00,45.47,48.29,44.85,47.82,22760
2011-04-28 00:00:00,47.81,49.49,47.24,48.43,29076
2011-04-29 00:00:00,48.43,49.18,47.69,48.01,21436
2011-05-02 00:00:00,47.95,48.0,42.4,43.78,30949
2011-05-03 00:00:00,43.79,45.56,40.59,41.51,26857
2011-05-04 00:00:00,41.52,42.29,38.94,39.33,25078
2011-05-05 00:00:00,39.32,39.56,34.25,34.69,24694
2011-05-06 00:00:00,34.795,36.405,33.055,34.885,44040
2011-05-09 00:00:00,35.555,37.955,35.215,37.795,20896
2011-05-10 00:00:00,37.655,38.81,37.31,38.485,29234
2011-05-11 00:00:00,38.445,39.47,35.015,35.165,38162
2011-05-12 00:00:00,35.155,35.9,32.315,34.675,48913
2011-05-13 00:00:00,34.595,36.445,33.925,34.985,40247
2011-05-16 00:00:00,34.925,35.395,33.475,33.525,21847
2011-05-17 00:00:00,33.745,34.375,32.975,33.945,18896
2011-05-18 00:00:00,33.993,35.53,33.865,35.075,19657
2011-05-19 00:00:00,35.085,35.745,34.535,34.975,23814
2011-05-20 00:00:00,34.935,35.555,34.21,35.035,23939
2011-05-23 00:00:00,35.045,35.405,34.35,35.055,18514
2011-05-24 00:00:00,35.14,36.705,34.885,36.595,17556
2011-05-25 00:00:00,36.605,37.955,36.24,37.885,20100
2011-05-26 00:00:00,37.875,38.84,36.27,37.255,26123
2011-05-27 00:00:00,37.195,38.19,37.175,37.935,22134
2011-05-30 00:00:00,38.075,38.375,37.775,38.075,7347
2011-05-31 00:00:00,38.115,38.735,37.945,38.465,16726
2011-06-01 00:00:00,38.485,38.495,36.365,36.735,29487
2011-06-02 00:00:00,36.845,37.405,35.585,36.145,23003
2011-06-03 00:00:00,36.175,36.415,35.075,36.155,23724
2011-06-06 00:00:00,36.31,37.27,36.31,36.755,17646
2011-06-07 00:00:00,36.725,37.485,36.465,37.115,19727
2011-06-08 00:00:00,37.115,37.215,36.05,36.775,18916
2011-06-09 00:00:00,36.81,37.61,36.545,37.505,16102
2011-06-10 00:00:00,37.505,37.815,36.055,36.085,18142
2011-06-13 00:00:00,35.915,36.275,34.535,34.75,15503
2011-06-14 00:00:00,34.735,35.575,34.39,35.395,17055
2011-06-15 00:00:00,35.39,35.95,34.79,35.775,18205
2011-06-16 00:00:00,35.775,35.795,35.15,35.505,17165
2011-06-17 00:00:00,35.5,35.89,34.905,35.815,15993
2011-06-20 00:00:00,36.015,36.135,35.24,36.05,11849
2011-06-21 00:00:00,35.985,36.535,35.665,36.33,18239
2011-06-22 00:00:00,36.415,36.74,35.87,36.335,14609
2011-06-23 00:00:00,36.275,36.325,34.67,35.285,27251
2011-06-24 00:00:00,35.255,35.355,34.135,34.175,19273
2011-06-27 00:00:00,34.215,34.225,33.35,33.515,12448
2011-06-28 00:00:00,33.545,34.1,33.505,33.915,10939
2011-06-29 00:00:00,33.91,34.905,33.83,34.85,10562
2011-06-30 00:00:00,34.825,35.11,34.425,34.635,11744
2011-07-01 00:00:00,34.655,34.795,33.44,33.845,11552
2011-07-04 00:00:00,33.795,34.16,33.775,34.095,2358
2011-07-05 00:00:00,34.075,35.635,33.84,35.455,9916
2011-07-06 00:00:00,35.445,36.235,35.035,35.855,14242
2011-07-07 00:00:00,35.835,36.605,35.675,36.405,16107
2011-07-08 00:00:00,36.4,36.83,35.98,36.635,10948
2011-07-11 00:00:00,36.615,36.905,35.51,35.755,14490
2011-07-12 00:00:00,35.75,36.405,34.78,36.055,17872
2011-07-13 00:00:00,36.075,38.3,36.015,38.105,18188
2011-07-14 00:00:00,38.1,39.34,37.965,38.315,24205
2011-07-15 00:00:00,38.31,39.195,37.855,39.195,19424
2011-07-18 00:00:00,39.295,40.695,39.295,40.495,20746
2011-07-19 00:00:00,40.495,40.835,38.575,39.035,17682
2011-07-20 00:00:00,38.975,40.105,38.195,40.015,18149
2011-07-21 00:00:00,40.045,40.335,38.825,39.375,23159
2011-07-22 00:00:00,39.375,40.255,38.845,40.055,16102
2011-07-25 00:00:00,40.38,41.055,39.835,40.305,19672
2011-07-26 00:00:00,40.305,40.945,39.985,40.845,16663
2011-07-27 00:00:00,40.845,41.435,40.085,40.255,17150
2011-07-28 00:00:00,40.175,40.555,39.305,39.775,16097
2011-07-29 00:00:00,39.745,40.365,39.295,39.875,13216
2011-08-01 00:00:00,39.615,40.015,39.015,39.275,21111
2011-08-02 00:00:00,39.215,40.835,39.175,40.775,18440
2011-08-03 00:00:00,40.775,42.005,40.535,41.655,24639
2011-08-04 00:00:00,41.715,42.235,38.455,38.885,32554
2011-08-05 00:00:00,38.665,39.815,37.515,38.285,28681
2011-08-08 00:00:00,38.975,40.375,38.245,38.995,30983
2011-08-09 00:00:00,38.995,39.565,36.985,37.525,36056
2011-08-10 00:00:00,37.525,39.495,37.525,39.255,27082
2011-08-11 00:00:00,39.235,39.805,37.925,38.685,25409
2011-08-12 00:00:00,38.7,39.175,38.175,39.095,19047
2011-08-15 00:00:00,39.015,39.945,38.685,39.845,14501
2011-08-16 00:00:00,39.835,40.115,39.265,39.855,14840
2011-08-17 00:00:00,39.855,40.565,39.755,40.315,14980
2011-08-18 00:00:00,40.315,40.895,40.035,40.575,15299
2011-08-19 00:00:00,40.565,42.805,40.505,42.775,21298
2011-08-22 00:00:00,43.275,44.025,42.455,43.715,24959
2011-08-23 00:00:00,43.755,44.175,41.475,41.885,33356
2011-08-24 00:00:00,41.775,42.415,39.045,39.695,21264
2011-08-25 00:00:00,39.695,41.155,38.735,41.055,16320
2011-08-26 00:00:00,41.095,41.435,40.085,41.425,24008
2011-08-29 00:00:00,41.625,41.665,40.265,40.825,18096
2011-08-30 00:00:00,40.785,41.635,40.385,41.275,19802
2011-08-31 00:00:00,41.275,42.005,41.055,41.535,18910
2011-09-01 00:00:00,41.535,41.795,41.185,41.555,15681
2011-09-02 00:00:00,41.485,43.355,41.465,43.235,21101
2011-09-05 00:00:00,43.065,43.375,42.305,42.885,13312
2011-09-06 00:00:00,42.885,43.235,41.515,41.995,31321
2011-09-07 00:00:00,41.995,42.195,40.395,41.535,26855
2011-09-08 00:00:00,41.535,42.635,41.275,42.285,20936
2011-09-09 00:00:00,42.285,42.675,41.155,41.585,28979
2011-09-12 00:00:00,41.435,41.455,39.675,40.265,26921
2011-09-13 00:00:00,40.255,41.265,39.995,40.955,24222
2011-09-14 00:00:00,41.005,41.295,40.235,40.675,22723
2011-09-15 00:00:00,40.695,40.745,39.305,39.815,23235
2011-09-16 00:00:00,39.845,40.895,39.365,40.415,20191
2011-09-19 00:00:00,40.655,40.825,38.945,39.635,24559
2011-09-20 00:00:00,39.555,40.275,39.135,39.755,23927
2011-09-21 00:00:00,39.735,40.665,39.355,39.635,24809
2011-09-22 00:00:00,39.535,39.745,35.455,35.835,24041
2011-09-23 00:00:00,35.795,36.595,29.775,30.705,31885
2011-09-26 00:00:00,30.435,30.885,26.045,30.715,34081
2011-09-27 00:00:00,30.565,33.505,30.195,31.875,22369
2011-09-28 00:00:00,31.775,32.815,29.455,29.825,22630
2011-09-29 00:00:00,29.855,31.475,29.075,30.575,20896
2011-09-30 00:00:00,30.525,31.285,29.625,29.655,18297
2011-10-03 00:00:00,29.905,31.385,29.785,30.385,15949
2011-10-04 00:00:00,30.395,31.305,28.635,30.055,21035
2011-10-05 00:00:00,30.145,30.615,28.405,30.395,18457
2011-10-06 00:00:00,30.425,32.185,30.225,31.965,15997
2011-10-07 00:00:00,31.875,32.795,30.695,31.105,13609
2011-10-10 00:00:00,31.295,32.315,31.235,32.035,11724
2011-10-11 00:00:00,32.065,32.525,31.335,32.035,14194
2011-10-12 00:00:00,32.105,33.035,31.825,32.575,12511
2011-10-13 00:00:00,32.525,32.755,31.445,31.865,13180
2011-10-14 00:00:00,31.765,32.525,31.235,32.175,11692
2011-10-17 00:00:00,32.185,32.635,31.465,31.765,12110
2011-10-18 00:00:00,31.725,32.325,30.365,32.005,14647
2011-10-19 00:00:00,31.805,32.125,30.885,31.135,14868
2011-10-20 00:00:00,31.155,31.355,29.935,30.585,18023
2011-10-21 00:00:00,30.525,31.505,30.255,31.325,12449
2011-10-24 00:00:00,31.285,32.015,31.195,31.725,11145
2011-10-25 00:00:00,31.725,33.355,31.345,33.255,12955
2011-10-26 00:00:00,33.185,33.935,32.905,33.365,13222
2011-10-27 00:00:00,33.435,35.345,33.135,35.075,12603
2011-10-28 00:00:00,35.105,35.665,34.705,35.185,12241
2011-10-31 00:00:00,35.215,35.425,34.105,34.265,12152
2011-11-01 00:00:00,34.145,34.695,32.105,33.295,16673
2011-11-02 00:00:00,33.445,34.405,33.085,34.245,13799
2011-11-03 00:00:00,34.225,34.875,33.245,34.515,15149
2011-11-04 00:00:00,34.485,34.685,33.795,34.105,11913
2011-11-07 00:00:00,34.075,34.965,33.815,34.925,11695
2011-11-08 00:00:00,34.915,35.315,34.475,34.975,12404
2011-11-09 00:00:00,34.945,35.215,33.795,34.035,15509
2011-11-10 00:00:00,34.065,34.315,33.115,34.025,14936
2011-11-11 00:00:00,33.995,34.815,33.665,34.635,10367
2011-11-14 00:00:00,34.705,34.885,33.935,34.215,10066
2011-11-15 00:00:00,34.205,34.795,33.725,34.505,11018
2011-11-16 00:00:00,34.515,34.595,33.605,33.715,12850
2011-11-17 00:00:00,33.725,33.955,31.045,31.675,14716
2011-11-18 00:00:00,31.605,32.585,30.925,32.275,13578
2011-11-21 00:00:00,32.305,32.305,30.655,31.585,13412
2011-11-22 00:00:00,31.545,33.025,31.155,32.695,10295
2011-11-23 00:00:00,32.775,32.875,31.225,31.675,12042
2011-11-24 00:00:00,31.78,32.22,31.5,31.83,16990
2011-11-25 00:00:00,31.795,31.845,30.95,31.16,25204
2011-11-28 00:00:00,31.273,32.3,31.253,32.085,25703
2011-11-29 00:00:00,32.058,32.191,31.485,31.92,14645
2011-11-30 00:00:00,31.925,32.92,31.14,32.783,17596
2011-12-01 00:00:00,32.785,33.415,32.465,32.735,8859
2011-12-02 00:00:00,32.755,33.665,32.335,32.555,9735
2011-12-05 00:00:00,32.615,33.035,31.855,32.095,10129
2011-12-06 00:00:00,32.045,32.865,31.585,32.735,9610
2011-12-07 00:00:00,32.655,32.775,32.205,32.485,8360
2011-12-08 00:00:00,32.525,33.205,31.385,31.685,12384
2011-12-09 00:00:00,31.515,32.315,31.445,32.165,10460
2011-12-12 00:00:00,32.185,32.225,30.865,31.285,10616
2011-12-13 00:00:00,31.255,31.955,30.395,30.745,11089
2011-12-14 00:00:00,30.765,31.005,28.505,28.905,14836
2011-12-15 00:00:00,28.885,29.265,28.095,29.125,13307
2011-12-16 00:00:00,29.215,29.905,29.085,29.665,9424
2011-12-19 00:00:00,29.715,29.775,28.675,28.775,9859
2011-12-20 00:00:00,28.715,29.595,28.675,29.545,6631
2011-12-21 00:00:00,29.515,30.185,29.115,29.325,9161
2011-12-22 00:00:00,29.355,29.675,29.005,29.085,7206
2011-12-23 00:00:00,29.095,29.455,29.025,29.065,4134
2011-12-27 00:00:00,29.025,29.155,28.625,28.655,4318
2011-12-28 00:00:00,28.615,28.775,26.845,27.055,7869
2011-12-29 00:00:00,27.035,27.845,26.145,27.695,10438
2011-12-30 00:00:00,27.535,28.455,27.265,27.675,8688
2012-01-03 00:00:00,27.975,29.715,27.875,29.645,8077
2012-01-04 00:00:00,29.655,29.725,28.915,29.185,9528
2012-01-05 00:00:00,29.135,29.625,28.705,29.335,10296
2012-01-06 00:00:00,29.325,29.465,28.595,28.715,10201
2012-01-09 00:00:00,28.695,29.215,28.575,28.985,11037
2012-01-10 00:00:00,28.975,30.305,28.915,29.925,10314
2012-01-11 00:00:00,29.885,30.255,29.555,29.945,9578
2012-01-12 00:00:00,29.935,30.655,29.875,30.265,9169
2012-01-13 00:00:00,30.195,30.255,29.425,29.735,11227
2012-01-16 00:00:00,29.655,30.035,29.473,29.965,19744
2012-01-17 00:00:00,29.97,30.565,29.805,30.062,14075
2012-01-18 00:00:00,30.07,30.585,29.745,30.507,14771
2012-01-19 00:00:00,30.5,30.875,30.335,30.595,14788
2012-01-20 00:00:00,30.62,32.171,30.295,32.161,14940
2012-01-23 00:00:00,32.12,32.755,31.785,32.315,13656
2012-01-24 00:00:00,32.33,32.485,31.855,31.995,11661
2012-01-25 00:00:00,32.05,33.395,31.535,33.195,15830
2012-01-26 00:00:00,33.23,33.785,32.955,33.437,14207
2012-01-27 00:00:00,33.445,33.918,33.255,33.893,14126
2012-01-30 00:00:00,33.845,33.995,33.035,33.468,13954
2012-01-31 00:00:00,33.525,34.095,32.925,33.175,19723
2012-02-01 00:00:00,33.135,33.985,33.065,33.669,12521
2012-02-02 00:00:00,33.669,34.384,33.465,34.284,37521
2012-02-03 00:00:00,34.252,34.383,33.307,33.66,37060
2012-02-06 00:00:00,33.61,33.849,32.981,33.641,34650
2012-02-07 00:00:00,33.637,34.338,33.155,34.179,37259
2012-02-08 00:00:00,34.098,34.51,33.657,33.945,34068
2012-02-09 00:00:00,33.929,34.429,33.67,33.91,37170
2012-02-10 00:00:00,33.852,34.04,33.16,33.544,37583
2012-02-13 00:00:00,33.635,34.019,33.45,33.715,34833
2012-02-14 00:00:00,33.685,33.801,33.255,33.575,41933
2012-02-15 00:00:00,33.57,33.947,33.1,33.45,33163
2012-02-16 00:00:00,33.43,33.54,32.632,33.467,42065
2012-02-17 00:00:00,33.475,33.665,33.056,33.25,24043
2012-02-20 00:00:00,33.305,33.65,33.305,33.586,16800
2012-02-21 00:00:00,33.545,34.441,33.438,34.304,56679
2012-02-22 00:00:00,34.305,34.489,33.893,34.281,55988
2012-02-23 00:00:00,34.255,35.6,34.218,35.33,49241
2012-02-24 00:00:00,35.325,35.71,35.183,35.365,52257
2012-02-27 00:00:00,35.389,35.615,35.042,35.355,22967
2012-02-28 00:00:00,35.38,37.196,35.295,36.915,27857
2012-02-29 00:00:00,36.885,37.476,33.716,34.63,47607
2012-03-01 00:00:00,34.63,35.625,34.396,35.45,38564
2012-03-02 00:00:00,35.46,35.47,34.345,34.765,34674
2012-03-05 00:00:00,34.64,34.895,33.505,33.958,39775
2012-03-06 00:00:00,33.965,34.17,32.455,32.93,50187
2012-03-07 00:00:00,32.925,33.555,32.706,33.405,26337
2012-03-08 00:00:00,33.39,34.145,33.325,33.85,23467
2012-03-09 00:00:00,33.87,34.392,33.093,34.27,31418
2012-03-12 00:00:00,34.21,34.38,33.345,33.64,26931
2012-03-13 00:00:00,33.625,33.8,32.995,33.395,26771
2012-03-14 00:00:00,33.4,33.43,31.608,32.165,38792
2012-03-15 00:00:00,32.175,32.846,31.93,32.474,30859
2012-03-16 00:00:00,32.475,32.73,32.125,32.515,25794
2012-03-19 00:00:00,32.475,33.06,32.317,32.93,19970
2012-03-20 00:00:00,32.895,32.945,31.75,32.13,17710
2012-03-21 00:00:00,32.135,32.383,31.851,32.141,23900
2012-03-22 00:00:00,32.15,32.34,31.09,31.555,21281
2012-03-23 00:00:00,31.575,32.275,31.42,32.195,20045
2012-03-26 00:00:00,32.225,32.925,32.025,32.805,18750
2012-03-27 00:00:00,32.795,33.18,32.47,32.57,16792
2012-03-28 00:00:00,32.56,32.67,31.76,32.04,17209
2012-03-29 00:00:00,32.045,32.295,31.627,32.235,20337
2012-03-30 00:00:00,32.24,32.62,32.135,32.255,16467
2012-04-02 00:00:00,32.36,33.215,32.354,32.96,16761
2012-04-03 00:00:00,32.955,33.265,32.455,32.625,19683
2012-04-04 00:00:00,32.605,32.68,31.0,31.365,25310
2012-04-05 00:00:00,31.37,31.805,31.24,31.688,17553
2012-04-09 00:00:00,31.88,32.11,31.325,31.525,15023
2012-04-10 00:00:00,31.55,31.92,31.0,31.769,20629
2012-04-11 00:00:00,31.75,31.805,31.385,31.565,15597
2012-04-12 00:00:00,31.57,32.56,31.412,32.34,17228
2012-04-13 00:00:00,32.325,32.435,31.31,31.505,20640
2012-04-16 00:00:00,31.445,31.697,31.175,31.485,26316
2012-04-17 00:00:00,31.475,31.903,31.324,31.675,17914
2012-04-18 00:00:00,31.67,31.885,31.345,31.61,15332
2012-04-19 00:00:00,31.615,32.017,31.305,31.745,19050
2012-04-20 00:00:00,31.74,31.905,31.103,31.646,19499
2012-04-23 00:00:00,31.63,31.668,30.467,30.837,28000
2012-04-24 00:00:00,30.815,31.124,30.658,30.805,23788
2012-04-25 00:00:00,30.805,30.984,29.951999999999998,30.696,26837
2012-04-26 00:00:00,30.66,31.284,30.61,31.074,21134
2012-04-27 00:00:00,31.017,31.425,30.904,31.25,12787
2012-04-30 00:00:00,31.275,31.39,30.559,31.0,11444
2012-05-01 00:00:00,30.975,31.325,30.766,30.95,9479
2012-05-02 00:00:00,30.945,31.025,30.395,30.629,13049
2012-05-03 00:00:00,30.62,30.64,29.835,30.061,13379
2012-05-04 00:00:00,30.066,30.443,29.474,30.356,15194
2012-05-07 00:00:00,30.269,30.376,29.676,30.036,11579
2012-05-08 00:00:00,30.036,30.091,29.131,29.44,13033
2012-05-09 00:00:00,29.435,29.495,28.6,29.21,12322
2012-05-10 00:00:00,29.215,29.475,28.955,29.09,8455
2012-05-11 00:00:00,28.99,29.075,28.895,28.905,596
2012-05-14 00:00:00,28.597,28.599,28.099,28.139,14436
2012-05-15 00:00:00,28.109,28.452,27.59,27.705,20021
2012-05-16 00:00:00,27.695,27.982,26.764,27.207,27846
2012-05-17 00:00:00,27.202,28.323,27.173,28.012,24922
2012-05-18 00:00:00,28.033,28.917,27.817,28.7,25237
2012-05-21 00:00:00,28.701,28.872,28.063,28.467,21716
2012-05-22 00:00:00,28.449,28.807,27.954,28.167,22387
2012-05-23 00:00:00,28.167,28.197,27.118,27.8,30244
2012-05-24 00:00:00,27.767,28.542,27.634,28.295,27174
2012-05-25 00:00:00,28.279,28.605,27.924,28.502,21867
2012-05-28 00:00:00,28.576,28.781,28.323,28.397,12943
2012-05-29 00:00:00,28.396,28.691,27.757,27.824,22382
2012-05-30 00:00:00,27.823,28.158,27.397,27.873,25759
2012-05-31 00:00:00,27.87,28.21,27.538,27.687,24944
2012-06-01 00:00:00,27.679,28.695,27.213,28.488,27938
2012-06-04 00:00:00,28.593,28.668,27.993,28.228,24232
2012-06-05 00:00:00,28.196,28.568,28.118,28.5,21869
2012-06-06 00:00:00,28.473,29.883,28.431,29.418,26810
2012-06-07 00:00:00,29.375,29.685,28.393,28.572,27865
2012-06-08 00:00:00,28.556,28.674,27.949,28.483,26791
2012-06-11 00:00:00,28.676,29.023,28.292,28.543,26155
2012-06-12 00:00:00,28.309,29.045,28.307,28.948,23744
2012-06-13 00:00:00,28.944,29.109,28.732,28.808,22350
2012-06-14 00:00:00,28.802,29.093,28.178,28.623,23065
2012-06-15 00:00:00,28.608,28.84,28.524,28.653,18298
2012-06-18 00:00:00,28.976,29.017,28.285,28.703,26017
2012-06-19 00:00:00,28.687,28.941,28.324,28.408,25357
2012-06-20 00:00:00,28.371,28.613,27.718,28.121,31951
2012-06-21 00:00:00,28.094,28.118,26.857,26.857,31483
2012-06-22 00:00:00,26.86,27.048,26.583,26.903,24314
2012-06-25 00:00:00,26.869,27.646,26.632,27.51,23072
2012-06-26 00:00:00,27.486,27.545,26.807,27.086,22110
2012-06-27 00:00:00,27.046,27.336,26.669,26.903,23179
2012-06-28 00:00:00,26.879,27.12,26.118,26.336,26920
2012-06-29 00:00:00,26.313,27.917,26.261,27.475,29168
2012-07-02 00:00:00,27.499,27.621,27.193,27.467,21491
2012-07-03 00:00:00,27.465,28.446,27.411,28.266,22370
2012-07-04 00:00:00,28.222,28.335,28.043,28.11,12589
2012-07-05 00:00:00,28.121,28.393,27.513,27.657,23910
2012-07-06 00:00:00,27.637,27.808,26.937,27.083,25534
2012-07-09 00:00:00,27.031,27.492,26.915,27.329,20471
2012-07-10 00:00:00,27.293,27.576,26.742,26.789,24693
2012-07-11 00:00:00,26.77,27.256,26.751,27.093,25288
2012-07-12 00:00:00,27.08,27.362,26.473,27.148,25646
2012-07-13 00:00:00,27.143,27.571,27.068,27.314,24276
2012-07-16 00:00:00,27.413,27.438,26.888,27.293,23076
2012-07-17 00:00:00,27.283,27.611,26.795,27.283,25996
2012-07-18 00:00:00,27.273,27.375,26.897,27.14,24569
2012-07-19 00:00:00,27.141,27.594,27.123,27.218,24894
2012-07-20 00:00:00,27.226,27.433,26.809,27.292,28319
2012-07-23 00:00:00,27.188,27.323,26.667,27.004,23823
2012-07-24 00:00:00,27.016,27.183,26.623,26.953,26591
2012-07-25 00:00:00,26.937,27.56,26.826,27.328,26117
2012-07-26 00:00:00,27.316,27.818,27.251,27.523,28485
2012-07-27 00:00:00,27.495,27.854,27.369,27.738,25663
2012-07-30 00:00:00,27.698,28.228,27.559,28.144,22631
2012-07-31 00:00:00,28.137,28.368,27.914,27.95,24073
2012-08-01 00:00:00,27.945,28.058,27.113,27.39,25535
2012-08-02 00:00:00,27.359,27.804,26.988,27.103,31204
2012-08-03 00:00:00,27.095,27.893,27.028,27.783,25428
2012-08-06 00:00:00,27.806,27.99,27.611,27.868,22229
2012-08-07 00:00:00,27.828,28.221,27.773,28.112,21466
2012-08-08 00:00:00,28.075,28.238,27.705,28.023,21543
2012-08-09 00:00:00,28.003,28.233,27.886,28.133,19635
2012-08-10 00:00:00,28.085,28.323,27.604,28.098,20938
2012-08-13 00:00:00,28.113,28.193,27.745,27.808,18393
2012-08-14 00:00:00,27.794,28.016,27.637,27.786,17300
2012-08-15 00:00:00,27.762,27.997,27.493,27.809,19850
2012-08-16 00:00:00,27.768,28.283,27.748,28.195,14301
2012-08-17 00:00:00,28.183,28.335,28.016,28.062,12569
2012-08-20 00:00:00,28.122,28.829,27.942,28.772,13336
2012-08-21 00:00:00,28.773,29.502,28.668,29.302,16593
2012-08-22 00:00:00,29.253,29.912,29.224,29.811,19662
2012-08-23 00:00:00,29.796,30.82,29.791,30.536,24167
2012-08-24 00:00:00,30.527,30.787,30.235,30.777,20102
2012-08-27 00:00:00,30.761,31.257,30.642,30.694,17652
2012-08-28 00:00:00,30.676,30.992,30.532,30.872,18137
2012-08-29 00:00:00,30.832,30.972,30.557,30.691,18233
2012-08-30 00:00:00,30.701,30.902,30.216,30.427,19825
2012-08-31 00:00:00,30.42,31.757,30.257,31.717,22236
2012-09-03 00:00:00,31.684,32.302,31.527,32.097,14536
2012-09-04 00:00:00,32.083,32.412,31.922,32.322,21933
2012-09-05 00:00:00,32.308,32.365,31.958,32.249,22396
2012-09-06 00:00:00,32.229,32.989,32.207,32.62,25195
2012-09-07 00:00:00,32.62,33.717,31.959,33.672,24550
2012-09-10 00:00:00,33.636,33.972,33.251,33.343,23133
2012-09-11 00:00:00,33.324,33.82,33.304,33.477,21351
2012-09-12 00:00:00,33.448,34.09,32.469,33.228,29666
2012-09-13 00:00:00,33.184,34.807,32.683,34.653,30073
2012-09-14 00:00:00,34.616,34.932,34.286,34.647,32496
2012-09-17 00:00:00,34.618,34.842,33.794,34.176,24477
2012-09-18 00:00:00,34.158,35.044,33.98,34.794,29157
2012-09-19 00:00:00,34.783,34.962,34.28,34.584,26160
2012-09-20 00:00:00,34.573,34.747,34.084,34.64,28352
2012-09-21 00:00:00,34.623,35.173,34.326,34.522,31338
2012-09-24 00:00:00,34.477,34.527,33.532,33.977,27506
2012-09-25 00:00:00,33.972,34.481,33.662,33.757,28624
2012-09-26 00:00:00,33.757,34.046,33.322,33.932,28203
2012-09-27 00:00:00,33.927,34.75,33.849,34.622,27566
2012-09-28 00:00:00,34.612,34.867,34.279,34.477,30497
2012-10-01 00:00:00,34.446,35.38,34.167,34.634,33704
2012-10-02 00:00:00,34.625,35.052,34.382,34.607,25678
2012-10-03 00:00:00,34.597,34.873,34.462,34.587,26073
2012-10-04 00:00:00,34.592,35.108,34.577,34.987,22235
2012-10-05 00:00:00,34.992,35.089,34.16,34.527,21696
2012-10-08 00:00:00,34.516,34.567,33.633,33.963,20854
2012-10-09 00:00:00,33.962,34.217,33.552,33.894,23048
2012-10-10 00:00:00,33.892,34.141,33.645,33.959,21840
2012-10-11 00:00:00,33.951,34.327,33.783,33.977,23203
2012-10-12 00:00:00,33.978,34.131,33.413,33.42,22283
2012-10-15 00:00:00,33.412,33.412,32.546,32.709,26263
2012-10-16 00:00:00,32.694,33.037,32.627,32.932,19008
2012-10-17 00:00:00,32.925,33.259,32.862,33.196,19234
2012-10-18 00:00:00,33.198,33.283,32.687,32.769,19541
2012-10-19 00:00:00,32.771,32.887,31.931,32.048,24489
2012-10-22 00:00:00,31.953,32.442,31.714,32.412,20791
2012-10-23 00:00:00,32.399,32.467,31.548000000000002,31.647,25169
2012-10-24 00:00:00,31.658,32.033,31.518,31.747,23252
2012-10-25 00:00:00,31.716,32.242,31.708,32.122,21656
2012-10-26 00:00:00,32.11,32.343,31.595,32.077,23413
2012-10-29 00:00:00,31.945,32.206,31.673000000000002,31.767,14372
2012-10-30 00:00:00,31.738,32.126,31.712,31.782,13313
2012-10-31 00:00:00,31.725,32.412,31.699,32.237,21528
2012-11-01 00:00:00,32.216,32.662,32.175,32.267,18136
2012-11-02 00:00:00,32.26,32.347,30.807,30.902,24173
2012-11-05 00:00:00,30.869,31.237,30.659,31.172,19918
2012-11-06 00:00:00,31.156,32.259,31.066,31.977,20042
2012-11-07 00:00:00,31.97,32.393,31.22,31.807,31397
2012-11-08 00:00:00,31.8,32.427,31.642,32.317,23706
2012-11-09 00:00:00,32.318,32.781,32.066,32.588,23476
2012-11-12 00:00:00,32.625,32.745,32.206,32.397,18514
2012-11-13 00:00:00,32.39,32.835,32.125,32.483,21530
2012-11-14 00:00:00,32.471,32.933,32.374,32.667,20825
2012-11-15 00:00:00,32.669,32.779,32.168,32.609,20887
2012-11-16 00:00:00,32.6,32.68,32.031,32.302,21031
2012-11-19 00:00:00,32.313,33.214,32.31,33.095,18380
2012-11-20 00:00:00,33.092,33.245,32.874,33.152,17354
2012-11-21 00:00:00,33.027,33.394,32.845,33.332,16858
2012-11-22 00:00:00,33.338,33.445,33.142,33.312,8258
2012-11-23 00:00:00,33.331,34.153,33.252,34.047,14922
2012-11-26 00:00:00,34.054,34.227,33.89,34.137,20694
2012-11-27 00:00:00,34.142,34.28,33.916,34.027,19356
2012-11-28 00:00:00,34.01,34.05,32.915,33.697,23104
2012-11-29 00:00:00,33.732,34.399,33.534,34.242,20704
2012-11-30 00:00:00,34.215,34.338,33.144,33.421,21165
2012-12-03 00:00:00,33.426,33.848,33.408,33.642,19003
2012-12-04 00:00:00,33.626,33.666,32.687,32.922,22599
2012-12-05 00:00:00,32.902,33.228,32.522,32.867,19886
2012-12-06 00:00:00,32.848,33.263,32.538,33.012,21282
2012-12-07 00:00:00,32.997,33.255,32.619,33.077,20684
2012-12-10 00:00:00,33.066,33.419,33.045,33.247,15323
2012-12-11 00:00:00,33.228,33.265,32.767,32.977,15104
2012-12-12 00:00:00,32.955,33.786,32.925,33.455,19709
2012-12-13 00:00:00,33.431,33.444,32.219,32.53,23743
2012-12-14 00:00:00,32.52,32.72,32.18,32.26,17252
2012-12-17 00:00:00,32.328,32.407,32.016,32.265,15609
2012-12-18 00:00:00,32.255,32.525,31.352,31.61,18762
2012-12-19 00:00:00,31.61,31.8,30.984,31.025,19387
2012-12-20 00:00:00,31.006,31.221,29.604,29.925,22759
2012-12-21 00:00:00,29.899,30.277,29.62,29.982,20086
2012-12-24 00:00:00,29.972,30.352,29.887,29.951,8791
2012-12-26 00:00:00,29.955,30.211,29.804,29.994,10993
2012-12-27 00:00:00,29.985,30.483,29.693,30.15,13197
2012-12-28 00:00:00,30.088,30.327,29.872,30.015,12209
2012-12-31 00:00:00,30.044,30.259,29.89,29.99,9058
2013-01-02 00:00:00,30.286,31.487,30.189,31.02,17281
2013-01-03 00:00:00,31.014,31.189,29.983,30.16,18506
2013-01-04 00:00:00,30.114,30.271,29.221,30.232,28071
2013-01-07 00:00:00,30.203,30.45,29.856,30.145,19908
2013-01-08 00:00:00,30.132,30.551,30.072,30.367,19121
2013-01-09 00:00:00,30.386,30.568,30.056,30.345,17969
2013-01-10 00:00:00,30.357,30.935,30.245,30.844,18029
2013-01-11 00:00:00,30.848,30.917,30.14,30.447,18538
2013-01-14 00:00:00,30.403,31.159,30.354,31.023,27809
2013-01-15 00:00:00,31.029,31.572,30.944,31.361,23866
2013-01-16 00:00:00,31.382,31.554,31.081,31.469,21576
2013-01-17 00:00:00,31.478,31.916,31.043,31.739,25854
2013-01-18 00:00:00,31.722,32.122,31.657,31.84,21984
2013-01-21 00:00:00,31.886,32.098,31.853,31.985,16459
2013-01-22 00:00:00,31.999,32.354,31.809,32.223,28085
2013-01-23 00:00:00,32.176,32.465,32.091,32.239,19740
2013-01-24 00:00:00,32.203,32.219,31.595,31.64,25501
2013-01-25 00:00:00,31.618,31.773,31.116,31.189,22872
2013-01-28 00:00:00,31.157,31.305,30.736,30.853,22568
2013-01-29 00:00:00,30.834,31.458,30.834,31.387,16805
2013-01-30 00:00:00,31.358,32.267,31.246,32.022,23538
2013-01-31 00:00:00,31.943,32.112,31.11,31.435,20731
2013-02-01 00:00:00,31.426,32.143,31.291,31.818,22860
2013-02-04 00:00:00,31.85,31.897,31.379,31.741,17938
2013-02-05 00:00:00,31.734,32.101,31.613,31.814,22351
2013-02-06 00:00:00,31.809,31.887,31.598,31.82,18243
2013-02-07 00:00:00,31.816,31.915,31.29,31.457,23802
2013-02-08 00:00:00,31.474,31.683,31.324,31.409,19544
2013-02-11 00:00:00,31.432,31.523,30.822,30.932,20001
2013-02-12 00:00:00,30.939,31.144,30.581,31.103,25319
2013-02-13 00:00:00,31.094,31.22,30.734,30.761,20790
2013-02-14 00:00:00,30.769,31.06,30.235,30.399,22946
2013-02-15 00:00:00,30.399,30.474,29.691,29.769,31226
2013-02-18 00:00:00,29.806,30.165,29.795,29.865,17624
2013-02-19 00:00:00,29.859,30.141,29.228,29.463,25562
2013-02-20 00:00:00,29.479,29.643,28.276,28.549,38233
2013-02-21 00:00:00,28.544,28.897,28.319,28.662,38066
2013-02-22 00:00:00,28.659,28.924,28.371,28.721,25406
2013-02-25 00:00:00,28.785,29.253,28.572,28.992,32477
2013-02-26 00:00:00,28.994,29.462,28.59,29.388,43099
2013-02-27 00:00:00,29.384,29.42,28.856,28.994,28161
2013-02-28 00:00:00,28.98,29.175,28.396,28.529,37939
2013-03-01 00:00:00,28.529,28.788,27.942,28.573,37606
2013-03-04 00:00:00,28.65,28.811,28.436,28.554,27330
2013-03-05 00:00:00,28.549,29.084,28.524,28.689,26774
2013-03-06 00:00:00,28.674,29.078,28.538,29.031,30382
2013-03-07 00:00:00,29.029,29.079,28.75,28.885,22198
2013-03-08 00:00:00,28.899,29.255,28.34,28.967,24203
2013-03-11 00:00:00,28.99,29.1,28.716,28.97,17467
2013-03-12 00:00:00,28.963,29.355,28.885,29.136,21414
2013-03-13 00:00:00,29.143,29.284,28.862,28.906,20767
2013-03-14 00:00:00,28.911,28.97,28.556,28.799,26693
2013-03-15 00:00:00,28.798000000000002,29.024,28.722,28.769,21338
2013-03-18 00:00:00,28.798000000000002,29.122,28.61,28.874,31399
2013-03-19 00:00:00,28.873,29.097,28.657,28.895,24283
2013-03-20 00:00:00,28.899,29.009,28.442,28.811,21135
2013-03-21 00:00:00,28.809,29.327,28.727,29.156,17707
2013-03-22 00:00:00,29.149,29.187,28.54,28.731,17193
2013-03-25 00:00:00,28.72,28.911,28.496,28.832,22093
2013-03-26 00:00:00,28.829,28.872,28.638,28.754,15515
2013-03-27 00:00:00,28.748,28.814,28.124,28.67,19154
2013-03-28 00:00:00,28.664,28.836,28.208,28.335,20005
2013-03-29 00:00:00,28.339,28.339,28.218,28.218,2
2013-04-01 00:00:00,28.253,28.38,27.855,28.019,22596
2013-04-02 00:00:00,28.024,28.18,27.199,27.274,25454
2013-04-03 00:00:00,27.274,27.354,26.736,26.989,27388
2013-04-04 00:00:00,26.988,27.07,26.638,26.935,27577
2013-04-05 00:00:00,26.923000000000002,27.347,26.792,27.294,22822
2013-04-08 00:00:00,27.347,27.442,27.14,27.291,15675
2013-04-09 00:00:00,27.283,28.076,27.204,27.981,20609
2013-04-10 00:00:00,27.974,28.025,27.515,27.619,22937
2013-04-11 00:00:00,27.618,27.852,27.402,27.641,29148
2013-04-12 00:00:00,27.639,27.704,25.933,25.939,33125
2013-04-15 00:00:00,25.983,26.1,22.573,22.757,74345
2013-04-16 00:00:00,22.754,23.979,22.031,23.385,72938
2013-04-17 00:00:00,23.39,23.735,22.874,23.308,53961
2013-04-18 00:00:00,23.32,23.676,22.453,23.234,52581
2013-04-19 00:00:00,23.243,23.842,22.919,23.233,33532
2013-04-22 00:00:00,23.357,23.694,23.127,23.439,38324
2013-04-23 00:00:00,23.436,23.458,22.615,22.96,37004
2013-04-24 00:00:00,22.948,23.371,22.858,23.17,32191
2013-04-25 00:00:00,23.165,24.386,23.072,24.386,31148
2013-04-26 00:00:00,24.383,24.83,23.642,23.975,51957
2013-04-29 00:00:00,24.065,24.585,23.956,24.537,30672
2013-04-30 00:00:00,24.538,24.633,24.045,24.325,30144
2013-05-01 00:00:00,24.32,24.358,23.252,23.625,26179
2013-05-02 00:00:00,23.62,24.209,23.399,23.829,30985
2013-05-03 00:00:00,23.825,24.394,23.436,24.097,29873
2013-05-06 00:00:00,24.136,24.429,23.847,23.992,23926
2013-05-07 00:00:00,23.995,24.058,23.445,23.947,38118
2013-05-08 00:00:00,23.94,24.089,23.679,23.962,33819
2013-05-09 00:00:00,23.954,24.192,23.556,23.719,31070
2013-05-10 00:00:00,23.715,23.903,23.186,23.829,34392
2013-05-13 00:00:00,23.825,23.861,23.5,23.643,36119
2013-05-14 00:00:00,23.65,23.789,23.139,23.4,33648
2013-05-15 00:00:00,23.4,23.483,22.505,22.584,38377
2013-05-16 00:00:00,22.58,22.812,22.118,22.673000000000002,43723
2013-05-17 00:00:00,22.66,22.79,22.165,22.22,39274
2013-05-20 00:00:00,22.306,23.155,20.028,22.877,45648
2013-05-21 00:00:00,22.87,22.945,22.077,22.429,40388
2013-05-22 00:00:00,22.42,23.31,22.199,22.288,38390
2013-05-23 00:00:00,22.273,22.687,21.977,22.593,35229
2013-05-24 00:00:00,22.585,22.644,22.31,22.372,22019
2013-05-27 00:00:00,22.344,22.763,22.329,22.652,10683
2013-05-28 00:00:00,22.613,22.648,22.173,22.325,23681
2013-05-29 00:00:00,22.322,22.526,22.188,22.481,22637
2013-05-30 00:00:00,22.438,23.113,22.371,22.766,27278
2013-05-31 00:00:00,22.733,22.909,22.165,22.24,27818
2013-06-03 00:00:00,22.185,22.97,22.185,22.717,27211
2013-06-04 00:00:00,22.691,22.784,22.285,22.535,22334
2013-06-05 00:00:00,22.5,22.762,22.351,22.543,21414
2013-06-06 00:00:00,22.535,22.901,22.32,22.638,25036
2013-06-07 00:00:00,22.635,22.813,21.579,21.641,32727
2013-06-10 00:00:00,21.621,22.09,21.407,21.882,24681
2013-06-11 00:00:00,21.886,22.018,21.487,21.662,25805
2013-06-12 00:00:00,21.66,22.022,21.545,21.78,21055
2013-06-13 00:00:00,21.765,21.981,21.579,21.851,23127
2013-06-14 00:00:00,21.831,22.55,21.696,22.068,24094
2013-06-17 00:00:00,22.123,22.123,21.675,21.86,12261
2013-06-18 00:00:00,21.855,21.949,21.528,21.665,17193
2013-06-19 00:00:00,21.655,21.822,21.265,21.397,20051
2013-06-20 00:00:00,21.345,21.35,19.617,19.689,43942
2013-06-21 00:00:00,19.665,20.129,19.391,20.09,29365
2013-06-24 00:00:00,20.114,20.221,19.458,19.674,31459
2013-06-25 00:00:00,19.665,19.854,19.466,19.63,24460
2013-06-26 00:00:00,19.63,19.643,18.43,18.505,36701
2013-06-27 00:00:00,18.51,18.981,18.386,18.473,33453
2013-06-28 00:00:00,18.447,19.672,18.202,19.671,45843
2013-07-01 00:00:00,19.556,20.095,19.388,19.616,32545
2013-07-02 00:00:00,19.6,19.816,19.254,19.385,27149
2013-07-03 00:00:00,19.365,19.918,19.32,19.775,26472
2013-07-04 00:00:00,19.77,19.86,19.414,19.57,14055
2013-07-05 00:00:00,19.525,19.617,18.704,18.886,22442
2013-07-08 00:00:00,18.884,19.301,18.711,19.092,22646
2013-07-09 00:00:00,19.08,19.517,18.994,19.288,25392
2013-07-10 00:00:00,19.28,19.433,19.02,19.36,24434
2013-07-11 00:00:00,19.36,20.267,19.345,20.141,33401
2013-07-12 00:00:00,20.135,20.211,19.646,19.923000000000002,21536
2013-07-15 00:00:00,19.894,20.165,19.572,19.965,18715
2013-07-16 00:00:00,19.96,20.064,19.693,20.005,21676
2013-07-17 00:00:00,19.995,20.166,19.278,19.327,24889
2013-07-18 00:00:00,19.279,19.583,19.248,19.396,23023
2013-07-19 00:00:00,19.375,19.624,19.325,19.499,16972
2013-07-22 00:00:00,19.537,20.595,19.537,20.536,27705
2013-07-23 00:00:00,20.533,20.592,20.109,20.474,19607
2013-07-24 00:00:00,20.488,20.498,20.004,20.162,22171
2013-07-25 00:00:00,20.144,20.317,19.789,20.234,20958
2013-07-26 00:00:00,20.238,20.354,19.662,19.996,19254
2013-07-29 00:00:00,19.956,20.223,19.701999999999998,19.853,20198
2013-07-30 00:00:00,19.817,19.902,19.535,19.731,17667
2013-07-31 00:00:00,19.742,20.123,19.398,19.844,27828
2013-08-01 00:00:00,19.831,19.985,19.55,19.615,24852
2013-08-02 00:00:00,19.614,20.296,19.216,19.894,24936
2013-08-05 00:00:00,19.86,20.015,19.568,19.703,16619
2013-08-06 00:00:00,19.697,19.809,19.486,19.508,20552
2013-08-07 00:00:00,19.491,19.628,19.152,19.574,21673
2013-08-08 00:00:00,19.559,20.333,19.518,20.247,23879
2013-08-09 00:00:00,20.235,20.574,20.093,20.536,23154
2013-08-12 00:00:00,20.707,21.459,20.649,21.39,31055
2013-08-13 00:00:00,21.386,21.764,21.135,21.451,32059
2013-08-14 00:00:00,21.426,21.865,21.281,21.862,30066
2013-08-15 00:00:00,21.886,23.198,21.726,22.985,37597
2013-08-16 00:00:00,22.933,23.407,22.772,23.222,35311
2013-08-19 00:00:00,23.266,23.612,22.989,23.154,32541
2013-08-20 00:00:00,23.156,23.311,22.288,22.996,30821
2013-08-21 00:00:00,23.011,23.358,22.765,22.865,27190
2013-08-22 00:00:00,22.854,23.332,22.458,23.108,22783
2013-08-23 00:00:00,23.157,24.103,22.883,24.062,27642
2013-08-26 00:00:00,24.046,24.414,23.801,24.306,24063
2013-08-27 00:00:00,24.335,24.695,23.98,24.46,26822
2013-08-28 00:00:00,24.487,25.111,24.243,24.343,30871
2013-08-29 00:00:00,24.348,24.423,23.657,23.864,30470
2013-08-30 00:00:00,23.845,24.011,23.383,23.5,25302
2013-09-02 00:00:00,23.408,24.373,23.073,24.156,21407
2013-09-03 00:00:00,24.194,24.484,23.986,24.262,25032
2013-09-04 00:00:00,24.263,24.391,23.343,23.489,24885
2013-09-05 00:00:00,23.461,23.644,23.01,23.173,25285
2013-09-06 00:00:00,23.163,23.93,23.044,23.851,23790
2013-09-09 00:00:00,23.821,24.11,23.408,23.704,14330
2013-09-10 00:00:00,23.701,23.78,22.81,22.969,21124
2013-09-11 00:00:00,22.956,23.215,22.761,23.184,18017
2013-09-12 00:00:00,23.194,23.216,21.781,21.787,23527
2013-09-13 00:00:00,21.807,22.241,21.394,22.209,26017
2013-09-16 00:00:00,22.428,22.428,21.655,21.796,23334
2013-09-17 00:00:00,21.735,22.103,21.614,21.734,18758
2013-09-18 00:00:00,21.723,23.213,21.198,22.946,27902
2013-09-19 00:00:00,22.972,23.406,22.82,23.055,23147
2013-09-20 00:00:00,23.024,23.139,21.728,21.762,21749
2013-09-23 00:00:00,21.808,21.926,21.276,21.648,22908
2013-09-24 00:00:00,21.627,22.005,21.303,21.694,22462
2013-09-25 00:00:00,21.711,21.931,21.464,21.785,18715
2013-09-26 00:00:00,21.766,22.091,21.632,21.719,17735
2013-09-27 00:00:00,21.688,22.122,21.481,21.763,17336
2013-09-30 00:00:00,21.869,22.072,21.42,21.687,15373
2013-10-01 00:00:00,21.659,21.94,20.607,21.172,20834
2013-10-02 00:00:00,21.138,22.011,20.968,21.716,19585
2013-10-03 00:00:00,21.706,21.833,21.4,21.662,18636
2013-10-04 00:00:00,21.695,21.902,21.482,21.721,14833
2013-10-07 00:00:00,21.725,22.45,21.621,22.352,13077
2013-10-08 00:00:00,22.36,22.483,22.109,22.285,17060
2013-10-09 00:00:00,22.285,22.38,21.757,21.855,18397
2013-10-10 00:00:00,21.883,22.211,21.53,21.671,16296
2013-10-11 00:00:00,21.647,21.836,20.957,21.337,20132
2013-10-14 00:00:00,21.376,21.665,21.093,21.248,16469
2013-10-15 00:00:00,21.262,21.514,20.5,21.354,24437
2013-10-16 00:00:00,21.288,21.42,21.111,21.392,21950
2013-10-17 00:00:00,21.36,22.181,21.091,21.868,24768
2013-10-18 00:00:00,21.843,22.028,21.726,21.903,14752
2013-10-21 00:00:00,21.895,22.313,21.826999999999998,22.211,15130
2013-10-22 00:00:00,22.197,22.81,21.971,22.689,16909
2013-10-23 00:00:00,22.691,22.805,22.485,22.531,15512
2013-10-24 00:00:00,22.519,22.859,22.486,22.693,16523
2013-10-25 00:00:00,22.701,22.731,22.24,22.535,17064
2013-10-28 00:00:00,22.603,22.698,22.359,22.492,15342
2013-10-29 00:00:00,22.505,22.611,22.292,22.516,16419
2013-10-30 00:00:00,22.508,23.078,22.372,22.735,20293
2013-10-31 00:00:00,22.664,22.668,21.755,21.91,19525
2013-11-01 00:00:00,21.899,21.994,21.705,21.853,16890
2013-11-04 00:00:00,21.84,21.928,21.583,21.644,12045
2013-11-05 00:00:00,21.632,21.778,21.555,21.689,12502
2013-11-06 00:00:00,21.679,22.057,21.612,21.804,11616
2013-11-07 00:00:00,21.81,21.983,21.39,21.656,16162
2013-11-08 00:00:00,21.655,21.899,21.259,21.494,18900
2013-11-11 00:00:00,21.405,21.456,21.236,21.345,12899
2013-11-12 00:00:00,21.344,21.35,20.572,20.714,17455
2013-11-13 00:00:00,20.686,20.867,20.43,20.603,16820
2013-11-14 00:00:00,20.587,20.893,20.574,20.771,17549
2013-11-15 00:00:00,20.764,20.83,20.564,20.784,12158
2013-11-18 00:00:00,20.758,20.798000000000002,20.305,20.399,11807
2013-11-19 00:00:00,20.403,20.485,20.208,20.354,12914
2013-11-20 00:00:00,20.355,20.493,19.774,19.842,20972
2013-11-21 00:00:00,19.836,20.053,19.715,19.951999999999998,16075
2013-11-22 00:00:00,19.983,20.048,19.822,19.857,10577
2013-11-25 00:00:00,19.856,20.301,19.58,20.228,15948
2013-11-26 00:00:00,20.185,20.296,19.792,19.837,12624
2013-11-27 00:00:00,19.82,20.1,19.625,19.639,14413
2013-11-28 00:00:00,19.65,19.785,19.615,19.681,7106
2013-11-29 00:00:00,19.712,20.078,19.673000000000002,19.94,7925
2013-12-02 00:00:00,19.969,19.969,19.102,19.14,16577
2013-12-03 00:00:00,19.169,19.323,18.976,19.105,16546
2013-12-04 00:00:00,19.091,19.874,18.882,19.665,19437
2013-12-05 00:00:00,19.645,19.718,19.227,19.387,17935
2013-12-06 00:00:00,19.387,19.775,19.255,19.489,15221
2013-12-09 00:00:00,19.542,19.99,19.44,19.843,10201
2013-12-10 00:00:00,19.808,20.43,19.75,20.388,14882
2013-12-11 00:00:00,20.376,20.48,20.22,20.277,14005
2013-12-12 00:00:00,20.278,20.345,19.417,19.486,18698
2013-12-13 00:00:00,19.503,19.745,19.288,19.689,18831
2013-12-16 00:00:00,19.664,20.29,19.451,19.974,20360
2013-12-17 00:00:00,19.964,20.23,19.681,19.884,21602
2013-12-18 00:00:00,19.925,20.255,19.56,19.712,24431
2013-12-19 00:00:00,19.662,19.901,19.115,19.229,27568
2013-12-20 00:00:00,19.214,19.527,19.136,19.382,17954
2013-12-23 00:00:00,19.409,19.526,19.274,19.435,14974
2013-12-24 00:00:00,19.424,19.578,19.316,19.49,7735
2013-12-26 00:00:00,19.46,20.041,19.416,19.752,11460
2013-12-27 00:00:00,19.785,20.105,19.759,20.046,13315
2013-12-30 00:00:00,20.076,20.172,19.462,19.556,16478
2013-12-31 00:00:00,19.581,19.818,18.618,19.445,17820
2014-01-02 00:00:00,19.481,20.421,19.441,19.999,25256
2014-01-03 00:00:00,19.96,20.304,19.96,20.132,18751
2014-01-06 00:00:00,20.156,20.342,19.942,20.158,18735
2014-01-07 00:00:00,20.173,20.266,19.623,19.855,17107
2014-01-08 00:00:00,19.823,19.853,19.313,19.518,18517
2014-01-09 00:00:00,19.519,19.708,19.4,19.566,16524
2014-01-10 00:00:00,19.547,20.242,19.546,20.129,18086
2014-01-13 00:00:00,20.167,20.449,19.946,20.378,18590
2014-01-14 00:00:00,20.375,20.592,20.137,20.229,16852
2014-01-15 00:00:00,20.236,20.255,19.927,20.168,14303
2014-01-16 00:00:00,20.18,20.231,19.964,20.088,11549
2014-01-17 00:00:00,20.082,20.416,19.96,20.259,13156
2014-01-20 00:00:00,20.28,20.415,20.22,20.25,7288
2014-01-21 00:00:00,20.29,20.315,19.679,19.87,13835
2014-01-22 00:00:00,19.868,19.936,19.74,19.777,9305
2014-01-23 00:00:00,19.755,20.303,19.64,20.023,17544
2014-01-24 00:00:00,19.983,20.283,19.713,19.893,18125
2014-01-27 00:00:00,19.934,20.075,19.56,19.68,18409
2014-01-28 00:00:00,19.652,19.833,19.457,19.575,13702
2014-01-29 00:00:00,19.559,19.969,19.445,19.736,20673
2014-01-30 00:00:00,19.704,19.712,18.994,19.144,17515
2014-01-31 00:00:00,19.159,19.468,19.078,19.139,14737
2014-02-03 00:00:00,19.13,19.63,19.071,19.326,16012
2014-02-04 00:00:00,19.333,19.517,19.27,19.483,13727
2014-02-05 00:00:00,19.487,20.274,19.448,19.873,16871
2014-02-06 00:00:00,19.861,20.175,19.836,19.943,14536
2014-02-07 00:00:00,19.928,20.077,19.758,20.009,15525
2014-02-10 00:00:00,19.985,20.285,19.966,20.057,13551
2014-02-11 00:00:00,20.051,20.281,19.92,20.215,18421
2014-02-12 00:00:00,20.221,20.395,20.089,20.218,14599
2014-02-13 00:00:00,20.211,20.515,20.126,20.475,12958
2014-02-14 00:00:00,20.469,21.468,20.445,21.467,20191
2014-02-17 00:00:00,21.703,21.967,21.535,21.81,13950
2014-02-18 00:00:00,21.705,21.961,21.307,21.913,18599
2014-02-19 00:00:00,21.921,21.924,21.363,21.507,18890
2014-02-20 00:00:00,21.527,21.883,21.389,21.806,18303
2014-02-21 00:00:00,21.806,21.953,21.567,21.831,13782
2014-02-24 00:00:00,21.879,22.169,21.504,21.959,16733
2014-02-25 00:00:00,21.938,22.008,21.666,21.843,13175
2014-02-26 00:00:00,21.859,22.029,21.086,21.227,16428
2014-02-27 00:00:00,21.231,21.478,20.986,21.255,16927
2014-02-28 00:00:00,21.25,21.398,21.071,21.202,17458
2014-03-03 00:00:00,21.321,21.713,21.22,21.406,20820
2014-03-04 00:00:00,21.403,21.507,21.02,21.159,17538
2014-03-05 00:00:00,21.161,21.31,21.13,21.154,13509
2014-03-06 00:00:00,21.141,21.616,21.075,21.524,10732
2014-03-07 00:00:00,21.534,21.534,20.738,20.921,14284
2014-03-10 00:00:00,20.881,21.028,20.596,20.797,17364
2014-03-11 00:00:00,20.796,21.3,20.648,20.826999999999998,17501
2014-03-12 00:00:00,20.839,21.406,20.798000000000002,21.283,21312
2014-03-13 00:00:00,21.275,21.452,21.085,21.154,20046
2014-03-14 00:00:00,21.147,21.769,21.116,21.424,19972
2014-03-17 00:00:00,21.471,21.624,21.105,21.166,18340
2014-03-18 00:00:00,21.155,21.225,20.615,20.817,19364
2014-03-19 00:00:00,20.795,20.95,20.486,20.597,23380
2014-03-20 00:00:00,20.585,20.71,20.118,20.246,20298
2014-03-21 00:00:00,20.23,20.569,20.22,20.301,14366
2014-03-24 00:00:00,20.268,20.294,19.909,19.934,19280
2014-03-25 00:00:00,19.929,20.201,19.89,19.968,24839
2014-03-26 00:00:00,19.962,20.126,19.671,19.753,23141
2014-03-27 00:00:00,19.736,19.846,19.567,19.688,25339
2014-03-28 00:00:00,19.691,19.918,19.62,19.81,19324
2014-03-31 00:00:00,19.812,19.997,19.722,19.754,23471
2014-04-01 00:00:00,19.741,19.902,19.628,19.745,22465
2014-04-02 00:00:00,19.742,20.135,19.725,19.958,21472
2014-04-03 00:00:00,19.954,20.075,19.66,19.834,18122
2014-04-04 00:00:00,19.813,20.221,19.785,19.939,17260
2014-04-07 00:00:00,19.937,20.007,19.778,19.856,11994
2014-04-08 00:00:00,19.872,20.168,19.844,20.019,15932
2014-04-09 00:00:00,20.043,20.091,19.603,19.869,16929
2014-04-10 00:00:00,19.865,20.383,19.841,20.031,16194
2014-04-11 00:00:00,20.022,20.125,19.907,19.971,10612
2014-04-14 00:00:00,20.041,20.131,19.724,19.975,9860
2014-04-15 00:00:00,19.965,19.993,19.224,19.595,14711
2014-04-16 00:00:00,19.571,19.816,19.344,19.654,12688
2014-04-17 00:00:00,19.634,19.721,19.501,19.63,9538
2014-04-18 00:00:00,19.61,19.622,19.606,19.616,38
2014-04-21 00:00:00,19.628,19.696,19.238,19.435,11093
2014-04-22 00:00:00,19.428,19.536,19.299,19.413,10457
2014-04-23 00:00:00,19.391,19.546,19.373,19.442,8957
2014-04-24 00:00:00,19.444,19.909,18.941,19.642,14506
2014-04-25 00:00:00,19.634,19.804,19.516,19.715,11328
2014-04-28 00:00:00,19.682,19.749,19.485,19.578,11155
2014-04-29 00:00:00,19.546,19.596,19.316,19.452,14453
2014-04-30 00:00:00,19.453,19.477,19.046,19.187,14421
2014-05-01 00:00:00,19.173,19.245,18.753,19.024,11832
2014-05-02 00:00:00,19.008,19.682,18.875,19.49,15329
2014-05-05 00:00:00,19.499,19.721,19.458,19.595,14185
2014-05-06 00:00:00,19.592,19.7,19.483,19.575,11018
2014-05-07 00:00:00,19.567,19.751,19.281,19.306,13675
2014-05-08 00:00:00,19.305,19.377,19.117,19.175,12332
2014-05-09 00:00:00,19.17,19.304,19.043,19.149,10645
2014-05-12 00:00:00,19.15,19.656,19.029,19.526,12904
2014-05-13 00:00:00,19.518,19.598,19.351,19.526,11956
2014-05-14 00:00:00,19.51,19.987,19.495,19.774,11721
2014-05-15 00:00:00,19.766,19.82,19.41,19.488,15831
2014-05-16 00:00:00,19.484,19.519,19.253,19.366,12137
2014-05-19 00:00:00,19.359,19.679,19.302,19.347,12648
2014-05-20 00:00:00,19.329,19.452,19.229,19.401,13525
2014-05-21 00:00:00,19.385,19.495,19.268,19.401,13035
2014-05-22 00:00:00,19.381,19.804,19.355,19.494,11177
2014-05-23 00:00:00,19.482,19.515,19.288,19.443,8253
2014-05-26 00:00:00,19.422,19.489,19.376,19.44,3334
2014-05-27 00:00:00,19.43,19.438,19.028,19.058,12373
2014-05-28 00:00:00,19.049,19.156,18.975,19.016,12102
2014-05-29 00:00:00,19.018,19.097,18.793,19.023,13043
2014-05-30 00:00:00,19.016,19.093,18.633,18.811,11817
2014-06-02 00:00:00,18.802,18.88,18.665,18.754,10196
2014-06-03 00:00:00,18.733,18.934,18.733,18.805,10321
2014-06-04 00:00:00,18.788,18.895,18.746,18.809,11168
2014-06-05 00:00:00,18.791,19.146,18.701999999999998,19.028,13413
2014-06-06 00:00:00,19.017,19.194,18.885,19.016,12245
2014-06-09 00:00:00,19.03,19.194,18.99,19.058,5644
2014-06-10 00:00:00,19.048,19.25,18.976,19.187,7534
2014-06-11 00:00:00,19.171,19.34,19.151,19.187,8162
2014-06-12 00:00:00,19.183,19.564,19.157,19.525,8093
2014-06-13 00:00:00,19.511,19.724,19.484,19.67,8235
2014-06-16 00:00:00,19.679,19.876,19.573,19.65,9755
2014-06-17 00:00:00,19.645,19.736,19.454,19.73,9605
2014-06-18 00:00:00,19.731,19.899,19.666,19.886,8577
2014-06-19 00:00:00,19.884,20.917,19.83,20.79,17329
2014-06-20 00:00:00,20.768,20.973,20.574,20.851,17782
2014-06-23 00:00:00,20.84,20.932,20.728,20.866,11734
2014-06-24 00:00:00,20.87,21.152,20.798000000000002,20.912,12227
2014-06-25 00:00:00,20.902,21.159,20.703,21.02,11413
2014-06-26 00:00:00,21.015,21.117,20.792,21.094,11103
2014-06-27 00:00:00,21.084,21.193,20.913,20.942,11501
2014-06-30 00:00:00,20.976,21.113,20.761,21.018,16145
2014-07-01 00:00:00,21.015,21.219,20.995,21.016,14416
2014-07-02 00:00:00,21.015,21.279,20.91,21.15,15662
2014-07-03 00:00:00,21.138,21.166,20.772,21.131,13733
2014-07-04 00:00:00,21.124,21.226,21.075,21.141,5159
2014-07-07 00:00:00,21.127,21.14,20.818,21.037,9032
2014-07-08 00:00:00,21.03,21.181,20.894,21.02,14661
2014-07-09 00:00:00,21.015,21.222,20.987,21.11,15599
2014-07-10 00:00:00,21.108,21.567,21.062,21.387,12955
2014-07-11 00:00:00,21.375,21.488,21.352,21.428,9030
2014-07-14 00:00:00,21.438,21.449,20.843,20.901,14925
2014-07-15 00:00:00,20.897,21.067,20.659,20.675,14806
2014-07-16 00:00:00,20.652,20.822,20.575,20.753,11405
2014-07-17 00:00:00,20.746,21.234,20.698,21.139,13999
2014-07-18 00:00:00,21.124,21.249,20.723,20.855,13481
2014-07-21 00:00:00,20.857,21.103,20.799,20.913,7083
2014-07-22 00:00:00,20.897,21.065,20.73,20.941,10944
2014-07-23 00:00:00,20.945,21.048,20.887,20.908,8182
2014-07-24 00:00:00,20.884,20.908,20.302,20.37,13088
2014-07-25 00:00:00,20.359,20.754,20.298,20.717,8522
2014-07-28 00:00:00,20.676,20.722,20.502,20.572,8385
2014-07-29 00:00:00,20.565,20.801,20.46,20.564,9176
2014-07-30 00:00:00,20.559,20.713,20.451,20.598,8761
2014-07-31 00:00:00,20.593,20.73,20.328,20.38,10201
2014-08-01 00:00:00,20.364,20.543,20.25,20.317,10351
2014-08-04 00:00:00,20.32,20.451,20.143,20.153,5762
2014-08-05 00:00:00,20.147,20.263,19.743,19.766,8999
2014-08-06 00:00:00,19.763,20.114,19.745,20.026,9477
2014-08-07 00:00:00,20.023,20.106,19.875,19.951999999999998,9253
2014-08-08 00:00:00,19.955,20.169,19.825,19.955,11369
2014-08-11 00:00:00,19.893,20.101,19.833,20.008,6787
2014-08-12 00:00:00,19.989,20.142,19.86,19.911,8094
2014-08-13 00:00:00,19.905,20.072,19.71,19.825,9640
2014-08-14 00:00:00,19.822,19.985,19.793,19.876,9438
2014-08-15 00:00:00,19.86,19.946,19.513,19.57,12327
2014-08-18 00:00:00,19.56,19.689,19.475,19.618,7322
2014-08-19 00:00:00,19.6,19.712,19.376,19.423,7004
2014-08-20 00:00:00,19.429,19.592,19.414,19.472,7835
2014-08-21 00:00:00,19.471,19.488,19.31,19.436,11021
2014-08-22 00:00:00,19.438,19.575,19.315,19.408,8341
2014-08-25 00:00:00,19.28,19.498,19.275,19.341,4675
2014-08-26 00:00:00,19.342,19.679,19.33,19.361,8082
2014-08-27 00:00:00,19.34,19.5,19.317,19.449,5613
2014-08-28 00:00:00,19.429,19.888,19.424,19.494,9780
2014-08-29 00:00:00,19.483,19.631,19.44,19.462,7104
2014-09-01 00:00:00,19.454,19.533,19.403,19.476,2836
2014-09-02 00:00:00,19.465,19.49,19.087,19.155,10405
2014-09-03 00:00:00,19.177,19.249,19.11,19.168,7808
2014-09-04 00:00:00,19.182,19.359,19.021,19.039,10813
2014-09-05 00:00:00,19.033,19.234,18.994,19.181,8056
2014-09-08 00:00:00,19.162,19.317,18.91,19.011,8149
2014-09-09 00:00:00,19.026,19.126,18.867,19.037,8487
2014-09-10 00:00:00,19.029,19.103,18.88,18.935,9639
2014-09-11 00:00:00,18.919,18.96,18.573,18.683,11289
2014-09-12 00:00:00,18.655,18.697,18.459,18.626,9567
2014-09-15 00:00:00,18.56,18.698,18.54,18.653,7577
2014-09-16 00:00:00,18.627,18.876,18.603,18.69,8702
2014-09-17 00:00:00,18.672,18.782,18.485,18.523,11675
2014-09-18 00:00:00,18.493,18.613,18.279,18.509,10982
2014-09-19 00:00:00,18.498,18.584,17.788,17.816,13949
2014-09-22 00:00:00,17.841,17.862,17.34,17.714,16087
2014-09-23 00:00:00,17.717,17.995,17.63,17.773,12788
2014-09-24 00:00:00,17.756,17.875,17.528,17.674,10560
2014-09-25 00:00:00,17.67,17.693,17.344,17.5,13756
2014-09-26 00:00:00,17.488,17.73,17.45,17.644,11584
2014-09-29 00:00:00,17.574,17.639,17.441,17.473,9705
2014-09-30 00:00:00,17.453,17.583,16.864,16.95,13601
2014-10-01 00:00:00,16.96,17.439,16.873,17.151,11604
2014-10-02 00:00:00,17.169,17.346,16.939,17.088,15127
2014-10-03 00:00:00,17.063,17.161,16.722,16.842,12276
2014-10-06 00:00:00,16.805,17.359,16.668,17.309,11890
2014-10-07 00:00:00,17.316,17.617,17.098,17.172,12653
2014-10-08 00:00:00,17.174,17.47,17.053,17.35,15258
2014-10-09 00:00:00,17.353,17.715,17.323,17.346,14052
2014-10-10 00:00:00,17.33,17.394,17.206,17.375,10810
2014-10-13 00:00:00,17.369,17.592,17.279,17.465,11160
2014-10-14 00:00:00,17.485,17.562,17.319,17.372,10774
2014-10-15 00:00:00,17.387,17.803,17.026,17.443,19092
2014-10-16 00:00:00,17.427,17.541,17.203,17.366,19229
2014-10-17 00:00:00,17.35,17.437,17.22,17.274,11822
2014-10-20 00:00:00,17.295,17.521,17.251,17.417,7980
2014-10-21 00:00:00,17.391,17.655,17.356,17.496,10011
2014-10-22 00:00:00,17.5,17.524,17.12,17.14,8159
2014-10-23 00:00:00,17.16,17.249,17.039,17.173,8671
2014-10-24 00:00:00,17.198,17.35,17.133,17.192,6120
2014-10-27 00:00:00,17.159,17.231,17.088,17.111,5229
2014-10-28 00:00:00,17.085,17.405,17.073,17.188,7088
2014-10-29 00:00:00,17.19,17.327,17.027,17.066,7303
2014-10-30 00:00:00,17.078,17.218,16.351,16.482,13557
2014-10-31 00:00:00,16.483,16.534,15.757,16.124,18702
2014-11-03 00:00:00,16.107,16.23,15.763,16.125,10457
2014-11-04 00:00:00,16.111,16.177,15.925,16.008,9066
2014-11-05 00:00:00,16.01,16.048,15.143,15.306,17690
2014-11-06 00:00:00,15.332,15.462,15.226,15.393,12770
2014-11-07 00:00:00,15.389,15.791,15.057,15.757,17357
2014-11-10 00:00:00,15.792,15.898,15.495,15.585,12056
2014-11-11 00:00:00,15.587,15.887,15.461,15.69,13749
2014-11-12 00:00:00,15.684,15.777,15.568,15.668,12285
2014-11-13 00:00:00,15.645,15.79,15.555,15.633,12697
2014-11-14 00:00:00,15.647,16.39,15.27,16.296,20848
2014-11-17 00:00:00,16.308,16.47,16.034,16.123,17400
2014-11-18 00:00:00,16.122,16.415,15.994,16.17,15005
2014-11-19 00:00:00,16.165,16.546,15.892,16.123,19631
2014-11-20 00:00:00,16.134,16.338,15.971,16.25,16843
2014-11-21 00:00:00,16.258,16.618,16.117,16.43,17240
2014-11-24 00:00:00,16.394,16.49,16.267,16.457,11048
2014-11-25 00:00:00,16.478,16.721,16.47,16.66,15676
2014-11-26 00:00:00,16.671,16.683,16.486,16.486,7755
2014-11-27 00:00:00,16.505,16.555,16.157,16.236,10220
2014-11-28 00:00:00,16.249,16.256,15.433,15.499,14543
2014-12-01 00:00:00,15.349,16.79,14.097,16.429,35265
2014-12-02 00:00:00,16.449,16.517,16.067,16.446,22846
2014-12-03 00:00:00,16.432,16.569,16.222,16.391,14249
2014-12-04 00:00:00,16.378,16.66,16.353,16.428,16419
2014-12-05 00:00:00,16.45,16.541,16.209,16.283,16121
2014-12-08 00:00:00,16.243,16.425,16.152,16.338,11450
2014-12-09 00:00:00,16.339,17.202,16.278,17.065,21097
2014-12-10 00:00:00,17.074,17.31,16.92,17.038,17766
2014-12-11 00:00:00,17.021,17.207,16.92,17.07,17771
2014-12-12 00:00:00,17.089,17.2,16.985,17.01,15332
2014-12-15 00:00:00,17.026,17.046,16.117,16.143,15924
2014-12-16 00:00:00,16.181,16.647,15.525,15.7,24650
2014-12-17 00:00:00,15.7,16.038,15.607,15.724,19887
2014-12-18 00:00:00,15.736,16.218,15.724,15.854,18470
2014-12-19 00:00:00,15.856,16.097,15.828,16.063,13053
2014-12-22 00:00:00,16.109,16.162,15.522,15.65,11477
2014-12-23 00:00:00,15.637,15.892,15.555,15.734,10312
2014-12-24 00:00:00,15.756,15.862,15.677,15.754,5031
2014-12-26 00:00:00,15.785,16.305,15.754,16.051,7913
2014-12-29 00:00:00,16.062,16.255,15.72,15.742,9622
2014-12-30 00:00:00,15.803,16.475,15.747,16.265,12778
2014-12-31 00:00:00,16.228,16.298,15.55,15.642,9194
2015-01-02 00:00:00,15.687,16.055,15.526,15.759,12919
2015-01-05 00:00:00,15.784,16.257,15.633,16.159,14282
2015-01-06 00:00:00,16.147,16.7,16.114,16.513,14710
2015-01-07 00:00:00,16.547,16.645,16.29,16.508,12393
2015-01-08 00:00:00,16.513,16.647,16.292,16.341,11318
2015-01-09 00:00:00,16.353,16.618,16.192,16.511,13055
2015-01-12 00:00:00,16.509,16.668,16.419,16.549,12085
2015-01-13 00:00:00,16.58,17.188,16.554,17.029,15935
2015-01-14 00:00:00,17.037,17.071,16.54,16.837,20444
2015-01-15 00:00:00,16.825,17.217,16.688,16.767,23918
2015-01-16 00:00:00,16.891,17.829,16.887,17.767,19557
2015-01-19 00:00:00,17.853,17.86,17.605,17.697,11256
2015-01-20 00:00:00,17.672,18.017,17.615,17.964,18290
2015-01-21 00:00:00,17.961,18.473,17.896,18.099,20920
2015-01-22 00:00:00,18.11,18.462,17.907,18.303,20870
2015-01-23 00:00:00,18.3,18.39,18.1,18.279,15504
2015-01-26 00:00:00,18.298,18.465,17.846,17.895,15697
2015-01-27 00:00:00,17.897,18.193,17.462,18.021,13652
2015-01-28 00:00:00,18.019,18.142,17.924,17.965,14542
2015-01-29 00:00:00,17.967,18.025,16.737,16.929,22922
2015-01-30 00:00:00,16.958,17.312,16.809,17.245,16526
2015-02-02 00:00:00,17.173,17.33,16.992,17.191,13984
2015-02-03 00:00:00,17.213,17.735,17.07,17.276,17502
2015-02-04 00:00:00,17.291,17.65,17.164,17.336,18337
2015-02-05 00:00:00,17.358,17.487,16.921,17.243,15890
2015-02-06 00:00:00,17.263,17.365,16.55,16.695,16760
2015-02-09 00:00:00,16.786,17.161,16.698,16.981,11887
2015-02-10 00:00:00,16.957,17.102,16.73,16.91,13706
2015-02-11 00:00:00,16.921,17.089,16.728,16.784,12645
2015-02-12 00:00:00,16.809,17.055,16.624,16.836,13148
2015-02-13 00:00:00,16.856,17.442,16.85,17.341,11879
2015-02-16 00:00:00,17.325,17.404,17.263,17.294,7216
2015-02-17 00:00:00,17.28,17.332,16.289,16.486,15770
2015-02-18 00:00:00,16.492,16.588,16.252,16.473,12452
2015-02-19 00:00:00,16.476,16.787,16.342,16.365,13463
2015-02-20 00:00:00,16.356,16.569,16.181,16.233,12648
2015-02-23 00:00:00,16.247,16.608,16.094,16.31,14558
2015-02-24 00:00:00,16.325,16.485,16.092,16.264,16384
2015-02-25 00:00:00,16.294,16.731,16.294,16.534,13198
2015-02-26 00:00:00,16.52,16.886,16.507,16.528,12913
2015-02-27 00:00:00,16.55,16.695,16.416,16.588,13615
2015-03-02 00:00:00,16.607,16.782,16.345,16.371,13864
2015-03-03 00:00:00,16.396,16.583,16.068,16.25,17035
2015-03-04 00:00:00,16.255,16.371,16.07,16.22,12942
2015-03-05 00:00:00,16.217,16.368,16.148,16.185,10720
2015-03-06 00:00:00,16.189,16.247,15.768,15.888,15893
2015-03-09 00:00:00,15.952,15.977,15.73,15.744,10513
2015-03-10 00:00:00,15.745,15.843,15.614,15.649000000000001,13834
2015-03-11 00:00:00,15.64,15.76,15.284,15.483,13365
2015-03-12 00:00:00,15.494,15.712,15.409,15.56,12262
2015-03-13 00:00:00,15.584,15.681000000000001,15.473,15.629,10998
2015-03-16 00:00:00,15.651,15.772,15.506,15.623,10412
2015-03-17 00:00:00,15.645,15.734,15.386,15.546,12971
2015-03-18 00:00:00,15.554,16.105,15.459,15.932,16514
2015-03-19 00:00:00,15.94,16.196,15.818,16.113,16503
2015-03-20 00:00:00,16.123,16.892,16.093,16.729,14071
2015-03-23 00:00:00,16.787,17.091,16.626,16.96,14740
2015-03-24 00:00:00,16.986,17.043,16.813,16.943,11862
2015-03-25 00:00:00,16.939,17.131,16.85,16.944,11081
2015-03-26 00:00:00,16.964,17.403,16.924,17.088,15087
2015-03-27 00:00:00,17.069,17.2,16.854,16.933,13947
2015-03-30 00:00:00,16.985,16.996,16.635,16.705,11818
2015-03-31 00:00:00,16.705,16.836,16.445,16.641,12207
2015-04-01 00:00:00,16.63,17.084,16.522,16.941,13227
2015-04-02 00:00:00,16.947,17.007,16.591,16.74,12283
2015-04-06 00:00:00,17.007,17.315,16.938,16.975,10493
2015-04-07 00:00:00,16.957,16.981,16.736,16.833,10314
2015-04-08 00:00:00,16.835,16.913,16.39,16.501,13217
2015-04-09 00:00:00,16.493,16.53,16.134,16.164,10764
2015-04-10 00:00:00,16.167,16.677,16.167,16.457,11905
2015-04-13 00:00:00,16.445,16.532,16.251,16.254,10879
2015-04-14 00:00:00,16.281,16.373,15.995,16.151,13107
2015-04-15 00:00:00,16.161,16.401,16.075,16.321,11156
2015-04-16 00:00:00,16.327,16.506,16.135,16.269,13915
2015-04-17 00:00:00,16.303,16.523,16.222,16.265,11748
2015-04-20 00:00:00,16.284,16.378,15.869,15.931000000000001,12620
2015-04-21 00:00:00,15.966,16.204,15.909,15.995,9637
2015-04-22 00:00:00,16.017,16.113,15.693,15.766,11312
2015-04-23 00:00:00,15.788,15.955,15.75,15.864,10779
2015-04-24 00:00:00,15.88,15.927,15.597,15.725999999999999,12731
2015-04-27 00:00:00,15.732,16.484,15.722,16.376,12633
2015-04-28 00:00:00,16.402,16.693,16.309,16.605,14282
2015-04-29 00:00:00,16.597,16.719,16.42,16.535,13836
2015-04-30 00:00:00,16.554,16.725,15.816,16.129,17462
2015-05-01 00:00:00,16.132,16.27,15.907,16.148,10853
2015-05-04 00:00:00,16.142,16.762,16.137,16.389,11863
2015-05-05 00:00:00,16.398,16.707,16.344,16.529,12940
2015-05-06 00:00:00,16.538,16.654,16.386,16.496,14698
2015-05-07 00:00:00,16.528,16.549,16.175,16.311,12154
2015-05-08 00:00:00,16.32,16.549,16.264,16.465,14646
2015-05-11 00:00:00,16.437,16.556,16.212,16.284,9860
2015-05-12 00:00:00,16.293,16.594,16.147,16.526,11984
2015-05-13 00:00:00,16.526,17.23,16.49,17.111,16332
2015-05-14 00:00:00,17.137,17.576,17.07,17.444,17866
2015-05-15 00:00:00,17.459,17.571,17.198,17.494,15135
2015-05-18 00:00:00,17.529,17.767,17.468,17.708,12470
2015-05-19 00:00:00,17.695,17.722,16.872,17.086,14995
2015-05-20 00:00:00,17.111,17.283,16.945,17.09,13576
2015-05-21 00:00:00,17.101,17.25,17.014,17.136,11516
2015-05-22 00:00:00,17.149,17.334,16.943,17.101,10810
2015-05-25 00:00:00,17.042,17.177,17.006,17.123,5260
2015-05-26 00:00:00,17.107,17.137,16.647,16.723,13574
2015-05-27 00:00:00,16.74,16.815,16.593,16.67,10351
2015-05-28 00:00:00,16.668,16.781,16.543,16.676,11306
2015-05-29 00:00:00,16.62,16.815,16.62,16.738,8919
2015-06-01 00:00:00,16.694,17.174,16.601,16.731,9250
2015-06-02 00:00:00,16.735,16.851,16.634,16.774,10874
2015-06-03 00:00:00,16.755,16.815,16.401,16.506,10007
2015-06-04 00:00:00,16.48,16.535,16.099,16.099,13044
2015-06-05 00:00:00,16.085,16.205,15.955,16.102,9661
2015-06-08 00:00:00,16.077,16.155,15.925,15.968,7524
2015-06-09 00:00:00,15.955,16.183,15.945,15.953,7325
2015-06-10 00:00:00,15.945,16.243,15.941,16.002,8510
2015-06-11 00:00:00,16.004,16.071,15.813,16.018,8236
2015-06-12 00:00:00,16.02,16.051,15.831,15.964,5935
2015-06-15 00:00:00,15.935,16.277,15.857,16.063,8659
2015-06-16 00:00:00,16.067,16.144,15.888,16.008,5030
2015-06-17 00:00:00,16.017,16.274,15.923,16.119,7733
2015-06-18 00:00:00,16.107,16.458,16.056,16.154,9048
2015-06-19 00:00:00,16.155,16.221,15.905,16.084,7607
2015-06-22 00:00:00,16.093,16.266,16.026,16.198,5702
2015-06-23 00:00:00,16.167,16.21,15.753,15.836,8870
2015-06-24 00:00:00,15.83,15.934,15.772,15.883,9495
2015-06-25 00:00:00,15.885,15.963,15.78,15.836,6252
2015-06-26 00:00:00,15.841,15.907,15.525,15.789,8446
2015-06-29 00:00:00,15.966,16.036,15.686,15.725999999999999,11623
2015-06-30 00:00:00,15.768,15.884,15.482,15.703,12580
2015-07-01 00:00:00,15.681000000000001,15.728,15.525,15.555,8030
2015-07-02 00:00:00,15.565,15.8,15.499,15.674,7645
2015-07-03 00:00:00,15.665,15.73,15.605,15.687,3460
2015-07-06 00:00:00,15.71,15.850999999999999,15.534,15.723,7076
2015-07-07 00:00:00,15.72,15.731,14.674,15.046,13653
2015-07-08 00:00:00,15.042,15.263,14.765,15.124,12715
2015-07-09 00:00:00,15.15,15.566,15.021,15.383,11701
2015-07-10 00:00:00,15.407,15.661,15.381,15.563,10306
2015-07-13 00:00:00,15.556000000000001,15.904,15.31,15.486,11923
2015-07-14 00:00:00,15.505,15.508,15.273,15.35,8377
2015-07-15 00:00:00,15.362,15.388,15.0,15.08,9683
2015-07-16 00:00:00,15.088,15.181,14.895,14.995,9270
2015-07-17 00:00:00,15.0,15.05,14.85,14.864,8320
2015-07-20 00:00:00,14.857,15.018,14.536,14.679,17815
2015-07-21 00:00:00,14.678,14.968,14.652,14.815,10585
2015-07-22 00:00:00,14.837,14.904,14.633,14.779,12094
2015-07-23 00:00:00,14.785,14.982,14.585,14.648,10673
2015-07-24 00:00:00,14.635,14.733,14.374,14.681000000000001,15491
2015-07-27 00:00:00,14.725,14.775,14.533,14.533,13183
2015-07-28 00:00:00,14.562,14.715,14.545,14.668,9620
2015-07-29 00:00:00,14.682,14.914,14.615,14.791,12144
2015-07-30 00:00:00,14.8,14.854,14.614,14.725999999999999,10932
2015-07-31 00:00:00,14.73,15.002,14.548,14.771,11659
2015-08-03 00:00:00,14.78,14.785,14.428,14.506,10370
2015-08-04 00:00:00,14.488,14.665,14.383,14.583,10323
2015-08-05 00:00:00,14.585,14.713,14.502,14.575,9583
2015-08-06 00:00:00,14.587,14.771,14.529,14.649000000000001,7073
2015-08-07 00:00:00,14.661,15.024,14.600999999999999,14.809,12509
2015-08-10 00:00:00,14.805,15.398,14.747,15.228,11304
2015-08-11 00:00:00,15.256,15.407,15.102,15.346,16381
2015-08-12 00:00:00,15.336,15.593,15.16,15.52,16071
2015-08-13 00:00:00,15.544,15.579,15.291,15.415,12563
2015-08-14 00:00:00,15.421,15.615,15.177,15.245,10970
2015-08-17 00:00:00,15.247,15.408,15.218,15.313,10287
2015-08-18 00:00:00,15.325,15.35,14.725,14.885,11612
2015-08-19 00:00:00,14.89,15.346,14.842,15.296,12473
2015-08-20 00:00:00,15.285,15.585,15.281,15.535,14122
2015-08-21 00:00:00,15.54,15.654,15.134,15.305,16788
2015-08-24 00:00:00,15.345,15.411,14.595,14.765,30456
2015-08-25 00:00:00,14.785,14.968,14.568,14.675,24106
2015-08-26 00:00:00,14.705,14.755,13.975,14.125,22332
2015-08-27 00:00:00,14.13,14.611,14.105,14.475,17128
2015-08-28 00:00:00,14.475,14.686,14.38,14.583,18964
2015-08-31 00:00:00,14.59,14.692,14.42,14.625,14604
2015-09-01 00:00:00,14.615,14.78,14.519,14.59,16113
2015-09-02 00:00:00,14.58,14.828,14.44,14.665,13007
2015-09-03 00:00:00,14.665,14.964,14.565,14.695,13467
2015-09-04 00:00:00,14.68,14.814,14.496,14.571,12552
2015-09-07 00:00:00,14.572,14.674,14.479,14.505,7012
2015-09-08 00:00:00,14.507,14.898,14.464,14.76,12295
2015-09-09 00:00:00,14.787,14.942,14.585,14.615,14792
2015-09-10 00:00:00,14.61,14.869,14.56,14.665,14139
2015-09-11 00:00:00,14.66,14.765,14.29,14.583,10243
2015-09-14 00:00:00,14.58,14.624,14.349,14.435,10900
2015-09-15 00:00:00,14.41,14.45,14.284,14.41,9581
2015-09-16 00:00:00,14.255,14.95,14.255,14.9,12626
2015-09-17 00:00:00,14.905,15.272,14.79,15.14,17797
2015-09-18 00:00:00,15.125,15.427,15.03,15.157,16017
2015-09-21 00:00:00,15.182,15.255,15.095,15.19,9030
2015-09-22 00:00:00,15.185,15.231,14.715,14.775,11756
2015-09-23 00:00:00,14.79,14.931000000000001,14.72,14.78,10161
2015-09-24 00:00:00,14.78,15.195,14.771,15.125,15266
2015-09-25 00:00:00,15.09,15.196,14.955,15.092,13733
2015-09-28 00:00:00,15.079,15.12,14.5,14.59,19483
2015-09-29 00:00:00,14.605,14.729,14.491,14.62,15815
2015-09-30 00:00:00,14.615,14.753,14.472,14.495,18613
2015-10-01 00:00:00,14.5,14.703,14.467,14.53,18043
2015-10-02 00:00:00,14.518,15.306,14.391,15.235,23256
2015-10-05 00:00:00,15.247,15.722,15.112,15.642,22457
2015-10-06 00:00:00,15.619,16.088,15.576,15.881,20591
2015-10-07 00:00:00,15.881,16.115,15.832,16.056,21649
2015-10-08 00:00:00,16.052,16.073,15.387,15.692,26619
2015-10-09 00:00:00,15.69,16.014,15.59,15.831,24900
2015-10-12 00:00:00,15.771,16.078,15.741,15.827,21872
2015-10-13 00:00:00,15.655,15.99,15.585,15.898,22705
2015-10-14 00:00:00,15.898,16.195,15.793,16.125,27529
2015-10-15 00:00:00,16.125,16.19,15.906,16.108,23353
2015-10-16 00:00:00,16.118,16.155,15.939,16.062,19058
2015-10-19 00:00:00,16.013,16.034,15.741,15.839,21696
2015-10-20 00:00:00,15.834,15.972,15.744,15.9,22496
2015-10-21 00:00:00,15.897,15.941,15.628,15.693,21250
2015-10-22 00:00:00,15.69,15.914,15.652,15.821,19937
2015-10-23 00:00:00,15.802,16.096,15.712,15.826,24444
2015-10-26 00:00:00,15.83,15.981,15.765,15.841,19001
2015-10-27 00:00:00,15.838,15.95,15.777,15.873,15163
2015-10-28 00:00:00,15.858,16.353,15.72,15.932,28414
2015-10-29 00:00:00,15.929,15.999,15.548,15.585,26618
2015-10-30 00:00:00,15.587,15.67,15.484,15.553,21175
2015-11-02 00:00:00,15.542,15.556000000000001,15.265,15.408,17529
2015-11-03 00:00:00,15.415,15.467,15.213,15.273,15353
2015-11-04 00:00:00,15.268,15.342,15.053,15.075,19635
2015-11-05 00:00:00,15.078,15.112,14.936,14.969,18295
2015-11-06 00:00:00,14.974,15.074,14.721,14.772,16837
2015-11-09 00:00:00,14.748,14.797,14.443,14.562,16034
2015-11-10 00:00:00,14.567,14.592,14.313,14.427,15525
2015-11-11 00:00:00,14.422,14.531,14.265,14.325,15380
2015-11-12 00:00:00,14.315,14.493,14.196,14.294,20894
2015-11-13 00:00:00,14.292,14.383,14.178,14.255,18228
2015-11-16 00:00:00,14.385,14.451,14.211,14.236,19844
2015-11-17 00:00:00,14.25,14.296,14.114,14.18,18884
2015-11-18 00:00:00,14.18,14.255,14.036,14.172,18786
2015-11-19 00:00:00,14.174,14.408,14.137,14.254,20578
2015-11-20 00:00:00,14.259,14.41,14.085,14.178,20724
2015-11-23 00:00:00,14.157,14.201,13.913,14.133,20792
2015-11-24 00:00:00,14.124,14.305,14.059,14.188,20822
2015-11-25 00:00:00,14.188,14.275,14.034,14.18,19796
2015-11-26 00:00:00,14.182,14.385,14.132,14.274000000000001,13742
2015-11-27 00:00:00,14.255,14.301,13.957,14.1,15789
2015-11-30 00:00:00,14.055,14.193,13.999,14.06,14482
2015-12-01 00:00:00,14.065,14.246,14.051,14.187,19087
2015-12-02 00:00:00,14.18,14.226,13.929,13.995,18054
2015-12-03 00:00:00,13.995,14.167,13.836,14.108,26065
2015-12-04 00:00:00,14.121,14.614,14.045,14.546,25000
2015-12-07 00:00:00,14.572,14.636,14.217,14.239,20111
2015-12-08 00:00:00,14.247,14.325,14.09,14.161,20679
2015-12-09 00:00:00,14.148,14.350999999999999,14.124,14.155,22585
2015-12-10 00:00:00,14.157,14.24,14.101,14.108,14058
2015-12-11 00:00:00,14.093,14.152,13.769,13.92,22314
2015-12-14 00:00:00,13.905,13.98,13.639,13.666,18219
2015-12-15 00:00:00,13.668,13.822,13.661,13.768,20232
2015-12-16 00:00:00,13.768,14.308,13.768,14.164,22453
2015-12-17 00:00:00,14.187,14.2,13.676,13.709,22707
2015-12-18 00:00:00,13.721,14.208,13.708,14.09,21422
2015-12-21 00:00:00,14.103,14.323,14.047,14.243,22647
2015-12-22 00:00:00,14.243,14.388,14.216,14.256,20818
2015-12-23 00:00:00,14.25,14.347,14.208,14.297,15345
2015-12-24 00:00:00,14.295,14.394,14.264,14.387,11924
2015-12-28 00:00:00,14.284,14.415,13.87,13.936,15195
2015-12-29 00:00:00,13.925,14.067,13.918,13.945,15497
2015-12-30 00:00:00,13.945,13.994,13.777,13.883,14027
2015-12-31 00:00:00,13.88,13.971,13.787,13.83,12586
2016-01-04 00:00:00,13.82,14.187,13.812,13.853,13554
2016-01-05 00:00:00,13.862,14.073,13.857,13.97,11815
2016-01-06 00:00:00,13.96,14.142,13.885,14.003,20467
2016-01-07 00:00:00,13.997,14.373,13.928,14.293,30126
2016-01-08 00:00:00,14.294,14.322,13.877,13.933,26673
2016-01-11 00:00:00,13.945,14.075,13.834,13.861,21154
2016-01-12 00:00:00,13.884,13.916,13.742,13.774000000000001,19408
2016-01-13 00:00:00,13.788,14.201,13.763,14.137,16005
2016-01-14 00:00:00,14.142,14.171,13.751,13.835,16464
2016-01-15 00:00:00,13.836,14.132,13.779,13.908,22178
2016-01-18 00:00:00,13.906,13.984,13.837,13.921,11729
2016-01-19 00:00:00,13.937,14.18,13.883,14.011,17777
2016-01-20 00:00:00,14.011,14.206,13.995,14.143,19907
2016-01-21 00:00:00,14.145,14.194,13.882,14.078,19597
2016-01-22 00:00:00,14.08,14.337,14.023,14.025,16694
2016-01-25 00:00:00,14.04,14.296,14.017,14.229,14783
2016-01-26 00:00:00,14.226,14.553,14.207,14.493,18526
2016-01-27 00:00:00,14.494,14.562,14.345,14.472,19688
2016-01-28 00:00:00,14.475,14.521,14.058,14.239,16820
2016-01-29 00:00:00,14.239,14.303,14.157,14.26,22203
2016-02-01 00:00:00,14.243,14.412,14.198,14.336,12082
2016-02-02 00:00:00,14.168,14.394,14.11,14.289,13562
2016-02-03 00:00:00,14.292,14.79,14.265,14.665,21888
2016-02-04 00:00:00,14.668,14.909,14.628,14.843,26368
2016-02-05 00:00:00,14.843,15.047,14.651,14.981,21877
2016-02-08 00:00:00,14.987,15.447,14.884,15.304,26088
2016-02-09 00:00:00,15.301,15.435,15.184,15.224,28228
2016-02-10 00:00:00,15.229,15.294,15.081,15.258,27371
2016-02-11 00:00:00,15.256,15.941,15.253,15.743,43747
2016-02-12 00:00:00,15.749,15.8,15.611,15.737,29686
2016-02-15 00:00:00,15.661,15.699,15.197,15.313,21120
2016-02-16 00:00:00,15.319,15.422,15.126,15.208,28755
2016-02-17 00:00:00,15.225,15.377,15.156,15.265,24950
2016-02-18 00:00:00,15.267,15.543,15.194,15.38,22432
2016-02-19 00:00:00,15.374,15.469,15.266,15.342,27039
2016-02-22 00:00:00,15.335,15.345,14.927,15.167,23957
2016-02-23 00:00:00,15.164,15.303,15.149,15.286,23957
2016-02-24 00:00:00,15.277,15.577,15.173,15.226,35336
2016-02-25 00:00:00,15.219,15.316,15.023,15.139,62191
2016-02-26 00:00:00,15.103,15.218,14.669,14.701,22874
2016-02-29 00:00:00,14.714,14.913,14.61,14.893,23834
2016-03-01 00:00:00,14.877,15.07,14.716,14.806000000000001,23880
2016-03-02 00:00:00,14.792,15.018,14.752,14.929,22074
2016-03-03 00:00:00,14.938,15.309,14.841,15.201,20447
2016-03-04 00:00:00,15.182,15.793,15.118,15.482,52442
2016-03-07 00:00:00,15.533,15.794,15.454,15.628,25994
2016-03-08 00:00:00,15.602,15.724,15.319,15.346,33195
2016-03-09 00:00:00,15.324,15.433,15.182,15.29,26119
2016-03-10 00:00:00,15.281,15.636,15.144,15.584,40438
2016-03-11 00:00:00,15.568999999999999,15.725,15.451,15.473,27985
2016-03-14 00:00:00,15.466,15.816,15.281,15.338,22115
2016-03-15 00:00:00,15.338,15.388,15.185,15.269,24859
2016-03-16 00:00:00,15.25,15.645,15.187,15.597,26789
2016-03-17 00:00:00,15.573,16.041,15.535,15.887,32352
2016-03-18 00:00:00,15.918,16.134,15.725999999999999,15.797,23674
2016-03-21 00:00:00,15.779,15.891,15.693,15.826,18703
2016-03-22 00:00:00,15.811,16.001,15.759,15.873,23678
2016-03-23 00:00:00,15.833,15.903,15.225,15.239,28057
2016-03-24 00:00:00,15.244,15.326,15.133,15.182,18698
2016-03-28 00:00:00,15.167,15.36,15.135,15.229,11163
2016-03-29 00:00:00,15.217,15.36,15.051,15.350999999999999,18300
2016-03-30 00:00:00,15.349,15.441,15.171,15.212,16988
2016-03-31 00:00:00,15.212,15.531,15.186,15.423,17246
2016-04-01 00:00:00,15.419,15.463,14.786,15.039,21582
2016-04-04 00:00:00,15.004,15.096,14.892,14.909,13146
2016-04-05 00:00:00,14.918,15.212,14.918,15.133,19203
2016-04-06 00:00:00,15.106,15.187,14.918,15.057,18056
2016-04-07 00:00:00,15.025,15.363,14.979,15.22,20318
2016-04-08 00:00:00,15.168,15.381,15.12,15.37,15102
2016-04-11 00:00:00,15.364,15.968,15.352,15.903,20731
2016-04-12 00:00:00,15.913,16.208,15.78,16.172,23184
2016-04-13 00:00:00,16.152,16.314,15.988,16.192,22906
2016-04-14 00:00:00,16.192,16.243,15.897,16.15,22909
2016-04-15 00:00:00,16.062,16.366,16.062,16.222,16604
2016-04-18 00:00:00,16.243,16.321,16.103,16.2,16637
2016-04-19 00:00:00,16.11,17.073,16.11,16.927,30618
2016-04-20 00:00:00,16.902,17.227,16.828,16.948,32549
2016-04-21 00:00:00,16.86,17.688,16.736,16.993,50536
2016-04-22 00:00:00,16.961,17.341,16.84,16.951999999999998,36806
2016-04-25 00:00:00,16.855,17.113,16.794,16.98,25548
2016-04-26 00:00:00,16.953,17.165,16.822,17.156,25201
2016-04-27 00:00:00,17.11,17.415,17.05,17.225,39823
2016-04-28 00:00:00,17.189,17.637,17.137,17.535,30629
2016-04-29 00:00:00,17.508,17.956,17.508,17.838,35162
2016-05-02 00:00:00,17.825,18.009,17.48,17.534,30518
2016-05-03 00:00:00,17.534,17.716,17.324,17.415,33657
2016-05-04 00:00:00,17.374,17.467,17.172,17.361,30495
2016-05-05 00:00:00,17.288,17.631,17.238,17.316,26363
2016-05-06 00:00:00,17.326,17.588,17.188,17.486,30216
2016-05-09 00:00:00,17.41,17.463,16.924,17.013,30433
2016-05-10 00:00:00,16.979,17.151,16.886,17.104,26008
2016-05-11 00:00:00,17.008,17.575,17.008,17.404,26269
2016-05-12 00:00:00,17.368,17.443,16.965,16.965,30186
2016-05-13 00:00:00,16.966,17.168,16.822,17.104,28507
2016-05-16 00:00:00,17.1,17.385,17.039,17.134,30379
2016-05-17 00:00:00,17.094,17.34,17.04,17.236,28492
2016-05-18 00:00:00,17.152,17.281,16.707,16.895,38420
2016-05-19 00:00:00,16.896,16.917,16.328,16.464,37404
2016-05-20 00:00:00,16.465,16.644,16.401,16.518,24044
2016-05-23 00:00:00,16.483,16.559,16.301,16.366,23238
2016-05-24 00:00:00,16.367,16.436,16.187,16.209,25446
2016-05-25 00:00:00,16.209,16.355,16.129,16.303,21784
2016-05-26 00:00:00,16.218,16.556,16.218,16.316,26828
2016-05-27 00:00:00,16.272,16.36,16.12,16.217,22287
2016-05-30 00:00:00,16.213,16.215,15.894,15.982,16526
2016-05-31 00:00:00,15.947,16.15,15.947,15.986,22110
2016-06-01 00:00:00,15.896,16.079,15.812,15.95,22646
2016-06-02 00:00:00,15.953,16.042,15.907,15.981,19500
2016-06-03 00:00:00,15.919,16.446,15.919,16.406,25773
2016-06-06 00:00:00,16.393,16.526,16.347,16.471,22663
2016-06-07 00:00:00,16.424,16.475,16.238,16.371,17669
2016-06-08 00:00:00,16.372,17.088,16.284,17.028,24303
2016-06-09 00:00:00,16.992,17.326,16.938,17.258,25045
2016-06-10 00:00:00,17.174,17.368,17.147,17.331,21111
2016-06-13 00:00:00,17.298,17.451,17.096,17.439,23204
2016-06-14 00:00:00,17.44,17.479,17.215,17.365,19535
2016-06-15 00:00:00,17.366,17.605,17.335,17.505,23419
2016-06-16 00:00:00,17.408,17.854,17.15,17.181,35609
2016-06-17 00:00:00,17.182,17.493,17.18,17.477,21362
2016-06-20 00:00:00,17.424,17.637,17.274,17.484,22221
2016-06-21 00:00:00,17.485,17.576,17.176,17.272,21877
2016-06-22 00:00:00,17.273,17.335,17.109,17.246,17151
2016-06-23 00:00:00,17.154,17.476,17.154,17.277,21649
2016-06-24 00:00:00,17.095,18.311,17.054,17.743,56148
2016-06-27 00:00:00,17.72,17.906,17.623,17.725,29191
2016-06-28 00:00:00,17.725,17.84,17.521,17.759,26643
2016-06-29 00:00:00,17.758,18.472,17.757,18.285,25167
2016-06-30 00:00:00,18.275,18.805,18.184,18.701999999999998,22172
2016-07-01 00:00:00,18.705,19.89,18.703,19.741,32484
2016-07-04 00:00:00,19.766,21.128,19.668,20.306,47655
2016-07-05 00:00:00,20.303,20.46,19.522,19.927,55324
2016-07-06 00:00:00,19.788,20.507,19.788,20.084,42732
2016-07-07 00:00:00,20.076,20.259,19.459,19.68,37548
2016-07-08 00:00:00,19.634,20.32,19.217,20.24,45386
2016-07-11 00:00:00,20.324,20.678,20.104,20.281,44067
2016-07-12 00:00:00,20.27,20.521,19.958,20.148,37791
2016-07-13 00:00:00,20.162,20.475,19.889,20.344,35645
2016-07-14 00:00:00,20.353,20.542,20.001,20.295,33559
2016-07-15 00:00:00,20.289,20.327,19.996,20.217,28657
2016-07-18 00:00:00,20.166,20.222,19.71,20.036,29029
2016-07-19 00:00:00,20.026,20.061,19.803,19.896,23029
2016-07-20 00:00:00,19.884,19.98,19.325,19.385,29764
2016-07-21 00:00:00,19.372,19.873,19.214,19.78,33571
2016-07-22 00:00:00,19.78,19.942,19.559,19.624,25822
2016-07-25 00:00:00,19.621,19.7,19.301,19.55,27539
2016-07-26 00:00:00,19.541,19.733,19.423,19.636,24384
2016-07-27 00:00:00,19.641,20.401,19.513,20.346,28558
2016-07-28 00:00:00,20.319,20.51,20.098,20.155,26308
2016-07-29 00:00:00,20.135,20.402,19.954,20.326,29688
2016-08-01 00:00:00,20.347,20.639,20.29,20.431,20363
2016-08-02 00:00:00,20.449,20.778,20.332,20.608,25200
2016-08-03 00:00:00,20.602,20.72,20.368,20.399,19226
2016-08-04 00:00:00,20.391,20.511,20.046,20.34,27267
2016-08-05 00:00:00,20.359,20.427,19.687,19.727,30050
2016-08-08 00:00:00,19.509,19.862,19.492,19.723,19664
2016-08-09 00:00:00,19.704,19.873,19.585,19.847,15637
2016-08-10 00:00:00,19.888,20.483,19.876,20.136,23771
2016-08-11 00:00:00,20.144,20.311,19.882,19.958,25373
2016-08-12 00:00:00,19.948,20.216,19.653,19.707,29915
2016-08-15 00:00:00,19.744,20.038,19.697,19.804,21443
2016-08-16 00:00:00,19.821,20.103,19.708,19.787,29886
2016-08-17 00:00:00,19.771,19.882,19.367,19.685,31371
2016-08-18 00:00:00,19.656,19.926,19.62,19.741,28959
2016-08-19 00:00:00,19.768,19.777,19.234,19.289,22486
2016-08-22 00:00:00,19.25,19.254,18.723,18.904,26069
2016-08-23 00:00:00,18.864,19.115,18.832,18.832,20939
2016-08-24 00:00:00,18.813,18.988,18.531,18.533,20770
2016-08-25 00:00:00,18.527,18.659,18.473,18.537,21728
2016-08-26 00:00:00,18.523,19.063,18.513,18.649,35225
2016-08-29 00:00:00,18.643,18.882,18.384,18.857,20898
2016-08-30 00:00:00,18.869,18.956,18.576999999999998,18.596,19227
2016-08-31 00:00:00,18.574,18.859,18.542,18.643,19873
2016-09-01 00:00:00,18.635,18.926,18.585,18.88,18669
2016-09-02 00:00:00,18.87,19.436,18.748,19.431,36717
2016-09-05 00:00:00,19.386,19.554,19.292,19.504,16922
2016-09-06 00:00:00,19.488,20.126,19.465,20.04,31921
2016-09-07 00:00:00,19.988,20.126,19.723,19.781,31319
2016-09-08 00:00:00,19.77,19.931,19.547,19.603,32529
2016-09-09 00:00:00,19.578,19.646,19.012,19.024,30867
2016-09-12 00:00:00,19.113,19.173,18.708,19.096,29267
2016-09-13 00:00:00,19.083,19.282,18.784,18.853,24008
2016-09-14 00:00:00,18.852,19.115,18.785,18.951999999999998,21449
2016-09-15 00:00:00,18.935,19.197,18.814,18.963,19512
2016-09-16 00:00:00,18.991,19.021,18.658,18.768,15968
2016-09-19 00:00:00,18.789,19.302,18.774,19.16,17227
2016-09-20 00:00:00,19.149,19.288,19.079,19.233,12122
2016-09-21 00:00:00,19.241,19.865,19.014,19.817,27990
2016-09-22 00:00:00,19.802,20.064,19.696,19.867,20100
2016-09-23 00:00:00,19.872,19.93,19.58,19.671,15847
2016-09-26 00:00:00,19.689,19.735,19.351,19.425,20728
2016-09-27 00:00:00,19.413,19.534,18.973,19.128,21418
2016-09-28 00:00:00,19.08,19.2,18.913,19.176,20734
2016-09-29 00:00:00,19.144,19.381,18.985,19.089,20489
2016-09-30 00:00:00,19.068,19.694,19.054,19.177,25873
2016-10-03 00:00:00,19.184,19.308,18.701999999999998,18.799,20794
2016-10-04 00:00:00,18.805,18.892,17.712,17.794,30096
2016-10-05 00:00:00,17.741,17.999,17.547,17.716,24220
2016-10-06 00:00:00,17.718,17.839,17.105,17.305,19263
2016-10-07 00:00:00,17.295,17.648,17.091,17.533,26425
2016-10-10 00:00:00,17.546,17.801,17.541,17.628,19752
2016-10-11 00:00:00,17.586,17.819,17.435,17.435,20562
2016-10-12 00:00:00,17.426,17.604,17.351,17.468,17361
2016-10-13 00:00:00,17.454,17.674,17.41,17.473,20136
2016-10-14 00:00:00,17.46,17.576999999999998,17.301,17.384,20633
2016-10-17 00:00:00,17.415,17.498,17.344,17.449,14973
2016-10-18 00:00:00,17.441,17.709,17.434,17.603,18197
2016-10-19 00:00:00,17.612,17.77,17.557,17.672,16748
2016-10-20 00:00:00,17.653,17.732,17.44,17.525,15094
2016-10-21 00:00:00,17.522,17.548000000000002,17.394,17.538,13863
2016-10-24 00:00:00,17.506,17.879,17.457,17.574,18524
2016-10-25 00:00:00,17.58,17.816,17.506,17.744,22354
2016-10-26 00:00:00,17.753,17.857,17.566,17.602,19828
2016-10-27 00:00:00,17.604,17.721,17.546,17.605,22927
2016-10-28 00:00:00,17.583,17.908,17.541,17.766,32627
2016-10-31 00:00:00,17.78,17.914,17.747,17.874,24046
2016-11-01 00:00:00,17.879,18.488,17.842,18.34,32373
2016-11-02 00:00:00,18.346,18.732,18.345,18.455,37069
2016-11-03 00:00:00,18.465,18.635,17.997,18.34,39391
2016-11-04 00:00:00,18.35,18.472,18.18,18.401,34128
2016-11-07 00:00:00,18.249,18.278,18.006,18.181,32986
2016-11-08 00:00:00,18.179,18.726,18.17,18.352,42169
2016-11-09 00:00:00,18.364,18.989,18.269,18.472,167046
2016-11-10 00:00:00,18.416,18.979,18.386,18.572,91833
2016-11-11 00:00:00,18.551,18.834,17.189,17.352,108923
2016-11-14 00:00:00,17.351,17.5,16.64,16.885,104026
2016-11-15 00:00:00,16.908,17.135,16.815,17.058,66020
2016-11-16 00:00:00,17.041,17.23,16.86,16.965,57506
2016-11-17 00:00:00,16.957,17.089,16.58,16.642,52763
2016-11-18 00:00:00,16.636,16.758,16.435,16.567,59939
2016-11-21 00:00:00,16.598,16.758,16.518,16.571,42076
2016-11-22 00:00:00,16.571,16.882,16.533,16.621,49140
2016-11-23 00:00:00,16.637,16.735,16.167,16.347,63398
2016-11-24 00:00:00,16.365,16.401,16.219,16.277,36640
2016-11-25 00:00:00,16.291,16.579,16.161,16.494,54664
2016-11-28 00:00:00,16.472,16.855,16.441,16.588,59385
2016-11-29 00:00:00,16.567,16.715,16.414,16.602,56262
2016-11-30 00:00:00,16.599,16.762,16.409,16.489,65791
2016-12-01 00:00:00,16.466,16.674,16.244,16.491,62063
2016-12-02 00:00:00,16.511,16.798000000000002,16.317,16.729,56660
2016-12-05 00:00:00,16.866,16.975,16.489,16.723,73183
2016-12-06 00:00:00,16.671,16.882,16.671,16.7,40999
2016-12-07 00:00:00,16.705,17.228,16.652,17.104,36703
2016-12-08 00:00:00,17.101,17.216,16.959,16.993,50156
2016-12-09 00:00:00,16.981,17.118,16.786,16.873,37952
2016-12-12 00:00:00,16.838,17.192,16.667,17.054,47587
2016-12-13 00:00:00,17.063,17.155,16.764,16.886,42310
2016-12-14 00:00:00,16.854,17.212,16.739,16.819,53239
2016-12-15 00:00:00,16.777,16.941,15.875,15.951,70013
2016-12-16 00:00:00,15.904,16.268,15.904,16.098,45684
2016-12-19 00:00:00,16.05,16.204,15.9,15.945,38196
2016-12-20 00:00:00,15.912,16.079,15.626,16.07,42172
2016-12-21 00:00:00,16.083,16.174,15.892,15.91,33100
2016-12-22 00:00:00,15.882,16.031,15.762,15.779,32359
2016-12-23 00:00:00,15.789,15.854,15.685,15.746,17955
2016-12-27 00:00:00,15.757,16.046,15.705,15.948,24670
2016-12-28 00:00:00,15.956,16.078,15.811,15.991,26409
2016-12-29 00:00:00,16.003,16.235,15.983,16.138,34187
2016-12-30 00:00:00,16.156,16.265,15.838,15.915,37767
2017-01-03 00:00:00,15.899000000000001,16.493,15.894,16.285,55885
2017-01-04 00:00:00,16.267,16.516,16.25,16.404,48361
2017-01-05 00:00:00,16.385,16.712,16.385,16.575,69336
2017-01-06 00:00:00,16.548000000000002,16.664,16.258,16.482,63821
2017-01-09 00:00:00,16.459,16.689,16.412,16.537,40247
2017-01-10 00:00:00,16.56,16.905,16.526,16.781,47013
2017-01-11 00:00:00,16.771,16.864,16.526,16.727,68352
2017-01-12 00:00:00,16.714,16.982,16.714,16.766,56390
2017-01-13 00:00:00,16.74,16.833,16.59,16.806,50609
2017-01-16 00:00:00,16.804,16.921,16.779,16.794,33471
2017-01-17 00:00:00,16.801,17.209,16.796,17.182,59693
2017-01-18 00:00:00,17.17,17.326,17.028,17.05,43224
2017-01-19 00:00:00,17.027,17.103,16.732,16.999,57094
2017-01-20 00:00:00,16.99,17.155,16.821,17.081,51307
2017-01-23 00:00:00,17.084,17.247,17.05,17.214,47166
2017-01-24 00:00:00,17.197,17.282,17.019,17.099,38227
2017-01-25 00:00:00,17.078,17.105,16.77,16.98,45721
2017-01-26 00:00:00,16.983,17.03,16.678,16.793,41317
2017-01-27 00:00:00,16.77,17.245,16.632,17.142,43103
2017-01-30 00:00:00,17.143,17.275,17.055,17.111,37330
2017-01-31 00:00:00,17.092,17.609,17.089,17.553,45582
2017-02-01 00:00:00,17.54,17.631,17.356,17.538,48929
2017-02-02 00:00:00,17.534,17.727,17.412,17.474,41009
2017-02-03 00:00:00,17.458,17.535,17.256,17.498,44136
2017-02-06 00:00:00,17.497,17.743,17.452,17.728,40206
2017-02-07 00:00:00,17.722,17.787,17.555,17.698,36926
2017-02-08 00:00:00,17.681,17.865,17.624,17.778,37442
2017-02-09 00:00:00,17.757,17.84,17.611,17.646,36817
2017-02-10 00:00:00,17.618,18.0,17.55,17.944,42761
2017-02-13 00:00:00,17.912,17.998,17.755,17.81,32241
2017-02-14 00:00:00,17.812,18.068,17.739,17.946,37012
2017-02-15 00:00:00,17.928,17.986,17.755,17.973,31086
2017-02-16 00:00:00,17.966,18.134,17.932,18.085,40666
2017-02-17 00:00:00,18.073,18.09,17.974,17.99,29525
2017-02-20 00:00:00,17.993,18.066,17.912,18.044,15869
2017-02-21 00:00:00,18.031,18.084,17.832,17.966,24439
2017-02-22 00:00:00,17.956,18.05,17.919,18.016,26160
2017-02-23 00:00:00,18.006,18.22,17.937,18.178,28855
2017-02-24 00:00:00,18.154,18.403,18.152,18.361,29631
2017-02-27 00:00:00,18.364,18.483,18.221,18.257,26055
2017-02-28 00:00:00,18.257,18.456,18.238,18.303,30436
2017-03-01 00:00:00,18.304,18.458,18.227,18.411,41938
2017-03-02 00:00:00,18.4,18.428,17.681,17.754,33213
2017-03-03 00:00:00,17.65,17.976,17.632,17.962,43260
2017-03-06 00:00:00,17.943,17.946,17.701,17.774,27467
2017-03-07 00:00:00,17.771,17.783,17.466,17.481,24226
2017-03-08 00:00:00,17.475,17.543,17.214,17.225,29439
2017-03-09 00:00:00,17.222,17.283,16.93,16.943,33440
2017-03-10 00:00:00,16.927,17.082,16.838,17.025,33260
2017-03-13 00:00:00,17.02,17.142,16.946,16.959,17738
2017-03-14 00:00:00,16.963,17.048,16.86,16.86,19745
2017-03-15 00:00:00,16.866,17.347,16.824,17.327,29434
2017-03-16 00:00:00,17.311,17.559,17.242,17.307,27516
2017-03-17 00:00:00,17.31,17.408,17.222,17.382,18621
2017-03-20 00:00:00,17.381,17.452,17.348,17.413,16731
2017-03-21 00:00:00,17.401,17.592,17.322,17.524,26977
2017-03-22 00:00:00,17.495,17.586,17.444,17.528,26515
2017-03-23 00:00:00,17.523,17.687,17.505,17.575,24688
2017-03-24 00:00:00,17.553,17.776,17.528,17.75,21025
2017-03-27 00:00:00,17.771,18.125,17.766,18.096,22832
2017-03-28 00:00:00,18.084,18.231,17.992,18.173,22352
2017-03-29 00:00:00,18.168,18.247,18.027,18.226,19353
2017-03-30 00:00:00,18.209,18.291,18.05,18.11,19887
2017-03-31 00:00:00,18.093,18.257,18.037,18.255,19598
2017-04-03 00:00:00,18.239,18.257,18.074,18.255,13380
2017-04-04 00:00:00,18.26,18.41,18.196,18.301,13651
2017-04-05 00:00:00,18.289,18.313,18.133,18.292,23879
2017-04-06 00:00:00,18.278,18.338,18.157,18.248,16233
2017-04-07 00:00:00,18.222,18.466,17.859,17.995,36631
2017-04-10 00:00:00,17.917,18.025,17.739,17.928,18748
2017-04-11 00:00:00,17.939,18.332,17.908,18.316,23207
2017-04-12 00:00:00,18.311,18.545,18.239,18.474,23756
2017-04-13 00:00:00,18.471,18.598,18.413,18.529,25346
2017-04-17 00:00:00,18.575,18.644,18.363,18.409,17880
2017-04-18 00:00:00,18.408,18.432,18.073,18.274,24793
2017-04-19 00:00:00,18.289,18.329,18.098,18.142,19903
2017-04-20 00:00:00,18.152,18.227,17.869,18.015,26236
2017-04-21 00:00:00,18.013,18.038,17.809,17.897,22416
2017-04-24 00:00:00,17.842,17.935,17.629,17.923000000000002,29220
2017-04-25 00:00:00,17.927,17.999,17.556,17.576999999999998,25631
2017-04-26 00:00:00,17.576999999999998,17.643,17.318,17.482,37077
2017-04-27 00:00:00,17.423,17.488,17.235,17.242,22897
2017-04-28 00:00:00,17.237,17.417,17.163,17.203,17357
2017-05-01 00:00:00,17.171,17.261,16.798000000000002,16.831,16916
2017-05-02 00:00:00,16.852,16.998,16.784,16.819,16168
2017-05-03 00:00:00,16.817,16.877,16.4,16.458,24861
2017-05-04 00:00:00,16.443,16.631,16.207,16.3,28586
2017-05-05 00:00:00,16.298,16.511,16.222,16.331,28197
2017-05-08 00:00:00,16.268,16.443,16.217,16.218,17589
2017-05-09 00:00:00,16.202,16.31,16.058,16.174,16394
2017-05-10 00:00:00,16.168,16.341,16.141,16.184,19941
2017-05-11 00:00:00,16.148,16.385,16.148,16.317,15548
2017-05-12 00:00:00,16.31,16.482,16.308,16.442,15112
2017-05-15 00:00:00,16.441,16.814,16.42,16.608,21177
2017-05-16 00:00:00,16.59,16.866,16.581,16.839,18403
2017-05-17 00:00:00,16.804,17.033,16.766,16.872,30707
2017-05-18 00:00:00,16.865,16.955,16.439,16.559,37299
2017-05-19 00:00:00,16.541,16.877,16.533,16.864,21417
2017-05-22 00:00:00,16.858,17.208,16.83,17.15,21971
2017-05-23 00:00:00,17.112,17.303,17.031,17.054,21444
2017-05-24 00:00:00,17.009,17.228,16.895,17.225,23508
2017-05-25 00:00:00,17.212,17.26,17.13,17.142,14991
2017-05-26 00:00:00,17.134,17.384,17.102,17.332,18702
2017-05-29 00:00:00,17.333,17.44,17.319,17.398,4253
2017-05-30 00:00:00,17.399,17.467,17.213,17.38,17439
2017-05-31 00:00:00,17.348,17.422,17.232,17.314,21060
2017-06-01 00:00:00,17.274,17.373,17.002,17.282,20813
2017-06-02 00:00:00,17.237,17.584,17.127,17.532,22056
2017-06-05 00:00:00,17.55,17.649,17.497,17.528,13638
2017-06-06 00:00:00,17.499,17.743,17.499,17.693,15795
2017-06-07 00:00:00,17.697,17.73,17.511,17.578,16796
2017-06-08 00:00:00,17.571,17.684,17.294,17.416,22786
2017-06-09 00:00:00,17.478,17.478,17.17,17.205,17394
2017-06-12 00:00:00,17.172,17.23,16.907,16.948,19082
2017-06-13 00:00:00,16.949,16.963,16.723,16.819,18962
2017-06-14 00:00:00,16.823,17.36,16.804,16.893,31905
2017-06-15 00:00:00,16.884,17.08,16.647,16.731,25138
2017-06-16 00:00:00,16.736,16.828,16.65,16.679,15119
2017-06-19 00:00:00,16.683,16.701999999999998,16.474,16.487,29182
2017-06-20 00:00:00,16.482,16.638,16.397,16.455,26034
2017-06-21 00:00:00,16.433,16.53,16.352,16.454,15027
2017-06-22 00:00:00,16.445,16.675,16.432,16.555,29986
2017-06-23 00:00:00,16.535,16.79,16.533,16.715,29057
2017-06-26 00:00:00,16.707,16.749,16.263,16.592,38858
2017-06-27 00:00:00,16.578,16.751,16.524,16.661,37142
2017-06-28 00:00:00,16.605,16.863,16.605,16.788,44267
2017-06-29 00:00:00,16.776,16.896,16.599,16.609,46437
2017-06-30 00:00:00,16.587,16.696,16.516,16.609,39124
2017-07-03 00:00:00,16.626,16.641,16.098,16.124,36927
2017-07-04 00:00:00,16.157,16.204,16.043,16.061,21808
2017-07-05 00:00:00,16.028,16.217,15.881,16.072,40139
2017-07-06 00:00:00,16.058,16.097,15.935,16.038,37848
2017-07-07 00:00:00,16.054,16.17,14.301,15.573,60930
2017-07-10 00:00:00,15.604,15.737,15.18,15.659,52708
2017-07-11 00:00:00,15.629,15.854,15.457,15.853,47277
2017-07-12 00:00:00,15.836,16.023,15.741,15.908,55826
2017-07-13 00:00:00,15.892,15.979,15.689,15.691,46044
2017-07-14 00:00:00,15.682,16.08,15.605,15.97,51358
2017-07-17 00:00:00,15.941,16.196,15.941,16.099,44343
2017-07-18 00:00:00,16.076,16.329,16.076,16.279,49021
2017-07-19 00:00:00,16.247,16.361,16.15,16.272,36333
2017-07-20 00:00:00,16.226,16.416,16.135,16.321,55613
2017-07-21 00:00:00,16.288,16.518,16.277,16.497,41645
2017-07-24 00:00:00,16.499,16.588,16.42,16.47,39746
2017-07-25 00:00:00,16.448,16.617,16.245,16.486,51840
2017-07-26 00:00:00,16.44,16.694,16.302,16.647,59442
2017-07-27 00:00:00,16.606,16.818,16.554,16.57,52164
2017-07-28 00:00:00,16.582,16.755,16.518,16.715,48151
2017-07-31 00:00:00,16.698,16.877,16.675,16.82,41230
2017-08-01 00:00:00,16.77,16.852,16.605,16.705,43955
2017-08-02 00:00:00,16.675,16.938,16.471,16.575,57829
2017-08-03 00:00:00,16.546,16.696,16.438,16.653,53581
2017-08-04 00:00:00,16.626,16.753,16.196,16.256,52646
2017-08-07 00:00:00,16.274,16.304,16.125,16.278,41190
2017-08-08 00:00:00,16.252,16.479,16.232,16.452,57821
2017-08-09 00:00:00,16.411,16.96,16.411,16.946,66307
2017-08-10 00:00:00,16.913,17.246,16.861,17.118,62177
2017-08-11 00:00:00,17.08,17.202,16.894,17.115,70630
2017-08-14 00:00:00,17.074,17.222,16.935,17.069,54630
2017-08-15 00:00:00,17.032,17.069,16.579,16.629,38178
2017-08-16 00:00:00,16.6,17.131,16.6,17.113,33760
2017-08-17 00:00:00,17.075,17.175,16.973,17.027,38013
2017-08-18 00:00:00,17.0,17.316,16.903,16.983,43666
2017-08-21 00:00:00,16.926,17.124,16.84,17.008,21402
2017-08-22 00:00:00,17.008,17.119,16.878,16.983,24370
2017-08-23 00:00:00,16.948,17.104,16.918,17.089,22556
2017-08-24 00:00:00,17.056,17.102,16.826999999999998,16.968,22336
2017-08-25 00:00:00,16.908,17.183,16.728,17.065,39341
2017-08-28 00:00:00,17.064,17.48,17.021,17.444,36041
2017-08-29 00:00:00,17.502,17.662,17.274,17.367,63643
2017-08-30 00:00:00,17.355,17.479,17.309,17.413,32875
2017-08-31 00:00:00,17.421,17.623,17.27,17.561,37573
2017-09-01 00:00:00,17.568,17.75,17.435,17.708,38684
2017-09-04 00:00:00,17.841,17.944,17.762,17.865,22411
2017-09-05 00:00:00,17.865,18.009,17.781,17.884,37846
2017-09-06 00:00:00,17.884,17.993,17.813,17.863,30576
2017-09-07 00:00:00,17.867,18.144,17.795,18.114,42229
2017-09-08 00:00:00,18.089,18.211,17.894,17.959,33882
2017-09-11 00:00:00,17.73,17.927,17.705,17.793,28120
2017-09-12 00:00:00,17.795,17.901,17.719,17.896,26262
2017-09-13 00:00:00,17.884,17.987,17.664,17.758,26208
2017-09-14 00:00:00,17.767,17.799,17.589,17.789,30899
2017-09-15 00:00:00,17.748,17.844,17.575,17.586,34259
2017-09-18 00:00:00,17.576,17.622,17.056,17.204,25897
2017-09-19 00:00:00,17.179,17.329,17.113,17.305,25309
2017-09-20 00:00:00,17.273,17.395,16.967,17.17,27381
2017-09-21 00:00:00,17.154,17.172,16.83,16.953,28551
2017-09-22 00:00:00,16.925,17.061,16.907,16.988,21218
2017-09-25 00:00:00,16.954,17.169,16.838,17.169,30913
2017-09-26 00:00:00,17.154,17.248,16.782,16.8,28288
2017-09-27 00:00:00,16.771,16.911,16.721,16.751,28211
2017-09-28 00:00:00,16.737,16.898,16.678,16.864,26749
2017-09-29 00:00:00,16.834,16.877,16.618,16.643,25268
2017-10-02 00:00:00,16.609,16.731,16.547,16.575,20312
2017-10-03 00:00:00,16.551,16.666,16.551,16.627,16787
2017-10-04 00:00:00,16.596,16.89,16.543,16.574,24896
2017-10-05 00:00:00,16.541,16.744,16.541,16.592,19646
2017-10-06 00:00:00,16.578,16.861,16.327,16.814,28395
2017-10-09 00:00:00,16.713,16.988,16.713,16.95,16275
2017-10-10 00:00:00,16.943,17.247,16.933,17.104,21078
2017-10-11 00:00:00,17.1,17.233,17.057,17.158,22991
2017-10-12 00:00:00,17.139,17.261,17.113,17.239,17404
2017-10-13 00:00:00,17.212,17.404,17.161,17.402,24116
2017-10-16 00:00:00,17.357,17.466,17.103,17.218,21308
2017-10-17 00:00:00,17.191,17.251,16.964,17.018,21759
2017-10-18 00:00:00,16.996,17.103,16.905,16.987,18757
2017-10-19 00:00:00,16.956,17.291,16.911,17.245,31181
2017-10-20 00:00:00,17.216,17.286,16.927,17.025,26561
2017-10-23 00:00:00,17.002,17.108,16.859,17.076,18821
2017-10-24 00:00:00,17.069,17.143,16.879,16.939,16700
2017-10-25 00:00:00,16.926,17.036,16.806,16.941,20903
2017-10-26 00:00:00,16.939,17.03,16.744,16.783,21410
2017-10-27 00:00:00,16.78,16.862,16.601,16.851,23452
2017-10-30 00:00:00,16.834,16.896,16.686,16.844,17662
2017-10-31 00:00:00,16.843,16.899,16.638,16.703,15004
2017-11-01 00:00:00,16.692,17.195,16.668,17.124,29557
2017-11-02 00:00:00,17.126,17.24,17.04,17.112,38645
2017-11-03 00:00:00,17.103,17.18,16.781,16.842,30627
2017-11-06 00:00:00,16.813,17.263,16.802,17.248,30231
2017-11-07 00:00:00,17.169,17.219,16.919,16.957,29979
2017-11-08 00:00:00,16.915,17.255,16.915,17.007,29211
2017-11-09 00:00:00,17.005,17.144,16.914,17.012,33348
2017-11-10 00:00:00,16.963,17.099,16.794,16.908,28906
2017-11-13 00:00:00,16.826999999999998,17.071,16.826999999999998,17.032,22495
2017-11-14 00:00:00,17.013,17.093,16.869,17.022,28431
2017-11-15 00:00:00,16.99,17.206,16.947,16.98,37180
2017-11-16 00:00:00,16.966,17.126,16.954,17.08,31247
2017-11-17 00:00:00,17.03,17.382,17.029,17.288,34297
2017-11-20 00:00:00,17.301,17.306,16.839,16.929,35911
2017-11-21 00:00:00,16.88,17.057,16.88,16.953,28834
2017-11-22 00:00:00,16.931,17.165,16.931,17.138,25998
2017-11-23 00:00:00,17.108,17.157,17.063,17.087,13278
2017-11-24 00:00:00,17.087,17.156,16.973,17.031,20861
2017-11-27 00:00:00,17.035,17.194,17.009,17.049,30618
2017-11-28 00:00:00,17.027,17.115,16.768,16.853,30360
2017-11-29 00:00:00,16.833,16.919,16.519,16.561,31476
2017-11-30 00:00:00,16.507,16.591,16.314,16.435,29885
2017-12-01 00:00:00,16.399,16.553,16.241,16.447,43867
2017-12-04 00:00:00,16.261,16.431,16.248,16.346,30821
2017-12-05 00:00:00,16.281,16.359,16.026,16.125,31108
2017-12-06 00:00:00,16.066,16.145,15.918,15.989,30712
2017-12-07 00:00:00,15.916,15.989,15.643,15.734,29874
2017-12-08 00:00:00,15.706,15.893,15.705,15.841,30969
2017-12-11 00:00:00,15.814,15.883,15.691,15.729,19325
2017-12-12 00:00:00,15.672,15.815,15.615,15.734,19140
2017-12-13 00:00:00,15.698,16.149,15.671,16.051,35994
2017-12-14 00:00:00,16.039,16.124,15.829,15.902,23615
2017-12-15 00:00:00,15.866,16.081,15.866,16.06,32237
2017-12-18 00:00:00,15.994,16.171,15.994,16.12,26299
2017-12-19 00:00:00,16.115,16.224,16.051,16.136,26041
2017-12-20 00:00:00,16.1,16.261,16.1,16.17,27122
2017-12-21 00:00:00,16.171,16.248,16.085,16.136,23269
2017-12-22 00:00:00,16.084,16.422,16.084,16.336,25066
2017-12-26 00:00:00,16.352,16.563,16.287,16.532,20591
2017-12-27 00:00:00,16.505,16.725,16.48,16.682,26018
2017-12-28 00:00:00,16.636,16.882,16.636,16.832,25344
2017-12-29 00:00:00,16.821,17.11,16.815,16.958,32432
2018-01-02 00:00:00,16.966,17.203,16.935,17.187,27684
2018-01-03 00:00:00,17.143,17.24,17.025,17.136,28037
2018-01-04 00:00:00,17.083,17.272,16.984,17.205,32530
2018-01-05 00:00:00,17.178,17.286,17.099,17.206,33965
2018-01-08 00:00:00,17.208,17.259,17.039,17.117,22040
2018-01-09 00:00:00,17.08,17.138,16.911,16.995,23128
2018-01-10 00:00:00,16.944,17.191,16.905,16.979,32736
2018-01-11 00:00:00,16.951999999999998,17.048,16.869,16.974,32708
2018-01-12 00:00:00,16.969,17.284,16.967,17.262,31746
2018-01-15 00:00:00,17.214,17.423,17.204,17.343,23424
2018-01-16 00:00:00,17.343,17.369,16.794,17.215,27576
2018-01-17 00:00:00,17.159,17.292,16.991,17.023,34813
2018-01-18 00:00:00,16.959,17.13,16.911,16.945,30492
2018-01-19 00:00:00,16.915,17.127,16.915,17.029,27687
2018-01-22 00:00:00,17.02,17.095,16.944,17.008,22643
2018-01-23 00:00:00,16.979,17.095,16.745,17.045,30858
2018-01-24 00:00:00,17.023,17.621,16.988,17.563,36354
2018-01-25 00:00:00,17.523,17.7,17.134,17.298,63067
2018-01-26 00:00:00,17.264,17.545,17.243,17.4,50699
2018-01-29 00:00:00,17.38,17.482,17.108,17.184,36372
2018-01-30 00:00:00,17.136,17.334,17.073,17.114,49143
2018-01-31 00:00:00,17.106,17.389,17.095,17.338,52949
2018-02-01 00:00:00,17.311,17.395,17.1,17.246,41587
2018-02-02 00:00:00,17.183,17.25,16.563,16.574,45574
2018-02-05 00:00:00,16.643,16.907,16.553,16.708,49570
2018-02-06 00:00:00,16.698,16.988,16.583,16.596,75798
2018-02-07 00:00:00,16.616,16.775,16.265,16.333,58097
2018-02-08 00:00:00,16.343,16.469,16.246,16.384,72863
2018-02-09 00:00:00,16.383,16.451,16.185,16.305,61308
2018-02-12 00:00:00,16.335,16.62,16.325,16.527,40232
2018-02-13 00:00:00,16.509,16.687,16.454,16.566,34588
2018-02-14 00:00:00,16.527,16.93,16.367,16.872,53195
2018-02-15 00:00:00,16.816,16.978,16.642,16.875,44879
2018-02-16 00:00:00,16.85,16.947,16.617,16.681,40805
2018-02-19 00:00:00,16.666,16.73,16.611,16.66,21457
2018-02-20 00:00:00,16.66,16.697,16.435,16.471,37374
2018-02-21 00:00:00,16.413,16.772,16.387,16.484,46346
2018-02-22 00:00:00,16.485,16.686,16.403,16.613,39306
2018-02-23 00:00:00,16.584,16.635,16.501,16.529,29440
2018-02-26 00:00:00,16.457,16.764,16.456,16.634,31710
2018-02-27 00:00:00,16.63,16.699,16.334,16.417,40805
2018-02-28 00:00:00,16.418,16.507,16.355,16.392,27347
2018-03-01 00:00:00,16.393,16.547,16.161,16.48,50094
2018-03-02 00:00:00,16.481,16.576,16.386,16.512,41096
2018-03-05 00:00:00,16.517,16.596,16.355,16.428,29531
2018-03-06 00:00:00,16.428,16.866,16.39,16.737,29872
2018-03-07 00:00:00,16.737,16.83,16.422,16.476,43715
2018-03-08 00:00:00,16.475,16.568,16.422,16.491,36137
2018-03-09 00:00:00,16.49,16.689,16.353,16.58,40582
2018-03-12 00:00:00,16.583,16.602,16.432,16.525,21214
2018-03-13 00:00:00,16.536,16.668,16.453,16.581,31338
2018-03-14 00:00:00,16.571,16.658,16.51,16.536,23236
2018-03-15 00:00:00,16.519,16.574,16.373,16.39,19459
2018-03-16 00:00:00,16.374,16.496,16.208,16.322,19049
2018-03-19 00:00:00,16.312,16.356,16.217,16.319,19637
2018-03-20 00:00:00,16.296,16.347,16.119,16.196,18973
2018-03-21 00:00:00,16.159,16.651,16.158,16.56,34624
2018-03-22 00:00:00,16.554,16.611,16.342,16.379,27646
2018-03-23 00:00:00,16.372,16.668,16.372,16.559,31204
2018-03-26 00:00:00,16.555,16.789,16.526,16.701,22127
2018-03-27 00:00:00,16.686,16.803,16.474,16.523,23625
2018-03-28 00:00:00,16.505,16.563,16.248,16.286,27692
2018-03-29 00:00:00,16.29,16.363,16.22,16.351,24746
2018-04-02 00:00:00,16.342,16.677,16.337,16.589,24984
2018-04-03 00:00:00,16.57,16.618,16.357,16.411,22610
2018-04-04 00:00:00,16.411,16.532,16.249,16.315,29763
2018-04-05 00:00:00,16.307,16.421,16.182,16.387,26588
2018-04-06 00:00:00,16.358,16.498,16.267,16.37,32392
2018-04-09 00:00:00,16.391,16.553,16.32,16.487,26152
2018-04-10 00:00:00,16.473,16.648,16.431,16.564,24840
2018-04-11 00:00:00,16.558,16.875,16.529,16.665,37860
2018-04-12 00:00:00,16.648,16.696,16.447,16.459,34934
2018-04-13 00:00:00,16.453,16.685,16.448,16.651,22145
2018-04-16 00:00:00,16.625,16.774,16.551,16.664,23360
2018-04-17 00:00:00,16.653,16.802,16.587,16.776,30155
2018-04-18 00:00:00,16.761,17.261,16.726,17.187,32045
2018-04-19 00:00:00,17.174,17.356,17.099,17.245,44690
2018-04-20 00:00:00,17.208,17.253,17.043,17.123,29571
2018-04-23 00:00:00,17.114,17.121,16.592,16.613,34926
2018-04-24 00:00:00,16.615,16.753,16.558,16.719,33786
2018-04-25 00:00:00,16.701,16.752,16.503,16.555,30122
2018-04-26 00:00:00,16.548000000000002,16.617,16.421,16.512,32981
2018-04-27 00:00:00,16.504,16.564,16.439,16.52,30943
2018-04-30 00:00:00,16.386,16.541,16.122,16.323,27793
2018-05-01 00:00:00,16.297,16.339,16.051,16.16,28308
2018-05-02 00:00:00,16.151,16.525,16.14,16.373,49011
2018-05-03 00:00:00,16.373,16.587,16.356,16.429,38157
2018-05-04 00:00:00,16.419,16.52,16.366,16.515,29348
2018-05-07 00:00:00,16.477,16.566,16.403,16.475,27960
2018-05-08 00:00:00,16.468,16.521,16.313,16.472,42553
2018-05-09 00:00:00,16.461,16.622,16.349,16.485,34191
2018-05-10 00:00:00,16.482,16.751,16.472,16.714,36514
2018-05-11 00:00:00,16.722,16.83,16.643,16.653,28223
2018-05-14 00:00:00,16.66,16.734,16.496,16.511,26478
2018-05-15 00:00:00,16.502,16.552,16.201,16.261,31159
2018-05-16 00:00:00,16.262,16.422,16.187,16.376,29236
2018-05-17 00:00:00,16.359,16.489,16.324,16.423,34061
2018-05-18 00:00:00,16.422,16.467,16.361,16.438,29605
2018-05-21 00:00:00,16.414,16.52,16.27,16.501,18284
2018-05-22 00:00:00,16.496,16.668,16.446,16.535,18703
2018-05-23 00:00:00,16.518,16.581,16.316,16.447,28933
2018-05-24 00:00:00,16.445,16.687,16.403,16.663,19309
2018-05-25 00:00:00,16.648,16.713,16.482,16.489,37702
2018-05-28 00:00:00,16.501,16.506,16.426,16.467,21090
2018-05-29 00:00:00,16.467,16.504,16.312,16.391,42896
2018-05-30 00:00:00,16.343,16.552,16.315,16.505,38419
2018-05-31 00:00:00,16.487,16.593,16.4,16.412,37008
2018-06-01 00:00:00,16.413,16.503,16.334,16.396,39322
2018-06-04 00:00:00,16.387,16.544,16.368,16.403,26545
2018-06-05 00:00:00,16.412,16.535,16.36,16.486,28237
2018-06-06 00:00:00,16.47,16.735,16.47,16.67,29827
2018-06-07 00:00:00,16.659,16.902,16.642,16.699,33397
2018-06-08 00:00:00,16.701,16.828,16.621,16.774,33707
2018-06-11 00:00:00,16.772,16.945,16.74,16.925,28872
2018-06-12 00:00:00,16.905,16.95,16.749,16.85,30688
2018-06-13 00:00:00,16.828,17.108,16.8,17.031,37292
2018-06-14 00:00:00,17.019,17.319,16.935,17.169,37330
2018-06-15 00:00:00,17.142,17.248,16.451,16.558,47961
2018-06-18 00:00:00,16.516,16.627,16.418,16.47,25129
2018-06-19 00:00:00,16.448,16.551,16.237,16.288,34336
2018-06-20 00:00:00,16.275,16.367,16.252,16.277,27896
2018-06-21 00:00:00,16.272,16.357,16.193,16.313,28232
2018-06-22 00:00:00,16.299,16.483,16.298,16.444,27577
2018-06-25 00:00:00,16.449,16.491,16.288,16.323,31164
2018-06-26 00:00:00,16.299,16.355,16.147,16.287,35012
2018-06-27 00:00:00,16.265,16.302,15.967,16.033,36766
2018-06-28 00:00:00,16.035,16.13,15.92,16.001,33562
2018-06-29 00:00:00,15.98,16.163,15.964,16.089,32758
2018-07-02 00:00:00,16.073,16.123,15.768,15.844,28576
2018-07-03 00:00:00,15.829,16.041,15.781,16.009,28065
2018-07-04 00:00:00,16.005,16.148,15.99,16.044,16541
2018-07-05 00:00:00,16.044,16.099,15.928,16.04,21701
2018-07-06 00:00:00,16.013,16.105,15.947,16.028,18223
2018-07-09 00:00:00,16.027,16.213,16.025,16.101,19575
2018-07-10 00:00:00,16.077,16.162,15.897,16.045,23067
2018-07-11 00:00:00,16.042,16.065,15.778,15.784,30088
2018-07-12 00:00:00,15.784,15.991,15.756,15.931000000000001,21914
2018-07-13 00:00:00,15.917,15.986,15.678,15.807,23887
2018-07-16 00:00:00,15.769,15.874,15.741,15.779,18602
2018-07-17 00:00:00,15.766,15.859,15.543,15.559,20766
2018-07-18 00:00:00,15.547,15.614,15.393,15.543,20086
2018-07-19 00:00:00,15.536,15.572,15.176,15.294,30018
2018-07-20 00:00:00,15.295,15.54,15.237,15.509,27545
2018-07-23 00:00:00,15.482,15.556000000000001,15.34,15.373,20821
2018-07-24 00:00:00,15.37,15.599,15.324,15.452,19756
2018-07-25 00:00:00,15.445,15.627,15.442,15.6,24028
2018-07-26 00:00:00,15.592,15.666,15.368,15.37,21522
2018-07-27 00:00:00,15.365,15.534,15.324,15.491,20878
2018-07-30 00:00:00,15.468,15.541,15.395,15.488,14203
2018-07-31 00:00:00,15.48,15.607,15.359,15.504,21552
2018-08-01 00:00:00,15.489,15.532,15.375,15.379,18800
2018-08-02 00:00:00,15.376,15.475,15.286,15.3,19409
2018-08-03 00:00:00,15.282,15.551,15.243,15.407,22469
2018-08-06 00:00:00,15.402,15.488,15.273,15.276,15455
2018-08-07 00:00:00,15.282,15.486,15.281,15.373,15474
2018-08-08 00:00:00,15.358,15.463,15.282,15.409,14298
2018-08-09 00:00:00,15.404,15.508,15.363,15.428,13437
2018-08-10 00:00:00,15.426,15.443,15.285,15.307,21919
2018-08-13 00:00:00,15.293,15.338,14.973,14.985,30479
2018-08-14 00:00:00,14.972,15.108,14.972,15.049,19559
2018-08-15 00:00:00,15.039,15.073,14.364,14.423,26269
2018-08-16 00:00:00,14.446,14.833,14.332,14.633,32226
2018-08-17 00:00:00,14.636,14.811,14.591,14.788,25495
2018-08-20 00:00:00,14.747,14.845,14.645,14.741,20199
2018-08-21 00:00:00,14.729,14.844,14.715,14.782,21288
2018-08-22 00:00:00,14.77,14.874,14.688,14.732,22700
2018-08-23 00:00:00,14.752,14.763,14.475999999999999,14.483,22677
2018-08-24 00:00:00,14.468,14.872,14.468,14.807,25903
2018-08-27 00:00:00,14.836,14.919,14.746,14.886,18245
2018-08-28 00:00:00,14.872,14.995,14.668,14.697,26027
2018-08-29 00:00:00,14.685,14.789,14.659,14.742,23004
2018-08-30 00:00:00,14.725,14.777,14.504,14.534,23874
2018-08-31 00:00:00,14.539,14.71,14.485,14.529,23259
2018-09-03 00:00:00,14.525,14.549,14.332,14.332,14672
2018-09-04 00:00:00,14.459,14.512,14.005,14.149,25932
2018-09-05 00:00:00,14.147,14.232,14.087,14.179,20980
2018-09-06 00:00:00,14.169,14.304,14.11,14.143,22880
2018-09-07 00:00:00,14.143,14.256,14.075,14.167,28269
2018-09-10 00:00:00,14.131,14.248,14.072,14.166,24843
2018-09-11 00:00:00,14.142,14.228,13.941,14.132,24220
2018-09-12 00:00:00,14.114,14.276,14.069,14.239,27281
2018-09-13 00:00:00,14.24,14.349,14.164,14.164,26222
2018-09-14 00:00:00,14.159,14.283,14.037,14.045,18812
2018-09-17 00:00:00,14.052,14.246,14.03,14.174,19956
2018-09-18 00:00:00,14.179,14.231,14.071,14.136,25676
2018-09-19 00:00:00,14.138,14.336,14.133,14.234,21308
2018-09-20 00:00:00,14.237,14.35,14.179,14.305,23684
2018-09-21 00:00:00,14.301,14.429,14.146,14.279,26979
2018-09-24 00:00:00,14.286,14.389,14.19,14.244,21478
2018-09-25 00:00:00,14.25,14.556000000000001,14.219,14.448,22403
2018-09-26 00:00:00,14.44,14.51,14.307,14.307,29582
2018-09-27 00:00:00,14.327,14.457,14.174,14.234,29654
2018-09-28 00:00:00,14.207,14.713,14.205,14.641,27299
2018-10-01 00:00:00,14.664,14.685,14.365,14.47,22345
2018-10-02 00:00:00,14.486,14.908,14.44,14.671,31991
2018-10-03 00:00:00,14.682,14.821,14.619,14.624,30755
2018-10-04 00:00:00,14.622,14.77,14.53,14.579,30437
2018-10-05 00:00:00,14.571,14.713,14.514,14.63,27092
2018-10-08 00:00:00,14.639,14.66,14.265,14.354,24718
2018-10-09 00:00:00,14.378,14.438,14.265,14.372,26079
2018-10-10 00:00:00,14.367,14.428,14.237,14.285,24275
2018-10-11 00:00:00,14.294,14.62,14.257,14.575,42267
2018-10-12 00:00:00,14.574,14.702,14.512,14.595,26592
2018-10-15 00:00:00,14.592,14.772,14.58,14.677,22266
2018-10-16 00:00:00,14.681000000000001,14.843,14.614,14.65,21465
2018-10-17 00:00:00,14.632,14.724,14.596,14.605,21133
2018-10-18 00:00:00,14.59,14.658,14.45,14.563,23454
2018-10-19 00:00:00,14.549,14.716,14.549,14.627,20828
2018-10-22 00:00:00,14.621,14.689,14.516,14.547,22040
2018-10-23 00:00:00,14.552,14.807,14.513,14.722,23867
2018-10-24 00:00:00,14.734,14.801,14.644,14.673,21825
2018-10-25 00:00:00,14.658,14.778,14.595,14.628,23004
2018-10-26 00:00:00,14.625,14.774000000000001,14.576,14.699,25397
2018-10-29 00:00:00,14.691,14.759,14.41,14.441,25171
2018-10-30 00:00:00,14.423,14.53,14.374,14.459,17362
2018-10-31 00:00:00,14.474,14.475999999999999,14.234,14.234,19445
2018-11-01 00:00:00,14.236,14.818999999999999,14.235,14.723,24191
2018-11-02 00:00:00,14.741,14.914,14.646,14.738,29264
2018-11-05 00:00:00,14.742,14.766,14.599,14.632,18776
2018-11-06 00:00:00,14.638,14.712,14.484,14.52,17404
2018-11-07 00:00:00,14.52,14.721,14.475999999999999,14.559,25943
2018-11-08 00:00:00,14.559,14.588,14.383,14.42,22145
2018-11-09 00:00:00,14.435,14.438,14.104,14.15,20403
2018-11-12 00:00:00,14.14,14.209,13.977,13.979,15511
2018-11-13 00:00:00,13.968,14.125,13.953,13.982,22100
2018-11-14 00:00:00,13.983,14.19,13.893,14.123,25646
2018-11-15 00:00:00,14.101,14.348,14.096,14.282,26354
2018-11-16 00:00:00,14.276,14.418,14.236,14.405,21585
2018-11-19 00:00:00,14.411,14.438,14.349,14.414,15865
2018-11-20 00:00:00,14.424,14.49,14.231,14.303,21236
2018-11-21 00:00:00,14.276,14.552,14.276,14.484,17408
2018-11-22 00:00:00,14.483,14.54,14.445,14.448,9428
2018-11-23 00:00:00,14.448,14.502,14.188,14.253,16470
2018-11-26 00:00:00,14.298,14.437,14.217,14.222,15451
2018-11-27 00:00:00,14.217,14.308,14.095,14.131,23176
2018-11-28 00:00:00,14.132,14.389,14.118,14.309,22032
2018-11-29 00:00:00,14.301,14.396,14.266,14.304,23121
2018-11-30 00:00:00,14.29,14.338,14.051,14.166,18680
2018-12-03 00:00:00,14.257,14.561,14.203,14.375,23112
2018-12-04 00:00:00,14.364,14.663,14.362,14.524000000000001,33296
2018-12-05 00:00:00,14.527,14.543,14.421,14.491,32267
2018-12-06 00:00:00,14.492,14.509,14.342,14.471,59144
2018-12-07 00:00:00,14.454,14.644,14.44,14.623,56449
2018-12-10 00:00:00,14.6,14.643,14.48,14.525,49224
2018-12-11 00:00:00,14.538,14.721,14.511,14.558,47699
2018-12-12 00:00:00,14.551,14.794,14.54,14.741,43185
2018-12-13 00:00:00,14.773,14.805,14.683,14.746,45988
2018-12-14 00:00:00,14.74,14.756,14.492,14.559,42830
2018-12-17 00:00:00,14.57,14.702,14.535,14.663,34652
2018-12-18 00:00:00,14.648,14.72,14.611,14.632,40813
2018-12-19 00:00:00,14.625,14.823,14.548,14.596,56211
2018-12-20 00:00:00,14.574,14.841,14.555,14.757,67320
2018-12-21 00:00:00,14.725,14.793,14.604,14.62,54129
2018-12-24 00:00:00,14.642,14.806000000000001,14.639,14.78,37616
2018-12-26 00:00:00,14.751,15.17,14.715,15.032,54919
2018-12-27 00:00:00,15.018,15.268,14.938,15.227,67897
2018-12-28 00:00:00,15.218,15.394,15.218,15.353,56529
2018-12-31 00:00:00,15.383,15.511,15.325,15.484,42013
2019-01-02 00:00:00,15.431,15.612,15.329,15.516,64764
2019-01-03 00:00:00,15.493,15.75,15.484,15.736,72108
2019-01-04 00:00:00,15.72,15.871,15.582,15.693999999999999,69574
2019-01-07 00:00:00,15.722,15.815,15.619,15.644,48659
2019-01-08 00:00:00,15.623,15.684,15.502,15.65,45250
2019-01-09 00:00:00,15.626,15.774000000000001,15.58,15.744,50586
2019-01-10 00:00:00,15.744,15.786,15.552,15.561,48100
2019-01-11 00:00:00,15.57,15.737,15.555,15.595,44236
2019-01-14 00:00:00,15.584,15.659,15.544,15.646,40000
2019-01-15 00:00:00,15.64,15.697,15.541,15.575,40833
2019-01-16 00:00:00,15.582,15.643,15.492,15.589,37725
2019-01-17 00:00:00,15.586,15.614,15.454,15.524000000000001,39227
2019-01-18 00:00:00,15.543,15.578,15.326,15.335,41806
2019-01-21 00:00:00,15.327,15.361,15.189,15.262,22852
2019-01-22 00:00:00,15.24,15.349,15.18,15.333,36296
2019-01-23 00:00:00,15.314,15.432,15.268,15.363,38358
2019-01-24 00:00:00,15.333,15.393,15.241,15.316,41600
2019-01-25 00:00:00,15.303,15.749,15.284,15.742,42087
2019-01-28 00:00:00,15.738,15.815,15.605,15.737,36491
2019-01-29 00:00:00,15.731,15.913,15.72,15.832,40637
2019-01-30 00:00:00,15.826,16.103,15.807,16.059,50672
2019-01-31 00:00:00,16.087,16.185,15.992,16.064,46417
2019-02-01 00:00:00,16.049,16.075,15.894,15.9,36561
2019-02-04 00:00:00,15.912,15.922,15.691,15.864,18184
2019-02-05 00:00:00,15.849,15.924,15.813,15.849,18284
2019-02-06 00:00:00,15.82,15.865,15.644,15.669,17124
2019-02-07 00:00:00,15.653,15.754,15.638,15.735,18514
2019-02-08 00:00:00,15.733,15.866,15.659,15.824,17360
2019-02-11 00:00:00,15.806000000000001,15.839,15.665,15.701,19489
2019-02-12 00:00:00,15.673,15.828,15.667,15.703,18322
2019-02-13 00:00:00,15.679,15.815,15.542,15.566,21914
2019-02-14 00:00:00,15.556000000000001,15.688,15.491,15.619,24770
2019-02-15 00:00:00,15.608,15.803,15.56,15.784,22587
2019-02-18 00:00:00,15.768,15.857,15.76,15.8,14476
2019-02-19 00:00:00,15.799,16.005,15.742,15.99,25815
2019-02-20 00:00:00,15.968,16.212,15.959,16.053,31390
2019-02-21 00:00:00,16.04,16.104,15.793,15.801,27630
2019-02-22 00:00:00,15.775,15.975,15.772,15.916,21575
2019-02-25 00:00:00,15.891,16.003,15.845,15.89,27577
2019-02-26 00:00:00,15.874,15.936,15.791,15.91,21415
2019-02-27 00:00:00,15.91,16.089,15.579,15.734,18657
2019-02-28 00:00:00,15.722,15.822,15.574,15.608,27839
2019-03-01 00:00:00,15.595,15.634,15.141,15.21,31161
2019-03-04 00:00:00,15.191,15.275,15.06,15.084,32043
2019-03-05 00:00:00,14.967,15.165,14.967,15.127,16254
2019-03-06 00:00:00,15.111,15.156,15.03,15.032,14250
2019-03-07 00:00:00,15.055,15.12,14.978,15.018,14529
2019-03-08 00:00:00,14.978,15.367,14.978,15.333,15316
2019-03-11 00:00:00,15.241,15.352,15.118,15.314,21496
2019-03-12 00:00:00,15.29,15.475,15.286,15.442,23915
2019-03-13 00:00:00,15.408,15.534,15.408,15.445,18922
2019-03-14 00:00:00,15.42,15.462,15.137,15.187,20609
2019-03-15 00:00:00,15.158,15.39,15.158,15.289,18867
2019-03-18 00:00:00,15.308,15.425,15.223,15.346,18744
2019-03-19 00:00:00,15.333,15.445,15.317,15.367,17447
2019-03-20 00:00:00,15.344,15.556000000000001,15.271,15.473,23084
2019-03-21 00:00:00,15.447,15.634,15.378,15.465,29633
2019-03-22 00:00:00,15.448,15.546,15.362,15.436,29782
2019-03-25 00:00:00,15.402,15.583,15.386,15.535,17427
2019-03-26 00:00:00,15.514,15.556000000000001,15.393,15.427,20332
2019-03-27 00:00:00,15.372,15.479,15.264,15.29,20553
2019-03-28 00:00:00,15.272,15.333,14.975,15.012,27230
2019-03-29 00:00:00,14.997,15.203,14.974,15.136,30332
2019-04-01 00:00:00,15.102,15.215,15.056,15.105,27484
2019-04-02 00:00:00,15.08,15.121,14.939,15.119,20997
2019-04-03 00:00:00,15.087,15.193,15.031,15.131,20092
2019-04-04 00:00:00,15.103,15.178,14.9,15.146,19760
2019-04-05 00:00:00,15.084,15.209,15.053,15.105,24391
2019-04-08 00:00:00,15.11,15.299,15.11,15.244,17416
2019-04-09 00:00:00,15.174,15.34,15.174,15.218,19414
2019-04-10 00:00:00,15.174,15.293,15.148,15.23,21451
2019-04-11 00:00:00,15.197,15.252,14.895,14.963,19484
2019-04-12 00:00:00,14.95,15.118,14.893,14.975,21444
2019-04-15 00:00:00,14.978,15.035,14.853,14.993,19232
2019-04-16 00:00:00,14.699,15.023,14.699,15.001,23274
2019-04-17 00:00:00,14.975,15.1,14.925,14.984,21077
2019-04-18 00:00:00,14.975,15.03,14.932,15.0,19659
2019-04-22 00:00:00,15.007,15.079,14.992,15.006,11890
2019-04-23 00:00:00,14.999,15.035,14.75,14.836,16245
2019-04-24 00:00:00,14.802,14.988,14.788,14.941,21972
2019-04-25 00:00:00,14.941,15.013,14.862,14.943,21410
2019-04-26 00:00:00,14.903,15.08,14.887,15.075,22483
2019-04-29 00:00:00,15.075,15.076,14.88,14.909,17644
2019-04-30 00:00:00,14.87,15.013,14.815,14.95,23173
2019-05-01 00:00:00,14.922,14.958,14.602,14.672,24179
2019-05-02 00:00:00,14.632,14.725,14.563,14.624,22831
2019-05-03 00:00:00,14.579,14.975,14.579,14.93,23651
2019-05-06 00:00:00,14.943,14.971,14.759,14.894,23859
2019-05-07 00:00:00,14.886,14.94,14.797,14.908,23526
2019-05-08 00:00:00,14.891,14.968,14.824,14.835,21580
2019-05-09 00:00:00,14.823,14.864,14.696,14.754,23389
2019-05-10 00:00:00,14.719,14.843,14.719,14.772,24390
2019-05-13 00:00:00,14.77,14.808,14.614,14.762,24735
2019-05-14 00:00:00,14.749,14.854,14.723,14.788,19909
2019-05-15 00:00:00,14.78,14.850999999999999,14.762,14.796,18884
2019-05-16 00:00:00,14.779,14.82,14.523,14.556000000000001,17992
2019-05-17 00:00:00,14.513,14.563,14.395,14.408,19110
2019-05-20 00:00:00,14.404,14.479,14.383,14.463,15631
2019-05-21 00:00:00,14.429,14.478,14.376,14.452,16975
2019-05-22 00:00:00,14.427,14.498,14.398,14.439,14526
2019-05-23 00:00:00,14.42,14.647,14.415,14.59,20980
2019-05-24 00:00:00,14.554,14.612,14.535,14.565,14225
2019-05-27 00:00:00,14.561,14.627,14.555,14.58,6503
2019-05-28 00:00:00,14.556000000000001,14.603,14.291,14.35,19679
2019-05-29 00:00:00,14.331,14.48,14.327,14.426,20093
2019-05-30 00:00:00,14.386,14.574,14.367,14.521,20780
2019-05-31 00:00:00,14.497,14.684,14.48,14.575,28950
2019-06-03 00:00:00,14.59,14.831,14.581,14.779,27106
2019-06-04 00:00:00,14.762,14.859,14.662,14.812,23084
2019-06-05 00:00:00,14.796,15.042,14.767,14.805,30598
2019-06-06 00:00:00,14.803,15.001,14.748,14.89,23847
2019-06-07 00:00:00,14.83,15.151,14.83,15.01,22168
2019-06-10 00:00:00,15.008,15.008,14.645,14.699,20748
2019-06-11 00:00:00,14.645,14.799,14.645,14.743,18716
2019-06-12 00:00:00,14.695,14.878,14.695,14.776,24557
2019-06-13 00:00:00,14.738,14.935,14.738,14.902,21435
2019-06-14 00:00:00,14.861,15.12,14.796,14.865,26737
2019-06-17 00:00:00,14.857,14.905,14.778,14.836,22340
2019-06-18 00:00:00,14.844,15.088,14.816,15.007,31114
2019-06-19 00:00:00,15.005,15.177,14.917,15.155,31571
2019-06-20 00:00:00,15.176,15.517,15.124,15.418,42379
2019-06-21 00:00:00,15.466,15.555,15.161,15.333,47850
2019-06-24 00:00:00,15.283,15.47,15.283,15.435,25149
2019-06-25 00:00:00,15.415,15.512,15.275,15.358,36236
2019-06-26 00:00:00,15.345,15.37,15.177,15.253,28146
2019-06-27 00:00:00,15.19,15.301,15.16,15.25,21230
2019-06-28 00:00:00,15.181,15.338,15.181,15.313,20622
2019-07-01 00:00:00,15.158,15.302,15.098,15.139,28378
2019-07-02 00:00:00,15.079,15.323,15.042,15.307,19624
2019-07-03 00:00:00,15.296,15.461,15.199,15.305,25001
2019-07-04 00:00:00,15.245,15.335,15.218,15.267,10042
2019-07-05 00:00:00,15.206,15.337,14.893,14.998,24115
2019-07-08 00:00:00,14.933,15.123,14.933,15.019,16993
2019-07-09 00:00:00,14.934,15.133,14.934,15.102,17200
2019-07-10 00:00:00,15.033,15.284,15.029,15.231,21482
2019-07-11 00:00:00,15.206,15.317,15.101,15.109,30944
2019-07-12 00:00:00,15.083,15.251,15.052,15.216,23775
2019-07-15 00:00:00,15.138,15.407,15.134,15.368,23783
2019-07-16 00:00:00,15.350999999999999,15.696,15.316,15.545,36383
2019-07-17 00:00:00,15.515,15.989,15.515,15.949,34258
2019-07-18 00:00:00,15.929,16.35,15.914,16.336,52167
2019-07-19 00:00:00,16.262,16.588,16.059,16.204,74218
2019-07-22 00:00:00,16.157,16.43,16.157,16.358,46293
2019-07-23 00:00:00,16.272,16.54,16.176,16.395,50872
2019-07-24 00:00:00,16.316,16.649,16.316,16.597,40913
2019-07-25 00:00:00,16.556,16.649,16.321,16.407,49785
2019-07-26 00:00:00,16.408,16.517,16.334,16.385,36980
2019-07-29 00:00:00,16.325,16.473,16.324,16.455,28710
2019-07-30 00:00:00,16.456,16.606,16.399,16.566,34199
2019-07-31 00:00:00,16.499,16.572,16.198,16.26,57651
2019-08-01 00:00:00,16.186,16.385,15.921,16.319,79484
2019-08-02 00:00:00,16.302,16.352,15.919,16.193,83580
2019-08-05 00:00:00,16.198,16.57,16.118,16.394,83262
2019-08-06 00:00:00,16.393,16.514,16.357,16.442,62015
2019-08-07 00:00:00,16.435,17.243,16.434,17.102,98259
2019-08-08 00:00:00,17.038,17.209,16.809,16.929,67814
2019-08-09 00:00:00,16.933,17.139,16.864,16.963,60853
2019-08-12 00:00:00,16.902,17.16,16.812,17.058,53849
2019-08-13 00:00:00,16.983,17.508,16.535,16.958,95370
2019-08-14 00:00:00,16.948,17.323,16.874,17.212,87165
2019-08-15 00:00:00,17.211,17.39,17.099,17.262,70366
2019-08-16 00:00:00,17.126,17.331,17.053,17.102,56733
2019-08-19 00:00:00,17.135,17.172,16.851,16.87,47626
2019-08-20 00:00:00,16.792,17.192,16.792,17.161,38812
2019-08-21 00:00:00,17.135,17.2,16.996,17.116,40388
2019-08-22 00:00:00,17.123,17.149,16.943,17.039,36679
2019-08-23 00:00:00,17.044,17.48,16.981,17.418,56640
2019-08-26 00:00:00,17.412,17.773,17.411,17.663,77065
2019-08-27 00:00:00,17.57,18.209,17.57,18.193,52764
2019-08-28 00:00:00,18.139,18.509,18.067,18.349,58916
2019-08-29 00:00:00,18.278,18.652,18.047,18.259,79486
2019-08-30 00:00:00,18.252,18.474,18.067,18.354,76589
2019-09-02 00:00:00,18.409,18.567,18.267,18.454,40434
2019-09-03 00:00:00,18.455,19.289,18.334,19.262,85859
2019-09-04 00:00:00,19.209,19.648,19.188,19.585,90423
2019-09-05 00:00:00,19.519,19.578,18.483,18.648,119284
2019-09-06 00:00:00,18.627,18.799,17.964,18.158,138223
2019-09-09 00:00:00,18.106,18.311,17.927,17.998,102200
2019-09-10 00:00:00,17.996,18.178,17.778,17.998,87476
2019-09-11 00:00:00,17.992,18.249,17.891,18.11,65282
2019-09-12 00:00:00,18.111,18.47,18.006,18.096,96218
2019-09-13 00:00:00,18.073,18.191,17.4,17.424,76252
2019-09-16 00:00:00,17.574,18.003,17.564,17.85,88368
2019-09-17 00:00:00,17.843,18.091,17.75,18.014,72835
2019-09-18 00:00:00,17.862,18.041,17.515,17.747,75429
2019-09-19 00:00:00,17.724,17.94,17.592,17.786,69695
2019-09-20 00:00:00,17.783,17.982,17.748,17.972,56609
2019-09-23 00:00:00,17.919,18.707,17.911,18.641,85319
2019-09-24 00:00:00,18.592,18.74,18.249,18.608,93263
2019-09-25 00:00:00,18.595,18.685,17.814,17.9,95209
2019-09-26 00:00:00,17.919,18.049,17.729,17.815,85024
2019-09-27 00:00:00,17.824,17.903,17.292,17.521,102655
2019-09-30 00:00:00,17.513,17.601,16.929,16.995,80863
2019-10-01 00:00:00,16.987,17.325,16.895,17.231,100438
2019-10-02 00:00:00,17.234,17.675,17.189,17.558,84942
2019-10-03 00:00:00,17.572,17.798000000000002,17.467,17.553,84919
2019-10-04 00:00:00,17.567,17.691,17.294,17.545,75355
2019-10-07 00:00:00,17.604,17.641,17.388,17.428,56206
2019-10-08 00:00:00,17.417,17.808,17.267,17.727,87958
2019-10-09 00:00:00,17.728,17.955,17.666,17.73,70637
2019-10-10 00:00:00,17.709,17.894,17.42,17.499,95942
2019-10-11 00:00:00,17.495,17.753,17.341,17.539,102225
2019-10-14 00:00:00,17.532,17.701999999999998,17.424,17.654,56572
2019-10-15 00:00:00,17.653,17.733,17.348,17.408,66475
2019-10-16 00:00:00,17.404,17.469,17.163,17.396,78353
2019-10-17 00:00:00,17.394,17.643,17.314,17.548000000000002,65149
2019-10-18 00:00:00,17.545,17.601,17.407,17.54,51035
2019-10-21 00:00:00,17.561,17.874,17.507,17.56,58913
2019-10-22 00:00:00,17.56,17.666,17.43,17.518,54753
2019-10-23 00:00:00,17.538,17.618,17.503,17.544,48223
2019-10-24 00:00:00,17.547,17.845,17.477,17.803,59186
2019-10-25 00:00:00,17.816,18.331,17.789,18.039,77539
2019-10-28 00:00:00,18.036,18.135,17.781,17.845,65342
2019-10-29 00:00:00,17.857,17.899,17.606,17.811,70210
2019-10-30 00:00:00,17.813,17.961,17.588,17.857,83388
2019-10-31 00:00:00,17.868,18.173,17.791,18.103,78206
2019-11-01 00:00:00,18.113,18.151,17.935,18.115,59395
2019-11-04 00:00:00,18.106,18.221,17.963,18.056,52812
2019-11-05 00:00:00,18.055,18.091,17.531,17.575,79249
2019-11-06 00:00:00,17.569,17.65,17.382,17.632,64213
2019-11-07 00:00:00,17.622,17.668,16.958,17.112,97516
2019-11-08 00:00:00,17.099,17.121,16.692,16.805,90450
2019-11-11 00:00:00,16.77,16.94,16.661,16.856,59365
2019-11-12 00:00:00,16.823,16.902,16.644,16.766,72779
2019-11-13 00:00:00,16.751,17.028,16.75,16.972,74069
2019-11-14 00:00:00,16.961,17.105,16.879,17.022,60725
2019-11-15 00:00:00,17.017,17.033,16.818,16.962,52536
2019-11-18 00:00:00,16.972,17.059,16.738,17.039,54984
2019-11-19 00:00:00,17.026,17.185,16.967,17.144,57635
2019-11-20 00:00:00,17.143,17.206,17.029,17.148,63076
2019-11-21 00:00:00,17.176,17.191,17.04,17.096,60948
2019-11-22 00:00:00,17.097,17.234,16.985,16.999,51550
2019-11-25 00:00:00,16.986,16.997,16.855,16.889,43284
2019-11-26 00:00:00,16.894,17.114,16.813,17.071,41466
2019-11-27 00:00:00,17.075,17.091,16.93,16.949,27814
2019-11-28 00:00:00,16.956,17.015,16.887,16.887,17201
2019-11-29 00:00:00,16.919,17.045,16.857,17.003,35689
2019-12-02 00:00:00,16.985,17.018,16.823,16.901,52388
2019-12-03 00:00:00,16.903,17.203,16.871,17.164,54034
2019-12-04 00:00:00,17.181,17.319,16.799,16.849,68515
2019-12-05 00:00:00,16.835,17.016,16.817,16.956,48153
2019-12-06 00:00:00,16.96,17.038,16.529,16.565,55762
2019-12-09 00:00:00,16.556,16.683,16.525,16.601,32773
2019-12-10 00:00:00,16.582,16.717,16.58,16.658,36779
2019-12-11 00:00:00,16.659,16.965,16.601,16.852,38222
2019-12-12 00:00:00,16.864,17.121,16.766,16.92,61510
2019-12-13 00:00:00,16.892,17.035,16.842,16.934,69563
2019-12-16 00:00:00,16.935,17.085,16.902,17.034,35093
2019-12-17 00:00:00,17.028,17.113,16.96,17.006,28375
2019-12-18 00:00:00,17.005,17.068,16.883,17.011,30741
2019-12-19 00:00:00,17.002,17.125,16.9,17.058,30255
2019-12-20 00:00:00,17.054,17.259,17.029,17.188,26455
2019-12-23 00:00:00,17.166,17.455,17.166,17.433,27284
2019-12-24 00:00:00,17.448,17.784,17.372,17.746,26098
2019-12-26 00:00:00,17.758,18.051,17.703,17.89,29129
2019-12-27 00:00:00,17.894,17.971,17.744,17.757,38578
2019-12-30 00:00:00,17.78,17.961,17.771,17.916,35060
2019-12-31 00:00:00,17.91,18.144,17.819,17.842,50586
2020-01-02 00:00:00,17.791,18.099,17.787,18.017,54130
2020-01-03 00:00:00,18.008,18.271,17.994,18.036,82480
2020-01-06 00:00:00,18.058,18.505,18.011,18.141,94633
2020-01-07 00:00:00,18.135,18.436,17.946,18.389,75922
2020-01-08 00:00:00,18.39,18.857,18.057,18.093,143969
2020-01-09 00:00:00,18.082,18.203,17.796,17.889,82736
2020-01-10 00:00:00,17.89,18.151,17.844,18.098,57583
2020-01-13 00:00:00,18.093,18.095,17.919,17.951999999999998,42940
2020-01-14 00:00:00,17.948,17.966,17.68,17.794,55537
2020-01-15 00:00:00,17.772,18.04,17.747,17.996,50514
2020-01-16 00:00:00,18.003,18.047,17.87,17.935,39992
2020-01-17 00:00:00,17.937,18.173,17.903,18.018,46108
2020-01-20 00:00:00,18.018,18.13,17.997,18.06,23533
2020-01-21 00:00:00,18.063,18.154,17.632,17.779,72060
2020-01-22 00:00:00,17.791,17.93,17.684,17.83,43510
2020-01-23 00:00:00,17.825,17.913,17.602,17.79,57913
2020-01-24 00:00:00,17.797,18.144,17.747,18.102,45070
2020-01-27 00:00:00,18.232,18.351,18.043,18.086,63129
2020-01-28 00:00:00,18.082,18.119,17.437,17.463,59969
2020-01-29 00:00:00,17.452,17.591,17.378,17.553,43455
2020-01-30 00:00:00,17.54,18.04,17.537,17.828,45387
2020-01-31 00:00:00,17.829,18.093,17.788,18.039,41774
2020-02-03 00:00:00,18.097,18.112,17.597,17.669,67725
2020-02-04 00:00:00,17.663,17.783,17.526,17.585,54955
2020-02-05 00:00:00,17.578,17.724,17.483,17.602,61979
2020-02-06 00:00:00,17.613,17.884,17.597,17.813,43364
2020-02-07 00:00:00,17.814,17.863,17.576999999999998,17.693,55625
2020-02-10 00:00:00,17.705,17.84,17.681,17.759,46735
2020-02-11 00:00:00,17.763,17.809,17.569,17.636,46045
2020-02-12 00:00:00,17.643,17.673000000000002,17.465,17.478,43616
2020-02-13 00:00:00,17.445,17.735,17.445,17.639,49517
2020-02-14 00:00:00,17.638,17.808,17.62,17.742,37704
2020-02-17 00:00:00,17.721,17.891,17.695,17.743,16557
2020-02-18 00:00:00,17.793,18.232,17.786,18.163,32147
2020-02-19 00:00:00,18.172,18.466,18.152,18.425,31881
2020-02-20 00:00:00,18.427,18.447,18.227,18.358,60959
2020-02-21 00:00:00,18.35,18.632,18.35,18.487,65676
2020-02-24 00:00:00,18.656,18.947,18.537,18.625,118722
2020-02-25 00:00:00,18.628,18.664,17.856,17.99,128479
2020-02-26 00:00:00,17.967,18.208,17.793,17.909,99718
2020-02-27 00:00:00,17.902,18.139,17.617,17.772,98093
2020-02-28 00:00:00,17.734,17.866,16.391,16.656,169414
2020-03-02 00:00:00,16.451,17.057,16.434,16.73,129269
2020-03-03 00:00:00,16.678,17.47,16.677,17.216,120382
2020-03-04 00:00:00,17.183,17.335,17.08,17.212,76583
2020-03-05 00:00:00,17.208,17.461,17.148,17.423,67032
2020-03-06 00:00:00,17.431,17.575,17.043,17.34,118199
2020-03-09 00:00:00,17.467,17.598,16.563,16.999,121702
2020-03-10 00:00:00,16.99,17.196,16.808,16.884,81797
2020-03-11 00:00:00,16.858,17.111,16.672,16.751,70509
2020-03-12 00:00:00,16.742,16.921,15.518,15.802,152289
2020-03-13 00:00:00,15.82,15.864,14.439,14.689,160952
2020-03-16 00:00:00,15.062,15.247,11.253,12.903,114030
2020-03-17 00:00:00,12.827,13.246,12.12,12.607,121859
2020-03-18 00:00:00,12.604,12.898,11.631,11.969,135033
2020-03-19 00:00:00,11.94,12.306,11.755,12.091,104433
2020-03-20 00:00:00,12.077,13.025,11.96,12.577,101375
2020-03-23 00:00:00,12.577,13.281,12.273,13.24,110669
2020-03-24 00:00:00,13.234,14.34,13.164,14.282,67216
2020-03-25 00:00:00,14.24,14.717,14.006,14.434,56518
2020-03-26 00:00:00,14.467,14.679,14.101,14.371,39128
2020-03-27 00:00:00,14.356,14.622,14.157,14.475,33526
2020-03-30 00:00:00,14.485,14.544,13.797,14.05,45080
2020-03-31 00:00:00,14.02,14.245,13.843,13.958,44450
2020-04-01 00:00:00,13.958,14.129,13.81,13.955,34652
2020-04-02 00:00:00,13.917,14.55,13.885,14.47,59286
2020-04-03 00:00:00,14.452,14.54,14.264,14.376,42846
2020-04-06 00:00:00,14.375,15.064,14.239,14.992,38834
2020-04-07 00:00:00,14.951,15.465,14.873,14.999,46581
2020-04-08 00:00:00,14.902,15.127,14.822,14.938,29243
2020-04-09 00:00:00,14.912,15.537,14.859,15.385,41090
2020-04-13 00:00:00,15.319,15.488,15.116,15.378,40589
2020-04-14 00:00:00,15.286,15.837,15.286,15.753,46120
2020-04-15 00:00:00,15.714,15.774000000000001,15.269,15.465,40183
2020-04-16 00:00:00,15.44,15.589,15.197,15.51,40650
2020-04-17 00:00:00,15.493,15.545,15.008,15.164,45560
2020-04-20 00:00:00,15.101,15.437,15.04,15.306,40265
2020-04-21 00:00:00,15.268,15.322,14.53,14.862,84399
2020-04-22 00:00:00,14.842,15.152,14.672,15.077,47497
2020-04-23 00:00:00,15.053,15.437,14.96,15.234,60386
2020-04-24 00:00:00,15.22,15.384,15.022,15.232,38008
2020-04-27 00:00:00,15.13,15.321,15.012,15.189,23749
2020-04-28 00:00:00,15.173,15.221,14.895,15.139,29039
2020-04-29 00:00:00,15.195,15.395,15.084,15.279,34768
2020-04-30 00:00:00,15.282,15.504,14.592,14.947,52848
2020-05-01 00:00:00,14.902,15.046,14.745,14.936,61624
2020-05-04 00:00:00,14.922,15.058,14.69,14.772,49815
2020-05-05 00:00:00,14.77,15.034,14.716,14.948,32795
2020-05-06 00:00:00,14.946,15.159,14.687,14.842,34911
2020-05-07 00:00:00,14.746,15.431,14.746,15.34,31302
2020-05-08 00:00:00,15.304,15.625,15.194,15.441,35693
2020-05-11 00:00:00,15.44,15.603,15.263,15.475999999999999,26918
2020-05-12 00:00:00,15.456,15.629,15.328,15.431,24433
2020-05-13 00:00:00,15.435,15.644,15.306,15.567,26675
2020-05-14 00:00:00,15.529,15.897,15.446,15.867,19195
2020-05-15 00:00:00,15.832,16.722,15.774000000000001,16.61,27656
2020-05-18 00:00:00,16.804,17.565,16.652,16.958,45233
2020-05-19 00:00:00,16.932,17.488,16.919,17.328,26287
2020-05-20 00:00:00,17.27,17.632,17.257,17.546,23547
2020-05-21 00:00:00,17.497,17.545,16.847,17.1,37810
2020-05-22 00:00:00,17.057,17.246,16.712,17.202,26305
2020-05-25 00:00:00,17.097,17.188,16.883,17.072,19532
2020-05-26 00:00:00,17.094,17.441,17.018,17.111,46996
2020-05-27 00:00:00,17.071,17.355,16.844,17.251,35679
2020-05-28 00:00:00,17.241,17.515,17.079,17.356,31601
2020-05-29 00:00:00,17.346,17.907,17.252,17.849,27938
2020-06-01 00:00:00,17.925,18.38,17.922,18.296,45712
2020-06-02 00:00:00,18.248,18.36,17.774,18.07,48443
2020-06-03 00:00:00,17.992,18.08,17.458,17.643,61189
2020-06-04 00:00:00,17.618,17.85,17.463,17.705,38008
2020-06-05 00:00:00,17.716,17.765,17.213,17.403,46973
2020-06-08 00:00:00,17.319,17.799,17.275,17.77,39567
2020-06-09 00:00:00,17.668,17.779,17.461,17.519,36036
2020-06-10 00:00:00,17.492,18.188,17.492,18.098,38920
2020-06-11 00:00:00,18.103,18.149,17.474,17.642,45419
2020-06-12 00:00:00,17.605,17.748,17.386,17.478,48253
2020-06-15 00:00:00,17.444,17.55,16.946,17.369,58467
2020-06-16 00:00:00,17.374,17.569,17.281,17.454,43879
2020-06-17 00:00:00,17.404,17.608,17.331,17.491,32632
2020-06-18 00:00:00,17.38,17.675,17.307,17.367,32324
2020-06-19 00:00:00,17.353,17.797,17.351,17.58,28680
2020-06-22 00:00:00,17.63,18.026,17.611,17.705,41367
2020-06-23 00:00:00,17.632,18.011,17.632,17.938,38722
2020-06-24 00:00:00,17.903,18.074,17.361,17.493,46577
2020-06-25 00:00:00,17.474,17.81,17.443,17.797,32988
2020-06-26 00:00:00,17.783,17.951,17.485,17.765,30621
2020-06-29 00:00:00,17.779,17.951,17.684,17.841,34764
2020-06-30 00:00:00,17.777,18.248,17.762,18.204,38401
2020-07-01 00:00:00,18.17,18.441,17.831,18.008,54048
2020-07-02 00:00:00,17.994,18.126,17.757,17.945,38952
2020-07-03 00:00:00,17.965,18.066,17.938,18.027,16265
2020-07-06 00:00:00,17.974,18.393,17.938,18.271,27265
2020-07-07 00:00:00,18.19,18.362,17.987,18.261,30991
2020-07-08 00:00:00,18.254,18.766,18.233,18.718,34628
2020-07-09 00:00:00,18.714,19.037,18.484,18.649,47044
2020-07-10 00:00:00,18.631,18.803,18.489,18.708,31709
2020-07-13 00:00:00,18.685,19.373,18.677,19.062,39037
2020-07-14 00:00:00,19.044,19.292,18.871,19.215,48059
2020-07-15 00:00:00,19.194,19.475,19.13,19.416,40285
2020-07-16 00:00:00,19.425,19.46,19.093,19.153,34516
2020-07-17 00:00:00,19.168,19.388,18.926,19.333,29832
2020-07-20 00:00:00,19.338,19.914,19.25,19.899,46602
2020-07-21 00:00:00,19.9,21.321,19.851,21.283,66548
2020-07-22 00:00:00,21.221,23.072,21.221,22.983,106657
2020-07-23 00:00:00,23.009,23.254,22.243,22.593,113670
2020-07-24 00:00:00,22.58,22.918,22.391,22.762,74477
2020-07-27 00:00:00,22.719,24.59,22.675,24.585,100842
2020-07-28 00:00:00,24.518,26.201,22.285,24.413,123521
2020-07-29 00:00:00,24.395,24.953,23.303,24.282,83682
2020-07-30 00:00:00,24.293,24.393,22.902,23.477,88730
2020-07-31 00:00:00,23.508,24.482,23.274,24.394,95045
2020-08-03 00:00:00,24.485,24.907,24.005,24.326,55920
2020-08-04 00:00:00,24.318,26.038,24.124,25.992,79624
2020-08-05 00:00:00,26.023,27.14,25.374,26.93,128760
2020-08-06 00:00:00,26.94,29.078,26.788,28.894,116279
2020-08-07 00:00:00,28.901,29.843,27.371,28.279,158697
2020-08-10 00:00:00,28.426,29.412,27.797,29.124,120013
2020-08-11 00:00:00,29.078,29.256,24.379,24.79,175753
2020-08-12 00:00:00,24.804,26.274,23.423,25.519,140043
2020-08-13 00:00:00,25.507,27.719,25.263,27.483,125813
2020-08-14 00:00:00,27.469,27.723,25.738,26.415,146497
2020-08-17 00:00:00,26.576999999999998,27.572,25.806,27.485,107570
2020-08-18 00:00:00,27.482,28.455,27.091,27.66,110134
2020-08-19 00:00:00,27.713,28.023,26.486,26.715,126436
2020-08-20 00:00:00,26.669,27.52,26.599,27.231,114464
2020-08-21 00:00:00,27.257,27.532,26.027,26.684,93898
2020-08-24 00:00:00,26.798000000000002,27.239,26.255,26.608,82567
2020-08-25 00:00:00,26.593,26.798000000000002,26.059,26.522,68791
2020-08-26 00:00:00,26.508,27.485,26.083,27.483,71333
2020-08-27 00:00:00,27.466,27.918,26.508,26.98,100041
2020-08-28 00:00:00,27.011,27.714,26.821,27.496,75358
2020-08-31 00:00:00,27.524,28.357,27.492,28.132,69167
2020-09-01 00:00:00,28.118,28.902,27.568,28.113,74480
2020-09-02 00:00:00,28.076,28.305,27.064,27.425,90162
2020-09-03 00:00:00,27.414,27.703,26.477,26.589,98165
2020-09-04 00:00:00,26.57,27.03,26.298,26.86,93971
2020-09-07 00:00:00,26.84,27.172,26.619,26.829,35676
2020-09-08 00:00:00,26.869,27.093,25.837,26.661,89647
2020-09-09 00:00:00,26.651,27.117,26.407,26.969,51984
2020-09-10 00:00:00,26.96,27.487,26.689,26.887,71844
2020-09-11 00:00:00,26.863,27.026,26.561,26.737,66724
2020-09-14 00:00:00,26.703,27.306,26.663,27.116,49434
2020-09-15 00:00:00,27.125,27.624,27.008,27.136,62737
2020-09-16 00:00:00,27.135,27.438,26.869,27.158,69689
2020-09-17 00:00:00,27.14,27.195,26.284,27.036,85354
2020-09-18 00:00:00,26.925,27.222,26.683,26.806,58219
2020-09-21 00:00:00,26.753,26.955,23.689,24.713,117500
2020-09-22 00:00:00,24.656,25.233,23.826,24.397,97250
2020-09-23 00:00:00,24.381,24.466,22.589,22.76,116342
2020-09-24 00:00:00,22.744,23.343,21.657,23.14,121951
2020-09-25 00:00:00,23.133,23.298,22.425,22.874,93253
2020-09-28 00:00:00,22.784,23.721,22.511,23.668,84728
2020-09-29 00:00:00,23.653,24.404,23.368,24.16,75315
2020-09-30 00:00:00,24.289,24.303,23.127,23.223,87439
2020-10-01 00:00:00,23.231,24.163,23.217,23.781,74870
2020-10-02 00:00:00,23.753,24.203,23.471,23.749,82182
2020-10-05 00:00:00,23.908,24.513,23.68,24.373,58276
2020-10-06 00:00:00,24.353,24.498,22.864,23.047,75034
2020-10-07 00:00:00,23.022,23.976,22.994,23.809,61933
2020-10-08 00:00:00,23.808,24.211,23.651,23.83,46101
2020-10-09 00:00:00,23.825,25.177,23.825,25.127,53369
2020-10-12 00:00:00,25.091,25.556,24.774,25.098,73501
2020-10-13 00:00:00,25.098,25.186,23.933,24.124,86682
2020-10-14 00:00:00,24.13,24.63,23.866,24.253,71989
2020-10-15 00:00:00,24.246,24.31,23.569,24.292,82608
2020-10-16 00:00:00,24.292,24.519,24.054,24.12,56426
2020-10-19 00:00:00,24.142,24.97,24.098,24.387,76376
2020-10-20 00:00:00,24.382,24.921,24.317,24.634,64885
2020-10-21 00:00:00,24.643,25.282,24.635,25.044,73670
2020-10-22 00:00:00,25.037,25.083,24.371,24.704,72942
2020-10-23 00:00:00,24.707,24.85,24.411,24.602,59314
2020-10-26 00:00:00,24.654,24.661,24.089,24.277,77016
2020-10-27 00:00:00,24.264,24.614,24.193,24.355,56176
2020-10-28 00:00:00,24.383,24.565,23.023,23.381,94925
2020-10-29 00:00:00,23.374,23.576,22.59,23.245,98896
2020-10-30 00:00:00,23.259,23.811,23.172,23.645,84320
2020-11-02 00:00:00,23.575,24.157,23.389,24.091,81940
2020-11-03 00:00:00,24.081,24.384,23.903,24.236,66266
2020-11-04 00:00:00,24.213,24.498,23.215,23.89,129091
2020-11-05 00:00:00,23.901,25.465,23.884,25.354,98548
2020-11-06 00:00:00,25.349,25.839,24.888,25.605,97767
2020-11-09 00:00:00,25.724,26.002,23.571,24.079,141522
2020-11-10 00:00:00,24.122,24.492,23.898,24.223,86312
2020-11-11 00:00:00,24.169,24.428,23.774,24.271,84940
2020-11-12 00:00:00,24.277,24.401,24.035,24.279,71088
2020-11-13 00:00:00,24.225,24.815,24.15,24.66,63120
2020-11-16 00:00:00,24.691,25.069,24.216,24.766,84098
2020-11-17 00:00:00,24.733,24.803,24.36,24.477,64293
2020-11-18 00:00:00,24.484,24.706,24.195,24.333,85712
2020-11-19 00:00:00,24.308,24.375,23.636,24.038,83168
2020-11-20 00:00:00,24.047,24.523,23.901,24.153,84266
2020-11-23 00:00:00,24.148,24.392,23.423,23.596,87148
2020-11-24 00:00:00,23.58,23.638,22.925,23.26,125620
2020-11-25 00:00:00,23.251,23.52,23.093,23.335,80304
2020-11-26 00:00:00,23.325,23.476,23.177,23.319,34074
2020-11-27 00:00:00,23.297,23.325,22.332,22.682,59517
2020-11-30 00:00:00,22.692,22.746,21.891,22.624,124899
2020-12-01 00:00:00,22.607,24.051,22.583,23.998,117409
2020-12-02 00:00:00,23.992,24.32,23.544,24.091,103539
2020-12-03 00:00:00,24.081,24.28,23.738,24.052,99485
2020-12-04 00:00:00,24.048,24.411,23.925,24.187,93855
2020-12-07 00:00:00,24.137,24.778,23.521,24.477,116316
2020-12-08 00:00:00,24.457,24.863,24.427,24.546,85526
2020-12-09 00:00:00,24.567,24.586,23.582,23.946,116153
2020-12-10 00:00:00,23.941,24.283,23.715,23.987,95276
2020-12-11 00:00:00,23.974,24.119,23.594,23.937,87497
2020-12-14 00:00:00,23.996,24.235,23.668,23.825,87555
2020-12-15 00:00:00,23.843,24.56,23.829,24.494,94248
2020-12-16 00:00:00,24.489,25.495,24.44,25.339,153931
2020-12-17 00:00:00,25.315,26.099,25.152,26.06,136447
2020-12-18 00:00:00,26.045,26.125,25.649,25.789,90312
2020-12-21 00:00:00,25.881,27.407,24.948,26.162,270633
2020-12-22 00:00:00,26.176,26.574,25.073,25.18,160496
2020-12-23 00:00:00,25.164,25.79,25.052,25.536,143306
2020-12-24 00:00:00,25.538,25.905,25.409,25.776,75513
2020-12-28 00:00:00,25.97,26.77,25.865,26.239,119878
2020-12-29 00:00:00,26.171,26.602,25.944,26.198,108084
2020-12-30 00:00:00,26.191,26.674,26.137,26.664,95132
2020-12-31 00:00:00,26.669,26.705,26.212,26.38,78240
2021-01-04 00:00:00,26.625,27.566,26.562,27.224,99537
2021-01-05 00:00:00,27.199,27.687,26.986,27.55,87966
2021-01-06 00:00:00,27.549,27.924,26.596,27.291,150507
2021-01-07 00:00:00,27.284,27.354,26.916,27.127,91489
2021-01-08 00:00:00,27.138,27.205,24.467,25.406,175650
2021-01-11 00:00:00,25.371,25.498,24.324,24.899,125833
2021-01-12 00:00:00,24.919,25.638,24.913,25.542,98824
2021-01-13 00:00:00,25.551,25.682,25.124,25.207,84991
2021-01-14 00:00:00,25.203,25.895,25.041,25.503,97963
2021-01-15 00:00:00,25.504,25.787,24.579,24.738,107240
2021-01-18 00:00:00,24.754,25.152,24.026,24.959,75826
2021-01-19 00:00:00,24.909,25.409,24.909,25.22,89849
2021-01-20 00:00:00,25.204,25.881,25.032,25.825,92509
2021-01-21 00:00:00,25.825,26.05,25.635,25.924,74281
2021-01-22 00:00:00,25.946,25.961,25.025,25.459,86947
2021-01-25 00:00:00,25.459,25.762,25.159,25.335,94434
2021-01-26 00:00:00,25.317,25.649,25.189,25.468,68500
2021-01-27 00:00:00,25.454,25.486,24.689,25.263,157052
2021-01-28 00:00:00,25.256,26.967,24.853,26.456,242291
2021-01-29 00:00:00,26.517,27.656,26.04,27.025,280029
2021-02-01 00:00:00,28.337,30.101,27.951999999999998,29.015,404289
2021-02-02 00:00:00,28.857,28.894,26.277,26.671,247767
2021-02-03 00:00:00,26.607,27.184,26.478,26.887,154475
2021-02-04 00:00:00,26.852,26.917,25.894,26.338,160864
2021-02-05 00:00:00,26.361,27.043,26.193,26.918,127725
2021-02-08 00:00:00,27.079,27.576999999999998,26.836,27.275,95688
2021-02-09 00:00:00,27.265,27.807,27.055,27.262,101123
2021-02-10 00:00:00,27.256,27.528,26.816,27.021,103923
2021-02-11 00:00:00,26.985,27.285,26.696,26.968,82164
2021-02-12 00:00:00,26.948,27.432,26.848,27.35,85496
2021-02-15 00:00:00,27.366,27.701,27.343,27.584,48342
2021-02-16 00:00:00,27.532,27.948,26.826,27.227,121684
2021-02-17 00:00:00,27.165,27.419,26.855,27.378,124804
2021-02-18 00:00:00,27.295,27.518,26.862,27.025,89467
2021-02-19 00:00:00,26.967,27.609,26.046,27.257,122474
2021-02-22 00:00:00,27.412,28.278,27.264,28.131,133809
2021-02-23 00:00:00,28.138,28.32,27.237,27.673000000000002,125691
2021-02-24 00:00:00,27.526,28.021,27.316,27.936,114181
2021-02-25 00:00:00,27.874,28.199,27.268,27.421,183125
2021-02-26 00:00:00,27.392,27.592,26.132,26.651,234848
2021-03-01 00:00:00,26.55,27.07,26.431,26.56,108504
2021-03-02 00:00:00,26.544,26.899,25.83,26.747,132790
2021-03-03 00:00:00,26.698,26.818,25.829,26.077,136885
2021-03-04 00:00:00,26.031,26.301,25.051,25.35,211356
2021-03-05 00:00:00,25.161,25.458,24.823,25.213,167935
2021-03-08 00:00:00,25.327,25.92,24.944,25.12,154875
2021-03-09 00:00:00,25.093,26.128,25.029,25.92,129809
2021-03-10 00:00:00,25.858,26.217,25.541,26.208,112982
2021-03-11 00:00:00,26.15,26.455,25.835,26.119,98189
2021-03-12 00:00:00,26.097,26.164,25.384,25.917,99533
2021-03-15 00:00:00,25.916,26.299,25.793,26.233,99259
2021-03-16 00:00:00,26.21,26.302,25.829,25.933,73871
2021-03-17 00:00:00,25.916,26.516,25.751,26.306,97662
2021-03-18 00:00:00,26.26,26.63,25.826999999999998,26.055,131639
2021-03-19 00:00:00,26.02,26.317,25.864,26.229,104177
2021-03-22 00:00:00,26.202,26.227,25.405,25.742,59314
2021-03-23 00:00:00,25.718,25.818,25.006,25.046,49964
2021-03-24 00:00:00,24.983,25.356,24.973,25.078,47036
2021-03-25 00:00:00,25.055,25.184,24.402,25.041,59946
2021-03-26 00:00:00,25.018,25.252,24.861,25.057,42308
2021-03-29 00:00:00,25.01,25.097,24.444,24.638,50243
2021-03-30 00:00:00,24.627,24.729,23.851,24.006,61019
2021-03-31 00:00:00,24.001,24.522,23.772,24.404,54558
2021-04-01 00:00:00,24.327,24.969,24.25,24.947,49475
2021-04-05 00:00:00,24.941,25.076,24.604,24.872,30990
2021-04-06 00:00:00,24.859,25.294,24.767,25.151,40711
2021-04-07 00:00:00,25.122,25.27,24.851,25.142,39056
2021-04-08 00:00:00,25.124,25.614,24.955,25.447,38656
2021-04-09 00:00:00,25.425,25.497,24.98,25.252,37073
2021-04-12 00:00:00,25.203,25.27,24.701999999999998,24.806,38626
2021-04-13 00:00:00,24.749,25.478,24.679,25.331,53332
2021-04-14 00:00:00,25.301,25.531,25.19,25.41,40935
2021-04-15 00:00:00,25.406,25.984,25.314,25.839,51359
2021-04-16 00:00:00,25.777,26.298,25.743,25.938,43325
2021-04-19 00:00:00,25.946,26.228,25.63,25.817,53189
2021-04-20 00:00:00,25.798000000000002,26.087,25.686,25.828,44621
2021-04-21 00:00:00,25.739,26.643,25.732,26.541,41463
2021-04-22 00:00:00,26.505,26.582,25.974,26.146,46511
2021-04-23 00:00:00,26.056,26.402,25.847,25.994,35771
2021-04-26 00:00:00,25.898,26.214,25.848,26.212,35203
2021-04-27 00:00:00,26.193,26.454,26.044,26.256,32133
2021-04-28 00:00:00,26.157,26.297,25.829,26.191,43738
2021-04-29 00:00:00,26.172,26.469,25.705,26.086,42297
2021-04-30 00:00:00,26.072,26.19,25.797,25.891,40831
2021-05-03 00:00:00,25.8,26.989,25.789,26.888,30389
2021-05-04 00:00:00,26.83,27.11,26.086,26.495,42083
2021-05-05 00:00:00,26.419,26.619,26.097,26.473,35516
2021-05-06 00:00:00,26.417,27.458,26.169,27.299,48493
2021-05-07 00:00:00,27.262,27.662,27.134,27.452,55648
2021-05-10 00:00:00,27.457,27.878,27.232,27.293,50027
2021-05-11 00:00:00,27.3,27.665,27.096,27.606,48006
2021-05-12 00:00:00,27.554,27.691,26.949,27.01,64825
2021-05-13 00:00:00,26.996,27.237,26.717,27.084,58405
2021-05-14 00:00:00,27.05,27.482,26.813,27.401,39570
2021-05-17 00:00:00,27.357,28.285,27.274,28.169,47063
2021-05-18 00:00:00,28.106,28.742,28.0,28.171,51288
2021-05-19 00:00:00,28.083,28.232,27.364,27.725,74664
2021-05-20 00:00:00,27.678,27.999,27.394,27.751,48674
2021-05-21 00:00:00,27.71,28.068,27.195,27.562,52814
2021-05-24 00:00:00,27.552,27.9,27.457,27.764,43292
2021-05-25 00:00:00,27.692,28.031,27.461,27.995,48386
2021-05-26 00:00:00,27.962,28.228,27.6,27.676,50034
2021-05-27 00:00:00,27.607,27.882,27.494,27.839,46376
2021-05-28 00:00:00,27.848,27.97,27.394,27.914,45206
2021-05-31 00:00:00,27.858,28.133,27.857,28.035,24909
2021-06-01 00:00:00,28.044,28.554,27.821,27.891,46701
2021-06-02 00:00:00,27.826999999999998,28.185,27.686,28.167,40258
2021-06-03 00:00:00,28.118,28.227,27.027,27.419,51634
2021-06-04 00:00:00,27.429,27.844,27.222,27.793,45893
2021-06-07 00:00:00,27.769,27.947,27.474,27.877,37494
2021-06-08 00:00:00,27.86,27.972,27.498,27.605,45977
2021-06-09 00:00:00,27.557,27.994,27.51,27.758,38982
2021-06-10 00:00:00,27.724,28.028,27.432,27.986,49209
2021-06-11 00:00:00,27.944,28.279,27.887,27.921,44526
2021-06-14 00:00:00,27.884,28.014,27.466,27.849,42222
2021-06-15 00:00:00,27.806,27.888,27.389,27.65,46602
2021-06-16 00:00:00,27.667,27.828,26.587,26.968,51987
2021-06-17 00:00:00,26.877,27.243,25.768,25.892,77597
2021-06-18 00:00:00,25.849,26.488,25.741,25.798000000000002,68206
2021-06-21 00:00:00,25.692,26.076,25.546,25.936,68912
2021-06-22 00:00:00,25.878,26.033,25.686,25.768,53359
2021-06-23 00:00:00,25.756,26.288,25.748,25.879,47154
2021-06-24 00:00:00,25.818,26.164,25.811,25.925,43251
2021-06-25 00:00:00,25.921,26.294,25.905,26.096,45412
2021-06-28 00:00:00,26.034,26.217,25.779,26.087,45820
2021-06-29 00:00:00,26.006,26.111,25.515,25.753,44884
2021-06-30 00:00:00,25.758,26.143,25.698,26.119,40858
2021-07-01 00:00:00,26.074,26.399,25.942,26.023,44272
2021-07-02 00:00:00,25.975,26.561,25.975,26.449,43592
2021-07-05 00:00:00,26.364,26.612,26.364,26.461,24898
2021-07-06 00:00:00,26.419,26.77,26.005,26.147,49332
2021-07-07 00:00:00,26.145,26.433,25.976,26.136,42740
2021-07-08 00:00:00,26.141,26.21,25.799,25.917,58056
2021-07-09 00:00:00,25.917,26.204,25.755,26.092,39958
2021-07-12 00:00:00,26.071,26.278,25.865,26.187,35410
2021-07-13 00:00:00,26.205,26.344,25.931,25.98,38713
2021-07-14 00:00:00,25.94,26.461,25.936,26.242,34811
2021-07-15 00:00:00,26.218,26.39,26.153,26.335,35680
2021-07-16 00:00:00,26.286,26.444,25.594,25.657,42143
2021-07-19 00:00:00,25.496,25.756,24.988,25.173,55199
2021-07-20 00:00:00,25.175,25.271,24.811,24.935,44037
2021-07-21 00:00:00,24.875,25.306,24.756,25.258,37405
2021-07-22 00:00:00,25.262,25.456,25.009,25.42,37255
2021-07-23 00:00:00,25.375,25.468,24.998,25.181,33649
2021-07-26 00:00:00,25.181,25.43,25.115,25.182,33852
2021-07-27 00:00:00,25.175,25.26,24.491,24.682,39128
2021-07-28 00:00:00,24.677,25.008,24.597,24.955,41092
2021-07-29 00:00:00,24.956,25.795,24.953,25.505,34860
2021-07-30 00:00:00,25.503,25.634,25.34,25.483,35402
2021-08-02 00:00:00,25.37,25.632,25.293,25.393,36255
2021-08-03 00:00:00,25.381,25.597,25.243,25.51,28479
2021-08-04 00:00:00,25.504,25.998,25.322,25.382,33700
2021-08-05 00:00:00,25.37,25.504,25.081,25.15,29551
2021-08-06 00:00:00,25.135,25.199,24.19,24.317,35960
2021-08-09 00:00:00,24.261,24.363,22.247,23.438,65839
2021-08-10 00:00:00,23.422,23.67,23.231,23.333,36198
2021-08-11 00:00:00,23.324,23.585,23.204,23.533,36551
2021-08-12 00:00:00,23.52,23.544,23.003,23.175,33394
2021-08-13 00:00:00,23.176,23.829,23.164,23.723,28311
2021-08-16 00:00:00,23.652,23.896,23.423,23.835,28153
2021-08-17 00:00:00,23.836,23.953,23.564,23.652,33932
2021-08-18 00:00:00,23.66,23.821,23.286,23.51,33052
2021-08-19 00:00:00,23.503,23.534,23.085,23.234,37831
2021-08-20 00:00:00,23.219,23.323,22.872,23.018,35466
2021-08-23 00:00:00,22.981,23.688,22.972,23.63,31592
2021-08-24 00:00:00,23.583,23.948,23.53,23.857,30717
2021-08-25 00:00:00,23.828,23.886,23.573,23.832,32382
2021-08-26 00:00:00,23.842,23.867,23.431,23.546,32884
2021-08-27 00:00:00,23.556,24.114,23.338,24.023,41517
2021-08-30 00:00:00,23.965,24.21,23.909,24.026,29322
2021-08-31 00:00:00,23.988,24.201,23.801,23.885,32210
2021-09-01 00:00:00,23.881,24.262,23.75,24.142,31680
2021-09-02 00:00:00,24.122,24.215,23.787,23.896,27044
2021-09-03 00:00:00,23.881,24.866,23.876,24.696,36092
2021-09-06 00:00:00,24.752,24.816,24.634,24.68,15698
2021-09-07 00:00:00,24.679,24.822,24.16,24.306,38293
2021-09-08 00:00:00,24.303,24.407,23.904,23.944,41418
2021-09-09 00:00:00,23.925,24.286,23.841,24.036,42950
2021-09-10 00:00:00,23.988,24.296,23.721,23.742,37676
2021-09-13 00:00:00,23.664,23.853,23.38,23.733,42423
2021-09-14 00:00:00,23.725,23.959,23.411,23.851,45533
2021-09-15 00:00:00,23.828,23.909,23.66,23.833,40559
2021-09-16 00:00:00,23.83,23.964,22.597,22.891,55535
2021-09-17 00:00:00,22.906,23.132,22.329,22.389,47199
2021-09-20 00:00:00,22.254,22.509,22.033,22.263,45020
2021-09-21 00:00:00,22.257,22.721,22.238,22.488,44665
2021-09-22 00:00:00,22.46,23.142,22.46,22.687,60225
2021-09-23 00:00:00,22.635,22.879,22.464,22.505,44338
2021-09-24 00:00:00,22.493,22.798000000000002,22.105,22.401,42571
2021-09-27 00:00:00,22.34,22.846,22.34,22.626,43114
2021-09-28 00:00:00,22.602,22.667,22.097,22.451,57681
2021-09-29 00:00:00,22.421,22.548000000000002,21.418,21.524,53527
2021-09-30 00:00:00,21.518,22.232,21.467,22.166,60279
2021-10-01 00:00:00,22.161,22.584,21.988,22.519,58530
2021-10-04 00:00:00,22.545,22.778,22.278,22.675,56498
2021-10-05 00:00:00,22.687,22.693,22.366,22.613,54192
2021-10-06 00:00:00,22.599,22.678,22.206,22.613,60132
2021-10-07 00:00:00,22.607,22.804,22.381,22.58,38735
2021-10-08 00:00:00,22.587,23.187,22.427,22.65,56188
2021-10-11 00:00:00,22.665,22.818,22.49,22.569,39360
2021-10-12 00:00:00,22.576,22.766,22.338,22.556,47548
2021-10-13 00:00:00,22.541,23.244,22.463,23.084,46522
2021-10-14 00:00:00,23.069,23.579,22.895,23.51,29188
2021-10-15 00:00:00,23.504,23.587,23.066,23.315,33595
2021-10-18 00:00:00,23.25,23.447,23.006,23.191,46161
2021-10-19 00:00:00,23.139,24.118,23.139,23.659,36788
2021-10-20 00:00:00,23.621,24.419,23.568,24.288,30402
2021-10-21 00:00:00,24.291,24.481,24.005,24.144,39397
2021-10-22 00:00:00,24.13,24.821,24.117,24.32,36176
2021-10-25 00:00:00,24.186,24.618,24.186,24.567,33847
2021-10-26 00:00:00,24.534,24.571,23.87,24.147,36700
2021-10-27 00:00:00,24.109,24.249,23.831,24.058,36539
2021-10-28 00:00:00,24.035,24.244,23.953,24.065,40414
2021-10-29 00:00:00,24.026,24.085,23.652,23.895,42079
2021-11-01 00:00:00,23.864,24.095,23.741,24.042,23719
2021-11-02 00:00:00,24.006,24.061,23.384,23.527,31442
2021-11-03 00:00:00,23.475,23.617,23.014,23.513,42838
2021-11-04 00:00:00,23.439,24.039,23.438,23.783,30864
2021-11-05 00:00:00,23.723,24.156,23.602,24.15,40463
2021-11-08 00:00:00,24.099,24.509,23.988,24.45,41352
2021-11-09 00:00:00,24.407,24.471,24.02,24.299,34683
2021-11-10 00:00:00,24.255,25.121,23.951999999999998,24.624,48538
2021-11-11 00:00:00,24.569,25.262,24.569,25.247,39777
2021-11-12 00:00:00,25.227,25.383,24.844,25.292,33902
2021-11-15 00:00:00,25.289,25.378,24.905,25.053,34405
2021-11-16 00:00:00,25.03,25.4,24.762,24.828,41031
2021-11-17 00:00:00,24.763,25.203,24.763,25.076,32155
2021-11-18 00:00:00,25.022,25.153,24.675,24.798000000000002,33255
2021-11-19 00:00:00,24.747,24.975,24.55,24.604,42059
2021-11-22 00:00:00,24.517,24.883,24.1,24.168,46251
2021-11-23 00:00:00,24.151,24.319,23.27,23.652,62965
2021-11-24 00:00:00,23.61,23.685,23.395,23.543,54081
2021-11-25 00:00:00,23.403,23.72,23.403,23.594,24469
2021-11-26 00:00:00,23.474,23.723,22.913,23.113,66955
2021-11-29 00:00:00,22.966,23.438,22.749,22.897,64686
2021-11-30 00:00:00,22.868,23.309,22.688,22.829,74131
2021-12-01 00:00:00,22.79,23.027,22.182,22.324,73753
2021-12-02 00:00:00,22.251,22.499,22.208,22.379,61512
2021-12-03 00:00:00,22.34,22.585,22.032,22.536,64230
2021-12-06 00:00:00,22.528,22.597,22.12,22.38,38244
2021-12-07 00:00:00,22.351,22.597,22.229,22.491,37747
2021-12-08 00:00:00,22.452,22.561,22.303,22.425,31542
2021-12-09 00:00:00,22.349,22.474,21.861,21.948,31446
2021-12-10 00:00:00,21.965,22.227,21.825,22.174,26625
2021-12-13 00:00:00,22.135,22.414,22.132,22.322,25634
2021-12-14 00:00:00,22.322,22.332,21.688,21.943,27714
2021-12-15 00:00:00,21.887,22.122,21.422,22.082,44479
2021-12-16 00:00:00,21.969,22.532,21.91,22.473,32003
2021-12-17 00:00:00,22.421,22.675,22.356,22.373,29891
2021-12-20 00:00:00,22.359,22.441,22.188,22.256,24881
2021-12-21 00:00:00,22.266,22.784,22.176,22.505,25982
2021-12-22 00:00:00,22.49,22.829,22.438,22.794,21089
2021-12-23 00:00:00,22.782,22.929,22.653,22.871,19025
2021-12-27 00:00:00,22.848,23.11,22.643,23.052,20417
2021-12-28 00:00:00,23.046,23.434,22.959,23.005,19745
2021-12-29 00:00:00,22.986,23.154,22.587,22.82,24778
2021-12-30 00:00:00,22.826,23.11,22.597,23.034,23363
2021-12-31 00:00:00,23.01,23.335,22.968,23.305,21737
2022-01-03 00:00:00,23.322,23.401,22.672,22.888,34966
2022-01-04 00:00:00,22.872,23.097,22.638,23.043,32485
2022-01-05 00:00:00,23.051,23.254,22.718,22.789,33771
2022-01-06 00:00:00,22.774,22.826,21.999,22.187,48961
2022-01-07 00:00:00,22.135,22.434,21.942,22.332,39016
2022-01-10 00:00:00,22.216,22.514,22.189,22.463,33920
2022-01-11 00:00:00,22.381,22.802,22.379,22.772,30283
2022-01-12 00:00:00,22.77,23.219,22.643,23.135,31898
2022-01-13 00:00:00,23.068,23.266,22.993,23.079,28967
2022-01-14 00:00:00,23.046,23.306,22.823,22.961,30969
2022-01-17 00:00:00,22.896,23.113,22.829,22.961,15261
2022-01-18 00:00:00,22.923000000000002,23.632,22.803,23.472,40149
2022-01-19 00:00:00,23.421,24.208,23.387,24.137,38544
2022-01-20 00:00:00,24.09,24.699,24.073,24.473,43759
2022-01-21 00:00:00,24.455,24.574,24.165,24.265,45600
2022-01-24 00:00:00,24.222,24.306,23.559,23.976,52285
2022-01-25 00:00:00,23.955,23.982,23.597,23.805,41948
2022-01-26 00:00:00,23.766,23.97,23.431,23.518,54489
2022-01-27 00:00:00,23.509,23.593,22.573,22.77,58963
2022-01-28 00:00:00,22.719,22.816,22.145,22.446,50182
2022-01-31 00:00:00,22.356,22.639,22.245,22.459,36340
2022-02-01 00:00:00,22.427,23.038,22.402,22.633,39432
2022-02-02 00:00:00,22.586,22.861,22.462,22.646,32195
2022-02-03 00:00:00,22.589,22.654,22.001,22.414,40369
2022-02-04 00:00:00,22.349,22.665,22.113,22.5,39969
2022-02-07 00:00:00,22.433,23.099,22.432,23.005,35943
2022-02-08 00:00:00,22.958,23.254,22.772,23.181,27539
2022-02-09 00:00:00,23.119,23.35,23.087,23.307,25173
2022-02-10 00:00:00,23.247,23.708,23.125,23.194,41917
2022-02-11 00:00:00,23.101,23.688,22.856,23.584,56149
2022-02-14 00:00:00,23.443,23.936,23.443,23.848,55312
2022-02-15 00:00:00,23.734,23.987,23.075,23.36,51552
2022-02-16 00:00:00,23.336,23.665,23.275,23.583,40989
2022-02-17 00:00:00,23.483,23.915,23.419,23.83,60059
2022-02-18 00:00:00,23.787,24.084,23.68,23.903,50695
2022-02-21 00:00:00,23.93,24.044,23.69,23.946,39265
2022-02-22 00:00:00,23.992,24.359,23.902,24.099,65562
2022-02-23 00:00:00,24.051,24.587,24.025,24.547,45568
2022-02-24 00:00:00,24.51,25.617,23.838,24.219,114739
2022-02-25 00:00:00,24.086,24.493,23.872,24.228,75120
2022-02-28 00:00:00,24.494,24.757,24.085,24.447,64461
2022-03-01 00:00:00,24.315,25.539,24.277,25.372,47047
2022-03-02 00:00:00,25.3,25.41,24.858,25.297,71795
2022-03-03 00:00:00,25.301,25.474,24.964,25.176,59533
2022-03-04 00:00:00,25.099,25.737,25.04,25.709,70059
2022-03-07 00:00:00,25.74,26.138,25.286,25.663,98634
2022-03-08 00:00:00,25.486,26.945,25.351,26.394,113797
2022-03-09 00:00:00,26.286,26.766,25.397,25.777,91535
2022-03-10 00:00:00,25.72,26.063,25.307,25.91,68258
2022-03-11 00:00:00,25.9,25.996,25.408,25.837,58763
2022-03-14 00:00:00,25.901,25.929,24.926,25.04,55792
2022-03-15 00:00:00,25.003,25.115,24.527,24.879,58497
2022-03-16 00:00:00,24.872,25.101,24.46,25.079,57279
2022-03-17 00:00:00,25.082,25.537,25.007,25.358,48649
2022-03-18 00:00:00,25.359,25.448,24.826999999999998,24.916,43102
2022-03-21 00:00:00,24.964,25.304,24.823,25.198,34747
2022-03-22 00:00:00,25.175,25.377,24.573,24.77,40947
2022-03-23 00:00:00,24.64,25.203,24.639,25.112,33441
2022-03-24 00:00:00,25.061,25.85,24.968,25.525,42587
2022-03-25 00:00:00,25.529,25.721,25.254,25.445,36775
2022-03-28 00:00:00,25.395,25.576999999999998,24.791,24.87,49845
2022-03-29 00:00:00,24.795,25.006,23.967,24.77,49606
2022-03-30 00:00:00,24.76,25.06,24.698,24.859,34537
2022-03-31 00:00:00,24.741,25.084,24.562,24.785,34386
2022-04-01 00:00:00,24.656,24.856,24.42,24.628,38526
2022-04-04 00:00:00,24.565,24.84,24.275,24.529,31813
2022-04-05 00:00:00,24.45,24.941,24.217,24.323,35905
2022-04-06 00:00:00,24.307,24.563,24.121,24.453,43997
2022-04-07 00:00:00,24.391,24.658,24.236,24.586,36988
2022-04-08 00:00:00,24.502,24.805,24.368,24.77,31687
2022-04-11 00:00:00,24.752,25.371,24.668,25.087,44351
2022-04-12 00:00:00,25.03,25.611,24.864,25.365,33900
2022-04-13 00:00:00,25.306,25.828,25.298,25.732,29262
2022-04-14 00:00:00,25.716,25.869,25.289,25.643,38474
2022-04-18 00:00:00,25.639,26.214,25.469,25.86,41149
2022-04-19 00:00:00,25.755,25.993,25.051,25.17,44332
2022-04-20 00:00:00,25.175,25.29,24.887,25.188,43899
2022-04-21 00:00:00,25.104,25.19,24.416,24.648,46312
2022-04-22 00:00:00,24.64,24.664,24.044,24.154,50899
2022-04-25 00:00:00,23.977,24.174,23.396,23.62,56930
2022-04-26 00:00:00,23.598,23.922,23.393,23.504,48164
2022-04-27 00:00:00,23.433,23.689,23.237,23.309,53114
2022-04-28 00:00:00,23.268,23.4,22.886,23.148,48234
2022-04-29 00:00:00,23.122,23.557,22.683,22.737,44845
2022-05-02 00:00:00,22.719,22.852,22.116,22.633,44900
2022-05-03 00:00:00,22.552,22.837,22.415,22.565,41694
2022-05-04 00:00:00,22.441,23.085,22.207,22.972,38995
2022-05-05 00:00:00,22.901,23.276,22.316,22.51,51520
2022-05-06 00:00:00,22.476,22.637,22.098,22.333,48382
2022-05-09 00:00:00,22.316,22.361,21.681,21.789,51340
2022-05-10 00:00:00,21.75,22.099,21.174,21.261,50805
2022-05-11 00:00:00,21.214,21.963,21.214,21.565,52549
2022-05-12 00:00:00,21.549,21.655,20.613,20.683,48815
2022-05-13 00:00:00,20.526,21.109,20.45,21.105,38373
2022-05-16 00:00:00,20.962,21.681,20.839,21.616,40264
2022-05-17 00:00:00,21.529,21.91,21.506,21.628,35926
2022-05-18 00:00:00,21.525,21.751,21.366,21.402,34456
2022-05-19 00:00:00,21.357,21.99,21.279,21.921,42388
2022-05-20 00:00:00,21.819,22.074,21.599,21.745,33366
2022-05-23 00:00:00,21.716,22.185,21.669,21.792,33337
2022-05-24 00:00:00,21.724,22.201,21.666,22.104,30737
2022-05-25 00:00:00,22.031,22.14,21.735,21.983,27980
2022-05-26 00:00:00,21.927,22.068,21.72,22.007,30223
2022-05-27 00:00:00,21.939,22.44,21.936,22.101,27337
2022-05-30 00:00:00,21.994,22.278,21.907,21.968,18251
2022-05-31 00:00:00,21.951999999999998,21.991,21.474,21.542,33495
2022-06-01 00:00:00,21.49,21.971,21.433,21.824,33159
2022-06-02 00:00:00,21.768,22.33,21.76,22.302,25854
2022-06-03 00:00:00,22.255,22.478,21.841,21.917,26241
2022-06-06 00:00:00,21.869,22.51,21.869,22.074,27504
2022-06-07 00:00:00,22.039,22.284,21.854,22.224,29661
2022-06-08 00:00:00,22.218,22.244,21.804,22.043,24479
2022-06-09 00:00:00,21.969,22.141,21.548000000000002,21.679,30021
2022-06-10 00:00:00,21.686,21.991,21.261,21.903,37844
2022-06-13 00:00:00,21.914,22.003,20.956,21.079,49083
2022-06-14 00:00:00,21.114,21.374,20.89,21.031,45410
2022-06-15 00:00:00,20.976,21.842,20.976,21.669,49876
2022-06-16 00:00:00,21.601,21.963,21.342,21.944,43229
2022-06-17 00:00:00,21.892,21.948,21.572,21.667,32716
2022-06-20 00:00:00,21.503,21.761,21.382,21.593,23445
2022-06-21 00:00:00,21.409,21.935,21.409,21.683,27482
2022-06-22 00:00:00,21.613,21.68,21.236,21.414,37309
2022-06-23 00:00:00,21.399,21.503,20.916,20.95,35290
2022-06-24 00:00:00,20.918,21.219,20.605,21.14,39408
2022-06-27 00:00:00,21.173,21.536,21.088,21.146,33541
2022-06-28 00:00:00,21.098,21.358,20.791,20.85,31230
2022-06-29 00:00:00,20.742,21.055,20.629,20.74,32883
2022-06-30 00:00:00,20.709,20.814,20.207,20.271,36535
2022-07-01 00:00:00,20.266,20.287,19.381,19.842,47898
2022-07-04 00:00:00,19.818,19.983,19.758,19.976,24448
2022-07-05 00:00:00,19.94,20.198,19.095,19.218,44196
2022-07-06 00:00:00,19.209,19.388,18.917,19.194,48016
2022-07-07 00:00:00,19.18,19.482,19.096,19.223,36011
2022-07-08 00:00:00,19.206,19.448,19.012,19.312,34525
2022-07-11 00:00:00,19.244,19.371,19.065,19.109,28884
2022-07-12 00:00:00,19.087,19.198,18.739,18.927,36467
2022-07-13 00:00:00,18.875,19.404,18.856,19.204,45424
2022-07-14 00:00:00,19.207,19.214,18.136,18.415,55207
2022-07-15 00:00:00,18.434,18.773,18.181,18.695,45084
2022-07-18 00:00:00,18.705,19.01,18.632,18.683,38189
2022-07-19 00:00:00,18.711,18.901,18.576,18.743,31114
2022-07-20 00:00:00,18.767,19.09,18.642,18.665,31937
2022-07-21 00:00:00,18.68,18.876,18.235,18.846,38780
2022-07-22 00:00:00,18.824,18.943,18.506,18.601,38256
2022-07-25 00:00:00,18.59,18.781,18.311,18.426,34101
2022-07-26 00:00:00,18.415,18.718,18.382,18.618,29667
2022-07-27 00:00:00,18.639,19.128,18.445,19.084,33844
2022-07-28 00:00:00,19.098,20.02,19.051,20.003,45183
2022-07-29 00:00:00,19.974,20.355,19.84,20.348,43238
2022-08-01 00:00:00,20.283,20.506,20.075,20.35,45253
2022-08-02 00:00:00,20.344,20.501,19.945,19.978,46058
2022-08-03 00:00:00,19.973,20.167,19.773,20.055,32495
2022-08-04 00:00:00,20.055,20.381,19.957,20.171,31732
2022-08-05 00:00:00,20.192,20.311,19.547,19.891,33080
2022-08-08 00:00:00,19.868,20.737,19.791,20.666,23781
2022-08-09 00:00:00,20.66,20.731,20.408,20.525,29669
2022-08-10 00:00:00,20.508,20.835,20.34,20.584,30220
2022-08-11 00:00:00,20.603,20.627,20.237,20.301,29635
2022-08-12 00:00:00,20.297,20.826,20.234,20.822,25719
2022-08-15 00:00:00,20.815,20.869,20.083,20.263,28419
2022-08-16 00:00:00,20.3,20.303,19.905,20.131,28880
2022-08-17 00:00:00,20.142,20.27,19.69,19.788,32506
2022-08-18 00:00:00,19.78,19.931,19.481,19.532,31453
2022-08-19 00:00:00,19.554,19.572,19.019,19.044,33235
2022-08-22 00:00:00,19.027,19.15,18.713,18.983,52881
2022-08-23 00:00:00,19.0,19.273,18.791,19.104,45596
2022-08-24 00:00:00,19.132,19.223,18.947,19.105,38437
2022-08-25 00:00:00,19.114,19.396,19.098,19.243,33018
2022-08-26 00:00:00,19.241,19.424,18.819,18.885,38594
2022-08-29 00:00:00,18.79,18.907,18.511,18.774,35877
2022-08-30 00:00:00,18.759,18.84,18.343,18.426,35837
2022-08-31 00:00:00,18.397,18.535,17.931,17.981,36473
2022-09-01 00:00:00,17.979,17.994,17.554,17.804,41913
2022-09-02 00:00:00,17.786,18.281,17.774,18.042,37961
2022-09-05 00:00:00,18.011,18.245,17.939,18.144,21564
2022-09-06 00:00:00,18.14,18.576999999999998,17.939,17.995,35482
2022-09-07 00:00:00,17.999,18.468,17.839,18.449,37915
2022-09-08 00:00:00,18.448,18.732,18.315,18.527,33648
2022-09-09 00:00:00,18.522,18.942,18.513,18.835,28185
2022-09-12 00:00:00,18.873,20.006,18.838,19.79,29513
2022-09-13 00:00:00,19.795,19.939,19.324,19.332,35717
2022-09-14 00:00:00,19.311,19.695,19.233,19.627,37570
2022-09-15 00:00:00,19.61,19.659,19.104,19.161,32144
2022-09-16 00:00:00,19.144,19.617,18.775,19.595,29028
2022-09-19 00:00:00,19.539,19.646,19.212,19.556,27565
2022-09-20 00:00:00,19.552,19.572,19.058,19.267,27375
2022-09-21 00:00:00,19.268,19.911,19.229,19.552,42018
2022-09-22 00:00:00,19.556,19.852,19.24,19.629,43892
2022-09-23 00:00:00,19.611,19.705,18.767,18.873,39143
2022-09-26 00:00:00,18.837,19.024,18.318,18.346,57016
2022-09-27 00:00:00,18.355,18.778,18.311,18.381,43039
2022-09-28 00:00:00,18.384,18.968,17.959,18.891,48540
2022-09-29 00:00:00,18.878,18.902,18.487,18.817,38615
2022-09-30 00:00:00,18.801,19.287,18.771,19.021,34984
2022-10-03 00:00:00,19.044,20.708,19.015,20.703,34307
2022-10-04 00:00:00,20.664,21.233,20.601,21.055,34006
2022-10-05 00:00:00,21.03,21.06,19.929,20.642,33665
2022-10-06 00:00:00,20.616,20.862,20.352,20.641,30068
2022-10-07 00:00:00,20.636,20.82,19.991,20.136,38093
2022-10-10 00:00:00,20.113,20.176,19.51,19.592,40002
2022-10-11 00:00:00,19.608,19.716,19.057,19.144,47897
2022-10-12 00:00:00,19.149,19.305,18.859,19.014,50889
2022-10-13 00:00:00,19.024,19.305,18.448,18.876,57369
2022-10-14 00:00:00,18.882,19.068,18.082,18.272,54942
2022-10-17 00:00:00,18.244,18.935,18.244,18.655,41154
2022-10-18 00:00:00,18.652,18.918,18.538,18.722,43315
2022-10-19 00:00:00,18.729,18.801,18.359,18.442,42599
2022-10-20 00:00:00,18.432,18.998,18.225,18.663,41494
2022-10-21 00:00:00,18.641,19.372,18.275,19.366,54073
2022-10-24 00:00:00,19.45,19.671,19.011,19.214,42045
2022-10-25 00:00:00,19.21,19.425,18.783,19.334,38002
2022-10-26 00:00:00,19.311,19.771,19.207,19.576,40135
2022-10-27 00:00:00,19.539,19.662,19.283,19.594,44899
2022-10-28 00:00:00,19.583,19.631,18.99,19.257,42470
2022-10-31 00:00:00,19.187,19.249,18.893,19.152,27862
2022-11-01 00:00:00,19.123,20.022,19.113,19.618,44302
2022-11-02 00:00:00,19.621,20.071,19.204,19.213,40258
2022-11-03 00:00:00,19.2,19.535,18.831,19.458,42003
2022-11-04 00:00:00,19.443,20.9,19.407,20.842,42360
2022-11-07 00:00:00,20.572,21.005,20.375,20.797,45467
2022-11-08 00:00:00,20.792,21.622,20.489,21.352,55120
2022-11-09 00:00:00,21.333,21.603,20.99,21.057,69875
2022-11-10 00:00:00,21.045,21.826,20.953,21.675,83078
2022-11-11 00:00:00,21.653,22.056,21.272,21.703,67038
2022-11-14 00:00:00,21.633,22.085,21.289,21.976,61825
2022-11-15 00:00:00,21.972,22.247,21.38,21.558,88654
2022-11-16 00:00:00,21.545,22.044,21.389,21.465,77737
2022-11-17 00:00:00,21.386,21.471,20.748,20.948,70683
2022-11-18 00:00:00,20.965,21.29,20.837,20.926,57696
2022-11-21 00:00:00,20.951,21.008,20.58,20.844,64682
2022-11-22 00:00:00,20.828,21.332,20.828,21.075,53942
2022-11-23 00:00:00,21.07,21.595,20.905,21.524,61054
2022-11-24 00:00:00,21.524,21.671,21.456,21.499,40405
2022-11-25 00:00:00,21.476,21.548000000000002,21.152,21.447,46479
2022-11-28 00:00:00,21.344,21.611,20.865,20.929,62715
2022-11-29 00:00:00,20.939,21.446,20.892,21.251,56265
2022-11-30 00:00:00,21.232,22.199,21.194,22.181,62187
2022-12-01 00:00:00,22.166,22.777,22.04,22.741,65280
2022-12-02 00:00:00,22.725,23.229,22.271,23.147,64877
2022-12-05 00:00:00,23.11,23.512,22.162,22.243,79837
2022-12-06 00:00:00,22.231,22.6,22.021,22.19,61260
2022-12-07 00:00:00,22.181,22.81,22.084,22.72,70870
2022-12-08 00:00:00,22.722,23.217,22.542,23.059,64822
2022-12-09 00:00:00,23.071,23.681,22.951999999999998,23.473,66490
2022-12-12 00:00:00,23.444,23.529,23.103,23.305,62805
2022-12-13 00:00:00,23.303,24.125,23.287,23.727,84473
2022-12-14 00:00:00,23.704,24.043,23.374,23.929,73866
2022-12-15 00:00:00,23.915,23.932,22.954,23.083,82454
2022-12-16 00:00:00,23.071,23.25,22.549,23.205,63487
2022-12-19 00:00:00,23.173,23.404,22.83,22.983,52382
2022-12-20 00:00:00,22.973,24.247,22.876,24.139,70226
2022-12-21 00:00:00,24.132,24.292,23.822,23.956,50737
2022-12-22 00:00:00,23.951999999999998,24.083,23.372,23.565,54068
2022-12-23 00:00:00,23.55,23.89,23.505,23.722,50768
2022-12-27 00:00:00,23.872,24.279,23.784,24.039,47341
2022-12-28 00:00:00,24.011,24.063,23.459,23.54,46676
2022-12-29 00:00:00,23.539,24.057,23.512,23.898,43139
2022-12-30 00:00:00,23.823,24.146,23.516,23.965,46072
2023-01-03 00:00:00,24.007,24.541,23.877,24.002,64169
2023-01-04 00:00:00,23.955,24.452,23.578,23.756,63411
2023-01-05 00:00:00,23.749,23.909,23.112,23.236,56084
2023-01-06 00:00:00,23.216,23.907,23.192,23.838,48691
2023-01-09 00:00:00,23.887,24.098,23.578,23.649,52045
2023-01-10 00:00:00,23.625,23.763,23.421,23.598,50667
2023-01-11 00:00:00,23.571,24.038,23.209,23.409,47758
2023-01-12 00:00:00,23.381,24.176,23.368,23.766,63314
2023-01-13 00:00:00,23.76,24.29,23.49,24.256,53265
2023-01-16 00:00:00,24.245,24.507,23.926,24.266,34117
2023-01-17 00:00:00,24.232,24.37,23.819,23.921,52935
2023-01-18 00:00:00,23.924,24.338,23.418,23.462,63306
2023-01-19 00:00:00,23.449,23.935,23.162,23.837,58848
2023-01-20 00:00:00,23.841,24.072,23.698,23.929,50711
2023-01-23 00:00:00,23.916,24.152,22.752,23.451,51951
2023-01-24 00:00:00,23.453,23.734,23.206,23.663,44542
2023-01-25 00:00:00,23.643,23.935,23.326,23.903,49206
2023-01-26 00:00:00,23.92,24.285,23.595,23.906,51196
2023-01-27 00:00:00,23.894,23.999,23.293,23.586,42623
2023-01-30 00:00:00,23.583,23.803,23.534,23.598,46207
2023-01-31 00:00:00,23.581,23.76,22.966,23.723,49517
2023-02-01 00:00:00,23.721,24.034,23.349,23.96,56317
2023-02-02 00:00:00,23.966,24.629,23.415,23.458,68691
2023-02-03 00:00:00,23.433,23.6,22.281,22.35,68389
2023-02-06 00:00:00,22.268,22.611,22.137,22.267,57076
2023-02-07 00:00:00,22.247,22.454,22.039,22.167,60407
2023-02-08 00:00:00,22.188,22.533,22.17,22.308,46235
2023-02-09 00:00:00,22.309,22.585,21.907,21.968,49790
2023-02-10 00:00:00,21.977,22.299,21.826999999999998,22.006,56524
2023-02-13 00:00:00,22.007,22.076,21.787,21.987,44007
2023-02-14 00:00:00,21.982,22.036,21.596,21.847,64482
2023-02-15 00:00:00,21.86,21.878,21.419,21.615,49841
2023-02-16 00:00:00,21.617,21.805,21.428,21.57,56172
2023-02-17 00:00:00,21.583,21.804,21.17,21.717,50367
2023-02-20 00:00:00,21.663,21.902,21.544,21.808,30191
2023-02-21 00:00:00,21.813,21.97,21.64,21.829,50303
2023-02-22 00:00:00,21.832,21.976,21.436,21.512,54419
2023-02-23 00:00:00,21.463,21.674,21.257,21.312,48307
2023-02-24 00:00:00,21.319,21.395,20.731,20.757,45204
2023-02-27 00:00:00,20.735,20.838,20.554,20.622,41544
2023-02-28 00:00:00,20.617,20.999,20.413,20.891,39295
2023-03-01 00:00:00,20.891,21.173,20.823,20.982,44996
2023-03-02 00:00:00,20.978,21.008,20.668,20.889,42368
2023-03-03 00:00:00,20.892,21.263,20.837,21.243,39770
2023-03-06 00:00:00,21.233,21.299,20.974,21.044,39126
2023-03-07 00:00:00,21.026,21.136,20.023,20.062,47079
2023-03-08 00:00:00,20.082,20.221,19.907,20.02,45440
2023-03-09 00:00:00,20.026,20.289,19.972,20.061,36851
2023-03-10 00:00:00,20.085,20.787,19.894,20.517,61219
2023-03-13 00:00:00,20.654,21.923000000000002,20.584,21.795,86530
2023-03-14 00:00:00,21.79,21.969,21.456,21.681,65325
2023-03-15 00:00:00,21.683,22.377,21.536,21.763,74193
2023-03-16 00:00:00,21.779,22.082,21.463,21.684,62548
2023-03-17 00:00:00,21.708,22.598,21.656,22.567,46732
2023-03-20 00:00:00,22.583,22.71,22.213,22.534,65037
2023-03-21 00:00:00,22.523,22.645,22.149,22.387,38564
2023-03-22 00:00:00,22.37,23.065,22.263,22.981,48070
2023-03-23 00:00:00,22.966,23.215,22.752,23.098,47935
2023-03-24 00:00:00,23.086,23.521,22.96,23.226,40440
2023-03-27 00:00:00,23.248,23.263,22.844,23.07,30333
2023-03-28 00:00:00,23.07,23.37,22.818,23.317,29199
2023-03-29 00:00:00,23.322,23.409,23.041,23.329,27626
2023-03-30 00:00:00,23.307,23.924,23.229,23.894,24746
2023-03-31 00:00:00,23.897,24.155,23.685,24.079,22392
2023-04-03 00:00:00,24.108,24.183,23.56,23.979,26394
2023-04-04 00:00:00,23.965,25.013,23.814,24.997,24568
2023-04-05 00:00:00,24.974,25.127,24.634,24.941,23656
2023-04-06 00:00:00,24.935,24.996,24.557,24.966,19310
2023-04-10 00:00:00,24.693,25.066,24.68,24.862,17656
2023-04-11 00:00:00,24.853,25.132,24.826999999999998,25.042,18950
2023-04-12 00:00:00,25.032,25.662,25.017,25.489,28393
2023-04-13 00:00:00,25.475,25.961,25.381,25.814,27859
2023-04-14 00:00:00,25.816,26.082,25.145,25.376,31414
2023-04-17 00:00:00,25.271,25.597,24.804,25.023,23141
2023-04-18 00:00:00,25.014,25.314,24.921,25.178,19030
2023-04-19 00:00:00,25.173,25.364,24.634,25.281,23160
2023-04-20 00:00:00,25.27,25.488,25.048,25.28,25603
2023-04-21 00:00:00,25.257,25.376,24.895,25.072,24768
2023-04-24 00:00:00,25.059,25.228,24.778,25.15,22257
2023-04-25 00:00:00,25.153,25.352,24.485,25.01,28610
2023-04-26 00:00:00,24.939,25.221,24.719,24.861,30789
2023-04-27 00:00:00,24.886,25.129,24.502,24.919,29495
2023-04-28 00:00:00,24.919,25.061,24.72,25.036,29110
2023-05-01 00:00:00,25.152,25.901,24.877,24.98,27124
2023-05-02 00:00:00,24.97,25.477,24.572,25.372,30579
2023-05-03 00:00:00,25.358,25.599,25.079,25.556,35959
2023-05-04 00:00:00,25.618,26.054,25.429,26.032,41845
2023-05-05 00:00:00,26.023,26.124,25.158,25.641,26106
2023-05-08 00:00:00,25.648,25.725,25.5,25.544,19419
2023-05-09 00:00:00,25.533,25.664,25.313,25.592,18129
2023-05-10 00:00:00,25.572,25.912,25.214,25.377,28943
2023-05-11 00:00:00,25.355,25.463,24.13,24.172,35373
2023-05-12 00:00:00,24.164,24.199,23.729,23.966,26311
2023-05-15 00:00:00,23.919,24.205,23.868,24.082,19515
2023-05-16 00:00:00,24.077,24.096,23.625,23.738,25033
2023-05-17 00:00:00,23.734,23.873,23.532,23.732,22995
2023-05-18 00:00:00,23.734,23.775,23.319,23.482,22597
2023-05-19 00:00:00,23.49,24.008,23.389,23.835,29305
2023-05-22 00:00:00,23.845,23.911,23.597,23.62,27376
2023-05-23 00:00:00,23.625,23.643,23.101,23.439,26523
2023-05-24 00:00:00,23.434,23.527,23.018,23.055,25130
2023-05-25 00:00:00,23.065,23.14,22.69,22.724,24843
2023-05-26 00:00:00,22.704,23.328,22.669,23.309,21298
2023-05-29 00:00:00,23.262,23.366,23.144,23.163,13056
2023-05-30 00:00:00,23.152,23.331,22.916,23.182,25698
2023-05-31 00:00:00,23.176,23.609,23.069,23.501,28176
2023-06-01 00:00:00,23.478,23.917,23.267,23.871,26956
2023-06-02 00:00:00,23.835,24.012,23.572,23.613,32441
2023-06-05 00:00:00,23.588,23.681,23.238,23.564,21293
2023-06-06 00:00:00,23.542,23.766,23.329,23.583,31981
2023-06-07 00:00:00,23.565,24.048,23.398,23.421,20118
2023-06-08 00:00:00,23.397,24.346,23.397,24.253,22740
2023-06-09 00:00:00,24.236,24.518,24.184,24.267,19234
2023-06-12 00:00:00,24.234,24.295,23.868,24.048,22917
2023-06-13 00:00:00,24.021,24.377,23.589,23.657,29046
2023-06-14 00:00:00,23.637,24.071,23.62,23.912,24226
2023-06-15 00:00:00,23.912,23.924,23.185,23.874,31952
2023-06-16 00:00:00,23.861,24.2,23.826999999999998,24.184,20000
2023-06-19 00:00:00,24.132,24.168,23.878,23.932,10683
2023-06-20 00:00:00,23.962,24.013,23.047,23.149,30767
2023-06-21 00:00:00,23.16,23.163,22.484,22.641,34892
2023-06-22 00:00:00,22.655,22.719,22.172,22.245,45069
2023-06-23 00:00:00,22.237,22.674,22.099,22.412,36991
2023-06-26 00:00:00,22.402,22.88,22.39,22.776,22250
2023-06-27 00:00:00,22.773,23.09,22.74,22.847,36535
2023-06-28 00:00:00,22.846,22.95,22.553,22.686,31074
2023-06-29 00:00:00,22.675,22.87,22.271,22.566,35310
2023-06-30 00:00:00,22.554,22.832,22.338,22.754,26929
2023-07-03 00:00:00,22.749,23.063,22.697,22.894,23397
2023-07-04 00:00:00,22.862,23.049,22.855,22.945,13812
2023-07-05 00:00:00,22.925,23.301,22.761,23.115,27751
2023-07-06 00:00:00,23.113,23.243,22.515,22.704,30525
2023-07-07 00:00:00,22.692,23.143,22.563,23.072,28324
2023-07-10 00:00:00,23.05,23.146,22.742,23.131,24088
2023-07-11 00:00:00,23.12,23.383,23.013,23.106,25881
2023-07-12 00:00:00,23.113,24.141,23.101,24.114,32429
2023-07-13 00:00:00,24.083,24.874,24.077,24.861,36456
2023-07-14 00:00:00,24.834,25.011,24.67,24.908,36367
2023-07-17 00:00:00,24.885,24.933,24.592,24.831,30253
2023-07-18 00:00:00,24.83,25.165,24.755,25.047,39339
2023-07-19 00:00:00,25.043,25.23,24.932,25.142,30235
2023-07-20 00:00:00,25.126,25.258,24.701999999999998,24.749,34663
2023-07-21 00:00:00,24.755,24.909,24.581,24.605,31000
2023-07-24 00:00:00,24.596,24.721,24.255,24.333,31635
2023-07-25 00:00:00,24.33,24.719,24.285,24.675,30771
2023-07-26 00:00:00,24.679,25.03,24.508,24.927,36217
2023-07-27 00:00:00,24.91,25.139,24.033,24.125,46062
2023-07-28 00:00:00,24.127,24.405,24.098,24.326,37310
2023-07-31 00:00:00,24.314,24.831,24.19,24.743,27626
2023-08-01 00:00:00,24.744,24.751,24.118,24.281,32825
2023-08-02 00:00:00,24.336,24.482,23.633,23.705,36140
2023-08-03 00:00:00,23.703,23.835,23.357,23.559,36494
2023-08-04 00:00:00,23.554,23.786,23.144,23.625,37084
2023-08-07 00:00:00,23.602,23.673000000000002,23.064,23.126,24458
2023-08-08 00:00:00,23.117,23.181,22.656,22.765,32698
2023-08-09 00:00:00,22.762,22.93,22.604,22.657,25945
2023-08-10 00:00:00,22.662,22.994,22.619,22.694,35573
2023-08-11 00:00:00,22.701999999999998,22.836,22.568,22.672,28143
2023-08-14 00:00:00,22.672,22.755,22.357,22.591,27212
2023-08-15 00:00:00,22.587,22.707,22.212,22.516,35438
2023-08-16 00:00:00,22.517,22.78,22.396,22.404,31271
2023-08-17 00:00:00,22.414,23.004,22.342,22.682,35531
2023-08-18 00:00:00,22.678,22.88,22.626,22.743,26327
2023-08-21 00:00:00,22.731,23.311,22.659,23.306,31696
2023-08-22 00:00:00,23.306,23.445,23.199,23.399,30848
2023-08-23 00:00:00,23.403,24.351,23.402,24.301,32113
2023-08-24 00:00:00,24.298,24.342,24.048,24.113,31300
2023-08-25 00:00:00,24.141,24.376,23.912,24.205,36580
2023-08-28 00:00:00,24.201,24.347,24.041,24.224,25385
2023-08-29 00:00:00,24.213,24.789,24.163,24.707,30787
2023-08-30 00:00:00,24.715,25.007,24.524,24.605,32209
2023-08-31 00:00:00,24.615,24.673000000000002,24.363,24.429,28170
2023-09-01 00:00:00,24.413,24.819,24.147,24.169,35819
2023-09-04 00:00:00,24.16,24.285,23.954,23.97,17886
2023-09-05 00:00:00,23.975,23.997,23.47,23.533,32510
2023-09-06 00:00:00,23.537,23.59,22.996,23.159,32163
2023-09-07 00:00:00,23.161,23.169,22.826,22.96,24142
2023-09-08 00:00:00,22.962,23.165,22.847,22.916,25237
2023-09-11 00:00:00,22.929,23.216,22.896,23.074,28302
2023-09-12 00:00:00,23.072,23.177,22.825,23.06,22263
2023-09-13 00:00:00,23.052,23.086,22.722,22.825,31291
2023-09-14 00:00:00,22.821,22.968,22.293,22.639,38095
2023-09-15 00:00:00,22.639,23.287,22.617,23.022,35860
2023-09-18 00:00:00,23.023,23.257,22.953,23.239,23363
2023-09-19 00:00:00,23.238,23.414,23.09,23.19,20511
2023-09-20 00:00:00,23.185,23.583,23.045,23.233,29208
2023-09-21 00:00:00,23.212,23.465,22.804,23.389,32284
2023-09-22 00:00:00,23.383,23.765,23.376,23.544,24781
2023-09-25 00:00:00,23.513,23.639,23.032,23.118,21924
2023-09-26 00:00:00,23.109,23.128,22.836,22.837,22934
2023-09-27 00:00:00,22.825,22.868,22.397,22.531,27288
2023-09-28 00:00:00,22.522,22.726,22.388,22.614,31809
2023-09-29 00:00:00,22.606,23.549,22.105,22.181,35719
2023-10-02 00:00:00,22.161,22.183,21.021,21.036,37370
2023-10-03 00:00:00,21.06,21.387,20.68,21.147,45717
2023-10-04 00:00:00,21.164,21.391,20.681,20.996,41216
2023-10-05 00:00:00,20.995,21.288,20.701999999999998,20.961,29098
2023-10-06 00:00:00,20.97,21.611,20.795,21.555,40237
2023-10-09 00:00:00,21.835,22.007,21.564,21.873,34231
2023-10-10 00:00:00,21.867,21.948,21.626,21.828,28420
2023-10-11 00:00:00,21.807,22.114,21.788,22.031,28830
2023-10-12 00:00:00,22.006,22.231,21.745,21.815,29223
2023-10-13 00:00:00,21.808,22.81,21.798000000000002,22.667,35362
2023-10-16 00:00:00,22.59,22.718,22.466,22.601,28330
2023-10-17 00:00:00,22.587,22.999,22.36,22.795,28928
2023-10-18 00:00:00,22.796,23.314,22.673000000000002,22.841,33807
2023-10-19 00:00:00,22.831,23.077,22.631,23.045,38710
2023-10-20 00:00:00,23.01,23.692,22.865,23.351,37931
2023-10-23 00:00:00,22.981,23.324,22.908,22.969,31723
2023-10-24 00:00:00,22.94,23.199,22.652,22.903,33380
2023-10-25 00:00:00,22.884,23.014,22.546,22.852,30837
2023-10-26 00:00:00,22.826999999999998,23.133,22.435,22.781,35440
2023-10-27 00:00:00,22.78,23.118,22.654,23.097,31825
2023-10-30 00:00:00,23.094,23.599,23.009,23.311,29234
2023-10-31 00:00:00,23.291,23.313,22.727,22.843,33444
2023-11-01 00:00:00,22.82,23.005,22.529,22.939,35901
2023-11-02 00:00:00,22.919,23.116,22.646,22.756,29345
2023-11-03 00:00:00,22.76,23.298,22.584,23.192,35586
2023-11-06 00:00:00,23.195,23.248,22.983,23.019,26542
2023-11-07 00:00:00,23.008,23.064,22.418,22.618,28628
2023-11-08 00:00:00,22.612,22.839,22.293,22.535,26744
2023-11-09 00:00:00,22.503,22.984,22.353,22.622,32846
2023-11-10 00:00:00,22.602,22.731,22.186,22.234,29947
2023-11-13 00:00:00,22.254,22.353,21.873,22.302,27422
2023-11-14 00:00:00,22.292,23.177,22.287,23.077,30317
2023-11-15 00:00:00,23.056,23.61,23.02,23.431,32266
2023-11-16 00:00:00,23.435,24.073,23.273,23.734,32226
2023-11-17 00:00:00,23.708,24.138,23.656,23.705,30511
2023-11-20 00:00:00,23.654,23.803,23.237,23.423,32417
2023-11-21 00:00:00,23.406,24.01,23.398,23.735,39727
2023-11-22 00:00:00,23.725,23.934,23.527,23.625,38124
2023-11-23 00:00:00,23.582,23.836,23.582,23.822,18931
2023-11-24 00:00:00,23.663,24.329,23.556,24.301,26265
2023-11-27 00:00:00,24.281,24.871,24.25,24.638,46019
2023-11-28 00:00:00,24.59,25.025,24.533,25.021,39733
2023-11-29 00:00:00,24.993,25.252,24.838,25.01,48502
2023-11-30 00:00:00,24.986,25.28,24.909,25.258,44464
2023-12-01 00:00:00,25.269,25.513,25.079,25.442,51032
2023-12-04 00:00:00,25.424,25.91,24.406,24.489,76615
2023-12-05 00:00:00,24.474,24.624,23.955,24.15,56253
2023-12-06 00:00:00,24.144,24.35,23.865,23.89,40037
2023-12-07 00:00:00,23.875,24.018,23.574,23.789,41160
2023-12-08 00:00:00,23.797,23.887,22.934,22.985,53080
2023-12-11 00:00:00,22.974,23.094,22.712,22.81,40333
2023-12-12 00:00:00,22.793,23.146,22.679,22.755,36218
2023-12-13 00:00:00,22.753,23.799,22.501,23.792,46096
2023-12-14 00:00:00,23.739,24.21,23.723,24.168,65546
2023-12-15 00:00:00,24.158,24.284,23.746,23.837,41282
2023-12-18 00:00:00,23.823,24.046,23.654,23.789,39172
2023-12-19 00:00:00,23.776,24.164,23.76,24.04,36368
2023-12-20 00:00:00,24.028,24.432,23.946,24.137,33223
2023-12-21 00:00:00,24.125,24.48,24.119,24.39,40095
2023-12-22 00:00:00,24.407,24.598,24.083,24.147,40849
2023-12-26 00:00:00,24.14,24.407,24.051,24.215,21867
2023-12-27 00:00:00,24.214,24.449,23.942,24.257,32140
2023-12-28 00:00:00,24.265,24.479,23.941,23.962,36001
2023-12-29 00:00:00,23.962,23.975,23.529,23.778,35160
2024-01-02 00:00:00,23.771,24.086,23.633,23.652,41294
2024-01-03 00:00:00,23.623,23.72,22.83,22.97,46403
2024-01-04 00:00:00,22.944,23.068,22.68,22.999,31522
2024-01-05 00:00:00,22.979,23.51,22.764,23.172,50488
2024-01-08 00:00:00,23.118,23.202,22.828,23.099,38719
2024-01-09 00:00:00,23.09,23.367,22.889,22.967,36556
2024-01-10 00:00:00,22.966,23.098,22.761,22.889,32623
2024-01-11 00:00:00,22.859,23.153,22.466,22.737,54951
2024-01-12 00:00:00,22.747,23.523,22.74,23.175,46318
2024-01-15 00:00:00,23.12,23.324,23.099,23.197,19013
2024-01-16 00:00:00,23.175,23.209,22.85,22.907,45222
2024-01-17 00:00:00,22.896,22.94,22.503,22.546,43620
2024-01-18 00:00:00,22.519,22.75,22.3,22.733,36814
2024-01-19 00:00:00,22.723,22.834,22.456,22.602,34382
2024-01-22 00:00:00,22.578,22.651,21.919,22.086,37962
2024-01-23 00:00:00,22.064,22.447,22.041,22.431,35440
2024-01-24 00:00:00,22.418,22.951999999999998,22.332,22.659,38760
2024-01-25 00:00:00,22.647,23.02,22.64,22.902,41604
2024-01-26 00:00:00,22.876,22.973,22.693,22.784,26956
2024-01-29 00:00:00,22.871,23.212,22.761,23.192,30375
2024-01-30 00:00:00,23.18,23.298,22.929,23.152,26960
2024-01-31 00:00:00,23.152,23.32,22.77,22.924,46456
2024-02-01 00:00:00,22.924,23.247,22.502,23.164,47632
2024-02-02 00:00:00,23.158,23.242,22.392,22.68,43169
2024-02-05 00:00:00,22.67,22.709,22.235,22.345,38656
2024-02-06 00:00:00,22.326,22.48,22.252,22.412,31537
2024-02-07 00:00:00,22.408,22.439,22.188,22.205,27453
2024-02-08 00:00:00,22.152,22.628,22.135,22.573,30108
2024-02-09 00:00:00,22.569,22.713,22.352,22.6,27222
2024-02-12 00:00:00,22.576999999999998,23.066,22.509,22.684,23263
2024-02-13 00:00:00,22.659,22.931,21.979,22.107,34292
2024-02-14 00:00:00,22.086,22.451,21.925,22.361,29771
2024-02-15 00:00:00,22.334,23.034,22.334,22.915,26840
2024-02-16 00:00:00,22.915,23.494,22.779,23.416,28456
2024-02-19 00:00:00,23.368,23.441,22.928,22.963,17614
2024-02-20 00:00:00,22.959,23.183,22.908,22.995,25900
2024-02-21 00:00:00,22.975,23.174,22.747,22.873,27593
2024-02-22 00:00:00,22.867,23.155,22.732,22.737,27829
2024-02-23 00:00:00,22.709,22.992,22.554,22.937,27935
2024-02-26 00:00:00,22.848,22.883,22.438,22.509,29545
2024-02-27 00:00:00,22.457,22.706,22.412,22.442,24498
2024-02-28 00:00:00,22.434,22.508,22.265,22.445,20832
2024-02-29 00:00:00,22.453,22.782,22.304,22.661,24060
2024-03-01 00:00:00,22.645,23.264,22.502,23.136,29295
2024-03-04 00:00:00,23.089,23.936,23.011,23.88,30489
2024-03-05 00:00:00,23.86,24.22,23.617,23.661,42141
2024-03-06 00:00:00,23.632,24.295,23.562,24.161,41205
2024-03-07 00:00:00,24.127,24.498,23.998,24.314,43589
2024-03-08 00:00:00,24.296,24.624,24.164,24.311,54831
2024-03-11 00:00:00,24.334,24.515,24.229,24.452,34046
2024-03-12 00:00:00,24.441,24.675,24.0,24.123,49530
2024-03-13 00:00:00,24.113,25.024,24.062,25.006,41494
2024-03-14 00:00:00,24.946,25.151,24.731,24.799,43216
2024-03-15 00:00:00,24.791,25.439,24.772,25.162,40757
2024-03-18 00:00:00,25.087,25.321,24.936,25.029,31414
2024-03-19 00:00:00,25.022,25.144,24.723,24.901,34755
2024-03-20 00:00:00,24.877,25.631,24.736,25.566,41182
2024-03-21 00:00:00,25.532,25.77,24.635,24.729,51851
2024-03-22 00:00:00,24.718,24.94,24.398,24.666,38193
2024-03-25 00:00:00,24.632,24.882,24.547,24.67,33025
2024-03-26 00:00:00,24.624,24.882,24.36,24.445,40390
2024-03-27 00:00:00,24.419,24.653,24.317,24.642,33499
2024-03-28 00:00:00,24.559,24.998,24.384,24.951999999999998,47396
2024-03-29 00:00:00,24.962,24.962,24.962,24.962,1
2024-04-01 00:00:00,24.979,25.378,24.734,25.071,47843
2024-04-02 00:00:00,25.088,26.165,25.058,26.128,52365
2024-04-03 00:00:00,26.173,27.177,26.105,27.172,61478
2024-04-04 00:00:00,27.135,27.33,26.666,26.898,50682
2024-04-05 00:00:00,26.916,27.486,26.277,27.44,66622
2024-04-08 00:00:00,27.362,28.081,26.853,27.84,114988
2024-04-09 00:00:00,27.826,28.318,27.608,28.13,102483
2024-04-10 00:00:00,28.136,28.515,27.522,27.914,85404
2024-04-11 00:00:00,27.876,28.488,27.74,28.435,69386
2024-04-12 00:00:00,28.405,29.788,27.915,27.926,105536
2024-04-15 00:00:00,28.11,28.882,27.564,28.858,100776
2024-04-16 00:00:00,28.823,29.009,27.942,28.09,91627
2024-04-17 00:00:00,28.092,28.799,28.059,28.206,79275
2024-04-18 00:00:00,28.196,28.652,28.127,28.225,90220
2024-04-19 00:00:00,28.201,28.936,28.057,28.677,102792
2024-04-22 00:00:00,28.651,28.651,27.107,27.181,109240
2024-04-23 00:00:00,27.181,27.373,26.657,27.298,115672
2024-04-24 00:00:00,27.281,27.478,27.028,27.154,89711
2024-04-25 00:00:00,27.139,27.569,26.973,27.428,72489
2024-04-26 00:00:00,27.414,27.727,27.08,27.192,71791
2024-04-29 00:00:00,27.164,27.43,26.935,27.134,122535
2024-04-30 00:00:00,27.129,27.132,26.233,26.282,70571
2024-05-01 00:00:00,26.252,26.962,26.224,26.638,71372
2024-05-02 00:00:00,26.638,26.812,26.013,26.669,65790
2024-05-03 00:00:00,26.678,26.876,26.115,26.549,62593
2024-05-06 00:00:00,26.606,27.478,26.425,27.435,53547
2024-05-07 00:00:00,27.433,27.516,27.148,27.228,46963
2024-05-08 00:00:00,27.217,27.474,27.002,27.323,48384
2024-05-09 00:00:00,27.313,28.334,27.279,28.322,49925
2024-05-10 00:00:00,28.312,28.757,28.031,28.167,61045
2024-05-13 00:00:00,28.112,28.378,27.957,28.189,52227
2024-05-14 00:00:00,28.186,28.738,28.072,28.598,54398
2024-05-15 00:00:00,28.576999999999998,29.731,28.428,29.658,65652
2024-05-16 00:00:00,29.647,29.838,29.323,29.571,64364
2024-05-17 00:00:00,29.565,31.588,29.454,31.415,71106
2024-05-20 00:00:00,31.546,32.505,30.934,31.815,91048
2024-05-21 00:00:00,31.819,32.494,31.062,31.973,78063
2024-05-22 00:00:00,31.99,32.193,30.745,30.781,78680
2024-05-23 00:00:00,30.768,30.974,30.058,30.115,85687
2024-05-24 00:00:00,30.112,30.616,30.036,30.34,59563
2024-05-27 00:00:00,30.351,31.846,30.348,31.631,48377
2024-05-28 00:00:00,31.607,32.239,31.235,32.082,75270
2024-05-29 00:00:00,32.102,32.292,31.593,31.96,71610
2024-05-30 00:00:00,31.939,32.087,30.999,31.155,80305
2024-05-31 00:00:00,31.177,31.763,30.182,30.397,88372
2024-06-03 00:00:00,30.376,30.797,29.772,30.718,80499
2024-06-04 00:00:00,30.74,30.882,29.372,29.49,83021
2024-06-05 00:00:00,29.506,30.04,29.382,29.993,65041
2024-06-06 00:00:00,30.013,31.337,29.962,31.305,67676
2024-06-07 00:00:00,31.337,31.54,29.107,29.142,85161
2024-06-10 00:00:00,29.184,29.813,29.116,29.733,55271
2024-06-11 00:00:00,29.826999999999998,29.83,29.024,29.267,64755
2024-06-12 00:00:00,29.26,30.248,29.174,29.717,73732
2024-06-13 00:00:00,29.697,29.71,28.65,28.946,71003
2024-06-14 00:00:00,28.937,29.571,28.824,29.544,65465
2024-06-17 00:00:00,29.545,29.551,29.016,29.45,55393
2024-06-18 00:00:00,29.461,29.668,28.916,29.529,61056
2024-06-19 00:00:00,29.523,29.783,29.334,29.749,37090
2024-06-20 00:00:00,29.736,30.782,29.725,30.725,64064
2024-06-21 00:00:00,30.716,30.846,29.46,29.532,66307
2024-06-24 00:00:00,29.522,29.72,29.338,29.565,50206
2024-06-25 00:00:00,29.555,29.657,28.835,28.898,53652
2024-06-26 00:00:00,28.894,29.067,28.563,28.754,55750
2024-06-27 00:00:00,28.759,29.246,28.676,28.962,51703
2024-06-28 00:00:00,28.954,29.617,28.763,29.136,56106
2024-07-01 00:00:00,29.144,29.474,28.951,29.437,51684
2024-07-02 00:00:00,29.47,29.816,29.198,29.51,49235
2024-07-03 00:00:00,29.524,30.665,29.47,30.484,52891
2024-07-04 00:00:00,30.438,30.58,30.196,30.401,33689
2024-07-05 00:00:00,30.366,31.485,30.092,31.202,86451
2024-07-08 00:00:00,31.133,31.361,30.426,30.749,74969
2024-07-09 00:00:00,30.752,31.142,30.503,30.787,78596
2024-07-10 00:00:00,30.78,31.156,30.641,30.807,66978
2024-07-11 00:00:00,30.808,31.743,30.799,31.445,84571
2024-07-12 00:00:00,31.42,31.42,30.378,30.782,90057
2024-07-15 00:00:00,30.772,31.085,30.517,30.668,80128
2024-07-16 00:00:00,30.66,31.394,30.48,31.239,79409
2024-07-17 00:00:00,31.23,31.423,30.038,30.294,99014
2024-07-18 00:00:00,30.279,30.587,29.739,29.817,82685
2024-07-19 00:00:00,29.796,29.832,28.86,29.198,94136
2024-07-22 00:00:00,29.22,29.423,28.739,29.12,74289
2024-07-23 00:00:00,29.122,29.295,28.66,29.229,69871
2024-07-24 00:00:00,29.21,29.444,28.882,28.889,77824
2024-07-25 00:00:00,28.882,28.91,27.397,27.842,125267
2024-07-26 00:00:00,27.832,28.066,27.581,27.919,80230
2024-07-29 00:00:00,27.937,28.187,27.3,27.849,80647
2024-07-30 00:00:00,27.859,28.409,27.504,28.372,80998
2024-07-31 00:00:00,28.389,29.03,28.231,28.993,97491
2024-08-01 00:00:00,29.041,29.15,28.21,28.511,104013
2024-08-02 00:00:00,28.512,29.217,27.939,28.539,129282
2024-08-05 00:00:00,28.551,28.667,26.497,27.24,95235
2024-08-06 00:00:00,27.245,27.56,26.592,26.959,63504
2024-08-07 00:00:00,26.959,27.26,26.567,26.604,55153
2024-08-08 00:00:00,26.482,27.598,26.422,27.53,53503
2024-08-09 00:00:00,27.512,27.755,27.25,27.453,47054
2024-08-12 00:00:00,27.449,28.032,27.211,27.95,40283
2024-08-13 00:00:00,27.958,28.045,27.446,27.843,43142
2024-08-14 00:00:00,27.859,28.012,27.172,27.556,49874
2024-08-15 00:00:00,27.534,28.511,27.473,28.349,47798
2024-08-16 00:00:00,28.325,28.999,28.036,28.973,47856
2024-08-19 00:00:00,28.993,29.478,28.713,29.435,47192
2024-08-20 00:00:00,29.439,29.962,29.196,29.428,49499
2024-08-21 00:00:00,29.445,29.729,29.195,29.595,45219
2024-08-22 00:00:00,29.556,29.673000000000002,28.777,28.974,50921
2024-08-23 00:00:00,28.964,29.878,28.937,29.814,50639
2024-08-26 00:00:00,29.85,30.183,29.645,29.901,47737
2024-08-27 00:00:00,29.891,30.08,29.689,29.964,42181
2024-08-28 00:00:00,29.96,30.094,29.07,29.122,46492
2024-08-29 00:00:00,29.108,29.675,29.108,29.413,47343
2024-08-30 00:00:00,29.399,29.581,28.682,28.842,50121
2024-09-02 00:00:00,28.821,28.964,28.317,28.534,31294
2024-09-03 00:00:00,28.527,28.562,27.696,28.038,48398
2024-09-04 00:00:00,28.017,28.348,27.764,28.256,47702
2024-09-05 00:00:00,28.232,29.169,28.201,28.811,47895
2024-09-06 00:00:00,28.796,29.108,27.679,27.918,56528
2024-09-09 00:00:00,27.927,28.358,27.695,28.341,44650
2024-09-10 00:00:00,28.343,28.548000000000002,28.024,28.392,47516
2024-09-11 00:00:00,28.383,28.863,28.061,28.668,54326
2024-09-12 00:00:00,28.673000000000002,29.905,28.52,29.867,52684
2024-09-13 00:00:00,29.864,30.916,29.841,30.711,51236
2024-09-16 00:00:00,30.707,31.088,30.585,30.725,41523
2024-09-17 00:00:00,30.714,30.983,30.507,30.692,41742
2024-09-18 00:00:00,30.692,31.227,29.698,30.067,56399
2024-09-19 00:00:00,30.087,31.293,29.9,30.777,65476
2024-09-20 00:00:00,30.75,31.426,30.724,31.158,57822
2024-09-23 00:00:00,31.128,31.178,30.349,30.683,69650
2024-09-24 00:00:00,30.687,32.258,30.643,32.09,107767
2024-09-25 00:00:00,32.115,32.277,31.558,31.8,108359
2024-09-26 00:00:00,31.802,32.705,31.732,32.006,117418
2024-09-27 00:00:00,32.007,32.29,31.35,31.638,120350
2024-09-30 00:00:00,31.647,31.843,30.872,31.149,112517
2024-10-01 00:00:00,31.141,31.842,31.104,31.426,94772
2024-10-02 00:00:00,31.389,32.295,30.987,31.823,86732
2024-10-03 00:00:00,31.809,32.206,31.402,32.017,90529
2024-10-04 00:00:00,32.035,32.952,31.494,32.174,71904
2024-10-07 00:00:00,32.191,32.332,31.407,31.676,64728
2024-10-08 00:00:00,31.67,31.77,30.114,30.661,92164
2024-10-09 00:00:00,30.639,30.774,30.21,30.489,72147
2024-10-10 00:00:00,30.474,31.181,30.348,31.153,71188
2024-10-11 00:00:00,31.129,31.627,31.053,31.534,58998
2024-10-14 00:00:00,30.904,31.539,30.586,31.177,58101
2024-10-15 00:00:00,31.191,31.679,30.754,31.494,72848
2024-10-16 00:00:00,31.48,32.168,31.405,31.665,65550
2024-10-17 00:00:00,31.669,32.007,31.305,31.684,74480
2024-10-18 00:00:00,31.679,33.75,31.679,33.717,79598
2024-10-21 00:00:00,33.76,34.266,33.453,33.78,84650
2024-10-22 00:00:00,33.775,34.859,33.775,34.843,76503
2024-10-23 00:00:00,34.833,34.837,33.423,33.688,78863
2024-10-24 00:00:00,33.669,34.292,33.234,33.664,73909
2024-10-25 00:00:00,33.648,34.011,33.078,33.66,70920
2024-10-28 00:00:00,33.44,33.979,33.22,33.666,71019
2024-10-29 00:00:00,33.669,34.538,33.595,34.447,78012
2024-10-30 00:00:00,34.431,34.517,33.403,33.766,73486
2024-10-31 00:00:00,33.738,33.892,32.496,32.652,75018
2024-11-01 00:00:00,32.638,33.116,32.325,32.399,70640
2024-11-04 00:00:00,32.409,32.871,32.278,32.448,67363
2024-11-05 00:00:00,32.456,32.915,32.235,32.643,63637
2024-11-06 00:00:00,32.633,32.72,30.818,31.164,119594
2024-11-07 00:00:00,31.137,32.152,30.862,32.024,84882
2024-11-08 00:00:00,32.025,32.061,31.183,31.291,82061
2024-11-11 00:00:00,31.257,31.557,30.416,30.678,69167
2024-11-12 00:00:00,30.666,30.816,30.18,30.706,76995
2024-11-13 00:00:00,30.693,31.142,30.277,30.3,79647
2024-11-14 00:00:00,30.276,30.645,29.665,30.432,86458
2024-11-15 00:00:00,30.425,30.812,30.172,30.232,78418
2024-11-18 00:00:00,30.276,31.263,30.258,31.163,67639
2024-11-19 00:00:00,31.144,31.531,31.036,31.2,74916
2024-11-20 00:00:00,31.204,31.323,30.764,30.845,64782
2024-11-21 00:00:00,30.835,31.302,30.633,30.785,65653
2024-11-22 00:00:00,30.784,31.399,30.728,31.317,74378
2024-11-25 00:00:00,31.215,31.469,30.051,30.297,83068
2024-11-26 00:00:00,30.285,30.686,29.971,30.434,68492
2024-11-27 00:00:00,30.428,30.699,29.97,30.089,58286
2024-11-28 00:00:00,30.043,30.287,29.633,30.195,43303
2024-11-29 00:00:00,30.231,30.889,30.172,30.393,52479
2024-12-02 00:00:00,30.554,30.669,30.049,30.496,62570
2024-12-03 00:00:00,30.498,31.078,30.448,31.024,61457
2024-12-04 00:00:00,31.016,31.471,30.46,31.281,65672
2024-12-05 00:00:00,31.278,31.414,31.007,31.32,61404
2024-12-06 00:00:00,31.318,31.432,30.822,30.966,67901
2024-12-09 00:00:00,31.031,32.268,30.857,31.821,74621
2024-12-10 00:00:00,31.805,32.087,31.693,31.893,66359
2024-12-11 00:00:00,31.905,32.179,31.465,31.909,74484
2024-12-12 00:00:00,31.895,32.334,30.872,30.955,72382
2024-12-13 00:00:00,30.943,31.092,30.285,30.546,58644
2024-12-16 00:00:00,30.511,30.748,30.455,30.514,45583
2024-12-17 00:00:00,30.505,30.598,30.142,30.523,53466
2024-12-18 00:00:00,30.513,30.571,29.303,29.346,66067
2024-12-19 00:00:00,29.329,29.701999999999998,28.733,29.031,73042
2024-12-20 00:00:00,29.003,29.688,28.801,29.508,65794
2024-12-23 00:00:00,29.525,29.865,29.409,29.618,53825
2024-12-24 00:00:00,29.632,29.783,29.464,29.549,35122
2024-12-26 00:00:00,29.573,29.864,29.492,29.776,39513
2024-12-27 00:00:00,29.669,29.882,29.312,29.384,49755
2024-12-30 00:00:00,29.297,29.519,28.785,28.945,46211
2024-12-31 00:00:00,28.933,29.023,28.77,28.858,44089
2025-01-02 00:00:00,28.893,29.588,28.829,29.552,61630
2025-01-03 00:00:00,29.539,29.89,29.487,29.615,50953
2025-01-06 00:00:00,29.653,30.339,29.403,29.931,69657
2025-01-07 00:00:00,29.93,30.377,29.872,30.038,59673
2025-01-08 00:00:00,30.035,30.341,29.799,30.096,68726
2025-01-09 00:00:00,30.081,30.47,29.989,30.104,49836
2025-01-10 00:00:00,30.098,30.651,29.89,30.384,78216
2025-01-13 00:00:00,30.381,30.498,29.498,29.607,69105
2025-01-14 00:00:00,29.614,29.968,29.506,29.882,59347
2025-01-15 00:00:00,29.892,30.747,29.728,30.645,61521
2025-01-16 00:00:00,30.644,30.963,30.515,30.803,72545
2025-01-17 00:00:00,30.791,30.829,30.117,30.306,62038
2025-01-20 00:00:00,30.286,30.614,29.979,30.459,48089
2025-01-21 00:00:00,30.511,30.85,30.194,30.825,56934
2025-01-22 00:00:00,30.803,30.946,30.557,30.811,48059
2025-01-23 00:00:00,30.807,30.855,30.076,30.43,49501
2025-01-24 00:00:00,30.44,31.016,30.424,30.606,50465
2025-01-27 00:00:00,30.327,30.614,29.692,30.2,57124
2025-01-28 00:00:00,30.231,30.482,29.878,30.397,43663
2025-01-29 00:00:00,30.395,30.978,30.276,30.829,52248
2025-01-30 00:00:00,30.831,31.723,30.795,31.627,53516
2025-01-31 00:00:00,31.638,31.7,31.121,31.305,59508
2025-02-03 00:00:00,31.399,31.668,30.672,31.583,80131
2025-02-04 00:00:00,31.566,32.369,31.348,32.12,55289
2025-02-05 00:00:00,32.14,32.541,31.925,32.299,59420
2025-02-06 00:00:00,32.293,32.418,31.736,32.202,50650
2025-02-07 00:00:00,32.205,32.641,31.78,31.799,57517
2025-02-10 00:00:00,31.685,32.328,31.678,32.03,46072
2025-02-11 00:00:00,32.027,32.238,31.241,31.815,54539
2025-02-12 00:00:00,31.825,32.358,31.508,32.215,54397
2025-02-13 00:00:00,32.221,32.411,31.984,32.321,55311
2025-02-14 00:00:00,32.383,33.388,32.061,32.137,70880
2025-02-17 00:00:00,32.057,32.485,31.906,32.348,38454
2025-02-18 00:00:00,32.393,32.903,32.068,32.867,52110
2025-02-19 00:00:00,32.861,33.067,32.437,32.691,52832
2025-02-20 00:00:00,32.721,33.201,32.618,32.939,51104
2025-02-21 00:00:00,32.957,33.075,32.494,32.527,57710
2025-02-24 00:00:00,32.489,32.752,32.084,32.35,60748
2025-02-25 00:00:00,32.359,32.478,31.283,31.733,68410
2025-02-26 00:00:00,31.736,31.945,31.486,31.84,56821
2025-02-27 00:00:00,31.901,31.935,31.175,31.251,62963
2025-02-28 00:00:00,31.248,31.394,30.803,31.145,57525
2025-03-03 00:00:00,31.219,31.839,31.112,31.681,61858
2025-03-04 00:00:00,31.651,32.006,31.461,31.967,65934
2025-03-05 00:00:00,31.969,32.703,31.769,32.642,72096
2025-03-06 00:00:00,32.657,32.754,32.252,32.621,66505
2025-03-07 00:00:00,32.661,32.694,32.101,32.524,67168
2025-03-10 00:00:00,32.493,32.663,31.928,32.096,78245
2025-03-11 00:00:00,32.106,32.968,31.797,32.924,70096
2025-03-12 00:00:00,32.96,33.311,32.695,33.185,63241
2025-03-13 00:00:00,33.222,33.952,32.928,33.863,65511
2025-03-14 00:00:00,33.909,34.076,33.52,33.765,61924
2025-03-17 00:00:00,33.864,33.892,33.425,33.846,50500
2025-03-18 00:00:00,33.858,34.231,33.737,33.997,56758
2025-03-19 00:00:00,34.003,34.091,33.455,33.788,59299
2025-03-20 00:00:00,33.819,33.937,33.097,33.57,55220
2025-03-21 00:00:00,33.569,33.582,32.649,33.005,55705
2025-03-24 00:00:00,33.022,33.295,32.885,33.004,48019
2025-03-25 00:00:00,33.01,33.793,32.916,33.724,43483
2025-03-26 00:00:00,33.727,33.919,33.501,33.627,46040
2025-03-27 00:00:00,33.641,34.461,33.588,34.397,59871
2025-03-28 00:00:00,34.414,34.578,33.919,34.118,70319
2025-03-31 00:00:00,34.079,34.461,33.498,34.073,74477
2025-04-01 00:00:00,34.093,34.203,33.459,33.676,68431
2025-04-02 00:00:00,33.7,34.136,33.596,33.841,66588
2025-04-03 00:00:00,33.162,33.95,31.71,31.836,101908
2025-04-04 00:00:00,31.812,31.984,29.182,29.554,100097
2025-04-07 00:00:00,29.045,30.812,28.315,30.074,129035
2025-04-08 00:00:00,30.119,30.525,29.616,29.805,94365
2025-04-09 00:00:00,29.818,31.04,29.325,31.019,102872
2025-04-10 00:00:00,30.935,31.307,30.567,31.204,96215
2025-04-11 00:00:00,31.21,32.278,30.902,32.273,97036
2025-04-14 00:00:00,32.193,32.386,31.732,32.338,73318
2025-04-15 00:00:00,32.325,32.395,32.085,32.312,55850
2025-04-16 00:00:00,32.303,33.1,32.263,32.747,77019
2025-04-17 00:00:00,32.769,32.932,32.077,32.517,74386
2025-04-21 00:00:00,32.497,33.051,32.42,32.671,64826
2025-04-22 00:00:00,32.663,33.14,32.279,32.494,87760
2025-04-23 00:00:00,32.278,33.669,32.086,33.569,83757
2025-04-24 00:00:00,33.551,33.68,33.162,33.577,62159
2025-04-25 00:00:00,33.614,33.679,32.772,33.07,64080
2025-04-28 00:00:00,33.084,33.185,32.647,33.148,62950
2025-04-29 00:00:00,33.149,33.527,32.799,32.92,58670
2025-04-30 00:00:00,32.924,33.104,32.17,32.606,68461
2025-05-01 00:00:00,32.596,32.664,31.66,32.394,66577
2025-05-02 00:00:00,32.415,32.706,31.935,31.993,63937
2025-05-05 00:00:00,31.994,32.668,31.97,32.469,54829
2025-05-06 00:00:00,32.472,33.233,32.43,33.209,66571
2025-05-07 00:00:00,33.241,33.242,32.239,32.444,73580
2025-05-08 00:00:00,32.418,32.936,32.213,32.45,67744
2025-05-09 00:00:00,32.462,32.859,32.215,32.717,60805
2025-05-12 00:00:00,32.507,32.985,31.88,32.588,78978
2025-05-13 00:00:00,32.594,33.228,32.512,32.896,62306
2025-05-14 00:00:00,32.932,32.968,32.073,32.219,64784
2025-05-15 00:00:00,32.225,32.642,31.642,32.629,64660
2025-05-16 00:00:00,32.642,32.683,31.86,32.276,61897
2025-05-19 00:00:00,32.267,32.616,32.228,32.344,52960
2025-05-20 00:00:00,32.327,33.122,32.117,33.075,55368
2025-05-21 00:00:00,33.103,33.562,32.918,33.382,63187
2025-05-22 00:00:00,33.415,33.691,32.605,33.039,69140
2025-05-23 00:00:00,33.049,33.535,32.889,33.496,59670
2025-05-26 00:00:00,33.439,33.559,33.231,33.475,37997
2025-05-27 00:00:00,33.466,33.522,32.756,33.255,56355
2025-05-28 00:00:00,33.253,33.427,32.902,32.96,48648
2025-05-29 00:00:00,32.95,33.491,32.684,33.311,61166
2025-05-30 00:00:00,33.318,33.332,32.759,32.975,56727
2025-06-02 00:00:00,33.015,34.782,32.951,34.745,61289
2025-06-03 00:00:00,34.708,34.754,33.954,34.508,58230
2025-06-04 00:00:00,34.536,34.641,34.179,34.49,50150
2025-06-05 00:00:00,34.496,36.064,34.424,35.639,76060
2025-06-06 00:00:00,35.617,36.324,35.614,35.98,68278
2025-06-09 00:00:00,35.985,36.879,35.903,36.746,62797
2025-06-10 00:00:00,36.744,36.819,36.301,36.518,65577
2025-06-11 00:00:00,36.525,36.634,36.016,36.234,68823
2025-06-12 00:00:00,36.219,36.447,35.446,36.343,72310
2025-06-13 00:00:00,36.336,36.631,35.963,36.315,80903
2025-06-16 00:00:00,36.27,36.53,36.071,36.305,66419
2025-06-17 00:00:00,36.295,37.245,36.133,37.12,70738
2025-06-18 00:00:00,37.144,37.308,36.521,36.731,65544
2025-06-19 00:00:00,36.731,36.777,36.198,36.381,48984
2025-06-20 00:00:00,36.377,36.423,35.498,35.989,63181
2025-06-23 00:00:00,36.037,36.355,35.822,36.1,67296
2025-06-24 00:00:00,36.083,36.191,35.274,35.909,68398
2025-06-25 00:00:00,35.915,36.317,35.667,36.253,51150
2025-06-26 00:00:00,36.25,36.823,36.226,36.642,64403
2025-06-27 00:00:00,36.646,36.718,35.783,35.978,76351
2025-06-30 00:00:00,36.003,36.228,35.414,36.098,55321
2025-07-01 00:00:00,36.097,36.608,35.798,36.02,61959
2025-07-02 00:00:00,36.019,36.576,35.86,36.543,54357
2025-07-03 00:00:00,36.562,37.065,36.332,36.83,53734
2025-07-04 00:00:00,36.838,36.95,36.617,36.9,31480
2025-07-07 00:00:00,36.943,37.218,36.141,36.759,61863
2025-07-08 00:00:00,36.775,36.871,36.282,36.746,57329
2025-07-09 00:00:00,36.758,36.76,36.261,36.37,53865
2025-07-10 00:00:00,36.373,37.117,36.342,36.996,60252
2025-07-11 00:00:00,36.999,38.529,36.909,38.412,82360
2025-07-14 00:00:00,38.447,39.124,38.072,38.118,79072
2025-07-15 00:00:00,38.077,38.374,37.581,37.689,61677
2025-07-16 00:00:00,37.687,38.085,37.491,37.9,67333
2025-07-17 00:00:00,37.91,38.158,37.529,38.125,57263
2025-07-18 00:00:00,38.12,38.432,38.051,38.197,58729
2025-07-21 00:00:00,38.086,39.048,38.086,38.918,61362
2025-07-22 00:00:00,38.918,39.306,38.711,39.28,63980
2025-07-23 00:00:00,39.286,39.52,39.036,39.255,73147
2025-07-24 00:00:00,39.256,39.344,38.683,39.05,65666
2025-07-25 00:00:00,39.052,39.191,37.943,38.167,65583
2025-07-28 00:00:00,38.07,38.338,37.889,38.151,59456
2025-07-29 00:00:00,38.119,38.286,37.903,38.19,58956
2025-07-30 00:00:00,38.195,38.241,36.779,37.118,73331
2025-07-31 00:00:00,37.1,37.267,36.202,36.704,69193
2025-08-01 00:00:00,36.692,37.176,36.351,37.014,66880
2025-08-04 00:00:00,37.01,37.47,36.661,37.405,52228
2025-08-05 00:00:00,37.387,37.873,37.302,37.798,49365
2025-08-06 00:00:00,37.761,37.945,37.605,37.82,47028
2025-08-07 00:00:00,37.807,38.497,37.807,38.258,66155
2025-08-08 00:00:00,38.249,38.474,37.966,38.302,74606
2025-08-11 00:00:00,38.34,38.373,37.544,37.61,59327
2025-08-12 00:00:00,37.552,38.015,37.492,37.898,54736
2025-08-13 00:00:00,37.915,38.638,37.838,38.492,44068
2025-08-14 00:00:00,38.504,38.728,37.834,38.007,61259
2025-08-15 00:00:00,38.02,38.1,37.676,37.994,47963
2025-08-18 00:00:00,38.0,38.261,37.802,38.015,45291
2025-08-19 00:00:00,38.012,38.143,37.267,37.379,51334
2025-08-20 00:00:00,37.38,37.934,36.959,37.887,53301
2025-08-21 00:00:00,37.904,38.2,37.531,38.137,48991
2025-08-22 00:00:00,38.125,39.054,37.692,38.893,54567
2025-08-25 00:00:00,38.939,38.991,38.532,38.555,44068
2025-08-26 00:00:00,38.568,38.849,38.327,38.601,58606
2025-08-27 00:00:00,38.62,38.697,38.077,38.587,52775
2025-08-28 00:00:00,38.558,39.116,38.547,39.045,52248
2025-08-29 00:00:00,39.023,39.959,38.718,39.668,62235
2025-09-01 00:00:00,39.688,40.749,39.516,40.701,76236
2025-09-02 00:00:00,40.641,40.924,40.129,40.887,95216
2025-09-03 00:00:00,40.83,41.459,40.616,41.205,97132
2025-09-04 00:00:00,41.176,41.219,40.394,40.646,91977
2025-09-05 00:00:00,40.626,41.411,40.543,40.961,87714
2025-09-08 00:00:00,40.89,41.665,40.519,41.335,87833
2025-09-09 00:00:00,41.32,41.476,40.777,40.865,88910
2025-09-10 00:00:00,40.845,41.281,40.708,41.157,74475
2025-09-11 00:00:00,41.146,41.752,40.885,41.551,78441
2025-09-12 00:00:00,41.533,42.457,41.389,42.183,75743
2025-09-15 00:00:00,42.205,42.736,41.994,42.671,69736
2025-09-16 00:00:00,42.67,42.964,42.254,42.544,78514
2025-09-17 00:00:00,42.55,42.629,41.133,41.664,92403
2025-09-18 00:00:00,41.67,41.968,41.186,41.804,86460
2025-09-19 00:00:00,41.814,43.09,41.64,43.04,77431
2025-09-22 00:00:00,43.059,44.105,43.013,44.056,87272
2025-09-23 00:00:00,44.008,44.455,43.632,44.025,97065
2025-09-24 00:00:00,44.038,44.309,43.666,43.893,89601
2025-09-25 00:00:00,43.919,45.222,43.762,45.175,96252
2025-09-26 00:00:00,45.14,46.624,44.596,46.065,104481
2025-09-29 00:00:00,46.174,47.171,45.94,46.907,125066
2025-09-30 00:00:00,46.927,47.164,45.796,46.632,117952
2025-10-01 00:00:00,46.647,47.815,46.618,47.309,118629
2025-10-02 00:00:00,47.335,48.045,45.898,46.977,104023
2025-10-03 00:00:00,46.906,48.36,46.64,47.988,103570
2025-10-06 00:00:00,47.999,48.758,47.943,48.518,109441
2025-10-07 00:00:00,48.504,48.639,47.326,47.81,114667
2025-10-08 00:00:00,47.816,49.54,47.732,48.852,119644
2025-10-09 00:00:00,48.875,51.24,48.326,49.225,126876
2025-10-10 00:00:00,49.29,51.132,48.786,50.237,140540
2025-10-13 00:00:00,50.183,52.474,50.019,52.384,118487
2025-10-14 00:00:00,52.384,53.502,50.463,51.332,148401
2025-10-15 00:00:00,51.39,53.161,51.369,52.953,139268
2025-10-16 00:00:00,52.953,54.178,52.412,54.114,149222
2025-10-17 00:00:00,54.168,54.453,50.599,51.691,190116
2025-10-20 00:00:00,51.405,52.757,51.265,52.291,163998
2025-10-21 00:00:00,52.416,52.596,47.87,48.628,182609
2025-10-22 00:00:00,48.576,49.283,47.503,48.446,177016
2025-10-23 00:00:00,48.394,49.444,47.903,48.869,147152
2025-10-24 00:00:00,48.862,48.996,47.804,48.584,125807
2025-10-27 00:00:00,48.419,48.673,46.071,46.893,132516
2025-10-28 00:00:00,46.989,47.254,45.533,47.037,140008
2025-10-29 00:00:00,47.062,48.45,46.815,47.546,140048
2025-10-30 00:00:00,47.533,48.967,47.247,48.9,134107
2025-10-31 00:00:00,48.83,49.348,48.361,48.671,126042
2025-11-03 00:00:00,48.542,49.091,48.007,48.059,127011
2025-11-04 00:00:00,48.047,48.207,46.857,47.133,136211
2025-11-05 00:00:00,47.138,48.259,46.857,47.992,122777
2025-11-06 00:00:00,47.937,48.781,47.633,48.01,111854
2025-11-07 00:00:00,48.007,48.867,47.953,48.338,112415
2025-11-10 00:00:00,48.317,50.594,48.317,50.488,129744
2025-11-11 00:00:00,50.521,51.233,50.269,51.2,116667
2025-11-12 00:00:00,51.239,53.658,50.846,53.245,130321
2025-11-13 00:00:00,53.311,54.378,52.049,52.267,158548
2025-11-14 00:00:00,52.227,53.543,50.042,50.57,162224
2025-11-17 00:00:00,50.399,51.298,49.559,50.193,151630
2025-11-18 00:00:00,50.226,51.17,49.337,50.684,138569
2025-11-19 00:00:00,50.683,52.453,50.365,51.345,140586
2025-11-20 00:00:00,51.385,51.853,50.212,50.643,162998
2025-11-21 00:00:00,50.669,50.84,48.617,49.995,165945
2025-11-24 00:00:00,50.123,51.397,49.698,51.34,122964
2025-11-25 00:00:00,51.357,51.738,50.678,51.46,118355
2025-11-26 00:00:00,51.431,53.38,51.283,53.332,119012
2025-11-27 00:00:00,53.347,53.897,52.676,53.346,80973
2025-11-28 00:00:00,53.392,56.517,53.064,56.382,57719
2025-12-01 00:00:00,56.703,58.839,56.164,57.989,157691
2025-12-02 00:00:00,57.824,58.64,56.569,58.439,135092
2025-12-03 00:00:00,58.431,58.965,57.533,58.489,128919
2025-12-04 00:00:00,58.534,58.736,56.456,57.125,129293
2025-12-05 00:00:00,57.106,59.316,56.859,58.266,128601
2025-12-08 00:00:00,58.365,58.724,57.506,58.139,120059
2025-12-09 00:00:00,58.15,60.812,57.583,60.649,123089
2025-12-10 00:00:00,60.595,61.931,60.086,61.806,135738
2025-12-11 00:00:00,61.82,64.298,61.426,63.549,150925
2025-12-12 00:00:00,63.562,64.65,60.787,61.973,165706
2025-12-15 00:00:00,61.713,64.149,61.618,64.073,143027
2025-12-16 00:00:00,64.094,64.132,62.137,63.727,152908
2025-12-17 00:00:00,63.671,66.879,63.663,66.203,165765
2025-12-18 00:00:00,66.203,66.617,64.629,65.472,149796
2025-12-19 00:00:00,65.479,67.443,64.473,67.142,135173
2025-12-22 00:00:00,67.359,69.438,67.261,69.026,133352
2025-12-23 00:00:00,69.026,71.557,68.823,71.459,142652
2025-12-24 00:00:00,71.419,72.683,70.178,71.804,134915
2025-12-26 00:00:00,73.668,79.309,69.493,79.181,179252
2025-12-29 00:00:00,81.341,83.946,70.5,72.107,210853
2025-12-30 00:00:00,72.392,78.043,71.133,76.214,188047
2025-12-31 00:00:00,76.286,76.426,70.423,70.557,178705
2026-01-02 00:00:00,71.275,74.543,71.146,72.784,163928
2026-01-05 00:00:00,73.39,77.868,72.919,76.584,167806
2026-01-06 00:00:00,76.675,81.421,75.878,81.234,168932
2026-01-07 00:00:00,81.243,82.728,76.353,78.159,178112
2026-01-08 00:00:00,78.264,79.001,73.818,76.95,171451
2026-01-09 00:00:00,77.014,80.497,75.471,79.929,158849
2026-01-12 00:00:00,80.775,86.228,79.815,85.137,177927
2026-01-13 00:00:00,85.357,89.102,83.42,86.915,178378
2026-01-14 00:00:00,87.2,93.487,86.866,93.236,190621
2026-01-15 00:00:00,93.475,93.517,86.025,92.346,201881
2026-01-16 00:00:00,92.519,92.793,86.846,90.056,185718
2026-01-19 00:00:00,91.257,94.674,90.991,94.299,125868
2026-01-20 00:00:00,94.541,95.869,92.558,94.544,183286
2026-01-21 00:00:00,94.543,95.549,90.334,93.074,193636
2026-01-22 00:00:00,93.08,96.581,90.792,96.154,177157
2026-01-23 00:00:00,96.265,103.301,96.207,103.216,180399
2026-01-26 00:00:00,104.961,117.718,101.796,103.662,248874
2026-01-27 00:00:00,105.244,113.444,102.939,111.984,237827
2026-01-28 00:00:00,111.687,117.405,110.491,116.799,230407
2026-01-29 00:00:00,116.625,121.632,106.779,115.464,257932
2026-01-30 00:00:00,116.349,118.448,73.643,85.026,274981
2026-02-02 00:00:00,80.635,87.917,71.327,79.185,254093
2026-02-03 00:00:00,80.123,89.163,79.95,85.252,239300
2026-02-04 00:00:00,85.583,92.196,83.272,88.152,187124
2026-02-05 00:00:00,88.347,90.382,70.688,70.887,227328
2026-02-06 00:00:00,70.278,78.106,64.017,77.819,191390
2026-02-09 00:00:00,79.071,84.018,78.45,83.265,170489
2026-02-10 00:00:00,83.801,83.97,79.966,80.731,155937
2026-02-11 00:00:00,80.901,86.282,80.867,84.248,156823
2026-02-12 00:00:00,84.725,84.951,74.4,75.278,164583
2026-02-13 00:00:00,74.487,79.307,73.944,77.46,165042
2026-02-16 00:00:00,77.751,77.846,74.502,76.581,76713
2026-02-17 00:00:00,76.244,76.874,71.939,73.494,153384
2026-02-18 00:00:00,73.092,78.319,72.275,77.157,125814
2026-02-19 00:00:00,77.315,79.469,76.428,78.486,126630
2026-02-20 00:00:00,78.674,84.656,77.428,84.588,137429
2026-02-23 00:00:00,85.046,89.036,85.019,88.17,143027
2026-02-24 00:00:00,88.369,88.9,84.947,87.118,165716
2026-02-25 00:00:00,87.121,91.264,86.552,89.188,153182
2026-02-26 00:00:00,88.945,90.34,85.224,88.261,174789
2026-02-27 00:00:00,88.411,94.136,87.777,93.751,174478
2026-03-02 00:00:00,94.96,96.382,86.471,89.314,210512
2026-03-03 00:00:00,89.821,91.319,77.913,82.014,228480
2026-03-04 00:00:00,82.095,86.775,81.342,83.494,192160
2026-03-05 00:00:00,83.661,85.53,80.478,82.189,192349
2026-03-06 00:00:00,82.189,84.93,81.662,84.373,178008
2026-03-09 00:00:00,84.651,86.984,79.603,86.973,205500
2026-03-10 00:00:00,87.025,89.967,86.551,88.304,171276
2026-03-11 00:00:00,88.097,89.406,84.416,85.714,156982
2026-03-12 00:00:00,85.784,87.443,83.011,83.828,166612
2026-03-13 00:00:00,83.515,85.44,79.403,80.531,173793
2026-03-16 00:00:00,79.992,81.617,77.034,80.704,183532
2026-03-17 00:00:00,80.838,82.51,78.218,79.253,143170
2026-03-18 00:00:00,79.312,80.159,74.985,75.358,166711
2026-03-19 00:00:00,75.517,76.672,65.498,72.769,207911
2026-03-20 00:00:00,73.105,74.536,67.656,67.867,206014
2026-03-23 00:00:00,67.19,70.751,60.964,69.07,244963
2026-03-24 00:00:00,69.422,71.22,65.981,71.158,187298
2026-03-25 00:00:00,71.384,74.541,70.875,71.209,199403
2026-03-26 00:00:00,71.291,72.192,66.669,67.937,205078
2026-03-27 00:00:00,68.344,71.595,67.383,69.702,183592
2026-03-30 00:00:00,69.091,71.73,67.641,70.092,191511
2026-03-31 00:00:00,70.258,75.349,68.997,75.084,190587
2026-04-01 00:00:00,75.34,76.096,73.735,75.067,172466
2026-04-02 00:00:00,74.806,75.858,69.519,72.96,189089
2026-04-06 00:00:00,72.493,73.558,71.16,72.795,150555
2026-04-07 00:00:00,72.966,73.339,69.781,72.916,174201
2026-04-08 00:00:00,73.614,77.612,73.365,74.046,174624
2026-04-09 00:00:00,74.11,76.611,72.869,75.257,147968
2026-04-10 00:00:00,75.54,76.82,74.802,75.849,137034
2026-04-13 00:00:00,73.338,75.832,72.569,75.535,152324
2026-04-14 00:00:00,75.624,79.65,75.342,79.531,142808
2026-04-15 00:00:00,79.393,80.991,78.193,78.913,155563
2026-04-16 00:00:00,79.157,80.826,78.041,78.404,144040
2026-04-17 00:00:00,78.621,83.038,77.737,80.971,147175
2026-04-20 00:00:00,79.121,80.653,78.599,79.693,220247
2026-04-21 00:00:00,79.693,80.18,75.379,76.663,215729
2026-04-22 00:00:00,77.038,78.663,76.678,77.681,189290
2026-04-23 00:00:00,77.693,78.351,74.224,75.412,238627
2026-04-24 00:00:00,75.617,76.651,73.91,75.631,229255
2026-04-27 00:00:00,75.534,76.567,74.639,75.465,191350
2026-04-28 00:00:00,75.54,76.138,72.007,73.079,200267
2026-04-29 00:00:00,73.108,73.934,70.836,71.27,203683
2026-04-30 00:00:00,71.284,73.886,71.193,73.711,214027
2026-05-01 00:00:00,74.175,76.949,72.96,75.377,174001
2026-05-04 00:00:00,75.379,75.976,72.17,72.692,214030
2026-05-05 00:00:00,72.716,74.166,72.367,72.783,165160
2026-05-06 00:00:00,72.818,77.805,72.616,77.318,218532
2026-05-07 00:00:00,77.458,82.102,76.95,78.486,226561
2026-05-08 00:00:00,78.351,81.555,78.276,80.304,216351
2026-05-11 00:00:00,79.428,86.217,79.054,86.069,224217
2026-05-12 00:00:00,86.203,87.186,83.017,86.517,244284
2026-05-13 00:00:00,86.306,89.35,85.605,87.464,227601
2026-05-14 00:00:00,87.696,88.422,83.089,83.51,220282
2026-05-15 00:00:00,83.379,83.849,75.72,75.884,257386
2026-05-18 00:00:00,75.356,78.174,73.844,77.668,242531
2026-05-19 00:00:00,77.642,78.881,73.08,73.681,231020
2026-05-20 00:00:00,73.814,76.609,73.113,75.832,234150
2026-05-21 00:00:00,75.86,77.093,74.409,76.656,231743
2026-05-22 00:00:00,76.68,77.006,74.959,75.438,195833
2026-05-25 00:00:00,76.873,78.798,76.216,78.04,157089
2026-05-26 00:00:00,77.553,78.362,75.48,76.936,188064
2026-05-27 00:00:00,76.972,77.513,73.442,74.628,181883
2026-05-28 00:00:00,74.8,76.006,71.768,75.628,198526
2026-05-29 00:00:00,75.72,76.653,74.589,75.29,178859
2026-06-01 00:00:00,74.031,76.274,73.828,74.825,177659
2026-06-02 00:00:00,74.835,77.004,74.457,75.112,165446
2026-06-03 00:00:00,75.171,75.325,72.601,72.714,186694
2026-06-04 00:00:00,72.82,75.059,72.428,73.875,186901
2026-06-05 00:00:00,73.891,74.116,67.554,67.874,218884
2026-06-08 00:00:00,67.903,68.922,66.139,68.154,244393
2026-06-09 00:00:00,68.144,69.011,64.328,65.306,219565
2026-06-10 00:00:00,65.23,65.735,63.291,63.383,262032
2026-06-11 00:00:00,63.114,67.546,61.473,67.319,261821
2026-06-12 00:00:00,67.448,68.325,65.866,67.957,233557
2026-06-15 00:00:00,69.181,71.313,68.972,69.953,183031
2026-06-16 00:00:00,69.997,71.192,69.033,70.01,172239
2026-06-17 00:00:00,70.067,71.525,66.774,67.923,185617
2026-06-18 00:00:00,67.921,69.847,65.046,65.705,209711
2026-06-19 00:00:00,65.758,65.824,63.266,64.804,153389
2026-06-22 00:00:00,64.284,67.134,64.209,65.07,204386
2026-06-23 00:00:00,65.048,65.178,61.324,61.533,217918
2026-06-24 00:00:00,61.58,62.351,55.591,57.431,239134
2026-06-25 00:00:00,57.658,59.012,56.322,57.846,232838
2026-06-26 00:00:00,57.809,59.558,55.687,58.784,223257
2026-06-29 00:00:00,58.931,59.452,57.404,58.28,209914
2026-06-30 00:00:00,58.298,60.428,56.604,58.571,204000
2026-07-01 00:00:00,58.694,60.987,57.15,59.094,201346
2026-07-02 00:00:00,59.211,62.064,58.891,60.956,217147
2026-07-03 00:00:00,61.031,62.885,60.886,62.354,143582
2026-07-06 00:00:00,62.61,63.261,61.355,62.024,175456
2026-07-07 00:00:00,62.068,62.137,59.428,59.961,204228
2026-07-08 00:00:00,59.757,61.009,57.207,58.269,238839
2026-07-09 00:00:00,58.341,60.605,57.567,59.946,191838
2026-07-10 00:00:00,59.941,60.76,58.838,59.848,172476
2026-07-13 00:00:00,59.289,59.353,57.245,57.63,209875
2026-07-14 00:00:00,57.667,59.665,56.859,58.68,202907
2026-07-15 00:00:00,58.707,59.064,56.6,57.763,201622
2026-07-16 00:00:00,57.826,57.889,55.308,55.5,189345
2026-07-17 00:00:00,55.593,56.194,54.75,55.902,191844
2026-07-20 00:00:00,55.64,57.468,55.495,56.404,188796
2026-07-21 00:00:00,56.4,59.231,56.097,58.774,174692
2026-07-22 00:00:00,58.863,60.92,58.701,59.697,178055
2026-07-23 00:00:00,59.658,60.063,57.045,57.634,196129
2026-07-24 00:00:00,57.595,58.973,57.061,58.19,173454
2026-07-27 00:00:00,59.454,60.073,58.157,58.386,183198
2026-07-28 00:00:00,58.524,58.546,56.616,57.1,184979
2026-07-29 00:00:00,57.154,58.222,56.827,56.959,122285
