Date,Close,High,Low,Open,Volume
2016-01-04,17.544296264648438,17.638852036903607,17.44114600359174,17.630255908558244,252200
2016-01-05,17.432552337646484,17.527106483713872,17.423956208086892,17.49272360501957,265900
2016-01-06,17.312210083007812,17.34659460505889,17.295019461526525,17.303613952495045,122200
2016-01-07,17.243440628051758,17.346592542395058,17.234844498561145,17.269229016523596,161600
2016-01-08,17.303611755371094,17.423955927724922,17.286421136072587,17.329400143634924,174700
2016-01-11,17.045734405517578,17.191865326373513,16.985563139202316,17.191865326373513,325600
2016-01-12,17.14888572692871,17.191864732943476,16.99415868200518,17.01135094022868,220100
2016-01-13,17.191864013671875,17.286419790401123,17.191864013671875,17.226248528680298,142300
2016-01-14,17.18326759338379,17.226248236415096,17.123096332683847,17.18326759338379,95600
2016-01-15,17.166078567504883,17.174674697729277,17.088715035029548,17.114503425702726,238700
2016-01-19,17.25203514099121,17.32080253092841,17.166075493683735,17.19186387973915,545400
2016-01-20,17.011350631713867,17.105904771140327,16.908198723787596,17.080118023816727,539000
2016-01-21,17.20046043395996,17.252035567802842,17.037137263989568,17.062925650682978,196300
2016-01-22,17.303611755371094,17.40676366888237,17.260632747808756,17.346592402477476,306800
2016-01-25,17.27782440185547,17.35518792439487,17.226249266677197,17.286420530975846,469100
2016-01-26,17.303611755371094,17.346592402477476,17.260632747808756,17.260632747808756,62500
2016-01-27,17.27782440185547,17.363784053515246,17.26922827273509,17.337995666154118,169600
2016-01-28,17.217653274536133,17.295016797691016,17.174672628592308,17.27782453931349,211900
2016-01-29,17.18326759338379,17.277823368508777,17.166075336171264,17.209055979202574,203400
2016-02-01,17.26063346862793,17.32080473754563,17.17467381036946,17.191866069929976,288700
2016-02-02,17.23484230041504,17.260630685597803,17.174671041199097,17.22624781156463,671900
2016-02-03,17.303611755371094,17.337996273056202,17.217653740246416,17.260632747808756,99300
2016-02-04,17.217653274536133,17.380974810490667,17.20905714534737,17.363784191657135,101500
2016-02-05,17.123098373413086,17.226250289437974,17.123098373413086,17.183269641284234,176500
2016-02-08,17.002756118774414,17.097310267187716,16.976967729455815,17.07152351741323,88600
2016-02-09,16.942581176757812,17.03713695336576,16.933986687560648,16.968369562981046,140600
2016-02-10,16.95117950439453,17.019946903699704,16.916796624514006,16.95117950439453,85300
2016-02-11,16.873815536499023,16.899603925396992,16.805048138981864,16.822240398247175,105300
2016-02-12,16.933988571166992,16.994159839503613,16.89960405237801,16.94258306132014,51100
2016-02-16,17.071523666381836,17.071523666381836,16.92539273805618,16.95977561790356,80200
2016-02-17,17.114500045776367,17.174671305919755,16.985561396962844,16.985561396962844,87700
2016-02-18,17.071523666381836,17.18327007531599,17.071523666381836,17.140291065620726,61800
2016-02-19,17.002756118774414,17.07152351741323,16.976967729455815,17.0543312578675,101600
2016-02-22,17.140287399291992,17.174670271784837,17.09730675924622,17.09730675924622,89200
2016-02-23,17.18326759338379,17.217652107808835,17.0887118182588,17.18326759338379,159700
2016-02-24,17.22624969482422,17.22624969482422,17.071522645899783,17.071522645899783,229600
2016-02-25,17.20046043395996,17.303610701645724,17.20046043395996,17.269227825598453,179000
2016-02-26,17.166078567504883,17.260634360429005,17.10590729547833,17.260634360429005,126600
2016-02-29,17.166078567504883,17.21765534885124,17.114503425702726,17.21765534885124,161800
2016-03-01,17.123098373413086,17.123098373413086,17.05433097591119,17.123098373413086,378600
2016-03-02,17.174673080444336,17.209057598104025,17.088713425839156,17.123097943498845,154800
2016-03-03,17.303611755371094,17.31220788479237,17.200461481403863,17.26922887723003,168100
2016-03-04,17.50131607055664,17.50131607055664,17.38956804922122,17.441144815780827,832000
2016-03-07,17.492721557617188,17.544296689394166,17.44114642584021,17.492721557617188,640600
2016-03-08,17.544296264648438,17.561488521339164,17.423953746901013,17.466932749083995,265200
2016-03-09,17.561491012573242,17.58727776172355,17.501319745163766,17.54429875344366,902300
2016-03-10,17.72481346130371,17.73340795096857,17.561490285423346,17.57868254384107,860300
2016-03-11,17.896732330322266,17.896732330322266,17.802176542210347,17.802176542210347,522000
2016-03-14,17.999881744384766,18.01707236202321,17.836558580240396,17.90532596942583,249200
2016-03-15,17.982688903808594,17.999881160433173,17.922517645166398,17.956900518871723,128200
2016-03-16,18.068649291992188,18.068649291992188,17.905326126415837,17.939710641081977,249000
2016-03-17,18.180395126342773,18.292143156026462,18.154608380680266,18.292143156026462,487900
2016-03-18,18.128822326660156,18.223378111698544,18.111630067645166,18.21478198219105,673100
2016-03-21,18.094438552856445,18.180398211922867,18.034267283373186,18.128823072300666,313400
2016-03-22,18.188993453979492,18.188993453979492,18.085843179769853,18.128822187433194,493200
2016-03-23,18.034265518188477,18.051457776227817,17.96549812557508,18.008478770673435,1086000
2016-03-24,17.87094497680664,17.991287510669885,17.82796432932401,17.931116243738263,466900
2016-03-28,17.948307037353516,18.060055082348672,17.870945150222198,17.870945150222198,394800
2016-03-29,17.991287231445312,18.00847949017154,17.89673144799509,17.89673144799509,594200
2016-03-30,17.784984588623047,18.077246421287157,17.767792330338338,18.051458033860094,219300
2016-03-31,17.707622528076172,17.784986057201596,17.55289546982532,17.776389927349424,364300
2016-04-01,17.613065719604492,17.630257978313555,17.501319317083638,17.544298324312265,542100
2016-04-04,17.4239559173584,17.57868296776123,17.406763658526074,17.53570232068042,512600
2016-04-05,17.329397201538086,17.441145225498627,17.320801073576217,17.406760713651146,179100
2016-04-06,17.34659194946289,17.398167085099598,17.252036167842263,17.295016813826184,337800
2016-04-07,17.243440628051758,17.329400283413833,17.234844498561145,17.329400283413833,99500
2016-04-08,17.44114875793457,17.45833937779624,17.277825572667982,17.286421702370866,120400
2016-04-11,17.312210083007812,17.423958140129557,17.312210083007812,17.39816974859125,359600
2016-04-12,17.406761169433594,17.466932427198454,17.372376656685784,17.38956891305969,401900
2016-04-13,17.47553062438965,17.55289414768782,17.41535935950085,17.44974223677559,554800
2016-04-14,17.466934204101562,17.544297726110482,17.449741945978698,17.509914849408727,111600
2016-04-15,17.65604591369629,17.69042879068885,17.509914997503937,17.509914997503937,779500
2016-04-18,17.75919532775879,17.84515497541066,17.638852804772515,17.66463955138734,222100
2016-04-19,17.982688903808594,17.982688903808594,17.85375025821191,17.85375025821191,335200
2016-04-20,18.197587966918945,18.197587966918945,17.999881925959432,18.034264801127048,390900
2016-04-21,18.034265518188477,18.274952212107344,17.982690383614422,18.274952212107344,1751600
2016-04-22,17.664640426635742,18.01707352388127,17.656045937034232,17.97409451769776,620500
2016-04-25,17.896732330322266,17.98269198864727,17.7591975328199,17.7591975328199,556900
2016-04-26,18.1030330657959,18.11162919488917,17.90532701528267,17.965498279391568,467400
2016-04-27,17.97409439086914,18.06865017125844,17.888134739564684,18.051457913088754,499200
2016-04-28,17.93971061706543,18.06864926780303,17.922518359755376,17.93971061706543,614000
2016-04-29,18.12022590637207,18.12882203574162,18.025670122851047,18.051458510959698,943200
2016-05-02,18.137418746948242,18.137418746948242,17.99988395171147,18.137418746948242,282900
2016-05-03,17.948307037353516,18.16320535821981,17.888135769838005,18.137418609024063,686300
2016-05-04,18.02566909790039,18.0514574845427,17.92251883041904,17.956901706398178,295100
2016-05-05,17.853750228881836,18.137415904546067,17.8365579722855,18.1288197762479,333600
2016-05-06,17.948307037353516,17.982691555673277,17.879539640258063,17.879539640258063,353200
2016-05-09,17.93971061706543,18.025668624527896,17.870943227369118,17.999881878106716,209000
2016-05-10,18.214780807495117,18.25775981271676,17.999882502299002,18.025669249614406,495400
2016-05-11,18.292144775390625,18.352316039988438,18.2233773816297,18.292144775390625,643000
2016-05-12,18.3695068359375,18.37810132487242,18.25775880525714,18.34371845050114,1609000
2016-05-13,18.283546447753906,18.317929320728062,18.223375190391284,18.26635419149493,451000
2016-05-16,18.395296096801758,18.412488356109826,18.23197291246329,18.24916517177136,717000
2016-05-17,18.45546531677246,18.515638217673114,18.403890184115806,18.4124863128159,303200
2016-05-18,18.3695068359375,18.438274224223928,18.266354933735926,18.326526193543568,353100
2016-05-19,18.094438552856445,18.30074239043351,17.948307624306764,18.23197335154507,644100
2016-05-20,18.15460968017578,18.283548336349206,18.094436777053815,18.223377072771207,367300
2016-05-23,17.93971061706543,18.034264753182924,17.905326102445322,18.034264753182924,373800
2016-05-24,17.90532684326172,18.01707324131267,17.845155579730903,17.853751708741587,594200
2016-05-25,18.11162757873535,18.120223707061562,17.896729289211592,17.896729289211592,666100
2016-05-26,18.309335708618164,18.309335708618164,18.060054516782632,18.20618543597726,442000
2016-05-27,18.403888702392578,18.412484830400587,18.292142317376037,18.300738445384045,499200
2016-05-31,18.317930221557617,18.54142464528382,18.317930221557617,18.481253384962127,447300
2016-06-01,18.446870803833008,18.455466933286036,18.240568615592487,18.283549262857626,430100
2016-06-02,18.6789608001709,18.730537575286835,18.53282988309708,18.558618270655046,931700
2016-06-03,18.971223831176758,18.971223831176758,18.72194262723239,18.799306155243013,876600
2016-06-06,19.19471549987793,19.340846404963855,19.134544240056172,19.177523242916322,1038300
2016-06-07,19.297868728637695,19.32365547630882,19.19471681932127,19.19471681932127,2583200
2016-06-08,19.73625946044922,19.753451718266795,19.435403146361352,19.435403146361352,1132100
2016-06-09,19.607322692871094,19.77924200850411,19.581535943207015,19.753453619295925,600800
2016-06-10,19.590129852294922,19.779239766419316,19.512766332984054,19.615916599035934,721300
2016-06-13,19.495573043823242,19.658896202564133,19.486976915516475,19.641703945950603,853600
2016-06-14,19.512765884399414,19.521360373419558,19.254886946110332,19.383825595482932,702400
2016-06-15,19.478382110595703,19.615916893760584,19.469785981704906,19.590130146632134,276700
2016-06-16,19.383827209472656,19.521361998861085,19.168928896110238,19.486979121285984,584400
2016-06-17,19.572938919067383,19.64170631426938,19.45259474780587,19.555746660380876,426100
2016-06-20,19.349443435668945,19.452593703160538,19.34084730678732,19.452593703160538,353100
2016-06-21,19.065778732299805,19.194717393141943,19.048586473642448,19.186121263813263,479000
2016-06-22,18.936840057373047,19.091565466542118,18.936840057373047,19.031394200830142,381100
2016-06-23,18.997011184692383,19.031394062187022,18.850880266366133,18.979818926173056,351500
2016-06-24,18.593002319335938,18.687558106795453,18.48985204169292,18.567215569697236,1141100
2016-06-27,18.721939086914062,18.79070647219247,18.653171701635657,18.678958446400188,556400
2016-06-28,18.91105079650879,19.07437396700549,18.885262409732274,19.014202704070904,893800
2016-06-29,19.074373245239258,19.12594837729676,19.005605855981294,19.031392602238103,548800
2016-06-30,18.971223831176758,19.005608350089968,18.79071002551471,18.98841609063336,770200
2016-07-01,18.893856048583984,19.065775325348472,18.87666379299879,19.048583069763275,747200
2016-07-05,18.773517608642578,18.919648533710212,18.54142702655679,18.919648533710212,840500
2016-07-06,18.558618545532227,18.567214674845534,18.421083755607327,18.55002241621892,640300
2016-07-07,18.206188201904297,18.635984895473165,18.19759207128761,18.601600373006406,1412700
2016-07-08,18.421083450317383,18.446870198285925,18.31793153981122,18.352316056494605,813400
2016-07-11,18.49844741821289,18.661768957754997,18.47265903008012,18.661768957754997,287600
2016-07-12,18.515640258789062,18.53283087854039,18.317932555979947,18.403892212912943,964100
2016-07-13,18.6359806060791,18.82509051748654,18.62738447744096,18.74772699928716,1968300
2016-07-14,18.721939086914062,18.93683737085206,18.71334295881129,18.911048986543733,1640000
2016-07-15,18.343721389770508,18.644579376559953,18.33512525991434,18.601598727279104,751800
2016-07-18,18.489852905273438,18.50704516553162,18.17180264867384,18.343721972167273,1246200
2016-07-19,18.1030330657959,18.343719761775468,18.094436936702632,18.343719761775468,598100
2016-07-20,17.888134002685547,18.14601294597592,17.87953787395481,18.094436173591497,2116100
2016-07-21,17.819366455078125,18.00847800639708,17.793579708657468,17.982689620432524,346400
2016-07-22,17.819366455078125,17.84515484104268,17.5528930249533,17.681831675688287,729400
2016-07-25,17.879541397094727,17.896733657943912,17.802177862817622,17.870946906214368,366500
2016-07-26,17.810771942138672,17.87094484818126,17.76779293450944,17.793581322813406,349300
2016-07-27,17.74200439453125,17.862348566043575,17.70762151663061,17.819367919237735,2096200
2016-07-28,17.587276458740234,17.72481288204322,17.55289358257245,17.707620624187353,1225800
2016-07-29,17.699026107788086,17.776389635643998,17.561491311498486,17.57868357092071,905000
2016-08-01,17.65604591369629,17.8365597068812,17.638853655428015,17.65604591369629,603700
2016-08-02,17.59587287902832,17.802175058082916,17.518509356939852,17.75059992320526,595100
2016-08-03,17.673234939575195,17.767790711984635,17.5786808067096,17.63025593732209,610000
2016-08-04,17.750598907470703,17.810770167975477,17.595871872147637,17.716216032701066,297700
2016-08-05,17.982688903808594,17.991285032120885,17.81076961665046,17.83655800158733,823800
2016-08-08,17.991287231445312,18.10303363407773,17.94830658462974,18.051458497443075,371200
2016-08-09,17.913925170898438,18.08584449312431,17.896732910767017,17.956904181682823,348800
2016-08-10,17.802175521850586,17.948306440764135,17.76779264421776,17.92251969242552,170700
2016-08-11,17.72481346130371,17.853752120348627,17.71621733209485,17.810771474304318,143800
2016-08-12,17.7935791015625,17.80217359038022,17.63885207014205,17.72481171421384,434600
2016-08-15,17.948307037353516,18.0084799444131,17.862349020642256,17.862349020642256,801000
2016-08-16,17.948307037353516,18.0084799444131,17.879539640258063,17.99128768525322,417000
2016-08-17,17.879541397094727,17.92252204921769,17.81937012366681,17.879541397094727,241600
2016-08-18,17.999881744384766,18.01707236202321,17.896729840834666,17.913922098017,1069900
2016-08-19,17.93111228942871,17.965495160288377,17.836556525363164,17.87953552382367,581800
2016-08-22,18.02566909790039,18.085842000065778,17.93111495929981,17.956901706398178,246300
2016-08-23,18.042863845825195,18.07724836609381,17.948308054630672,17.96550031476498,675400
2016-08-24,17.82796287536621,18.05145730541664,17.77638774213732,18.017072790234764,333100
2016-08-25,17.75919532775879,17.88813397946464,17.724812452424388,17.879537850745063,727900
2016-08-26,17.647449493408203,17.888134547017177,17.60446884844663,17.767792020212692,726600
2016-08-29,17.518510818481445,17.664641745779587,17.492724068663257,17.587278217236797,404600
2016-08-30,17.484127044677734,17.5185099225249,17.329399995505433,17.49272317402553,448200
2016-08-31,17.389570236206055,17.492722142754353,17.346591231544892,17.484126013913333,438600
2016-09-01,17.389570236206055,17.518508889733475,17.36378348922693,17.449741498549255,624800
2016-09-02,17.44974136352539,17.595872273604108,17.44114687429481,17.55289326927551,472400
2016-09-06,17.432552337646484,17.484127475459974,17.29501754378113,17.37237943072933,258100
2016-09-07,17.621662139892578,17.638854398885485,17.509915735526793,17.535702484472097,381000
2016-09-08,17.60447120666504,17.647451857384116,17.527107674914884,17.621663466952672,191400
2016-09-09,17.484127044677734,17.59587344711105,17.41535964943938,17.50991543272113,211900
2016-09-12,17.50131607055664,17.59587019682846,17.432548688020894,17.432548688020894,501400
2016-09-13,17.269227981567383,17.43255115301285,17.24343959464106,17.43255115301285,583600
2016-09-14,17.23484230041504,17.260630685597803,17.14888429556018,17.22624781156463,366900
2016-09-15,17.29501724243164,17.32080399111704,17.22624984669717,17.27782498361201,277700
2016-09-16,17.47553062438965,17.52710576007376,17.295016829723252,17.295016829723252,284900
2016-09-19,17.570087432861328,17.690429969671527,17.509916164456232,17.60447031214534,868900
2016-09-20,17.72481346130371,17.74200408017743,17.613065421132514,17.613065421132514,375100
2016-09-21,17.74200439453125,17.819367919237735,17.69902538726944,17.767792782614755,270500
2016-09-22,17.673234939575195,17.89672935828779,17.64744819404087,17.836558099315905,408900
2016-09-23,17.59587287902832,17.613065137168864,17.48412648020274,17.613065137168864,403900
2016-09-26,17.544296264648438,17.561488521339164,17.432549875246377,17.527104007957707,301300
2016-09-27,17.492721557617188,17.527104432287214,17.415358040179783,17.527104432287214,285200
2016-09-28,17.484127044677734,17.50991543272113,17.38957126139599,17.46693478598214,183800
2016-09-29,17.320802688598633,17.432550722978757,17.295015941852387,17.406762336688594,487400
2016-09-30,17.174673080444336,17.32080400140993,17.14888633174361,17.286421123294282,1031100
2016-10-03,17.191864013671875,17.226248528680298,17.071521490230225,17.16607562741556,573400
2016-10-04,17.303611755371094,17.36378466132003,17.226249869667694,17.243440488966204,517600
2016-10-05,17.337997436523438,17.406764836964246,17.26923003608263,17.329401306525316,181400
2016-10-06,17.22624969482422,17.26922870195033,17.148886170362,17.209057436156165,336400
2016-10-07,17.23484230041504,17.35518645839077,17.23484230041504,17.277822942386315,182500
2016-10-10,17.191864013671875,17.269227532896913,17.123096623198943,17.191864013671875,305600
2016-10-11,17.209054946899414,17.260630075899307,17.14888368980891,17.17467043453696,264900
2016-10-12,17.140287399291992,17.303608912834605,17.140287399291992,17.148883527301148,331900
2016-10-13,17.26063346862793,17.295017987748963,17.148887060572797,17.148887060572797,487500
2016-10-14,17.34659194946289,17.492722866720225,17.32939969106932,17.372378697509244,911800
2016-10-17,17.432552337646484,17.449742957221602,17.29501754378113,17.346592681594622,331100
2016-10-18,17.4239559173584,17.518510061848097,17.398167529109912,17.398167529109912,271400
2016-10-19,17.415359497070312,17.46693463316183,17.36378436097879,17.389571109252543,301100
2016-10-20,17.372379302978516,17.415359950460417,17.32940029504067,17.355188683529814,316700
2016-10-21,17.432552337646484,17.484127475459974,17.337996552035026,17.337996552035026,692300
2016-10-24,17.57868003845215,17.630255166810606,17.492720398158873,17.492720398158873,364600
2016-10-25,17.690427780151367,17.699023908794466,17.5786813868789,17.5786813868789,901500
2016-10-26,17.72481346130371,17.784984726221737,17.690428944468263,17.70762120288599,371900
2016-10-27,17.7935791015625,17.86234648891116,17.69902332912915,17.73340620303156,755600
2016-10-28,17.733407974243164,17.802175368460308,17.69042896768645,17.733407974243164,409500
2016-10-31,17.638851165771484,17.72481080543599,17.595870526167353,17.630255037850656,312600
2016-11-01,17.484127044677734,17.62166183515444,17.449742527286542,17.62166183515444,1251300
2016-11-02,17.587276458740234,17.604468716596102,17.466933932837065,17.5013184485488,505000
2016-11-03,17.552894592285156,17.62166198812045,17.49272332587228,17.62166198812045,151900
2016-11-04,17.552894592285156,17.552894592285156,17.46693493760503,17.527106204017905,1456600
2016-11-07,17.52710723876953,17.638855288314204,17.501320488523945,17.621663028454385,1114300
2016-11-08,17.561491012573242,17.6388545391123,17.501319745163766,17.501319745163766,416300
2016-11-09,17.484127044677734,17.570086698611686,17.398167390743787,17.398167390743787,646500
2016-11-10,17.372379302978516,17.46693508789464,17.337996424537053,17.45833895839826,399700
2016-11-11,17.34659194946289,17.389570955902812,17.277824555432616,17.337995820266105,388000
2016-11-14,17.243440628051758,17.260632887032983,17.123098094271292,17.22625000861459,624800
2016-11-15,17.23484230041504,17.260630685597803,17.16607491280484,17.260630685597803,320300
2016-11-16,17.25203514099121,17.277823527046625,17.19186387973915,17.217652265794563,221000
2016-11-17,17.303611755371094,17.31220788479237,17.18326922256131,17.260632747808756,444600
2016-11-18,17.329397201538086,17.337993329499955,17.26922594534876,17.295014329234373,184400
2016-11-21,17.484127044677734,17.501319303373332,17.346592254201028,17.363784512896626,505600
2016-11-22,17.45833969116211,17.492724210590822,17.432552941134702,17.466935821019288,149500
2016-11-23,17.432552337646484,17.44114846720608,17.303612033796654,17.363784940713806,1215800
2016-11-25,17.44974136352539,17.458337492299894,17.363783354868197,17.406762359196794,133900
2016-11-28,17.406761169433594,17.50991306813322,17.38956891305969,17.398165041246642,221300
2016-11-29,17.191864013671875,17.41535844259488,17.174671756167665,17.41535844259488,254600
2016-11-30,17.140287399291992,17.25203378432345,17.13169127128284,17.2004586558123,1159600
2016-12-01,16.95117950439453,17.18327009187854,16.93398888422633,17.148887211998016,544800
2016-12-02,16.916797637939453,16.994161171735364,16.88241311645495,16.968372780621987,2178400
2016-12-05,16.994159698486328,17.03713870707182,16.94258292073084,16.959775179982667,273700
2016-12-06,17.114500045776367,17.183267434446506,17.019944271525976,17.019944271525976,680200
2016-12-07,17.157480239868164,17.157480239868164,17.045733840351165,17.080118356845002,283800
2016-12-08,17.03713607788086,17.140287977929233,17.02853994958151,17.140287977929233,367700
2016-12-09,17.01994514465332,17.07152191845973,16.865219741865964,17.07152191845973,677700
2016-12-12,17.27782440185547,17.286420530975846,17.080118350718774,17.088712840295166,1207700
2016-12-13,17.29501724243164,17.33799624993667,17.234844336562944,17.286421113021827,954600
2016-12-14,17.25203514099121,17.2950157844169,17.18326775105401,17.19186387973915,366400
2016-12-15,17.20046043395996,17.226248820653375,17.097308526730252,17.140289171219276,418300
2016-12-16,17.312210083007812,17.32940234403335,17.097311738821343,17.174675273892014,382700
2016-12-19,17.3809757232666,17.3809757232666,17.019946476098735,17.3379967146097,1611100
2016-12-20,17.20046043395996,17.346591346134748,17.174672047266547,17.277823954496256,287800
2016-12-21,17.22624969482422,17.252036443282275,17.183269048154084,17.217653565490192,826000
2016-12-22,17.045734405517578,17.183269196965043,17.045734405517578,17.157480808739628,496900
2016-12-23,16.976964950561523,17.09730746859502,16.959772693829926,17.05432846630987,1172100
2016-12-27,17.14888572692871,17.166076345608225,17.01135094022868,17.01135094022868,450200
2016-12-28,17.140287399291992,17.148883527301148,17.037135502725913,17.037135502725913,425100
2016-12-29,17.14888572692871,17.191864732943476,17.12309733959346,17.131693468705212,377100
2016-12-30,17.166078567504883,17.277826620877793,17.148887946600293,17.174674697729277,426200
2017-01-03,17.157480239868164,17.27782440805261,17.14888575028869,17.191864756362,607600
2017-01-04,17.466934204101562,17.466934204101562,17.25203589619767,17.25203589619767,1350200
2017-01-05,17.552894592285156,17.604469729275614,17.475531067027447,17.48412719644986,1449600
2017-01-06,17.484127044677734,17.552894439916088,17.46693478598214,17.552894439916088,425700
2017-01-09,17.518510818481445,17.53570307805631,17.38097602097074,17.484127938875826,960500
2017-01-10,17.690427780151367,17.690427780151367,17.535700743663412,17.535700743663412,1397000
2017-01-11,17.59587287902832,18.051457882488872,17.518509356939852,17.690428659257336,858100
2017-01-12,17.74200439453125,17.759196653253586,17.570086725939984,17.595873474479454,763600
2017-01-13,17.819366455078125,17.82796258373298,17.690427804343138,17.724812318962545,1404900
2017-01-17,17.956905364990234,17.991289887518914,17.88813795947715,17.89673409010932,1312000
2017-01-18,17.93971061706543,17.974093492141638,17.888133845135272,17.9311144884104,1398100
2017-01-19,17.836557388305664,17.939709284962596,17.827961260288937,17.91392090091242,323400
2017-01-20,17.90532684326172,17.90532684326172,17.802174934677485,17.862347837752267,361700
2017-01-23,17.93971061706543,17.94830510617656,17.853750970059064,17.93971061706543,1134600
2017-01-24,17.862350463867188,17.999885269170495,17.845158203318224,17.99128913889601,427900
2017-01-25,17.92251968383789,17.95690256145424,17.733408118543895,17.733408118543895,326500
2017-01-26,17.716217041015625,17.870944085144945,17.673236395677495,17.86234795607732,618000
2017-01-27,17.681833267211914,17.72481391435482,17.67323713778333,17.71621778492624,922900
2017-01-30,17.484127044677734,17.613065705806644,17.484127044677734,17.613065705806644,685000
2017-01-31,17.535701751708984,17.55289400998348,17.49272274556673,17.50991500384123,819100
2017-02-01,17.707622528076172,17.707622528076172,17.527107080268802,17.578683859381837,438900
2017-02-02,17.673234939575195,17.733406198547076,17.63025593732209,17.72481170973153,1055800
2017-02-03,17.681833267211914,17.742004533667934,17.656046518470216,17.699025526069075,368400
2017-02-06,17.647449493408203,17.73340750424343,17.621661106431258,17.707620756810446,578900
2017-02-07,17.664640426635742,17.69902494321774,17.604469162161237,17.638853678743235,255100
2017-02-08,17.638851165771484,17.69902242167351,17.62165890992983,17.664637909990205,279500
2017-02-09,17.681833267211914,17.71621778492624,17.638854259613055,17.647450389041637,2080100
2017-02-10,17.681833267211914,17.750600663096517,17.664641008354753,17.664641008354753,985300
2017-02-13,17.59587287902832,17.656045782520223,17.561490002291208,17.630257395309407,530200
2017-02-14,17.65604591369629,17.65604591369629,17.56149013276477,17.578682391033045,200900
2017-02-15,17.75919532775879,17.7935798426371,17.65604506221167,17.65604506221167,241900
2017-02-16,17.707622528076172,17.84515732662268,17.707622528076172,17.784986057201596,606800
2017-02-17,17.699026107788086,17.71621836721031,17.638854839354398,17.638854839354398,350500
2017-02-21,17.74200439453125,17.802175660515395,17.70762151663061,17.802175660515395,452500
2017-02-22,17.699026107788086,17.78498576535511,17.681833848365862,17.78498576535511,462800
2017-02-23,17.60447120666504,17.81077341148406,17.578684455777775,17.81077341148406,460400
2017-02-24,17.44114875793457,17.55289516498386,17.40676423912304,17.55289516498386,2389800
2017-02-27,17.29501724243164,17.41535977508095,17.27782498361201,17.406763645671138,1007000
2017-02-28,17.36378288269043,17.475529274632386,17.303609982905204,17.303609982905204,1886300
2017-03-01,17.59587287902832,17.59587287902832,17.398166829043998,17.398166829043998,1580600
2017-03-02,17.466934204101562,17.595872860935106,17.449741945978698,17.49272259128586,741700
2017-03-03,17.466934204101562,17.484126462224427,17.389570682092643,17.466934204101562,287700
2017-03-06,17.432552337646484,17.57008713151184,17.398167819408112,17.552894872392653,457400
2017-03-07,17.269227981567383,17.406762766086526,17.23484346566562,17.329399244851512,1154900
2017-03-08,17.23484230041504,17.295015199174827,17.22624781156463,17.22624781156463,580300
2017-03-09,17.140287399291992,17.31220504084376,17.105902887255375,17.234841528305143,325300
2017-03-10,17.174673080444336,17.200461468689102,17.131694072913767,17.14029020232869,748100
2017-03-13,17.23484230041504,17.260630685597803,17.14888429556018,17.14888429556018,204300
2017-03-14,17.20046043395996,17.252035567802842,17.174672047266547,17.209056562857764,2765800
2017-03-15,17.26063346862793,17.286421857968705,17.191866069929976,17.191866069929976,890600
2017-03-16,17.337997436523438,17.3637858265178,17.303612916530955,17.355189696519677,266900
2017-03-17,17.320802688598633,17.363783332415572,17.217652422525813,17.32939881736202,414900
2017-03-20,17.329397201538086,17.389568457727407,17.303608817652474,17.329397201538086,695600
2017-03-21,17.29501724243164,17.33799624993667,17.260632724792384,17.329400120526852,241400
2017-03-22,17.303611755371094,17.337996273056202,17.260632747808756,17.260632747808756,218600
2017-03-23,17.320802688598633,17.32939881736202,17.217652422525813,17.286419813088997,186800
2017-03-24,17.191864013671875,17.312206537113525,17.16607562741556,17.27782366164902,196100
2017-03-27,17.10590362548828,17.19186326974578,17.062924623131455,17.19186326974578,1043200
2017-03-28,17.045734405517578,17.12309793064978,17.037138276109108,17.10590567183284,713600
2017-03-29,17.002756118774414,17.0543312578675,16.985563859228684,17.0285428685489,255700
2017-03-30,16.942581176757812,16.994157949204283,16.908198301337414,16.994157949204283,597800
2017-03-31,17.002756118774414,17.01135224854728,16.83083680240532,16.976967729455815,872100
2017-04-03,16.916797637939453,17.105907587471556,16.8996053771972,17.080120835902402,365800
2017-04-04,16.78785514831543,16.899601538669867,16.78785514831543,16.89100541025124,1194300
2017-04-05,16.796451568603516,16.865218957603634,16.787855440035514,16.839430571899634,520100
2017-04-06,16.813642501831055,16.85662314547791,16.770663497728112,16.848027016748542,248200
2017-04-07,16.83083724975586,16.848029509758547,16.736281459285227,16.779262109291945,323800
2017-04-10,16.8480281829834,16.89960331938579,16.813643665685788,16.830835924334593,152300
2017-04-11,16.985565185546875,16.99416131599097,16.830838116641644,16.865222638418025,390800
2017-04-12,16.933988571166992,17.037138848445746,16.933988571166992,16.97696758010912,201700
2017-04-13,16.933988571166992,17.011352098898104,16.9167963117725,16.994159839503613,225400
2017-04-17,16.916797637939453,16.968372780621987,16.8996053771972,16.92539376831058,237700
2017-04-18,16.95977210998535,16.95977210998535,16.822237339954928,16.916793109179764,475100
2017-04-19,16.75347137451172,16.951177418239705,16.736279116915217,16.908198413792377,491900
2017-04-20,16.512786865234375,16.787858104435262,16.512786865234375,16.779261974502973,958500
2017-04-21,16.581554412841797,16.615937289933374,16.495594760796862,16.572958283682905,180700
2017-04-24,16.50419044494629,16.633129099765068,16.469805929237843,16.633129099765068,534300
2017-04-25,16.67610740661621,16.710491920884955,16.504189753904136,16.504189753904136,723300
2017-04-26,16.62453269958496,16.753471352299922,16.572957566407762,16.667511703975308,472900
2017-04-27,16.779260635375977,16.822239642063202,16.641725846524043,16.658916465472526,521900
2017-04-28,16.968368530273438,16.976964658491347,16.762066371675,16.839429886092393,466200
2017-05-01,17.20046043395996,17.209056562857764,17.062925650682978,17.062925650682978,532600
2017-05-02,17.23484230041504,17.389569332423942,17.131692038771668,17.19186329798761,1097100
2017-05-03,17.406761169433594,17.432549553994452,17.191862883391206,17.191862883391206,991500
2017-05-04,17.20046043395996,17.363783603930354,17.14888530011708,17.35518747503255,536500
2017-05-05,17.18326759338379,17.2950156257213,17.131692461290108,17.277823368508777,477700
2017-05-08,17.27782440185547,17.286420530975846,17.183268621075317,17.183268621075317,293900
2017-05-09,17.166078567504883,17.355190153353128,17.148887946600293,17.286422751102183,605400
2017-05-10,17.269227981567383,17.269227981567383,17.1230970680728,17.166076073406046,1150500
2017-05-11,17.191864013671875,17.226248528680298,17.071521490230225,17.226248528680298,486400
2017-05-12,17.34659194946289,17.34659194946289,17.234843909448692,17.234843909448692,536900
2017-05-15,17.209054946899414,17.518507360442566,17.2004588188088,17.33799358917104,475700
2017-05-16,17.191864013671875,17.209056271176088,17.123096623198943,17.18326788491977,193100
2017-05-17,17.320802688598633,17.346591074888796,17.23484304050867,17.260631426798835,254200
2017-05-18,17.20046043395996,17.21765269175557,17.071521779580785,17.13169304232147,396100
2017-05-19,17.39816665649414,17.39816665649414,17.26922800080679,17.26922800080679,390200
2017-05-22,17.44114875793457,17.50991615601354,17.40676423912304,17.40676423912304,449500
2017-05-23,17.209054946899414,17.406760974352164,17.2004588188088,17.406760974352164,449500
2017-05-24,17.0543270111084,17.11449826499089,17.00275188485822,17.11449826499089,564700
2017-05-25,17.097309112548828,17.11450137093351,16.994158841328744,17.11450137093351,294600
2017-05-26,17.045734405517578,17.12309793064978,17.019946017292163,17.071522793742993,188000
2017-05-30,17.080120086669922,17.080120086669922,16.95977590629737,17.054331696687772,197800
2017-05-31,17.174673080444336,17.217653727518947,17.09730955525408,17.105905684669,232900
2017-06-01,17.157480239868164,17.174672498115083,17.080118356845002,17.105905104671393,201100
2017-06-02,17.10590362548828,17.217651654886183,17.097307497108147,17.17467101298551,300200
2017-06-05,17.131694793701172,17.1832699328166,17.071523524809155,17.09731027459481,282400
2017-06-06,17.062925338745117,17.24343912366709,17.054329210004465,17.148884986607733,362700
2017-06-07,17.217653274536133,17.217653274536133,17.131693622192483,17.14028975138125,337000
2017-06-08,17.25203514099121,17.346590916983825,17.25203514099121,17.25203514099121,212400
2017-06-09,17.312210083007812,17.355190735571657,17.234846547937146,17.234846547937146,284700
2017-06-12,17.10590362548828,17.295015170763545,17.07152075151159,17.295015170763545,377000
2017-06-13,17.045734405517578,17.191865326373513,17.019946017292163,17.10590567183284,201300
2017-06-14,16.925390243530273,17.03713663599483,16.916794114949326,17.01134988979587,449100
2017-06-15,16.942581176757812,16.95977343423997,16.84802703969378,16.856623168434858,454100
2017-06-16,16.976964950561523,16.985561078927322,16.899601434813178,16.959772693829926,231100
2017-06-19,16.822240829467773,16.951179498174646,16.822240829467773,16.933988878012755,369600
2017-06-20,16.78785514831543,16.796451276734057,16.61593585903061,16.796451276734057,230900
2017-06-21,16.564361572265625,16.76206761733856,16.564361572265625,16.76206761733856,272400
2017-06-22,16.297889709472656,16.47840517196475,16.27210295736254,16.47840517196475,629800
2017-06-23,16.37525177001953,16.409636289128446,16.280697621558236,16.358061150009185,391400
2017-06-26,16.418230056762695,16.43542231384365,16.332270410901806,16.38384554260079,326300
2017-06-27,16.383846282958984,16.52138106673382,16.375250154030063,16.469805932704244,314500
2017-06-28,16.42682647705078,16.43542260574393,16.332270700970064,16.358059087049508,435900
2017-06-29,16.65032196044922,16.693300967096896,16.469806525532153,16.469806525532153,394800
2017-06-30,17.062925338745117,17.062925338745117,16.76206739099791,16.76206739099791,985700
2017-07-03,17.312210083007812,17.372381357052944,17.191867534917552,17.226252056968626,796800
2017-07-05,17.337997436523438,17.449743847410694,17.15748198565122,17.389572576968007,2448700
2017-07-06,17.243440628051758,17.260632887032983,17.08871357630884,17.1660771021803,871700
2017-07-07,17.27782440185547,17.34659179527449,17.20046087931607,17.226249266677197,625300
2017-07-10,17.29501724243164,17.41535977508095,17.269228854202197,17.380975257441698,836000
2017-07-11,17.303611755371094,17.329400143634924,17.131694085577696,17.200461481403863,1087600
2017-07-12,17.286418914794922,17.35518630178459,17.22624765612194,17.26063052984486,1193300
2017-07-13,17.14888572692871,17.26063212629349,17.12309733959346,17.23484373895824,582400
2017-07-14,17.25203514099121,17.277823527046625,17.174671622368873,17.19186387973915,297800
2017-07-17,17.217653274536133,17.243440022558428,17.131693622192483,17.19186488696984,439800
2017-07-18,17.157480239868164,17.363784059743217,17.14028962116523,17.329399543249377,441100
2017-07-19,17.415359497070312,17.423955626342902,17.191865054615036,17.191865054615036,428800
2017-07-20,17.406761169433594,17.458336299011503,17.36378216804264,17.441145682181403,455300
2017-07-21,17.303611755371094,17.441148186567474,17.303611755371094,17.36378466132003,790900
2017-07-24,17.071523666381836,17.123098805924972,17.019946887294576,17.10590654622922,556800
2017-07-25,16.796451568603516,17.028540481763986,16.796451568603516,17.028540481763986,722500
2017-07-26,16.942581176757812,16.968369562981046,16.787855778050144,16.787855778050144,1529400
2017-07-27,17.131694793701172,17.16607767326342,17.080119654585744,17.123098663924583,348000
2017-07-28,17.140287399291992,17.191862527803146,17.123095143273684,17.15747801576653,167400
2017-07-31,17.131694793701172,17.148887053254352,17.062927395032563,17.088714144818223,593200
2017-08-01,16.89100456237793,17.080116099007217,16.848025561986056,17.071519971020088,881700
2017-08-02,17.097309112548828,17.10590524174117,16.942582066174705,16.968370453751724,926300
2017-08-03,16.95977210998535,17.019943366930686,16.916793109179764,17.002752750334725,422700
2017-08-04,16.89960289001465,17.002754799742657,16.88241063180265,16.994158670636658,646400
2017-08-07,16.933988571166992,16.968371450411876,16.891007922680764,16.933988571166992,261900
2017-08-08,16.873815536499023,17.028542590798654,16.84802878714514,17.028542590798654,518200
2017-08-09,16.77066421508789,16.84802773741752,16.77066421508789,16.822239350126317,386800
2017-08-10,16.409635543823242,16.779260909735605,16.37525102627603,16.762068650961996,1721000
2017-08-11,16.50419044494629,16.512784934329453,16.392442408437784,16.392442408437784,564300
2017-08-14,16.418230056762695,16.43542231384365,16.315078153820853,16.358058796523235,578600
2017-08-15,16.28069496154785,16.34946234898606,16.229118191311315,16.306481707122277,510000
2017-08-16,16.14316177368164,16.289292691296723,16.08298886915684,16.280696562078894,750600
2017-08-17,16.040010452270508,16.12597010806482,15.971243055543871,16.12597010806482,514400
2017-08-18,16.048606872558594,16.065799131937744,15.928264335992738,16.05720300224817,714100
2017-08-21,15.971242904663086,16.014221912382187,15.936860026396616,15.971242904663086,426300
2017-08-22,15.971242904663086,15.997031293020974,15.919667767491356,15.945454516305196,582600
2017-08-23,15.885281562805176,15.979837337199072,15.868089305725581,15.979837337199072,795100
2017-08-24,16.040010452270508,16.040010452270508,15.842304391624436,15.945454666942359,790500
2017-08-25,16.031414031982422,16.11737368621772,16.022817902604487,16.031414031982422,479400
2017-08-28,16.14316177368164,16.168948521791123,16.065798250265185,16.074394379483014,585300
2017-08-29,15.885281562805176,16.07439311159297,15.868089305725581,16.048604725973576,513500
2017-08-30,15.893878936767578,15.902475065980957,15.756344148441533,15.842303801031312,746100
2017-08-31,16.02281951904297,16.03141564928811,15.876688583963963,15.893880844454246,639400
2017-09-01,15.988434791564941,16.06579831529454,15.971242533059694,16.0142215397788,881500
2017-09-05,16.151758193969727,16.229120079236314,16.057202410413627,16.057202410413627,1145800
2017-09-06,16.19473648071289,16.21192873869341,16.100180701364003,16.117372959344518,681400
2017-09-07,16.117374420166016,16.19473794854634,16.108778290396632,16.18614181877696,576400
2017-09-08,16.20333480834961,16.24631381958881,16.134567406640382,16.134567406640382,606600
2017-09-11,16.186140060424805,16.211928446931474,16.117372669284283,16.203332318095917,342500
2017-09-12,16.091583251953125,16.16894676697331,15.97124073505232,16.134563893377575,1050700
2017-09-13,16.20333480834961,16.21193093850629,16.125971276483707,16.134567406640382,741100
2017-09-14,16.211929321289062,16.332271852389425,16.177544804092374,16.220525450588234,618000
2017-09-15,16.383846282958984,16.383846282958984,16.220524751941333,16.220524751941333,1529000
2017-09-18,16.28929328918457,16.39244356449657,16.280697159651226,16.366656815440603,431700
2017-09-19,16.22911834716797,16.289291246355134,16.143160341702593,16.272098989444515,763800
2017-09-20,16.4354248046875,16.452615424829872,16.229120967537774,16.237717097381022,394300
2017-09-21,16.383846282958984,16.418230798674667,16.358059535716173,16.375250154030063,1173200
2017-09-22,16.383846282958984,16.486998190562087,16.358059535716173,16.40963466974575,492400
2017-09-25,16.237716674804688,16.332272461075547,16.20333379587061,16.332272461075547,807900
2017-09-26,16.186140060424805,16.229119065058654,16.14316105579095,16.211928446931474,466400
2017-09-27,16.315078735351562,16.315078735351562,16.134564948198992,16.160351695195683,633000
2017-09-28,16.19473648071289,16.263503873091,16.18614035172263,16.263503873091,659000
2017-09-29,16.315078735351562,16.383846126582625,16.168947824042558,16.19473621058318,1902300
2017-10-02,16.254907608032227,16.297886613079786,16.1345650822639,16.1431612111822,742800
2017-10-03,16.263504028320312,16.323675292282477,16.237715641103392,16.272100157392618,1156300
2017-10-04,16.263504028320312,16.306483034137866,16.237715641103392,16.272100157392618,781600
2017-10-05,16.37525177001953,16.39244402957399,16.26350536200378,16.26350536200378,618100
2017-10-06,16.409635543823242,16.409635543823242,16.34086814827285,16.349464277659656,1960000
2017-10-09,16.297889709472656,16.383849375442974,16.297889709472656,16.349466492781403,537500
2017-10-10,16.401037216186523,16.452612346050632,16.332269829853104,16.332269829853104,585500
2017-10-11,16.418230056762695,16.43542231384365,16.366654925063713,16.392441671141267,324100
2017-10-12,16.392444610595703,16.495596532034504,16.323677209484558,16.392444610595703,1001600
2017-10-13,16.452613830566406,16.469806088586967,16.36665581955152,16.38384643802812,838800
2017-10-16,16.37525177001953,16.444019168693252,16.358061150009185,16.435424678460134,1114000
2017-10-17,16.263504028320312,16.401038814389256,16.263504028320312,16.375250427172336,1172100
2017-10-18,16.28929328918457,16.315080038240538,16.237716511984505,16.24631264151785,667000
2017-10-19,16.4354248046875,16.47840381435962,16.366657405485633,16.366657405485633,771100
2017-10-20,16.323673248291016,16.469804145134283,16.323673248291016,16.426825144698405,959300
2017-10-23,16.37525177001953,16.418232418905674,16.31508050112304,16.332272760677498,482000
2017-10-24,16.478403091430664,16.495595350362915,16.332272169594635,16.34086829906076,562200
2017-10-25,16.469806671142578,16.581554712684923,16.452614412513906,16.48699892977125,583800
2017-10-26,16.521381378173828,16.56436202362865,16.46121011408106,16.486998501353952,423900
2017-10-27,16.564361572265625,16.564361572265625,16.47840192324228,16.547169314552168,1385500
2017-10-30,16.62453269958496,16.667511703975308,16.564361437620907,16.564361437620907,787300
2017-10-31,16.71048927307129,16.72767988793789,16.581550644081872,16.615933513358694,480300
2017-11-01,16.71048927307129,16.770660523963443,16.667508637045735,16.676104764250848,603700
2017-11-02,16.68470573425293,16.68470573425293,16.5815554569391,16.658917345152425,1026700
2017-11-03,16.693302154541016,16.762069553795335,16.6245347552867,16.701898284390822,492900
2017-11-06,16.71048927307129,16.72767988793789,16.641721894974026,16.641721894974026,855700
2017-11-07,16.71908950805664,16.71908950805664,16.624533725112254,16.676108861471,404100
2017-11-08,16.65032196044922,16.693300967096896,16.624533572734208,16.693300967096896,327900
2017-11-09,16.615934371948242,16.693297881248196,16.590145989000355,16.650318882545424,719700
2017-11-10,16.641727447509766,16.676110328258485,16.615939057290102,16.633131317436543,550000
2017-11-13,16.581554412841797,16.641725677410054,16.572958283682905,16.615937289933374,841000
2017-11-14,16.44401741027832,16.59014832177671,16.426826792106226,16.572957703604615,782600
2017-11-15,16.409635543823242,16.42682780259685,16.34086814827285,16.38384715566283,412400
2017-11-16,16.383846282958984,16.43542305653251,16.366655664645094,16.40963466974575,603700
2017-11-17,16.401037216186523,16.444016217815978,16.383844959717216,16.383844959717216,859000
2017-11-20,16.332271575927734,16.332271575927734,16.25490805308877,16.32367544677407,620100
2017-11-21,16.34086799621582,16.409635391126308,16.306483478988568,16.306483478988568,343200
2017-11-22,16.478403091430664,16.495595350362915,16.383847306847336,16.383847306847336,465800
2017-11-24,16.452613830566406,16.538573481125255,16.418230954069244,16.504190604628093,357200
2017-11-27,16.44401741027832,16.46120966799435,16.40103840553218,16.426826792106226,315700
2017-11-28,16.4354248046875,16.4354248046875,16.375251895784757,16.401040285314505,373400
2017-11-29,16.564361572265625,16.58155382997908,16.461209665528823,16.461209665528823,656600
2017-11-30,16.401037216186523,16.60733937518678,16.383844959717216,16.512783604149398,684400
2017-12-01,16.383846282958984,16.461209803775326,16.375250154030063,16.383846282958984,1448700
2017-12-04,16.315078735351562,16.40963451312325,16.297886477657812,16.3924422554295,1606900
2017-12-05,16.20333480834961,16.33227348161139,16.17754641787958,16.297888960984682,808600
2017-12-06,16.031414031982422,16.19473721107509,16.014221773226556,16.18614108169716,780300
2017-12-07,15.885281562805176,15.98843346573887,15.842302559650065,15.98843346573887,1061000
2017-12-08,15.842301368713379,15.919664880211919,15.825109112926203,15.919664880211919,520000
2017-12-11,15.730555534362793,15.816515185715197,15.704768786637857,15.79932292753592,661200
2017-12-12,15.636000633239746,15.730554769540571,15.627404504568053,15.696171894397699,737300
2017-12-13,15.687576293945312,15.696172422906448,15.636001159722458,15.644597288683594,639600
2017-12-14,15.67898178100586,15.72196243024152,15.67898178100586,15.713366300394387,720800
2017-12-15,15.756343841552734,15.756343841552734,15.661788061591254,15.713364835866955,367100
2017-12-18,15.773537635803223,15.876687915312315,15.76494150592011,15.842305035323994,749800
2017-12-19,15.790727615356445,15.859495004947066,15.773535358072815,15.773535358072815,586600
2017-12-20,15.8594970703125,15.89387994981351,15.807920291744823,15.816516421506103,556500
2017-12-21,15.876687049865723,15.911071567523857,15.799323524678965,15.816515783508033,1147200
2017-12-22,15.825111389160156,15.893878782656392,15.75634399566392,15.876686524396336,612100
2017-12-26,15.962645530700684,15.98843391704801,15.833706878051892,15.833706878051892,669600
2017-12-27,16.048606872558594,16.074395261627316,15.988435604275667,15.988435604275667,1029600
2017-12-28,16.091583251953125,16.108775508522907,16.04000812178761,16.057200378357393,677200
2017-12-29,16.1259708404541,16.134566970378348,16.06579957052852,16.117374710529855,871200
2018-01-02,16.30648422241211,16.34086874120698,16.151758806467495,16.151758806467495,1317700
2018-01-03,16.297889709472656,16.332274231678486,16.24631456570817,16.332274231678486,990300
2018-01-04,16.272098541259766,16.30648141459013,16.18613889861813,16.22911790016704,647400
2018-01-05,16.186140060424805,16.237715193894214,16.151757184626508,16.237715193894214,722000
2018-01-08,16.07439422607422,16.1001809739376,16.00562683253189,16.08298871566602,940400
2018-01-09,16.10877799987793,16.10877799987793,15.997031593979512,16.03141447289284,463700
2018-01-10,16.048606872558594,16.12597040022067,16.04001074286902,16.117374270531094,717100
2018-01-11,15.988434791564941,16.022817669031422,15.954050274554447,16.00562705007019,993600
2018-01-12,15.954052925109863,16.031416461692395,15.859498766710104,16.031416461692395,876000
2018-01-16,15.936859130859375,15.936859130859375,15.876686228072252,15.911070743950608,538300
2018-01-17,16.065797805786133,16.091584553182194,15.919666892213932,15.962645897570008,872700
2018-01-18,16.05720329284668,16.246313230807495,16.014222643620958,16.143162951754004,777200
2018-01-19,16.014219284057617,16.06579605230839,15.971240283392422,16.022815412099412,520400
2018-01-22,16.065797805786133,16.117372940122216,16.048605547826117,16.08298842420219,547500
2018-01-23,16.005626678466797,16.048605684188058,15.962646033201564,16.048605684188058,359100
2018-01-24,16.16035270690918,16.16035270690918,16.05720243337686,16.065798562761895,598700
2018-01-25,16.10877799987793,16.289293442691164,16.100181870263576,16.289293442691164,656800
2018-01-26,16.237716674804688,16.246312804424228,16.10018187998021,16.10877800959975,815000
2018-01-29,16.254907608032227,16.340867257671295,16.229119221277323,16.332271128752993,621900
2018-01-30,16.28069496154785,16.32367396386779,16.186139188991376,16.29788557874952,1052400
2018-01-31,16.186140060424805,16.280695838071995,16.17754393158925,16.27209970923644,752300
2018-02-01,16.332271575927734,16.332271575927734,16.134565524025483,16.15175778233281,1133000
2018-02-02,16.30648422241211,16.315080352110826,16.23771682436647,16.30648422241211,658100
2018-02-05,16.19473648071289,16.306482878498336,16.168948093742113,16.237715486120223,1033200
2018-02-06,16.315078735351562,16.323674864198438,16.21192846827693,16.21192846827693,1226000
2018-02-07,16.297889709472656,16.35806262333286,16.254910696259625,16.35806262333286,798100
2018-02-08,16.211929321289062,16.323675723090254,16.211929321289062,16.323675723090254,873000
2018-02-09,16.177541732788086,16.23771298691476,16.11737047866141,16.194733988122483,1012100
2018-02-12,16.28069496154785,16.289291089920606,16.186139188991376,16.20333144573689,644000
2018-02-13,16.28069496154785,16.306481707122277,16.23771431968407,16.28069496154785,981800
2018-02-14,16.34086799621582,16.366656384136263,16.21192933570166,16.246312213384893,1024900
2018-02-15,16.4354248046875,16.444019294986624,16.332272886112637,16.392444155471257,1827000
2018-02-16,16.30648422241211,16.36665713030313,16.280697472860055,16.36665713030313,840700
2018-02-20,16.315078735351562,16.3924422554295,16.306482606504687,16.306482606504687,583200
2018-02-21,16.272098541259766,16.375248800794676,16.26350241304122,16.315077542808677,992600
2018-02-22,16.366655349731445,16.366655349731445,16.28069570164015,16.28069570164015,715300
2018-02-23,16.418230056762695,16.44401680284025,16.366654925063713,16.40963392822222,723700
2018-02-26,16.452613830566406,16.504190604628093,16.401038696048683,16.418230954069244,636300
2018-02-27,16.418230056762695,16.478401317002156,16.40963392822222,16.44401680284025,509800
2018-02-28,16.478403091430664,16.572958876013992,16.469806961964537,16.478403091430664,860600
2018-03-01,16.727684020996094,16.74487627965416,16.52138183573138,16.564362482376545,3122600
2018-03-02,16.667512893676758,16.744876418736606,16.590149368616906,16.710493540678918,1596900
2018-03-05,16.873815536499023,16.88241166613168,16.684705603212855,16.719090121743477,1412900
2018-03-06,16.839433670043945,16.91679720184552,16.81364527959536,16.873816551097878,937100
2018-03-07,16.693302154541016,16.82224082319985,16.68470602469121,16.796454073194557,762600
2018-03-08,16.744874954223633,16.770663340169467,16.6503208181767,16.676107564578636,538700
2018-03-09,16.63313102722168,16.719090686909905,16.598746507528737,16.719090686909905,534900
2018-03-12,16.658916473388672,16.676108731889336,16.598745208180357,16.624533595931354,903000
2018-03-13,16.667512893676758,16.76206867753747,16.633130015619066,16.710493540678918,332700
2018-03-14,16.67610740661621,16.744874795609817,16.667511278049027,16.710491920884955,258400
2018-03-15,16.572956085205078,16.676106342340454,16.547167701149345,16.676106342340454,573600
2018-03-16,16.495594024658203,16.572957544091793,16.469805638332367,16.572957544091793,3647400
2018-03-19,16.19473648071289,16.383846399866705,16.18614035172263,16.375250270876446,871400
2018-03-20,16.16035270690918,16.24631236121547,16.151758217068185,16.203333353834342,1190700
2018-03-21,16.20333480834961,16.23771768943213,16.143163536797058,16.21193093850629,450000
2018-03-22,16.20333480834961,16.23771768943213,16.143163536797058,16.21193093850629,781300
2018-03-23,16.22052574157715,16.246312490393244,16.014221913784073,16.143162216040757,1926000
2018-03-26,16.168947219848633,16.254906865561345,16.160351091322973,16.211927862476927,446600
2018-03-27,16.07439422607422,16.151757748752342,16.05720196780264,16.108777103073393,372600
2018-03-28,16.065797805786133,16.108776811142206,15.979838155530022,15.98843428451003,474000
2018-03-29,16.168947219848633,16.203331733951266,16.005625696492736,16.065796956628475,1417900
2018-04-02,16.082988739013672,16.28929255948415,16.074394249409394,16.246311913742804,669300
2018-04-03,15.988434791564941,16.134565709771515,15.979838662312318,16.10018119276102,1126400
2018-04-04,15.945453643798828,15.962645901763358,15.747747595838609,15.799322730188239,1794300
2018-04-05,16.177541732788086,16.186137860455286,16.022814713865944,16.048603096867538,501500
2018-04-06,16.091583251953125,16.16894676697331,16.0486042500725,16.100179380238014,406200
2018-04-09,16.323673248291016,16.375248376722823,16.11737109502001,16.20333073543554,679300
2018-04-10,16.237716674804688,16.323676331456006,16.22052605510969,16.27210119328285,743300
2018-04-11,16.24631118774414,16.34946309336983,16.21192831223152,16.254907316508273,347100
2018-04-12,16.30648422241211,16.315080352110826,16.22052620451313,16.254909083763906,383600
2018-04-13,16.254907608032227,16.340867257671295,16.22052473190297,16.340867257671295,402500
2018-04-16,16.20333480834961,16.358061872081418,16.20333480834961,16.349465741924742,256400
2018-04-17,16.19473648071289,16.25490774410074,16.134565217325036,16.229119357129964,231600
2018-04-18,16.37525177001953,16.38384789979676,16.30648437134581,16.30648437134581,563900
2018-04-19,16.332271575927734,16.444017975837358,16.280696440549754,16.444017975837358,243100
2018-04-20,16.20333480834961,16.280698340215515,16.168950287722904,16.24631381958881,563100
2018-04-23,16.151758193969727,16.237716208609054,16.13456593522425,16.21192946003487,304200
2018-04-24,16.272098541259766,16.272098541259766,16.108775384195038,16.12596764063213,242400
2018-04-25,16.383846282958984,16.40963466974575,16.194736365154572,16.194736365154572,330300
2018-04-26,16.30648422241211,16.43542452834877,16.27210134316134,16.418232268951336,487300
2018-04-27,16.521381378173828,16.521381378173828,16.28069632180275,16.28069632180275,364000
2018-04-30,16.54717254638672,16.572960937993642,16.495597402717127,16.529980285315435,420300
2018-05-01,16.744874954223633,16.770663340169467,16.547168913937256,16.547168913937256,620400
2018-05-02,16.607341766357422,16.744876558826896,16.598745636885074,16.684705292064507,596400
2018-05-03,16.796451568603516,16.796451568603516,16.59014776205928,16.62453227633128,542200
2018-05-04,16.607341766357422,16.684705292064507,16.590149507412725,16.67610916259216,538000
2018-05-07,16.461210250854492,16.555766032096766,16.461210250854492,16.555766032096766,333100
2018-05-08,16.495594024658203,16.51278464266484,16.426826633999895,16.51278464266484,221000
2018-05-09,16.366655349731445,16.444017229515303,16.34086696344088,16.444017229515303,523900
2018-05-10,16.37525177001953,16.45261529847048,16.332272760677498,16.366657279786413,251900
2018-05-11,16.28929328918457,16.366656815440603,16.26350490058454,16.332272297307227,286900
2018-05-14,16.20333480834961,16.30648509114136,16.20333480834961,16.280698340215515,401500
2018-05-15,16.117374420166016,16.18614181877696,16.031414762016308,16.18614181877696,546700
2018-05-16,16.134563446044922,16.17754244673395,16.108775061905238,16.17754244673395,155900
2018-05-17,16.040010452270508,16.254908771984255,16.040010452270508,16.254908771984255,220200
2018-05-18,16.22052574157715,16.289293137660156,16.11737382768061,16.15175834549414,494200
2018-05-21,16.323673248291016,16.418229016702472,16.289290375851067,16.383844504718756,792600
2018-05-22,16.418230056762695,16.48699744554263,16.38384554260079,16.43542231384365,379500
2018-05-23,16.581554412841797,16.581554412841797,16.426827367069713,16.435423496228605,470100
2018-05-24,16.52997589111328,16.69329904878538,16.52997589111328,16.658914535783328,368500
2018-05-25,16.641727447509766,16.650323577582988,16.521383266028835,16.547171656248498,284800
2018-05-29,16.521381378173828,16.676108422723225,16.452613984990094,16.658916164541296,462000
2018-05-30,16.52997589111328,16.52997589111328,16.383844989942208,16.504189145905563,399800
2018-05-31,16.512786865234375,16.59015039508085,16.461211725184768,16.56436364482812,788300
2018-06-01,16.452613830566406,16.555765739145816,16.418230954069244,16.555765739145816,412000
2018-06-04,16.05720329284668,16.641727005963535,16.031414903311244,16.641727005963535,1242700
2018-06-05,16.02281951904297,16.134567572685608,15.971244377116319,16.134567572685608,752200
2018-06-06,16.10017967224121,16.203331573986894,16.091583543800418,16.091583543800418,601100
2018-06-07,15.971242904663086,16.19473735179931,15.928263896943987,16.19473735179931,1039700
2018-06-08,16.134563446044922,16.151755702138047,15.962644164201258,16.005624804434063,596300
2018-06-11,15.954052925109863,16.100183867594165,15.954052925109863,16.100183867594165,621300
2018-06-12,16.151758193969727,16.17754494254391,15.988435014975746,16.01422176354993,834600
2018-06-13,16.048606872558594,16.151758789289396,16.031414613179443,16.108778140841522,303000
2018-06-14,15.83370590209961,15.979836803306119,15.825109773847013,15.979836803306119,798500
2018-06-15,15.868091583251953,15.936860621440662,15.678981646865337,15.739152915736346,820500
2018-06-18,15.71336555480957,15.7735368213403,15.644598158839587,15.73055617414403,1001800
2018-06-19,15.558638572692871,15.58442532158045,15.231992210735054,15.515657925306813,1695800
2018-06-20,15.62740421295166,15.670383215964215,15.532848438871401,15.636000341462946,478500
2018-06-21,15.584426879882812,15.65319428303257,15.567236258753537,15.627407531566547,394100
2018-06-22,15.653190612792969,15.678978997756548,15.558636480347513,15.627403867373223,339600
2018-06-25,15.403909683227539,15.515656074009822,15.403909683227539,15.472677071295989,598100
2018-06-26,15.378121376037598,15.481273278436507,15.335142373105308,15.421102018513755,438400
2018-06-27,15.266375541687012,15.360931319040596,15.257779412878147,15.335142932614001,1004800
2018-06-28,15.274972915649414,15.386719320185911,15.266376786139828,15.300759664634112,568700
2018-06-29,15.498466491699219,15.575830013385849,15.223395281511221,15.223395281511221,839500
2018-07-02,15.180415153503418,15.386717316232678,15.16322289672335,15.369525059452611,996500
2018-07-03,15.18901252746582,15.274972178871414,15.180416398370863,15.249183791586542,281100
2018-07-05,15.180415153503418,15.28356705463997,15.171819025113384,15.240586412689805,893700
2018-07-06,15.395313262939453,15.412505519516632,15.16322271777904,15.16322271777904,943300
2018-07-09,15.231990814208984,15.335142718934113,15.18901181030746,15.335142718934113,361900
2018-07-10,15.146034240722656,15.249184515672127,15.111649722710128,15.231992256665862,723000
2018-07-11,14.853772163391113,15.103053356905475,14.8279837752852,15.103053356905475,847100
2018-07-12,14.956921577453613,14.999902221827568,14.853771310043996,14.853771310043996,2362800
2018-07-13,14.922538757324219,14.956921633408072,14.827982978891717,14.956921633408072,943000
2018-07-16,14.896751403808594,15.042882326274162,14.879559144802277,14.991307188799274,415600
2018-07-17,14.896751403808594,14.965518800289798,14.853772395836863,14.888155274305436,403300
2018-07-18,14.853772163391113,14.905347300058907,14.810791516547924,14.905347300058907,350500
2018-07-19,14.888154983520508,14.922539500861566,14.819387588382419,14.827983717717682,304000
2018-07-20,14.991307258605957,15.017094007691448,14.913943732261354,14.956922740433216,438800
2018-07-23,15.025689125061035,15.068669769881664,14.982710119784363,15.042881382989288,313200
2018-07-24,14.974114418029785,15.051477941370132,14.948326030401669,14.99130667644853,420900
2018-07-25,15.18901252746582,15.197608656560778,15.034285482844549,15.042881611939507,700400
2018-07-26,15.085861206054688,15.317951782035601,15.085861206054688,15.283568903859194,803100
2018-07-27,15.017093658447266,15.077266563850158,14.974114651274942,15.077266563850158,847200
2018-07-30,15.111649513244629,15.240588174916253,14.991306980956987,14.991306980956987,382000
2018-07-31,15.068669319152832,15.21480022808404,15.017092546910824,15.163223455842033,497700
2018-08-01,14.991307258605957,15.103053663579239,14.939730481346844,15.068670784950562,352500
2018-08-02,14.939729690551758,15.05147772915402,14.90534681374305,14.991306465080793,511600
2018-08-03,15.05147647857666,15.103051609276507,14.905345575307223,14.905345575307223,311800
2018-08-06,15.163224220275879,15.197608736837333,15.07726620796022,15.07726620796022,347900
2018-08-07,15.085861206054688,15.214801507962337,15.07726671616862,15.19760924910211,346700
2018-08-08,15.077266693115234,15.1030534418221,15.02568991661342,15.060074434281296,274500
2018-08-09,15.034284591674805,15.07726523460188,15.017092334503976,15.07726523460188,278100
2018-08-10,14.793598175048828,15.060073247340856,14.776407557113789,14.96551747075053,536500
2018-08-13,14.681852340698242,14.750619733693908,14.6474694639724,14.664660082563332,414500
2018-08-14,14.80219554901123,14.80219554901123,14.724832023391713,14.750620411779568,294100
2018-08-15,14.673256874084473,14.819387795740631,14.664660744628927,14.819387795740631,421300
2018-08-16,14.862367630004883,14.956921769755397,14.742023463754474,14.742023463754474,406700
2018-08-17,14.991307258605957,14.999903388149143,14.802195687744005,14.802195687744005,298200
2018-08-20,14.845175743103027,15.008497279274449,14.827983484702667,15.008497279274449,184200
2018-08-21,14.827982902526855,14.92253868047239,14.767811640032036,14.793598387076138,226500
2018-08-22,14.733428955078125,14.776409604731482,14.664661555176892,14.776409604731482,305900
2018-08-23,14.604490280151367,14.707642199739581,14.587298020295973,14.656065420173404,384800
2018-08-24,14.64747142791748,14.733429451029401,14.630279167477418,14.673258179033379,261600
2018-08-27,14.767812728881836,14.776408858378318,14.578701159047325,14.578701159047325,294800
2018-08-28,14.527125358581543,14.716236919784832,14.527125358581543,14.716236919784832,552800
2018-08-29,14.604490280151367,14.664661550101101,14.527126750346241,14.587298020295973,579100
2018-08-30,14.484146118164062,14.578700257691267,14.47554998919905,14.570105768270214,757600
2018-08-31,14.66465950012207,14.67325562884811,14.527124719593257,14.527124719593257,1005200
2018-09-04,14.6560640335083,14.664660162622685,14.449761853395032,14.501338628081339,1059100
2018-09-05,14.6560640335083,14.724831426879389,14.638873414823516,14.71623693730899,533400
2018-09-06,14.621681213378906,14.673256348721523,14.60448895508337,14.61308508423114,393300
2018-09-07,14.699044227600098,14.699044227600098,14.621680707490839,14.656063583348324,398400
2018-09-10,14.80219554901123,14.819387807936469,14.750620411779568,14.750620411779568,391300
2018-09-11,14.6560640335083,14.759215943336926,14.6474695439379,14.759215943336926,559500
2018-09-12,14.750619888305664,14.827983411179686,14.647469617502964,14.647469617502964,1287700
2018-09-13,14.681852340698242,14.759215862761362,14.630277205837489,14.759215862761362,635300
2018-09-14,14.6560640335083,14.699044679080222,14.630277285709132,14.681852420851452,701400
2018-09-17,14.527125358581543,14.699044661576536,14.527125358581543,14.699044661576536,850700
2018-09-18,14.51852798461914,14.561508626454604,14.484145110694614,14.561508626454604,614000
2018-09-19,14.587296485900879,14.587296485900879,14.501338474753869,14.527125222280384,356400
2018-09-20,14.681852340698242,14.724831346491543,14.578700431432758,14.578700431432758,478000
2018-09-21,14.681852340698242,14.690448469765698,14.613084947702578,14.664660082563332,307500
2018-09-24,14.638873100280762,14.707640492174258,14.6216808424214,14.656063718596174,648700
2018-09-25,14.595892906188965,14.656064171010192,14.54431777056277,14.604489035383997,327800
2018-09-26,14.57870101928711,14.59589327811526,14.561510400003002,14.57870101928711,449300
2018-09-27,14.51852798461914,14.578699243644945,14.484145110694614,14.578699243644945,267900
2018-09-28,14.535720825195312,14.595892086637956,14.501337949889763,14.509932439058218,418300
2018-10-01,14.6560640335083,14.673256291737069,14.544317634109275,14.544317634109275,1171900
2018-10-02,14.922538757324219,14.931134886231169,14.681852066561461,14.681852066561461,1481700
2018-10-03,14.767812728881836,14.948326529675803,14.759216599385352,14.948326529675803,492800
2018-10-04,14.742023468017578,14.810790860376,14.716236720598145,14.767811854980971,651000
2018-10-05,14.91394329071045,14.91394329071045,14.802195249501578,14.802195249501578,279800
2018-10-08,14.999902725219727,15.008497214839005,14.905346943967697,14.956922079403352,277500
2018-10-09,14.982710838317871,15.00849758690296,14.922539572227283,14.99990309707062,395000
2018-10-10,14.853772163391113,14.9569224367267,14.836579904653838,14.922539558796181,394100
2018-10-11,14.888154983520508,14.965518507993862,14.80219532971189,14.853772105723477,708100
2018-10-12,15.085861206054688,15.103053464914913,15.008497680727716,15.017093810157828,574300
2018-10-15,15.266375541687012,15.283567799304741,15.08586011578871,15.08586011578871,990200
2018-10-16,15.266375541687012,15.309354546187407,15.240587155260418,15.274971670495876,1230400
2018-10-17,15.257781028747559,15.317952297238097,15.231992639589855,15.231992639589855,512100
2018-10-18,15.085861206054688,15.223395997848403,15.085861206054688,15.214801507962337,650900
2018-10-19,15.077266693115234,15.18901309644775,15.060074434281296,15.085861182988161,520000
2018-10-22,15.146034240722656,15.180417119191127,15.103053593206996,15.12024585221326,386400
2018-10-23,15.180415153503418,15.21479966706355,15.042880378350576,15.05147650674061,334200
2018-10-24,15.146034240722656,15.292165163187788,15.137438111219524,15.25778064517526,403300
2018-10-25,15.094456672668457,15.197608581756239,15.068669925054492,15.146033446984333,378600
2018-10-26,15.231990814208984,15.274971457654415,15.1632234242402,15.1632234242402,421600
2018-10-29,15.05147647857666,15.292163154415686,15.05147647857666,15.231990255798047,331200
2018-10-30,14.999902725219727,15.085860737764484,14.965518208566627,15.085860737764484,255900
2018-10-31,14.965518951416016,15.00849795982176,14.931136072600234,14.956922821826051,711700
2018-11-01,15.146034240722656,15.206205507700524,15.042882326229128,15.068670714738525,952000
2018-11-02,15.274972915649414,15.274972915649414,15.189013260097616,15.231992268101484,1190600
2018-11-05,15.18901252746582,15.292164437061329,15.154628011085991,15.2577799206815,475400
2018-11-06,15.111649513244629,15.19760916754039,15.111649513244629,15.18901303815641,333800
2018-11-07,15.120245933532715,15.137438192631443,15.077266925329964,15.120245933532715,436800
2018-11-08,15.042881965637207,15.137437748361013,14.948326182913402,15.103053231172712,818600
2018-11-09,14.879558563232422,14.991306602861728,14.862367944442063,14.948325957025844,824900
2018-11-12,14.87096118927002,14.922537959955775,14.836578315023376,14.836578315023376,465900
2018-11-13,14.810791015625,14.870962279626351,14.776408138857363,14.870962279626351,395000
2018-11-14,14.853772163391113,14.879558911952993,14.810791516547924,14.870962782584355,461200
2018-11-15,14.819388389587402,14.96551931709936,14.810792259787391,14.862369038587458,453700
2018-11-16,14.974114418029785,15.008497295323272,14.793598983720974,14.793598983720974,356800
2018-11-19,14.922538757324219,14.939729375594172,14.845175236705616,14.931134886231169,166600
2018-11-20,14.827982902526855,14.92253868047239,14.827982902526855,14.92253868047239,432700
2018-11-21,14.819388389587402,14.879559658643364,14.793600000187368,14.845176778987435,193400
2018-11-23,14.750619888305664,14.81079115286457,14.699044752904314,14.73342762999055,213000
2018-11-26,14.681852340698242,14.750619733693908,14.630277205837489,14.742023604626453,361800
2018-11-27,14.690449714660645,14.742024853891968,14.664661325272924,14.733428724096061,636600
2018-11-28,14.827982902526855,14.827982902526855,14.742023253444,14.776407768894716,333400
2018-11-29,14.862367630004883,14.913942764372797,14.819386985078323,14.836579243048947,558700
2018-11-30,14.862367630004883,14.888154377416859,14.793598598122387,14.819386985078323,391000
2018-12-03,14.931135177612305,15.051477705570196,14.896750661313492,14.974114183441843,1685600
2018-12-04,14.862367630004883,14.922538893358109,14.845175372034259,14.870962119446235,1486000
2018-12-06,14.827982902526855,14.836579031389535,14.69904424867454,14.776407768894716,719700
2018-12-07,14.965518951416016,15.00849795982176,14.92253994301027,14.92253994301027,872000
2018-12-10,14.905346870422363,14.956922005603538,14.888154612180642,14.956922005603538,350300
2018-12-11,14.827982902526855,14.879558036158993,14.742023253444,14.870961907296314,227000
2018-12-12,14.896751403808594,14.931135921821227,14.86236852534002,14.87096301529912,279800
2018-12-13,14.965518951416016,14.982711210595944,14.85377254583463,14.870963165470483,344400
2018-12-14,14.896751403808594,15.025690067267846,14.888155274305436,14.965518800289798,284100
2018-12-17,14.80219554901123,14.87955907463075,14.785004929630045,14.87955907463075,351800
2018-12-18,14.80219554901123,14.853772325786945,14.785004929630045,14.845176196324326,341300
2018-12-19,14.776408195495605,14.879558465737873,14.750619808163046,14.80219494328418,661500
2018-12-20,14.733428955078125,14.8193886148407,14.716238334760922,14.8193886148407,258100
2018-12-21,14.613083839416504,14.699043484027726,14.613083839416504,14.681851227196711,806100
2018-12-24,14.726027488708496,14.734713951900924,14.526204036403024,14.65652418354253,368700
2018-12-26,14.734715461730957,14.804220431108433,14.699964634131895,14.699964634131895,1059000
2018-12-27,14.682587623596191,14.73471469081234,14.665211382160944,14.73471469081234,419400
2018-12-28,14.743403434753418,14.769467798008062,14.726028849673314,14.752091555838298,348200
2018-12-31,14.717339515686035,14.760778460440843,14.691275154579436,14.752090340071977,439800
2019-01-02,14.691275596618652,14.76946702520159,14.665211234727815,14.665211234727815,253800
2019-01-03,14.743403434753418,14.76077967692318,14.699964486418668,14.699964486418668,492200
2019-01-04,14.717339515686035,14.778154701178575,14.691275154579436,14.752090340071977,264400
2019-01-07,14.90847396850586,14.934538330969087,14.821594417384715,14.847658779847942,512400
2019-01-08,15.012730598449707,15.012730598449707,14.943227285094881,14.977978113227444,329200
2019-01-09,15.03879165649414,15.073544137906305,15.012728952524537,15.021417072877577,309200
2019-01-10,14.925851821899414,14.986667017124395,14.90847557838091,14.960602651846637,241200
2019-01-11,14.977978706359863,14.995354949659099,14.943227876851157,14.951914341411008,198000
2019-01-14,14.90847396850586,14.960601036342704,14.873723142311167,14.899785847684784,131400
2019-01-15,14.838971138000488,14.882410086418382,14.821594895797466,14.85634738020351,140700
2019-01-16,14.85634708404541,14.925850394382303,14.838970842188779,14.899786031597356,237500
2019-01-17,14.94322681427002,14.94322681427002,14.847659140009602,14.891098088079074,214800
2019-01-18,15.012730598449707,15.038793305276704,14.908474799872616,14.934539163789315,473200
2019-01-22,14.882410049438477,14.934538775918014,14.812906737888751,14.925850654838092,519300
2019-01-23,14.925851821899414,14.925851821899416,14.838972261396679,14.882411213103152,222000
2019-01-24,14.934538841247559,14.934538841247559,14.873723650511726,14.925850720129631,125000
2019-01-25,14.838971138000488,14.847659259102,14.752091584075039,14.838971138000488,280400
2019-01-28,14.847660064697266,14.847660064697267,14.795532992349582,14.830283821551454,331000
2019-01-29,14.778156280517578,14.830283351212064,14.752091916625485,14.830283351212064,114400
2019-01-30,14.769465446472168,14.778153566173762,14.708650265650409,14.778153566173762,122200
2019-01-31,14.69996452331543,14.83897114684312,14.69996452331543,14.79553219839934,484000
2019-02-01,14.708653450012207,14.769468644000199,14.691277206847136,14.75209240083513,691500
2019-02-04,14.873723030090332,14.873723030090332,14.726028291425612,14.726028291425612,350800
2019-02-05,14.830283164978027,14.838971286166288,14.760779852561615,14.821595043789765,490800
2019-02-06,14.865036010742188,14.88241059645099,14.838971646544406,14.856347889342928,298700
2019-02-07,14.726027488708496,14.795530793874462,14.682586887298825,14.795530793874462,443400
2019-02-08,14.621772766113281,14.72602855999134,14.62177276611328,14.72602855999134,465800
2019-02-11,14.60439682006836,14.613084941158293,14.534893508438545,14.613084941158293,290600
2019-02-12,14.673898696899414,14.682586817139834,14.630459752786818,14.639147873027238,272400
2019-02-13,14.647836685180664,14.665211269392719,14.621772323228218,14.630460443879032,306300
2019-02-14,14.51751708984375,14.6217728845664,14.491454383980319,14.6217728845664,474400
2019-02-15,14.656525611877441,14.665212075916399,14.552269815423609,14.595708763977067,442400
2019-02-19,14.595707893371582,14.665211201165178,14.560957068019569,14.63914849642356,235100
2019-02-20,14.500142097473145,14.517516681863949,14.41326254716075,14.508830218213344,280700
2019-02-21,14.534893035888672,14.569645519118557,14.482765968133451,14.543581156696144,350900
2019-02-22,14.560957908630371,14.62177309932446,14.543581666406443,14.595708735988566,237500
2019-02-25,14.395886421203613,14.54358116079302,14.387198300393695,14.54358116079302,258400
2019-02-26,14.369824409484863,14.413263358541618,14.33507192456771,14.395887116083042,380000
2019-02-27,14.430639266967773,14.448013851934487,14.352447834803797,14.38719866182687,167300
2019-02-28,14.282944679260254,14.387198818554824,14.282944679260254,14.387198818554824,328100
2019-03-01,14.291632652282715,14.335071600357027,14.196064978011647,14.30900723725865,404000
2019-03-04,14.187376976013184,14.326383599524851,14.170000733801809,14.291632772191766,1293500
2019-03-05,14.265567779541016,14.282944020985827,14.204752591573765,14.204752591573765,226300
2019-03-06,14.196064949035645,14.239503897021292,14.152626001049995,14.213441191065762,264100
2019-03-07,14.083121299743652,14.152626269180942,14.057058593294347,14.152626269180942,345700
2019-03-08,14.1613130569458,14.17000117832404,14.091809743009602,14.117874107144319,361500
2019-03-11,14.109185218811035,14.161312287157203,14.091808976999104,14.161312287157203,381900
2019-03-12,14.187376976013184,14.222129460435932,14.091809300940287,14.100497422045974,443900
2019-03-13,14.222128868103027,14.282944056220302,14.161312022896158,14.178688264383835,155200
2019-03-14,14.30900764465332,14.378510957804853,14.24819245278194,14.24819245278194,265600
2019-03-15,14.491454124450684,14.491454124450684,14.291632316658019,14.291632316658019,611900
2019-03-18,14.500142097473145,14.508830218213344,14.41326254716075,14.500142097473145,301700
2019-03-19,14.4653902053833,14.560957880339569,14.42195125699754,14.508830810858722,375100
2019-03-20,14.500142097473145,14.526204802604148,14.41326254716075,14.41326254716075,212300
2019-03-21,14.613085746765137,14.621773868334039,14.482767237411094,14.482767237411094,400800
2019-03-22,14.560957908630371,14.699964532242479,14.560957908630371,14.630461220436425,826400
2019-03-25,14.621772766113281,14.665211713593523,14.587021939547013,14.587021939547013,313600
2019-03-26,14.60439682006836,14.673900131698174,14.595708698978425,14.639149304428097,128800
2019-03-27,14.51751708984375,14.578333936734253,14.48276626299596,14.560957694765538,187200
2019-03-28,14.4653902053833,14.500142689763639,14.448013963193132,14.500142689763639,274200
2019-03-29,14.30900764465332,14.474078634796848,14.29163305918271,14.465390513516693,793000
2019-04-01,14.430639266967773,14.448013851934487,14.326383471719256,14.343759713775617,1040300
2019-04-02,14.474078178405762,14.491454420418169,14.40457486744578,14.43063923046439,427000
2019-04-03,14.57833480834961,14.57833480834961,14.517517957822964,14.517517957822964,335800
2019-04-04,14.760781288146973,14.760781288146973,14.595710283695098,14.595710283695098,571700
2019-04-05,14.691275596618652,14.70865183787921,14.621772288665992,14.69996371724893,454100
2019-04-08,14.639148712158203,14.665211417283903,14.61308434994291,14.656524953635065,298200
2019-04-09,14.595707893371582,14.647836617033956,14.57833330924036,14.647836617033956,332100
2019-04-10,14.639148712158203,14.682587658760763,14.604396229204479,14.604396229204479,137300
2019-04-11,14.560957908630371,14.682588290018549,14.552269787518407,14.65652558377232,365600
2019-04-12,14.66521167755127,14.66521167755127,14.543581299233818,14.543581299233818,499400
2019-04-15,14.639148712158203,14.682587658760763,14.621772470681341,14.639148712158203,145800
2019-04-16,14.491454124450684,14.552269313162396,14.474077882793162,14.517516829847354,338200
2019-04-17,14.43932819366455,14.526206094614569,14.4306400721516,14.50014338716546,242100
2019-04-18,14.534893035888672,14.552269277503616,14.47407784732598,14.534893035888672,380000
2019-04-22,14.361135482788086,14.543581047101325,14.343759241304083,14.526204805617322,361600
2019-04-23,14.300318717956543,14.352447442701495,14.282944133464497,14.352447442701495,227600
2019-04-24,14.126562118530273,14.239504381388562,14.126562118530273,14.239504381388562,120900
2019-04-25,14.065746307373047,14.126561496780841,14.048370065516641,14.126561496780841,210600
2019-04-26,14.074434280395508,14.161312174585296,14.065746159558605,14.083120744142796,191000
2019-04-29,13.987554550170898,14.126561167603759,13.987554550170898,14.117873046878007,212800
2019-04-30,13.952802658081055,14.074434696302353,13.926739951889797,14.030994090834152,190000
2019-05-01,13.970178604125977,13.978866725035445,13.874611759756272,13.918051535758797,320400
2019-05-02,14.00493049621582,14.06574568292372,13.978866134588339,13.978866134588339,263700
2019-05-03,13.926739692687988,14.02230570876005,13.926739692687988,14.01361758782811,133800
2019-05-06,13.787732124328613,13.796420245185514,13.700853401394037,13.744292348588921,177400
2019-05-07,13.735604286193848,13.796419471692946,13.648724739585342,13.683476392519792,222800
2019-05-08,13.622662544250488,13.761669169633478,13.622662544250488,13.735605634510378,200700
2019-05-09,13.579222679138184,13.631349749048326,13.50971936689477,13.622662456426527,571400
2019-05-10,13.54447078704834,13.666101167082884,13.518407252547341,13.605285977065613,402700
2019-05-13,13.509719848632812,13.509719848632812,13.39677675507366,13.483656312748352,312000
2019-05-14,13.735604286193848,13.796419471692946,13.605284966281088,13.605284966281088,301800
2019-05-15,13.761667251586914,13.857234086081782,13.74429101156345,13.770355371598646,253300
2019-05-16,13.961490631103516,13.961490631103516,13.813795888257363,13.831172130260358,196900
2019-05-17,13.831171989440918,13.92673966239473,13.822483868527877,13.91805154148169,276700
2019-05-20,14.013617515563965,14.04836999911251,13.970178568217907,13.996242930879315,288800
2019-05-21,14.083121299743652,14.19606521798957,14.065746714474008,14.091809420923314,378800
2019-05-22,14.039682388305664,14.100497579635492,14.004931560584197,14.048370509508452,510400
2019-05-23,13.996244430541992,14.117874821815047,13.97018006508785,14.004932552360039,356800
2019-05-24,14.135249137878418,14.161311842688683,14.06574582990176,14.06574582990176,385000
2019-05-28,14.361135482788086,14.361135482788086,14.256879690973667,14.309006758336078,351200
2019-05-29,14.361135482788086,14.552269167843326,14.317694879078081,14.491453979738912,532600
2019-05-30,14.552268981933594,14.578333343826616,14.474077553344097,14.517516499409563,454300
2019-05-31,14.43932819366455,14.63915001719318,14.43932819366455,14.48276714413956,654400
2019-06-03,14.413263320922852,14.534893703636056,14.378510836096401,14.491454754692679,522300
2019-06-04,14.4653902053833,14.517517274864145,14.40457501480737,14.40457501480737,522400
2019-06-05,14.265567779541016,14.465389584887577,14.248191538096204,14.404574396920328,403900
2019-06-06,14.45670223236084,14.482766595913057,14.309007486410966,14.335071849963184,229200
2019-06-07,14.300318717956543,14.43932699352014,14.300318717956543,14.42195075193849,540700
2019-06-10,14.413263320922852,14.448014148659617,14.248192332176584,14.27425669579642,392400
2019-06-11,14.474078178405762,14.508830662430576,14.361135919504408,14.43063923046439,252600
2019-06-12,14.552268981933594,14.595707927999058,14.517516499409563,14.517516499409563,505100
2019-06-13,14.569645881652832,14.604396708657811,14.55226963960552,14.587022123700146,525400
2019-06-14,14.57833480834961,14.665212709208195,14.55227044383819,14.630461880282708,223600
2019-06-17,14.682587623596191,14.699963865031437,14.604396194227173,14.630460556380042,702600
2019-06-18,14.60439682006836,14.691276373878043,14.587022234978152,14.587022234978152,251600
2019-06-19,14.543580055236816,14.613083359343142,14.51751569478839,14.560956295535767,160700
2019-06-20,14.560957908630371,14.63914934154839,14.500142717936283,14.500142717936283,244800
2019-06-21,14.395886421203613,14.578333644032694,14.395886421203613,14.578333644032694,440800
2019-06-24,14.421950340270996,14.491453647524056,14.41326221972817,14.456701165352747,203200
2019-06-25,14.491454124450684,14.560957433991158,14.482766003621922,14.517516829847354,254700
2019-06-26,14.500142097473145,14.543581044084545,14.439326909381347,14.474077735252548,162200
2019-06-27,14.552268981933594,14.569645223195609,14.491453794606112,14.534892740671578,246000
2019-06-28,14.395886421203613,14.673899658762586,14.378510179583776,14.560957402412857,546500
2019-07-01,14.378509521484375,14.491453429754309,14.361134937749373,14.439326364370242,502200
2019-07-02,14.30900764465332,14.378510957804853,14.282944937902554,14.317695765933474,279400
2019-07-03,14.500142097473145,14.508830218213344,14.352447359068952,14.352447359068952,205000
2019-07-05,14.413263320922852,14.500142875899291,14.395887078509626,14.500142875899291,244900
2019-07-08,14.413263320922852,14.517517461222832,14.395887078509626,14.482766633486065,145400
2019-07-09,14.45670223236084,14.474078474728985,14.248192295212137,14.45670223236084,141000
2019-07-10,14.474078178405762,14.517517126347133,14.413262988451983,14.500142541424372,120400
2019-07-11,14.569645881652832,14.57833400267649,14.404574896382654,14.482766328505916,254600
2019-07-12,14.673898696899414,14.673898696899414,14.543580207472127,14.543580207472127,201200
2019-07-15,14.51751708984375,14.560957694765538,14.448013779058531,14.560957694765538,284300
2019-07-16,14.404574394226074,14.421950635667637,14.33507108554942,14.421950635667637,149900
2019-07-17,14.361135482788086,14.46538961751291,14.352447362046085,14.4306387916345,156100
2019-07-18,14.256879806518555,14.335071236740673,14.248191685706141,14.335071236740673,265800
2019-07-19,14.421950340270996,14.465389285895574,14.256879364136397,14.256879364136397,231900
2019-07-22,14.343759536743164,14.448013673615316,14.317695173980312,14.40457472610019,204900
2019-07-23,14.387198448181152,14.421950931777811,14.24819182797377,14.300318896279132,154500
2019-07-24,14.387198448181152,14.474078000083173,14.369823863472448,14.439327173576139,308900
2019-07-25,14.265567779541016,14.430638759087545,14.265567779541016,14.430638759087545,181700
2019-07-26,14.204752922058105,14.291632474213893,14.204752922058105,14.27425623236481,227800
2019-07-29,14.17868709564209,14.256878518801763,14.17868709564209,14.248190398774081,425200
2019-07-30,14.057058334350586,14.178688714445945,14.057058334350586,14.178688714445945,160000
2019-07-31,13.84854793548584,14.06574682394357,13.84854793548584,14.039682460201735,275900
2019-08-01,13.683477401733398,13.857235679221048,13.674789280722809,13.857235679221048,564000
2019-08-02,13.666101455688477,13.74429288938757,13.657414163034563,13.700853940483487,364400
2019-08-05,13.674789428710938,13.718229205689159,13.370712646953045,13.457591372364659,340500
2019-08-06,13.54447078704834,13.692165530128706,13.509719131532067,13.640037632581885,332400
2019-08-07,13.527094841003418,13.527094841003418,13.431527993378781,13.47496777086083,220800
2019-08-08,13.622662544250488,13.631349836928294,13.535782989113699,13.535782989113699,662800
2019-08-09,13.683477401733398,13.700853643754574,13.622662211748926,13.666101159712222,511600
2019-08-12,13.231704711914062,13.726916825717232,13.214329298883932,13.726916825717232,694900
2019-08-13,13.188265800476074,13.37071219477872,13.14482602496691,13.231704747440434,331600
2019-08-14,13.214329719543457,13.249081375254791,13.144826408120789,13.144826408120789,217400
2019-08-15,13.144824981689453,13.24039181738883,13.118761449870483,13.162200393387186,350000
2019-08-16,13.101386070251465,13.188265620081419,13.075322536720396,13.075322536720396,143100
2019-08-19,13.057947158813477,13.118763179133914,13.031883623558917,13.075323401346415,238600
2019-08-20,13.066635131835938,13.08401137417174,13.031883475709174,13.066635131835938,153400
2019-08-21,13.092698097229004,13.136137872633928,13.08401080498386,13.127449751843983,122500
2019-08-22,13.136138916015625,13.179578694870898,13.110075380120408,13.153515158975681,140600
2019-08-23,12.979754447937012,13.205640607380069,12.945002794833831,13.205640607380069,249800
2019-08-26,13.144824981689453,13.153513101810688,13.066633557687808,13.092697089506778,148700
2019-08-27,13.049260139465332,13.127450746867057,13.014507653671414,13.11876345396344,106200
2019-08-28,13.08401107788086,13.110074612249509,12.936316335550488,13.014506938656433,172700
2019-08-29,13.031883239746094,13.101386550741154,12.997131584248564,13.084011137264799,113300
2019-08-30,13.014507293701172,13.075323313613545,12.997131879829666,13.049259778533866,103900
2019-09-03,13.005820274353027,13.031883809980428,12.945004253162615,12.962380495944121,288700
2019-09-04,13.057947158813477,13.075323401346415,13.014507381025977,13.049259866091855,473700
2019-09-05,12.962379455566406,13.101386072482166,12.945003214179541,13.101386072482166,343700
2019-09-06,12.892877578735352,12.988444431340493,12.884189457077188,12.953692773252724,353000
2019-09-09,12.892877578735352,12.953692773252724,12.701743044980182,12.858125920647582,217400
2019-09-10,13.101386070251465,13.101386070251465,12.910251557752444,12.945003211975466,541900
2019-09-11,13.127449035644531,13.144825276276418,13.031882197803418,13.092697382925511,412200
2019-09-12,13.379400253295898,13.379400253295898,13.19695384854437,13.20564196985274,570200
2019-09-13,13.41415023803711,13.483654371296188,13.379398585679944,13.440214598713546,403800
2019-09-16,13.54447078704834,13.57053432154934,13.431527699484247,13.483655597031069,856200
2019-09-17,13.431527137756348,13.518406687186,13.396775483693444,13.501030445882154,356400
2019-09-18,13.431527137756348,13.457590671167328,13.388087363041521,13.405463604345368,251200
2019-09-19,13.474967002868652,13.518406777874896,13.405463694276579,13.405463694276579,153900
2019-09-20,13.396775245666504,13.457590432059854,13.344647351225936,13.440215019609514,417400
2019-09-23,13.492342948913574,13.535782725636404,13.466279414297807,13.466279414297807,278900
2019-09-24,13.518406867980957,13.570533935500064,13.492342505676604,13.492342505676604,234100
2019-09-25,13.648725509643555,13.648725509643555,13.509718890063029,13.518407010923013,190900
2019-09-26,13.674789428710938,13.683477549815548,13.613974238068325,13.666101307606326,237100
2019-09-27,13.657413482666016,13.709540550172049,13.648725361900077,13.674788895653094,283400
2019-09-30,13.779045104980469,13.796421348083342,13.648726595888427,13.67479013199786,238400
2019-10-01,13.79642105102539,13.79642105102539,13.735605858564531,13.752981272748409,213100
2019-10-02,13.761667251586914,13.805107023100845,13.70953936006125,13.787730783077382,865800
2019-10-03,13.79642105102539,13.822484586573637,13.700854201651916,13.700854201651916,380800
2019-10-04,13.700854301452637,13.770357615784146,13.692166180024982,13.761669494356491,249800
2019-10-07,13.579222679138184,13.648725991381598,13.518407488061406,13.648725991381598,197000
2019-10-08,13.657413482666016,13.700853257950909,13.527094156811335,13.527094156811335,163000
2019-10-09,13.683477401733398,13.735605299252104,13.666101159712222,13.700853643754574,344800
2019-10-10,13.631349563598633,13.718229116993353,13.622662271095022,13.700853703441306,131200
2019-10-11,13.813796043395996,13.822484164495066,13.700853783287409,13.700853783287409,388100
2019-10-14,13.805108070373535,13.874611378650544,13.779043708361064,13.839859724512038,178900
2019-10-15,13.891986846923828,13.909363088334867,13.796420004797502,13.796420004797502,285200
2019-10-16,13.8572359085083,13.874612150816992,13.796420717517558,13.848547787353956,327200
2019-10-17,13.813796043395996,13.900675597297035,13.805108750841757,13.883299355098895,111300
2019-10-18,13.839860916137695,13.848548209011712,13.770357601876382,13.822484673299936,116100
2019-10-21,13.813796043395996,13.848547699247446,13.805108750841757,13.839860406693205,168000
2019-10-22,13.770357131958008,13.839860443847494,13.770357131958008,13.813796080480312,96900
2019-10-23,13.79642105102539,13.822484586573637,13.69216608028755,13.735605858564531,445500
2019-10-24,13.761667251586914,13.81379431456785,13.74429101156345,13.77904266306565,82500
2019-10-25,13.79642105102539,13.85723624348625,13.735605858564531,13.752981272748409,386400
2019-10-28,13.874611854553223,13.874611854553223,13.77904418098575,13.805108543892235,138200
2019-10-29,13.831171989440918,13.89198717874257,13.813795747614837,13.89198717874257,276500
2019-10-30,13.874611854553223,13.90067538891489,13.796420422923406,13.813795836316244,170600
2019-10-31,13.84854793548584,13.865924177980396,13.752981087400315,13.839860642783407,316800
2019-11-01,13.961490631103516,13.970178752105012,13.839860251261854,13.839860251261854,279700
2019-11-04,13.961490631103516,14.01361770002285,13.95280251010202,13.961490631103516,524500
2019-11-05,14.074434280395508,14.074434280395508,13.970178487442302,13.978866608279203,177000
2019-11-06,13.987554550170898,14.039681617435823,13.96149018799364,14.039681617435823,279100
2019-11-07,13.970178604125977,14.004931087763847,13.944114241397575,14.004931087763847,185300
2019-11-08,14.00493049621582,14.057057562381226,13.952801772960857,13.987554255130831,321600
2019-11-11,13.961490631103516,13.996243115109502,13.926739804187173,13.970178752105012,193500
2019-11-12,14.126562118530273,14.126562118530273,13.996243613050801,13.996243613050801,259300
2019-11-13,14.074434280395508,14.152625710838008,14.057058038721705,14.135249469164204,1509500
2019-11-14,14.065746307373047,14.083120892139824,14.02230570273203,14.057058186444845,177600
2019-11-15,14.013617515563965,14.065746240886783,13.996242930879315,14.057058119999647,141100
2019-11-18,13.944114685058594,14.004931533359882,13.935428220962374,13.987555290988086,173700
2019-11-19,13.891986846923828,13.944113914067355,13.874611434057584,13.926739329745905,190500
2019-11-20,13.88329792022705,13.961489344947749,13.88329792022705,13.918050401031579,166400
2019-11-21,13.93542766571045,14.013617439088733,13.918051424031002,13.926739544870726,119100
2019-11-22,13.926739692687988,13.96149051932611,13.91805157175605,13.96149051932611,96300
2019-11-25,14.057058334350586,14.074434576389823,13.952802539204816,13.952802539204816,116000
2019-11-26,14.013617515563965,14.030993757338237,13.98755480999218,14.004931051766452,221300
2019-11-27,13.970178604125977,14.030993793402624,13.96149048321651,14.030993793402624,178600
2019-11-29,14.03099250793457,14.08311957152606,13.970177324229589,13.970177324229589,164100
2019-12-02,13.970178604125977,14.03968191431209,13.944114241397575,14.004931087763847,129900
2019-12-03,14.057058334350586,14.074434576389823,14.004931265322524,14.004931265322524,591600
2019-12-04,14.022306442260742,14.126562241807946,13.97886749241841,14.091809756262306,198900
2019-12-05,14.065746307373047,14.117873375852637,13.987554876108847,13.987554876108847,131900
2019-12-06,14.126562118530273,14.17000106799353,14.091809633287905,14.135250239840865,112000
2019-12-09,14.187376976013184,14.239504045557643,14.10918554315166,14.10918554315166,161600
2019-12-10,14.300318717956543,14.317694959538194,14.19606458264585,14.19606458264585,124400
2019-12-11,14.274255752563477,14.282943873195984,14.222128685858006,14.239503270033449,297700
2019-12-12,14.413263320922852,14.430639563336076,14.291632938209645,14.300319402326574,297000
2019-12-13,14.369824409484863,14.58702246894801,14.369824409484863,14.413263358541618,437600
2019-12-16,14.621772766113281,14.665211713593523,14.482766145668954,14.482766145668954,352500
2019-12-17,14.51751708984375,14.595708521613329,14.48276626299596,14.595708521613329,308600
2019-12-18,14.491454124450684,14.56964555481992,14.45670164113564,14.500142245279443,255700
2019-12-19,14.378509521484375,14.456700948105244,14.361134937749373,14.421950123545708,480600
2019-12-20,14.43932819366455,14.43932819366455,14.361136757137741,14.3785113430739,420200
2019-12-23,14.34843635559082,14.542572032190236,14.321962620234256,14.542572032190236,311700
2019-12-24,14.419031143188477,14.4366802999008,14.36608535616773,14.36608535616773,95700
2019-12-26,14.445504188537598,14.48080081716074,14.419030454733136,14.454327083356276,200900
2019-12-27,14.577869415283203,14.621990621611008,14.533746525839263,14.533746525839263,129900
2019-12-30,14.58669376373291,14.648464124866685,14.551395452732978,14.613165813866752,165700
2019-12-31,14.613165855407715,14.674936216717084,14.569044649648482,14.674936216717084,139400
2020-01-02,14.560219764709473,14.701409639899794,14.524921454353855,14.701409639899794,281300
2020-01-03,14.392557144165039,14.542571607236123,14.383732565970718,14.542571607236123,836700
2020-01-06,14.427855491638184,14.480801277815244,14.330786814383409,14.480801277815244,296000
2020-01-07,14.463151931762695,14.463151931762695,14.366084938896728,14.392556990080095,218500
2020-01-08,14.392557144165039,14.419030878748003,14.374909670892588,14.419030878748003,179400
2020-01-09,14.427855491638184,14.463152121384159,14.383732600560469,14.41903091342264,154600
2020-01-10,14.560219764709473,14.560219764709473,14.445503622285866,14.471975671936503,260200
2020-01-13,14.471976280212402,14.64846447317637,14.427855073529486,14.64846447317637,173700
2020-01-14,14.551395416259766,14.577869149443359,14.507274210736547,14.507274210736547,317400
2020-01-15,14.58669376373291,14.63081496936672,14.542570874982994,14.58669376373291,158200
2020-01-16,14.427855491638184,14.586694533285563,14.401381756991555,14.586694533285563,219100
2020-01-17,14.560219764709473,14.577868919887282,14.445503622285866,14.445503622285866,158500
2020-01-21,14.551395416259766,14.577869149443359,14.507274210736547,14.569044571715494,220500
2020-01-22,14.516098976135254,14.639639699690338,14.498449820451349,14.60434138832253,144600
2020-01-23,14.48080062866211,14.595518457205337,14.48080062866211,14.595518457205337,82100
2020-01-24,14.321961402893066,14.427854652202345,14.313136825190952,14.427854652202345,253400
2020-01-27,14.092528343200684,14.216069906966782,14.08370376545495,14.216069906966782,336200
2020-01-28,14.119001388549805,14.171947172484352,14.083703918740753,14.092528496582531,134900
2020-01-29,13.995460510253906,14.08370460988607,13.986636773537173,14.08370460988607,135900
2020-01-30,13.889567375183105,13.977811470238077,13.871919061106947,13.968986892420968,277700
2020-01-31,13.810148239135742,13.880743180505071,13.792499924572452,13.86309486594178,152400
2020-02-03,13.783675193786621,13.810148086117275,13.695431938831751,13.721904831162405,204000
2020-02-04,13.810148239135742,13.924865229250422,13.801324502633138,13.86309486594178,689000
2020-02-05,13.81897258758545,13.880742949867736,13.783675117487274,13.871919213511745,102100
2020-02-06,13.916041374206543,13.916041374206543,13.801324385069059,13.818972699482016,167900
2020-02-07,13.977811813354492,14.013109283931323,13.924865186710205,13.924865186710205,292100
2020-02-10,13.960163116455078,14.004285166516869,13.924865644717267,13.942514801365226,323200
2020-02-11,13.960163116455078,14.013109744840849,13.933690223041246,13.968987694779058,90700
2020-02-12,13.968987464904785,14.00428493606174,13.93368999374783,13.977812043083548,141400
2020-02-13,14.039582252502441,14.039582252502441,13.96898731096649,13.99546020365295,76100
2020-02-14,14.066054344177246,14.12782554567212,14.04840603057731,14.083703499335222,133300
2020-02-18,14.171947479248047,14.198421213346428,14.057231331054048,14.136650850233032,330300
2020-02-19,14.163122177124023,14.189595909868933,14.11017639475028,14.163122177124023,149600
2020-02-20,14.07487964630127,14.15430000704251,14.057231331792835,14.119001694909478,211900
2020-02-21,14.092528343200684,14.163122440492385,14.074879187709218,14.127825812625561,91100
2020-02-24,13.810148239135742,13.836621973317802,13.739553297766413,13.836621973317802,220000
2020-02-25,13.801323890686035,13.827796782136213,13.766026421566451,13.792499313016629,143800
2020-02-26,13.73955249786377,13.801323699134239,13.713079606781017,13.730728761874875,164000
2020-02-27,13.545417785644531,13.668958513683377,13.518944051157842,13.660133935521147,190600
2020-02-28,13.457173347473145,13.501295395612539,13.333631780994452,13.395402985012835,977200
2020-03-02,13.616012573242188,13.63366088780819,13.527768475737918,13.545417631862007,307600
2020-03-03,13.704255104064941,13.810147510532204,13.677782212837636,13.686606790432752,604500
2020-03-04,13.616012573242188,13.713080407250414,13.607187995180144,13.695432092684412,153100
2020-03-05,13.43952465057373,13.536593328107053,13.421876335650099,13.536593328107053,143600
2020-03-06,13.263035774230957,13.377752753546776,13.254212038558975,13.377752753546776,266700
2020-03-09,13.03360366821289,13.10419860841304,12.9277104163546,12.998305356554747,324200
2020-03-10,13.24538803100586,13.280685499885928,13.165968515636195,13.165968515636195,271100
2020-03-11,13.09537410736084,13.227739410623508,13.06890121501992,13.183617362349928,354800
2020-03-12,12.592385292053223,12.84829216922135,12.548263242563939,12.84829216922135,594600
2020-03-13,12.574735641479492,12.89241287051386,12.398248292015955,12.821817930728445,868100
2020-03-16,12.045273780822754,12.301180669802138,11.912908467803744,12.133517883874184,534200
2020-03-17,12.027624130249023,12.15116569249801,11.921731723274767,11.94820461462882,290500
2020-03-18,12.09821891784668,12.301179151634958,11.948204466108372,11.948204466108372,382300
2020-03-19,12.2482328414917,12.336476088289645,12.142340440399368,12.142340440399368,423900
2020-03-20,12.345301628112793,12.530613554864336,12.248233796598388,12.35412620594812,491300
2020-03-23,12.654154777526855,12.707100559990243,12.292355511647564,12.292355511647564,251500
2020-03-24,12.971832275390625,12.971832275390625,12.724749988289695,12.79534492746139,418800
2020-03-25,12.954184532165527,13.060076945588913,12.874765011708465,12.945359953990723,173700
2020-03-26,12.768872261047363,13.033603708393072,12.715925634954992,12.954184190033551,303600
2020-03-27,12.468843460083008,12.751223224394524,12.415896833495559,12.6894528613409,285600
2020-03-30,12.37177562713623,12.54826297984014,12.327653578570734,12.468843460733861,213700
2020-03-31,12.41589641571045,12.442370148892394,12.292355693760248,12.38059894635924,234600
2020-04-01,12.027624130249023,12.310003882180373,12.009974974974293,12.310003882180373,249400
2020-04-02,12.001151084899902,12.151165536578004,11.930556147822918,12.151165536578004,435400
2020-04-03,11.86878490447998,11.992326464704128,11.762892499241293,11.948204418798502,254700
2020-04-06,12.027624130249023,12.045272443965711,11.736419800680308,11.921731723274767,605000
2020-04-07,12.2482328414917,12.442369330939973,12.133515863252173,12.133515863252173,795300
2020-04-08,12.29235553741455,12.389423366506259,12.221760599610029,12.265881804569325,243200
2020-04-09,12.159989356994629,12.442369948821721,12.11586731062558,12.442369948821721,544900
2020-04-13,11.983502388000488,12.239409255077803,11.886434556198079,12.239409255077803,456700
2020-04-14,12.001151084899902,12.054096866928624,11.877609524236163,11.98350192985164,343200
2020-04-15,11.939379692077637,11.965853424224939,11.824662710780045,11.904082224105917,235300
2020-04-16,11.904083251953125,12.01880024315585,11.859961202789293,11.93938072297257,318500
2020-04-17,12.045273780822754,12.080571253731698,11.983503413621634,12.071747516673065,347400
2020-04-20,11.939379692077637,12.089394141346945,11.912906801488353,12.071745828140095,298400
2020-04-21,11.824664115905762,11.859961588071881,11.657001333506221,11.73642085626952,372500
2020-04-22,11.851137161254883,11.939380415753819,11.789365957391752,11.824663427502939,303200
2020-04-23,11.965853691101074,11.992326582280787,11.868785020845397,11.939379958363324,382300
2020-04-24,11.754069328308105,11.965855005686999,11.683474383034516,11.965855005686999,676600
2020-04-27,11.67464828491211,11.754067798397173,11.64817539426976,11.718770330354703,341800
2020-04-28,11.780542373657227,11.85996105126777,11.736420325057095,11.736420325057095,375700
2020-04-29,11.79819107055664,11.868786013981692,11.736420705449248,11.842313120586825,341300
2020-04-30,12.080570220947266,12.08939479880961,11.736420099896451,11.780542147650111,650800
2020-05-01,12.115867614746094,12.142341348166864,12.009975205737193,12.062921831020672,350400
2020-05-04,12.071745872497559,12.151165386115256,11.99232635887986,12.027623826981278,711800
2020-05-05,12.054096221923828,12.168813198925026,12.036447909377944,12.151164886379142,449300
2020-05-06,12.054096221923828,12.080569111521648,11.974676711572386,12.0717453760277,135600
2020-05-07,12.221761703491211,12.230585440345214,12.098220130395882,12.133517602486245,256300
2020-05-08,12.239410400390625,12.283532452268863,12.195288348512387,12.265883294894312,292500
2020-05-11,12.133517265319824,12.35412667014382,12.133517265319824,12.310004620867403,418100
2020-05-12,12.142341613769531,12.221761132652952,12.027624624444377,12.133517035769579,237100
2020-05-13,11.95702838897705,12.151164876166527,11.948203811932533,12.13351572207749,425900
2020-05-14,11.939379692077637,12.036448360168377,11.912906801488353,11.94820426946007,176600
2020-05-15,11.939379692077637,12.054096673375227,11.939379692077637,12.001150892196659,207700
2020-05-18,12.00997543334961,12.071746637610698,11.957029648620763,12.045272903688199,216500
2020-05-19,12.00997543334961,12.107044107949287,12.001151696933519,12.027624589297941,988300
2020-05-20,12.071745872497559,12.098218763184116,12.027623826981278,12.080569608354397,804000
2020-05-21,11.974678039550781,12.089395029273964,11.921732254483516,12.080570451243394,267900
2020-05-22,11.921732902526855,11.965854953520024,11.842313379050777,11.939381217989247,675900
2020-05-26,12.133517265319824,12.133517265319824,12.018800273824374,12.05409774493389,347300
2020-05-27,12.036449432373047,12.062922325320532,11.983502804919983,12.02762485420452,226500
2020-05-28,12.062921524047852,12.098218992819248,11.965853695316019,12.036448632858813,168900
2020-05-29,12.054096221923828,12.054096221923828,11.912906355324813,11.992325865676255,372100
2020-06-01,12.062921524047852,12.098218992819248,11.930556226544622,11.974677431340341,239800
2020-06-02,12.001151084899902,12.089394335467118,11.97467735232751,12.089394335467118,312800
2020-06-03,12.071745872497559,12.071745872497559,11.97467720405014,12.00115093629472,307800
2020-06-04,12.195287704467773,12.204112282689016,12.03644950427591,12.071746975602778,500100
2020-06-05,12.221761703491211,12.265882912435575,12.159990496164488,12.248234597169454,501400
2020-06-08,12.212937355041504,12.257059406374777,12.133517830953235,12.257059406374777,813900
2020-06-09,12.221761703491211,12.230585440345214,12.115868445662006,12.20411254666697,1077100
2020-06-10,12.168814659118652,12.257058757110858,12.151166344455065,12.24823417900002,695900
2020-06-11,12.001151084899902,12.080569757942987,11.98350192985164,12.080569757942987,993000
2020-06-12,12.00997543334961,12.124692422339544,11.983502540985187,12.071746637610698,523600
2020-06-15,11.939379692077637,11.983501737431789,11.79818982019076,11.868784756134199,443400
2020-06-16,11.939379692077637,12.062921250757661,11.895257646723483,12.054096673375227,541900
2020-06-17,11.939379692077637,11.974677160049355,11.851136442927348,11.912906801488353,410800
2020-06-18,11.904083251953125,11.95702987926134,11.859961202789293,11.921732408241894,623000
2020-06-19,11.904083251953125,11.965854457405724,11.89525867380874,11.948205301116955,856200
2020-06-22,11.895257949829102,11.895257949829102,11.824663012086818,11.868785058565255,280500
2020-06-23,11.912907600402832,11.948205070741702,11.798190611411984,11.851137237699326,419200
2020-06-24,11.824664115905762,11.96585484612836,11.81584037903282,11.90408363866906,413100
2020-06-25,11.842313766479492,11.88643581891614,11.762894240405156,11.86878666131822,227200
2020-06-26,11.612878799438477,11.762893260288573,11.604054221374804,11.762893260288573,534300
2020-06-29,11.780542373657227,11.78936611013079,11.665825383920113,11.683473698425319,373000
2020-06-30,11.921732902526855,11.948205796499506,11.77171843408496,11.789366749547352,325500
2020-07-01,12.071745872497559,12.071745872497559,11.921731422677022,11.983501781465,484800
2020-07-02,12.027624130249023,12.089394490594495,12.027624130249023,12.071746176877808,397200
2020-07-06,11.965853691101074,12.062921519798714,11.965853691101074,12.054096942219465,596900
2020-07-07,12.00997543334961,12.036449167272108,11.921732178282173,11.93055675625634,2100000
2020-07-08,12.054096221923828,12.062920798975764,11.98350128862432,12.02762333232601,417600
2020-07-09,12.09821891784668,12.151165541454683,12.071746026821694,12.124691808871665,647900
2020-07-10,11.965853691101074,12.089394410978427,11.948204535942574,12.080569833399176,451500
2020-07-13,11.859960556030273,11.974677540977138,11.859960556030273,11.974677540977138,536900
2020-07-14,11.815840721130371,11.886435667506507,11.789366985070712,11.842313615631888,391600
2020-07-15,11.992326736450195,11.992326736450195,11.798190235001123,11.833487704213859,221200
2020-07-16,12.054096221923828,12.054096221923828,11.93937924492263,11.992325865676255,225400
2020-07-17,12.09821891784668,12.115867231343993,12.045272294238675,12.107043495374352,395300
2020-07-20,12.00997543334961,12.089394952000955,11.921732178282173,12.089394952000955,378100
2020-07-21,11.974678039550781,12.05409755870976,11.974678039550781,11.992327195611924,238900
2020-07-22,12.177639961242676,12.186464539878173,12.03645006930727,12.054098385020126,772800
2020-07-23,12.115867614746094,12.177638817836497,12.089394722883384,12.177638817836497,1013000
2020-07-24,12.133517265319824,12.177639314596242,12.080570637876503,12.133517265319824,342300
2020-07-27,12.239410400390625,12.274707873581589,12.21293750588694,12.230585821703349,1165900
2020-07-28,12.168814659118652,12.17763923722949,12.089395139237286,12.151166344455065,578800
2020-07-29,12.274706840515137,12.274706840515137,12.17763900779897,12.239409370294888,641500
2020-07-30,12.318828582763672,12.362950629832808,12.239409066350836,12.283531113419972,712700
2020-07-31,12.512965202331543,12.521788938581714,12.35412616801562,12.380599059882254,1272000
2020-08-03,12.495315551757812,12.530613020034496,12.460018083481131,12.512964706675167,1669800
2020-08-04,12.460018157958984,12.504140203958075,12.424720689471316,12.49531562644665,1066000
2020-08-05,12.512965202331543,12.574735563873041,12.42472110736535,12.50414062452331,1186400
2020-08-06,12.477666854858398,12.530612634866953,12.424720233291842,12.521788057679528,449100
2020-08-07,12.345301628112793,12.451194037462523,12.327653314000202,12.451194037462523,544600
2020-08-10,12.327653884887695,12.407073405967388,12.301180150155732,12.35412677806156,914200
2020-08-11,12.29235553741455,12.354125897603998,12.283530959799476,12.283530959799476,985500
2020-08-12,12.398248672485352,12.398248672485352,12.310004574266573,12.327653730533566,919500
2020-08-13,12.60120964050293,12.618858797778762,12.468844327166739,12.477668905804656,1523800
2020-08-14,12.557086944580078,12.66298019968552,12.530614051582765,12.627682728503071,1841200
2020-08-17,12.645330429077148,12.680627898545048,12.57473549014135,12.583560067897839,1051900
2020-08-18,12.636506080627441,12.689452706569107,12.583560296243846,12.689452706569107,621000
2020-08-19,12.689453125,12.69827770320761,12.636506497312435,12.662980231935267,870300
2020-08-20,12.627683639526367,12.67180485051898,12.592386165797384,12.66298111325535,440500
2020-08-21,12.61003303527832,12.645330504958029,12.557086409979727,12.592384721217496,549000
2020-08-24,12.61003303527832,12.707100866508004,12.583560143408054,12.707100866508004,760000
2020-08-25,12.7953462600708,12.82181915462777,12.671804682874702,12.671804682874702,1976100
2020-08-26,12.724750518798828,12.82181835381726,12.698277625895273,12.804170039067587,1274400
2020-08-27,12.883588790893555,12.892412526963053,12.733574337457544,12.812993852989319,2401900
2020-08-28,12.927709579467773,12.945358734154311,12.848290908052398,12.918885843682519,1252600
2020-08-31,13.00713062286377,13.024779779626911,12.936535678927426,13.00713062286377,1531900
2020-09-01,13.068901062011719,13.20126636372468,13.02477901425471,13.033603592117725,1398600
2020-09-02,13.051252365112305,13.068901521458804,12.954184529880845,13.02477947215065,1168400
2020-09-03,12.945359230041504,13.042427059861716,12.892412605511723,13.042427059861716,1042500
2020-09-04,13.015954971313477,13.03360412776484,12.883589664160647,12.998305814862112,1526900
2020-09-08,12.945359230041504,12.963007543846066,12.777695620328902,12.830642244858684,1380400
2020-09-09,12.901236534118652,12.954183155984635,12.857114489490002,12.945358578747305,630300
2020-09-10,12.989481925964355,13.086549760634972,12.971832769719832,12.971832769719832,898400
2020-09-11,13.113022804260254,13.113022804260254,13.007130390249477,13.033604124920744,667900
2020-09-14,12.980657577514648,13.121847463736621,12.954184684237555,13.104199148737926,772900
2020-09-15,13.015954971313477,13.042427864432423,12.936535450398539,13.024779549539158,973400
2020-09-16,12.989481925964355,13.04242771158175,12.954184455033397,12.989481925964355,543400
2020-09-17,13.139496803283691,13.148320540126873,12.954184864647036,12.971833179891515,684000
2020-09-18,13.218914985656738,13.227739563725208,13.086549680862035,13.165969200362092,1024800
2020-09-21,12.989481925964355,13.174793858741415,12.954184455033397,13.174793858741415,1905700
2020-09-22,12.945359230041504,13.060076215224324,12.9365346523602,12.998305013013239,655500
2020-09-23,12.901236534118652,12.998304359055282,12.901236534118652,12.927709424272642,759100
2020-09-24,12.901236534118652,12.954183155984635,12.857114489490002,12.883588221201995,886800
2020-09-25,12.910061836242676,12.963007619523504,12.848291475229024,12.901237258509854,310900
2020-09-28,12.821818351745605,12.92771076490081,12.81299461515124,12.910062450153989,471700
2020-09-29,12.830641746520996,12.874763791655788,12.777695124047645,12.804168856063328,429400
2020-09-30,13.00713062286377,13.086550145181683,12.830643263022912,12.830643263022912,1893000
2020-10-01,12.927709579467773,12.989480779312641,12.901236688995981,12.989480779312641,288600
2020-10-02,12.9188871383667,12.980657502843956,12.839467617434172,12.839467617434172,881300
2020-10-05,12.980657577514648,12.998305892513343,12.918887212682062,12.971832999236248,380200
2020-10-06,12.980657577514648,13.113022885458221,12.980657577514648,12.989482155793048,2146900
2020-10-07,13.165969848632812,13.183618164080642,13.08655032522227,13.08655032522227,1374600
2020-10-08,13.157144546508789,13.23656406555139,13.139496232031588,13.23656406555139,507700
2020-10-09,13.20126724243164,13.227740136224718,13.13067229794469,13.174794348638564,537800
2020-10-12,13.051252365112305,13.201266827825165,13.02477947215065,13.201266827825165,1265900
2020-10-13,13.068901062011719,13.086549376179683,13.007129858528682,13.068901062011719,337000
2020-10-14,13.139496803283691,13.139496803283691,13.042428123985658,13.068901859189548,460200
2020-10-15,13.121846199035645,13.148319089761246,12.989480903849614,13.024778372003091,483000
2020-10-16,13.07772445678711,13.148319394731484,13.07772445678711,13.148319394731484,726500
2020-10-19,13.130671501159668,13.19244186344792,13.113022345329842,13.16596897126125,1575700
2020-10-20,13.121846199035645,13.139495353891395,13.051251262728693,13.13067077646352,745000
2020-10-21,13.130671501159668,13.21891475563459,13.130671501159668,13.16596897126125,866400
2020-10-22,13.165969848632812,13.218915636534424,13.121847797676052,13.174794427135788,744500
2020-10-23,13.183618545532227,13.183618545532227,13.12184817734039,13.15714565081546,767700
2020-10-26,13.139496803283691,13.148320540126873,13.02477980874118,13.130672224882394,1771300
2020-10-27,13.051252365112305,13.21891514261357,13.0336040503239,13.139496463728609,540700
2020-10-28,12.874764442443848,12.918886489808902,12.839466972863415,12.874764442443848,1108400
2020-10-29,12.830641746520996,12.857114636978666,12.768871388267097,12.857114636978666,896300
2020-10-30,12.83946704864502,12.883589096270493,12.795345001019546,12.821817892971605,885100
2020-11-02,12.848291397094727,12.857115133215837,12.79534477257783,12.821817664057255,580600
2020-11-03,12.901236534118652,12.945358578747305,12.883588221201995,12.936534001509973,567400
2020-11-04,12.954184532165527,12.98065742513185,12.839467540567338,12.910062482849593,437800
2020-11-05,13.068901062011719,13.139496001799706,13.042427328422676,13.042427328422676,539500
2020-11-06,13.130671501159668,13.16596897126125,13.113022345329842,13.121846923244755,400300
2020-11-09,13.192441940307617,13.280686036854721,13.192441940307617,13.218914832648519,1179100
2020-11-10,13.342456817626953,13.360105974112692,13.174794038802952,13.174794038802952,1715900
2020-11-11,13.315982818603516,13.368928600547537,13.263036195101465,13.360104864595554,995400
2020-11-12,13.24538803100586,13.324807546375522,13.24538803100586,13.2718609222764,558700
2020-11-13,13.254212379455566,13.307158161081238,13.227738647084704,13.236563224541658,378300
2020-11-16,13.43952465057373,13.448349228814596,13.307159343193145,13.368929707763005,685200
2020-11-17,13.554241180419922,13.563065758359603,13.474822503637018,13.492470817958306,1024900
2020-11-18,13.642484664916992,13.695431288622661,13.607187196299224,13.616011773843175,822600
2020-11-19,13.589539527893066,13.642486157391042,13.554242055413791,13.607188684911767,1068600
2020-11-20,13.58071517944336,13.660133857777154,13.492471081439472,13.64248554311123,809300
2020-11-23,13.686606407165527,13.72190387499951,13.633659784635546,13.633659784635546,602200
2020-11-24,13.73955249786377,13.7483770754107,13.598362623345041,13.598362623345041,1434700
2020-11-25,13.660133361816406,13.721904564799624,13.607187578182854,13.721904564799624,900700
2020-11-27,13.81897258758545,13.82779716549951,13.721904755204985,13.721904755204985,632800
2020-11-30,13.730729103088379,13.845445247817057,13.66013332251665,13.845445247817057,1221100
2020-12-01,13.58071517944336,13.774850848558973,13.563066023219347,13.766027112005053,804700
2020-12-02,13.60718822479248,13.624836539656288,13.474822917860585,13.510120389146296,1980600
2020-12-03,13.571890830993652,13.677783245455368,13.536593359506416,13.677783245455368,774600
2020-12-04,13.501296043395996,13.554241830457118,13.421876521246203,13.545418093652339,1240500
2020-12-07,13.492470741271973,13.527768211272003,13.360105439161378,13.44834869338242,1307700
2020-12-08,13.448348045349121,13.457172622813417,13.386577686215103,13.448348045349121,661600
2020-12-09,13.474822998046875,13.510120469542636,13.386578898528422,13.43952468499301,987100
2020-12-10,13.536593437194824,13.616012958886435,13.518944280570864,13.527768858882844,929600
2020-12-11,13.660133361816406,13.668957939608017,13.554240952991247,13.616012155974467,1021700
2020-12-14,13.660133361816406,13.686607095191238,13.589538422599633,13.624835892208019,726000
2020-12-15,13.686606407165527,13.713079297651511,13.642484361983545,13.66013267512153,704900
2020-12-16,13.69543170928955,13.721904601176506,13.616012192070626,13.721904601176506,576200
2020-12-17,13.774849891662598,13.810147360100528,13.686606641346785,13.730728687283705,1341200
2020-12-18,13.774849891662598,13.792499046660577,13.704254954786736,13.739552423224666,662800
2020-12-21,13.836621284484863,13.836621284484863,13.677782253532365,13.704255144838434,608900
2020-12-22,13.783675193786621,13.845445556410839,13.774850615823713,13.845445556410839,480200
2020-12-23,13.92486572265625,13.933690301029623,13.83662246359687,13.871919935532244,1053900
2020-12-24,13.968987464904785,13.977812043083548,13.898392522590877,13.942514571926592,429100
2020-12-28,13.916041374206543,13.951338844590532,13.818972699482016,13.942514266605016,837900
2020-12-29,13.960163116455078,13.968987694779058,13.889568172979455,13.898392751303435,575900
2020-12-30,14.10135269165039,14.119001847908159,13.977811964078372,13.977811964078372,702000
2020-12-31,14.242542266845703,14.25136684478336,14.1190015419508,14.127826119888455,634000
2021-01-04,14.216071128845215,14.419031385093284,14.127827026919372,14.401382228084865,2284100
2021-01-05,14.295489311218262,14.339610516484083,14.171946906864994,14.216069795246908,920700
2021-01-06,14.233717918395996,14.33961117223903,14.2160704453523,14.286665386875598,1075700
2021-01-07,14.224894523620605,14.251366573814103,14.180771634771256,14.224894523620605,1536300
2021-01-08,14.242542266845703,14.269016000658672,14.16312274852294,14.224894794086534,1309500
2021-01-11,14.136650085449219,14.189595867665489,14.074878884119524,14.189595867665489,1266300
2021-01-12,14.357259750366211,14.366084328090862,14.127825778873609,14.180771562105408,2171000
2021-01-13,14.41020679473877,14.471977161101188,14.357261006873303,14.471977161101188,1404400
2021-01-14,14.569045066833496,14.586694222889017,14.374909399571237,14.41020602856612,892400
2021-01-15,14.613165855407715,14.64846416650799,14.542570916323276,14.621990433182784,2351400
2021-01-19,14.577869415283203,14.69258556160518,14.560220259505627,14.674936405827603,2044400
2021-01-20,14.507275581359863,14.55139679105158,14.445505214544955,14.516100159921459,769800
2021-01-21,14.533747673034668,14.560221408790689,14.489626463224234,14.560221408790689,797200
2021-01-22,14.304312705993652,14.419030536682166,14.260191499184932,14.374909329873446,1265200
2021-01-25,14.41020679473877,14.427855951732674,14.233718591032215,14.251367748026121,852400
2021-01-26,14.551395416259766,14.569044571715494,14.45432674436936,14.47197589982509,1264600
2021-01-27,14.49845027923584,14.604341850457821,14.42785533738246,14.577869799210415,804400
2021-01-28,14.383731842041016,14.560220030812458,14.37490894740694,14.524921719811726,722800
2021-01-29,14.463151931762695,14.498450244162083,14.348435782697035,14.427855302479482,854400
2021-02-01,14.516098976135254,14.524921870861082,14.392556569464043,14.524921870861082,1078200
2021-02-02,14.542571067810059,14.542571067810059,14.419030343904423,14.445504077505399,1293000
2021-02-03,14.560219764709473,14.569044342298378,14.454326516758695,14.498449404703218,1033700
2021-02-04,14.613165855407715,14.613165855407715,14.480800555013905,14.560220071873413,1015400
2021-02-05,14.710234642028809,14.736708375559559,14.621990546709098,14.657288858083433,640600
2021-02-08,14.780829429626465,14.816127740637722,14.727883646225687,14.763180274120836,1041700
2021-02-09,14.780829429626465,14.860248946285687,14.701409912967243,14.798478585132093,2791600
2021-02-10,14.66611385345459,14.73670879509689,14.613166384885734,14.73670879509689,1596500
2021-02-11,14.701410293579102,14.745531500369342,14.648464508807585,14.674936559635267,1028800
2021-02-12,14.727884292602539,14.816128390887428,14.701410558182216,14.710235136322325,726100
2021-02-16,14.966140747070312,15.001439058633428,14.85142460072245,14.877898334394787,2241500
2021-02-17,14.904369354248047,14.983788866656715,14.824949841839377,14.966139712095675,1664800
2021-02-18,14.957318305969238,14.98379035732837,14.895546258860161,14.966141201011492,928000
2021-02-19,15.04555892944336,15.107330969195583,15.010262304129501,15.036736035451883,1419300
2021-02-22,15.257347106933594,15.2926437361644,15.080858911431049,15.089683489517792,2508100
2021-02-23,15.32794189453125,15.363238523407476,15.230873219668357,15.301468160536965,2187000
2021-02-24,15.539726257324219,15.539726257324219,15.398536379764742,15.407359274385618,2197100
2021-02-25,15.486781120300293,15.530904015621807,15.389714116825676,15.513254857493202,2217000
2021-02-26,15.266168594360352,15.407358464498184,15.230871968383902,15.336763529429268,1815200
2021-03-01,15.169103622436523,15.398537612618885,15.16027904399302,15.398537612618885,1464500
2021-03-02,15.239697456359863,15.27499408444559,15.098507577784721,15.124979628069987,2097000
2021-03-03,15.151453971862793,15.213224335838383,15.133804815550857,15.133804815550857,1283700
2021-03-04,15.107332229614258,15.248522108881259,15.072033918239445,15.133804280029242,1430300
2021-03-05,15.177927017211914,15.186749911851113,15.08085834501963,15.133804128435372,1224000
2021-03-08,15.151453971862793,15.204399757682415,15.080859029731235,15.169103128174728,1365200
2021-03-09,15.22204875946045,15.239697915593212,15.116155505780045,15.15145381804557,810800
2021-03-10,15.169103622436523,15.195575674650792,15.08085952111773,15.195575674650792,1612900
2021-03-11,15.274993896484375,15.29264305186812,15.21322353575736,15.257346424216724,1216100
2021-03-12,15.266168594360352,15.274993171633469,15.177926187861217,15.222047391110785,532900
2021-03-15,15.239697456359863,15.257346611960784,15.177927094872754,15.22204830075894,717000
2021-03-16,15.319117546081543,15.336765019226016,15.257347182285438,15.27499465542991,695700
2021-03-17,15.274993896484375,15.274993896484375,15.21322353575736,15.266169318792501,673400
2021-03-18,14.948493003845215,15.248521914236811,14.939668426114155,15.248521914236811,1595200
2021-03-19,14.930845260620117,15.010264784595458,14.895546946357182,14.948494417751585,1091500
2021-03-22,14.939669609069824,14.948494187499634,14.82495177259855,14.930845030640016,1427700
2021-03-23,14.904369354248047,14.974964289376194,14.816126947674874,14.824949841839377,1212400
2021-03-24,14.877898216247559,14.92201942223495,14.860249060606154,14.88672279406826,674500
2021-03-25,14.833776473999023,14.869074788010877,14.789655264600457,14.85142563100495,1168800
2021-03-26,14.930845260620117,14.948494417751585,14.877899472341976,14.877899472341976,657600
2021-03-29,14.851425170898438,14.886723483816727,14.816128541096345,14.886723483816727,601000
2021-03-30,14.66611385345459,14.798479158644382,14.621990962980544,14.798479158644382,1181900
2021-03-31,14.948493003845215,15.036737098039703,14.621990360260439,14.621990360260439,2311000
2021-04-01,14.922019958496094,15.089683576882617,14.877898750923094,15.036737791171783,1736600
2021-04-05,14.930845260620117,15.054385994307863,14.922020682054383,14.974966470332522,750100
2021-04-06,15.036737442016602,15.0808586485651,14.966140818553177,14.99261455235196,383700
2021-04-07,15.116155624389648,15.142629358796519,15.045560682420842,15.072034416827712,570400
2021-04-08,15.257347106933594,15.266170001904166,15.160278431095577,15.169103009182322,1281500
2021-04-09,15.239697456359863,15.327941551248356,15.22204830075894,15.301467817846973,727100
2021-04-12,15.133803367614746,15.222047457615432,15.124978790303075,15.222047457615432,674700
2021-04-13,15.257347106933594,15.301468314251144,15.213224216499873,15.222048794586616,791400
2021-04-14,15.43383502960205,15.48678081984432,15.345590923787384,15.345590923787384,880200
2021-04-15,15.469133377075195,15.513254588515354,15.42501048251871,15.513254588515354,832600
2021-04-16,15.43383502960205,15.557375767872788,15.398538397145979,15.513254556523618,606900
2021-04-19,15.486781120300293,15.53972859468611,15.442659908095136,15.486781120300293,434200
2021-04-20,15.67209243774414,15.725038224024882,15.619146651463398,15.619146651463398,1442600
2021-04-21,15.74268627166748,15.769160004501295,15.619145551341838,15.672091333893388,756700
2021-04-22,15.936821937561035,15.998592297754065,15.725037124135184,15.7956320619438,1553100
2021-04-23,16.069189071655273,16.069189071655273,15.927999179905445,15.972122073024938,834900
2021-04-26,16.39569091796875,16.39569091796875,16.113311148769284,16.201555247423165,2563200
2021-04-27,16.39569091796875,16.536880802568483,16.228027298837997,16.39569091796875,2050700
2021-04-28,16.210378646850586,16.395689725744134,16.15743118163866,16.192729491779943,1571200
2021-04-29,16.139785766601562,16.263326501608443,16.051541663118243,16.263326501608443,1210300
2021-04-30,16.23685073852539,16.254499893641885,16.033890504033888,16.051539659150386,712000
2021-05-03,16.18390464782715,16.395689455840284,16.122134289212823,16.386864878450233,2236900
2021-05-04,16.316272735595703,16.378043104784375,16.219204050804176,16.263326945307746,1908800
2021-05-05,16.695720672607422,16.713369829837866,16.369217996309274,16.448637520730003,2055500
2021-05-06,16.95162582397461,16.969274980272175,16.695719790124624,16.76631473219871,2428200
2021-05-07,17.057518005371094,17.083991738151695,16.828084037287443,16.9869230677389,3591100
2021-05-10,16.74866485595703,16.98692340638405,16.74866485595703,16.98692340638405,3319400
2021-05-11,16.978097915649414,16.98692249294435,16.8545571997524,16.8545571997524,2297200
2021-05-12,16.81926155090332,17.004574337176095,16.801614076638145,16.942803969457266,2470000
2021-05-13,16.3515682220459,16.678069169299405,16.210378350295837,16.66924459192552,2850600
2021-05-14,16.201555252075195,16.501584177714822,16.175081517536572,16.501584177714822,1911900
2021-05-17,16.22802734375,16.29862228624524,16.14860782305333,16.23685192195143,1364600
2021-05-18,16.40451431274414,16.483933827491786,16.351568530617733,16.40451431274414,1763300
2021-05-19,16.245677947998047,16.245677947998047,16.060366838601336,16.183907578199143,1636500
2021-05-20,16.219200134277344,16.31626879562924,16.175078933544253,16.24567386458675,961000
2021-05-21,16.22802734375,16.254501078354288,16.113311193363803,16.13978492796809,1319500
2021-05-24,16.130958557128906,16.148606028454406,16.00741615915439,16.042714468037396,1448300
2021-05-25,16.05154037475586,16.25450061829568,15.95447170040371,16.19273025575018,1194400
2021-05-26,16.078012466430664,16.12213535630132,15.901525956296485,16.016242103727894,1082800
2021-05-27,16.39569091796875,16.43098923067678,16.14860777836112,16.14860777836112,1116200
2021-05-28,16.40451431274414,16.54570418715861,16.395689735203728,16.448635517330136,790100
2021-06-01,16.66924476623535,16.84573294932648,16.607474407088272,16.678069343701512,1344500
2021-06-02,16.695720672607422,16.7927893542586,16.528057045150735,16.739841882567262,937500
2021-06-03,16.475109100341797,16.731015114225627,16.422163318696185,16.731015114225627,744700
2021-06-04,16.77513885498047,16.80161258870818,16.56335403450719,16.56335403450719,634200
2021-06-07,16.766315460205078,16.889856193419913,16.713369672129613,16.88103161488796,1252100
2021-06-08,16.836910247802734,16.933978927629703,16.792789038672062,16.836910247802734,549700
2021-06-09,16.792787551879883,16.828084179436097,16.660420569974832,16.77513839654373,681600
2021-06-10,16.889856338500977,16.95162670563899,16.801613918655967,16.84573512857847,618800
2021-06-11,16.801612854003906,16.810435748936317,16.64277381536186,16.775139119858178,629500
2021-06-14,16.48393440246582,16.57217849783191,16.32509536743008,16.351569100974746,1675100
2021-06-15,16.342742919921875,16.369214967753535,16.24567425622989,16.307444611991713,1328300
2021-06-16,16.22802734375,16.42216469794906,16.22802734375,16.35156975545382,1857900
2021-06-17,15.601497650146484,16.069188519323678,15.592673071825905,15.989770680670894,2853100
2021-06-18,15.90152645111084,16.03389175860938,15.751511987114844,15.866228138115922,1996100
2021-06-21,15.945645332336426,15.980943640180364,15.707386803737714,15.742685111581652,2234300
2021-06-22,15.786808013916016,15.936822472181255,15.786808013916014,15.910350421562537,909300
2021-06-23,15.795633316040039,15.901526572718412,15.725038372626527,15.839756207621118,521300
2021-06-24,15.74268627166748,15.786807476607757,15.477955675793652,15.592671818508022,1346800
2021-06-25,15.733861923217773,15.804456862020073,15.645617828935874,15.786807706540472,540000
2021-06-28,16.069189071655273,16.07801365027917,15.786809288155617,15.786809288155617,1097300
2021-06-29,16.00741958618164,16.139786589715353,15.980947531967992,16.05154248173167,483800
2021-06-30,16.43981170654297,16.475110018350932,15.830930975900886,15.919175072304652,1597700
2021-07-01,16.298622131347656,16.686895152939545,16.280974658228708,16.633949367350343,1558200
2021-07-02,16.192731857299805,16.386867542089043,16.148608963177495,16.37804296326458,810700
2021-07-06,15.733861923217773,16.175080711511168,15.645617828935874,16.175080711511168,1817800
2021-07-07,15.707390785217285,15.760338260404218,15.592674621878365,15.716215364415108,1086900
2021-07-08,15.592672348022461,15.725037650454393,15.592672348022461,15.610321503844355,848700
2021-07-09,15.62796688079834,15.654440610980984,15.530899903027136,15.592670257004059,577100
2021-07-12,15.892701148986816,15.901525726833608,15.680916330012218,15.6985654857058,1259600
2021-07-13,15.936821937561035,15.980944825638971,15.822105794790563,15.883876154983593,469800
2021-07-14,16.113311767578125,16.166257555557284,16.016243087019454,16.025067665535357,615800
2021-07-15,16.1662540435791,16.19272777337562,16.086834537305432,16.086834537305432,585800
2021-07-16,16.210378646850586,16.351568521183594,16.201554069315264,16.289796478436347,1297300
2021-07-19,16.01624298095703,16.219203236129985,15.945648036413559,16.210380340788763,1441000
2021-07-20,16.289796829223633,16.360393451026443,16.183905262751622,16.219201890536926,1024400
2021-07-21,16.53687858581543,16.54570316280951,16.333918364299464,16.404513297136145,747100
2021-07-22,16.695720672607422,16.72219440845309,16.54570620238118,16.589827412341023,713400
2021-07-23,16.61629867553711,16.783962278043994,16.589824943630962,16.766313123439897,729700
2021-07-26,17.004573822021484,17.004573822021484,16.722194044937957,16.79278898920884,1117600
2021-07-27,16.907506942749023,17.110467218748976,16.82808741159836,17.031047687598313,734700
2021-07-28,16.933977127075195,17.004572064047803,16.854557612591503,16.969273754003467,806200
2021-07-29,16.872209548950195,16.9251553396286,16.81043749618966,16.91633076066281,624700
2021-07-30,16.457462310791016,16.633950519130448,16.422165678992904,16.633950519130448,910400
2021-08-02,16.48393440246582,16.554529342135467,16.43981151322471,16.43981151322471,426200
2021-08-03,16.545703887939453,16.59864966910837,16.439810642485586,16.439810642485586,316300
2021-08-04,16.46628761291504,16.625126670775373,16.439813875566195,16.55453172096149,587100
2021-08-05,16.554529190063477,16.598650395783157,16.528055456762004,16.554529190063477,265500
2021-08-06,16.66042137145996,16.66042137145996,16.519231488210686,16.581003534858898,266700
2021-08-09,16.554529190063477,16.607474973550314,16.528055456762004,16.563353767830634,605800
2021-08-10,16.801612854003906,16.810435748936317,16.686895022488578,16.686895022488578,623500
2021-08-11,16.872209548950195,16.881032444799647,16.766316284477046,16.81043749618966,939200
2021-08-12,17.013395309448242,17.092814817713563,16.828082562457183,16.828082562457183,693400
2021-08-13,17.057518005371094,17.092816315745228,16.9869230677389,17.083991738151695,631700
2021-08-16,17.12811279296875,17.14576194800122,17.031044123406232,17.136937370484983,418700
2021-08-17,17.0222225189209,17.08399288309933,16.942802998372574,17.075168304914385,727300
2021-08-18,17.031044006347656,17.066342316169983,16.995747379641383,17.031044006347656,1094800
2021-08-19,16.792787551879883,16.933977428336917,16.739840085871425,16.916328273000765,970500
2021-08-20,16.625123977661133,16.77513843210425,16.589825666914003,16.722192649099647,537900
2021-08-23,16.722192764282227,16.79278770314665,16.686894453291963,16.71336818653466,1560000
2021-08-24,16.898679733276367,16.92515346724502,16.766314429665396,16.766314429665396,802900
2021-08-25,16.978097915649414,17.013396224829144,16.84573262245747,16.84573262245747,1103500
2021-08-26,16.916330337524414,16.97810070562351,16.889856601289246,16.9604515481334,396200
2021-08-27,17.048694610595703,17.075168345213022,16.978099668065717,16.99574882447726,757300
2021-08-30,17.11046600341797,17.18988552892758,17.039871056644568,17.163413475835238,446000
2021-08-31,16.88102912902832,16.986922372701923,16.819258771517056,16.986922372701923,630000
2021-09-01,16.81926155090332,16.942803969457266,16.783964919256686,16.854559865666243,1446300
2021-09-02,16.836910247802734,16.916329770730936,16.836910247802734,16.898680613832173,694400
2021-09-03,16.82808494567871,16.881030730981884,16.81043578953893,16.84573410181849,276700
2021-09-07,16.722192764282227,16.86338264201108,16.71336818653466,16.85455806426351,855800
2021-09-08,16.61629867553711,16.81043432683412,16.61629867553711,16.775137700741947,525400
2021-09-09,16.475109100341797,16.60747439601385,16.46628452288152,16.536879459447686,749000
2021-09-10,16.40451431274414,16.457460094870548,16.316270220456083,16.413338890284553,1512800
2021-09-13,16.360393524169922,16.395690152113026,16.298621479816294,16.351568946405116,2118700
2021-09-14,16.386865615844727,16.457460555025815,16.36039356559939,16.378041038057578,1329700
2021-09-15,16.554529190063477,16.554529190063477,16.44863593997369,16.483934251042324,569900
2021-09-16,16.545703887939453,16.545703887939453,16.386864861316667,16.51040557841615,550100
2021-09-17,16.413339614868164,16.50158371105185,16.36921672521825,16.50158371105185,653500
2021-09-20,16.254499435424805,16.28979606154671,16.201553654683934,16.254499435424805,1144200
2021-09-21,16.23685073852539,16.298621098317057,16.166255801175474,16.272149048758383,374400
2021-09-22,16.386865615844727,16.41333934920618,16.34274441002509,16.35156898781224,268700
2021-09-23,16.589826583862305,16.598651162036838,16.448636699302163,16.448636699302163,619900
2021-09-24,16.589826583862305,16.60747574021137,16.519231641582234,16.5368807979313,486900
2021-09-27,16.713369369506836,16.739841421507123,16.616300690529194,16.616300690529194,937900
2021-09-28,16.766315460205078,16.77514003873703,16.68689593653375,16.757490881673125,853800
2021-09-29,16.766315460205078,16.810436669748587,16.722194250661566,16.801613774332893,736400
2021-09-30,16.872209548950195,16.942804497560182,16.766316284477046,16.80161460034021,1177000
2021-10-01,17.119287490844727,17.13693664513016,16.933976420195645,16.942800997338363,1008800
2021-10-04,17.08399200439453,17.20753272639715,17.031044538008175,17.08399200439453,1079400
2021-10-05,16.978097915649414,16.99574707023928,16.88985382581611,16.95162418376462,368300
2021-10-06,16.95162582397461,16.986924136569744,16.872207986867924,16.933978350793225,858500
2021-10-07,17.08399200439453,17.09281658212559,16.969274177006866,17.004572487931103,1405600
2021-10-08,17.12811279296875,17.21635688501503,17.119288215452514,17.163411103033688,750500
2021-10-11,17.07516860961914,17.14576355324228,17.03987029624946,17.08399318796156,875700
2021-10-12,17.07516860961914,17.17223560515332,17.04869487459188,17.17223560515332,1269700
2021-10-13,16.810434341430664,16.951624212153998,16.766313137998132,16.951624212153998,1339400
2021-10-14,16.872209548950195,16.89868160273123,16.81043749618966,16.863384969984406,1030300
2021-10-15,16.942800521850586,17.00457087700007,16.889853060480217,16.942800521850586,743300
2021-10-18,16.916330337524414,16.942804073759582,16.854559969425317,16.92515491626947,1011200
2021-10-19,16.872209548950195,16.9251553396286,16.81926207515545,16.889857023765437,445200
2021-10-20,16.925151824951172,16.925151824951172,16.828083159601093,16.854556891000932,464100
2021-10-21,16.757488250732422,16.898678118844227,16.731014519292962,16.854556916227786,582100
2021-10-22,16.74866485595703,16.836908950535495,16.704543650225855,16.775138589265403,493400
2021-10-25,16.889856338500977,16.907505495716485,16.819261392755205,16.819261392755205,1018400
2021-10-26,16.986923217773438,17.031044423014723,16.854557918933487,16.889854546503297,989800
2021-10-27,16.95162582397461,17.06634365679261,16.91632919449566,16.933978350793225,1455300
2021-10-28,17.031044006347656,17.110463520331837,16.97809822473022,17.022221112008125,755300
2021-10-29,17.0222225189209,17.0398699921746,16.925153842002683,16.99574878436606,904200
2021-11-01,17.225183486938477,17.26930469658898,17.12811480596786,17.136939384521217,1185100
2021-11-02,17.16341209411621,17.242831613232255,17.09281715302597,17.189884145077453,1278400
2021-11-03,17.145761489868164,17.25165305100144,17.083991132021083,17.119287758026836,634900
2021-11-04,17.092819213867188,17.26048116722352,17.05752089750815,17.12811584710986,1050500
2021-11-05,17.004573822021484,17.066344187868978,16.986924665174705,17.066344187868978,466300
2021-11-08,16.96044921875,17.0310441558985,16.942801746799926,17.004572106415353,1204100
2021-11-09,17.08399200439453,17.101639476740544,16.87220718819742,16.960449599275805,1420800
2021-11-10,17.198707580566406,17.207532158005975,17.092816017523663,17.110463489286754,893500
2021-11-11,17.295778274536133,17.33989948378431,17.198709594450648,17.198709594450648,1151900
2021-11-12,17.428142547607422,17.46344085939706,17.322249295354652,17.33989845124947,1475300
2021-11-15,17.525211334228516,17.54285880712029,17.454616393312953,17.489913022212658,1999900
2021-11-16,17.534034729003906,17.534034729003906,17.454615215443756,17.472262687144642,582700
2021-11-17,17.745820999145508,17.763468472299984,17.586981958941962,17.60463111521262,2447200
2021-11-18,17.66640281677246,17.85171392229787,17.639929080361842,17.781118974985862,972600
2021-11-19,17.710521697998047,17.763467480738388,17.666400492900443,17.719346275640785,697500
2021-11-22,17.789941787719727,17.807590943574713,17.6752256408946,17.6752256408946,1577300
2021-11-23,17.92230796813965,17.92230796813965,17.745821450294834,17.781118080617308,991500
2021-11-24,17.878185272216797,17.975253942982093,17.878185272216797,17.895834427467957,897300
2021-11-26,17.622278213500977,17.67522568118663,17.472263754623906,17.657576525291415,1210000
2021-11-29,17.4193172454834,17.692872418015952,17.36637146311621,17.692872418015952,1270900
2021-11-30,17.08399200439453,17.27812766512952,17.048693693470295,17.242831037321388,2694000
2021-12-01,17.057518005371094,17.19870788063548,17.039868850184025,17.13693752059682,2502500
2021-12-02,17.348722457885742,17.410492818367302,17.20753258160901,17.26930294209057,1377800
2021-12-03,17.4193172454834,17.525210493333848,17.36637146311621,17.463440133386115,715100
2021-12-06,17.47226333618164,17.48991249165418,17.34872261410607,17.436966708352664,631000
2021-12-07,17.45461654663086,17.481088597759122,17.384021605095207,17.481088597759122,557100
2021-12-08,17.46343994140625,17.48108741325726,17.39284332153799,17.454615363922716,617200
2021-12-09,17.36637306213379,17.410494270982916,17.269304382926236,17.36637306213379,1429700
2021-12-10,17.401668548583984,17.41049312639692,17.313426136686893,17.322249031383706,512500
2021-12-13,17.445791244506836,17.48108787225168,17.366371728185808,17.38402088361628,1149200
2021-12-14,17.445791244506836,17.472263294536447,17.39284377821542,17.436966666791598,717100
2021-12-15,17.36637306213379,17.428143427769058,17.251655226140095,17.419318849375987,1023900
2021-12-16,17.4193172454834,17.44579097822503,17.286951948007392,17.313425680749024,650400
2021-12-17,17.27812957763672,17.39284573460615,17.27812957763672,17.37519826030675,604400
2021-12-20,17.07516860961914,17.14576355324228,17.03987029624946,17.13693897489986,1220500
2021-12-21,17.357547760009766,17.366372338034893,17.110464624654707,17.136938358730085,687000
2021-12-22,17.560508728027344,17.560508728027344,17.46344173198801,17.46344173198801,787500
2021-12-23,17.58698081970215,17.631102024404548,17.507561304744968,17.55168250944737,437300
2021-12-27,17.604629516601562,17.613452410819534,17.560506629931556,17.57815578459956,462900
2021-12-28,17.445791244506836,17.56050738857271,17.436966666791598,17.551682810857475,458100
2021-12-29,17.613454818725586,17.631103975806376,17.43696829726647,17.43696829726647,784200
2021-12-30,17.489913940429688,17.578158041985976,17.47226478349518,17.56050888505147,502300
2021-12-31,17.428142547607422,17.507562066017964,17.401668813765195,17.489912910123145,352600
2022-01-03,17.357547760009766,17.43696727911974,17.29577739695004,17.375196916060016,556500
2022-01-04,17.47226333618164,17.52521080259926,17.392843819671317,17.410492975143857,755100
2022-01-05,17.37519645690918,17.428142240544652,17.34872272353339,17.401668507168857,1111200
2022-01-06,17.357547760009766,17.366372338034893,17.25165450682441,17.331074025934385,523800
2022-01-07,17.50756072998047,17.50756072998047,17.38402001437667,17.419316640356605,445500
2022-01-10,17.36637306213379,17.40166969258984,17.24283233086325,17.39284511419677,714500
2022-01-11,17.47226333618164,17.48991249165418,17.278127675332016,17.3398980363698,830000
2022-01-12,17.481088638305664,17.53403610691734,17.419318274708218,17.53403610691734,1310300
2022-01-13,17.38401985168457,17.51638514332359,17.357546120110367,17.51638514332359,626000
2022-01-14,17.595806121826172,17.595806121826172,17.419317929516993,17.428142507444065,778800
2022-01-18,17.613454818725586,17.648753132887165,17.516387821013762,17.55168445205908,1514700
2022-01-19,17.913480758666992,17.913480758666992,17.728169689680797,17.728169689680797,2120900
2022-01-20,17.878185272216797,17.99290141511717,17.878185272216797,17.939955632479773,1584400
2022-01-21,17.781116485595703,17.83406226788812,17.7193461257352,17.83406226788812,2368100
2022-01-24,17.75464630126953,17.75464630126953,17.525212309743814,17.64875304244372,2892300
2022-01-25,17.825239181518555,17.860535808294784,17.728170512430825,17.754644244850038,2217400
2022-01-26,17.79876708984375,17.84288829816028,17.745821303240675,17.816416246416846,1739400
2022-01-27,17.595806121826172,17.754645158281207,17.578156965972028,17.736996002427063,1318400
2022-01-28,17.80759048461914,17.80759048461914,17.666400607650427,17.675225185350484,1381800
2022-01-31,17.816415786743164,17.887010728097945,17.763468318389954,17.8428878378036,1911300
2022-02-01,18.06349754333496,18.089971277956238,17.922307658253867,17.922307658253867,2257000
2022-02-02,18.019376754760742,18.107620855769085,17.966430967402232,18.107620855769085,2341100
2022-02-03,18.045848846435547,18.142915833899536,17.98407680317436,17.992901380783103,1201300
2022-02-04,18.169391632080078,18.195865367915626,18.04585089774672,18.08114752907785,1670200
2022-02-07,18.248809814453125,18.31058017707721,18.213511502601563,18.239985236490234,1397100
2022-02-08,18.381174087524414,18.389998664992746,18.23115963679486,18.25763336919986,1453900
2022-02-09,18.690027236938477,18.690027236938477,18.487067008093252,18.487067008093252,2476700
2022-02-10,18.557662963867188,18.857691876533664,18.54001380827125,18.751798626074155,2255500
2022-02-11,18.619434356689453,18.672380143293882,18.495891943790845,18.557663991798254,1741900
2022-02-14,18.548837661743164,18.548837661743164,18.35470032400108,18.53118850683642,2028300
2022-02-15,18.47824478149414,18.47824478149414,18.4076498371274,18.451771046188025,1187600
2022-02-16,18.531190872192383,18.5488400293519,18.487069662409862,18.50471713645311,1655400
2022-02-17,18.592960357666016,18.60178493582741,18.51354083732964,18.575311201343226,1512900
2022-02-18,18.56648826599121,18.637083208012935,18.548839109706737,18.592960317301745,1414500
2022-02-22,18.87533950805664,18.884164085928965,18.575310592862127,18.592959748606777,2983900
2022-02-23,18.884164810180664,18.945935174539844,18.813569867610717,18.928287701234503,2783200
2022-02-24,18.787097930908203,19.325383740125098,18.672380096583343,19.307734583595703,6757900
2022-02-25,18.25763511657715,18.513541155186505,18.204687646699725,18.425297055173683,3970800
2022-02-28,18.469419479370117,18.531189842881133,18.32822959616889,18.49589153052274,4196400
2022-03-01,18.919462203979492,18.998881720902272,18.734149436787636,18.813568953710416,5063200
2022-03-02,18.9106388092041,19.104774483206633,18.83121928731302,19.104774483206633,5534800
2022-03-03,19.33420753479004,19.545992355210693,18.981232834088953,19.043003196322125,10096800
2022-03-04,19.272438049316406,19.978387482834282,19.06065321926104,19.696007709427132,11291500
2022-03-07,19.616586685180664,19.66953415097601,19.281261150723903,19.616586685180664,8382600
2022-03-08,19.59011459350586,19.801899406886086,19.131246656290664,19.616586643230836,7919100
2022-03-09,19.290088653564453,19.422453971892928,19.095951282440776,19.422453971892928,5167100
2022-03-10,19.210664749145508,19.413624969882818,19.087122354818312,19.387151239002144,4536700
2022-03-11,19.272438049316406,19.334208414359694,19.02535490602704,19.13124816261283,2564100
2022-03-14,19.237140655517578,19.395979706429834,19.131249076986936,19.17537028752199,3182000
2022-03-15,19.16654396057129,19.219491428123455,18.98123287348713,19.06065239169924,3719700
2022-03-16,18.85769271850586,19.219492008795882,18.84004356212191,19.166544539644033,2675400
2022-03-17,19.07830047607422,19.131246257536702,18.884163138851704,18.884163138851704,2197900
2022-03-18,19.087125778198242,19.087125778198242,18.937111309200414,18.998883359001145,1799000
2022-03-21,19.4930477142334,19.55481808008966,19.281262881390678,19.29008745981532,5344800
2022-03-22,19.52834129333496,19.59893622658477,19.422449735018237,19.59011333265502,3391600
2022-03-23,19.616586685180664,19.757776561069413,19.57246548013396,19.651884995710894,3799100
2022-03-24,19.484222412109375,19.61658771733012,19.431276626644312,19.57246650996193,4133200
2022-03-25,19.63423728942871,19.64306186771251,19.466573668268918,19.49304740312032,2659100
2022-03-28,19.34303092956543,19.395976710653088,19.263611416375923,19.360680084299993,3978400
2022-03-29,19.193016052246094,19.281260140833645,18.88416258374767,19.069475338093124,4256100
2022-03-30,19.431276321411133,19.49304668400276,19.298911018269624,19.307733913111733,3382400
2022-03-31,19.307735443115234,19.616588963664004,19.281263390258896,19.484223650033467,2748000
2022-04-01,19.184194564819336,19.395979401669226,19.148897933569152,19.30773529886937,1578200
2022-04-04,19.316558837890625,19.387153779708008,19.237139317956547,19.3606817284741,1818100
2022-04-05,19.38715171813965,19.59011362700895,19.378327140961332,19.475395806806823,3493100
2022-04-06,19.37833023071289,19.38715480929823,19.27243865392134,19.316559863731776,2217500
2022-04-07,19.422452926635742,19.448926662123238,19.32538424629784,19.378330034156583,1680300
2022-04-08,19.72248077392578,19.731305351934306,19.51952052907815,19.51952052907815,5542100
2022-04-11,19.88132095336914,19.8989684272833,19.722481906327953,19.80190142984855,5246900
2022-04-12,20.0401554107666,20.09310287417859,19.95191300464531,19.996034207705957,3947400
2022-04-13,20.01368522644043,20.0313343825551,19.863670765698053,19.978386914211086,2928800
2022-04-14,19.916616439819336,19.996035958776144,19.88131981090306,19.969562224751822,3274300
2022-04-18,20.154874801635742,20.190171430210423,20.004860343182038,20.013684921104744,3882200
2022-04-19,19.96074104309082,20.07545720080999,19.943091885559777,20.07545720080999,4469000
2022-04-20,19.98720932006836,20.04897967664037,19.846019452727763,20.031332205559785,3067400
2022-04-21,19.951915740966797,20.01368610696965,19.890145374963943,19.987212371632896,2723100
2022-04-22,19.704832077026367,19.943090639459466,19.69600749881223,19.916616904817054,3439600
2022-04-25,19.545991897583008,19.58129020838475,19.378328287506925,19.5195198475978,5558100
2022-04-26,19.59893798828125,19.731304972749232,19.457748109090453,19.68718208355453,3047500
2022-04-27,19.59893798828125,19.67835750571559,19.54599220436373,19.61658714395913,3381900
2022-04-28,19.687183380126953,19.704832536967185,19.537168913217457,19.651886749562728,1983300
2022-04-29,19.475399017333984,19.740131326976734,19.46657443870093,19.731306748343684,1489100
2022-05-02,19.404802322387695,19.413626900225367,19.21949123714492,19.38715316671235,2133500
2022-05-03,19.29891014099121,19.545991580126035,19.263611830762766,19.448924593229957,1353500
2022-05-04,19.475399017333984,19.537169384649076,19.34303370407075,19.431277807284996,1749400
2022-05-05,19.510696411132812,19.563642197316277,19.404803155649688,19.563642197316277,1611400
2022-05-06,19.272438049316406,19.431277092636982,19.22831684089012,19.39597877940298,2595600
2022-05-09,18.8223934173584,19.17536811092145,18.769447634102967,19.157718955464272,6074400
2022-05-10,18.954757690429688,19.087122982957165,18.93710853592842,19.034177202569378,2063800
2022-05-11,19.29891014099121,19.343031345660695,19.131246533638244,19.148895688752464,3349700
2022-05-12,19.38715171813965,19.4136254496746,19.113596558075802,19.219489801099613,3303800
2022-05-13,19.572465896606445,19.581290474426776,19.334207344805865,19.413626862072725,1971300
2022-05-16,20.154874801635742,20.20782058605583,19.943089980839243,19.960739136684655,7783600
2022-05-17,20.260766983032227,20.304889873979747,20.03133468256989,20.03133468256989,5074300
2022-05-18,19.7666015625,20.05780589815351,19.731304934329092,20.048981320331755,3828600
2022-05-19,19.75777816772461,19.837197689759748,19.590116228420406,19.65188659375524,2145700
2022-05-20,19.625411987304688,19.70483150581347,19.590115358587532,19.669534877096314,1437700
2022-05-23,19.801898956298828,19.810723533711712,19.66070908392475,19.687181133047364,2111400
2022-05-24,19.563642501831055,19.740130702677963,19.44010177110795,19.740130702677963,1493100
2022-05-25,19.46657371520996,19.510696606735358,19.343032985171266,19.378329615275373,1982200
2022-05-26,19.660709381103516,19.75777636788037,19.484221196410214,19.51069492904903,1786600
2022-05-27,19.784250259399414,19.846020619603305,19.678357011109828,19.696006166344105,1629400
2022-05-31,19.404802322387695,19.766601598151695,19.369505694153123,19.766601598151695,2333800
2022-06-01,19.38715171813965,19.59011362700895,19.272435581053518,19.49304496116346,1886500
2022-06-02,19.484222412109375,19.598938561136375,19.46657325591563,19.528343619477564,1806200
2022-06-03,19.29891014099121,19.475396642785217,19.272436408319876,19.440100015672844,2339000
2022-06-06,19.55481719970703,19.607762984754967,19.45774852452235,19.510695992686447,1460400
2022-06-07,19.510696411132812,19.528343884449836,19.38715399921647,19.501871832916205,2303500
2022-06-08,19.572465896606445,19.660709991693636,19.51952011280058,19.563641318786114,2097400
2022-06-09,19.572465896606445,19.634236258232644,19.475397223698923,19.484221801519254,1103500
2022-06-10,19.422452926635742,19.493047871486144,19.351857981785336,19.466574135998652,1473400
2022-06-13,19.20184326171875,19.307734836047256,18.981233851565435,19.307734836047256,3358700
2022-06-14,19.148897171020508,19.2283166920661,19.087125123339113,19.193018379105304,1970000
2022-06-15,19.157718658447266,19.237138173657165,19.043002515986345,19.060651671169897,2272200
2022-06-16,19.351856231689453,19.404802014760012,19.219490932455006,19.228315510152783,2835300
2022-06-17,19.237140655517578,19.510697546807037,19.237140655517578,19.43127802135091,2004300
2022-06-21,19.025354385375977,19.245963787702603,18.99005775622412,19.184193424349736,5814000
2022-06-22,18.795921325683594,19.016530738816577,18.787098430300574,18.954760372437942,3535600
2022-06-23,18.231159210205078,18.654728820077665,18.22233463294323,18.628256771408136,8575400
2022-06-24,18.292930603027344,18.407648430806653,18.266458552859895,18.372350119761908,3052900
2022-06-27,18.072322845458984,18.292932260124594,18.054673688337832,18.275283103003442,2489300
2022-06-28,18.15174102783203,18.292930908133684,18.13409187201529,18.19586391737388,2234500
2022-06-29,18.26645851135254,18.301755139200967,18.204686467164603,18.301755139200967,1828800
2022-06-30,17.98407745361328,18.26645889795778,17.97525455880152,18.19586395765069,2619500
2022-07-01,17.631105422973633,17.96643270256737,17.622280843708914,17.96643270256737,4772800
2022-07-05,17.25165367126465,17.5428579995251,17.189883311196684,17.53403510504346,4820200
2022-07-06,17.331073760986328,17.45461616833329,17.18988388097506,17.428142434662625,4061500
2022-07-07,17.657575607299805,17.745819699072072,17.57815609301637,17.64875102981097,2504800
2022-07-08,17.98407745361328,18.001726609469088,17.728171426168636,17.73699600409654,1228600
2022-07-11,17.869361877441406,18.10762043975518,17.842888142812257,18.089971283335746,925400
2022-07-12,17.37519645690918,17.74582030858971,17.36637187911725,17.684049947162308,2139300
2022-07-13,17.436967849731445,17.639928101602592,17.392844958161923,17.436967849731445,3541200
2022-07-14,17.225183486938477,17.348724220452887,17.19870975127842,17.339899641899535,4642600
2022-07-15,17.33989906311035,17.401669427805718,17.207533755460815,17.26047954189739,841500
2022-07-18,17.710521697998047,17.807590368952077,17.622277604686754,17.622277604686754,1408200
2022-07-19,17.604629516601562,17.66639987482354,17.445790490821597,17.525210003711578,1758800
2022-07-20,17.604629516601562,17.64875072015554,17.525210003711578,17.639926142821537,1240000
2022-07-21,17.295778274536133,17.489913951590857,17.269304539117478,17.38402237614873,1981600
2022-07-22,17.031044006347656,17.2428304990495,17.022221112008125,17.110463520331837,1712600
2022-07-25,17.260478973388672,17.286952707293093,17.101639936194434,17.234006922600397,834600
2022-07-26,17.47226333618164,17.52521080259926,17.36637176957861,17.47226333618164,1071200
2022-07-27,17.595806121826172,17.64875190627247,17.52521118152573,17.604630699753248,1275200
2022-07-28,17.763469696044922,17.8164171685045,17.71052390670164,17.728173064188166,1410700
2022-07-29,17.816415786743164,17.948781091393858,17.781117474507692,17.86053699392134,1411700
2022-08-01,17.613454818725586,17.631103975806376,17.428143718726076,17.58698276622066,1604400
2022-08-02,17.36637306213379,17.53403668536968,17.357548483740718,17.45461716294827,1636800
2022-08-03,17.436967849731445,17.586982314835385,17.322250014766908,17.542859423265863,976200
2022-08-04,17.701698303222656,17.728172037919904,17.410493954017724,17.436967688714972,825700
2022-08-05,17.622278213500977,17.73699604370375,17.560507850983857,17.578157006879074,1172800
2022-08-08,17.71934700012207,17.78111736303072,17.59580627430477,17.59580627430477,1345800
2022-08-09,17.789941787719727,17.816415521502204,17.692873113633446,17.77229263186474,1171700
2022-08-10,18.028200149536133,18.0811459334185,17.887010270439067,17.94878063215452,1428600
2022-08-11,18.195863723754883,18.195863723754883,18.081145895282898,18.081145895282898,1143100
2022-08-12,18.231159210205078,18.239983787466926,18.028198982530633,18.178213429750006,1518600
2022-08-15,18.107620239257812,18.15174144670167,17.992902406917906,18.06349734869778,1569500
2022-08-16,17.834062576293945,18.089970280845538,17.82523968168936,18.01937534219615,1118900
2022-08-17,17.834062576293945,17.939955825826075,17.7987659485273,17.895834620338746,886400
2022-08-18,17.569332122802734,17.834062724153757,17.569332122802734,17.834062724153757,1780300
2022-08-19,17.736995697021484,17.763467747230752,17.534035457541908,17.595805818851684,1044400
2022-08-22,17.878185272216797,17.922306477228613,17.701697085937365,17.736995396439685,1183400
2022-08-23,18.134092330932617,18.169390643459387,17.9576058176473,17.9576058176473,1954200
2022-08-24,18.204689025878906,18.301757711558515,18.09879744433419,18.231162762823256,1663800
2022-08-25,18.089969635009766,18.22233492986224,18.054671325387215,18.18703830335573,1455200
2022-08-26,18.31940460205078,18.345878335718364,18.116444359947703,18.15174098838835,2184800
2022-08-29,18.34587860107422,18.38999980804223,18.169390406969857,18.231160769971538,2410200
2022-08-30,18.26645851135254,18.301755139200967,18.187038994798442,18.26645851135254,2312500
2022-08-31,18.204689025878906,18.248811920786157,18.12527118127854,18.204689025878906,1109300
2022-09-01,17.92230796813965,18.16056653450218,17.89583591617685,18.10762074746036,2429900
2022-09-02,17.98407745361328,18.10761986148779,17.97525455880152,18.001726609469088,739000
2022-09-06,18.028200149536133,18.037024727369214,17.904659426105233,18.001726416036888,1218600
2022-09-07,17.913480758666992,18.266457108744273,17.89583328765591,18.019374000313373,1670000
2022-09-08,17.904661178588867,18.019377335414948,17.789943338646502,17.931133231563038,2038600
2022-09-09,18.2399845123291,18.2399845123291,18.010550543751343,18.019375121363883,1405700
2022-09-12,18.363523483276367,18.363523483276367,18.13408953655557,18.20468446761459,1550700
2022-09-13,18.248809814453125,18.30175559911432,18.187039451829037,18.204686924638672,1185900
2022-09-14,18.134092330932617,18.257634741660137,18.11644485778541,18.195864377854466,765500
2022-09-15,18.125268936157227,18.28410628879961,18.10761978038047,18.13409183092947,901700
2022-09-16,18.107620239257812,18.15174144670167,17.948781199474052,18.01055156314192,844400
2022-09-19,18.107620239257812,18.134092290477657,17.948781199474052,17.97525493381007,1103900
2022-09-20,18.34587860107422,18.398824386059065,18.160565828953025,18.178214984986692,1002200
2022-09-21,18.222335815429688,18.38117485021832,18.178214609373345,18.36352569454933,1328400
2022-09-22,18.231159210205078,18.284104990660147,18.151739697964466,18.231159210205078,733400
2022-09-23,17.878185272216797,18.01055057036833,17.79876575670266,18.01055057036833,2370100
2022-09-26,17.58698081970215,18.03702417675414,17.58698081970215,17.91348177397849,4199800
2022-09-27,17.622278213500977,17.842887612842773,17.613453635553366,17.79876640622087,2556800
2022-09-28,17.772293090820312,17.789942247131073,17.66640151918811,17.66640151918811,1036600
2022-09-29,17.781116485595703,17.83406226788812,17.692872393030953,17.80759021829995,695700
2022-09-30,17.66640281677246,17.887012237512028,17.65757823796892,17.816417290200018,1828100
2022-10-03,17.701698303222656,17.754645772617152,17.63110336047953,17.69287372499024,885500
2022-10-04,17.75464630126953,17.913483664833876,17.719347987288845,17.816416667619485,1551100
2022-10-05,17.860536575317383,17.91348235931352,17.74582042947307,17.754645007325113,1432600
2022-10-06,17.781116485595703,17.825239373436112,17.692872393030953,17.825239373436112,636600
2022-10-07,17.80759048461914,17.84288711230327,17.736995546134786,17.798765906919083,603200
2022-10-10,18.019376754760742,18.072322542119252,17.93995723216486,17.948781810577316,849300
2022-10-11,17.948781967163086,18.01055233347294,17.922308231694757,17.975255702631415,687500
2022-10-12,17.80759048461914,17.90465915620367,17.754644701534897,17.851711690003327,1106400
2022-10-13,17.80759048461914,17.869360845403442,17.631102296850198,17.65757602995037,1054400
2022-10-14,17.701698303222656,17.869361923406164,17.66640167340919,17.825240715360284,549500
2022-10-17,17.701698303222656,17.772293245965788,17.684050829874025,17.719347459687487,516900
2022-10-18,17.67522621154785,17.67522621154785,17.58698211254006,17.63110332048586,798400
2022-10-19,17.639925003051758,17.675223310107032,17.578154648820952,17.613451272760305,768200
2022-10-20,17.648752212524414,17.745820888290474,17.648752212524414,17.648752212524414,450900
2022-10-21,17.692873001098633,17.78111709669615,17.578156855003154,17.595806010745882,1902400
2022-10-24,17.631105422973633,17.719349532504427,17.631105422973633,17.71052495323971,936400
2022-10-25,17.578157424926758,17.62227863259796,17.54285911229685,17.551683690454325,948600
2022-10-26,17.50756072998047,17.604629396878323,17.49873615270648,17.560506510508382,1695000
2022-10-27,17.401668548583984,17.586981316423344,17.384021076074237,17.542858427358677,1261500
2022-10-28,17.313425064086914,17.3398971127696,17.207531820008125,17.30460048682068,941300
2022-10-31,17.49873924255371,17.551685032430548,17.384023083967843,17.463442610341257,1141800
2022-11-01,17.692873001098633,17.71052215684136,17.542858543517696,17.560507699260423,1188800
2022-11-02,17.595806121826172,17.67522564005369,17.5869815438991,17.622278172491253,953800
2022-11-03,17.50756072998047,17.551681933234395,17.419316640356605,17.45461494945256,482500
2022-11-04,17.72817039489746,17.745819549726594,17.61345257162414,17.701696662653763,723500
2022-11-07,17.789941787719727,17.79876636564722,17.657576485039613,17.701697691560938,1010200
2022-11-08,17.701698303222656,17.78994240243062,17.675226251641607,17.73699661615232,720400
2022-11-09,17.622278213500977,17.72817146575614,17.604630740721902,17.684050259134242,771400
2022-11-10,17.67522621154785,17.701698263068852,17.569332956115264,17.657577055123056,1432900
2022-11-11,17.71934700012207,17.807591097041353,17.69287326611144,17.754645312136244,966200
2022-11-14,17.710521697998047,17.763467480738388,17.613453027044017,17.622277604686754,647100
2022-11-15,17.763469696044922,17.83406464287473,17.613455223642042,17.622279802385304,951100
2022-11-16,17.701698303222656,17.710522881455073,17.63110336047953,17.710522881455073,758300
2022-11-17,17.54286003112793,17.551684609747607,17.481089663906467,17.507563399765495,1302900
2022-11-18,17.551681518554688,17.586979826816677,17.525209470474174,17.551681518554688,552400
2022-11-21,17.58698081970215,17.60462997482954,17.507561304744968,17.55168250944737,772100
2022-11-22,17.613454818725586,17.67522686850835,17.578158187680266,17.58698276622066,1316700
2022-11-23,17.54286003112793,17.569333766986958,17.49873882114582,17.516387978385172,1524800
2022-11-25,17.534034729003906,17.666400023898813,17.516385574186973,17.52521015159544,464100
2022-11-28,17.436967849731445,17.48108905818475,17.375197484650332,17.436967849731445,978600
2022-11-29,17.489913940429688,17.604631777387734,17.45461730967692,17.47226478349518,1088900
2022-11-30,17.692873001098633,17.70169757897,17.525211070891096,17.560507699260423,1369200
2022-12-01,17.578157424926758,17.648752367070394,17.551683690454325,17.631103210755438,2622400
2022-12-02,17.525211334228516,17.56933254113218,17.463440971316917,17.525211334228516,1518700
2022-12-05,17.445791244506836,17.56050738857271,17.419317511361125,17.551682810857475,1568900
2022-12-06,17.322250366210938,17.47226483435846,17.278129156862473,17.44579278199588,1384700
2022-12-07,17.33989906311035,17.375197376145536,17.269304120156185,17.348723641369148,730000
2022-12-08,17.348722457885742,17.36637161319936,17.242830892236235,17.36637161319936,701300
2022-12-09,17.260478973388672,17.41049343261477,17.25165439542053,17.348723069953934,1672700
2022-12-12,17.410493850708008,17.428143007068115,17.27812854423959,17.313426856959804,1032200
2022-12-13,17.516386032104492,17.60463012538001,17.507561454465332,17.534035187382813,1419100
2022-12-14,17.49873924255371,17.551685032430548,17.43696887384468,17.463442610341257,1381100
2022-12-15,17.489913940429688,17.578158041985976,17.46344188814417,17.5252122542987,972500
2022-12-16,17.436967849731445,17.48108905818475,17.375197484650332,17.41049411478973,1932900
2022-12-19,17.44228744506836,17.477756392473783,17.397950837978296,17.451155104753003,1334500
2022-12-20,17.575300216674805,17.610770857954304,17.486625304809323,17.495492965129195,1659800
2022-12-21,17.770383834838867,17.770383834838867,17.584166366781282,17.584166366781282,2161700
2022-12-22,17.814720153808594,17.823587813223767,17.726045250989948,17.761515888650646,1722500
2022-12-23,17.912261962890625,17.912261962890625,17.81471940475815,17.859056008636717,1543200
2022-12-27,17.832456588745117,17.983203425571897,17.832456588745117,17.867925537292667,2237600
2022-12-28,17.956600189208984,17.99207082858315,17.903395921480914,17.92112954983482,2219100
2022-12-29,17.8679256439209,17.92999757274943,17.85905798389779,17.876793303944005,1874700
2022-12-30,17.8679256439209,17.94773289279564,17.841324355184792,17.8679256439209,859500
2023-01-03,17.672842025756836,17.867925470370693,17.61077009753121,17.83245652195599,448600
2023-01-04,17.46002197265625,17.59303347922775,17.451154313373742,17.58416581994524,1160100
2023-01-05,17.415685653686523,17.468891615422784,17.380216703862278,17.46002395513341,464200
2023-01-06,17.344745635986328,17.451155865507666,17.335877975915114,17.424552885294027,540100
2023-01-09,17.406818389892578,17.539831605929766,17.397952420734512,17.406818389892578,1029500
2023-01-10,17.22060203552246,17.335878235507973,17.22060203552246,17.335878235507973,964000
2023-01-11,17.176265716552734,17.202867006281732,17.149662735490466,17.202867006281732,1194300
2023-01-12,17.291542053222656,17.3270126949154,17.131927548271893,17.193999479900903,1461100
2023-01-13,17.31814193725586,17.327009596093124,17.229467040216218,17.247202357890743,615600
2023-01-17,17.380216598510742,17.389084258746365,17.264938706780868,17.291541687487744,698400
2023-01-18,17.264938354492188,17.451155832974067,17.264938354492188,17.42455285281002,1088200
2023-01-19,17.167396545410156,17.3004080563495,17.140793566689037,17.291540396775794,611600
2023-01-20,17.211732864379883,17.22946818323098,17.069853696237285,17.087589015088383,612800
2023-01-23,17.185129165649414,17.22946746091836,17.15852787982107,17.22946746091836,974300
2023-01-24,17.30040740966797,17.309275068910207,17.21173250857866,17.220600167820898,491600
2023-01-25,17.344745635986328,17.38021627627118,17.300409026963482,17.300409026963482,786200
2023-01-26,17.584169387817383,17.610772371062723,17.504362129414776,17.513229790496556,1132500
2023-01-27,17.61963653564453,17.655105481599662,17.53096163375709,17.584165898356325,399700
2023-01-30,17.717180252075195,17.75265089506234,17.690578961168185,17.699444930581624,974400
2023-01-31,17.938865661621094,17.94773332185619,17.75264987068381,17.770385191154006,1040500
2023-02-01,17.814720153808594,17.929996343539663,17.7083099321596,17.90339505662724,1336200
2023-02-02,17.885662078857422,17.965469332706892,17.85019143655396,17.90339740000915,1015600
2023-02-03,17.788118362426758,17.894528591175682,17.76151707373943,17.81472134244729,1863300
2023-02-06,17.7437801361084,17.823587377561136,17.646237576258816,17.823587377561136,411200
2023-02-07,17.788118362426758,17.83245666246098,17.708311113698365,17.726046433712053,545300
2023-02-08,17.841323852539062,17.850189820979175,17.71717830704636,17.77038426568602,441400
2023-02-09,17.726045608520508,17.88566009854684,17.726045608520508,17.88566009854684,1063700
2023-02-10,17.894527435302734,17.912262754170833,17.752648267024135,17.752648267024135,1712400
2023-02-13,18.00093650817871,18.01867182758114,17.876792655027995,17.876792655027995,779600
2023-02-14,18.1428165435791,18.160551863825,17.97433607524276,18.000937364278375,1205500
2023-02-15,17.99207305908203,18.098481607729767,17.938867093424776,18.08961394678689,768700
2023-02-16,18.071876525878906,18.089611845704727,17.956600329677457,17.956600329677457,659800
2023-02-17,18.160552978515625,18.204891281851843,18.125084027179984,18.125084027179984,1033000
2023-02-21,18.337900161743164,18.39110442673217,18.266960577980125,18.293561864808083,817500
2023-02-22,18.249225616455078,18.33790052072806,18.240357956894467,18.33790052072806,474800
2023-02-23,18.231489181518555,18.29356110331074,18.18715257776214,18.2669598175901,285200
2023-02-24,17.96546745300293,18.09847896505745,17.96546745300293,18.09847896505745,842500
2023-02-27,17.94773292541504,18.009804854356382,17.929997605336595,18.00093719431716,955600
2023-02-28,17.90339469909668,17.9832019409064,17.89452703985859,17.974334281668312,522700
2023-03-01,18.018672943115234,18.05414358411608,17.912264402779208,17.921130371696165,783800
2023-03-02,17.912261962890625,18.000935170647757,17.876791326721353,17.96546622581151,922000
2023-03-03,18.018672943115234,18.071877213283248,17.885661422028576,17.921130371696165,2627000
2023-03-06,17.956600189208984,18.009804456937054,17.86792528210675,17.894528261637372,759400
2023-03-07,17.929996490478516,17.992070106893433,17.885659884372394,17.921128830990668,581900
2023-03-08,17.796985626220703,17.8945281927912,17.788117966411278,17.8945281927912,914600
2023-03-09,17.690576553344727,17.876792329681795,17.6817088938049,17.823588063775933,1198900
2023-03-10,17.761516571044922,17.779250199223497,17.672841664819405,17.672841664819405,1000400
2023-03-13,17.672842025756836,17.770384593730363,17.628503726071962,17.637371386008937,1149400
2023-03-14,17.672842025756836,17.743781613919438,17.61077009753121,17.655106705882886,842100
2023-03-15,17.47775650024414,17.58416672578284,17.468890531837975,17.557563746564878,1213400
2023-03-16,17.60190200805664,17.663973934767533,17.557563709453753,17.62850329588522,858300
2023-03-17,17.584169387817383,17.62850600189287,17.513229790496556,17.62850600189287,795500
2023-03-20,17.575300216674805,17.60190319763443,17.513228285768946,17.539831266728573,679700
2023-03-21,17.593034744262695,17.726046260398448,17.584167084342553,17.717178600478306,346500
2023-03-22,17.530963897705078,17.63737244064514,17.460024305300607,17.63737244064514,552000
2023-03-23,17.433420181274414,17.55756403701226,17.415684861502385,17.504359769029353,726800
2023-03-24,17.699443817138672,17.70831147732761,17.513228027170737,17.513228027170737,989500
2023-03-27,17.8679256439209,17.894528623990215,17.761517106310052,17.761517106310052,757300
2023-03-28,17.94773292541504,17.95660058545426,17.8413243876108,17.8413243876108,632100
2023-03-29,17.841323852539062,17.91226343939211,17.814720873219237,17.88566046007228,528900
2023-03-30,18.00980567932129,18.018673339766707,17.938866087091235,17.992072049763742,606500
2023-03-31,18.116214752197266,18.15168370037231,17.912263649024506,17.912263649024506,938200
2023-04-03,18.133949279785156,18.293562076600082,18.116213960805794,18.204888864369494,437800
2023-04-04,18.045272827148438,18.196019642866126,18.045272827148438,18.142813690495437,1995900
2023-04-05,18.133949279785156,18.18715354539013,18.071875663357392,18.071875663357392,461600
2023-04-06,18.311298370361328,18.32016603032307,18.178286853601616,18.196022173525098,1111300
2023-04-10,18.355634689331055,18.391103634017206,18.240356813601775,18.284695108625737,474600
2023-04-11,18.479780197143555,18.515249145024274,18.408840610048948,18.408840610048948,2304700
2023-04-12,18.417707443237305,18.479779367742555,18.39997212442635,18.479779367742555,498200
2023-04-13,18.50638198852539,18.66599478074194,18.488646670056976,18.60392285743555,711900
2023-04-14,18.541851043701172,18.55071870298778,18.43544251492799,18.46204380145475,644100
2023-04-17,18.799009323120117,18.807875291655684,18.595056528805248,18.603924188674,1008100
2023-04-18,18.887683868408203,18.94975749185803,18.73693702269665,18.73693702269665,587100
2023-04-19,18.719202041625977,18.905417824531852,18.719202041625977,18.781273969261267,795000
2023-04-20,18.692598342895508,18.692598342895508,18.577322151912657,18.62165875813688,621500
2023-04-21,18.568456649780273,18.66599753307299,18.497517056779518,18.63052858223927,578000
2023-04-24,18.674861907958984,18.781272124404953,18.550718064882865,18.603922327439342,371400
2023-04-25,18.61279296875,18.639395949957343,18.444310803770065,18.532985716461255,1009500
2023-04-26,18.639392852783203,18.71033243288198,18.595054558138344,18.657128170641148,336900
2023-04-27,18.603925704956055,18.710335940720654,18.53298611155743,18.665997637763187,406800
2023-04-28,18.57732391357422,18.612792863650444,18.479781341031366,18.497516661736114,737300
2023-05-01,18.382238388061523,18.568455868941015,18.34676943871934,18.568455868941015,414900
2023-05-02,18.213756561279297,18.435442974977438,18.213756561279297,18.364501698914246,526700
2023-05-03,18.26696014404297,18.329032066944457,18.133948639063636,18.178285243612397,1837500
2023-05-04,18.355634689331055,18.382235975012414,18.17828489190125,18.17828489190125,529400
2023-05-05,18.64826202392578,18.683730971184897,18.39997262777943,18.39997262777943,290000
2023-05-08,18.541851043701172,18.65712892309403,18.524115725127952,18.648261263807424,250500
2023-05-09,18.58618927001953,18.61279225019986,18.44431009172421,18.470913071904537,634200
2023-05-10,18.64826202392578,18.683730971184897,18.506382852223048,18.506382852223048,666600
2023-05-11,18.426576614379883,18.559588133708278,18.39997363398091,18.497516204110575,1833000
2023-05-12,18.47091293334961,18.559587841952318,18.39110568474049,18.506383573323976,513500
2023-05-15,18.701467514038086,18.754671784074255,18.532985352368097,18.532985352368097,460100
2023-05-16,18.568456649780273,18.76354010769902,18.524118347071482,18.719203496323537,430900
2023-05-17,18.426576614379883,18.56845579384127,18.37337065358194,18.506383864243567,465000
2023-05-18,18.355634689331055,18.37336831600762,18.231489154596986,18.266959790616152,379200
2023-05-19,18.426576614379883,18.60392474304,18.408841294113902,18.56845579384127,359000
2023-05-22,18.40884017944336,18.435443158231497,18.364501881463127,18.417707839039405,460600
2023-05-23,18.39110565185547,18.47978056029962,18.3733703319,18.45317758036641,473800
2023-05-24,18.293563842773438,18.417709396281634,18.266962553069252,18.35563746519417,365900
2023-05-25,18.089611053466797,18.2226225636688,18.054142106701715,18.2226225636688,552800
2023-05-26,18.240358352661133,18.275828991673194,18.1871540854762,18.204889404982232,347200
2023-05-30,18.125083923339844,18.187155856321603,18.098480941490525,18.178288195705164,520400
2023-05-31,18.1428165435791,18.169419523947948,18.036408004770173,18.045275664893122,1719100
2023-06-01,18.40884017944336,18.435443158231497,18.293562296027883,18.320165274816024,495400
2023-06-02,18.515249252319336,18.559587551593633,18.337901129221674,18.426576036437094,4954200
2023-06-05,18.4886474609375,18.532984067672043,18.453176822483357,18.47091214171043,591500
2023-06-06,18.639392852783203,18.657128170641148,18.524114978039567,18.568453272684426,1154800
2023-06-07,18.52411651611328,18.665995688091186,18.497515228450638,18.62165908109802,441500
2023-06-08,18.8344783782959,18.861081358053326,18.57732300597352,18.57732300597352,636800
2023-06-09,18.790142059326172,18.81674334815996,18.701467150102694,18.728070130269703,333300
2023-06-12,18.8344783782959,18.89655030639671,18.799009429952516,18.799009429952516,411600
2023-06-13,18.887683868408203,18.932022170872365,18.834479596784508,18.87881789924867,306800
2023-06-14,18.91428565979004,18.949756299529536,18.825610751774484,18.825610751774484,517200
2023-06-15,19.242382049560547,19.260115677855197,19.065032235948685,19.073899895762597,401200
2023-06-16,19.49953842163086,19.508406081900805,19.31332262996177,19.31332262996177,534000
2023-06-20,19.419729232788086,19.499536475920987,19.366524967810516,19.499536475920987,874000
2023-06-21,19.623680114746094,19.623680114746094,19.455199662230388,19.472933289477833,607100
2023-06-22,19.464069366455078,19.517273636453307,19.331056154459628,19.47293533534374,1377600
2023-06-23,19.09163475036621,19.393128411362845,19.056164111974546,19.19804328287495,463200
2023-06-26,19.07390022277832,19.304454307893245,19.056164902846433,19.10050320267615,488100
2023-06-27,18.878816604614258,18.976357480679848,18.80787532553647,18.976357480679848,358900
2023-06-28,18.665996551513672,18.745803800859484,18.648262922695995,18.665996551513672,445700
2023-06-29,18.559587478637695,18.612791746224534,18.47091257177085,18.58618876676453,503400
2023-06-30,18.683731079101562,18.84334557102235,18.683731079101562,18.683731079101562,1392300
2023-07-03,18.896549224853516,18.94975518132313,18.76353771634566,18.76353771634566,505600
2023-07-05,18.8344783782959,18.985225214254946,18.790141770033376,18.976357554335802,710200
2023-07-06,18.816741943359375,18.896549186569015,18.77240533772428,18.807874283965738,379300
2023-07-07,18.763538360595703,18.896549873670537,18.736935381447477,18.781273680027855,539200
2023-07-10,18.781272888183594,18.878815449614745,18.781272888183594,18.80787417487712,554400
2023-07-11,18.96748924255371,18.994092221396865,18.82561007138982,18.86108070984736,814400
2023-07-12,18.80787467956543,19.091634712131068,18.80787467956543,18.976356828922157,971200
2023-07-13,18.93202018737793,18.940887846941703,18.790141017023792,18.807874644818217,1008400
2023-07-14,19.144840240478516,19.171443220972893,19.047297669999033,19.109369599819345,710200
2023-07-17,19.01182746887207,19.22464622481469,19.002959809291152,19.22464622481469,838600
2023-07-18,19.277851104736328,19.31332174418931,19.091635321607708,19.091635321607708,1142500
2023-07-19,19.508405685424805,19.53500866569398,19.384261826835097,19.384261826835097,633800
2023-07-20,19.55274200439453,19.632549252684566,19.51727305589518,19.605947964143354,680500
2023-07-21,19.517274856567383,19.561611469115384,19.46407058324311,19.50840719579111,668300
2023-07-24,19.81876564025879,19.84536692733848,19.64141583350638,19.64141583350638,1204000
2023-07-25,19.827632904052734,19.845366531307604,19.73895800244611,19.792162266876858,408900
2023-07-26,19.783296585083008,19.836502546165192,19.650285065044034,19.774428924902644,798900
2023-07-27,19.605947494506836,19.765561987263535,19.59707983476111,19.765561987263535,553300
2023-07-28,19.49953842163086,19.605948653536952,19.42859883080455,19.472935440821022,717500
2023-07-31,19.446332931518555,19.446332931518555,19.331055046573645,19.446332931518555,421900
2023-08-01,19.47293472290039,19.481802382843405,19.3221895778687,19.348790866364553,618400
2023-08-02,19.322189331054688,19.42859786634527,19.295586351565454,19.42859786634527,441100
2023-08-03,19.17144203186035,19.28671822418615,19.11823607417171,19.233513957830638,396300
2023-08-04,19.189176559448242,19.26011614835933,19.153707610659303,19.206911879509317,502500
2023-08-07,19.144840240478516,19.268984100119134,19.135972580313723,19.26011643995434,844400
2023-08-08,19.002960205078125,19.047296812573013,18.94088827805202,19.047296812573013,443800
2023-08-09,18.96748924255371,19.038428828135654,18.94088795504369,19.011827540625635,327900
2023-08-10,18.9852237701416,19.082766330499396,18.97635611089698,18.97635611089698,300400
2023-08-11,18.9852237701416,19.091633989744018,18.932019506006924,18.994091429386224,649500
2023-08-14,18.843345642089844,18.914285228618503,18.816742662891663,18.905417568885774,803700
2023-08-15,18.692598342895508,18.86108049094716,18.692598342895508,18.86108049094716,826500
2023-08-16,18.790142059326172,18.86994930849398,18.728070130269703,18.728070130269703,365200
2023-08-17,18.781272888183594,18.878815449614745,18.76353756949919,18.82560949356153,772800
2023-08-18,18.93202018737793,18.95862147473613,18.843345283073315,18.87881592132841,750400
2023-08-21,18.878816604614258,19.056164728309174,18.86108128484481,19.056164728309174,438800
2023-08-22,18.763538360595703,18.958621800349913,18.736935381447477,18.958621800349913,275000
2023-08-23,18.958621978759766,19.00296027775739,18.887682391696735,18.887682391696735,216000
2023-08-24,19.118236541748047,19.118236541748047,18.92315309945124,18.92315309945124,169800
2023-08-25,19.17144203186035,19.242381617445414,19.091634786660517,19.11823607417171,209200
2023-08-28,19.35765838623047,19.35765838623047,19.206911550956423,19.233514530592966,379900
2023-08-29,19.331056594848633,19.39313021781615,19.304455304910128,19.32219062575799,202600
2023-08-30,19.37539291381836,19.419729520066696,19.322188648053732,19.36652525430207,193700
2023-08-31,19.277851104736328,19.40199496015541,19.260115785009834,19.348790692309112,330700
2023-09-01,19.313322067260742,19.41086294472174,19.27785142721441,19.339923355962284,287300
2023-09-05,19.437463760375977,19.49066802318792,19.331053543419067,19.37539183853987,403400
2023-09-06,19.4552001953125,19.508404461178806,19.41972955717955,19.41972955717955,246700
2023-09-07,19.419729232788086,19.455199870328524,19.375392627195627,19.401993914017865,258600
2023-09-08,19.37539291381836,19.437464839099277,19.357657594785778,19.437464839099277,319600
2023-09-11,19.517274856567383,19.543877838896197,19.428599940138024,19.428599940138024,211800
2023-09-12,19.543874740600586,19.561608368008457,19.481801125007234,19.535007081230106,352600
2023-09-13,19.605947494506836,19.623681122665122,19.526140248128485,19.570476855523943,383700
2023-09-14,19.69462013244629,19.756693748848228,19.605946920252595,19.605946920252595,263100
2023-09-15,19.809900283813477,19.845369234487585,19.78329730230792,19.78329730230792,250500
2023-09-18,19.668020248413086,19.79216410740701,19.61481597903472,19.79216410740701,415200
2023-09-19,19.747827529907227,19.7921641392383,19.712356889375787,19.721224549508644,252500
2023-09-20,19.69462013244629,19.69462013244629,19.597079260766606,19.623680547891468,277200
2023-09-21,19.419729232788086,19.579343719053885,19.419729232788086,19.579343719053885,326900
2023-09-22,19.384262084960938,19.47293530437254,19.3487914441297,19.42859869466674,196400
2023-09-25,19.286718368530273,19.313321347573694,19.21577878241429,19.268983049167993,208900
2023-09-26,19.215778350830078,19.313320913798687,19.19804303186613,19.286717935352765,203500
2023-09-27,19.16257667541504,19.21578094816523,19.144841354053867,19.198045626804053,227000
2023-09-28,19.331056594848633,19.339924255272564,19.109370158250215,19.15370846036987,209500
2023-09-29,18.9852237701416,19.277849759881924,18.967488451652354,19.277849759881924,1023000
2023-10-02,19.135971069335938,19.215778313184245,19.06503148495223,19.06503148495223,536300
2023-10-03,18.94975471496582,19.0916338793936,18.89654875980561,19.073898561006867,523300
2023-10-04,18.905418395996094,18.976357985628354,18.887683075754722,18.976357985628354,216400
2023-10-05,19.01182746887207,19.01182746887207,18.85221297908182,18.861080638662738,211000
2023-10-06,19.135971069335938,19.14483872880054,18.98522424110392,18.98522424110392,153200
2023-10-09,19.127103805541992,19.162574444134158,19.0561642196908,19.135971465190032,310600
2023-10-10,19.1093692779541,19.135972258000397,19.06503266921015,19.06503266921015,167500
2023-10-11,18.9852237701416,19.100501648988644,18.94975482449617,19.073898671254774,425600
2023-10-12,19.16257667541504,19.180310305442877,18.994094505150553,19.109370711331515,461600
2023-10-13,19.25124740600586,19.295585703665807,19.19804314014704,19.295585703665807,273500
2023-10-16,19.26898193359375,19.322187888600247,19.251246615258253,19.2778495927615,228800
2023-10-17,19.384262084960938,19.437466354874548,19.33992378392189,19.3487914441297,250300
2023-10-18,19.437463760375977,19.48180036416376,19.38425949756403,19.446331419400135,227600
2023-10-19,19.481801986694336,19.51727262574513,19.38426111197097,19.419730059688607,283800
2023-10-20,19.437463760375977,19.570475263072346,19.410860783303495,19.5172710002604,578300
2023-10-23,19.446332931518555,19.53500783732237,19.42859761209116,19.455200591232252,359900
2023-10-24,19.428598403930664,19.464069044231106,19.357658814662997,19.41086308378044,219700
2023-10-25,19.339923858642578,19.428598769730026,19.2601166077972,19.428598769730026,536500
2023-10-26,19.37539291381836,19.419729520066696,19.33105461623691,19.3399222757532,267400
2023-10-27,19.55274200439453,19.56160966435267,19.428598147647012,19.437465807605147,912000
2023-10-30,19.419729232788086,19.526139454076315,19.419729232788086,19.481801157150766,392700
2023-10-31,19.517274856567383,19.570479129891655,19.46407058324311,19.481804213462297,221300
2023-11-01,19.49066925048828,19.508404569653372,19.437464984326137,19.464067963073774,672600
2023-11-02,19.721223831176758,19.721223831176758,19.543875708979026,19.543875708979026,1165300
2023-11-03,19.863101959228516,19.871969618571296,19.69461981438186,19.69461981438186,293100
2023-11-06,19.91630744934082,19.94291042900596,19.818766573235013,19.863103181343725,2009600
2023-11-07,19.650285720825195,19.88970747968542,19.632550399872596,19.818767887208313,363500
2023-11-08,19.73896026611328,19.774429216023673,19.650285354337402,19.650285354337402,504100
2023-11-09,19.623680114746094,19.809897577175388,19.623680114746094,19.747825653476646,434700
2023-11-10,19.543874740600586,19.623680292268723,19.51727176248915,19.623680292268723,305200
2023-11-13,19.827632904052734,19.836500563346704,19.552740539938895,19.579343517820803,304500
2023-11-14,19.730091094970703,19.809898340324427,19.712355775706957,19.75669407386632,383800
2023-11-15,19.765562057495117,19.801031005270882,19.685754810833195,19.685754810833195,298400
2023-11-16,19.61481475830078,19.712355630868423,19.588211779600627,19.703487971301705,320700
2023-11-17,19.579343795776367,19.605946774035942,19.517271871170458,19.579343795776367,280200
2023-11-20,19.632549285888672,19.694621214367412,19.57047735740993,19.623681625915538,341700
2023-11-21,19.668020248413086,19.69462153743565,19.588212998678927,19.65028492817589,129200
2023-11-22,19.570478439331055,19.650285692168076,19.543877149274245,19.59708142072116,289200
2023-11-24,19.277851104736328,19.517272847044424,19.268983444873083,19.517272847044424,290300
2023-11-27,19.144840240478516,19.35765901043382,19.144840240478516,19.32219006110789,672500
2023-11-28,19.4552001953125,19.49066914211233,19.1803078237815,19.189175483314738,386800
2023-11-29,19.579343795776367,19.605946774035942,19.455199946564544,19.472933574071167,278100
2023-11-30,19.756694793701172,19.774428422277907,19.60594795713314,19.63254924566484,406200
2023-12-01,19.526138305664062,19.676885123678712,19.517270646800494,19.56160724978534,477900
2023-12-04,19.49066925048828,19.623680761560202,19.464067963073774,19.481801590905736,562700
2023-12-05,19.517274856567383,19.526142517343654,19.41086461858548,19.419732279361753,208500
2023-12-06,19.1093692779541,19.472934881920754,19.10050330927188,19.41086295314594,701100
2023-12-07,19.224647521972656,19.268984131535667,19.144840271692644,19.171443252230393,997900
2023-12-08,19.348791122436523,19.357658782496898,19.24238258437845,19.24238258437845,215000
2023-12-11,19.25124740600586,19.357657629056618,19.1625741933522,19.33105465046065,359000
2023-12-12,19.37539291381836,19.401994201034118,19.206910765675072,19.2601150314397,648600
2023-12-13,19.260114669799805,19.322188285248306,19.206910405034176,19.304452966548734,729300
2023-12-14,19.419729232788086,19.428596892173196,19.295585384062726,19.295585384062726,466100
2023-12-15,19.47293472290039,19.508405362672455,19.331055546478517,19.401995134689454,306900
2023-12-18,19.491479873657227,19.491479873657227,19.3802051880339,19.43584164652,841100
2023-12-19,19.537845611572266,19.574937767396396,19.38020748662239,19.42657268140255,853100
2023-12-20,19.30602264404297,19.472933788067728,19.278205299139593,19.454387712364728,478900
2023-12-21,19.278207778930664,19.380207671115354,19.222569544664815,19.324571205500856,525500
2023-12-22,19.370933532714844,19.43584303368985,19.315297070257873,19.343116185811986,967600
2023-12-26,19.454387664794922,19.49147981611023,19.333841710322424,19.380205130815433,752300
2023-12-27,19.47293472290039,19.510026876087068,19.426571300068254,19.445115608010383,847100
2023-12-28,19.519298553466797,19.59348109273852,19.454389052685443,19.472935129666183,537100
2023-12-29,19.231840133666992,19.398751277898178,19.185476713003276,19.361659126446302,563800
2024-01-02,19.18547821044922,19.361660637643464,19.16693213327574,19.324570251947772,542600
2024-01-03,19.092750549316406,19.166933093073798,19.027841044610106,19.166933093073798,282400
2024-01-04,19.213294982910156,19.213294982910156,19.027839522675936,19.074202945571688,693400
2024-01-05,19.08347511291504,19.204021068133027,19.074202075028865,19.11129422657356,314700
2024-01-08,19.018566131591797,19.04638524600396,18.907291442594325,18.96292967141865,2311000
2024-01-09,19.148386001586914,19.231841579978703,19.04638611472571,19.11129561599682,342500
2024-01-10,19.111295700073242,19.14838608582651,19.083476584269842,19.14838608582651,219200
2024-01-11,19.213294982910156,19.268933212766516,19.166931560014405,19.194750674942583,296900
2024-01-12,19.111295700073242,19.28747812754098,19.037113159915442,19.28747812754098,277300
2024-01-16,19.25038719177246,19.315296691474558,19.16693161539799,19.296750614802182,177100
2024-01-17,19.111295700073242,19.19475127883218,19.10202266147211,19.166932163028775,652200
2024-01-18,19.333843231201172,19.333843231201172,19.0649304189648,19.120568650314485,291600
2024-01-19,19.482208251953125,19.56566383007418,19.4451160978321,19.482208251953125,391400
2024-01-22,19.565662384033203,19.59347972891682,19.463660736390278,19.482206812080104,346300
2024-01-23,19.788209915161133,19.797482952972683,19.63984484747857,19.63984484747857,489300
2024-01-24,19.936574935913086,19.964394049282248,19.76039075521061,19.825300251087544,562800
2024-01-25,19.843847274780273,19.89021246594415,19.741847391522146,19.89021246594415,348400
2024-01-26,19.890213012695312,19.918030359507096,19.81603047344515,19.853120858744607,323500
2024-01-29,19.7974853515625,19.834575738651317,19.7140297697985,19.760393195822353,153300
2024-01-30,20.094215393066406,20.094215393066406,19.806758262542616,19.806758262542616,867400
2024-01-31,20.0571231842041,20.0571231842041,19.982940642051734,20.038578875154496,315400
2024-02-01,20.112760543823242,20.140577890515218,20.010758889549354,20.05712231313681,333200
2024-02-02,20.122032165527344,20.186941661440155,20.094213052142802,20.112759127732495,239200
2024-02-05,20.131305694580078,20.18694392759502,20.057123152544804,20.0942153078881,215900
2024-02-06,20.18694305419922,20.18694305419922,20.047851014982363,20.14057786202611,276200
2024-02-07,20.261125564575195,20.381671526753543,20.23330644931039,20.23330644931039,260200
2024-02-08,20.455854415893555,20.47440049305446,20.30748933590884,20.30748933590884,323700
2024-02-09,20.53003692626953,20.567129080537832,20.400217923632997,20.446581347817112,346100
2024-02-12,20.44658088684082,20.567128616843743,20.44658088684082,20.520763425053687,305900
2024-02-13,20.390945434570312,20.474401015271727,20.344582009136776,20.46512797645476,275700
2024-02-14,20.298215866088867,20.363125366121757,20.21476028928909,20.270398519589758,292700
2024-02-15,20.214759826660156,20.316761477892445,20.19621551896889,20.270398055687508,325500
2024-02-16,20.112760543823242,20.242579544789105,20.094214466927763,20.20548915964939,312600
2024-02-20,20.400217056274414,20.48367263117854,20.27039805915741,20.409490094447225,682700
2024-02-21,20.539310455322266,20.567129571687822,20.40021841079709,20.40021841079709,430700
2024-02-22,20.483673095703125,20.53003651896742,20.3260349804928,20.3260349804928,564900
2024-02-23,20.548582077026367,20.641310689865442,20.40949004209335,20.52076296257929,501600
2024-02-26,20.75258445739746,20.771130534452496,20.530036838690794,20.62276545531472,429300
2024-02-27,20.8082218170166,20.910221699244556,20.789675740738364,20.789675740738364,547900
2024-02-28,20.5578556060791,20.68767460596306,20.539309529338187,20.68767460596306,644100
2024-02-29,20.567129135131836,20.585675212315216,20.437310132150706,20.51149267223296,314100
2024-03-01,20.585674285888672,20.594945555411858,20.428036174226733,20.594945555411858,471100
2024-03-04,20.817495346069336,20.882404845922675,20.771130154280364,20.808222307711542,415000
2024-03-05,20.57640266418457,20.678402553821908,20.557856586559122,20.6320391284096,183600
2024-03-06,20.724767684936523,20.780404148992567,20.650585143311368,20.724767684936523,273600
2024-03-07,20.817495346069336,20.900950922638263,20.678401539353644,20.752584077564777,335000
2024-03-08,20.7989501953125,20.7989501953125,20.641312073514474,20.734040692569426,374800
2024-03-11,21.086406707763672,21.132771900264892,20.845313012711078,20.863859089711568,470800
2024-03-12,21.327499389648438,21.34604546576789,21.09567874410878,21.142042165756244,422300
2024-03-13,21.290407180786133,21.318226294891325,21.169861223632626,21.225497683191847,308300
2024-03-14,21.41095542907715,21.58713961874042,21.32749985337619,21.44804581347135,583300
2024-03-15,21.874597549438477,21.874597549438477,21.5036848483498,21.52222915691578,1023300
2024-03-18,21.995141983032227,21.995141983032227,21.69841184281578,21.828232605648836,469400
2024-03-19,21.837505340576172,22.0136895363984,21.754049761957816,21.99514345922737,532000
2024-03-20,22.060054779052734,22.060054779052734,21.559321306213867,21.735505502433238,456200
2024-03-21,22.180599212646484,22.1991452885792,21.920959455541933,22.115689715533133,672700
2024-03-22,22.328964233398438,22.41241980625984,22.22696258464536,22.254781698482873,556000
2024-03-25,22.848243713378906,22.876062829329584,22.551513551176782,22.56078658982701,491100
2024-03-26,22.736968994140625,23.070789515971683,22.72769595622155,23.015153057108364,931100
2024-03-27,22.876062393188477,22.903881508608773,22.53296704427647,22.58860527511706,736200
2024-03-28,22.959518432617188,23.0429740119055,22.746243849392076,22.87606285332888,401600
2024-04-01,23.24697494506836,23.31188444532962,22.98733694402331,22.996608213788146,2221200
2024-04-02,22.959518432617188,23.12642959119381,22.903881969308742,23.080064397894038,935300
2024-04-03,22.903881072998047,23.005880956963367,22.764787267193245,22.838969804918577,1460300
2024-04-04,22.99660873413086,23.00588177275675,22.801880228940963,22.88533580792271,341000
2024-04-05,23.256248474121094,23.265521512732796,22.98733742898676,23.005881737558898,360900
2024-04-08,23.070791244506836,23.441705714455402,23.061519974544268,23.404613560000037,821300
2024-04-09,23.219158172607422,23.321158060403867,23.154246902089877,23.209885133962057,441000
2024-04-10,23.423158645629883,23.51588725919144,23.265520533170587,23.33043003206832,1613200
2024-04-11,23.367523193359375,23.52516131262141,23.348977116116483,23.515888273999966,320100
2024-04-12,23.58079719543457,23.840435195840925,23.488068580153204,23.61788758035638,418900
2024-04-15,23.794071197509766,23.886799810550222,23.729161698976803,23.877526772381056,462700
2024-04-16,23.24697494506836,23.617887638455024,23.182065444807094,23.617887638455024,573500
2024-04-17,23.562252044677734,23.701344088740687,23.40461392309938,23.40461392309938,693700
2024-04-18,24.0444393157959,24.072256663264564,23.79407257667018,23.85898207896545,1067500
2024-04-19,24.582263946533203,24.591536985528926,23.951711444034817,23.970257522026262,893300
2024-04-22,24.285533905029297,24.600810157988924,24.220624400358435,24.396806836278955,1019300
2024-04-23,24.062984466552734,24.09080181295016,23.719889122224263,23.756981275622465,1118200
2024-04-24,24.61008071899414,24.674990217129128,24.12789334906113,24.12789334906113,1072900
2024-04-25,24.266986846923828,24.619353473186028,24.0537122634322,24.480261430415457,554100
2024-04-26,24.146440505981445,24.40607851014173,24.081529236290123,24.220623045548848,339800
2024-04-29,23.27479362487793,23.76625227117655,23.005880821796556,23.72916188685741,1284700
2024-04-30,22.848243713378906,23.14497387558103,22.820426366079506,22.959518408530343,725600
2024-05-01,22.106416702270508,22.597877103129743,22.05078024306134,22.570057989199587,1599100
2024-05-02,21.744779586791992,22.291876510322716,21.65205096491958,22.254784354113212,703400
2024-05-03,22.226964950561523,22.3567857269707,21.948780857180054,22.09714594280368,906700
2024-05-06,22.05078125,22.143508096699225,21.958052634649544,21.995143019598988,1696800
2024-05-07,22.71842384338379,22.848242842234736,22.403147615901876,22.403147615901876,1670200
2024-05-08,22.653514862060547,22.80187994089805,22.505149783223043,22.76478778686305,443300
2024-05-09,22.625694274902344,22.783332381995418,22.597876929836655,22.727695923212902,435800
2024-05-10,22.876062393188477,22.903881508608773,22.681332122548895,22.718424276442622,729900
2024-05-13,21.763322830200195,22.72769762059257,21.726232444458862,22.588605578922856,1122000
2024-05-14,21.976598739624023,22.264055855792847,21.865324047330578,22.199146355559684,1112500
2024-05-15,22.124963760375977,22.236236683733843,21.995142991590164,22.106417683599258,515700
2024-05-16,21.791141510009766,22.02296216437157,21.754049356359285,21.958052664134463,617700
2024-05-17,21.781869888305664,22.004417518729507,21.72623342286254,21.985871440698016,1914400
2024-05-20,22.013689041137695,22.10641765625537,21.661322426072,21.689139772551446,1058900
2024-05-21,22.264057159423828,22.319693624502627,22.13423815135619,22.152782460614898,451400
2024-05-22,22.35678482055664,22.514422938722017,22.319692666328898,22.477330784494278,447700
2024-05-23,22.838970184326172,22.978063992441637,22.551513066946605,22.551513066946605,417900
2024-05-24,22.876062393188477,22.968791009271552,22.672060852726705,22.82042593099913,394000
2024-05-28,23.376794815063477,23.506615589065767,23.061520340446968,23.144974151993107,1112000
2024-05-29,23.608613967895508,23.90534588331079,23.57152358387559,23.692069542754307,576100
2024-05-30,23.478796005249023,23.69207058655051,23.423159542442388,23.525161198130608,286000
2024-05-31,23.3026123046875,23.497342581624846,23.17279329916347,23.441706117636162,489800
2024-06-03,23.404613494873047,23.821891388078406,23.376794379108933,23.784799233726254,772700
2024-06-04,23.348976135253906,23.58079678509773,23.31188398232632,23.413885634225984,741000
2024-06-05,23.386066436767578,23.423158589563897,23.172791864142326,23.284066553880088,549100
2024-06-06,23.673526763916016,23.72916322786451,23.53443295106782,23.543705989834454,196000
2024-06-07,23.525161743164062,23.580798207259686,23.339704504643567,23.580798207259686,328200
2024-06-10,23.08006477355957,23.450979251389867,23.08006477355957,23.450979251389867,517400
2024-06-11,23.432432174682617,23.571524213612875,23.367522674425246,23.367522674425246,703500
2024-06-12,23.877527236938477,23.951709775083888,23.413885931366856,23.673525699201402,434100
2024-06-13,23.970256805419922,24.26698696980673,23.933164650545926,24.100075810176328,800100
2024-06-14,23.747709274291992,24.035166401075887,23.348977451105554,24.00734728481243,630300
2024-06-17,23.404613494873047,23.645707192208224,23.265521453355017,23.608615037856072,524300
2024-06-18,23.450979232788086,23.59007127753846,23.321158458189934,23.534433044717264,386200
2024-06-20,23.015153884887695,23.701342797719057,23.005880846635097,23.55297772297991,376800
2024-06-21,22.8018798828125,23.47879577436564,22.755516459038105,23.47879577436564,542200
2024-06-24,22.49587631225586,22.53296669692659,22.245509583286378,22.338238197940026,520300
2024-06-25,22.217689514160156,22.366056352425137,21.995141909739402,22.07859748247858,548400
2024-06-26,22.171327590942383,22.319692670579077,21.88387047022769,22.124964166800137,311700
2024-06-27,21.92095947265625,22.30114518631797,21.82823263022258,22.254781765101136,435000
2024-06-28,22.069324493408203,22.30114513627447,22.022961072295406,22.04150714820098,534600
2024-07-01,21.902416229248047,21.930233575868886,21.55004784374003,21.818960652083053,738700
2024-07-02,22.226964950561523,22.366058765903592,21.948780857180054,21.948780857180054,290600
2024-07-03,22.282602310180664,22.468057775610514,22.171327616001744,22.31969269580613,550200
2024-07-05,22.430967330932617,22.495876832094744,22.217690981705434,22.217690981705434,305300
2024-07-08,22.264057159423828,22.514423905255423,22.124965112401167,22.412422245401515,381400
2024-07-09,22.588603973388672,22.709149929294018,22.384600676031887,22.43096586572713,420600
2024-07-10,22.3104190826416,22.477330235285624,22.22696350631959,22.42169377395469,249000
2024-07-11,22.709152221679688,22.801880841779564,22.4958776335059,22.4958776335059,712500
2024-07-12,22.607149124145508,22.681331661774692,22.4309667026832,22.616422162430556,215900
2024-07-15,22.47732925415039,22.653513437434334,22.310418108792035,22.35678329841999,311000
2024-07-16,22.16205406188965,22.33823825330311,22.115690638773525,22.25478267677311,249900
2024-07-17,22.16205406188965,22.236236600066174,22.060054177303932,22.106417600420055,276500
2024-07-18,22.208419799804688,22.301146648317264,22.143508529734113,22.245510185479464,139200
2024-07-19,21.92095947265625,22.32896430023876,21.902415165360207,22.199145305910704,259100
2024-07-22,22.505149841308594,22.607149727865608,22.20841968286773,22.20841968286773,252100
2024-07-23,22.505149841308594,22.588605419451493,22.458784648645175,22.570059342386127,137800
2024-07-24,22.338239669799805,22.570060337382905,22.31042055297535,22.412422212680344,223600
2024-07-25,22.18987464904785,22.273330231114375,22.032236523883462,22.10641906698133,149800
2024-07-26,22.16205406188965,22.245509638419644,22.14350798518271,22.236236600066174,101700
2024-07-29,21.91168785095215,22.0322355837494,21.809687963952086,21.976599120962888,332200
2024-07-30,22.097145080566406,22.171327620483595,21.958053039303085,21.958053039303085,135600
2024-07-31,22.013689041137695,22.162054117865484,21.96732561790447,22.13423677138604,368000
2024-08-01,21.568593978881836,21.893143249994942,21.531501825085485,21.86532413464768,278600
2024-08-02,21.596412658691406,21.652049119612666,21.47586492993561,21.512957082983917,210400
2024-08-05,21.82823371887207,21.85605106552906,21.132771754027566,21.318227216795357,352400
2024-08-06,21.995141983032227,22.078597556049495,21.85604995088716,21.89314210273979,397900
2024-08-07,22.319692611694336,22.48660376800808,22.236237033537464,22.40314818985121,392500
2024-08-08,22.05078125,22.273328865650353,21.902416172899766,22.273328865650353,230900
2024-08-09,22.449512481689453,22.523696792831046,22.20842054508457,22.458785520582154,139900
2024-08-12,22.236236572265625,22.393874686775064,22.050781111381777,22.310419110349407,208600
2024-08-13,22.02296257019043,22.16205461164033,21.911687875839753,22.16205461164033,173900
2024-08-14,22.03223419189453,22.115689765127748,21.818959624143496,21.818959624143496,135000
2024-08-15,22.013689041137695,22.27332880973694,22.013689041137695,22.189873232996156,160800
2024-08-16,22.115692138671875,22.24551114712239,22.013690478517134,22.124965177654246,284800
2024-08-19,22.514421463012695,22.532965770259818,22.254781706390396,22.254781706390396,256600
2024-08-20,22.681331634521484,22.755515940712737,22.542239597715295,22.542239597715295,329000
2024-08-21,22.69060516357422,22.811152895091148,22.64424173985309,22.699878202048694,282200
2024-08-22,22.69987678527832,22.709149823174034,22.44023879880282,22.495875257525977,147800
2024-08-23,22.88533592224121,22.92242630827878,22.709151724771736,22.7555169181328,296300
2024-08-26,23.154247283935547,23.154247283935547,22.885336233390394,22.94097269752882,276700
2024-08-27,23.200611114501953,23.302610997986317,23.12642857712642,23.13570161537976,229600
2024-08-28,23.117156982421875,23.311885491948264,23.052247479246414,23.20061256326213,203900
2024-08-29,23.061519622802734,23.08933696956871,22.894608467601916,22.913152775895483,230400
2024-08-30,23.070791244506836,23.228429363639595,23.024427820088903,23.08933732173452,227700
2024-09-03,22.88533592224121,22.968791501639842,22.72769780211616,22.88533592224121,378900
2024-09-04,22.542240142822266,22.597878373811128,22.486603680484652,22.570059258316697,309300
2024-09-05,22.709152221679688,22.792607802904442,22.597879292480894,22.63496967933005,197600
2024-09-06,22.458784103393555,22.894608060592542,22.430966757122103,22.72769690835899,242500
2024-09-09,22.85751724243164,22.93169978457374,22.67206177140205,22.681333041599913,223500
2024-09-10,22.709152221679688,22.811153880654683,22.67206183483053,22.811153880654683,347200
2024-09-11,23.200611114501953,23.22842846061078,22.95951742586866,22.968790464122,457100
2024-09-12,23.13570213317871,23.237702018945924,23.080063902413418,23.200611633753642,138800
2024-09-13,23.35824966430664,23.552978165314656,23.17279243307414,23.17279243307414,492300
2024-09-16,23.49734115600586,23.66425230649646,23.42315861897128,23.552977616618996,217200
2024-09-17,23.617887496948242,23.636433573669265,23.395339882249637,23.42315899733117,343100
2024-09-18,23.77552604675293,23.83116427793391,23.627160967572824,23.729162622753368,334000
2024-09-19,23.766252517700195,23.905346324130576,23.747708209673867,23.794071632716516,776400
2024-09-20,23.608613967895508,23.673525235069942,23.515887123520116,23.673525235069942,243500
2024-09-23,24.062984466552734,24.072255736251062,23.942436736659804,23.951709775009352,226300
2024-09-24,24.239166259765625,24.2855314503093,24.109347263545676,24.109347263545676,391400
2024-09-25,24.406078338623047,24.406078338623047,24.127894259363096,24.13716729782526,218800
2024-09-26,24.517353057861328,25.129359447811805,24.461714827028562,24.814083214364437,337000
2024-09-27,24.619354248046875,24.628627287010275,24.406079657842717,24.406079657842717,140500
2024-09-30,24.19280433654785,24.257713838678782,24.081529641001055,24.137167873100097,219300
2024-10-01,23.654979705810547,23.80334478262388,23.617887552281598,23.80334478262388,419400
2024-10-02,23.673526763916016,23.766253614279744,23.515888642185857,23.53443295106782,227800
2024-10-03,23.69207000732422,23.766252545469865,23.534431892683322,23.664252660926614,333100
2024-10-04,23.543704986572266,23.62716056326439,23.497341563366074,23.543704986572266,181800
2024-10-07,23.35824966430664,23.413886126215896,23.26552104869039,23.36752270273339,224000
2024-10-08,23.49734115600586,23.534431540197552,23.367522158358145,23.49734115600586,648700
2024-10-09,23.710617065429688,23.747709220363404,23.580798060464275,23.599344137931134,381600
2024-10-10,23.88680076599121,23.970256344200617,23.67352618552329,23.729162648112474,355200
2024-10-11,24.072256088256836,24.192803819912523,23.988802279192992,24.081529126741984,287600
2024-10-14,23.933164596557617,24.09080271711392,23.886801171720997,24.016620176184556,307000
2024-10-15,24.100074768066406,24.118620844701454,23.794071578192966,23.914619307669565,252800
2024-10-16,23.85898208618164,24.081529709254713,23.81261866128565,24.007347168230357,290800
2024-10-17,23.8033447265625,23.896073341515248,23.367522535531176,23.710616111609752,183100
2024-10-18,23.552978515625,23.73843574961586,23.552978515625,23.701343595357184,190900
2024-10-21,23.515888214111328,23.636434178580583,23.450978712577786,23.450978712577786,221800
2024-10-22,23.423158645629883,23.423158645629883,23.219157110715408,23.31188395562577,517000
2024-10-23,23.367523193359375,23.386067501950997,23.20988507409734,23.20988507409734,305300
2024-10-24,23.005882263183594,23.237702927818884,22.9780649153642,23.135703038062246,254900
2024-10-25,23.033700942993164,23.117156522171864,22.996608788402064,23.02442790434539,125900
2024-10-28,23.219158172607422,23.237702481246874,23.08933740022361,23.16351994073524,171700
2024-10-29,23.488069534301758,23.590071192119968,23.339704451285073,23.339704451285073,340900
2024-10-30,23.673526763916016,23.68279980268265,23.40461394563756,23.423160023170826,238300
2024-10-31,23.645706176757812,23.692069599055685,23.48806806483338,23.692069599055685,236500
2024-11-01,23.478796005249023,23.69207058655051,23.460249928096392,23.69207058655051,192100
2024-11-04,23.49734115600586,23.64570623007502,23.42315861897128,23.49734115600586,184300
2024-11-05,23.49734115600586,23.552977616618996,23.450977733603445,23.552977616618996,160300
2024-11-06,23.321157455444336,23.330430493849153,23.05224641630955,23.117155916492045,258700
2024-11-07,23.840435028076172,23.868254143060188,23.497341453196054,23.497341453196054,266100
2024-11-08,23.617887496948242,23.821890803577045,23.543704958715374,23.784798650135002,538800
2024-11-11,23.53443145751953,23.57152361023211,23.395339422149732,23.506614111636285,681000
2024-11-12,23.729162216186523,23.76625260102043,23.66425271623877,23.701343101072677,215700
2024-11-13,23.8033447265625,23.877527264794452,23.71988914997015,23.840435111352864,298900
2024-11-14,24.007347106933594,24.146440918569002,23.96098368215598,24.03516622299093,496500
2024-11-15,24.10934829711914,24.155711720999257,24.016619680707663,24.053711834732756,294800
2024-11-18,24.183530807495117,24.19280384599026,23.960983189565404,24.01661965188502,350300
2024-11-19,24.3133487701416,24.3133487701416,24.127893314117536,24.17425673596076,441400
2024-11-20,24.44317054748535,24.44317054748535,24.211349891363227,24.30407673889108,435200
2024-11-21,24.396806716918945,24.433898872921596,24.33189721256565,24.424625833920935,331900
2024-11-22,24.582263946533203,24.71208295517063,24.53589875155459,24.554444829546036,926400
2024-11-25,24.60080909729004,24.776991525614207,24.57298998135141,24.69353594644959,824500
2024-11-26,24.82335662841797,24.841902705642827,24.619353316247043,24.619353316247043,339700
2024-11-27,24.934629440307617,24.962448556017545,24.851173861829096,24.878992977539024,221800
2024-11-29,24.814083099365234,24.934629061641747,24.79553702250693,24.916084753434678,140600
2024-12-02,24.628625869750977,24.647171946610538,24.50807990746631,24.572989407823535,258600
2024-12-03,24.517353057861328,24.619352943752244,24.5080800193892,24.61008167393136,414800
2024-12-04,24.619354248046875,24.693536791102726,24.582263860844616,24.665719442863868,523400
2024-12-05,25.036630630493164,25.036630630493164,24.851173399843834,24.851173399843834,235800
2024-12-06,25.268451690673828,25.268451690673828,25.101540534136554,25.120086611229862,442700
2024-12-09,25.370452880859375,25.47245276569986,25.194268689005845,25.444635419221196,570400
2024-12-10,25.57445526123047,25.713547304157082,25.490999681744245,25.593001338594362,363300
2024-12-11,25.490999221801758,25.555908722752907,25.39827060530672,25.416816682335977,195000
2024-12-12,25.463180541992188,25.620818662135928,25.43536319462353,25.546636121400713,262700
2024-12-13,25.630090713500977,25.630090713500977,25.490998676061885,25.51881779101019,118400
2024-12-16,25.741365432739258,25.954640008288735,25.732092394413037,25.94536696996251,176600
2024-12-17,25.69500160217285,25.713547679807682,25.518819170595883,25.6579112155545,167800
2024-12-18,25.806276321411133,25.991733560615508,25.704274662983593,25.787730243760432,700900
2024-12-19,25.342634201049805,25.880458055574213,25.33336116251389,25.880458055574213,486500
2024-12-20,25.593000411987305,25.69500029649318,25.50027179717642,25.63009079672093,347900
2024-12-23,25.471385955810547,25.67407699171414,25.471385955810547,25.664424862294403,626700
2024-12-24,25.60651397705078,25.664424912727558,25.47138600586436,25.481038135303066,125500
2024-12-26,25.336259841918945,25.490690230821823,25.201133711867787,25.278348906319227,268600
2024-12-27,24.950183868408203,25.365216228922137,24.940531738982827,25.288001034474576,407200
2024-12-30,25.35556411743164,25.500342377003793,25.316955599702826,25.500342377003793,423700
2024-12-31,25.664424896240234,25.67407702567274,25.394170794996466,25.413475053861475,285900
2025-01-02,25.69338035583496,25.770595547548556,25.423126264359688,25.741639160297687,487500
2025-01-03,25.56790542602539,25.596861814303825,25.374868360368836,25.509994490423967,998700
2025-01-06,25.509994506835938,25.876766220488168,25.47138598910652,25.741640090346102,587100
2025-01-07,25.577556610107422,25.63546754356846,25.509993547576983,25.558252351968616,374300
2025-01-08,25.44243049621582,25.481037171555002,25.094961213386288,25.288000112948335,469900
2025-01-10,25.529298782348633,25.529298782348633,25.355564134363853,25.355564134363853,325900
2025-01-13,25.81885528564453,25.828507415077183,25.529298766486775,25.56790544326193,528100
2025-01-14,25.73198699951172,25.925025899035568,25.703030612296526,25.78024580391499,382000
2025-01-15,25.799551010131836,25.886418334014202,25.741640074528743,25.799551010131836,296100
2025-01-16,25.423126220703125,25.55825234573103,25.41347409163608,25.55825234573103,390200
2025-01-17,25.674076080322266,25.751291271983693,25.61616514681504,25.64511969309096,360300
2025-01-21,25.98293685913086,26.002241117294098,25.867113151106807,25.94432834280438,268900
2025-01-22,26.272493362426758,26.29179762058608,26.050499916460705,26.050499916460705,401100
2025-01-23,26.31110191345215,26.426923780650093,26.20493033439121,26.262841267990183,325900
2025-01-24,26.407621383666992,26.475184446410157,26.253190999981076,26.291797675424863,171100
2025-01-27,26.3690128326416,26.3690128326416,26.214582449158474,26.320754028161392,259900
2025-01-28,26.600658416748047,26.658571191290093,26.35936071235567,26.36901284144601,237400
2025-01-29,26.94812774658203,27.04464719669626,26.83230403825388,26.861260425574766,351700
2025-01-30,26.755088806152344,26.90951918972091,26.697177872552977,26.90951918972091,171800
2025-01-31,26.639266967773438,26.72613428874416,26.29179768389055,26.369012875758372,366600
2025-02-03,26.677873611450195,26.861260382276082,26.542747486081325,26.668221482358792,482400
2025-02-04,26.764741897583008,26.832304962704093,26.658572155659353,26.706830961901428,247900
2025-02-05,26.899869918823242,26.919172336782708,26.726135270499846,26.726135270499846,738400
2025-02-06,26.716482162475586,26.861260417123685,26.648919099703498,26.861260417123685,169800
2025-02-07,26.61031150817871,26.70683096161729,26.494489636816784,26.61031150817871,731400
2025-02-10,26.919172286987305,26.928824416426913,26.70683096218231,26.73578735050113,759500
2025-02-11,26.919172286987305,27.015691740427922,26.832304962986296,26.88056561018433,891900
2025-02-12,26.996387481689453,27.025343870008424,26.870913480884813,26.870913480884813,241700
2025-02-13,27.208730697631836,27.343856828125347,27.08325485564033,27.092906985097787,662300
2025-02-14,27.18942642211914,27.45002839444507,27.12186335691363,27.343856811433294,301800
2025-02-18,27.392114639282227,27.401766768389017,27.131514517220456,27.218381838226176,555900
2025-02-19,27.23768424987793,27.498286212841453,27.170121187099696,27.459679537377628,230800
2025-02-20,26.94812774658203,27.14116664681049,26.890216812895652,27.14116664681049,305100
2025-02-21,26.591007232666016,26.74543762168895,26.52344416758791,26.74543762168895,363900
2025-02-24,26.089109420776367,26.52344420007711,26.040848773550426,26.52344420007711,582800
2025-02-25,26.11806297302246,26.13736723117732,25.90572165618518,26.021543523203555,382600
2025-02-26,26.175975799560547,26.24353886228157,26.147019412270655,26.147019412270655,148400
2025-02-27,25.876766204833984,26.040848723173855,25.838159528083374,26.03119659374734,313000
2025-02-28,25.56790542602539,25.876766203840234,25.529298749276258,25.876766203840234,468700
2025-03-03,25.143220901489258,25.432779261009223,25.085309965967443,25.394170743357716,778900
2025-03-04,25.278348922729492,25.34591198779893,24.9598360152911,25.04670333922479,859400
2025-03-05,25.471385955810547,25.567905409052475,25.307303437585905,25.52929873232897,514600
2025-03-06,25.374868392944336,25.452083587497174,25.13357067984729,25.22043616288321,713900
2025-03-07,25.577556610107422,25.606512997315633,25.41347409783833,25.43277835597714,401100
2025-03-10,25.703031539916992,25.818855252002447,25.587209668786986,25.703031539916992,375500
2025-03-11,25.712682723999023,25.818854302760958,25.683728177758773,25.70303059493381,181500
2025-03-12,25.65477180480957,25.70303060920704,25.587208742270956,25.63546754666843,350800
2025-03-13,25.69338035583496,25.80920222292766,25.683728226751338,25.770595547548556,205700
2025-03-14,25.53894805908203,25.567904446250843,25.394169805148728,25.500341383812327,286300
2025-03-17,25.925025939941406,25.925025939941406,25.731987040112973,25.731987040112973,170200
2025-03-18,25.925025939941406,26.060152065248083,25.85746287728807,26.011893260768666,243500
2025-03-19,25.915374755859375,26.03119662721558,25.90572262642045,25.9250268852983,246500
2025-03-20,25.963632583618164,26.089108420639988,25.83815858755172,25.83815858755172,245900
2025-03-21,25.809202194213867,25.896069514914437,25.751291260731946,25.867113127695788,206000
2025-03-24,25.751291275024414,25.86711314205254,25.72233488778969,25.86711314205254,345100
2025-03-25,25.838159561157227,25.867114108518386,25.722335848846228,25.780246784524003,120700
2025-03-26,25.64512062072754,25.76094433288695,25.62581636187506,25.751292203460714,124700
2025-03-27,25.509994506835938,25.55825331304226,25.345911988396807,25.52929876570065,182400
2025-03-28,25.548601150512695,25.548601150512695,25.374868343821724,25.471385956109337,84000
2025-03-31,25.423126220703125,25.538948087596935,25.394169833501984,25.52929779948527,212300
2025-04-01,25.992589950561523,26.002242080000503,25.567905460023674,25.587209718901633,413000
2025-04-02,26.23388671875,26.27249339415989,25.925025951649328,25.94432836887658,290600
2025-04-03,26.040847778320312,26.233886677935597,25.89606952408654,25.953980457588973,545100
2025-04-04,25.230087280273438,25.625815366602417,25.133569671670568,25.625815366602417,802800
2025-04-07,24.583410263061523,25.316955529269155,24.573758133656174,24.950183816643065,782500
2025-04-08,24.39037322998047,24.93087959070466,24.39037322998047,24.872968655151645,481700
2025-04-09,25.11426544189453,25.1432199881259,24.40967658894874,24.486891780491355,658700
2025-04-10,24.86331558227539,25.037050223297385,24.79575251986803,24.959835031838207,297800
2025-04-11,25.3941707611084,25.42312714936727,25.07565785408261,25.07565785408261,560100
2025-04-14,25.365215301513672,25.442430493138072,25.25904372267185,25.345911043368726,181600
2025-04-15,25.230087280273438,25.326606729831685,25.220435151222073,25.2976503426776,258100
2025-04-16,25.596860885620117,25.625815431892597,25.374867439739308,25.374867439739308,373000
2025-04-17,25.722335815429688,25.828507398163886,25.693381268106144,25.74164007428235,257000
2025-04-21,25.703031539916992,25.944329252552528,25.64512060435199,25.886418316987527,431700
2025-04-22,26.040847778320312,26.06980416554922,25.8092022033552,25.857462848736713,329900
2025-04-23,26.03119659423828,26.118063918123113,25.925026852455506,26.00224204691364,301000
2025-04-24,26.301450729370117,26.359361665049825,26.14702034025392,26.156672469693113,279500
2025-04-25,26.5234432220459,26.571703867492264,26.436575901197823,26.494488675733464,269600
2025-04-28,26.340059280395508,26.359361698342823,26.07945730807448,26.32075502149274,318400
2025-04-29,26.040847778320312,26.33040612774324,26.021543520167707,26.282145482361727,204200
2025-04-30,25.876766204833984,26.00224204642324,25.81885526923034,25.86711407540747,537700
2025-05-01,25.69338035583496,25.789897964760414,25.5872087768705,25.731987031214064,335000
2025-05-02,25.925025939941406,26.05049993616112,25.83815861911415,25.992589002594745,188500
2025-05-05,25.78024673461914,25.905722576126117,25.712683669633282,25.886418317285745,547900
2025-05-06,25.94432830810547,26.03119562876848,25.85746282839784,25.886417374648587,326000
2025-05-07,25.93467903137207,26.05050090280256,25.876766254701373,25.9829378376422,155000
2025-05-08,25.973285675048828,25.992589933914424,25.799551027169365,25.799551027169365,196500
2025-05-09,26.079456329345703,26.21458245468307,25.98293687940956,26.137367262925235,180600
2025-05-12,26.050500869750977,26.09876151691533,26.011894192974946,26.050500869750977,209800
2025-05-13,26.426923751831055,26.494488655404126,26.185626047650526,26.185626047650526,315300
2025-05-14,26.282146453857422,26.39797016609899,26.243539777080535,26.369013777799736,173600
2025-05-15,26.44622802734375,26.465532285520148,26.011893264107105,26.156671518519317,231800
2025-05-16,26.388317108154297,26.542747491738893,26.24353885366316,26.475184429040056,358300
2025-05-19,26.619962692260742,26.629614821357368,26.426923792239002,26.426923792239002,414700
2025-05-20,26.68752670288086,26.74543763856213,26.56205270207886,26.74543763856213,179400
2025-05-21,26.716482162475586,26.87091254622761,26.581356036931414,26.755088837935897,449800
2025-05-22,26.44622802734375,26.552399606358556,26.40762135194634,26.504138960917558,246500
2025-05-23,26.19527816772461,26.24353881311735,26.079456300692797,26.137367234208703,237500
2025-05-27,26.069805145263672,26.243539793255376,26.002242080145887,26.20493127549924,269500
2025-05-28,25.789897918701172,25.944328301852554,25.780245789634787,25.944328301852554,228400
2025-05-29,25.64512062072754,25.664424879580015,25.5486011674206,25.664424879580015,253400
2025-05-30,25.77059555053711,25.81885435500543,25.69338035881456,25.69338035881456,261200
2025-06-02,25.703031539916992,25.953981381972604,25.693381251452365,25.87676618756745,217000
2025-06-03,25.77059555053711,25.915373804897467,25.60651303800727,25.674076100645078,216700
2025-06-04,25.963632583618164,25.982936841768502,25.847810716626892,25.86711313382185,224700
2025-06-05,26.31110191345215,26.349708588866335,26.09876059628566,26.166323658977028,289500
2025-06-06,26.5234432220459,26.62961480107252,26.369012838528295,26.542747480224445,293200
2025-06-09,26.43657684326172,26.50413990833885,26.388318037051043,26.48483749042785,469100
2025-06-10,26.127716064453125,26.38831803627621,26.050500869945036,26.340059230066952,365800
2025-06-11,26.10841178894043,26.233887630533225,26.079457241615515,26.214583371679648,190000
2025-06-12,26.069805145263672,26.272494340617023,26.050500886385603,26.185627016621172,140100
2025-06-13,26.021543502807617,26.098760535366523,25.867113119600567,25.886417377740294,334700
2025-06-16,26.22423553466797,26.25319192298539,25.973285692116665,26.021544498356917,152800
2025-06-17,25.953981399536133,26.195279112334962,25.944329270109527,26.16632456501059,146000
2025-06-18,25.847810745239258,25.96363261235874,25.809202228895842,25.88641742062729,402000
2025-06-20,25.490690231323242,25.703031555830016,25.47138597247114,25.67407700850731,991100
2025-06-23,25.558252334594727,25.654771784267766,25.452082596814225,25.452082596814225,569100
2025-06-24,25.374868392944336,25.548601199971632,25.3652162635058,25.3652162635058,405700
2025-06-25,25.172176361083984,25.355563131252303,25.123917556755394,25.355563131252303,228000
2025-06-26,25.230087280273438,25.316954600780324,25.10461328451648,25.17217634692064,383600
2025-06-27,25.413475036621094,25.432779295473008,25.191481582690447,25.278348906568603,91100
2025-06-30,25.2397403717041,25.394170760503506,25.220436112865315,25.336259824942594,168800
2025-07-01,24.757144927978516,24.950183834311336,24.74749279856633,24.921227446074777,404400
2025-07-02,24.9694881439209,24.998442691260898,24.699234042696375,24.757144978331826,216900
2025-07-03,24.98879051208496,25.16252515960092,24.98879051208496,25.027399029735374,184000
2025-07-07,24.81505584716797,24.844012235385474,24.70888610561468,24.776449170500076,237400
2025-07-08,24.844011306762695,24.844011306762695,24.69923305299761,24.824707048672582,120800
2025-07-09,25.02739906311035,25.02739906311035,24.844012285937236,24.882620803639135,121500
2025-07-10,24.872968673706055,25.017746933174315,24.805405608684563,25.017746933174315,187600
2025-07-11,24.872968673706055,25.017746933174315,24.863316544280778,24.9598359975781,334100
2025-07-14,24.979137420654297,25.07565687010764,24.88261981215633,25.0467023239404,117800
2025-07-15,24.72818946838379,24.940530784751484,24.72818946838379,24.84401133514603,238900
2025-07-16,24.979137420654297,24.98878954969517,24.8247070379111,24.8247070379111,125500
2025-07-17,24.882619857788086,24.950182920242714,24.757144020982018,24.86331559967094,452700
2025-07-18,25.123918533325195,25.20113372782553,24.998442691664994,24.998442691664994,123600
2025-07-21,24.998441696166992,25.056352629497226,24.892271958554122,25.0370502123574,238600
2025-07-22,25.06600570678711,25.12391848326355,24.998442641853373,24.998442641853373,161100
2025-07-23,25.288000106811523,25.297650394927437,25.066004820082426,25.14322001169743,96100
2025-07-24,25.288000106811523,25.374867427497826,25.123917594510218,25.35556316935523,225000
2025-07-25,25.172176361083984,25.181828490140777,25.075656911471427,25.133569685812187,203200
2025-07-28,25.31695556640625,25.326607695825757,25.13357063030192,25.18182943644402,145100
2025-07-29,25.1046142578125,25.20113371111277,24.940531739488677,25.20113371111277,298700
2025-07-30,25.056352615356445,25.210784839075547,24.98878955301674,25.075656873440757,219700
2025-07-31,24.998441696166992,25.210784853303483,24.979137438071785,25.152872079017868,156700
2025-08-01,24.77644920349121,24.97913839841729,24.728190397353224,24.921227462860617,236600
2025-08-04,24.834360122680664,24.92122744643615,24.757144928337507,24.757144928337507,128300
2025-08-05,25.017745971679688,25.094961163158885,24.872967717775616,24.872967717775616,165000
2025-08-06,25.085309982299805,25.085309982299805,24.921227464084964,25.008094787901964,110200
2025-08-07,25.336259841918945,25.365216230196527,25.123918517416346,25.123918517416346,225000
2025-08-08,25.297651290893555,25.5292987148982,25.288001002435855,25.471385938419314,107600
2025-08-11,25.703031539916992,25.828507381422522,25.674076992612214,25.75129218701737,314600
2025-08-12,25.876766204833984,25.896070463687018,25.75129220420018,25.81885526923034,191100
2025-08-13,25.963632583618164,26.04084777526414,25.847810716626892,26.04084777526414,140100
2025-08-14,25.674076080322266,25.789897947336712,25.61616514681504,25.780245818259612,135500
2025-08-15,26.11806297302246,26.127715102099888,25.664423952115612,25.664423952115612,1086200
2025-08-18,26.079456329345703,26.089108458434858,25.953980492142104,26.00224113758787,214100
2025-08-19,26.185626983642578,26.195279113069457,25.992589917971376,26.05050085357719,181900
2025-08-20,26.253190994262695,26.34970860332883,26.09876061061042,26.156671544241174,307800
2025-08-21,26.330406188964844,26.330406188964844,26.137367288900716,26.291797672569864,203000
2025-08-22,26.629615783691406,26.639267913136838,26.378665940976536,26.407622329312833,227700
2025-08-25,26.619962692260742,26.7454366886061,26.571703887733,26.629614821357368,201300
2025-08-26,26.465532302856445,26.513791107373667,26.388317111055656,26.49448869014001,173500
2025-08-27,26.716482162475586,26.803349483455523,26.494488715951476,26.50413900410001,138500
2025-08-28,26.56205177307129,26.65857122313461,26.55239964396942,26.65857122313461,180200
2025-08-29,26.8033504486084,26.8033504486084,26.542748476284657,26.542748476284657,249600
2025-09-02,26.494489669799805,26.542748476101444,26.378665957338235,26.542748476101444,206300
2025-09-03,26.3690128326416,26.533095345211848,26.359360703554483,26.494488669818757,236300
2025-09-04,26.291797637939453,26.320754025197548,26.16632364173181,26.291797637939453,164500
2025-09-05,26.214582443237305,26.272493376791548,26.13736725151318,26.13736725151318,117400
2025-09-08,26.330406188964844,26.349708606206946,26.137367288900716,26.224234609834035,135000
2025-09-09,26.15667152404785,26.426923774753007,26.15667152404785,26.378664970257198,96800
2025-09-10,26.262842178344727,26.340059213760462,26.22423550159231,26.25319188987321,98900
2025-09-11,26.455881118774414,26.47518537765301,26.28214647077794,26.291798600217238,283800
2025-09-12,26.542747497558594,26.5813560139409,26.41727350122687,26.44622804755821,170200
2025-09-15,26.9384765625,27.034996016000214,26.822654691064105,26.822654691064105,203800
2025-09-16,26.793697357177734,26.948127740946045,26.764740969862903,26.890216807271777,154700
2025-09-17,26.23388671875,26.542747485850672,26.17597578515747,26.533095356759354,516300
2025-09-18,26.137367248535156,26.16632363578667,26.031195669568316,26.156671506702832,194600
2025-09-19,26.03119659423828,26.118063918123113,25.934678981882204,25.992589917486942,215300
2025-09-22,25.915374755859375,25.9250268852983,25.789898914108797,25.828507431864498,197900
2025-09-23,25.876766204833984,26.050500852600372,25.81885526923034,25.84781165750989,159300
2025-09-24,25.963632583618164,26.050499904339308,25.944328325467822,26.04084777526414,120900
2025-09-25,25.90572166442871,25.973284727036827,25.789897956418095,25.973284727036827,95900
2025-09-26,26.040847778320312,26.06980416554922,25.925025911315448,25.963632586665273,431600
2025-09-29,25.973285675048828,26.09876151671975,25.944329286750435,26.031196610690166,215100
2025-09-30,25.828506469726562,25.944328336768283,25.809202211567815,25.886417403247425,262600
2025-10-01,25.876766204833984,25.8864183342605,25.73198794534715,25.770596463053213,284300
2025-10-02,25.751291275024414,25.809202208538476,25.674076083353867,25.809202208538476,231200
2025-10-03,25.741640090942383,25.82850741488014,25.683729155302363,25.75129222037496,339400
2025-10-06,25.809202194213867,25.838158581432516,25.712682744440407,25.76094338980483,146600
2025-10-07,25.674076080322266,25.703030626598185,25.587208759583735,25.664423951245162,176900
2025-10-08,25.712682723999023,25.712682723999023,25.625815403367508,25.625815403367508,145900
2025-10-09,25.56790542602539,25.674077008757536,25.538949037746953,25.674077008757536,128100
2025-10-10,25.40382194519043,25.51964565296039,25.230087304013185,25.5003413948395,360700
2025-10-13,25.490690231323242,25.529298749027447,25.413475036870285,25.509994490175345,123800
2025-10-14,25.664424896240234,25.799551026384393,25.509994507231067,25.529298766096076,363100
2025-10-15,25.65477180480957,25.847810704310216,25.61616512948267,25.809202188027932,153800
2025-10-16,25.799551010131836,25.886418334014202,25.751292203955167,25.751292203955167,120000
2025-10-17,25.616165161132812,25.70303064096451,25.52929784034573,25.654771836507415,106900
2025-10-20,25.838159561157227,25.87676623795726,25.703031589968486,25.799551043401745,137900
2025-10-21,25.89607048034668,25.91537473921213,25.741640091333977,25.82850741527305,104400
2025-10-22,26.021543502807617,26.098760535366523,25.96363256934382,26.050499890017207,216800
2025-10-23,25.98293685913086,26.243538821468434,25.953980471886,26.204930305141957,132800
2025-10-24,25.664424896240234,25.86711409145647,25.616166090033165,25.86711409145647,383000
2025-10-27,25.374868392944336,25.57755758828724,25.288001068952962,25.558253329410167,274300
2025-10-28,25.249391555786133,25.43277832597772,25.181828493335384,25.27834794296019,249800
2025-10-29,25.40382194519043,25.529297782020834,25.230087304013185,25.230087304013185,186000
2025-10-30,25.345911026000977,25.413474088506607,25.143219997528696,25.278347963495342,230800
2025-10-31,25.452083587646484,25.452083587646484,25.336259875338822,25.384518681576335,105900
2025-11-03,25.98293685913086,26.002241117294098,25.62581544693247,25.63546757601409,183500
2025-11-04,25.722335815429688,25.934678980898084,25.683729138679812,25.886418333766425,153500
2025-11-05,25.625816345214844,25.828507381123178,25.61616605675033,25.818855251703216,133200
2025-11-06,25.201133728027344,25.432779311530197,25.152873080867092,25.42312718209815,296600
2025-11-07,25.288000106811523,25.297650394927437,25.15287214076873,25.259043719597628,118000
2025-11-10,25.68372917175293,25.71268371911376,25.26869681066348,25.316955616901833,212200
2025-11-11,25.616165161132812,25.683728223754905,25.587208773885326,25.616165161132812,133500
2025-11-12,25.481037139892578,25.50999352707752,25.423126206478077,25.500341398015873,121800
2025-11-13,25.32660675048828,25.49068926258452,25.30730249236981,25.47138500446605,172300
2025-11-14,25.18182945251465,25.423127165290023,25.16252519366331,25.268696776390218,208100
2025-11-17,25.509994506835938,25.51964663626829,25.21078585825474,25.21078585825474,268700
2025-11-18,25.481037139892578,25.57755658955367,25.452082593663018,25.529297785200814,87800
2025-11-19,25.18182945251465,25.413475035864355,25.16252519366331,25.394170777013017,209500
2025-11-20,25.037050247192383,25.336258884262836,25.02739811813135,25.336258884262836,234100
2025-11-21,24.979137420654297,25.027398065858655,24.757143975580373,24.91157435832357,546700
2025-11-24,24.786100387573242,24.89227196617399,24.660624550871383,24.689580938023052,229600
2025-11-25,24.950183868408203,25.00809480400501,24.776449220662332,24.776449220662332,339200
2025-11-26,25.220436096191406,25.259044613843457,24.99844264255846,24.99844264255846,153000
2025-11-28,25.500341415405273,25.509993544473502,25.26869584063392,25.26869584063392,115800
2025-12-01,25.374868392944336,25.452083587497174,25.355564134067265,25.403822940304494,251400
2025-12-02,25.490690231323242,25.5679054257762,25.37486836012153,25.37486836012153,196200
2025-12-03,25.461732864379883,25.519645638710212,25.413474060059986,25.5003413806001,85500
2025-12-04,25.53894805908203,25.567904446250843,25.44243045043008,25.45208257948635,98500
2025-12-05,25.596860885620117,25.645119690044506,25.519645693967863,25.567904498392252,128100
2025-12-08,25.481037139892578,25.587208718615315,25.442430464601372,25.54860020236873,424400
2025-12-09,25.481037139892578,25.54860020236873,25.432778335539723,25.471385010830932,128000
2025-12-10,25.56790542602539,25.596861814303825,25.500342360997823,25.519646619850114,166500
2025-12-11,25.712682723999023,25.741639111194655,25.625815403367508,25.625815403367508,377700
2025-12-12,25.596860885620117,25.69338033542428,25.5582523693163,25.69338033542428,274000
2025-12-15,25.423126220703125,25.48103715415003,25.345911029122124,25.48103715415003,191800
2025-12-16,25.336259841918945,25.423127165796245,25.30730345364136,25.403822906944523,126100
2025-12-17,25.288000106811523,25.365215298426527,25.259043719597628,25.365215298426527,58700
2025-12-18,25.2397403717041,25.268696759962285,25.18182943614319,25.220436112865315,131200
2025-12-19,25.288000106811523,25.33625891121263,25.220435203312434,25.230087332383732,186200
2025-12-22,25.440000534057617,25.5,25.399999618530273,25.450000762939453,385700
2025-12-23,25.479999542236328,25.530000686645508,25.469999313354492,25.479999542236328,170800
2025-12-24,25.649999618530273,25.670000076293945,25.540000915527344,25.559999465942383,152900
2025-12-26,25.65999984741211,25.709999084472656,25.639999389648438,25.670000076293945,316400
2025-12-29,25.649999618530273,25.739999771118164,25.649999618530273,25.700000762939453,171800
2025-12-30,25.56999969482422,25.6299991607666,25.549999237060547,25.600000381469727,177100
2025-12-31,25.520000457763672,25.639999389648438,25.520000457763672,25.610000610351562,677200
2026-01-02,25.559999465942383,25.56999969482422,25.43000030517578,25.5,307600
2026-01-05,25.81999969482422,25.850000381469727,25.670000076293945,25.670000076293945,372400
2026-01-06,25.84000015258789,25.920000076293945,25.809999465942383,25.829999923706055,276500
2026-01-07,25.90999984741211,25.950000762939453,25.8799991607666,25.950000762939453,190900
2026-01-08,26.010000228881836,26.049999237060547,25.959999084472656,25.959999084472656,260000
2026-01-09,25.780000686645508,25.959999084472656,25.75,25.950000762939453,312300
2026-01-12,25.6299991607666,25.90999984741211,25.56999969482422,25.809999465942383,387800
2026-01-13,25.56999969482422,25.649999618530273,25.549999237060547,25.559999465942383,240700
2026-01-14,25.510000228881836,25.6200008392334,25.479999542236328,25.56999969482422,366000
2026-01-15,25.59000015258789,25.6299991607666,25.520000457763672,25.520000457763672,265200
2026-01-16,25.600000381469727,25.700000762939453,25.559999465942383,25.690000534057617,229000
2026-01-20,25.489999771118164,25.579999923706055,25.489999771118164,25.510000228881836,218100
2026-01-21,25.549999237060547,25.600000381469727,25.5,25.56999969482422,224300
2026-01-22,25.600000381469727,25.649999618530273,25.579999923706055,25.6200008392334,213500
2026-01-23,25.739999771118164,25.770000457763672,25.59000015258789,25.610000610351562,207200
2026-01-26,25.760000228881836,25.84000015258789,25.719999313354492,25.790000915527344,296700
2026-01-27,25.84000015258789,25.860000610351562,25.799999237060547,25.860000610351562,197000
2026-01-28,25.8799991607666,25.920000076293945,25.829999923706055,25.8700008392334,210300
2026-01-29,25.8700008392334,26.010000228881836,25.81999969482422,25.940000534057617,322900
2026-01-30,25.65999984741211,25.809999465942383,25.559999465942383,25.809999465942383,305100
2026-02-02,25.649999618530273,25.649999618530273,25.540000915527344,25.549999237060547,196000
2026-02-03,25.75,25.760000228881836,25.68000030517578,25.709999084472656,245700
2026-02-04,25.709999084472656,25.93000030517578,25.649999618530273,25.670000076293945,197900
2026-02-05,25.770000457763672,25.829999923706055,25.549999237060547,25.739999771118164,378600
2026-02-06,25.770000457763672,25.899999618530273,25.68000030517578,25.790000915527344,406500
2026-02-09,25.75,25.790000915527344,25.709999084472656,25.75,141900
2026-02-10,25.729999542236328,25.790000915527344,25.709999084472656,25.75,255900
2026-02-11,25.81999969482422,25.860000610351562,25.700000762939453,25.770000457763672,149800
2026-02-12,25.889999389648438,25.920000076293945,25.790000915527344,25.8700008392334,264900
2026-02-13,25.790000915527344,25.860000610351562,25.729999542236328,25.850000381469727,179100
2026-02-17,25.709999084472656,25.770000457763672,25.610000610351562,25.639999389648438,175900
2026-02-18,25.84000015258789,25.84000015258789,25.739999771118164,25.760000228881836,256000
2026-02-19,25.899999618530273,25.920000076293945,25.729999542236328,25.75,935100
2026-02-20,26.030000686645508,26.059999465942383,25.860000610351562,25.979999542236328,359600
2026-02-23,25.969999313354492,26.110000610351562,25.93000030517578,25.93000030517578,338400
2026-02-24,26.010000228881836,26.040000915527344,25.920000076293945,25.920000076293945,197200
2026-02-25,26.1200008392334,26.139999389648438,25.959999084472656,26.010000228881836,236800
2026-02-26,26.049999237060547,26.149999618530273,25.969999313354492,26.149999618530273,313400
2026-02-27,26.020000457763672,26.139999389648438,25.969999313354492,26.100000381469727,193400
2026-03-02,25.989999771118164,26.049999237060547,25.90999984741211,26.040000915527344,249600
2026-03-03,26.020000457763672,26.06999969482422,25.860000610351562,26.049999237060547,632100
2026-03-04,26.1200008392334,26.1200008392334,25.989999771118164,25.989999771118164,259800
2026-03-05,26.40999984741211,26.420000076293945,26.15999984741211,26.190000534057617,1279600
2026-03-06,26.709999084472656,26.760000228881836,26.56999969482422,26.610000610351562,3532700
2026-03-09,26.549999237060547,26.84000015258789,26.510000228881836,26.829999923706055,1904500
2026-03-10,26.610000610351562,26.639999389648438,26.469999313354492,26.59000015258789,752000
2026-03-11,26.700000762939453,26.780000686645508,26.6200008392334,26.770000457763672,2688500
2026-03-12,26.75,26.8700008392334,26.709999084472656,26.809999465942383,2333000
2026-03-13,26.75,26.829999923706055,26.600000381469727,26.700000762939453,4488500
2026-03-16,26.450000762939453,26.760000228881836,26.440000534057617,26.709999084472656,2304300
2026-03-17,26.6200008392334,26.68000030517578,26.530000686645508,26.600000381469727,1186200
2026-03-18,26.90999984741211,26.920000076293945,26.610000610351562,26.6299991607666,2617000
2026-03-19,26.969999313354492,26.979999542236328,26.829999923706055,26.950000762939453,2685900
2026-03-20,26.850000381469727,26.93000030517578,26.790000915527344,26.850000381469727,1557000
2026-03-23,26.84000015258789,26.860000610351562,26.65999984741211,26.739999771118164,2924500
2026-03-24,26.889999389648438,26.959999084472656,26.770000457763672,26.780000686645508,1830200
2026-03-25,26.959999084472656,27.0,26.75,26.790000915527344,2316100
2026-03-26,27.110000610351562,27.139999389648438,26.899999618530273,26.940000534057617,1592600
2026-03-27,27.170000076293945,27.31999969482422,27.09000015258789,27.139999389648438,2147600
2026-03-30,27.1200008392334,27.270000457763672,27.100000381469727,27.1299991607666,1428900
2026-03-31,27.31999969482422,27.3700008392334,27.15999984741211,27.18000030517578,2374000
2026-04-01,27.100000381469727,27.15999984741211,26.959999084472656,27.1299991607666,2251800
2026-04-02,27.15999984741211,27.229999542236328,27.1200008392334,27.219999313354492,2938700
2026-04-06,27.280000686645508,27.299999237060547,27.139999389648438,27.200000762939453,1678100
2026-04-07,27.010000228881836,27.229999542236328,27.0,27.15999984741211,1910900
2026-04-08,26.8700008392334,26.950000762939453,26.799999237060547,26.90999984741211,2181900
2026-04-09,26.8700008392334,26.979999542236328,26.770000457763672,26.959999084472656,1718200
2026-04-10,26.889999389648438,26.950000762939453,26.84000015258789,26.920000076293945,561600
2026-04-13,26.93000030517578,27.100000381469727,26.93000030517578,26.969999313354492,1508800
2026-04-14,27.1200008392334,27.139999389648438,26.989999771118164,27.030000686645508,1616900
2026-04-15,27.170000076293945,27.219999313354492,27.06999969482422,27.149999618530273,1260100
2026-04-16,27.110000610351562,27.280000686645508,27.100000381469727,27.25,1419600
2026-04-17,26.920000076293945,26.969999313354492,26.770000457763672,26.90999984741211,2481500
2026-04-20,26.989999771118164,27.139999389648438,26.979999542236328,27.0,1101100
2026-04-21,27.170000076293945,27.229999542236328,27.030000686645508,27.040000915527344,1271700
2026-04-22,27.1299991607666,27.309999465942383,27.110000610351562,27.260000228881836,1047000
2026-04-23,27.399999618530273,27.420000076293945,27.059999465942383,27.15999984741211,1638800
2026-04-24,27.389999389648438,27.40999984741211,27.299999237060547,27.3700008392334,1182700
2026-04-27,27.56999969482422,27.6200008392334,27.3799991607666,27.3799991607666,1917500
2026-04-28,27.959999084472656,27.969999313354492,27.639999389648438,27.75,2720000
2026-04-29,28.110000610351562,28.190000534057617,28.010000228881836,28.030000686645508,3153100
2026-04-30,28.030000686645508,28.079999923706055,27.93000030517578,28.0,1796300
2026-05-01,28.110000610351562,28.209999084472656,28.040000915527344,28.100000381469727,1362000
2026-05-04,28.290000915527344,28.329999923706055,28.110000610351562,28.15999984741211,2656000
2026-05-05,28.3700008392334,28.3700008392334,28.200000762939453,28.280000686645508,1712600
2026-05-06,28.059999465942383,28.1299991607666,27.940000534057617,28.1299991607666,2013400
2026-05-07,27.799999237060547,27.8799991607666,27.600000381469727,27.8799991607666,3059900
2026-05-08,27.969999313354492,28.0,27.84000015258789,27.889999389648438,604000
2026-05-11,28.329999923706055,28.389999389648438,28.18000030517578,28.209999084472656,1520300
2026-05-12,28.56999969482422,28.6200008392334,28.350000381469727,28.40999984741211,1863100
2026-05-13,28.729999542236328,28.84000015258789,28.459999084472656,28.540000915527344,1988100
2026-05-14,28.25,28.3799991607666,28.170000076293945,28.329999923706055,1221200
2026-05-15,27.829999923706055,27.969999313354492,27.75,27.920000076293945,2476600
2026-05-18,28.200000762939453,28.270000457763672,28.110000610351562,28.1299991607666,1713500
2026-05-19,28.280000686645508,28.329999923706055,28.190000534057617,28.270000457763672,877300
2026-05-20,27.969999313354492,28.15999984741211,27.889999389648438,28.15999984741211,1094000
2026-05-21,27.610000610351562,27.989999771118164,27.549999237060547,27.969999313354492,1619500
2026-05-22,27.559999465942383,27.690000534057617,27.489999771118164,27.639999389648438,917100
2026-05-26,27.469999313354492,27.649999618530273,27.43000030517578,27.600000381469727,801900
2026-05-27,27.469999313354492,27.530000686645508,27.329999923706055,27.3700008392334,1309600
2026-05-28,27.579999923706055,27.59000015258789,27.420000076293945,27.489999771118164,583300
2026-05-29,27.25,27.549999237060547,27.190000534057617,27.549999237060547,1825400
2026-06-01,27.239999771118164,27.450000762939453,27.200000762939453,27.420000076293945,1134900
2026-06-02,27.1200008392334,27.239999771118164,27.059999465942383,27.239999771118164,1658300
2026-06-03,26.860000610351562,27.209999084472656,26.860000610351562,27.18000030517578,1072900
2026-06-04,26.690000534057617,26.8700008392334,26.6200008392334,26.809999465942383,1354000
2026-06-05,26.399999618530273,26.670000076293945,26.3799991607666,26.610000610351562,4275100
2026-06-08,26.329999923706055,26.520000457763672,26.309999465942383,26.420000076293945,1259500
2026-06-09,26.280000686645508,26.450000762939453,26.239999771118164,26.360000610351562,759400
2026-06-10,26.329999923706055,26.420000076293945,26.309999465942383,26.3799991607666,737800
2026-06-11,26.299999237060547,26.3700008392334,26.219999313354492,26.31999969482422,1014300
2026-06-12,26.239999771118164,26.360000610351562,26.239999771118164,26.309999465942383,811600
2026-06-15,26.3799991607666,26.389999389648438,26.15999984741211,26.170000076293945,1406500
2026-06-16,26.65999984741211,26.729999542236328,26.450000762939453,26.459999084472656,797200
2026-06-17,26.84000015258789,26.8700008392334,26.770000457763672,26.809999465942383,829100
2026-06-18,26.6299991607666,26.75,26.579999923706055,26.75,1040900
2026-06-22,26.649999618530273,26.75,26.639999389648438,26.729999542236328,2362200
2026-06-23,26.600000381469727,26.729999542236328,26.579999923706055,26.6200008392334,1704800
2026-06-24,26.559999465942383,26.760000228881836,26.559999465942383,26.649999618530273,834700
2026-06-25,26.920000076293945,26.940000534057617,26.600000381469727,26.6299991607666,1352800
