Date,Close,High,Low,Open,Volume
2016-01-04,83.20559692382812,83.48807585082386,83.16636141144035,83.24482644971722,6183700
2016-01-05,83.18206024169922,83.33114202247364,83.04082077441372,83.15067302824701,2122800
2016-01-06,83.6842269897461,83.69991760009265,83.46452252590841,83.53513925221438,1906100
2016-01-07,83.86471557617188,83.86471557617188,83.50377158874709,83.79409883333832,3106000
2016-01-08,84.07658386230469,84.11581339344046,83.71563984875833,83.78625659670242,1783200
2016-01-11,83.80982971191406,83.9981530896107,83.72351632709525,83.78629078632746,4816100
2016-01-12,84.18643951416016,84.37475683608533,83.72348553074028,83.77841166573927,8962500
2016-01-13,84.5160140991211,84.6337146950159,84.06090832112838,84.13153107326565,2664100
2016-01-14,84.34339141845703,84.58664092475422,84.1472257446858,84.42970479383648,2597300
2016-01-15,84.7357406616211,84.89267682568271,84.65727557284156,84.87698021602527,4334300
2016-01-19,84.62586975097656,84.81418711998187,84.52386575661977,84.60233082816356,4896500
2016-01-20,85.04174041748047,85.35560669163114,84.97897195185134,85.0338981008401,4949100
2016-01-21,84.82984161376953,85.23786337514201,84.77491549230596,85.15155004334237,2385700
2016-01-22,84.64156341552734,84.71218018151214,84.4453977502349,84.54740174104661,1735600
2016-01-25,84.92404174804688,84.93188406431278,84.74356670341436,84.82988007434717,1190900
2016-01-26,84.98681640625,85.08097808681411,84.84557687865451,84.92404793904198,1288000
2016-01-27,85.0495834350586,85.0731223565193,84.62586488926316,84.92404052510118,1802300
2016-01-28,85.1594467163086,85.20652456530557,84.88481595299018,84.9240514848221,2222900
2016-01-29,85.61453247070312,85.66945861048815,85.3555923889308,85.45760235317458,3805500
2016-02-01,85.41729736328125,85.61374929465516,85.30728476133083,85.50373669270475,6813000
2016-02-02,86.02235412597656,86.08522016932152,85.8180424827234,85.82590223695048,4141600
2016-02-03,85.92806243896484,86.49384488717723,85.90448916949539,85.94378194876873,12145000
2016-02-04,86.13237762451172,86.16381065016942,85.88091941448663,86.03022478755162,2431100
2016-02-05,86.24240112304688,86.29740742609489,85.89664379232362,85.96736960780673,1440200
2016-02-08,86.88680267333984,86.94966876113526,86.50175837726307,86.5489049454896,2824800
2016-02-09,86.90245056152344,87.16176848139045,86.8238710087492,87.16176848139045,2679600
2016-02-10,87.16175079345703,87.19318380723507,86.68240782500209,86.88671941694216,2027200
2016-02-11,87.56253814697266,88.01830797841797,87.4603853207119,87.80613657626004,3743000
2016-02-12,86.89458465576172,87.29534211745842,86.73741957694806,87.17747580239158,3258700
2016-02-16,86.63528442382812,86.75315675814583,86.52527184386119,86.73743724944428,2816800
2016-02-17,86.42308044433594,86.47022695892535,86.17947613007962,86.45450745724003,4856500
2016-02-18,86.82389068603516,86.86318346894517,86.34454751167036,86.34454751167036,3125700
2016-02-19,86.82389068603516,86.93390328389886,86.666731544869,86.74531111545208,1340000
2016-02-22,86.73746490478516,86.80819072602036,86.6746048356446,86.73746490478516,1012200
2016-02-23,86.91033172607422,86.98891129820684,86.47028132594187,86.50956811438965,2257800
2016-02-24,86.91033172607422,87.53112053782498,86.82389239815721,87.24036952617348,2947700
2016-02-25,87.16964721679688,87.3503856232462,86.98890881034755,87.16178746123728,1983600
2016-02-26,86.74530792236328,86.83174724539393,86.61958181310571,86.71387489623972,2957900
2016-02-29,86.88680267333984,86.93394924156635,86.70606416973803,86.75321673320465,3861600
2016-03-01,86.2076416015625,86.98669571976123,86.16829294757035,86.98669571976123,5901200
2016-03-02,86.05810546875,86.08958318444208,85.90072289404996,85.98727910750272,3011200
2016-03-03,86.16039276123047,86.26269682536919,85.97153249446923,86.04235284309483,2093000
2016-03-04,85.8692626953125,86.12107846845811,85.71974501621425,85.98729664853575,1781200
2016-03-07,85.6961441040039,85.75909955254922,85.62531772344992,85.73548675652322,2349400
2016-03-08,86.19189453125,86.36501899233758,86.13681002124589,86.19976546232525,1747600
2016-03-09,85.85353088378906,86.02665537380074,85.75910371015527,85.9243572677767,1537800
2016-03-10,85.54663848876953,85.96370788766419,85.41286264455104,85.86140977216114,2798700
2016-03-11,85.30261993408203,85.56230646891376,85.23179360469261,85.56230646891376,1785000
2016-03-14,85.36563873291016,85.53089228586545,85.32629007583228,85.41285231839392,2661800
2016-03-15,85.34989929199219,85.61745695944215,85.32629249858003,85.54663057544333,2960800
2016-03-16,85.79843139648438,87.31719687967964,85.14528220857277,85.23184443847725,2052300
2016-03-17,85.89286041259766,85.98728756520137,85.82990497502121,85.89286041259766,2745500
2016-03-18,86.04238891601562,86.14469302304492,85.94009081274848,86.01091719482739,2434600
2016-03-21,85.79843139648438,85.91647134669607,85.76695367617717,85.85351590608167,1725000
2016-03-22,85.61743927001953,86.01090175562851,85.5938264777237,85.99515989409795,1437700
2016-03-23,86.01091003417969,86.08960133812332,85.71187467392762,85.71187467392762,1405400
2016-03-24,85.9242935180664,86.23119361220279,85.78264685894516,86.1525023579705,1548200
2016-03-28,86.05026245117188,86.18403828343607,85.9558352772265,86.0187847252693,1291400
2016-03-29,86.63261413574219,86.63261413574219,86.19193783431231,86.24702237199105,2981000
2016-03-30,86.51451873779297,86.57746816206765,86.25483209996973,86.43582145086953,2808800
2016-03-31,86.82926940917969,86.90796668299625,86.4987624726828,86.61680237964856,3759100
2016-04-01,86.8040771484375,86.93805694010263,86.62281178628254,86.83560286640268,5489100
2016-04-04,86.9065170288086,86.96168552300874,86.78042019045752,86.8907571788578,3035600
2016-04-05,87.25332641601562,87.29273507497057,87.12722953061069,87.22968362580953,1951500
2016-04-06,87.06416320800781,87.21390887095448,86.95382619728377,87.14297449953696,1646000
2016-04-07,87.51339721679688,87.55279985746893,87.27695732109925,87.30848304138668,2069600
2016-04-08,87.37937927246094,87.39513911926701,87.22963366969155,87.3320877062153,1309500
2016-04-11,87.36369323730469,87.41886177090423,87.14301910290655,87.16666190117503,879600
2016-04-12,87.01688385009766,87.21391509944985,86.95383240720498,87.11933793511083,1363200
2016-04-13,87.07994842529297,87.13511694672415,86.86715727489207,86.89080006794573,1466400
2016-04-14,86.8750228881836,87.02476255197283,86.80408851024833,86.90654259735852,1403900
2016-04-15,87.1351089477539,87.21392626792124,86.93807767317023,86.9696033986537,1657800
2016-04-18,87.04840850830078,87.07205731041763,86.91442869422302,87.07205731041763,1297800
2016-04-19,86.9065170288086,87.00109416725807,86.79618004040832,86.93016582310715,1219600
2016-04-20,86.46517181396484,87.04838248725574,86.44152903183232,86.91440271322806,1939800
2016-04-21,86.3233642578125,86.42582439639911,86.22091013214482,86.27607866333803,1636600
2016-04-22,86.228759765625,86.37061649426059,86.17358524282236,86.32333091804873,952100
2016-04-25,86.13419342041016,86.29969897085898,86.12631048574573,86.18936193722644,1416300
2016-04-26,85.95287322998047,86.10261883905041,85.90558767465899,86.09473590885885,1127100
2016-04-27,86.42581176757812,86.5046230844924,86.05539196387119,86.18148886835041,1734000
2016-04-28,86.72525787353516,86.74890065660283,86.40212380383603,86.44153245089238,2807300
2016-04-29,86.69377136230469,86.77258267914137,86.47309726999481,86.55190858683147,2858500
2016-05-02,86.44195556640625,86.6550645696769,86.43406710089948,86.55246032252435,2226800
2016-05-03,86.95500183105469,87.03392865001467,86.88396950050979,86.93132438753973,2330900
2016-05-04,87.1128158569336,87.12859880376563,86.82078015586029,86.97074524853674,1176900
2016-05-05,87.34964752197266,87.34964752197266,86.9313299352317,87.08129511603721,1257500
2016-05-06,87.14442443847656,87.32595550119655,87.04970865245113,87.2864890849202,1675600
2016-05-09,87.31015014648438,87.31803861033195,87.18386246418554,87.25490079091067,1459900
2016-05-10,87.29439544677734,87.33386186842213,87.19968566959865,87.27071800248267,1506900
2016-05-11,87.42852783203125,87.52324358347498,87.20753043372336,87.25489132030896,1606800
2016-05-12,87.19178771972656,87.2943919815073,87.10496641293892,87.16811027637179,1261500
2016-05-13,87.52328491210938,87.54696235571896,87.20757161327744,87.2470380337803,5007300
2016-05-16,87.20758056640625,87.31019086155601,87.1760086311087,87.31019086155601,1708100
2016-05-17,87.08914184570312,87.27067887345177,87.08125338229546,87.14439721992349,1158700
2016-05-18,86.3866958618164,86.91551805222915,86.28409162694192,86.89972907964619,2946500
2016-05-19,86.47352600097656,86.6077081947576,86.43406560893567,86.48142048807645,1345000
2016-05-20,86.52880096435547,86.61562228295011,86.41041373148194,86.48934056064132,1059400
2016-05-23,86.58406066894531,86.66299352924564,86.4814563809794,86.59984964969809,892300
2016-05-24,86.44195556640625,86.52877686081587,86.31567387927461,86.43406710089948,965200
2016-05-25,86.40253448486328,86.52881622945023,86.36306805245553,86.41831744478709,890300
2016-05-26,86.67089080810547,86.74192918525056,86.48935966311814,86.54460905790546,998200
2016-05-27,86.50505828857422,86.73395013575208,86.4024540902089,86.70237822354895,1995300
2016-05-31,86.60770416259766,86.69451942973751,86.29199093232262,86.29199093232262,1734700
2016-06-01,86.57843017578125,86.87090034209933,86.53891109212903,86.83137522776136,2786400
2016-06-02,86.84725189208984,86.91048367881793,86.71287002240344,86.71287002240344,5038500
2016-06-03,87.6534652709961,87.66927773209338,87.4953768441448,87.51908950510379,1971300
2016-06-06,87.42427062988281,87.59026535905326,87.40055795867124,87.47170200299546,1715700
2016-06-07,87.55073547363281,87.65349237979734,87.542829240639,87.59025457722434,2672900
2016-06-08,87.6534652709961,87.69299039305238,87.57442105757045,87.61394014893982,1284200
2016-06-09,87.78784942626953,87.93803766761174,87.77994922565283,87.90641877308245,1328400
2016-06-10,88.09615325927734,88.19891620583913,87.95387120539046,88.0487279182115,1878900
2016-06-13,88.27006530761719,88.3333031241097,88.11988303181013,88.25425886883912,1026200
2016-06-14,88.24629211425781,88.49923717606646,88.22257945700794,88.49923717606646,1390600
2016-06-15,88.51510620117188,88.60995689078669,88.246348508987,88.246348508987,2377600
2016-06-16,88.60994720458984,88.94984287683091,88.52299672815451,88.75222925414865,3088700
2016-06-17,88.3095703125,88.53089658906246,88.24633251042823,88.53089658906246,3140900
2016-06-20,87.9301528930664,87.98548446432281,87.86692111926548,87.92225269052189,1956500
2016-06-21,87.73252868652344,88.02499897396721,87.71672225265351,87.91433584481297,1494500
2016-06-22,87.90642547607422,87.92223793988833,87.70881189321351,87.73252455824672,1378700
2016-06-23,87.48750305175781,87.72464181064677,87.46379038200675,87.54283462474001,1715000
2016-06-24,88.69690704345703,88.91033315566808,88.6020503235088,88.90242692133327,4390000
2016-06-27,89.46363830566406,89.5110636446531,89.24231201612969,89.28973735511875,4493700
2016-06-28,89.44786071777344,89.50319230800226,89.28185991639596,89.43995448182903,1799700
2016-06-29,89.08419036865234,89.44780462578335,89.07629016835311,89.37666060827955,2670900
2016-06-30,89.28180694580078,89.47942051233038,89.10000584177851,89.22647538839999,5690800
2016-07-01,89.51771545410156,89.6997773139141,89.34357694188826,89.68394873612631,5292300
2016-07-05,90.00846862792969,90.1667845710886,89.81849553527474,89.85015872390652,2926300
2016-07-06,90.02432250976562,90.1113887482182,89.88184114999511,90.09556017008238,1921600
2016-07-07,89.90557098388672,90.05596358630363,89.69976327004639,89.85807317968606,1323000
2016-07-08,90.07974243164062,90.10348832127032,89.77894505863047,89.91350912595725,2097900
2016-07-11,89.60476684570312,89.90556410579678,89.60476684570312,89.82640915703259,2728800
2016-07-12,89.0744400024414,89.31191093574127,88.95570453579148,89.24066724009663,4116200
2016-07-13,89.30397033691406,89.4622802250687,89.27230715145612,89.33563352237202,3077200
2016-07-14,88.93194580078125,89.04276394320628,88.79738177628455,88.81321035128705,2761900
2016-07-15,88.59159851074219,88.7340798816217,88.49661495624751,88.67867079512064,2811600
2016-07-18,88.56783294677734,88.81321512689361,88.48076068174198,88.73406016935314,4173500
2016-07-19,88.8052978515625,88.88445280374876,88.7023909784982,88.7815519698202,4171900
2016-07-20,88.62326049804688,88.67866958379106,88.53618821485782,88.67866958379106,2213700
2016-07-21,88.82115173339844,88.85281493112161,88.38579635276406,88.40162493205692,1944700
2016-07-22,88.74989318847656,88.90820310071081,88.59157723710626,88.62324042738032,1140000
2016-07-25,88.67869567871094,88.837011712522,88.66286709489943,88.72618746928467,889100
2016-07-26,88.73406982421875,88.8132247903718,88.5678425835563,88.8132247903718,1694100
2016-07-27,89.1140365600586,89.1140365600586,88.74200151578968,88.84490238455304,1962700
2016-07-28,89.16150665283203,89.24066161256155,88.93987034993484,88.97153354165391,1220200
2016-07-29,89.50189971923828,89.5256456088958,89.25651747392696,89.3277551428995,2386800
2016-08-01,89.1911392211914,89.38930652896364,89.15943777382378,89.22284671614531,2479100
2016-08-02,88.97714233398438,89.15945896139796,88.79482570657079,88.79482570657079,2920500
2016-08-03,89.02465057373047,89.05635805841449,88.7947758454596,89.03257895679755,1148600
2016-08-04,89.23869323730469,89.41308141572755,89.20698574599275,89.21491413071713,1065000
2016-08-05,88.68383026123047,89.06431414821786,88.67590792328318,88.98504843564146,2368100
2016-08-08,88.63628387451172,88.77103620863717,88.49360315379448,88.58079726354319,1304000
2016-08-09,88.95332336425781,88.98503085254033,88.69174112161576,88.73929933024704,1817000
2016-08-10,89.1911392211914,89.25455421109923,88.98504957537041,89.00090029905421,1262500
2016-08-11,88.76312255859375,89.17530798791043,88.67592844030968,89.11982137151035,1823600
2016-08-12,89.08016967773438,89.33382360021565,89.05639056743715,89.20699966276828,1377100
2016-08-15,88.8186264038086,89.00093701552119,88.80276962599693,88.94545038835795,1031800
2016-08-16,88.6679458618164,88.81855489182085,88.59660251428338,88.73928316176551,1433500
2016-08-17,88.81070709228516,88.92960874767046,88.58083217123074,88.69180543689984,1733900
2016-08-18,88.96922302246094,89.03263803390765,88.73934814165787,88.87410655287923,1245600
2016-08-19,88.6679458618164,88.81062650929854,88.55697269683962,88.72343244430479,1396700
2016-08-22,88.86615753173828,88.93749486736158,88.77103503665361,88.86615753173828,1084600
2016-08-23,88.85821533203125,89.01675279919401,88.77894962224288,88.92955870415099,939900
2016-08-24,88.82648468017578,88.95331462083948,88.75514737424078,88.92953551886114,1345600
2016-08-25,88.68383026123047,88.84236773396947,88.66797953774967,88.74724525032606,1037700
2016-08-26,88.3429946899414,89.0326191863622,88.27958573950625,88.81860112752102,1988300
2016-08-29,88.70764923095703,88.76313585566923,88.4936250730753,88.5015534616309,1497400
2016-08-30,88.69969177246094,88.77895748927332,88.65212750430426,88.74724999303106,2498400
2016-08-31,88.5967025756836,88.81865520389508,88.5967025756836,88.70768191358472,2008100
2016-09-01,88.73550415039062,88.75931626939057,88.3227405677868,88.37037086176812,1775900
2016-09-02,88.50537109375,88.64031056485102,88.35455282841029,88.56887415873364,1550100
2016-09-06,88.91809844970703,88.98160149294085,88.4418377374204,88.48152865343742,1284000
2016-09-07,88.96577453613281,89.10865342893335,88.91814420120821,89.04515035302498,836800
2016-09-08,88.52919006347656,88.87845089186347,88.42600211690137,88.79907508249902,1287300
2016-09-09,88.10844421386719,88.2275108902176,88.06875330308948,88.21163210351344,1700700
2016-09-12,88.18785858154297,88.25930104101852,87.98147665592906,88.01322818725315,1446600
2016-09-13,87.86238098144531,88.25926588091018,87.66393853171289,88.25132648724565,1993700
2016-09-14,88.06085968017578,88.1799203542385,87.87828988663719,87.87828988663719,1062100
2016-09-15,88.08466339111328,88.14816644853066,87.84652995379055,88.0132209375225,994100
2016-09-16,88.17993927001953,88.24344234713222,88.06881191306572,88.1878786686553,833600
2016-09-19,88.02909088134766,88.1719697181824,88.02909088134766,88.10052727177289,490400
2016-09-20,88.16403198242188,88.2830986913562,88.10052893019231,88.13228045630709,1177800
2016-09-21,88.30692291259766,88.34661383967156,87.97354092672363,88.06878946212466,1108300
2016-09-22,88.5688705444336,88.67205847883193,88.43393107883917,88.45774321323991,1012300
2016-09-23,88.60855865478516,88.66412232241267,88.50537071661566,88.52918285188666,952500
2016-09-26,88.86260986328125,88.94199176236933,88.71179757818891,88.72767032441334,764000
2016-09-27,89.01336669921875,89.1165546183499,88.92605151534454,89.1165546183499,1583700
2016-09-28,88.97369384765625,89.14039090962463,88.9419483706949,89.05307570801669,594800
2016-09-29,89.02925872802734,89.16419819372064,88.7593737406554,88.81493740629296,1123900
2016-09-30,88.80699920654297,89.06100540373636,88.67999913593898,89.03719326899721,1774600
2016-10-03,88.6003189086914,88.80697784773052,88.58441880193473,88.78312768759552,3112000
2016-10-04,88.19496154785156,88.5685352674746,88.18701149353,88.48905291660292,3949600
2016-10-05,87.99626159667969,88.18702047101401,87.90087912745489,88.15523237872102,1490600
2016-10-06,87.81344604492188,88.04394304900813,87.79754593587914,87.90087238819763,1577400
2016-10-07,87.94063568115234,88.00422400289327,87.73397666755238,87.8929474719047,1601100
2016-10-10,87.71014404296875,87.74988826528784,87.57502338967095,87.74988826528784,1067000
2016-10-11,87.68626403808594,87.83728474413304,87.59088158203811,87.69421409211853,1942600
2016-10-12,87.68626403808594,87.68626403808594,87.51139923405547,87.6147317441359,1037800
2016-10-13,87.86911010742188,87.98038664694609,87.83731594411259,87.83731594411259,1188400
2016-10-14,87.5988540649414,87.88499544223427,87.57500996085301,87.64654227311823,2105300
2016-10-17,87.78960418701172,87.86909261151604,87.68627772491766,87.68627772491766,1490800
2016-10-18,87.9644775390625,87.9644775390625,87.6703921707252,87.67833616265281,1484400
2016-10-19,88.00419616699219,88.06778446862,87.8372814233048,87.8372814233048,1264200
2016-10-20,87.92471313476562,88.13136601726947,87.89291898420024,88.13136601726947,979900
2016-10-21,88.02010345458984,88.05189761018778,87.90087688712639,88.05189761018778,571100
2016-10-24,87.90086364746094,88.07572844485378,87.79753720541707,88.07572844485378,900800
2016-10-25,87.8849868774414,88.0201074968516,87.77371035979593,87.78960440626724,735100
2016-10-26,87.6942367553711,87.79756322804025,87.66244259513843,87.75782507583642,1136600
2016-10-27,87.3922119140625,87.43195613795389,87.2094030380433,87.3922119140625,3668500
2016-10-28,87.4081039428711,87.47963626231733,87.27298329672826,87.3127214528262,1313200
2016-10-31,87.47958374023438,87.54317202875305,87.40010141164251,87.51137788449371,4413900
2016-11-01,87.48277282714844,87.64992141771084,87.18030826770311,87.22806327283237,2004000
2016-11-02,87.74551391601562,87.89674633790928,87.57836516831956,87.64204261676065,1455900
2016-11-03,87.68970489501953,87.73746596712914,87.56235620548226,87.61807239576906,686600
2016-11-04,87.96040344238281,88.00019728399296,87.77733233861031,87.79325473334582,1699800
2016-11-07,87.59424591064453,87.68975596526992,87.56240720156512,87.63403974253417,2617900
2016-11-08,87.2838363647461,87.64201125698875,87.24403645555755,87.61017254416063,1182200
2016-11-09,85.95457458496094,86.88584000442233,85.89090324771693,86.88584000442233,6381300
2016-11-10,85.43726348876953,85.98647088960405,85.42134716194967,85.69992842591788,5445300
2016-11-11,85.2620849609375,85.67597589469166,85.23024626255476,85.60434337778857,2482900
2016-11-14,84.76863861083984,85.08701968868974,84.59352871439171,84.76863861083984,3753800
2016-11-15,84.76863861083984,84.91987098915668,84.70496118074708,84.76067741392475,1391700
2016-11-16,84.84821319580078,84.90392941639274,84.58554841046188,84.58554841046188,2765700
2016-11-17,84.47408294677734,84.75267001344483,84.41041162857157,84.70490893402771,2499200
2016-11-18,84.10006713867188,84.53783592859764,84.02046729267114,84.45028095608937,4093700
2016-11-21,84.17169189453125,84.28312438144293,84.07617573177191,84.16373069614752,1364300
2016-11-22,84.2512435913086,84.4343146270306,84.17164986506026,84.28308229633033,1744700
2016-11-23,83.94881439208984,84.04432446798006,83.574717067882,83.7737044894722,4607100
2016-11-25,83.87716674804688,84.02043791909864,83.76573428974146,83.98064408262586,948200
2016-11-28,84.25923156738281,84.29107028252444,84.06820534914702,84.155760297633,2474800
2016-11-29,84.34678649902344,84.3706640172214,84.06024413541999,84.11596036875322,1745000
2016-11-30,83.78160095214844,83.99650452946865,83.70996237796871,83.80547845267185,3362500
2016-12-01,83.46199035644531,83.54169689599004,83.14315811704728,83.39025629522082,3467600
2016-12-02,83.83663940429688,83.94822980468405,83.6373699634311,83.6373699634311,1660400
2016-12-05,83.80474853515625,84.01199043901671,83.46200488236482,83.5576563951974,2281600
2016-12-06,83.83663940429688,83.91634596439903,83.75693284419471,83.82866692392044,989400
2016-12-07,84.11557006835938,84.15542636753894,83.9800683810968,83.9880408571762,1237600
2016-12-08,83.79682159423828,83.90044564309237,83.71711499750526,83.8446504172569,1357500
2016-12-09,83.36638641357422,83.85260448772728,83.32653616168032,83.75695901820382,3261000
2016-12-12,83.38229370117188,83.46997272943042,83.19099676734407,83.31055355022401,1538200
2016-12-13,83.43011474609375,83.5815614430066,83.27867413040066,83.525766251705,1993500
2016-12-14,82.7366943359375,83.77289203088898,82.72074937131946,83.70912433486122,3941000
2016-12-15,82.50554656982422,82.75263880708866,82.44177886949062,82.72075495692187,1999200
2016-12-16,82.609130859375,82.86419547554996,82.46565663270033,82.64898717614803,1811800
2016-12-19,82.99172973632812,83.03157997135862,82.80042671578954,82.89607822605883,1691800
2016-12-20,82.81641387939453,82.8642366182904,82.64105572847878,82.69685095093169,969400
2016-12-21,82.95183563232422,82.99965832506376,82.8482177709828,82.89604046372233,1870500
2016-12-22,82.91593170166016,82.9877796716398,82.7961789941517,82.86004791693964,1872100
2016-12-23,82.99574279785156,83.09154615662483,82.97977861682641,83.0037279338012,830400
2016-12-27,82.87604522705078,82.87604522705078,82.78822694583607,82.79621208709509,1148800
2016-12-28,83.17941284179688,83.26723111578558,82.86007421737231,82.9159580198308,1369800
2016-12-29,83.43488311767578,83.554635864048,83.31513037130357,83.31513037130357,1328600
2016-12-30,83.68238067626953,83.79414829936736,83.45086028817298,83.474809622997,2439500
2017-01-03,83.64244842529297,83.73825184099869,83.2592469442256,83.3071456066396,3230500
2017-01-04,83.73823547363281,83.77815507842699,83.52268544402325,83.6105037018692,1523000
2017-01-05,84.2811050415039,84.3689232950084,83.8499989127208,83.90588270214401,3344400
2017-01-06,83.89791870117188,84.12943905593475,83.85800517917137,83.9697727861772,1601400
2017-01-09,84.21725463867188,84.24918910977782,84.11347217573575,84.20129044855769,1275000
2017-01-10,84.1773681640625,84.30509999864881,84.13744853963453,84.1773681640625,1352700
2017-01-11,84.27312469482422,84.56851393621584,84.07353885112417,84.2252260414167,1833700
2017-01-12,84.3210220336914,84.64833962135728,84.29706661821494,84.48068825827826,1544700
2017-01-13,84.13743591308594,84.27315287036663,83.86600199852452,84.12147172023822,1833200
2017-01-17,84.56055450439453,84.64837278959044,84.40887335886578,84.60047412162119,1656800
2017-01-18,83.96178436279297,84.37692639333632,83.92984989191444,84.30507231114025,3640400
2017-01-19,83.64244842529297,83.73825184099869,83.47479701596629,83.69035317858469,1840000
2017-01-20,83.68238067626953,83.76221382264247,83.41094676042584,83.5386785764468,1306400
2017-01-23,84.12150573730469,84.28117209386217,83.69837831975332,83.83410142279637,1720200
2017-01-24,83.80213928222656,84.04962388049577,83.6903716513386,83.9378562496078,1344000
2017-01-25,83.386962890625,83.57058454643841,83.27519530565218,83.46680210064265,1816000
2017-01-26,83.49879455566406,83.52274999157959,83.1714766887268,83.35509848545837,2212900
2017-01-27,83.6025390625,83.66640800948106,83.53867011551895,83.54665525661109,2285200
2017-01-30,83.57856750488281,83.78613239105853,83.57856750488281,83.61848101797365,1909300
2017-01-31,83.865966796875,84.0016836971903,83.65839583170828,83.65839583170828,1411700
2017-02-01,83.70531463623047,83.83324011093318,83.4654459835072,83.6013687066642,2055100
2017-02-02,83.73723602294922,84.03306689721813,83.72923878036909,83.97709839937467,1423500
2017-02-03,83.80121612548828,84.12903605012343,83.64930508002513,83.95313327106167,1711100
2017-02-06,84.2010269165039,84.2809871938674,83.95316713699266,84.14505838241709,1500500
2017-02-07,84.35292053222656,84.504837696595,84.0970635765124,84.15303209494641,1540600
2017-02-08,84.69673156738281,84.75270008758716,84.35292320038155,84.35292320038155,3182200
2017-02-09,84.19303131103516,84.69674809114592,84.17703681636424,84.69674809114592,1530200
2017-02-10,84.13705444335938,84.20101411536855,84.00912289911747,84.00912289911747,1646400
2017-02-13,84.00910186767578,84.01709911221675,83.85718472194849,83.95313335610945,1045200
2017-02-14,83.70531463623047,84.03312862149816,83.52141452246086,83.96916283409018,2318100
2017-02-15,83.54535675048828,83.60132526035598,83.40943409796814,83.41743134226641,2750900
2017-02-16,83.88117218017578,83.96112632117955,83.63330641292117,83.63330641292117,2459800
2017-02-17,84.10504150390625,84.208981271378,84.04907299832767,84.11303264748204,2237700
2017-02-21,84.06511688232422,84.17705396737816,83.88921400577843,83.90520850370821,2832700
2017-02-22,84.2010269165039,84.28897834151358,83.92118424606981,84.24100705518565,2812800
2017-02-23,84.42489624023438,84.42489624023438,84.29697078394801,84.35293931484436,1842700
2017-02-24,84.81664276123047,84.88060850979461,84.60875712845174,84.70470575129796,2677000
2017-02-27,84.5128173828125,84.75268591506902,84.46484611640525,84.74468867063109,3292600
2017-02-28,84.47279357910156,84.68067911120485,84.4567990996516,84.55274767603157,2482500
2017-03-01,83.88436126708984,83.90838597366279,83.78828687477373,83.8363240709318,2249000
2017-03-02,83.64417266845703,83.74825530064105,83.5320818004145,83.71622846570116,2023300
2017-03-03,83.7242431640625,83.73225140053916,83.47604280973799,83.6681977257152,2509000
2017-03-06,83.70820617675781,83.74823512942085,83.61212569507965,83.74022689549116,1401700
2017-03-07,83.58808135986328,83.65213499458933,83.5480463110368,83.61209994576285,1596300
2017-03-08,83.30792236328125,83.38798641781456,83.18782322723338,83.20383359474172,2392800
2017-03-09,83.07574462890625,83.25188924005597,83.0277013022766,83.21986239180177,2322900
2017-03-10,83.25186920166016,83.27588780494544,83.06771639564757,83.25186920166016,1333000
2017-03-13,83.04366302490234,83.20379105209445,83.0196444316728,83.11571880459098,1342600
2017-03-14,83.13179016113281,83.21986246678702,83.0677364645667,83.08374683445987,864600
2017-03-15,83.86038208007812,83.86038208007812,83.20384695389885,83.25989241192038,3701900
2017-03-16,83.62811279296875,83.7642282979416,83.60409420635324,83.66013961128643,2749900
2017-03-17,83.8523178100586,83.92437358476174,83.71620227702113,83.73221874372777,1186700
2017-03-20,84.05252838134766,84.07654698648795,83.86837556111259,83.86837556111259,1362700
2017-03-21,84.33271026611328,84.36473709190749,83.99643775801275,83.99643775801275,1407000
2017-03-22,84.49287414550781,84.65300834244007,84.42882046673492,84.49287414550781,2231300
2017-03-23,84.40482330322266,84.58096791034153,84.2607055436251,84.54093282381575,2584700
2017-03-24,84.45280456542969,84.55688716201247,84.34871586035483,84.38074268434,2540000
2017-03-27,84.6610107421875,84.83715530512988,84.6049653002054,84.8051284656408,2614000
2017-03-28,84.37277221679688,84.75708816814829,84.36477008858786,84.75708816814829,1356800
2017-03-29,84.61296844482422,84.64499528238578,84.51688793213954,84.51688793213954,1860400
2017-03-30,84.37277221679688,84.58094361163283,84.35676185188403,84.572935374929,1487800
2017-03-31,84.5409164428711,84.57294328418676,84.42882555251396,84.49287923514528,1698500
2017-04-03,84.95709991455078,84.9971953783222,84.62032004262265,84.64437487380197,4175500
2017-04-04,84.83679962158203,85.01320370178559,84.83679962158203,84.93301891665543,1319600
2017-04-05,84.99715423583984,85.07733900686078,84.69244965887793,84.73253898553546,2551100
2017-04-06,84.9410171508789,85.07733186193717,84.83677756907647,85.0212019151658,1496300
2017-04-07,84.68441772460938,85.25373747374381,84.68441772460938,85.14949789749274,1185400
2017-04-10,84.83679962158203,84.93301891665543,84.75660871874491,84.79670417016347,1752500
2017-04-11,85.22969818115234,85.3179032685477,85.02121287297186,85.03725349851983,2219200
2017-04-12,85.49430847167969,85.5424181101136,85.22969322488152,85.2938434879306,2273600
2017-04-13,85.75093078613281,85.80706075479642,85.48631545484393,85.6386708488056,1868200
2017-04-17,85.61457824707031,85.83108384450823,85.54241379306134,85.75891327279376,1110500
2017-04-18,86.10372161865234,86.1758921973627,85.79901703156862,85.84712667223813,1678400
2017-04-19,85.8791732788086,85.93530321351373,85.79096822174279,85.89521389884095,1750000
2017-04-20,85.68672943115234,85.80700961165797,85.57446956073484,85.74285936636109,1694700
2017-04-21,85.72688293457031,85.8952728542625,85.70282198800722,85.76697227675898,2792500
2017-04-24,85.5504379272461,85.5504379272461,85.2938429942407,85.34195263239617,3558000
2017-04-25,85.109375,85.3739901286172,85.06927957407507,85.27776477701919,1985700
2017-04-26,85.33393859863281,85.33393859863281,85.09338427245082,85.10941878044713,1314400
2017-04-27,85.39009094238281,85.49433668366375,85.26179649165498,85.30188583101025,1988200
2017-04-28,85.478271484375,85.5183669299133,85.2136562263168,85.2537516718551,5489800
2017-05-01,85.29357147216797,85.51842879351192,85.16508420007249,85.38190915225344,2044400
2017-05-02,85.47027587890625,85.5184578564536,85.2373861092531,85.25345085303859,1585300
2017-05-03,85.29357147216797,85.51842879351192,85.24538951099497,85.48630544376242,1861300
2017-05-04,85.10084533691406,85.11690394981629,84.98038429598668,85.00447527879155,1237100
2017-05-05,85.11689758300781,85.14098856401066,84.96431932768894,85.1088713406086,980000
2017-05-08,84.90811920166016,85.03660649747233,84.85993110468992,85.03660649747233,4887400
2017-05-09,84.81171417236328,84.85186988213432,84.69928553728566,84.79564943769442,1457900
2017-05-10,84.77959442138672,85.01248406874214,84.72338010146655,84.99641933339274,995500
2017-05-11,84.8438491821289,84.88399877052005,84.65111522790642,84.65111522790642,1088800
2017-05-12,85.27752685546875,85.34979980908881,85.17312441992401,85.17312441992401,2005600
2017-05-15,85.22128295898438,85.26143254365833,85.16506863891972,85.23734156747368,672200
2017-05-16,85.33372497558594,85.45418600229341,85.21326394887846,85.21326394887846,1314500
2017-05-17,86.01636505126953,86.06454703122263,85.7112023000584,85.76741665230533,5644700
2017-05-18,85.99227142333984,86.12879111362226,85.90393371153247,86.08863538028993,1715200
2017-05-19,85.96817016601562,85.98422878128768,85.767403777143,85.90392345111944,3503100
2017-05-22,85.8717269897461,85.93597364994811,85.83157129539515,85.8717269897461,1425800
2017-05-23,85.64693450927734,85.96816192606504,85.60677878459012,85.96816192606504,2984700
2017-05-24,85.82363891601562,85.87182090041027,85.5666581210684,85.64696347069463,1776300
2017-05-25,85.8717269897461,85.91188268409704,85.76733076209189,85.8717269897461,1361000
2017-05-26,85.9279556274414,85.99220229836646,85.8797736876975,85.95204659731336,1016600
2017-05-30,86.14480590820312,86.14480590820312,86.00828628736942,86.07253297725643,2335200
2017-05-31,86.18497467041016,86.24922137002478,86.05648739808342,86.10466935934313,1752300
2017-06-01,86.13993072509766,86.1560200497339,85.97907429641175,86.01124680940481,1769300
2017-06-02,86.51792907714844,86.61444659269462,86.38924519269814,86.46162872714932,1803200
2017-06-05,86.37318420410156,86.45361242529981,86.35710101437388,86.38122886710536,1414900
2017-06-06,86.64664459228516,86.72707281076607,86.59034422572054,86.68685563338575,2078900
2017-06-07,86.48578643798828,86.63055969316294,86.40535821539794,86.55817613371563,1795800
2017-06-08,86.34902954101562,86.40532989200179,86.19621167279114,86.40532989200179,3863000
2017-06-09,86.26863098144531,86.33296987876241,86.1479855775205,86.18015809431913,1203400
2017-06-12,86.2525405883789,86.4214416972731,86.15602917545657,86.15602917545657,766700
2017-06-13,86.2846908569336,86.31686336503896,86.17209014670404,86.17209014670404,682300
2017-06-14,86.73509216308594,87.00051074804985,86.63053611580246,86.79943717815812,3712100
2017-06-15,86.58231353759766,86.63861391324929,86.51796849791558,86.6144860574387,2000400
2017-06-16,86.63053894042969,86.72705646618493,86.5983664318446,86.5983664318446,3460300
2017-06-19,86.3892593383789,86.56619894143604,86.3892593383789,86.53402643098595,1105900
2017-06-20,86.60645294189453,86.67079799015666,86.4616796514455,86.4616796514455,1252000
2017-06-21,86.59841918945312,86.65471957970678,86.49386307506272,86.5099462710142,1159800
2017-06-22,86.67879486083984,86.7511845394144,86.57423880987504,86.72705669198241,1160100
2017-06-23,86.70293426513672,86.73510063953798,86.5983720713562,86.63858924377624,1581000
2017-06-26,86.77533721923828,86.87185477286512,86.76729255569929,86.78338188277728,3625000
2017-06-27,86.34902954101562,86.5018474092401,86.26860134478937,86.477713427722,1755200
2017-06-28,86.26863098144531,86.30884202523349,86.13189625098111,86.30884202523349,1530900
2017-06-29,85.9469223022461,86.03539520002904,85.7699765066802,85.81823221955058,1997200
2017-06-30,85.74583435058594,85.93081864326018,85.68953398286597,85.93081864326018,1909600
2017-07-03,85.43087005615234,85.75306955800265,85.39059895932377,85.74501288045919,1255300
2017-07-05,85.49535369873047,85.59201544098454,85.36647752117244,85.41480531957578,10477800
2017-07-06,85.33419799804688,85.35836188055796,85.16504467502605,85.33419799804688,1794300
2017-07-07,85.1972885131836,85.29395022205577,85.15701741023749,85.22950908280765,1799900
2017-07-10,85.31007385253906,85.39062221357612,85.24563270553101,85.2536832398225,1247700
2017-07-11,85.42279815673828,85.44696203788003,85.25363869786037,85.27780872444494,1112600
2017-07-12,85.67255401611328,85.79337964374223,85.64033343904913,85.74504570542263,2451700
2017-07-13,85.58391571044922,85.66446404908784,85.42281903317199,85.66446404908784,2095900
2017-07-14,85.70476531982422,85.97863097706698,85.68865196031227,85.93835986917918,1260400
2017-07-17,85.80947875976562,85.87391990781119,85.70476650327619,85.75309429158729,1289200
2017-07-18,86.12362670898438,86.16390396522877,86.01085776603588,86.08335559818647,1776100
2017-07-19,86.12362670898438,86.19612454113498,86.06724223751013,86.13168338932256,2466000
2017-07-20,86.14778137207031,86.31694091381067,86.11556694506301,86.26860698240807,2317200
2017-07-21,86.30081939697266,86.40553163846265,86.2847121849916,86.30887607568582,1664200
2017-07-24,86.24442291259766,86.30886404242794,86.17998178276737,86.25247959018755,2342700
2017-07-25,85.7611312866211,85.94639186292137,85.7369673980119,85.94639186292137,2513600
2017-07-26,86.03499603271484,86.12360105370084,85.71280266052358,85.76113043726335,3010400
2017-07-27,85.8980712890625,85.97056910641442,85.80140958107503,85.86585071973334,1853000
2017-07-28,86.04306030273438,86.06722419323638,85.86585024512611,85.89001413562812,1001600
2017-07-31,86.06720733642578,86.07526401349689,85.93833123050793,85.99471567911773,921800
2017-08-01,86.28105926513672,86.31332968553649,85.8938265302461,85.93415993953082,1958300
2017-08-02,86.20033264160156,86.36168464317696,86.19226350278541,86.24067218073279,516100
2017-08-03,86.49887084960938,86.5230721227534,86.30525450950459,86.37785832893671,1576200
2017-08-04,86.26486206054688,86.29713245660425,86.07930882195421,86.29713245660425,1266100
2017-08-07,86.31324768066406,86.32131681683597,86.17610314047892,86.22450564761544,554100
2017-08-08,86.2406997680664,86.28910230654765,86.10355513906858,86.28103316515028,1277800
2017-08-09,86.34555053710938,86.57950633448455,86.34555053710938,86.5553050718164,1268000
2017-08-10,86.6682357788086,86.70050617598297,86.49882080985478,86.51495293096751,1412000
2017-08-11,86.76507568359375,86.82154735859993,86.57952237717292,86.61986192572775,911000
2017-08-14,86.5553207397461,86.68439621565763,86.52305033203048,86.59565413317742,1386100
2017-08-15,86.29714965820312,86.36975344759277,86.18420632696373,86.20840759009361,1146300
2017-08-16,86.4584732055664,86.58755478221688,86.2003162072138,86.21645448176929,2160100
2017-08-17,86.76507568359375,86.79733993649647,86.45850988645942,86.49078029431308,1637300
2017-08-18,86.78120422363281,86.97482050780225,86.65212875250343,86.91834883512989,1235700
2017-08-21,86.83767700195312,86.89414867534451,86.77313618809133,86.80540659502223,718800
2017-08-22,86.6682357788086,86.75697783230092,86.61983326052147,86.75697783230092,984500
2017-08-23,86.96671295166016,86.96671295166016,86.78115974800433,86.85376966419923,1246100
2017-08-24,86.82959747314453,86.92640868235469,86.78119494601448,86.82959747314453,2520900
2017-08-25,86.97481536865234,87.02322405304736,86.78119909592327,86.83767076525884,1007500
2017-08-28,87.05551147460938,87.06357446112602,86.9022285614715,86.93449897239272,921700
2017-08-29,87.25715637207031,87.47497385086383,87.1603451843017,87.45884173037675,1590200
2017-08-30,87.1845474243164,87.23294994127146,87.12000663174386,87.12000663174386,1299900
2017-08-31,87.32173919677734,87.32980833894813,87.18459455463447,87.19266369680525,1023600
2017-09-01,87.06478118896484,87.2506064237052,87.01629994862674,87.22636888562388,3460000
2017-09-05,87.67076110839844,87.67883617985692,87.36373579602905,87.38797950293454,3054800
2017-09-06,87.46066284179688,87.70305051626616,87.36370653917423,87.64649421411328,1601500
2017-09-07,87.84041595458984,87.91312857109041,87.54147192589977,87.54147192589977,4292500
2017-09-08,87.77577209472656,87.80809086557187,87.6626594788556,87.80809086557187,1249100
2017-09-11,87.27481842041016,87.45256853322101,87.27481842041016,87.42024977051234,2206200
2017-09-12,87.06478118896484,87.13749380320877,86.98398734063532,87.13749380320877,3167800
2017-09-13,86.88701629638672,87.08092273234465,86.87085383095513,87.08092273234465,1590900
2017-09-14,86.90316009521484,86.9193225583212,86.77389121123181,86.79812874171778,1377700
2017-09-15,87.00827026367188,87.00827026367188,86.75780118977339,86.9113138965971,1477000
2017-09-18,86.66888427734375,86.74160305863629,86.58809042582206,86.6608092071146,3032500
2017-09-19,86.57193756103516,86.73352527049906,86.54770002103317,86.69313142522108,673300
2017-09-20,86.40226745605469,86.66888655667057,86.26491112426213,86.65273025161163,2397500
2017-09-21,86.28913879394531,86.55575784501828,86.28913879394531,86.44264523809647,2390000
2017-09-22,86.44267272949219,86.58002907944483,86.41843518661135,86.56386660807311,826600
2017-09-25,86.70120239257812,86.76583993897508,86.45073960550961,86.53961469076148,1927000
2017-09-26,86.6284408569336,86.67691590726959,86.54764705164953,86.62035962715352,1061000
2017-09-27,86.18408966064453,86.31336471640506,86.15985212873292,86.20025212470156,4039100
2017-09-28,86.16800689697266,86.23264448001495,86.03065665614216,86.07913176133428,1873300
2017-09-29,86.06295776367188,86.26494556050794,86.0144826649683,86.25687048684293,2037800
2017-10-02,85.96501159667969,86.15112079889772,85.96501159667969,86.11066039781845,3221600
2017-10-03,86.08638763427734,86.11875472084158,85.96501260300913,85.98928637458467,2521700
2017-10-04,86.06214904785156,86.16733749214704,85.98123438505557,86.16733749214704,2198300
2017-10-05,85.97309112548828,86.14301367067074,85.92454359069028,86.09446613587274,1779900
2017-10-06,85.86791229248047,85.96500737287533,85.64943601481173,85.74653726859674,2350600
2017-10-09,85.96501159667969,85.99737868286502,85.88409696791159,85.94073782538831,893100
2017-10-10,85.99736022949219,86.19964984470022,85.97308646340949,86.01354685580675,1123100
2017-10-11,86.094482421875,86.12684950899285,85.99738116052144,86.11875619386572,2841200
2017-10-12,86.17538452148438,86.20775160389546,86.06210281974046,86.1511107530235,1349300
2017-10-13,86.4666748046875,86.51522233751896,86.3291193460722,86.43430772500345,1521700
2017-10-16,86.32103729248047,86.41004522987444,86.23202935508648,86.31294397815645,1666100
2017-10-17,86.28865051269531,86.32101758921334,86.17536883157653,86.19154928314124,673800
2017-10-18,86.07022857666016,86.10259567127156,85.98930775343561,86.02167484804701,1788500
2017-10-19,86.15925598144531,86.33726578187984,86.10261509644491,86.30490485335972,1518700
2017-10-20,85.80316162109375,85.94071707412438,85.77079454272378,85.88407623032418,2651400
2017-10-23,85.88406372070312,85.94070455625318,85.84360333528676,85.84360333528676,709800
2017-10-24,85.62515258789062,85.73843428450213,85.5766050531684,85.67370012261286,1605600
2017-10-25,85.48764038085938,85.56046171979048,85.34199152960457,85.34199152960457,1838800
2017-10-26,85.37430572509766,85.58468246724574,85.36621241243388,85.56850201530695,2062400
2017-10-27,85.64944458007812,85.65753789538378,85.39860736611986,85.46334154178354,1315000
2017-10-30,85.9569320678711,85.96501921009082,85.79509662261164,85.84364416949397,1692700
2017-10-31,85.90029907226562,85.97312039925822,85.88411243956178,85.9650270829063,1178000
2017-11-01,85.95210266113281,86.08177125917501,85.83864572931542,85.83864572931542,1321500
2017-11-02,86.06558227539062,86.18714507235809,86.00075414222324,86.04937678783395,1997900
2017-11-03,86.20336151123047,86.22767283538062,86.02507022354135,86.17904400413929,2532400
2017-11-06,86.30876159667969,86.3573842725581,86.22772174256748,86.28445025874048,858400
2017-11-07,86.34113311767578,86.40596743985893,86.27629879549262,86.32492144565936,734800
2017-11-08,86.23577880859375,86.41406391362614,86.21146130146379,86.38164675372724,947800
2017-11-09,86.20336151123047,86.2762954836809,86.08990454323576,86.12231552014192,925900
2017-11-10,85.7657470703125,85.92782670161739,85.7333299074632,85.90351537521582,1862000
2017-11-13,85.7252426147461,85.87111678765204,85.71713677654493,85.83059996253219,868300
2017-11-14,85.84677124023438,85.90349971914638,85.73331428241036,85.74951976941072,1629200
2017-11-15,86.15471649169922,86.1871336454553,85.97642523751064,86.13040517211711,1933100
2017-11-16,85.93595123291016,86.06561372957303,85.91973955648794,86.01699106619232,1749200
2017-11-17,86.04938507080078,86.13042488226628,85.98455074845187,86.08990806800418,941200
2017-11-20,85.91162109375,86.02507807209604,85.862992258072,85.94403825655482,1153400
2017-11-21,85.92784118652344,86.08992702809284,85.86300684989567,86.04940402196483,835600
2017-11-22,86.20336151123047,86.2438783238337,85.98454722799707,86.01696438784428,1657900
2017-11-24,86.13046264648438,86.17908531809421,86.09804547109648,86.12235680690141,614400
2017-11-27,86.18714904785156,86.24387753132763,86.05748659259525,86.1709435595474,1927500
2017-11-28,86.20336151123047,86.34923563907238,86.13042135583899,86.31681847922518,1388000
2017-11-29,85.92784118652344,85.96836419265145,85.80627835108204,85.9197353487093,3193600
2017-11-30,85.660400390625,85.91163188819307,85.5712547274464,85.87110888386012,3306400
2017-12-01,85.9769287109375,86.30969751651607,85.6279236559269,85.79024899635819,4341500
2017-12-04,85.93635559082031,85.93635559082031,85.74156391820087,85.7496820439854,2356200
2017-12-05,86.00128173828125,86.0256299214863,85.7821418971207,85.79837195515235,1586000
2017-12-06,86.17985534667969,86.28536621937536,86.16362528638652,86.19608540697286,1459000
2017-12-07,86.02567291259766,86.25293099250327,85.92016200187527,86.17988640638428,1953400
2017-12-08,85.96073913574219,86.05001378040158,85.8958064920647,86.00943552234143,2519500
2017-12-11,85.90390014648438,86.04999546750832,85.87955195836646,86.00941721808393,702200
2017-12-12,85.83086395263672,85.83898208023986,85.70911680785751,85.82274582503356,2557500
2017-12-13,86.17985534667969,86.21232165958206,85.86331653627664,85.95259734867915,1477800
2017-12-14,86.14741516113281,86.22046593539746,85.92015709420794,86.02566799890366,982100
2017-12-15,86.13114929199219,86.17172753432197,85.96881774572708,86.01752030576428,1845200
2017-12-18,85.93635559082031,86.0824508933638,85.9038892799978,86.05810270832582,1610300
2017-12-19,85.54676818847656,85.73344172645838,85.42502107674498,85.72532979337419,4535100
2017-12-20,85.295166015625,85.45749758140562,85.2545877684169,85.30328414199305,3027000
2017-12-21,85.35533142089844,85.36346223664003,85.24965562423846,85.30655893043925,2098800
2017-12-22,85.38783264160156,85.38783264160156,85.31466771749035,85.34718477242933,696900
2017-12-26,85.42037200927734,85.51791699757999,85.37972412948744,85.39598576220168,2584800
2017-12-27,85.78620910644531,85.81872618162366,85.54234034560456,85.54234034560456,2291500
2017-12-28,85.68048095703125,85.74551506768566,85.63170227304337,85.70486719802811,1540500
2017-12-29,85.81865692138672,85.87556020652536,85.72923658731271,85.73736740004479,1849600
2018-01-02,85.5341567993164,85.73738374240469,85.42847481963426,85.71299750155316,3902000
2018-01-03,85.62360382080078,85.6886379513247,85.53418344182941,85.63985925243374,2135900
2018-01-04,85.58293914794922,85.59106996316851,85.37158136621143,85.43661548397611,2430000
2018-01-05,85.47727966308594,85.6154725382004,85.40411471614557,85.58295547311535,2163600
2018-01-08,85.43659973144531,85.53415089010615,85.36344101394495,85.51788926266583,2450600
2018-01-09,85.0301742553711,85.29030456330126,85.0139188244986,85.29030456330126,5924200
2018-01-10,85.00579071044922,85.0464385919163,84.72940496286009,84.77817745902382,2142500
2018-01-11,85.06271362304688,85.13587858614676,84.88387282657759,84.96516240624617,1798700
2018-01-12,85.00579071044922,85.0383077752237,84.86759783665465,84.88385326804392,1430700
2018-01-16,85.0464096069336,85.16021619385945,84.93260302000775,85.14395456601642,5927500
2018-01-17,84.85945129394531,85.05454744444133,84.80254799163419,84.91635459625643,2186100
2018-01-18,84.59117126464844,84.71310865714584,84.52614336371077,84.6318191294787,3326100
2018-01-19,84.37168884277344,84.5423987113167,84.32291636661634,84.5423987113167,2921600
2018-01-22,84.33917999267578,84.50175906367129,84.27414588347997,84.43673115646949,8047400
2018-01-23,84.58307647705078,84.63184897044943,84.46113904155855,84.53429778165652,1780100
2018-01-24,84.42047882080078,84.50176836524652,84.32293384826376,84.43674045088675,1952200
2018-01-25,84.60743713378906,84.61556174556777,84.23350032617547,84.33104528346979,3342000
2018-01-26,84.35543823242188,84.50989269641482,84.26602408178799,84.50989269641482,3324500
2018-01-29,84.14411926269531,84.17663633097168,83.98153392131353,84.13598844512707,2328200
2018-01-30,83.94895935058594,84.11967539260074,83.90831769457624,84.07089672259978,2346900
2018-01-31,83.97340393066406,84.12785224259487,83.74578446729932,84.08721056134833,2966400
2018-02-01,83.54017639160156,83.94729226701102,83.51575043301224,83.94729226701102,8958300
2018-02-02,83.23077392578125,83.35290993575833,83.14120793260442,83.28776990215782,5753500
2018-02-05,83.91474151611328,84.1182995005495,83.12493554256531,83.25521563441089,6902000
2018-02-06,83.54832458496094,83.89844450363127,83.54832458496094,83.82516041213974,5382900
2018-02-07,83.3041000366211,83.67864612853863,83.20639614174641,83.66236421675922,4773700
2018-02-08,83.37735748291016,83.48320540584488,82.96209742630958,83.07608940857686,5685300
2018-02-09,83.23077392578125,83.71116769637013,83.14120793260442,83.14120793260442,4376900
2018-02-12,83.20638275146484,83.34480072166131,83.11681672084404,83.23080872125267,2836300
2018-02-13,83.34477996826172,83.36920593196731,83.19821797393149,83.27149586504832,2698100
2018-02-14,82.83997344970703,83.10052747742235,82.7504074202957,83.10052747742235,4141900
2018-02-15,82.86438751220703,83.01909357934166,82.83996154625886,82.85624966495573,3057300
2018-02-16,83.05977630615234,83.19819420233273,83.01906223687821,83.12491012005825,2277800
2018-02-20,82.97024536132812,83.01909729541117,82.82368334698158,82.89696124810615,2138300
2018-02-21,82.72596740722656,83.0516614396052,82.62011948684473,83.0516614396052,2253900
2018-02-22,82.83997344970703,82.94582760015571,82.80740341973036,82.85626157074438,4411800
2018-02-23,83.15748596191406,83.2226259924807,83.03535616972067,83.05978212815934,4484700
2018-02-26,83.25525665283203,83.41810063577273,83.21454255104697,83.34482270707935,2725600
2018-02-27,82.99465942382812,83.32035343255899,82.83995337195924,83.28778341047625,3308900
2018-02-28,83.19009399414062,83.20638211527339,83.02725005540142,83.09239011573634,2521400
2018-03-01,83.54808044433594,83.67856359935307,83.20557149508487,83.31159061398111,5352600
2018-03-02,83.23820495605469,83.45023700434774,83.18927687636408,83.44208025047256,2140800
2018-03-05,83.13220977783203,83.46656209668076,83.03434737579308,83.46656209668076,2059300
2018-03-06,83.12401580810547,83.30342702063149,83.11585905614189,83.156636594181,2331300
2018-03-07,83.12401580810547,83.36051184081896,83.11585905614189,83.31158377259506,1258100
2018-03-08,83.29531860351562,83.37686750513649,83.19745618850115,83.23823375020278,1636700
2018-03-09,83.11587524414062,83.18111682899841,82.99354882797728,83.09141120526395,1604500
2018-03-12,83.31159210205078,83.31974263305047,83.13218087158731,83.18110894470303,1885700
2018-03-13,83.4502182006836,83.49098951731212,83.28711426883304,83.44206144864636,1742100
2018-03-14,83.61335754394531,83.71937670788249,83.38501814743745,83.40132543785289,2598900
2018-03-15,83.58068084716797,83.6866999402054,83.49913200606224,83.59699434845577,2758000
2018-03-16,83.48282623291016,83.49913351271444,83.37680713795972,83.47466948211907,3595300
2018-03-19,83.40129852294922,83.55624572991078,83.295285615006,83.30344236847236,2825000
2018-03-20,83.23820495605469,83.31160329737084,83.21374091620939,83.25451224202482,2600600
2018-03-21,83.29531860351562,83.36056021352526,82.92018867863372,83.13222080027388,3365600
2018-03-22,83.63776397705078,83.80901840646403,83.49913032777972,83.6051431969086,5026500
2018-03-23,83.75193786621094,83.79271539891185,83.55621939715802,83.55621939715802,2519000
2018-03-26,83.52361297607422,83.71118094825901,83.49914894095859,83.6051618337193,4184900
2018-03-27,83.9966049194336,84.03738245907697,83.6051616929059,83.61331844519037,3495900
2018-03-28,83.98030090332031,84.20864020193552,83.906902573463,84.16786266070598,2762500
2018-03-29,84.15153503417969,84.24939115462767,84.00474463172995,84.00474463172995,2572100
2018-04-02,84.23731994628906,84.41702970233645,84.0494333495989,84.09028015872443,2748800
2018-04-03,83.96774291992188,84.1392882938042,83.93506672027554,84.10661209415788,4229600
2018-04-04,83.91873931884766,84.13929589595327,83.8778925075122,84.13929589595327,2216900
2018-04-05,83.70634460449219,83.82070819397913,83.67366840287474,83.78803199236168,1789300
2018-04-06,84.0739974975586,84.10667372114757,83.8616113927588,83.97597505914403,2651200
2018-04-09,84.0903091430664,84.0903091430664,83.85341127964982,83.92692808259797,2071100
2018-04-10,83.94326782226562,84.0331258458487,83.87791539923246,83.98410841239878,1622400
2018-04-11,84.02493286132812,84.13929645500919,83.94324547046284,84.1066202521934,2520600
2018-04-12,83.72269439697266,83.9187516413535,83.69818879951237,83.91058103141697,2188600
2018-04-13,83.79619598388672,83.8370365584224,83.64915620439334,83.64915620439334,2937700
2018-04-16,83.7553482055664,83.77168942106931,83.5756322291203,83.59197344462319,1637400
2018-04-17,83.80438232421875,83.86157036178335,83.68185433614987,83.71453054375135,1301800
2018-04-18,83.4776611328125,83.73089403750028,83.4776611328125,83.63286538132205,2127600
2018-04-19,83.2488784790039,83.33873023031573,83.1508498880083,83.28154844365513,3181500
2018-04-20,82.97114562988281,83.19170220031454,82.97114562988281,83.14269101407376,2309400
2018-04-23,82.88948059082031,82.93849179027556,82.7832813488674,82.89765120151282,5022800
2018-04-24,82.79145050048828,82.87313790892406,82.71793370260102,82.77511551174103,3178800
2018-04-25,82.61175537109375,82.70978402543706,82.55457354748134,82.66077281444107,3295800
2018-04-26,82.8486099243164,82.88128612533171,82.75875192961134,82.80776934730834,1989500
2018-04-27,82.98749542236328,83.03651284969867,82.91397862988416,82.9221492398316,2409300
2018-04-30,83.0773696899414,83.16722771989737,83.01202349462388,83.02835848536563,3504400
2018-05-01,82.94722747802734,83.06999226220547,82.91448978597475,83.06999226220547,1894000
2018-05-02,82.96355438232422,83.07813312023376,82.90626501336945,82.9799200974229,3852600
2018-05-03,83.17638397216797,83.2909627707901,83.1190945728569,83.13546654070362,6026900
2018-05-04,83.18456268310547,83.30732745491741,83.06179791129354,83.2745897661625,2370500
2018-05-07,83.14366149902344,83.20095715289803,83.10274406006964,83.17639919663291,1854900
2018-05-08,83.0044937133789,83.08633479863218,82.92265262812563,83.01267969512661,1654600
2018-05-09,82.81629943847656,82.906326548522,82.79174772556918,82.81629943847656,2838400
2018-05-10,82.98815155029297,83.05362693471072,82.90631044180894,83.01270325843053,4183700
2018-05-11,82.99630737304688,83.04541077147758,82.90628031320789,83.04541077147758,2816300
2018-05-14,82.81629943847656,82.88995457719871,82.80811345281492,82.86540286429133,4762000
2018-05-15,82.35797882080078,82.49711560228977,82.24339999657052,82.49711560228977,6812500
2018-05-16,82.18609619140625,82.41525379973496,82.18609619140625,82.25157157780774,4784200
2018-05-17,82.13699340820312,82.26793793794123,82.11244169913202,82.218834519799,1702300
2018-05-18,82.45616912841797,82.50527254120902,82.29248692306388,82.29248692306388,2642300
2018-05-21,82.51346588134766,82.52165186556796,82.36614938576433,82.41525280293328,2845100
2018-05-22,82.4807357788086,82.52165945959968,82.40708064627705,82.51347347462605,1977000
2018-05-23,82.8572006225586,82.9063102828159,82.71807011399494,82.73443583802982,5102500
2018-05-24,83.06996154785156,83.18454030563302,83.01267216896083,83.04540984890896,2994100
2018-05-25,83.3973388671875,83.40552484885696,83.28276010011315,83.32367752031142,2838400
2018-05-29,84.29763793945312,84.46132017568532,83.6756342024321,83.76566130558291,11256200
2018-05-30,83.93753051757812,84.06848130337116,83.79021400559952,83.94571650270947,4512200
2018-05-31,83.89657592773438,84.0848097938589,83.7574392184246,83.94567932862348,5321700
2018-06-01,83.58663940429688,83.71784249124492,83.455430060943,83.52103473261994,7891000
2018-06-04,83.2913589477539,83.50457083434465,83.2913589477539,83.49636869275245,3131800
2018-06-05,83.50465393066406,83.61945900159486,83.41444905258885,83.51284982401117,4305500
2018-06-06,83.16839599609375,83.30780119515423,83.11919563322634,83.28320101372051,3910500
2018-06-07,83.52104187011719,83.75065198420253,83.14382436034748,83.16842455022714,4400400
2018-06-08,83.40621185302734,83.52921902202104,83.3816116705095,83.43081203554517,7342800
2018-06-11,83.32421112060547,83.34881130370239,83.24220842481417,83.25860646141057,1875800
2018-06-12,83.27500915527344,83.31600737417946,83.19300020465231,83.20940449733834,1664800
2018-06-13,83.1766357421875,83.35704549612818,82.95522775279206,83.29964296136588,3294700
2018-06-14,83.43899536132812,83.4471975057855,83.26678786614191,83.33239250899469,3626400
2018-06-15,83.50465393066406,83.72606192277141,83.48005373780849,83.61945900159486,5826500
2018-06-18,83.54562377929688,83.6276327361598,83.48002537277355,83.61122844222521,4600500
2018-06-19,83.76701354980469,83.87361640370422,83.71780693874067,83.7916137271351,4172800
2018-06-20,83.49639892578125,83.75060909957757,83.48819678121916,83.73421106685656,3059000
2018-06-21,83.71780395507812,83.78340859655658,83.62760539354896,83.62760539354896,2680500
2018-06-22,83.7342529296875,83.77525741659493,83.60304357670876,83.6112457253715,2309500
2018-06-25,83.8490219116211,83.97202906301666,83.8162195874887,83.8244217326227,8110800
2018-06-26,83.89004516601562,83.93924553502963,83.81623835608961,83.86543872510362,3873200
2018-06-27,84.2098617553711,84.24266408750238,84.03765420398567,84.10325261184312,3044200
2018-06-28,84.12786102294922,84.22626802896542,84.0622626086775,84.20166784156281,3705600
2018-06-29,84.0622329711914,84.2016381549272,84.05403082614708,84.11963547369459,2721200
2018-07-02,84.00472259521484,84.16903250384051,83.98007673572312,84.14438664434878,3911500
2018-07-03,84.2183837890625,84.2183837890625,84.0294216333378,84.03763901437588,1463800
2018-07-05,84.22655487060547,84.32514459212882,84.1772631438549,84.19369789811991,1682300
2018-07-06,84.30046844482422,84.38262338256939,84.22652461323959,84.32511429934577,3206500
2018-07-09,84.08692169189453,84.16086557720861,84.07049319961614,84.10335645219746,2258800
2018-07-10,84.02117156982422,84.09511543435394,83.97187983881956,84.00474308216359,4461100
2018-07-11,84.19371032714844,84.21835619416204,84.06225734571166,84.17727557045727,2198700
2018-07-12,84.16082000732422,84.19368324211135,84.07044767866493,84.08687616204793,1385900
2018-07-13,84.30046844482422,84.32511429934577,84.1936676525575,84.25117673578112,2891800
2018-07-16,84.16082000732422,84.19368324211135,84.01293858479275,84.11973939683504,1782600
2018-07-17,84.11151885986328,84.21010856051922,84.08687300170452,84.21010856051922,1034700
2018-07-18,84.04582977294922,84.16905910936018,84.0211776376438,84.15263062051312,1355300
2018-07-19,84.27584838867188,84.34978597487017,84.08688633279527,84.10332108618726,4201700
2018-07-20,83.98008728027344,84.17726044898556,83.94722404081774,84.17726044898556,3362700
2018-07-23,83.56929779052734,83.88970650799224,83.55286303844015,83.88148913194865,5285700
2018-07-24,83.6268081665039,83.66788251130764,83.49535521988037,83.5528643170228,3293800
2018-07-25,83.56929779052734,83.78290569151108,83.52000607030855,83.7253965952487,2403800
2018-07-26,83.47892761230469,83.69253551880063,83.46249285979339,83.65145490554394,2598200
2018-07-27,83.61035919189453,83.66786827925456,83.53642162301182,83.66786827925456,1435100
2018-07-30,83.50359344482422,83.60218317940729,83.43786695510218,83.4460843333232,3832700
2018-07-31,83.61860656738281,83.65968718795908,83.56109745938964,83.63504132282239,3053600
2018-08-01,83.42106628417969,83.47869491892483,83.29759429648468,83.35521665086421,5366800
2018-08-02,83.51982879638672,83.53629591077869,83.40458411709886,83.47867357113476,3370800
2018-08-03,83.73383331298828,83.75852769713194,83.57742717292885,83.58566072776412,2174800
2018-08-06,83.77497863769531,83.92315120542926,83.76675136419335,83.79144574542211,3867200
2018-08-07,83.60211944580078,83.72559764376298,83.5856586169081,83.72559764376298,2181400
2018-08-08,83.67623901367188,83.72562779849987,83.6186166712511,83.62684394847957,2777900
2018-08-09,83.90670013427734,83.90670013427734,83.79145548823551,83.80791631751484,4318000
2018-08-10,84.26891326904297,84.37592437561304,84.10427355082392,84.128967938466,4327800
2018-08-13,84.24420166015625,84.34298547825851,84.15365767734866,84.21950727572124,1764700
2018-08-14,84.16189575195312,84.23598519512788,84.12074053273432,84.2277516391389,2487600
2018-08-15,84.36767578125,84.52408191558825,84.31828701476927,84.34298139800964,4810700
2018-08-16,84.34300231933594,84.39239109806758,84.1948297027775,84.38416382185466,2594400
2018-08-17,84.37593841552734,84.49118309727552,84.2936216829021,84.41709992202203,3043400
2018-08-20,84.63936614990234,84.67229410307974,84.52412145396394,84.54058229037018,2901100
2018-08-21,84.52409362792969,84.56525512594195,84.46647129893023,84.56525512594195,2516700
2018-08-22,84.68050384521484,84.75458700875453,84.59818084524213,84.75458700875453,2396500
2018-08-23,84.67225646972656,84.74633962117508,84.64756208591038,84.71341796299492,871000
2018-08-24,84.69692993164062,84.71339703702509,84.49113507685864,84.52406300726703,1296600
2018-08-27,84.50763702392578,84.6064145755154,84.49116991175208,84.58172018761799,1851900
2018-08-28,84.31830596923828,84.39238913561302,84.28537802406171,84.35946747079983,1506300
2018-08-29,84.29364013671875,84.3512624902077,84.21132338607248,84.34302893103342,1420400
2018-08-30,84.45002746582031,84.5241169265922,84.38417784335755,84.40887223682665,2780900
2018-08-31,84.46646118164062,84.647561702622,84.45822762695181,84.63932814793318,2132200
2018-09-04,84.27346801757812,84.39719464007293,84.23223000541147,84.34770650827397,3419500
2018-09-05,84.26520538330078,84.3229436218451,84.17447296658885,84.25695526550987,1332300
2018-09-06,84.43842315673828,84.50440522246691,84.3064464392885,84.31469655737817,1656700
2018-09-07,84.05899047851562,84.16621683014569,84.0259963027074,84.1414727715384,4405000
2018-09-10,84.10848999023438,84.14148417051246,84.04250162967823,84.04250162967823,3110800
2018-09-11,83.80325317382812,83.96822398590824,83.80325317382812,83.94347364435146,3360500
2018-09-12,83.90226745605469,83.97649962987644,83.90226745605469,83.93526163097394,1398800
2018-09-13,83.89405059814453,84.01777722989321,83.87755665064373,84.01777722989321,1281600
2018-09-14,83.73735046386719,83.81983910074192,83.68786231614192,83.72910663457928,3749900
2018-09-17,83.75379943847656,83.78679361442914,83.62182273466622,83.64657308637736,3808400
2018-09-18,83.40736389160156,83.6548107535402,83.38261354171206,83.64656692990552,4972900
2018-09-19,83.26718139648438,83.3661639697364,83.14346104616745,83.35791384871578,5515900
2018-09-20,83.27539825439453,83.357880552659,83.14342783577058,83.16817189595032,2973500
2018-09-21,83.30841064453125,83.35789877570944,83.22592832823514,83.22592832823514,1024100
2018-09-24,83.21769714355469,83.31667972143032,83.17645282952348,83.18470295092948,2389800
2018-09-25,83.13516235351562,83.15165629292181,83.04442995429451,83.11866212111461,2878300
2018-09-26,83.40736389160156,83.42385783186607,83.1764046769323,83.2176489670863,2502900
2018-09-27,83.40736389160156,83.43210794849591,83.30013125439919,83.34962566118303,6342800
2018-09-28,83.4486083984375,83.55584104400491,83.4156142223395,83.5475909267315,3931000
2018-10-01,83.23704528808594,83.38581595326308,83.23704528808594,83.33622783344138,6408000
2018-10-02,83.45194244384766,83.50979735553364,83.36102668181076,83.36102668181076,2915000
2018-10-03,82.83206176757812,83.30316782778665,82.7246124325946,83.29490103916204,6612700
2018-10-04,82.61714935302734,82.75765319698624,82.55102767150176,82.63368292626404,6427500
2018-10-05,82.4188003540039,82.5758377897574,82.31961781999463,82.50144931282261,5676600
2018-10-08,82.45185852050781,82.53450747664196,82.43532494585429,82.50144663304607,1947800
2018-10-09,82.60889434814453,82.60889434814453,82.45186321426367,82.47665727194425,3066300
2018-10-10,82.65023040771484,82.67502446792321,82.37748313399847,82.41054398284702,3001900
2018-10-11,82.98908996582031,83.10479977080938,82.72460320503222,82.83205252803025,5821500
2018-10-12,82.88990783691406,83.08826660276618,82.84858020391044,82.88990783691406,2647900
2018-10-15,82.93951416015625,83.01390265475142,82.86513197127394,82.9725750126749,1860000
2018-10-16,82.93123626708984,82.9395030555409,82.81552645162319,82.87338135935651,2703900
2018-10-17,82.6915283203125,82.99733002723958,82.6915283203125,82.91468108768387,3336200
2018-10-18,82.8403091430664,82.98081298819784,82.60888325579559,82.65021088352161,2587700
2018-10-19,82.7411117553711,82.84855474016152,82.67499008517258,82.83202747546666,5531900
2018-10-22,82.7576904296875,82.8651397869357,82.74942994506337,82.83207893129882,1690100
2018-10-23,82.97254943847656,83.3031515560504,82.93122180913824,83.18744176075619,4420100
2018-10-24,83.41883850097656,83.44363254950352,83.14609135576164,83.20394623756094,4881200
2018-10-25,83.22052764892578,83.32797068954594,83.14613915487121,83.27011577448695,3559900
2018-10-26,83.59239959716797,83.72464292464248,83.50975067035085,83.5345447178251,4220800
2018-10-29,83.58421325683594,83.67512905554764,83.35279351673887,83.48503697148861,3766900
2018-10-30,83.40234375,83.52631404096223,83.36928290383953,83.42713780819246,5746600
2018-10-31,83.19573211669922,83.26184751437542,83.10481635096767,83.15440447565298,3956700
2018-11-01,83.26693725585938,83.3000691942244,83.10128388330531,83.12613125726132,4834300
2018-11-02,82.80314636230469,83.09304307657251,82.77001440649202,83.06819568953162,5250900
2018-11-05,82.85279846191406,82.99360446213802,82.85279846191406,82.96047884266159,2446700
2018-11-06,82.76168060302734,82.91077115585358,82.7534023584547,82.91077115585358,2456700
2018-11-07,82.76168060302734,82.96875046421542,82.7534023584547,82.90248659201028,3297600
2018-11-08,82.6457290649414,82.84451437931222,82.62088169055396,82.82795156947765,2188900
2018-11-09,82.96878051757812,83.0101970325261,82.76171058138414,82.76999514822833,2772700
2018-11-12,83.21727752685547,83.25040947916285,83.1013188534165,83.14272905434541,3704900
2018-11-13,83.28352355957031,83.30837093865038,83.11786383358249,83.17584315786013,3265000
2018-11-14,83.45745086669922,83.62310425224446,83.15098515224177,83.18411709320513,4626400
2018-11-15,83.51542663574219,83.70592738909937,83.41603081707453,83.66451720410801,2621300
2018-11-16,83.77216339111328,83.80529531964376,83.63964199626058,83.70589953405232,7226700
2018-11-19,83.89643096923828,83.921278343053,83.70592390454031,83.70592390454031,3447800
2018-11-20,83.87987518310547,84.00411839121324,83.84674955893067,83.92129169223209,3658600
2018-11-21,83.8632583618164,83.8632583618164,83.71416787195801,83.80527907794192,1897000
2018-11-23,83.91300964355469,84.04553742131742,83.91300964355469,84.03725285538918,531200
2018-11-26,83.84672546386719,83.84672546386719,83.7638924694177,83.81359352994144,2345600
2018-11-27,83.92955780029297,83.9875371087563,83.81359918336632,83.82187742795345,2334400
2018-11-28,83.92133331298828,84.037292012926,83.7970900432621,83.86335396301943,3582500
2018-11-29,84.13666534423828,84.26090858066772,84.03726949124002,84.144943592533,4313000
2018-11-30,84.30231475830078,84.33544670771963,84.20292522931743,84.26090456098213,3069700
2018-12-03,84.48654174804688,84.48654174804688,84.17114088817574,84.19604012284182,6008500
2018-12-04,84.87667083740234,85.04267000413249,84.61106837115673,84.63596761292003,7748800
2018-12-06,85.09248352050781,85.46599121032976,85.07588613388754,85.20038869716151,9429900
2018-12-07,85.34146881103516,85.37466990902215,84.95966568287774,85.06756450198898,7319100
2018-12-10,85.39127349853516,85.52407790013612,85.25017357118094,85.35807239813492,9045700
2018-12-11,85.17544555664062,85.36634390048145,85.07584229085836,85.1920429347076,5290100
2018-12-12,84.94305419921875,85.07585857902112,84.91815496112115,85.03435562721754,3727200
2018-12-13,84.99288940429688,85.07588900512623,84.94308457782836,85.04268789830176,4116000
2018-12-14,85.12567901611328,85.2584834301768,85.0924779125974,85.133980875108,3530000
2018-12-17,85.37467193603516,85.43277227577634,85.2003709168116,85.20867277462092,7627000
2018-12-18,85.58513641357422,85.62671916361859,85.4021545456848,85.46037547223096,4461400
2018-12-19,85.8845443725586,86.0675262068662,85.48531070265074,85.67661162368249,7710900
2018-12-20,85.77640533447266,86.05919713986286,85.74313533703832,86.04255896834411,9245200
2018-12-21,85.85128021240234,85.8595992996925,85.71820019817729,85.83464203782205,4918800
2018-12-24,86.06748962402344,86.07580236161036,85.88450786749192,85.9843114833446,6373000
2018-12-26,85.65997314453125,86.18396773101553,85.62670314335735,86.05920681301433,5477700
2018-12-27,85.87620544433594,86.19226086518634,85.85957362033432,86.02591724276033,4602100
2018-12-28,86.34196472167969,86.35028380571651,85.99263933935532,86.01759024586394,4543100
2018-12-31,86.66635131835938,87.04895309034042,86.19226499158596,86.24217315718504,7227500
2019-01-02,86.84931182861328,86.85763091177422,86.64969825195915,86.75782095064656,18668600
2019-01-03,87.53963470458984,87.59785558548623,86.86593503341733,86.88256685127341,10616700
2019-01-04,86.83268737792969,86.99071189779286,86.7245583244635,86.95744825352821,6616700
2019-01-07,86.59149932861328,86.9740947582623,86.5582293331304,86.93250567750799,5459200
2019-01-08,86.37522888183594,86.57484246603268,86.37522888183594,86.49998975155944,6879500
2019-01-09,86.42512512207031,86.4916587438956,86.3086770062748,86.36689789137229,3248700
2019-01-10,86.3835678100586,86.61645143605497,86.3253469035595,86.55823052955589,14413000
2019-01-11,86.6413803100586,86.7162393682907,86.55820851415724,86.61642940584831,3825700
2019-01-14,86.59149932861328,86.74121113548489,86.54159750819035,86.67467114451911,3090100
2019-01-15,86.50833129882812,86.74121493179793,86.47506130188914,86.74121493179793,4148000
2019-01-16,86.45840454101562,86.49999361464796,86.34196274956712,86.40850272913818,4820800
2019-01-17,86.3003921508789,86.45841669256806,86.23385216195578,86.41683395869306,5328100
2019-01-18,86.02595520019531,86.26715800106123,85.95941518362433,86.17566706467743,6617500
2019-01-22,86.3253173828125,86.42512733650867,86.22550742911635,86.26709649622326,5814400
2019-01-23,86.2837142944336,86.37520515072079,86.15064072339749,86.17559162136678,3507300
2019-01-24,86.55818939208984,86.64968025104994,86.48333669599516,86.54987031065714,6030700
2019-01-25,86.35859680175781,86.45008768290751,86.27542500405848,86.40849861125713,2763300
2019-01-28,86.3835678100586,86.48337779788686,86.3253469035595,86.3253469035595,3116100
2019-01-29,86.6330795288086,86.6330795288086,86.4417786607925,86.45009774521115,2836700
2019-01-30,86.83268737792969,86.85763828392905,86.46672383500116,86.54158289860096,5788300
2019-01-31,87.23190307617188,87.27349214442776,87.00733860615237,87.03228950886555,10206500
2019-02-01,86.76519012451172,87.09024652880842,86.75685355136659,87.07357974146029,9191900
2019-02-04,86.5735092163086,86.65685588610758,86.52349612727457,86.65685588610758,7283500
2019-02-05,86.7234878540039,86.83183782898891,86.67347479260025,86.68181136265748,3331100
2019-02-06,86.7901611328125,86.92352081765449,86.74015443046665,86.91518424761692,3489800
2019-02-07,87.07354736328125,87.14022720576324,86.97352759955827,87.03187087199505,6937400
2019-02-08,87.19023895263672,87.29025872214645,87.17356581158168,87.2069057347516,2602700
2019-02-11,87.056884765625,87.13190118723654,86.99021127400874,87.056884765625,2637200
2019-02-12,86.940185546875,87.00686538772224,86.86517549512655,86.99852881788144,3305300
2019-02-13,86.7234878540039,86.82350125893167,86.68181136265748,86.74015463517861,3772100
2019-02-14,87.13189697265625,87.19857681998774,87.02354698994776,87.19024024933624,10568700
2019-02-15,87.04853057861328,87.07353392595053,86.96517760890409,86.97351417766276,6879000
2019-02-19,87.19853973388672,87.26521319392131,87.14019648202049,87.20686994205509,8557400
2019-02-20,87.18193817138672,87.26528483405627,87.11525829767398,87.19861131928629,4751100
2019-02-21,86.92352294921875,86.9651930825489,86.86517967540462,86.93185951946076,4140200
2019-02-22,87.18193817138672,87.28195798195584,87.0652515718608,87.09859150871718,3351000
2019-02-25,87.04853057861328,87.09853727328777,86.98185074642144,87.0401940098546,2849600
2019-02-26,87.30696868896484,87.3403086286257,87.18194550497242,87.30696868896484,2647700
2019-02-27,86.99852752685547,87.16522712649984,86.93185404593724,87.15689055678274,2530600
2019-02-28,86.77349090576172,86.9735240661413,86.7318144161687,86.96518749643478,4949900
2019-03-01,86.48878479003906,86.72260495259036,86.48878479003906,86.63074612142783,9003000
2019-03-04,86.75599670410156,86.80609919737516,86.56393289913898,86.62238793166507,3506600
2019-03-05,86.80608367919922,86.81443621695854,86.59731483305288,86.65576985512907,2112200
2019-03-06,87.04827117919922,87.09002750401122,86.83950229738055,86.83950229738055,2401600
2019-03-07,87.34056854248047,87.40737613071465,87.2069597371344,87.21531227844424,4822900
2019-03-08,87.46576690673828,87.54092698105377,87.3321581995695,87.42401697311199,5212000
2019-03-11,87.39897155761719,87.45742656547993,87.32381147829764,87.45742656547993,4654100
2019-03-12,87.64117431640625,87.68293064135041,87.43240543392685,87.46580921965803,4942800
2019-03-13,87.60774993896484,87.6328011777731,87.51589114925542,87.54928855358729,1715000
2019-03-14,87.48249816894531,87.60776074956244,87.39063936790072,87.56600443231689,2514700
2019-03-15,87.758056640625,87.82486419096954,87.65785168622686,87.74971047517093,7846600
2019-03-18,87.64117431640625,87.74973821281277,87.63282814831396,87.67457810213743,4166200
2019-03-19,87.58269500732422,87.6745537998427,87.47413751212915,87.49918875170349,2138000
2019-03-20,88.19231414794922,88.21736539075307,87.69127017851295,87.70796888334228,8061700
2019-03-21,88.15057373046875,88.30924012500759,88.08377252798161,88.29254141716602,4633500
2019-03-22,88.8019027709961,88.94387041153193,88.55138400810466,88.59313394969382,4721900
2019-03-25,89.02734375,89.23611249411479,88.7267162487854,88.80186993853081,7828800
2019-03-26,88.95218658447266,89.09415417714018,88.80187282897275,88.84362912760142,7483700
2019-03-27,89.21110534667969,89.41987419395483,89.14429778648294,89.1944002710707,3555900
2019-03-28,89.21945190429688,89.27791329806489,89.069144449875,89.18605449517176,3769600
2019-03-29,89.0774917602539,89.08584429820223,88.8854279852803,88.91047922800558,2748900
2019-04-01,88.4649429321289,88.80802158534232,88.43147075403111,88.78291904781025,9430400
2019-04-02,88.61557006835938,88.6323029663693,88.49842062979316,88.5486257079885,7318600
2019-04-03,88.3394546508789,88.43987122017235,88.29761281763145,88.3394546508789,5207300
2019-04-04,88.43147277832031,88.46494495718433,88.32269298513626,88.38126770210695,2293700
2019-04-05,88.47332000732422,88.53189472787625,88.35616418205441,88.36453382332348,1749900
2019-04-08,88.33109283447266,88.49845379812503,88.33109283447266,88.45661196116994,3591500
2019-04-09,88.4900131225586,88.59879287348863,88.46491059420265,88.54858781677675,3210600
2019-04-10,88.69927978515625,88.75785452587407,88.6239721403053,88.6323354002879,2059800
2019-04-11,88.49845123291016,88.5904981642089,88.4649790411499,88.55702597244864,1547500
2019-04-12,88.08837890625,88.23900050396247,88.08837890625,88.18879543277988,6032100
2019-04-15,88.20555114746094,88.21391440477319,88.10513460222101,88.10513460222101,2410700
2019-04-16,87.90431213378906,88.07166666642458,87.88757285002579,88.02146158346716,5003600
2019-04-17,87.9210205078125,88.01306739033541,87.86244579931287,87.86244579931287,2348800
2019-04-18,88.13024139404297,88.24739084372477,88.10513885256347,88.13861103592487,4893200
2019-04-22,88.00473022460938,88.08840749846235,87.96289477976627,88.08004423999378,3630000
2019-04-23,88.16373443603516,88.18883698345365,88.09679005347401,88.13026224475458,2462100
2019-04-24,88.49845123291016,88.50681449272437,88.39803465762941,88.41477394559342,3266700
2019-04-25,88.38961791992188,88.52350661562738,88.3561457459955,88.47330154682001,1457600
2019-04-26,88.62394714355469,88.69088512537498,88.57373567698183,88.67415222596144,2156100
2019-04-29,88.43986511230469,88.50680310304332,88.37292073739906,88.46496765685255,2715000
2019-04-30,88.61557006835938,88.64067260745705,88.38127119122693,88.3896344481491,3621900
2019-05-01,88.5753402709961,88.96941939151947,88.4998815782863,88.62564606613596,6870700
2019-05-02,88.32377624511719,88.51662573951309,88.26508403325258,88.48308641888026,3126200
2019-05-03,88.441162109375,88.55854652652573,88.39923636169075,88.4243892515129,2625200
2019-05-06,88.66752624511719,88.81006352272078,88.65075978768074,88.77652421087824,3370100
2019-05-07,88.96941375732422,89.03649241124475,88.84364288046638,88.88556863840984,3965800
2019-05-08,88.80172729492188,89.08680199074531,88.75980153519593,89.05326266235912,4226600
2019-05-09,89.03649139404297,89.23772095653305,88.91910694950938,89.12872294288685,4224100
2019-05-10,88.97779846191406,89.2293338137768,88.91910624011552,89.0784100438702,2855400
2019-05-13,89.42215728759766,89.49761595207983,89.31315290960715,89.35507865452205,5653400
2019-05-14,89.33834838867188,89.39704061714858,89.24611683006947,89.35511485524816,2573200
2019-05-15,89.6233901977539,89.69046883338017,89.49761935519737,89.66531594426301,5512300
2019-05-16,89.44734954833984,89.48088887964086,89.33835151934156,89.42219664910742,3898400
2019-05-17,89.48926544189453,89.64018921761698,89.39703389023234,89.64018921761698,2128400
2019-05-20,89.33834838867188,89.58149733738026,89.32157552512246,89.50603864232727,2439600
2019-05-21,89.23771667480469,89.3131753582532,89.16225159438403,89.27964243025752,2675300
2019-05-22,89.50603485107422,89.54796061119876,89.35511107038786,89.38026396767344,3561900
2019-05-23,90.05107116699219,90.1852221346248,89.72407058697961,89.72407058697961,6184500
2019-05-24,90.02588653564453,90.02588653564453,89.90850208146605,89.99234720631168,2422800
2019-05-28,90.41996765136719,90.41996765136719,90.16004582113804,90.23551091838192,7039000
2019-05-29,90.38641357421875,90.75533335087133,90.36964071343286,90.62956248286545,5251800
2019-05-30,90.71341705322266,90.75533641265746,90.31933797209632,90.4367224136694,3461100
2019-05-31,91.31710815429688,91.35064108159864,90.96494844790827,91.02364066614436,6020600
2019-06-03,91.75650024414062,91.8573089959851,91.37844819619795,91.4708604917278,23830900
2019-06-04,91.42042541503906,91.56324203853053,91.23560088604704,91.3700210560436,5503200
2019-06-05,91.42042541503906,91.68085648252428,91.3700210560436,91.5380398590328,7712300
2019-06-06,91.40364074707031,91.65566899194468,91.34483351564889,91.4960530263765,2392400
2019-06-07,91.76488494873047,91.92450091073076,91.68927199030307,91.90770159191764,2805900
2019-06-10,91.31124114990234,91.47085713763944,91.30283828438722,91.45405781611758,6071200
2019-06-11,91.31124114990234,91.3784448454982,91.2188288577611,91.25243391031323,2735800
2019-06-12,91.54646301269531,91.5632623329151,91.37004130760201,91.37843776295794,2062800
2019-06-13,91.77328491210938,91.84889787342765,91.61366894400658,91.63046826346195,1684700
2019-06-14,91.84053039550781,91.89093478280262,91.69771369183249,91.70611655955165,3880700
2019-06-17,91.82369232177734,91.89089600664174,91.71447431604636,91.82369232177734,3038800
2019-06-18,92.00013732910156,92.24376917581536,91.91612789459899,92.20176125380956,4564900
2019-06-19,92.25212860107422,92.32774154843055,91.7480657868889,91.80687300838542,4541500
2019-06-20,92.40338134765625,92.64701318426954,92.3865820252558,92.44538926792048,4575000
2019-06-21,92.0253677368164,92.21858885447004,91.94975473592208,92.18499019797365,4305200
2019-06-24,92.34457397460938,92.36137970649483,92.16815224686444,92.1933544351839,3046300
2019-06-25,92.48737335205078,92.60499422472654,92.36975888888254,92.43696898483797,5251000
2019-06-26,92.10931396484375,92.36974503572847,92.07570892190596,92.36974503572847,6675000
2019-06-27,92.38654327392578,92.43694762949387,92.14291153950327,92.2185180728554,2538400
2019-06-28,92.42858123779297,92.50419421048673,92.25215951418564,92.302570299151,4341500
2019-07-01,92.31244659423828,92.46393048692359,92.1525451462056,92.42184913090021,8183600
2019-07-02,92.640625,92.69953502335082,92.39656735448635,92.41339603799616,3117100
2019-07-03,92.8173828125,92.90995665125106,92.74163766228871,92.75005521691506,2607000
2019-07-05,92.22827911376953,92.27877802252937,92.01788518595743,92.27877802252937,3664100
2019-07-08,92.13573455810547,92.42186728899779,92.13573455810547,92.36295723141909,3254100
2019-07-09,92.07683563232422,92.15257439234709,92.01791914690799,92.14415683432827,2061800
2019-07-10,92.12727355957031,92.253511172203,92.01786463228986,92.16093735098647,4343700
2019-07-11,91.67284393310547,92.0683855509626,91.6307625785922,92.00947550707195,4769800
2019-07-12,91.77384185791016,91.87482684278228,91.6391866504624,91.66443289668044,4141900
2019-07-15,91.96736907958984,91.96736907958984,91.79063899609964,91.84954902392971,1753200
2019-07-16,91.76541900634766,91.79908280626681,91.5886888723071,91.67284516174833,2766100
2019-07-17,92.19461059570312,92.20302172888584,91.916889103577,91.92530665747208,2624400
2019-07-18,92.42182159423828,92.48073162269097,92.06836142352222,92.09360766132886,2386700
2019-07-19,92.2535400390625,92.34611388924611,92.16096618887889,92.22828737206486,1728100
2019-07-22,92.2956314086914,92.40504038968645,92.26196760074792,92.39662283252187,1629800
2019-07-23,92.14409637451172,92.2871690840933,92.08518634846445,92.19459526877456,2329800
2019-07-24,92.27876281738281,92.36291909049827,92.20301767708047,92.27034526385765,2268500
2019-07-25,92.11885070800781,92.17776073441976,91.9252919443877,92.16934318187197,3172000
2019-07-26,92.10203552246094,92.16094555750698,92.00104413921962,92.15252800372546,3004100
2019-07-29,92.18621826171875,92.28720967395132,92.16938314932294,92.2535458698738,2505600
2019-07-30,92.22827911376953,92.29560671164054,92.1104590278518,92.26194291270504,2514800
2019-07-31,92.4638900756836,92.56487501286281,92.05993106483477,92.20299733964576,6669300
2019-08-01,93.51271057128906,93.51271057128906,92.56005002450219,92.60219938925628,16938700
2019-08-02,93.70661926269531,93.74876862791311,93.44526489722988,93.52957649180868,8503000
2019-08-05,94.51594543457031,94.59181813919142,94.22087419648169,94.27145599956243,7626200
2019-08-06,94.66768646240234,94.67611890597614,94.24615433269109,94.32202702864559,6462400
2019-08-07,94.66768646240234,95.4938858346773,94.5665164357265,95.32527555562073,9665300
2019-08-08,94.67613983154297,94.76887743514214,94.13657910082304,94.41478547954928,5178800
2019-08-09,94.53285217285156,94.92909365154681,94.47383789509315,94.74361836942785,2869000
2019-08-12,95.13137817382812,95.24941310034198,94.85317182668062,94.87846272805126,4739900
2019-08-13,94.79415893554688,95.17353532567466,94.54966949868228,95.14824442394223,5888000
2019-08-14,95.42645263671875,95.5107577824793,95.26626835732446,95.34214105888786,8124300
2019-08-15,96.03346252441406,96.25265462279066,95.5023278711027,95.55290967348644,5240200
2019-08-16,95.78052520751953,95.83110700174896,95.40957489765181,95.69622007311399,4957800
2019-08-19,95.32526397705078,95.48544822514681,95.27468218589163,95.29997308147121,3691400
2019-08-20,95.74681854248047,95.82269767910908,95.65408094886249,95.70466275190118,3161800
2019-08-21,95.493896484375,95.74681836323612,95.443314681431,95.493896484375,4921700
2019-08-22,95.2831039428711,95.57818153031114,95.26624549059363,95.30840126939044,5860400
2019-08-23,95.92386627197266,96.05875966318263,95.2747095149697,95.37587312630626,8192600
2019-08-26,95.83112335205078,96.05032188455947,95.75525064776156,95.88171158698081,7581600
2019-08-27,96.24420928955078,96.26950018566554,95.94913168269399,95.94913168269399,3266900
2019-08-28,96.27792358398438,96.43810783112382,96.21048334019794,96.40438449319609,2505400
2019-08-29,96.09248352050781,96.19364713238079,95.84799407169653,96.19364713238079,4232400
2019-08-30,96.11775970458984,96.15148304740697,95.89012874859176,95.92385209140889,3651100
2019-09-03,96.32887268066406,96.64132948405101,96.0164158772771,96.16842101908604,11754000
2019-09-04,96.48090362548828,96.52312979281979,96.22755950711631,96.22755950711631,3447000
2019-09-05,95.7040023803711,95.94890000554993,95.49288440447306,95.92356043648233,4597800
2019-09-06,95.76311492919922,95.87289395699496,95.65332945859419,95.71244223399331,3111000
2019-09-09,95.17195892333984,95.37463677210036,95.1635188450807,95.30707748918019,4818700
2019-09-10,94.47948455810547,95.11283828672664,94.47948455810547,95.02839241147194,4797200
2019-09-11,94.38656616210938,94.55546430890023,94.36967956883305,94.3950126801503,4737000
2019-09-12,94.17548370361328,94.71595153365627,94.0319250569932,94.66527884917251,8612500
2019-09-13,93.31411743164062,93.91369153068894,93.31411743164062,93.82079913365818,24187700
2019-09-16,93.71946716308594,93.82079963835011,93.52523584748388,93.65190788437154,5388300
2019-09-17,93.96439361572266,94.05728604819213,93.68572276112411,93.77016866987549,8211700
2019-09-18,93.9981460571289,94.41194184300146,93.90525365155,94.21771051057067,5170400
2019-09-19,94.04037475585938,94.23459965071815,94.00659511266477,94.22615957202562,7131900
2019-09-20,94.58084106445312,94.59772766552176,94.14171856577534,94.19238481178971,9915000
2019-09-23,94.71591186523438,94.98614244567534,94.6314595740673,94.69901882987887,13163900
2019-09-24,95.18878936767578,95.27323519438903,94.75810727579349,94.7665537913059,10459100
2019-09-25,94.56396484375,95.16353911103376,94.49640554644245,95.07908676799472,8430900
2019-09-26,94.76661682128906,94.943955108177,94.71595058012332,94.79194994187192,4233000
2019-09-27,94.90168762207031,94.99457998563106,94.74124244730588,94.77502207431026,4545500
2019-09-30,94.97771453857422,95.011494173099,94.72437050104156,94.75815013556635,2797900
2019-10-01,95.24077606201172,95.45221548911812,94.56416731422358,94.59799839687491,8555100
2019-10-02,95.57060241699219,95.72283903292929,95.3253319550592,95.34225071939554,3908600
2019-10-03,96.06958770751953,96.31485814759104,95.68899942790843,95.70591819073675,6128300
2019-10-04,96.25566101074219,96.32332316077671,96.00193762703938,96.06114039516515,4707600
2019-10-07,95.93431854248047,96.14575801679145,95.90894683798247,96.04426474617874,3193100
2019-10-08,96.13724517822266,96.30640053519248,95.97655565487267,96.26411008279575,4304900
2019-10-09,95.8919677734375,96.03575142955512,95.7397311895492,96.03575142955512,3336800
2019-10-10,95.29149627685547,95.6382599502054,95.1984624353527,95.62134118668617,3924400
2019-10-11,94.64027404785156,94.87708513671998,94.48803742606214,94.83479467687138,8685300
2019-10-14,94.90245056152344,94.97011271176358,94.8601665570867,94.9362816366435,1932200
2019-10-15,94.44573974609375,94.92782126947012,94.42036805317147,94.86016557254996,6638500
2019-10-16,94.6318588256836,94.74180503893126,94.51345322599495,94.58956834609997,2755500
2019-10-17,94.5979995727539,94.80097961856576,94.48805339223485,94.55571555837857,3188700
2019-10-18,94.68258666992188,94.82637040529029,94.61493094738282,94.6572149673922,2406400
2019-10-21,94.33582305908203,94.54726250296935,94.3104513582347,94.43731631509105,1735300
2019-10-22,94.5556869506836,94.59797095226595,94.30195713071991,94.56413987942965,3334400
2019-10-23,94.58952331542969,94.78405039523724,94.54723930859721,94.7417599357866,3305600
2019-10-24,94.57259368896484,94.78403304227166,94.53876261812172,94.63179644978608,2645400
2019-10-25,94.36962127685547,94.65717572313373,94.23429698264158,94.64026341266575,2381000
2019-10-28,94.01438903808594,94.06513241366294,93.92135521445047,94.03976072587444,5837600
2019-10-29,94.09898376464844,94.17509884442059,94.00594992095951,94.13281483986422,2199500
2019-10-30,94.5556869506836,94.56413987942965,94.14126114790176,94.17509222073807,5276700
2019-10-31,95.15617370605469,95.21537647019649,94.78403835852492,94.81786943126556,5540700
2019-11-01,94.97664642333984,95.22228376473954,94.76489076305768,95.01900014030423,8149400
2019-11-04,94.49382019042969,94.60393724214359,94.443000912573,94.55311150201861,4145200
2019-11-05,93.9855728149414,94.16344668307069,93.89239986559761,94.12956502310331,6853500
2019-11-06,94.25660705566406,94.3497799925757,94.0025043332128,94.18037817760819,4129800
2019-11-07,93.50279998779297,93.77384689083435,93.15552417245928,93.77384689083435,5890100
2019-11-08,93.37574005126953,93.71455027645419,93.37574005126953,93.41809375276794,3037300
2019-11-11,93.47742462158203,93.61294489165397,93.37577957232537,93.58753524490737,1563000
2019-11-12,93.51974487304688,93.59597378600658,93.32492688059213,93.46891913547243,4446200
2019-11-13,93.77381896972656,93.90087358131787,93.70605564857573,93.86699192074245,2475200
2019-11-14,94.24819946289062,94.35831653394408,94.1380888541066,94.18044256793785,3189600
2019-11-15,94.1719741821289,94.26514718635279,94.08727321345346,94.09573878673223,2104500
2019-11-18,94.33287811279297,94.4345166553504,94.29899644451801,94.32440608015736,1893600
2019-11-19,94.51074981689453,94.54463148437807,94.34981351191459,94.34981351191459,8306500
2019-11-20,94.85802459716797,94.88343423194526,94.6293314219051,94.69709475615605,3838000
2019-11-21,94.6208724975586,94.72251751301607,94.50228987732561,94.62934453108042,3034700
2019-11-22,94.60389709472656,94.70553560730723,94.52766174802551,94.67165394902516,1879700
2019-11-25,94.64627838134766,94.68016005182277,94.59545910676893,94.61239671087255,3573100
2019-11-26,94.82417297363281,94.85805465149318,94.73947201011656,94.79029775804175,3579300
2019-11-27,94.5785140991211,94.67168060779979,94.53616039877566,94.62933336972172,2351800
2019-11-29,94.50225830078125,94.55307756039541,94.39214775086192,94.54461199197037,2882300
2019-12-02,94.16294860839844,94.25625535211614,93.99329704184555,94.0441957475842,6826400
2019-12-03,95.00277709960938,95.14697619024913,94.63803403581134,94.64651823865799,6561900
2019-12-04,94.63798522949219,94.8839752127788,94.48530201474696,94.80763036963255,2072200
2019-12-05,94.41744995117188,94.51075672819341,94.27325092179237,94.28173512103466,3062000
2019-12-06,94.12907409667969,94.31568769474335,94.01032116546634,94.05272922858575,2717400
2019-12-09,94.20539855957031,94.34111987319679,94.18843663114123,94.33263567320802,1928500
2019-12-10,94.09513854980469,94.31568246907402,94.0781766198066,94.28175213752881,1707000
2019-12-11,94.48530578613281,94.55316643351652,94.22235386695534,94.2393157930275,2462600
2019-12-12,93.7388687133789,94.40897812132894,93.56921707567419,94.39200972178433,5490400
2019-12-13,94.29022979736328,94.34960625556117,93.71342714420578,93.99334103482524,4162000
2019-12-16,93.84912109375,94.05269655202368,93.78974464877237,94.05269655202368,3028500
2019-12-17,93.85762786865234,94.00182691663419,93.79825140939225,93.95941238649897,3471400
2019-12-18,93.60314178466797,93.82368566467179,93.50135727970304,93.79823953843055,2249500
2019-12-19,93.67622375488281,93.79514481305675,93.50633838055194,93.54031675156044,1962500
2019-12-20,93.67622375488281,93.69321618074287,93.50633838055194,93.53182053863041,4660500
2019-12-23,93.59125518798828,93.76114051534269,93.51480225418193,93.70168000269767,1809400
2019-12-24,93.752685546875,93.78666392108627,93.47236882016621,93.47236882016621,857600
2019-12-26,93.8885498046875,93.8885498046875,93.6676937132517,93.78662120918581,1285100
2019-12-27,94.02444458007812,94.05842293207196,93.96498408426591,93.96498408426591,1771100
2019-12-30,93.96498107910156,93.96498107910156,93.6421899858375,93.70165047974807,2035400
2019-12-31,93.62520599365234,93.8545517661503,93.6167097855723,93.81208368716588,2801600
2020-01-02,94.05844116210938,94.24531241323216,93.97349202530627,94.02446280352999,4022300
2020-01-03,94.68706512451172,94.70405107071757,94.32180571432184,94.41524462023405,3839600
2020-01-06,94.5851058959961,94.85692633098847,94.50865943648748,94.84843660040553,2714300
2020-01-07,94.44920349121094,94.65306720714682,94.44920349121094,94.56812453223276,2038800
2020-01-08,94.22835540771484,94.64457908687535,94.10943435652612,94.5341542481176,5081100
2020-01-09,94.29627227783203,94.32175442364003,93.9734811490415,94.01595571252716,3680600
2020-01-10,94.50015258789062,94.5596130988299,94.3642391453382,94.3642391453382,2600000
2020-01-13,94.38975524902344,94.40674119393152,94.27083419253223,94.38125903621363,2672600
2020-01-14,94.57660675048828,94.59359917254771,94.42371383621452,94.44069977756376,2376300
2020-01-15,94.81444549560547,94.81444549560547,94.65304990627149,94.75498498596288,2734800
2020-01-16,94.61906433105469,94.72099940297286,94.54261788764782,94.67002862665927,2200500
2020-01-17,94.54264068603516,94.54264068603516,94.36425264698391,94.39823101248365,2627000
2020-01-21,94.91637420654297,94.95035256648018,94.74648888756646,94.75498509772814,2355600
2020-01-22,94.9333724975586,94.98433680026129,94.86541577348173,94.91638007618442,1787600
2020-01-23,95.17121887207031,95.34110420926568,95.12874429741638,95.16272266099749,1891300
2020-01-24,95.51103210449219,95.65543534372462,95.27318995029464,95.29017589814619,7932600
2020-01-27,96.15657043457031,96.16506664607977,96.01216724246235,96.1480807037714,3824600
2020-01-28,95.83377838134766,96.08861286152542,95.79980001860994,96.06312422893961,1923600
2020-01-29,96.29247283935547,96.33494741131514,95.96119191634126,95.96119191634126,2429500
2020-01-30,96.38590240478516,96.69170114737544,96.32644189820978,96.45385912107392,4405500
2020-01-31,96.87007904052734,96.93803575427198,96.57277651878071,96.59825866625772,9764500
2020-02-03,96.7876205444336,96.83014570419915,96.38784640400974,96.63451569255676,5722100
2020-02-04,96.2261962890625,96.32826831353151,96.08159912146009,96.31976068913842,2569600
2020-02-05,95.80943298339844,96.005069447634,95.79242422057754,95.86897338739755,9027500
2020-02-06,95.87743377685547,95.94548177344797,95.74133778367047,95.78386940389431,1697100
2020-02-07,96.3367691040039,96.42182587365299,96.19216545724335,96.26872109251842,6177900
2020-02-10,96.52389526367188,96.64297603582254,96.43033087277986,96.54090402137253,1909100
2020-02-11,96.29423522949219,96.43033124929026,96.23469484318439,96.39630724434075,1657100
2020-02-12,96.04757690429688,96.10711729732671,95.97102775157973,96.09010853763938,1473800
2020-02-13,96.13262176513672,96.23469377885638,96.06458024540561,96.09860424997882,1868000
2020-02-14,96.37081909179688,96.43035949554519,96.29426343588203,96.34529621354706,2043600
2020-02-18,96.52389526367188,96.6684924170812,96.41331562566384,96.49837239299784,8356600
2020-02-19,96.50690460205078,96.54943624126055,96.37081503753014,96.42184781304825,1681800
2020-02-20,96.7876205444336,96.91520900256737,96.6430233202773,96.65152445857927,3452900
2020-02-21,97.17884826660156,97.41700983236196,97.0342511001636,97.04275223507221,5381000
2020-02-24,97.93587493896484,98.06346335964406,97.83380290453815,97.98690771146987,6803600
2020-02-25,98.20808410644531,98.42072936212948,97.88486565399593,97.91038204637113,10014300
2020-02-26,98.15704345703125,98.48876951016611,97.89335894830577,97.99543099904638,19649400
2020-02-27,98.63333129882812,98.95654960932255,98.31011298833369,98.78643607525503,8629700
2020-02-28,99.73912048339844,99.90072644537379,99.31383002345319,99.42440320684868,13437000
2020-03-02,99.67095947265625,100.43739842437796,99.61134791514303,100.10527596149397,19402100
2020-03-03,100.8291244506836,101.58704554919203,99.66243377794146,99.77314558824014,11462300
2020-03-04,100.60771179199219,101.26344539892109,100.53107114808147,100.973898917412,7627100
2020-03-05,101.50192260742188,101.61262795925786,101.27198761115005,101.34011698020646,5284200
2020-03-06,102.53233337402344,103.30728366815032,102.2683337487771,103.02626144998331,11614800
2020-03-09,103.45207977294922,105.09566340824277,103.42652638720784,104.95940467298519,24791700
2020-03-10,101.5530014038086,103.69051293809937,101.5530014038086,102.9411029833856,15072900
2020-03-11,100.53961944580078,102.69416052431136,100.14788529490563,102.42164952815932,13316100
2020-03-12,100.5907211303711,102.84744980324746,97.42277669509029,102.31946339548381,10671600
2020-03-13,99.93497467041016,101.32308288340204,99.64543461197867,100.31819747954903,8697200
2020-03-16,102.57494354248047,102.77081387830273,101.34012943811297,102.21727405672678,6971700
2020-03-17,100.00311279296875,102.43868260376387,99.99459499721787,102.11507783414946,5680300
2020-03-18,98.61499786376953,100.31819294606487,98.22325727732881,99.29627199838349,13256300
2020-03-19,98.9385986328125,100.17341241921378,98.71718146176232,98.90453395286836,6702900
2020-03-20,101.45933532714844,102.08951571816907,99.98607514975943,100.18193895506197,9641600
2020-03-23,102.66007232666016,103.09438233605516,101.7233099601076,101.7233099601076,12234700
2020-03-24,101.96177673339844,102.16615832461255,101.56152484843948,101.78293553176574,5235500
2020-03-25,102.02140808105469,102.41314224731862,101.68076769820674,101.9873433930524,5527600
2020-03-26,102.26834869384766,102.61750681493194,102.11506736908733,102.3535136482796,3384400
2020-03-27,103.02622985839844,103.37538132422281,102.77074810512528,102.88145339971918,5282300
2020-03-30,103.26477813720703,103.9715995587778,103.19664873601214,103.7161240500629,4649400
2020-03-31,103.45207977294922,103.7331020443633,103.3073032424445,103.42652638720784,6356500
2020-04-01,103.87325286865234,104.23987463473473,103.78799335430658,104.12903141168965,9256400
2020-04-02,103.89030456542969,104.20577193115655,103.73683483411448,104.1631389205585,4789400
2020-04-03,103.96703338623047,104.26544491907887,103.86471807287522,104.05229289491808,3441100
2020-04-06,103.49811553955078,103.67716249248951,103.40432811112315,103.61748017484327,4697500
2020-04-07,103.0377197265625,103.0718248417876,102.54320531312705,102.78194111970271,9340600
2020-04-08,102.90979766845703,103.05474599283123,102.70517354065382,102.82453815727933,3341000
2020-04-09,103.13150024414062,103.25939279142808,102.76487841118866,102.85866584554046,4543600
2020-04-13,102.90979766845703,103.1826320071559,102.8842204655921,103.03769018766545,2103100
2020-04-14,103.04625701904297,103.20825470489866,102.995102593988,103.02920120743384,2180100
2020-04-15,103.96703338623047,104.04376499258426,103.57483444236064,103.60893304192885,3137400
2020-04-16,104.07786560058594,104.23133531154673,104.00965539462929,104.11197070356425,1901600
2020-04-17,103.80503845214844,104.27397551938884,103.71125103870037,103.9926132790446,2375000
2020-04-20,104.07786560058594,104.08639350255133,103.83913638462097,104.00113399754717,4230700
2020-04-21,104.3677749633789,104.60650422335296,104.27398753911989,104.50418889555645,3287700
2020-04-22,104.04376220703125,104.2313370240522,103.8561873900103,104.1290217134362,3168700
2020-04-23,104.11198425292969,104.13756145727129,103.9073601133128,103.99261962941283,2345900
2020-04-24,104.13755798339844,104.1460858861892,103.91587804502599,103.92440594781675,2373500
2020-04-27,103.5833511352539,103.91586775745179,103.55777393429764,103.89029055649553,2508100
2020-04-28,104.03522491455078,104.09490721413559,103.7964957162116,103.80502361754736,2847600
2020-04-29,103.9841079711914,104.19726004718308,103.77095589519973,104.04379029227367,2600100
2020-04-30,103.73682403564453,104.2398661878241,103.73682403564453,104.06081927074159,5371500
2020-05-01,103.88023376464844,104.05093890338138,103.76074342340299,103.94851582014162,8357700
2020-05-04,103.89733123779297,103.97414368394557,103.74369983375107,103.85465331543928,3580500
2020-05-05,103.82050323486328,103.85464426742446,103.59005940474547,103.6583349581317,3487600
2020-05-06,103.4364013671875,103.51321378685992,103.1462059210446,103.26569624835801,3279500
2020-05-07,104.06798553466797,104.11066343882607,103.49613808465944,103.53027910563912,3252800
2020-05-08,103.72659301757812,104.11067466120043,103.64978059589443,103.80341195099643,3486800
2020-05-11,103.4364013671875,103.76926820923693,103.35104555190553,103.70952304558023,4569400
2020-05-12,103.77783203125,103.81197306602031,103.36815263747948,103.38521989899635,4267700
2020-05-13,103.99118041992188,104.1192076376647,103.82901868840008,103.90583111200492,2615800
2020-05-14,104.15335845947266,104.30698983286712,104.11068705736805,104.17043222970281,2257600
2020-05-15,104.0850601196289,104.32404728331777,104.00824770081542,104.29843663197889,1828900
2020-05-18,103.4449691772461,103.84611821200775,103.32547880668774,103.83758783677987,3091200
2020-05-19,103.73514556884766,103.75221282788794,103.41934592684966,103.41934592684966,1941700
2020-05-20,103.76073455810547,103.88022488914169,103.51321701189195,103.5900359456922,2366700
2020-05-21,103.82903289794922,103.99973153714414,103.78635498228265,103.86317392813534,2063800
2020-05-22,104.02531433105469,104.02531433105469,103.86315261062329,103.88021986634553,1352400
2020-05-26,103.75215148925781,103.81189662818069,103.60705708212105,103.70094323067583,3484800
2020-05-27,103.8375473022461,103.9911721372198,103.6839159555381,103.69244632743602,2542900
2020-05-28,103.7436752319336,103.79488351722512,103.59004386432389,103.64978903440904,3873900
2020-05-29,104.07655334472656,104.11922474983075,103.81196198144274,103.91438507481736,2993800
2020-06-01,104.0354995727539,104.0354995727539,103.79627961967057,103.90735068235558,8531700
2020-06-02,103.86463928222656,104.00987904977175,103.79628885576221,103.91589884294712,4711800
2020-06-03,103.2494888305664,103.53997485676254,103.16405406459864,103.5228839926161,4226600
2020-06-04,102.83940124511719,103.09570554775203,102.78813516998628,103.087166633776,4744100
2020-06-05,102.3267822265625,102.36095743810756,101.96795228272188,102.18154246618727,10611700
2020-06-08,102.43787384033203,102.53185406136748,102.23282904818943,102.24136796409707,3314700
2020-06-09,102.80526733398438,102.97613693771702,102.73691688518831,102.83944255838242,3238600
2020-06-10,103.57417297363281,103.57417297363281,102.99320731100693,103.04446687827335,4944600
2020-06-11,103.94155883789062,104.10388298993041,103.88174731240706,103.95864318927384,6365800
2020-06-12,103.71085357666016,103.94153463528991,103.65959401618929,103.75357422255615,3051000
2020-06-15,103.62545776367188,104.00991764826145,103.62545776367188,103.94157371468982,2658000
2020-06-16,103.41185760498047,103.60835698738398,103.14700777728126,103.24098149174128,5252000
2020-06-17,103.57417297363281,103.60834167297293,103.35203731838449,103.51436797240322,2308300
2020-06-18,103.80484008789062,103.85609965147488,103.73648965760773,103.81338552123994,1694600
2020-06-19,103.83904266357422,103.8988476762658,103.57419282426252,103.57419282426252,2033200
2020-06-22,103.74502563476562,103.9842456006954,103.69376607585359,103.94153147435378,2284900
2020-06-23,103.71085357666016,103.74502878972588,103.58269815722757,103.64250315052873,2010600
2020-06-24,103.90736389160156,103.94153910613726,103.6254232603738,103.6254232603738,2310700
2020-06-25,103.92445373535156,104.0867843834164,103.89882395265839,104.06115460072323,1650900
2020-06-26,104.2063980102539,104.29183279495827,104.04406735653626,104.06115822443088,3413900
2020-06-29,104.30889892578125,104.35161956979987,104.1636591653261,104.17220459778085,28632400
2020-06-30,104.1209716796875,104.39436692389361,104.05262123907177,104.36019170358574,4126700
2020-07-01,103.9584732055664,104.03543853455298,103.77034298375946,103.9242671175884,8416500
2020-07-02,104.0867919921875,104.10389178192231,103.77039042684254,103.84735579101712,3054100
2020-07-06,103.93285369873047,103.94995348614721,103.71907047321658,103.82168877015592,2821900
2020-07-07,104.26631927490234,104.27487242775257,103.95847101373505,104.00977688254825,2920400
2020-07-08,104.10388946533203,104.21506093064954,103.99272452416155,104.08678967597773,2096700
2020-07-09,104.43733978271484,104.53140488856886,104.12094490315486,104.12949153158243,2769400
2020-07-10,104.23212432861328,104.57417871359826,104.19791823770032,104.5399726226853,1939000
2020-07-13,104.34333038330078,104.36043669757625,104.05258828209084,104.07824122935673,2051100
2020-07-14,104.33473205566406,104.52286227459767,104.31762574986423,104.48010303424219,1721500
2020-07-15,104.30057525634766,104.40318704306037,104.17230399880958,104.18085715575137,2085400
2020-07-16,104.37751770019531,104.53999503583051,104.37751770019531,104.4630362078851,1907100
2020-07-17,104.35184478759766,104.45446306269952,104.30053891211917,104.42881012496026,2405200
2020-07-20,104.42025756835938,104.51432269003799,104.34329223055646,104.49721638201736,2695900
2020-07-21,104.53142547607422,104.56563156895292,104.42881372158321,104.46301981446193,3228400
2020-07-22,104.56561279296875,104.65967790045842,104.53140670623215,104.65967790045842,2431500
2020-07-23,104.66825103759766,104.71100376107327,104.57418591214804,104.69390397651208,2006500
2020-07-24,104.61695861816406,104.69392397375339,104.55709957454856,104.5827590425093,3395600
2020-07-27,104.45446014404297,104.71954919213456,104.42880720702053,104.7024494088345,1976500
2020-07-28,104.70245361328125,104.72810655133382,104.54852946082084,104.58273555293927,1870300
2020-07-29,104.83924865722656,104.83924865722656,104.5912594364093,104.71097747071508,1874200
2020-07-30,104.98464965820312,104.99320281285574,104.89913768411323,104.96754987304331,28331800
2020-07-31,105.01030731201172,105.08726613012239,104.83072368812952,104.8734829365101,4039200
2020-08-03,104.95895385742188,104.96751398266906,104.8049042502848,104.85625194284302,6595900
2020-08-04,105.31839752197266,105.34407136746137,105.0873263831119,105.12156035358427,3842000
2020-08-05,104.9675064086914,105.07876191102733,104.93327243963529,105.05308806660072,2423700
2020-08-06,105.08731842041016,105.31838954176214,105.03597073332344,105.17290007537527,2286500
2020-08-07,104.86480712890625,105.18146645351277,104.8305731589924,105.12155863852907,2363400
2020-08-10,104.7535400390625,105.02740523862435,104.7535400390625,105.0102849908297,1994900
2020-08-11,104.39411926269531,104.44546695998122,104.145927843375,104.37699901062466,7166500
2020-08-12,104.08601379394531,104.20582943342079,103.95763802894655,104.11168764105254,5538100
2020-08-13,103.8720703125,104.16304932474496,103.76936838081522,104.06890751973312,5748400
2020-08-14,103.92340850830078,104.06033787522612,103.91484838241078,103.96620260828784,2722800
2020-08-17,104.09455871582031,104.26572856470933,104.06888487085249,104.14591293521806,3357700
2020-08-18,104.27427673339844,104.34274466939083,104.14590751523991,104.20581532686782,1853600
2020-08-19,104.13733673095703,104.38552807642724,104.11166288995341,104.32562027093175,4493800
2020-08-20,104.4369125366211,104.47970663967143,104.36844458352589,104.45403278962658,2880300
2020-08-21,104.513916015625,104.53958985962672,104.34274617317715,104.50535589113714,2103700
2020-08-24,104.3684310913086,104.59094864537036,104.35131736997886,104.48824672900435,1974900
2020-08-25,104.12022399902344,104.17157168151674,103.88914636888127,104.03463582225307,3562800
2020-08-26,104.07742309570312,104.12877077483421,103.88057944326611,104.01751529356329,3337400
2020-08-27,103.70941925048828,104.29994369593678,103.70941925048828,104.29994369593678,4672900
2020-08-28,103.88055419921875,104.00892989531056,103.7778588659126,103.90623456200441,2277200
2020-08-31,103.99182891845703,104.16299218123517,103.8805669211373,103.89768716509109,3273300
2020-09-01,104.33269500732422,104.33269500732422,103.88734406903994,103.9729877263032,4622900
2020-09-02,104.47833251953125,104.52115763273748,104.22996123816382,104.24709389712427,3013400
2020-09-03,104.61534118652344,104.820887302681,104.5039985340351,104.55538996371942,5750500
2020-09-04,104.03297424316406,104.41837409872942,103.95589035153435,104.34129674129412,7512800
2020-09-08,104.25568389892578,104.41840499082824,104.2299849046499,104.26424369615471,3442700
2020-09-09,104.2042465209961,104.341281626623,104.09291039831935,104.2813304014596,3964300
2020-09-10,104.33269500732422,104.3498211251,104.00724649604695,104.06719770955046,3164200
2020-09-11,104.49543762207031,104.49543762207031,104.34983619608249,104.38409497077414,4905000
2020-09-14,104.4012451171875,104.57253248515107,104.34129388498083,104.50401492428794,1797100
2020-09-15,104.34983825683594,104.4012296869849,104.2813272402928,104.34127846363884,2897600
2020-09-16,104.28987884521484,104.48686515456745,104.19567538809021,104.48686515456745,4015700
2020-09-17,104.32417297363281,104.52972567936557,104.28991418934402,104.52972567936557,3426800
2020-09-18,104.22991943359375,104.38408063143234,104.22991943359375,104.35838818749129,5606900
2020-09-21,104.41836547851562,104.61535182157887,104.40123935634199,104.49544936378173,5838100
2020-09-22,104.41836547851562,104.51257548595537,104.38410669997447,104.41836547851562,3387900
2020-09-23,104.41836547851562,104.4526242570568,104.28133689854485,104.41836547851562,3172000
2020-09-24,104.46975708007812,104.50400932448004,104.40980585108392,104.4611907518807,2866900
2020-09-25,104.555419921875,104.5896787067496,104.4869023521258,104.53828726234015,2187400
2020-09-28,104.53829956054688,104.55543222209727,104.48691464428744,104.52117343319236,4167200
2020-09-29,104.61534118652344,104.67529240932744,104.56394975683912,104.59820853189758,2577100
2020-09-30,104.33269500732422,104.51254864783472,104.19566646254144,104.51254864783472,4276400
2020-10-01,104.3918685913086,104.4690025089988,104.06620875928384,104.1519080268235,8733800
2020-10-02,104.28901672363281,104.49469624311797,104.2118828173046,104.47755900750839,7509700
2020-10-05,103.62911224365234,104.0061967878008,103.62911224365234,103.99762490131553,6132200
2020-10-06,103.86907196044922,104.04047699667079,103.5862650929424,103.65482056899745,8516400
2020-10-07,103.56912231445312,103.7833737079619,103.50913218580801,103.67196533717345,7116700
2020-10-08,103.75767517089844,103.77481240721646,103.64626678874555,103.68911314875776,3499000
2020-10-09,103.70625305175781,103.80908954269526,103.50913888007095,103.67197204196731,4358500
2020-10-12,103.81764221191406,103.81764221191406,103.68909008360467,103.74908020502467,3287900
2020-10-13,104.04906463623047,104.06620187323043,103.92907782349245,103.92907782349245,6583300
2020-10-14,104.08333587646484,104.16904167410557,104.04048951607884,104.10905153881768,5200600
2020-10-15,103.9719467163086,104.21190730182553,103.94623758763686,104.19477006218958,3839200
2020-10-16,103.91194152832031,104.09191194140669,103.8776605155751,103.97193166601576,2726200
2020-10-19,103.74052429199219,103.80907976668306,103.61197215199246,103.71480863324548,3635800
2020-10-20,103.5177001953125,103.68053334057942,103.48341918902297,103.61197132800037,6129700
2020-10-21,103.38059997558594,103.49201490629075,103.32060983537369,103.38917186374051,6425300
2020-10-22,103.0206298828125,103.32915238442698,103.0120579970918,103.29487137997725,6749000
2020-10-23,103.16634368896484,103.26061483892704,102.99494516454337,103.00351705229481,5049900
2020-10-26,103.44055938720703,103.55197428481436,103.34628826081604,103.38914115042392,4817800
2020-10-27,103.6719741821289,103.70625519262708,103.54342202736926,103.58627492510054,3620100
2020-10-28,103.66338348388672,103.8519257381963,103.59482147533177,103.82621661959645,5586600
2020-10-29,103.2262954711914,103.64623281532928,103.15774000995631,103.62908904619638,7504800
2020-10-30,102.89208221435547,103.22631384919848,102.89208221435547,103.18346749560236,7246800
2020-11-02,103.06874084472656,103.26597330629237,103.01728349349538,103.19736786636737,7674300
2020-11-03,102.83719635009766,102.93152719180945,102.76002013919236,102.91437910357762,9203500
2020-11-04,103.70333099365234,103.81480993324921,103.5746974217635,103.70333099365234,14922300
2020-11-05,103.68614959716797,103.78047387417337,103.56608683741725,103.74617770575675,6250700
2020-11-06,103.33460998535156,103.41178622166723,103.21455370047597,103.36033539745678,10402200
2020-11-09,102.57136535644531,102.58851344583081,102.21119659617361,102.55421072448468,11195800
2020-11-10,102.27979278564453,102.47703179251373,102.22834197627647,102.23691929202946,4810500
2020-11-11,102.4427490234375,102.48562906797868,102.27124193042522,102.28839002269595,1699900
2020-11-12,103.02587890625,103.03445622339099,102.71716091493417,102.75146364092215,6324000
2020-11-13,102.88865661621094,103.01728363803221,102.8715019849182,102.98298091802158,6766000
2020-11-16,102.81147003173828,102.90580087261081,102.80289271641134,102.82004734706523,3911400
2020-11-17,103.07733154296875,103.12021158685444,102.98300068048113,103.00873263235822,4707900
2020-11-18,103.04301452636719,103.14591614276705,102.89722633217605,103.14591614276705,7931200
2020-11-19,103.15447998046875,103.25738812599774,103.12017726529243,103.15447998046875,9323000
2020-11-20,103.33460998535156,103.35175807922943,103.18882828837074,103.20597638224862,16772200
2020-11-23,103.1288070678711,103.21456062816983,103.07734969763004,103.19740599056372,2511900
2020-11-24,102.9658432006836,103.06875137108105,102.91439238677263,103.05159673806037,4349300
2020-11-25,103.00015258789062,103.1888143078706,102.99157527082536,103.04303263064097,2125500
2020-11-27,103.30885314941406,103.30885314941406,103.1630714967762,103.17164226981971,2988100
2020-11-30,103.24024200439453,103.34315015840343,103.20593928639157,103.26596740725314,2390900
2020-12-01,102.69107055664062,102.9828343397797,102.57093445385588,102.94850880370883,13902200
2020-12-02,102.5194320678711,102.6138256393546,102.3735534744604,102.5966596007619,5578500
2020-12-03,102.79405212402344,102.88844571604058,102.63100745655258,102.67391601544288,4484900
2020-12-04,102.39073181152344,102.49370842125653,102.28775520179035,102.46796590555493,4709100
2020-12-07,102.70822143554688,102.76828947807154,102.6224043345754,102.63957037353995,4441600
2020-12-08,102.81119537353516,103.00856554754509,102.80261890065384,102.89701247775523,4735700
2020-12-09,102.6653060913086,102.77685914949375,102.51942750439143,102.62239754366229,3444100
2020-12-10,102.89702606201172,102.93134505191944,102.66533032511094,102.75114089373368,3557600
2020-12-11,103.10295104980469,103.20592109172294,103.01714049923102,103.04288300971058,4336600
2020-12-14,103.04288482666016,103.11153588709975,102.78544662347441,102.83693164534138,2870600
2020-12-15,102.93993377685547,103.00000183291247,102.83695716064612,102.9141912595349,2889200
2020-12-16,102.8541030883789,102.974239176998,102.66531593571294,102.70822448747369,5058400
2020-12-17,102.77940368652344,103.09710345783186,102.71071733268363,103.0284105530761,3233200
2020-12-18,102.69353485107422,102.9081952527491,102.67636490134309,102.85667885264012,3189500
2020-12-21,102.76226043701172,102.8910580291659,102.67639755921483,102.85671156786361,2850500
2020-12-22,102.93396759033203,102.95114409333786,102.78800006936487,102.89103943465041,3688500
2020-12-23,102.71929931640625,102.74506406894783,102.53898535411113,102.73647581810063,3047100
2020-12-24,102.8652572631836,102.8652572631836,102.78797611949702,102.81373431708755,1529300
2020-12-28,102.87387084960938,102.87387084960938,102.64204044851904,102.7021451118326,3677500
2020-12-29,102.856689453125,102.8910359070426,102.72789188866298,102.72789188866298,2157300
2020-12-30,102.9253921508789,102.9253921508789,102.80518282619147,102.81376452729994,2549100
2020-12-31,102.99406433105469,103.03699903435206,102.90820147537593,102.90820147537593,2626200
2021-01-04,103.01984405517578,103.08853041915121,102.7364906944325,102.7622488997879,5499000
2021-01-05,102.77940368652344,102.94254769758938,102.67637088030574,102.92537774685842,5004400
2021-01-06,102.1783447265625,102.28138407117085,101.9808542871253,102.28138407117085,10039300
2021-01-07,101.8177261352539,101.88641903792607,101.73186328237159,101.8177261352539,7751700
2021-01-08,101.52576446533203,101.68890843913584,101.43131338059452,101.62021555006956,8378700
2021-01-11,101.32833099365234,101.45712858698062,101.31115448738579,101.44854033384733,6061000
2021-01-12,101.31110382080078,101.35403851407743,100.950475980569,101.12220165184667,6516600
2021-01-13,101.66320037841797,101.79199797120485,101.43995165431524,101.46570986268907,7562900
2021-01-14,101.43138122558594,101.72332292393314,101.34551833227871,101.65462998891982,8113000
2021-01-15,101.70609283447266,101.77478573329755,101.50002068891334,101.6459881857297,5978400
2021-01-19,101.76619720458984,101.76619720458984,101.51719691113324,101.56012505959472,4035700
2021-01-20,101.80915069580078,101.80915069580078,101.62883671678345,101.65459492079785,4277700
2021-01-21,101.66320037841797,101.73189330136,101.57733750019929,101.63744217004414,4254500
2021-01-22,101.8177261352539,101.83489608546407,101.69751683103551,101.74903323258175,4706200
2021-01-25,102.22985076904297,102.22985076904297,101.92932756635112,101.96367401107511,5689200
2021-01-26,102.1955337524414,102.22988020705577,102.10967089136368,102.12684739412906,4257100
2021-01-27,102.31574249267578,102.47029170130138,102.28139604045367,102.36725889555098,5764700
2021-01-28,102.04955291748047,102.18693871801102,101.93793186773605,102.17835046774898,5394200
2021-01-29,101.86924743652344,101.99804499749972,101.72327992451116,101.75762637749924,7952100
2021-02-01,101.99641418457031,102.04796448263775,101.84175673514186,101.87612578559552,3640700
2021-02-02,101.7386703491211,101.78162675176843,101.6441570859791,101.67851958600617,3609800
2021-02-03,101.48950958251953,101.6527544169754,101.47232177559091,101.60120410664487,3844200
2021-02-04,101.45511627197266,101.49807266857054,101.29186492131288,101.3691969235508,2146000
2021-02-05,101.24031829833984,101.54103930634558,101.24031829833984,101.42934480486525,5498000
2021-02-08,101.28323364257812,101.4207097935001,101.16294528813324,101.22308946535568,2861300
2021-02-09,101.360595703125,101.49806533962837,101.31763275440328,101.39496475105724,4458500
2021-02-10,101.61833953857422,101.61833953857422,101.46368212209012,101.47227602167943,6726800
2021-02-11,101.54102325439453,101.65271773821782,101.49806030780273,101.61834869198942,5949900
2021-02-12,101.2059326171875,101.40354643773796,101.17156357117322,101.29185195461054,8802400
2021-02-16,100.47560119628906,100.85364756482986,100.4068631091999,100.75913433388847,8909000
2021-02-17,100.54436492919922,100.67324724496196,100.42407651588117,100.54436492919922,4789700
2021-02-18,100.53572845458984,100.61305387312582,100.30373908853456,100.38107106229421,4469900
2021-02-19,100.13195037841797,100.32956425001801,99.98588681154368,100.23505754309643,5851800
2021-02-22,99.96868896484375,100.24363482114165,99.89136351552229,100.05460831583191,3828000
2021-02-23,100.04603576660156,100.1663241868214,99.81404627387242,99.8999656375684,7344900
2021-02-24,99.90853881835938,99.9600891148394,99.487529434912,99.54767363254734,7133700
2021-02-25,98.57676696777344,99.42737958748887,98.03546266458818,99.33286634582876,35760600
2021-02-26,99.46173858642578,99.50469497496975,98.55956920907917,98.92902823772661,28188400
2021-03-01,99.3499755859375,99.46174421008381,99.08346251455764,99.27260336232072,9616500
2021-03-02,99.530517578125,99.5391166782785,99.22102212370588,99.26400450609029,6271000
2021-03-03,98.99748229980469,99.07485451647263,98.80834146902842,99.05766287694341,8377300
2021-03-04,98.5074462890625,99.10065300749314,98.36129438446304,98.98889094383321,12327900
2021-03-05,98.36988067626953,98.49884093180265,98.02598884791156,98.11196672439435,8634600
2021-03-08,97.98300170898438,98.16354343428385,97.94861187190008,98.13775269626832,7416400
2021-03-09,98.44729614257812,98.53326749190963,98.25815523853271,98.41290629100682,7035000
2021-03-10,98.65359497070312,98.74816539039945,98.39567445167837,98.44726249099809,5683100
2021-03-11,98.61921691894531,98.75677629465214,98.47306500165085,98.64500766209233,7576500
2021-03-12,97.9056396484375,98.00021007676499,97.80247667876525,97.9916175354202,7332600
2021-03-15,98.02603149414062,98.12060195206172,97.94006013944706,97.96585088993574,4465500
2021-03-16,98.00880432128906,98.21513680960236,97.8970422566176,98.1377645861817,5479400
2021-03-17,97.84548950195312,98.0518286238717,97.45861512694513,97.63915693922846,8975900
2021-03-18,97.23507690429688,97.34684555990034,96.96856375790718,97.06313420840547,8281400
2021-03-19,97.17485809326172,97.32100998321822,97.00291546498241,97.02870620330522,8748100
2021-03-22,97.4929428100586,97.54452427804816,97.34679094462834,97.42416314661268,4679800
2021-03-23,97.97439575195312,97.99159394888682,97.63910306283935,97.70788273219354,7544000
2021-03-24,98.10338592529297,98.12057756828185,97.75089493169419,97.77669223496595,14634800
2021-03-25,97.97439575195312,98.21511803550247,97.8282438739682,98.15493746461514,10573800
2021-03-26,97.64772033691406,97.91423340628093,97.63912123684663,97.70790091900308,6409700
2021-03-29,97.31243896484375,97.74230218980136,97.22646107249841,97.73370308872836,6298000
2021-03-30,97.2264633178711,97.28665046757972,96.959950211184,97.0459215463225,5784900
2021-03-31,97.08892059326172,97.31245133522879,96.96855939970862,97.2006826846487,8620000
2021-04-01,97.5190200805664,97.57063355171837,97.32115750238505,97.3899798394272,8535300
2021-04-05,97.24376678466797,97.32118701487346,97.037306274192,97.18354886230992,9944500
2021-04-06,97.71685791015625,97.73406677284383,97.4157684457044,97.45017960782148,8765200
2021-04-07,97.65666961669922,97.89754782452822,97.6222650074123,97.69968522319799,6316800
2021-04-08,97.99217224121094,98.00077011149315,97.81151195312836,97.8287208202123,6334700
2021-04-09,97.73407745361328,97.91473115202695,97.58783492107729,97.67385955414206,5887400
2021-04-12,97.67389678955078,97.69970353298243,97.57066325256291,97.65668791842215,5466000
2021-04-13,98.07817840576172,98.07817840576172,97.67385542785347,97.6996621603568,7663800
2021-04-14,97.95775604248047,97.99216721162239,97.82871579901312,97.9147404402382,4876900
2021-04-15,98.58573913574219,98.73198167815357,98.2674473155832,98.2674473155832,9958500
2021-04-16,98.31903839111328,98.47388533111874,98.26742493219737,98.29323166165533,7334900
2021-04-19,98.2158432006836,98.37929463531783,98.1040118083477,98.15562528738576,5738600
2021-04-20,98.50834655761719,98.57716235006092,98.19004808492821,98.19004808492821,6468300
2021-04-21,98.5599594116211,98.61157289643864,98.36209678105206,98.49974149158027,7976500
2021-04-22,98.63739776611328,98.66320451154759,98.31909925814605,98.55136653031654,7681300
2021-04-23,98.50834655761719,98.62878239847008,98.35349953891189,98.6201779631917,5509900
2021-04-26,98.40509796142578,98.54274265176646,98.40509796142578,98.4653158726348,7145300
2021-04-27,98.0179672241211,98.35346789616686,98.0179672241211,98.26744326084264,7720500
2021-04-28,98.14700317382812,98.16421203924783,97.77709788967299,98.02656736892665,8692900
2021-04-29,97.9749755859375,97.98358002055194,97.58786135067496,97.68249044165212,5547800
2021-04-30,98.06100463867188,98.09541581541184,97.87174644823251,98.01799559019257,5160000
2021-05-03,98.22799682617188,98.4345914215145,98.06443921411693,98.09887274126133,8593300
2021-05-04,98.35711669921875,98.61535829045762,98.30546312695218,98.42597718303502,11171000
2021-05-05,98.47761535644531,98.50343885477885,98.25380075835052,98.25380075835052,6810000
2021-05-06,98.52066802978516,98.63257863042601,98.39155051754342,98.40876399666782,6546200
2021-05-07,98.55508422851562,98.95105985399503,98.46900371298051,98.75307532501651,10657600
2021-05-10,98.35711669921875,98.67561531849904,98.31407315025052,98.59814481138442,5906800
2021-05-11,98.19355773925781,98.279638268483,98.15051419088353,98.2107712180935,6591300
2021-05-12,97.7201156616211,97.90089333054003,97.67707867606468,97.83202627262082,14509800
2021-05-13,98.04722595214844,98.08165947936935,97.78036775806738,97.8406313563468,8242700
2021-05-14,98.26242065429688,98.29685417804251,98.09025303556874,98.19355360680562,7943100
2021-05-17,98.16773223876953,98.23659928775707,98.12468869127152,98.19355574025904,6711100
2021-05-18,98.16773223876953,98.21076921874429,98.06443166528824,98.15912221576528,4319600
2021-05-19,97.87503814697266,98.34849083929113,97.78895763042087,98.15049974045183,13156500
2021-05-20,98.27965545654297,98.28826548122831,98.02141382370371,98.04723733023518,8412700
2021-05-21,98.31407928466797,98.40015982045202,98.2021752449011,98.37433631646918,6648700
2021-05-24,98.40873718261719,98.5034277108092,98.32265667540308,98.36569364524928,4826000
2021-05-25,98.77027893066406,98.78749897256364,98.51203740986568,98.51203740986568,5748200
2021-05-26,98.65840148925781,98.83056254947267,98.61535794044237,98.70144503807326,4501600
2021-05-27,98.48626708984375,98.48626708984375,98.30548938990006,98.44322352937616,5998100
2021-05-28,98.47761535644531,98.6842099106361,98.44318183615978,98.44318183615978,5575700
2021-06-01,98.45956420898438,98.47678958701931,98.24421083719925,98.36480819963386,9498100
2021-06-02,98.57152557373047,98.64044021599842,98.51984287806052,98.56290960043148,4269900
2021-06-03,98.32170867919922,98.48537930117381,98.27863538750225,98.48537930117381,3591200
2021-06-04,98.8643798828125,98.87299585410162,98.55427720906957,98.57150257958732,6326000
2021-06-07,98.78688049316406,98.82133781485312,98.71796584978594,98.7438071980372,3068500
2021-06-08,99.07113647460938,99.12281916485524,99.02806318469692,99.09697781973232,4760500
2021-06-09,99.38126373291016,99.53631840375013,99.25205041186642,99.42433045854972,5679300
2021-06-10,99.73441314697266,99.74302911862303,99.12281060101175,99.16588388720282,6494800
2021-06-11,99.58797454833984,99.68273052036785,99.5018345479673,99.6654985770569,3914200
2021-06-14,99.27787017822266,99.4932234757893,99.23479688988489,99.48460750370953,3730900
2021-06-15,99.29513549804688,99.31236744913905,99.17453812865655,99.22622740986935,4212700
2021-06-16,98.6146011352539,99.3898678763742,98.46815587405233,99.33818517951609,13529000
2021-06-17,98.9677505493164,99.28647576230993,98.70071459133234,98.76962921663804,8838100
2021-06-18,99.52767944335938,99.56213675915045,98.89884493127917,99.09697285406254,13435000
2021-06-21,99.20894622802734,99.36400085059509,99.13142220277372,99.28647682534145,6460000
2021-06-22,99.38983917236328,99.41568708538956,99.07112053770204,99.09696187866807,5459700
2021-06-23,99.1917495727539,99.3812615632056,99.1486762759922,99.27788959421493,5429800
2021-06-24,99.17450714111328,99.30372044567639,99.1314404209667,99.19173908682126,3631700
2021-06-25,98.9677505493164,99.27785979113163,98.79547055811257,99.24340247847879,6716800
2021-06-28,99.27787017822266,99.37262615491687,99.14865688527046,99.15727285735022,4968900
2021-06-29,99.32954406738281,99.33816003869933,99.14003213078249,99.148648102099,3373200
2021-06-30,99.4846420288086,99.63108731674262,99.45880067566239,99.4760326258021,6572800
2021-07-01,99.41310119628906,99.51653557189496,99.27517992688375,99.45619666064216,11966200
2021-07-02,99.7751235961914,99.7751235961914,99.50790938691962,99.53376797795272,5071900
2021-07-06,100.30094146728516,100.36990209750003,99.89580598533242,99.89580598533242,9095300
2021-07-07,100.59397888183594,100.77500211655949,100.39572536029354,100.49054454936002,7456400
2021-07-08,100.85260009765625,101.01637992877353,100.69744198829429,100.78363947650719,7368000
2021-07-09,100.34403991699219,100.45609600474849,100.33541819441173,100.43885255958756,5531200
2021-07-12,100.29229736328125,100.47331404486404,100.214721603937,100.43021859293263,3867700
2021-07-13,99.98197174072266,100.44744598221399,99.89577426854551,100.34401164617964,6926500
2021-07-14,100.41299438476562,100.43885297616683,100.17163876309107,100.25783625991092,6029200
2021-07-15,100.8353500366211,100.88706720749246,100.44745152574804,100.67157022693385,5704500
2021-07-16,100.81810760498047,100.83535104640757,100.5595151715881,100.56813031585564,3577900
2021-07-19,101.68009185791016,101.80939135815237,101.4387362982291,101.49045346774768,20557500
2021-07-20,101.55079650878906,102.16280715341071,101.464599030586,102.1197117025322,8729000
2021-07-21,100.96464538574219,101.20600753397221,100.86982618590619,101.1370469201922,7438300
2021-07-22,101.19741821289062,101.40429354401854,100.95606256383333,100.96467771097952,6363500
2021-07-23,101.04222869873047,101.06808728503682,100.8267317109159,100.8353534318334,6804600
2021-07-26,100.97327423095703,101.21462981977031,100.95603736451889,101.19739295333218,6179600
2021-07-27,101.40428924560547,101.46462815531208,101.29223314942114,101.38705237559554,8621200
2021-07-28,101.49046325683594,101.49908497806922,101.07671270788819,101.21462736538864,11533500
2021-07-29,101.18014526367188,101.30944477409386,101.09394778220599,101.11980636900113,6203800
2021-07-30,101.46458435058594,101.52492323424279,101.34390658327222,101.35252830277894,5656400
2021-08-02,101.90965270996094,102.1080342962121,101.53013095442863,101.62501139331171,19495800
2021-08-03,101.93556213378906,102.09944777959652,101.88381154277438,101.93556213378906,6627300
2021-08-04,101.90965270996094,102.32367046082027,101.59050881729118,102.23741731111569,7545000
2021-08-05,101.53878021240234,101.74578913262019,101.46977504543143,101.69403854773945,5164600
2021-08-06,100.94366455078125,101.13342554928643,100.91778924747558,101.03854505003383,7807600
2021-08-09,100.72801971435547,101.18516758254901,100.72801971435547,101.09028709133558,10842500
2021-08-10,100.53819274902344,100.81420674757979,100.52957204144151,100.80558603999786,7192400
2021-08-11,100.6503677368164,100.90912726161278,100.43473150913837,100.60723785900262,7254300
2021-08-12,100.5468521118164,100.65898057238583,100.42609636022013,100.5468521118164,6932200
2021-08-13,101.12474822998047,101.12474822998047,100.68485512999608,100.70210313010168,6896500
2021-08-16,101.3490219116211,101.62503600593983,101.3490219116211,101.39215178726577,6928100
2021-08-17,101.29727935791016,101.52153630309903,101.28002477400602,101.33178194502281,7785500
2021-08-18,101.2455062866211,101.34038674110634,101.02987008655363,101.25413357721827,7025800
2021-08-19,101.46980285644531,101.5388080423293,101.37492237102903,101.46117556303564,6242600
2021-08-20,101.37487030029297,101.53012859843584,101.27136915532661,101.46975073697436,6510200
2021-08-23,101.4007797241211,101.41803430788664,101.26277595747449,101.34902913421556,3958500
2021-08-24,101.12474822998047,101.3576390059199,101.09887293947484,101.27138584400304,3649700
2021-08-25,100.72801971435547,101.12478968638565,100.67626911212892,101.09028709133558,5874700
2021-08-26,100.72801971435547,100.77114960334235,100.56413403304188,100.67626911212892,6850600
2021-08-27,101.05575561523438,101.05575561523438,100.59860132676495,100.7279843676263,6360700
2021-08-30,101.25415802001953,101.26278531269934,101.0040191778743,101.03852176789738,6546200
2021-08-31,101.06439208984375,101.34040621574408,101.02126878995998,101.20240244314184,7418400
2021-09-01,101.10752868652344,101.2370001195083,101.0212165929304,101.20247396503295,11908600
2021-09-02,101.22837829589844,101.22837829589844,101.10754003426786,101.21974511001301,2976200
2021-09-03,100.98670959472656,101.02986894230534,100.88313111165265,100.9953427812807,4988900
2021-09-07,100.58965301513672,100.71049126738004,100.50334091856162,100.63280577082885,7098600
2021-09-08,100.86587524414062,100.93492756887379,100.66735145683077,100.72777059467427,6046200
2021-09-09,101.15071105957031,101.2629161482731,100.82271580996007,100.9090345083999,7009500
2021-09-10,100.83131408691406,101.01257143753675,100.73636881965601,100.92625935417212,8147100
2021-09-13,100.95215606689453,101.03846815346212,100.90900331620578,100.92626309944328,4269300
2021-09-14,101.33197021484375,101.43554211844453,101.0730272854573,101.12481982244994,6991000
2021-09-15,101.15933227539062,101.28880373096499,100.986708058086,101.27154394331123,5108900
2021-09-16,100.8399658203125,100.99533023302405,100.71049437885436,100.80543966357759,5682700
2021-09-17,100.5465087890625,100.61556111077932,100.45156349299982,100.58966813643347,7611700
2021-09-20,101.05577087402344,101.1679759684051,100.83135410006766,100.90903961555685,8781600
2021-09-21,100.99534606933594,101.1161843442603,100.93492693187375,101.09029136894681,4867900
2021-09-22,101.09029388427734,101.17660599920065,100.8054579783574,100.99534858230403,10966400
2021-09-23,100.17535400390625,100.65008045205434,100.17535400390625,100.62418747946289,10650100
2021-09-24,99.87322998046875,100.04586072403029,99.81281086651958,100.03722754055484,10528000
2021-09-27,99.605712890625,99.77833713969093,99.57981991178441,99.605712890625,6742100
2021-09-28,99.22591400146484,99.4503307535113,99.0273968088479,99.24318037441786,10295500
2021-09-29,99.32947540283203,99.5711519010808,99.14821802914544,99.43304728197253,8364000
2021-09-30,99.45034790039062,99.48487406705772,99.19140494298392,99.23456429761602,7307900
2021-10-01,99.85628509521484,99.8994744297499,99.55397952277116,99.64035160207403,19830100
2021-10-04,99.73538208007812,99.90812627196273,99.55399870166875,99.68356014046645,7691800
2021-10-05,99.42440032958984,99.60578364062059,99.3207498991011,99.57987268043992,6861900
2021-10-06,99.45033264160156,99.5539830943439,99.37259974437043,99.45897182677197,7473500
2021-10-07,99.05302429199219,99.25168602935665,99.04438510608033,99.22576847162107,8160200
2021-10-08,98.83706665039062,99.00117819382262,98.72478362001246,99.00117819382262,9455100
2021-10-11,98.59521484375,98.74204800858712,98.57793647743625,98.6643151294731,2261300
2021-10-12,99.04438018798828,99.07893034015207,98.70752444160104,98.76798556044574,7938400
2021-10-13,99.23442077636719,99.37262141015492,99.05303738684749,99.10485932963343,11662400
2021-10-14,99.46762084960938,99.5108036001973,99.24304814134044,99.34669201456599,9518200
2021-10-15,98.97528076171875,99.13075315295119,98.92345882789719,99.1048421860404,8689700
2021-10-18,98.83706665039062,98.91479953532172,98.52612193113339,98.681594290762,8703300
2021-10-19,98.4829330444336,98.74205584156785,98.46566126651565,98.69886651212332,7445200
2021-10-20,98.43975067138672,98.6470449560063,98.41383970953008,98.48293341122562,6230000
2021-10-21,98.18063354492188,98.42247798924318,98.146083397195,98.37929524690973,7103900
2021-10-22,98.43112182617188,98.5088613096736,98.18063818563749,98.27564944893561,10204600
2021-10-25,98.55203247070312,98.65568290660045,98.44838862457222,98.44838862457222,4835000
2021-10-26,98.67295837402344,98.67295837402344,98.37929201264964,98.569314524017,5603100
2021-10-27,99.22573852539062,99.38121087604245,98.74204969659213,99.01844425444357,16140300
2021-10-28,98.96669006347656,99.25172399969978,98.86303956218524,99.12216252052826,9940400
2021-10-29,99.00983428955078,99.20849602558565,98.62979577895715,98.69888949648544,11254300
2021-11-01,99.00204467773438,99.07983253694044,98.699525345666,98.72545463206804,14479000
2021-11-02,99.2440414428711,99.365049152897,99.1057497433096,99.11438844086459,12191100
2021-11-03,98.93291473388672,99.29593800288036,98.76868709553943,99.26136341615315,17031100
2021-11-04,99.46880340576172,99.54659127418756,99.10578016425245,99.10578016425245,12665400
2021-11-05,100.01329803466797,100.0997311629578,99.58977108995028,99.6934882061281,12955100
2021-11-08,99.58113861083984,99.84908332133944,99.53792533834763,99.84908332133944,7404300
2021-11-09,100.03924560546875,100.24669306460524,99.96145775411222,100.004671028946,12345400
2021-11-10,99.18354034423828,99.89230263455515,99.00202877415508,99.86637335231838,19425100
2021-11-11,98.86373138427734,99.22676112220356,98.86373138427734,99.18354125512815,3746100
2021-11-12,99.07119750976562,99.3477875656836,98.98475775931924,99.22677982837118,10613400
2021-11-15,98.6822280883789,99.03661256372484,98.6476535107042,99.01068327907541,8021400
2021-11-16,98.59579467773438,98.88102999696811,98.57851068615645,98.69087311747896,6573700
2021-11-17,98.95018005371094,98.95881875236542,98.57851158434836,98.59579557608377,10006200
2021-11-18,99.01068878173828,99.03661806782877,98.78595731157611,98.80324130416085,10183400
2021-11-19,99.27864074707031,99.49472693943387,99.21813687698561,99.33049932302085,10731600
2021-11-22,98.55257415771484,98.91560392272295,98.49207029595122,98.82052548360492,10876200
2021-11-23,98.14630889892578,98.43153753812035,98.14630889892578,98.37967898452578,11543700
2021-11-24,98.44886016845703,98.46614416047379,98.10312097828262,98.16362484198115,8322900
2021-11-26,99.71945190429688,99.7367358970076,99.33049282682397,99.38235799380978,13878500
2021-11-29,99.49471282958984,99.57250068248416,99.10576037626562,99.13168966056372,13908200
2021-11-30,100.09112548828125,100.39364483431532,99.58980394660927,100.10840948187156,19416800
2021-12-01,100.27967834472656,100.27967834472656,99.61362973358229,99.73472948106307,24991000
2021-12-02,100.0634536743164,100.29700136202753,99.82990598660528,100.25375521216257,11448900
2021-12-03,100.65164184570312,100.89384137048137,99.81258877811986,99.89908766562036,19790900
2021-12-06,100.14994812011719,100.58244919619263,100.03750021613695,100.50460217023154,9863200
2021-12-07,99.76933288574219,100.08073415046927,99.70013773759098,99.87313550713185,7678400
2021-12-08,99.44924926757812,99.64819596841882,99.31949768908582,99.62224697260825,11126500
2021-12-09,99.70012664794922,99.85582726299418,99.56172316815763,99.69147478060196,9198400
2021-12-10,99.76933288574219,100.0461398761146,99.7174348747683,99.85583836995451,5051500
2021-12-13,100.24508666992188,100.33158555470851,100.00288715274253,100.02018428992311,5706900
2021-12-14,100.07207489013672,100.17587089757237,99.84717254162454,100.03747402117786,4749500
2021-12-15,99.92503356933594,100.10668980672143,99.71743492589208,99.82988941564899,8428000
2021-12-16,100.21595001220703,100.35448062994978,100.05144655501337,100.06876618498293,9085400
2021-12-17,100.44103240966797,100.72674017359877,100.38042693180365,100.53627053281213,7933100
2021-12-20,100.35448455810547,100.73543056080247,100.32850511213422,100.605559752961,13772100
2021-12-21,99.95622253417969,100.03414766904952,99.76575281611817,99.99085519351024,7672800
2021-12-22,100.05144500732422,100.12071031512414,99.86096871362612,100.11205050027331,5538200
2021-12-23,99.84363555908203,99.99081935435434,99.72242459762224,99.9821661467515,7209700
2021-12-27,99.8782958984375,99.93024158046511,99.78305774438434,99.80903058539813,3471800
2021-12-28,99.86094665527344,100.06874253277302,99.80900098864947,100.04276969946103,8314500
2021-12-29,99.35013580322266,99.62719038394401,99.28087050666676,99.54061206600026,11879900
2021-12-30,99.67915344238281,99.68781325733855,99.38478578892192,99.54928924556383,10296000
2021-12-31,99.56659698486328,99.83499178471368,99.56659698486328,99.70512759478804,7584500
2022-01-03,98.64020538330078,99.05579065132305,98.64020538330078,99.02115799519588,27744600
2022-01-04,98.58824920654297,98.6055622300116,98.33716743047799,98.41508594434141,15911800
2022-01-05,98.17266082763672,98.61421887518085,98.10339552498218,98.60555906097332,13715700
2022-01-06,97.93025207519531,98.01683041243314,97.81770089733651,97.9475651004414,10957400
2022-01-07,97.60990905761719,97.83501802828533,97.37614687671471,97.80038537083608,13318200
2022-01-10,97.58392333984375,97.61855599272327,97.29820890771504,97.35881439887842,8430700
2022-01-11,97.81768798828125,97.82634119701046,97.45404845106616,97.54063338238103,8086500
2022-01-12,97.83499908447266,98.207291823085,97.81768606185236,97.98218289600474,7996500
2022-01-13,98.14669036865234,98.18132302081878,97.81769008132572,97.89560859457296,8431100
2022-01-14,97.47137451171875,97.9129259841492,97.44540167281146,97.89561296004544,10595700
2022-01-18,96.73544311523438,97.14236191010198,96.7008104635536,97.05578358365149,11594100
2022-01-19,96.9692153930664,97.15969169446907,96.83068477186316,96.89129687276727,10349700
2022-01-20,97.17698669433594,97.17698669433594,96.99517024185889,97.12504102377174,8297300
2022-01-21,97.73976135253906,97.87829195608813,97.53197205271819,97.7224483298468,13250000
2022-01-24,97.65319061279297,98.0860888742529,97.63587098325274,98.0427964059056,22377400
2022-01-25,97.52332305908203,97.91292886516176,97.46271756468066,97.73977219701598,13534000
2022-01-26,96.83065795898438,97.62719559933072,96.83065795898438,97.54061728780444,12694700
2022-01-27,97.23760986328125,97.41942634882561,97.04713356256711,97.0644531929067,11609400
2022-01-28,97.46271514892578,97.54064027151233,97.073109352503,97.09908219153074,6713500
2022-01-31,97.46271514892578,97.53198045666863,97.22029317732908,97.28089867022827,8258600
2022-02-01,97.33100128173828,97.53032865699558,97.1750079568819,97.4956627390444,16338700
2022-02-02,97.53030395507812,97.76429057717601,97.40897657890201,97.40897657890201,5997100
2022-02-03,97.11433410644531,97.20100219819163,96.99300671221698,97.09700445520431,8032600
2022-02-04,96.36903381347656,96.58569081990241,96.27370420170143,96.55969303702685,8616400
2022-02-07,96.39503479003906,96.49902591785379,96.27370078784374,96.39503479003906,10294700
2022-02-08,96.0830307006836,96.18702180957725,96.03102853439108,96.13502625513041,8111500
2022-02-09,96.2130126953125,96.51633770611441,96.17835340272764,96.30834227953392,10113400
2022-02-10,95.32906341552734,95.91837061747898,95.29439750813657,95.85770693250657,16633900
2022-02-11,96.3170166015625,96.3950165445067,95.25972958992217,95.73637754167663,18315600
2022-02-14,95.64972686767578,96.04837492144284,95.51106322540217,95.7970520287067,11090000
2022-02-15,95.36376190185547,95.53708488617556,95.29443006338822,95.37243003462588,8490500
2022-02-16,95.56303405761719,95.62369773245308,95.27705194015924,95.60636808757626,9007700
2022-02-17,96.07437133789062,96.10903724796704,95.77971440816425,95.78838253864492,8749500
2022-02-18,96.3863525390625,96.39502066905955,96.16969557205753,96.23035925834509,8486800
2022-02-22,96.37770080566406,96.38636893713581,96.05704605967966,96.1697119332713,8392500
2022-02-23,95.87506103515625,96.10905431676727,95.77106989830466,96.02239283210845,7941800
2022-02-24,96.10037994384766,96.67235760677623,95.96172289976764,96.64635321240463,19162100
2022-02-25,96.07437133789062,96.09170098700568,95.74505510993413,95.95304395854632,8101900
2022-02-28,97.16633605957031,97.18366571077132,96.69835613497827,96.73302204922736,12291800
2022-03-01,98.1126480102539,98.44226109988595,97.62690101125794,97.6702674974217,28285600
2022-03-02,96.63810729980469,97.6356230516184,96.6207554017256,97.5488834146533,12303800
2022-03-03,97.05443572998047,97.23659090701582,96.70747065180477,96.88095649979684,12247400
2022-03-04,98.01725006103516,98.2774754959309,97.81774301190738,97.91315856351531,20102300
2022-03-07,97.60089874267578,98.08665248671116,97.53151102307781,97.55753224515308,13633200
2022-03-08,96.96771240234375,97.21058601251916,96.84627559725604,97.0371067531966,10819400
2022-03-09,96.3691635131836,96.65541014552686,96.26507864164581,96.56867054664298,7932300
2022-03-10,95.92679595947266,96.13497896638368,95.72729551677638,96.03956340933482,11100100
2022-03-11,95.9007568359375,96.0221935917292,95.71860170224994,95.82269318627435,5567600
2022-03-14,94.6864013671875,95.18949372635437,94.6864013671875,95.12877534070624,8622500
2022-03-15,94.64305114746094,95.24156582062179,94.57365679913315,95.1895167504713,9294400
2022-03-16,94.512939453125,94.65172815132881,93.89707949491671,94.54763662767596,12847300
2022-03-17,94.33076477050781,94.75579348982086,94.1572855513864,94.57363832440099,7215900
2022-03-18,94.60833740234375,94.73845012821636,94.48690062294483,94.48690062294483,7509200
2022-03-21,93.37663269042969,94.0705563100228,93.30723834312761,93.92309828536278,11003600
2022-03-22,92.86483001708984,93.02096394315336,92.7867663629617,92.98626677982733,7710300
2022-03-23,93.4893569946289,93.4893569946289,92.89084256428558,93.09034958033556,11222700
2022-03-24,92.96892547607422,93.24649617672519,92.9082070921133,92.94290425692061,11112300
2022-03-25,92.01476287841797,92.55255230817912,91.9193473438849,92.54388298162631,9055600
2022-03-28,92.22296905517578,92.55258225159797,92.04948981870277,92.16225066062937,12858500
2022-03-29,92.68267059326172,92.79543802331597,92.24896599842398,92.44847302388439,7539900
2022-03-30,93.04700469970703,93.07303254102244,92.43114481141473,92.49186320553345,6430100
2022-03-31,93.22048950195312,93.35060223582902,93.04700365084908,93.18579233173232,9147200
2022-04-01,92.61347961425781,92.92609948027652,92.22270146910076,92.31822457401022,10237000
2022-04-04,92.55268859863281,92.72636334955538,92.37900722244316,92.70899852456995,7372100
2022-04-05,91.44984436035156,92.30086664258393,91.35432124830707,92.28349519024792,9675600
2022-04-06,91.12855529785156,91.45854005023868,90.87672221368696,90.87672221368696,9054400
2022-04-07,90.90274047851562,91.15457347322197,90.71169430147864,90.90274047851562,5518900
2022-04-08,90.44251251220703,90.67697410040701,90.31225312975486,90.38172568376501,8091800
2022-04-11,90.00830078125,90.22539749966823,89.89540624750224,90.1211886897317,7356400
2022-04-12,90.44251251220703,90.824598308728,90.33830368119182,90.4772487892121,12211000
2022-04-13,90.64222717285156,91.1024778201383,90.58144035155206,90.69433489487017,6346100
2022-04-14,89.82592010498047,90.54667601262031,89.72171131851064,90.51194637572827,6158700
2022-04-18,89.56544494628906,89.92148683734729,89.53939439333706,89.90411538520075,4591500
2022-04-19,88.9749526977539,89.38309574629591,88.91416585809458,89.2181000563912,7004900
2022-04-20,89.669677734375,89.80861626231916,89.23548406848647,89.3396863081272,7479300
2022-04-21,89.17469024658203,89.42652334813573,88.80996256055344,89.41783762042174,9137500
2022-04-22,89.21809387207031,89.46124121385338,88.90547396827262,88.9488959758488,5451600
2022-04-25,89.79120635986328,90.29487234954217,89.73909864092897,89.92146571929972,8617400
2022-04-26,90.39041137695312,90.54672132224317,90.10384866497796,90.39909710315477,9575400
2022-04-27,89.8867416381836,90.42513734647682,89.84331963739415,90.33829997016505,7908900
2022-04-28,89.75650787353516,89.78255843133562,89.40915164390118,89.58283307135268,6943500
2022-04-29,89.27886962890625,89.62622577060787,89.05309376827744,89.09650914519804,10012500
2022-05-02,88.61373901367188,88.87457489092243,88.52679593236566,88.81371407067489,11327000
2022-05-03,88.71809387207031,89.20498053931544,88.70070127204966,89.13542340589947,8129100
2022-05-04,89.29190826416016,89.36146538559902,88.51810352981633,88.68330003490058,11934700
2022-05-05,88.3963851928711,88.7093856177302,87.94427715325928,88.58766396732193,11675700
2022-05-06,87.89209747314453,88.34421210225999,87.80515439318596,87.94426862778512,12538400
2022-05-09,88.54417419433594,88.58764904787387,87.89209119125512,87.93556604479303,7301200
2022-05-10,88.83977508544922,89.18755396083368,88.78761057580716,88.95280040078379,8054600
2022-05-11,89.3875503540039,89.42232891577626,88.50072024547238,88.62244189500942,7167900
2022-05-12,89.68318939208984,90.04835444078259,89.56146770919227,89.65710712194526,8132400
2022-05-13,89.21367645263672,89.50059465173398,89.16151191946751,89.43973381859213,6016900
2022-05-16,89.58751678466797,89.839656358198,89.43971288639125,89.53535226370718,3315600
2022-05-17,88.90934753417969,89.24843017204408,88.8832652748565,88.98759431214926,4286800
2022-05-18,89.54405212402344,89.63969151222912,88.84850077646605,88.90936160229398,4465500
2022-05-19,89.86576843261719,90.36135144615488,89.79621129270531,90.33526917702142,5137600
2022-05-20,90.28305053710938,90.41346844754055,89.78746778413527,89.8135566728859,5908800
2022-05-23,89.73532104492188,90.2222075980712,89.72662474694941,90.04832143861266,5720600
2022-05-24,90.5091323852539,90.83082910056774,90.17004970604873,90.19613196855185,6786600
2022-05-25,90.69170379638672,90.83081802388163,90.4830390884758,90.83081802388163,4274500
2022-05-26,90.64824676513672,90.77866471117945,90.31785375071749,90.74388615001257,3478900
2022-05-27,90.77864074707031,90.93513428101106,90.61344428346992,90.81341266572568,2508200
2022-05-31,89.8309326171875,90.10045807092133,89.6831287640644,90.09176840897038,6773200
2022-06-01,89.32520294189453,89.98680848376422,89.1597998960207,89.89975005438282,5555900
2022-06-02,89.45574951171875,89.5950309901916,89.24681733157479,89.58633046390294,3014300
2022-06-03,89.28167724609375,89.36002850729996,89.08145879052688,89.1075736637203,2687800
2022-06-06,88.6113510131836,89.15108262250061,88.5591212786648,89.06402420947006,4800600
2022-06-07,88.96824645996094,89.16847146932811,88.82896498348106,88.84637267743241,3230000
2022-06-08,88.637451171875,88.94213564204904,88.62874400369193,88.80285415923662,2917900
2022-06-09,88.55912780761719,88.74193853353495,88.36760991142957,88.52430576816263,4178600
2022-06-10,87.68859100341797,88.1934939383808,87.57541772219612,88.10644216625786,4443400
2022-06-13,86.13034057617188,86.87899777889595,85.67766072997267,86.75712396837106,9200800
2022-06-14,85.4426040649414,86.44371586852952,85.3033159412734,86.32184208113166,7829800
2022-06-15,86.63523864746094,86.67006068302891,85.6602482180547,86.13903626345979,10256200
2022-06-16,87.20108795166016,87.24461715794835,85.6863658838973,85.79083199401433,9168800
2022-06-17,87.22721862792969,87.45355858672649,86.66137869337611,87.27945501326778,7029700
2022-06-21,86.77452850341797,87.00956894611323,86.66136186680534,86.7571208061023,10342000
2022-06-22,87.87141418457031,88.02811005327342,87.67118910281756,87.78435575847102,9501900
2022-06-23,88.36762237548828,88.94216950346484,88.27186341388789,88.41114494972656,9247200
2022-06-24,88.05420684814453,88.58523125853614,87.98456277821224,88.25442524716979,5127000
2022-06-27,87.55802917480469,87.94105838424531,87.44485586882998,87.54932200320066,5439400
2022-06-28,87.67118072509766,87.69729559378177,87.34038131905751,87.46225513399992,3763300
2022-06-29,88.37631225585938,88.37631225585938,87.74082828722548,87.81917289638922,3559600
2022-06-30,89.05534362792969,89.26426925442406,88.80288878517044,88.88123340449611,5409500
2022-07-01,90.01001739501953,90.64647241454327,89.78334061695729,89.90539939028443,63222900
2022-07-05,90.34131622314453,90.69005173879587,90.18438258041999,90.45465460056086,6651400
2022-07-06,89.57408905029297,90.68134501837767,89.55665493384387,90.67262463430107,4754700
2022-07-07,89.02478790283203,89.6002066324172,88.95503816236675,89.6002066324172,4058100
2022-07-08,88.48426818847656,88.78941509459098,88.379650193068,88.78070136277606,3664900
2022-07-11,89.18175506591797,89.32996833142624,88.91148303449653,88.95507164992044,2765700
2022-07-12,89.39098358154297,89.82690957708483,89.3212338258476,89.65254183954922,3669200
2022-07-13,89.77460479736328,89.84435455633053,88.73709875076081,88.85044377200835,6809400
2022-07-14,89.27764892578125,89.4868915498562,88.86787740867813,89.10327452929955,5370400
2022-07-15,89.58280944824219,89.7920521041843,89.31253740716264,89.33869190769238,3834000
2022-07-18,89.32123565673828,89.45201478842209,88.95505940938597,89.29508116074211,3150700
2022-07-19,88.91146850585938,89.28636512610494,88.82427798585123,89.20789498843817,2996100
2022-07-20,88.82427978515625,89.35611003980581,88.75453668012084,89.34739630899071,53057500
2022-07-21,89.83563995361328,89.83563995361328,89.09456700908892,89.18175088755586,5344300
2022-07-22,90.86444091796875,91.07368359171181,90.51569869392719,90.67263236216066,7747100
2022-07-25,90.54180908203125,90.5854043331848,90.28025753021424,90.3064120202258,2994500
2022-07-26,90.57670593261719,91.2829039411061,90.54183105357164,91.1521314593141,4736300
2022-07-27,90.75980377197266,91.20445021276075,90.69005400641693,90.79467865475053,7475300
2022-07-28,91.65779113769531,91.82344513317756,91.32648979843317,91.6316366440302,5768100
2022-07-29,91.69264221191406,92.05010460375492,91.37877506600036,91.47467928567957,5961100
2022-08-01,92.22891235351562,92.29004867749292,91.81842275108541,91.9581667278104,9672400
2022-08-02,90.95379638671875,92.35993877729538,90.89266005075285,92.19399443823328,9269700
2022-08-03,91.329345703125,91.33808136880567,90.33369304306568,90.81405470509453,7829500
2022-08-04,91.79225158691406,91.81845192503488,91.29442517253355,91.42543352649929,9873200
2022-08-05,90.46467590332031,90.63061352436792,90.26379562938855,90.59568419820113,10047200
2022-08-08,90.99748229980469,91.04114731041003,90.7529369176567,90.83153793476345,6681300
2022-08-09,90.7267074584961,90.90138744776621,90.63937079554117,90.74417878910323,3814700
2022-08-10,90.77910614013672,91.45160571052953,90.77037047566523,91.13718842315221,7260300
2022-08-11,90.1764907836914,91.08480684155177,90.08041844446072,90.98873450232108,8309300
2022-08-12,90.5345687866211,90.569498120853,90.23761613876822,90.52583312138302,4128600
2022-08-15,90.82281494140625,91.11976770642639,90.7878789300296,90.98002366091977,3441100
2022-08-16,90.71798706054688,90.75292306171434,90.29876170989814,90.64811505821193,3241800
2022-08-17,90.10661315917969,90.27255749174677,89.92320415846056,90.22888582632577,6366700
2022-08-18,90.28129577636719,90.59571311910928,90.20268810900127,90.35116111436258,3709200
2022-08-19,89.50398254394531,89.68739153862909,89.39917454840014,89.62625520706783,6678000
2022-08-22,89.1109619140625,89.47777992136072,89.06729691130455,89.43411491860277,4125800
2022-08-23,88.89262390136719,89.5127229615293,88.83148756200927,88.96249590730802,7755000
2022-08-24,88.59567260742188,88.77034594853485,88.46466426990673,88.68300927797836,3504600
2022-08-25,89.16338348388672,89.198319492299,88.55201999507734,88.66555702489558,6645300
2022-08-26,89.05856323242188,89.28564390725612,88.7528815528532,88.96249089550588,5535900
2022-08-29,88.55199432373047,88.71793864974079,88.42972166141561,88.71793864974079,4416900
2022-08-30,88.52579498291016,88.84021230763193,88.22884232584606,88.5519953160769,4474200
2022-08-31,88.15897369384766,88.59566366591805,88.01049403919,88.3947833468872,5797600
2022-09-01,87.4581527709961,87.76437746386979,87.25692226219238,87.571891464007,10324200
2022-09-02,87.9481430053711,88.18437833326088,87.68566746629354,87.8081573862364,5741900
2022-09-06,86.96819305419922,87.44065686858659,86.92444380880872,87.41440999143134,6769400
2022-09-07,87.53691864013672,87.64190617127174,87.2656852759067,87.30943453067903,7169700
2022-09-08,87.21317291259766,87.72063478886702,87.21317291259766,87.52814878923398,5773600
2022-09-09,87.221923828125,87.57189108980081,87.11692964450367,87.40565864306409,5780600
2022-09-12,87.01197052001953,87.53693497444887,86.8544825187308,87.46693882383158,4034200
2022-09-13,86.52197265625,86.57446640846084,86.31199097220926,86.40823396806071,5100500
2022-09-14,86.56575012207031,86.77573187456933,86.34701718295064,86.39075976565483,3866600
2022-09-15,86.26825714111328,86.43449628641079,86.18076531339828,86.32950208803365,4622600
2022-09-16,86.33824157714844,86.60946820888152,86.13700439298675,86.19824933161027,4718200
2022-09-19,86.09325408935547,86.27698888872213,85.95326185639206,86.01450678951429,3879000
2022-09-20,85.5595474243164,85.7782802871431,85.34081456148971,85.48080012259624,4869100
2022-09-21,85.90079498291016,85.98828681828782,85.13085748630785,85.70830893995978,5414900
2022-09-22,84.60591125488281,85.0608795766661,84.50966821278253,85.00838579922979,6662400
2022-09-23,84.71088409423828,84.84212517988938,84.2384201910137,84.57089849802298,7630600
2022-09-26,83.30223083496094,84.2559096813734,83.17974095379938,84.24715849694817,8015500
2022-09-27,82.7334976196289,83.42469411446581,82.68975506184678,83.32845114207107,8668400
2022-09-28,84.59716033935547,84.69340337417158,83.57348503042049,83.90596339622162,8471700
2022-09-29,84.20343780517578,84.50091809973412,83.89721299842465,83.97596033456074,6056500
2022-09-30,83.98468780517578,84.76337644513703,83.69596543179601,84.57089708795012,8847200
2022-10-03,84.98141479492188,85.60382788737104,84.58692310203303,84.78855308127314,10579900
2022-10-04,85.1567611694336,85.64767715308878,84.99896579065461,85.32332481598603,7361400
2022-10-05,84.35025787353516,84.67461022388619,84.13986625597921,84.64831210772032,8603700
2022-10-06,83.88563537597656,84.32395512326333,83.77166796121571,84.2099877085025,11298400
2022-10-07,83.47360229492188,83.74535836073491,83.3421050511251,83.44730418380804,5085300
2022-10-10,82.98268127441406,83.40346440277347,82.68462042761786,83.35086818378535,3829100
2022-10-11,83.19309997558594,83.65771789680862,82.96517180524351,83.26323274926506,5498500
2022-10-12,83.46481323242188,83.57877391492994,83.02649365446258,83.07908986358538,5847400
2022-10-13,83.11419677734375,83.49115206580487,82.37782273750115,82.38659100604096,6220100
2022-10-14,82.6495590209961,83.57003303798919,82.6057310652802,83.56126477155495,5886200
2022-10-17,82.73723602294922,83.37718581949335,82.69340805960408,83.2456885530003,3215200
2022-10-18,82.94764709472656,83.10544250116564,82.46549260609886,82.95640867580718,4006600
2022-10-19,82.07978057861328,82.46550422385626,82.0184160612547,82.2989405246412,5762600
2022-10-20,81.46611022949219,82.097291749115,81.40474573109712,81.8869001386503,5738400
2022-10-21,81.65019989013672,81.81676353005616,81.07162131647341,81.17681377265126,7528500
2022-10-24,81.54498291015625,81.90440822542584,81.2556970307116,81.62388392326075,6210800
2022-10-25,82.5618896484375,82.78981773943622,82.36902793207143,82.43916068133674,6301500
2022-10-26,82.98268127441406,83.12294008779145,82.75475317842017,82.76352144432727,6692700
2022-10-27,83.57003021240234,83.69275918542148,82.99144503540292,83.24567124757895,7238100
2022-10-28,83.14045715332031,83.44728621886632,82.91253578058344,83.03526473151136,5659800
2022-10-31,82.7635498046875,82.89504039721531,82.41289261874444,82.78107965428137,4586900
2022-11-01,82.74858856201172,83.45140723003132,82.60802080682411,83.42505245159352,6066400
2022-11-02,82.6080322265625,83.34599963803514,82.39718726727335,82.85401912950658,7581400
2022-11-03,82.24784088134766,82.39718911825577,81.86128619510026,81.87007335687149,8403900
2022-11-04,82.07212829589844,82.53774731392132,82.05456067560941,82.26540563227933,5287000
2022-11-07,81.78221893310547,82.2214832050486,81.76465131138973,82.17756079943881,4289300
2022-11-08,82.32688903808594,82.47623724562165,81.98426352543851,82.01061830292842,4679200
2022-11-09,82.6080322265625,82.66074179072469,82.17755514641037,82.23905187214639,3658100
2022-11-10,84.46173095703125,84.49687290197356,83.83797651524658,83.83797651524658,9608300
2022-11-11,84.28600311279297,84.39142221393341,84.03122911397242,84.07515150523471,2840200
2022-11-14,84.08396911621094,84.2069625805103,83.92583370459161,84.19817541802003,4130800
2022-11-15,84.70771026611328,84.76920698858258,84.28602036993523,84.49686531802426,6841600
2022-11-16,85.33147430419922,85.41933251992779,84.90099719822061,85.1030617106992,6140100
2022-11-17,84.75166320800781,84.89222431205759,84.56717298870639,84.80437278419625,5986800
2022-11-18,84.45291900634766,84.85704120060458,84.4353513903533,84.75162209936111,3102100
2022-11-21,84.40022277832031,84.87462891671713,84.37386799884933,84.8131321970716,4477700
2022-11-22,84.8833999633789,84.97125144581791,84.67254836235911,84.7604065474366,5532800
2022-11-23,85.34027099609375,85.37541294578126,84.90979384204454,84.99764536494251,5236500
2022-11-25,85.31390380859375,85.32269097039874,85.08548452014787,85.10305884375786,1345400
2022-11-28,85.34904479980469,85.52474781809852,85.22605134647091,85.41054152647158,4218400
2022-11-29,84.98881530761719,85.2875183778834,84.96246053431332,85.00638962491188,3356600
2022-11-30,85.75315856933594,85.75315856933594,84.69013999838296,84.83948821933275,7127100
2022-12-01,86.68977355957031,86.70737616314756,85.88871741905905,85.91512468241874,17629100
2022-12-02,86.86581420898438,86.87461886752513,85.92391722472388,86.1968011956072,5783700
2022-12-05,85.98554992675781,86.38167231556903,85.94153334311757,86.3464603918544,6295800
2022-12-06,86.51373291015625,86.62817336445372,86.13521304838048,86.20563691010366,5745500
2022-12-07,87.27074432373047,87.3675754231913,86.81300280299585,86.86581732416106,5386200
2022-12-08,86.77779388427734,87.041873215222,86.66335346314622,86.81300580493406,5325800
2022-12-09,86.13520812988281,86.59295648895609,86.13520812988281,86.52253263125424,4343100
2022-12-12,86.0119400024414,86.61052915399648,85.89750631022734,86.53130737846053,5192200
2022-12-13,86.7865982055664,87.37638952492739,86.70737641525699,87.27075375519387,7856600
2022-12-14,87.02427673339844,87.13871044659065,86.45209473546211,86.8394191739398,6533200
2022-12-15,87.19358825683594,87.32588818809866,86.92017333353259,87.14948603673035,4344200
2022-12-16,86.97310638427734,87.13186498476773,86.49683058280618,86.58502830995523,4432800
2022-12-19,86.26752471923828,86.48802243642604,86.196970563821,86.47920737265908,3951100
2022-12-20,85.64131164550781,85.82652891967066,85.54429211203352,85.62367478899262,4199800
2022-12-21,85.74716186523438,86.02939870214438,85.63249873429605,85.99411825639851,4406600
2022-12-22,85.7206802368164,85.97645835312308,85.67657800919088,85.76477573538675,2143100
2022-12-23,85.3326416015625,85.50903713547213,85.27972428720126,85.31500473979484,3164900
2022-12-27,84.61820983886719,85.03274664213932,84.58292939507204,84.86516621637655,4780800
2022-12-28,84.41534423828125,84.81224416193999,84.39770738190043,84.74168327830428,3161200
2022-12-29,84.82986450195312,84.90924043379665,84.60054503931363,84.64464726526332,4021800
2022-12-30,84.47709655761719,84.90927026171242,84.33598149730453,84.54765745230216,5043800
2023-01-03,85.13858032226562,85.55311712104758,84.97099989831806,85.47374117016075,6808300
2023-01-04,85.791259765625,85.92355975859344,85.54430336758108,85.85299886513599,7800100
2023-01-05,85.66779327392578,85.74717597217811,85.17388041034002,85.28853683108441,3177900
2023-01-06,86.77027130126953,86.81437354245723,85.62368705001869,85.70306300928787,6807700
2023-01-09,86.99076080322266,87.14951943576952,86.61150444375274,86.66442847397276,4988000
2023-01-10,86.44396209716797,86.72619902082441,86.28520340704503,86.62917944746822,4026900
2023-01-11,86.99957275390625,87.01721633833573,86.64677508493114,86.6996991091637,7118700
2023-01-12,87.77574920654297,87.77574920654297,86.85848440610809,87.2818363556845,5768000
2023-01-13,87.30828094482422,87.75809820670302,87.19362454550708,87.54642226601875,5573500
2023-01-17,87.03485870361328,87.3347323673399,86.99957826157669,87.01722184712312,3709000
2023-01-18,88.21674346923828,88.2520239193687,87.80221332058595,88.08445019257148,7926400
2023-01-19,88.04916381835938,88.18146381518265,87.8727615795759,88.04034202415586,4234100
2023-01-20,87.467041015625,87.71399740531216,87.37002147266834,87.59934100411654,8822700
2023-01-23,87.18480682373047,87.44058501482043,87.14952637712594,87.17598502981505,4334900
2023-01-24,87.6875228881836,87.70516647228726,87.00839293941841,87.29945151562737,3540300
2023-01-25,87.78453826904297,87.96094045647257,87.502301498211,87.74925783155705,2924700
2023-01-26,87.467041015625,87.7845582963819,87.34356282078143,87.6169778623555,2875400
2023-01-27,87.33475494384766,87.33475494384766,87.1142571709113,87.14072255607239,5524100
2023-01-30,87.06130981445312,87.2729857192879,87.01721431251771,87.08776846142551,2584600
2023-01-31,87.50231170654297,87.53759214814484,87.0877749290413,87.45821620133277,4856400
2023-02-01,88.13164520263672,88.18467582740413,87.35383348435735,87.6808646617125,20159100
2023-02-02,88.0963134765625,88.57360946137119,88.0697981568735,88.405670112049,5823000
2023-02-03,87.15054321289062,87.50409646649926,87.03564127144148,87.336157153755,5267000
2023-02-06,86.39925384521484,86.65557980650377,86.35505715609098,86.53183716911849,5500400
2023-02-07,86.18708801269531,86.73508896195,86.14289134231956,86.31083059758929,5678900
2023-02-08,86.50528717041016,86.51412110991875,86.08986273568685,86.27547661734647,6137600
2023-02-09,86.11639404296875,86.74394778141769,86.0191667425856,86.72627315565099,7358300
2023-02-10,85.70096588134766,86.07219369783775,85.6390945785993,86.04567838858364,5290000
2023-02-13,85.9042739868164,85.94846392768373,85.6921379941711,85.70981936529184,17262300
2023-02-14,85.515380859375,85.84241885206727,85.28557019576776,85.63912350667077,7133600
2023-02-15,85.25901794433594,85.55954048863458,85.14411603404076,85.36508591469997,4964700
2023-02-16,84.9761962890625,85.23252221873078,84.89665035061397,85.05574897097817,27126400
2023-02-17,85.21485137939453,85.2413666933894,84.76407081107958,84.79058612507443,4540500
2023-02-21,84.28675842285156,84.7021829099981,84.26907705467258,84.63147092421441,11382100
2023-02-22,84.4370346069336,84.68451986726538,84.39284466385583,84.53426192255931,30136400
2023-02-23,84.76404571533203,84.85243231696913,84.41933324852158,84.4635231776074,7059800
2023-02-24,84.25141143798828,84.36631336957232,84.06579751306013,84.22489612635096,10757200
2023-02-27,84.50774383544922,84.64032714726784,84.36631983791806,84.55194052054455,3693200
2023-02-28,84.64032745361328,84.6668427673795,84.14535020393006,84.25141820246233,4690000
2023-03-01,83.96363830566406,84.40648448500343,83.91935098481154,84.26477046411254,8328600
2023-03-02,83.61825561523438,83.68910589955483,83.44111301118471,83.51197005280459,12952800
2023-03-03,84.29135131835938,84.29135131835938,83.81307657044829,84.06107613985566,5696900
2023-03-06,84.14076232910156,84.51275144606878,84.07876414294036,84.48618176018475,3766400
2023-03-07,84.14964294433594,84.39763575322881,83.9459307042898,84.29135022486162,5053300
2023-03-08,84.12305450439453,84.63675088378014,84.0167689997135,84.47732600540647,5163500
2023-03-09,84.64563751220703,84.7784927473893,84.21165005075643,84.26478944191015,12498800
2023-03-10,86.20445251464844,86.28416159602348,85.61989222204143,85.74388863126761,11041300
2023-03-13,87.24956512451172,88.05554174005988,86.92185648544873,87.6392652074736,23930600
2023-03-14,86.4258804321289,86.95729460932506,86.24873786819828,86.8775787662318,47886700
2023-03-15,87.67469787597656,88.37439575541207,87.25842132364048,87.91383863286207,25157400
2023-03-16,86.88643646240234,88.3566893162112,86.78015768271347,88.15297705964453,13961000
2023-03-17,87.91381072998047,88.24151252328484,87.47981668146582,87.55953249422588,12293700
2023-03-20,87.55953979492188,88.06438412684503,87.35582759625653,88.0555253119563,7982400
2023-03-21,86.79786682128906,87.20528456896226,86.67387040927103,86.9572917449262,9851600
2023-03-22,87.94039154052734,88.01124854810149,86.5764245525578,86.64728156013194,10705200
2023-03-23,88.44526672363281,88.51612375590562,87.66585964052742,87.7987081294158,7118800
2023-03-24,88.47183227539062,89.0829623248321,88.35669467131684,88.95896590281473,9135800
2023-03-27,87.38243865966797,87.80756734060976,87.35586220447288,87.63043151643377,8284400
2023-03-28,87.32927703857422,87.46213226182381,87.1167127357533,87.19642181532464,13324800
2023-03-29,87.1786880493164,87.34697173840111,86.96612380230638,87.00155230302398,13404700
2023-03-30,87.31158447265625,87.39129356894368,87.0724436691964,87.09901336795889,4157500
2023-03-31,87.7898178100586,87.85181599695422,87.3115431865942,87.45325043208611,6330100
2023-04-03,88.2033920288086,88.35425645412043,87.62654989420253,87.6886709381948,7226600
2023-04-04,88.77137756347656,88.8689973358738,87.81293258213317,87.83068532476223,6763200
2023-04-05,89.14405822753906,89.42804102788601,89.01094657947333,89.0996899350785,6257100
2023-04-06,89.17070007324219,89.38368551127397,89.15294733717329,89.17956967059163,4264700
2023-04-10,88.2921371459961,88.53175172802442,88.1856477945934,88.4696306828108,6025100
2023-04-11,88.25663757324219,88.37201006371201,88.05252847126431,88.36313369428677,5459000
2023-04-12,88.51398468017578,88.7003477856899,88.11463613560053,88.66485585475057,5857200
2023-04-13,88.22113800048828,88.80684968881914,88.15014059260409,88.65598527507935,39858200
2023-04-14,87.7862777709961,87.94601854213964,87.67091206932548,87.92827257676147,4968500
2023-04-17,87.22720336914062,87.50230988898522,87.20058103117968,87.44906521306335,5681000
2023-04-18,87.36919403076172,87.56443354253865,87.23608233699231,87.25382830593279,5061300
2023-04-19,87.18285369873047,87.24497476230458,86.95212218870557,87.16510772514707,4648100
2023-04-20,87.68868255615234,87.7596799788889,87.5733168222206,87.66206021529786,4608000
2023-04-21,87.47567749023438,87.94602346194513,87.40468008338001,87.87502605509077,5948100
2023-04-24,87.90166473388672,87.9194107021903,87.65317378283375,87.71529482792546,5143700
2023-04-25,88.77137756347656,88.80687627804716,88.38089847388758,88.39865121651664,13076800
2023-04-26,88.42524719238281,88.86009446750295,88.29212874510937,88.75360512623257,5903000
2023-04-27,87.84840393066406,88.10576445311371,87.75078418867677,88.06139615173745,5065800
2023-04-28,88.505126953125,88.51399655170691,88.1856453663418,88.38087809543292,8525900
2023-05-01,87.46341705322266,88.2195579326715,87.3477742132434,88.1661853583657,17442000
2023-05-02,88.60208892822266,88.62877521890258,87.71250970848759,87.76588907679826,8540700
2023-05-03,89.18031311035156,89.20699939993385,88.68215093961417,88.84227546405842,9534800
2023-05-04,89.16250610351562,89.66956586173772,88.92231597296617,88.94011135364718,12014100
2023-05-05,88.68213653564453,88.71772051162479,88.45974177598002,88.64655255966427,11254400
2023-05-08,88.13949584960938,88.32630663980153,88.09501418134708,88.13059815856697,7022400
2023-05-09,88.03276062011719,88.21957144575235,88.01497202160711,88.13061487930003,7317200
2023-05-10,88.69103240966797,88.76220036561672,88.42416275528485,88.43306044651591,9930800
2023-05-11,89.02018737792969,89.3226478253092,88.92233312615548,89.21589588147812,5979600
2023-05-12,88.4864501953125,89.02019639462922,88.45976390338934,88.94902842486668,5107300
2023-05-15,88.29072570800781,88.29072570800781,88.17508286826654,88.23735313381182,4459100
2023-05-16,88.00606536865234,88.0683356375241,87.75698429316533,87.95269279160522,7194000
2023-05-17,87.72138977050781,88.0861136480814,87.61463784229264,88.05942736276496,5542600
2023-05-18,87.1787338256836,87.41002624434222,87.14314985458623,87.40112855483075,9448900
2023-05-19,86.849609375,87.2677126585419,86.6983825494062,86.86740475857,12923500
2023-05-22,86.68948364257812,87.08979832388944,86.64500875817697,86.86740354103321,7034700
2023-05-23,86.83182525634766,86.93857720242221,86.4937876075375,86.5649487846366,8264200
2023-05-24,86.60940551757812,86.97412935113799,86.56492385611901,86.93855216630908,7415400
2023-05-25,86.0667953491211,86.52048268231555,85.99562737784524,86.44931471103969,11647700
2023-05-26,86.22689056396484,86.22689056396484,85.74651710166195,85.93332787251047,7408900
2023-05-30,86.90298461914062,86.90298461914062,86.42261108977623,86.48488135541884,7883000
2023-05-31,87.23211669921875,87.36555490986842,86.8407065447822,86.9563493743056,10817900
2023-06-01,87.47466278076172,87.72433453589922,87.35874569531791,87.4925003650116,18161600
2023-06-02,86.77914428710938,87.34982451267577,86.70780755815235,87.32307494007811,7585400
2023-06-05,86.75238800048828,86.99314093827952,86.33329325410686,86.42246075687976,6243100
2023-06-06,86.8058853149414,86.83263488490596,86.54729480021031,86.78805453597978,3986200
2023-06-07,86.17281341552734,86.77916213024692,86.0836458875193,86.68999460223887,8226600
2023-06-08,86.75238800048828,86.7702187798251,86.28870610119823,86.32437446291627,5841900
2023-06-09,86.4403076171875,86.56514349507748,86.28871536285385,86.45813839843815,6421900
2023-06-12,86.58296966552734,86.60080724887321,86.19954326012812,86.5740508738544,5261700
2023-06-13,85.96770477294922,86.77913789517127,85.83395011676807,86.71671996269265,9173500
2023-06-14,86.0836181640625,86.34220867413852,85.76260972417809,86.22628480231995,7704400
2023-06-15,86.75238800048828,86.81480593273375,86.475966700979,86.59188377427932,5959100
2023-06-16,86.37789916992188,86.53840343099539,86.12822058366075,86.32439321420013,6538100
2023-06-20,86.63648223876953,86.84156684161935,86.53839593199952,86.53839593199952,5477300
2023-06-21,86.71672821044922,86.78806494093669,86.27088384947004,86.4046385183728,5119600
2023-06-22,86.2262954711914,86.60972188832598,86.16387753365996,86.45813644047033,4102100
2023-06-23,86.58296966552734,86.93964649895251,86.47597137763111,86.91289692697845,4112100
2023-06-26,86.79698181152344,86.87723733859679,86.63648436346764,86.80590060409725,2976600
2023-06-27,86.49382019042969,86.93966462440098,86.37790308669378,86.77916035604946,4752500
2023-06-28,86.8415756225586,86.87724399254022,86.44923035580678,86.61865341245796,5257300
2023-06-29,85.94987487792969,86.11929791111545,85.79828942878717,86.05687997305412,8268700
2023-06-30,86.13714599609375,86.19065195592722,85.87855539987886,85.97664172268611,7450600
2023-07-03,85.76350402832031,86.36237892996219,85.76350402832031,86.09422558179878,4687100
2023-07-05,85.35236358642578,85.80822167350522,85.24510767376574,85.76352716361369,10181200
2023-07-06,84.65516662597656,84.78924332632691,84.34232553810862,84.6998611325681,9285100
2023-07-07,84.54789733886719,84.86967866696034,84.50320965516875,84.53896389378174,6577600
2023-07-10,84.98587036132812,85.11100677014382,84.67302933928892,84.68196278318801,6622700
2023-07-11,85.1646499633789,85.2897863946053,85.03057326722949,85.14677625295687,6327100
2023-07-12,85.99591064453125,86.11210680184699,85.60262085142644,85.72776409239721,8255100
2023-07-13,86.71099090576172,86.76461885796282,86.3266413363306,86.41602352980718,9742600
2023-07-14,86.28194427490234,86.63053959273539,86.24619003468561,86.52328369150923,7491100
2023-07-17,86.4249496459961,86.50539156112826,86.2372450245979,86.34450091144079,3182400
2023-07-18,86.52326202392578,86.80928905460725,86.46962726732015,86.70202636081832,3626500
2023-07-19,86.8182373046875,86.87187207044053,86.5143365162555,86.68416743886367,5059300
2023-07-20,86.1299819946289,86.40706879382918,85.97803160922379,86.37131455854156,9486600
2023-07-21,86.20149993896484,86.39814484494704,86.17468596440797,86.31769610185258,4560100
2023-07-24,85.99591064453125,86.44282838417818,85.96015640702868,86.3534462001335,7451100
2023-07-25,85.83502197265625,85.8886499204399,85.6473173359898,85.65625760042829,4079300
2023-07-26,86.1299819946289,86.17467649359422,85.78138672485338,86.0316595524437,4880100
2023-07-27,85.19146728515625,85.89759821448521,85.07527111428857,85.79927575474167,8522800
2023-07-28,85.46855163574219,85.57580752964293,85.3076609754675,85.38810289589306,5794100
2023-07-31,85.57579803466797,85.7277552332064,85.42384765555235,85.43278791885999,6347000
2023-08-01,85.0757827758789,85.29084497937245,84.93240341574709,85.1653914576092,7714000
2023-08-02,84.90550994873047,84.94135478388894,84.55603135181444,84.82486419715134,8009200
2023-08-03,84.27828216552734,84.45749958912405,84.19762953921429,84.33204602526506,11057900
2023-08-04,85.17436981201172,85.24605266836375,84.59190302015445,84.59190302015445,10189900
2023-08-07,84.96827697753906,85.11165638613731,84.86970534330439,85.06684861177374,4007400
2023-08-08,85.39835357666016,85.61341571487124,85.29978200566714,85.40730965642162,5401400
2023-08-09,85.45214080810547,85.59551332728311,85.36253212903145,85.39837696800186,5317200
2023-08-10,84.79798126220703,85.61343593543755,84.78902518033027,85.45213758450754,8462100
2023-08-11,84.34993743896484,84.73526092668008,84.31409259863037,84.44850904070857,5915000
2023-08-14,84.21551513671875,84.46642214452744,84.0362909620674,84.21551513671875,6218400
2023-08-15,84.05423736572266,84.39475312582869,84.00942960191968,84.12592021642058,9602600
2023-08-16,83.73162841796875,84.2334424833156,83.6689016598004,84.03629929001394,7199600
2023-08-17,83.62407684326172,83.75849325097415,83.39108885900698,83.70472942257018,9858300
2023-08-18,83.87499237060547,84.06317262589519,83.73161986801942,83.77642078401992,7510500
2023-08-21,83.35527038574219,83.51656875866104,83.25670561473507,83.48073075286098,10864000
2023-08-22,83.39112091064453,83.48073644136515,83.20294060220043,83.28359321250797,6330500
2023-08-23,84.2961654663086,84.2961654663086,83.87499717888127,83.90187909736326,8550500
2023-08-24,83.98255157470703,84.27826642143471,83.95566964986,84.03631542440108,5735800
2023-08-25,83.9556655883789,84.17072781345635,83.64202491578925,83.8660500609505,7895700
2023-08-28,84.18865966796875,84.21554843232465,83.97359741006294,84.15282165557271,3301700
2023-08-29,84.78903198242188,84.82487682291567,83.97357724377254,83.99150308237158,7064200
2023-08-30,84.78007507324219,84.94137344854671,84.72631122704227,84.89656568557695,6346700
2023-08-31,84.95032501220703,85.07577852770589,84.79798274049799,84.87863533572087,6167300
2023-09-01,84.4310531616211,84.9700880760274,84.3232434370595,84.96110221876373,7746600
2023-09-05,83.91895294189453,84.1974527760861,83.88301637390215,84.18846692053813,4993400
2023-09-06,83.70335388183594,84.08067765618233,83.65843830157633,84.06271279491871,7344100
2023-09-07,83.99083709716797,84.02677367280775,83.81116107317,83.90099908516899,7137500
2023-09-08,84.00881958007812,84.32325608947853,83.9728829998321,84.19748148571837,4648500
2023-09-11,83.86506652832031,83.94592554093481,83.76624265412553,83.82912995095846,4321700
2023-09-12,83.98186492919922,83.99982979138079,83.79319617818435,83.8920200556868,4998400
2023-09-13,84.08068084716797,84.19747643951811,83.83811751279714,83.85608237474254,6675400
2023-09-14,83.89202880859375,84.21545119521863,83.83812736222369,84.14358488479262,6421000
2023-09-15,83.63147735595703,83.81116023235333,83.56859006276855,83.75725879653488,9367700
2023-09-18,83.71231842041016,83.77520570011895,83.5236565812838,83.5236565812838,4622200
2023-09-19,83.4068832397461,83.67640414125995,83.37095351679875,83.52367882902935,7536800
2023-09-20,83.343994140625,83.76624034523662,83.3260292795399,83.64046575503755,10751800
2023-09-21,82.72409057617188,82.84986514132811,82.67018229524797,82.7690061470421,8702500
2023-09-22,83.04752349853516,83.11938979198673,82.74206604811366,82.80495333875916,8637800
2023-09-25,82.43663024902344,82.67020773951859,82.40069366874683,82.51748241399441,11712000
2023-09-26,82.40966796875,82.64324542648406,82.31084410040064,82.58934399073017,8281800
2023-09-27,82.04131317138672,82.66120702348492,81.82570060056128,82.62527045264734,10586100
2023-09-28,82.26594543457031,82.28391030027805,81.61910060184574,81.8526849812636,11654600
2023-09-29,82.28388214111328,82.68816345031455,82.15810756159303,82.60730444679409,13488300
2023-10-02,81.616455078125,81.9587354947952,81.5173726389588,81.86866242431724,21010000
2023-10-03,80.94087982177734,81.5984192837384,80.89583985988594,81.44529440872098,21364700
2023-10-04,81.45429992675781,81.49933988652104,81.00392781765756,81.19308327882369,14054000
2023-10-05,81.60743713378906,81.66148646810393,81.4363003795051,81.64346773262096,11315900
2023-10-06,81.1300277709961,81.39124440705766,80.78774745760475,80.85980176896477,12257100
2023-10-09,82.16588592529297,82.16588592529297,81.61643142086648,81.74253505741031,5816700
2023-10-10,82.00373840332031,82.22892441380654,81.65244877673233,81.75153117111681,11508300
2023-10-11,82.45415496826172,82.50819744089148,82.1478982550438,82.32805128403534,14815800
2023-10-12,81.6614761352539,82.31901558236716,81.56239371903686,82.2739756214928,12855900
2023-10-13,82.18390655517578,82.29199834323333,82.0217723091562,82.25596774721414,9872500
2023-10-16,81.69750213623047,81.7605539599334,81.58941722253023,81.70651150308329,7248000
2023-10-17,80.89582824707031,81.10300242104366,80.75171275954602,80.97689879241027,11191600
2023-10-18,80.51751708984375,80.78774307722318,80.38240409615403,80.67064194236367,13794200
2023-10-19,80.12118530273438,80.61659730879211,80.04012163199701,80.29232888157834,27116700
2023-10-20,80.58958435058594,80.70667862214886,80.3914195278388,80.40943138802815,12587100
2023-10-23,80.96790313720703,81.06698555821553,80.17525064127254,80.30135429125909,12365000
2023-10-24,81.11203002929688,81.12103252470088,80.71570032323574,80.9048558087284,10906000
2023-10-25,80.40042877197266,80.71568786580423,80.30134636074948,80.68866663949478,15170200
2023-10-26,81.01295471191406,81.0489853130936,80.46350007016169,80.4815119346842,15901300
2023-10-27,81.13903045654297,81.14803294963883,80.80575266442847,80.94987501954786,11628200
2023-10-30,80.8687973022461,81.00391028015055,80.59857821856872,80.74269368877034,11022500
2023-10-31,80.69769287109375,81.08501326377107,80.67968100563347,80.91387648942634,11574700
2023-11-01,81.62713623046875,81.67229483429873,80.89549517903804,80.93162619687423,22448900
2023-11-02,82.1329345703125,82.39487921058962,81.95228642108664,82.2503551781808,14046200
2023-11-03,82.76522827148438,83.31621420703844,82.75620068592798,83.135566017897,23133700
2023-11-06,82.28653717041016,82.48525439245343,82.19621303983305,82.45815784240924,11246700
2023-11-07,82.75618743896484,82.93683559918954,82.54843585254943,82.54843585254943,13189400
2023-11-08,83.09038543701172,83.17168193126383,82.76521324257413,82.77424771777669,11117600
2023-11-09,82.2684555053711,82.95492424727927,82.22329000519575,82.94589666027443,17067900
2023-11-10,82.3587646484375,82.6297438176724,82.26844055578805,82.6116748643706,10674700
2023-11-13,82.3136215209961,82.34072495831279,81.91619402710054,82.04264916942482,8930200
2023-11-14,83.55104064941406,83.61426818830816,83.35232355823689,83.48781311051995,14313600
2023-11-15,82.90070343017578,83.15361360746962,82.82844141058168,83.14458602348448,12969400
2023-11-16,83.52396392822266,83.65041903600469,83.37943986716516,83.38847434380288,10375600
2023-11-17,83.57817840576172,83.66850252140698,83.41559224108494,83.6233439092285,8462000
2023-11-20,83.69559478759766,83.74978787149412,83.37945008810195,83.40654663005017,7481200
2023-11-21,83.80397033691406,83.92139785886079,83.58719113750807,83.79493586031359,9153300
2023-11-22,83.77688598632812,83.99366521727133,83.56913434201223,83.93043765444258,7255100
2023-11-24,83.34330749511719,83.47879707733125,83.33427990991295,83.41556952446955,4125800
2023-11-27,83.97562408447266,83.9846585646394,83.54205862322831,83.59625861293962,9539800
2023-11-28,84.34590911865234,84.37301254438488,83.83105429030158,83.87621977523702,13563300
2023-11-29,84.78852844238281,84.87885254187283,84.53561131600885,84.65303884750423,19075400
2023-11-30,84.37303924560547,84.49949437390089,84.20141861808125,84.47239093959104,18446700
2023-12-01,85.16909790039062,85.21437719622618,84.32682560915514,84.35399456859743,21393200
2023-12-04,84.81587219238281,85.03323073811968,84.63473431284909,84.84304114688697,16402000
2023-12-05,85.41363525390625,85.5042076753883,85.12382147039835,85.1781663052287,25452100
2023-12-06,85.766845703125,85.84835950062845,85.50420779152836,85.60382501782378,14023400
2023-12-07,85.6400375366211,85.91174093422028,85.54947204065617,85.58569962098302,13730100
2023-12-08,85.08758544921875,85.26872336452145,84.88834410694321,85.16004061533982,13825300
2023-12-11,85.09667205810547,85.13289965308016,84.7344030180658,84.90648236676877,10484600
2023-12-12,85.27780151367188,85.33213944585191,85.00609803335868,85.08760493162872,7248000
2023-12-13,86.54574584960938,86.65442864023602,85.46800420881902,85.53140077592434,16155200
2023-12-14,87.26514434814453,87.44681149306993,86.9472233794464,86.99263670059908,32373200
2023-12-15,87.19245910644531,87.33779834048876,87.0562053070686,87.10162555024621,9407100
2023-12-18,87.00172424316406,87.03805905906026,86.86547041609269,87.02897362254683,8634100
2023-12-19,87.16521453857422,87.32871772081002,87.10163035271343,87.14705059839535,9047100
2023-12-20,87.5921401977539,87.64663894863263,87.18338570585045,87.36505282888388,12659100
2023-12-21,87.45589447021484,87.83739962192516,87.33781152234941,87.78290086601145,8939700
2023-12-22,87.37413024902344,87.63755240436706,87.24696188853423,87.61938153563666,4956400
2023-12-26,87.42864227294922,87.51039040418367,87.31963783447969,87.33780870596975,3342500
2023-12-27,88.10987854003906,88.14621334218963,87.73745201561196,87.80104311699164,7362400
2023-12-28,87.7738037109375,88.07356068875548,87.68297015315648,87.9282283823371,4858500
2023-12-29,87.55581665039062,87.78290404847343,87.46498307718899,87.5194818350785,7820500
2024-01-02,87.22880554199219,87.33780998205437,87.12888653780779,87.14705740956333,9444000
2024-01-03,87.43772888183594,87.51039157830026,86.77463066669092,86.84730029331227,11040500
2024-01-04,86.91088104248047,87.04713485446072,86.82004747787921,86.91996647798761,7354800
2024-01-05,86.59294128417969,87.21969759484048,86.52935710976033,86.59294128417969,10001000
2024-01-08,86.88362121582031,87.16520731126226,86.62019905905117,86.64744843213833,7044700
2024-01-09,86.84729766845703,86.97446604612237,86.7655426084397,86.7655426084397,7360800
2024-01-10,86.71104431152344,87.07438550540373,86.6928803704,87.01080131623644,9212700
2024-01-11,87.17432403564453,87.23790823905586,86.72923461176522,86.838232143237,10305400
2024-01-12,87.41046142578125,87.63754876438801,87.21970196281465,87.41046142578125,8469600
2024-01-16,86.70195770263672,87.16521789181918,86.58387476154019,87.05621345608309,9847100
2024-01-17,86.42037200927734,86.50212706903132,86.24778338436313,86.44762138580974,9170700
2024-01-18,86.22962951660156,86.44763148448413,86.13879594083028,86.38404728842849,8910100
2024-01-19,86.23870086669922,86.25686480682347,85.8753596928059,86.0933616250793,17711100
2024-01-22,86.50211334228516,86.64744563744786,86.42944372962596,86.54752665258039,9831500
2024-01-23,86.28409576416016,86.31134513360821,86.17509828636796,86.29318119736118,6428600
2024-01-24,86.03886413574219,86.62929268570399,85.98436538441409,86.60203637988337,9718000
2024-01-25,86.41130065917969,86.4385569703118,86.20238411827239,86.3386379533012,11588100
2024-01-26,86.25686645507812,86.33862151259068,86.14786202178026,86.33862151259068,9134600
2024-01-29,86.77462005615234,86.85637510864386,86.45669914125463,86.52028332423417,6947500
2024-01-30,86.89270782470703,86.9653705105363,86.42944768549586,86.9199571981625,7265800
2024-01-31,87.619384765625,87.63755563502524,87.19245942674917,87.28329298328195,15778300
2024-02-01,88.1620864868164,88.42615471524611,87.72500636286135,87.96175838613505,33372900
2024-02-02,87.0147476196289,87.32434745385714,86.85084345966152,87.1786517795963,13809200
2024-02-05,86.16792297363281,86.49573134057339,86.0768666377389,86.41378272241481,12147700
2024-02-06,86.63232421875,86.7142797886979,86.24077569981861,86.26809190741675,9327000
2024-02-07,86.4775390625,86.8235559826191,86.4502228513267,86.4775390625,8619800
2024-02-08,86.19524383544922,86.3591410674094,86.1132882723162,86.28630016892252,7808000
2024-02-09,86.04043579101562,86.11328363273056,85.95848717945074,85.98580338330571,8492500
2024-02-12,86.12238311767578,86.22254715367144,85.95847896306033,86.11327540154385,7023600
2024-02-13,85.17538452148438,85.56693296043272,85.15716908870421,85.4849774072262,11978400
2024-02-14,85.49412536621094,85.6489218819455,85.26648097937,85.26648097937,8979600
2024-02-15,85.73084259033203,85.95848688454579,85.62157082813452,85.8674305562908,6788300
2024-02-16,85.35750579833984,85.40303743774264,85.18450085234535,85.23002554459536,7147400
2024-02-20,85.50321960449219,85.70354774486874,85.49411188525117,85.53053581506094,8286300
2024-02-21,85.23003387451172,85.61247467312283,85.17540145961112,85.5669499764235,6433900
2024-02-22,85.23912811279297,85.40303227872802,85.08433166361884,85.20270419290158,8688500
2024-02-23,85.63068389892578,85.69442402740471,85.26645161598066,85.26645161598066,6426700
2024-02-26,85.50321960449219,85.64890837657697,85.30289146411562,85.63980760449023,6417200
2024-02-27,85.31200408935547,85.5214330138623,85.25736471792158,85.37574423339946,7540600
2024-02-28,85.62158203125,85.62158203125,85.35751378175185,85.41215314357613,5293600
2024-02-29,85.79458618164062,85.89475023091434,85.66710592750186,85.68531441502762,11919200
2024-03-01,86.18626403808594,86.24104121332978,85.47413289767027,85.68411671314594,11857200
2024-03-04,85.9945297241211,86.08582733036675,85.88496841728978,85.89410026758262,6641600
2024-03-05,86.52408599853516,86.67929964037168,86.33235887509798,86.43278836340741,7673100
2024-03-06,86.73406219482422,86.90753254819367,86.63363272345894,86.67928501610203,9499200
2024-03-07,86.88014221191406,86.93491938953483,86.66101957030746,86.90753080072444,8420900
2024-03-08,86.94404602050781,87.09012080724618,86.87100514435797,87.0262117820054,8103600
2024-03-11,86.83447265625,86.99881112200123,86.75229994059421,86.97142253863608,5568200
2024-03-12,86.47843170166016,86.61538162294066,86.37800222375861,86.58798606623468,6556500
2024-03-13,86.28671264648438,86.41453072745178,86.25019219969897,86.35062168696807,9708400
2024-03-14,85.6476058959961,85.97628291550512,85.62934915738435,85.96715802898038,10055900
2024-03-15,85.50152587890625,85.6567325271136,85.48326217584551,85.58369164599421,6591400
2024-03-18,85.40107727050781,85.54715203444965,85.31890455627283,85.47411813525886,5319700
2024-03-19,85.6476058959961,85.76629907644016,85.51978782902727,85.57457197598693,5470300
2024-03-20,85.84845733642578,86.14061388758415,85.54716893397949,85.7389029832174,10190800
2024-03-21,85.85758209228516,86.07669774615542,85.78454121914139,86.01278872354489,8271200
2024-03-22,86.27758026123047,86.3323574482892,86.19541448064237,86.3323574482892,6119800
2024-03-25,86.04930877685547,86.19539052249236,85.99453160502215,86.19539052249236,4488900
2024-03-26,86.17713165283203,86.19539535484105,85.92149554919682,86.02192501356228,5477600
2024-03-27,86.50582122802734,86.54234167180113,86.26844182627897,86.27757367861302,4838500
2024-03-28,86.42364501953125,86.52406752083182,86.2593065251715,86.31408370143755,7561400
2024-04-01,85.64165496826172,86.06285761331985,85.57755906544699,86.06285761331985,10854000
2024-04-02,85.45854187011719,85.49516910516884,85.17468254494963,85.25709557029853,7214900
2024-04-03,85.55925750732422,85.55925750732422,85.02817312460445,85.11057915678676,12908000
2024-04-04,85.85226440429688,85.87057452640246,85.50430921092197,85.74238271387377,6960500
2024-04-05,85.2845687866211,85.65083417068942,85.27541023088833,85.38529194188817,6334600
2024-04-08,85.09227752685547,85.21131080275394,84.98239582038167,85.07396740207527,7115100
2024-04-09,85.43107604980469,85.5043235364289,85.33950446614516,85.33950446614516,5151100
2024-04-10,84.29562377929688,84.76261214929937,84.16743198924578,84.70767480668565,14993700
2024-04-11,84.1766128540039,84.4879338592404,84.06673115372196,84.45131361174354,9371400
2024-04-12,84.5245361328125,84.75345103468746,84.5245361328125,84.6161076823052,11675600
2024-04-15,83.98432922363281,84.00263934827636,83.6455325373155,83.94770198841493,12315300
2024-04-16,83.6546859741211,83.81034647482477,83.48986691869061,83.61805874114428,12027200
2024-04-17,84.18576049804688,84.24985640175498,83.81949519717357,83.95684555824225,10515400
2024-04-18,83.89276885986328,84.10336674057454,83.78288714866751,84.10336674057454,6964500
2024-04-19,84.00263214111328,84.11251383733943,83.91106755388994,84.09419672833664,6125800
2024-04-22,84.01180267333984,84.07589859212749,83.82867347278406,83.84698359846716,4002900
2024-04-23,84.12166595458984,84.33226379049493,83.81949655253855,83.90190257895453,8319800
2024-04-24,83.86526489257812,83.95683644730634,83.7279215323434,83.9293677752594,7567400
2024-04-25,83.5447998046875,83.627212820958,83.34335352705965,83.40744943485669,5784300
2024-04-26,83.77371978759766,83.90191161088643,83.70962387595327,83.73709255438223,5432600
2024-04-29,84.1125259399414,84.13083606564855,83.89276950179949,83.96601699055931,4846500
2024-04-30,83.7187728881836,83.92021915494168,83.64551843010254,83.79202734626465,7516700
2024-05-01,84.05032348632812,84.36257703183912,83.74726273003984,83.96767246371289,12392500
2024-05-02,84.44520568847656,84.50031336232344,83.98601477770356,84.05030122494388,8661500
2024-05-03,84.91357421875,85.13398387286341,84.69316456463658,85.0513328800821,8501100
2024-05-06,84.987060546875,85.07889733410912,84.86767342414042,84.9503244306418,4043400
2024-05-07,85.20747375488281,85.42788345468261,85.13400151938353,85.290131771494,7776200
2024-05-08,84.96867370605469,85.09725359309807,84.95949493367026,85.0237813738437,9024000
2024-05-09,85.22583770751953,85.29012415616693,84.92277001816865,84.95032035234647,9625200
2024-05-10,84.95033264160156,85.07890555749621,84.90441074019701,85.04216943771226,3205000
2024-05-13,85.05138397216797,85.19832149427974,85.042198187442,85.17077114680258,3228700
2024-05-14,85.29931640625,85.33605252652353,85.12482859332387,85.21666539065843,4688800
2024-05-15,85.94216918945312,86.00645563418577,85.68502341052253,85.7952247405231,11384500
2024-05-16,85.77686309814453,85.96972243888615,85.74931276470961,85.96972243888615,4278400
2024-05-17,85.51054382324219,85.71258897307338,85.49217226051304,85.63911673555327,3883900
2024-05-20,85.38197326660156,85.46462428106834,85.35442292844597,85.39115904821956,4575900
2024-05-21,85.60240173339844,85.67587398904286,85.55648682864563,85.63913786122065,2669700
2024-05-22,85.49217987060547,85.5932024545136,85.38197851121394,85.39116429339619,3616300
2024-05-23,85.18911743164062,85.5381000739392,85.0605445104412,85.52891429193961,6005500
2024-05-24,85.29931640625,85.308502187993,85.07890669130734,85.10645702983786,3926400
2024-05-28,84.82176208496094,85.39116144740214,84.80339052120877,85.37278988364997,8761400
2024-05-29,84.40848541259766,84.61970932990171,84.23399060610458,84.61052354884997,10126800
2024-05-30,84.83096313476562,84.84932769512446,84.64728249767792,84.69320440862482,5069500
2024-05-31,85.22583770751953,85.24420226140562,85.05134291546344,85.088079029933,4807400
2024-06-03,85.7840347290039,85.83009361072895,85.34190038587772,85.34190038587772,7675900
2024-06-04,86.25382232666016,86.33672692142211,86.01432875330315,86.06960082567772,8752000
2024-06-05,86.56700134277344,86.57620749786795,86.11564674956709,86.36435348910517,6466800
2024-06-06,86.53015899658203,86.61305656124456,86.39198936121154,86.41962188276572,5849400
2024-06-07,85.61825561523438,85.81169734841494,85.60904945849288,85.7932709797308,7125100
2024-06-10,85.43402099609375,85.51691855966162,85.3511234325259,85.46165351728304,3938900
2024-06-11,85.8853530883789,85.90377945091588,85.49848380628129,85.58138838250119,3954700
2024-06-12,86.36436462402344,86.88019047979382,86.34593825626008,86.65912325983511,9243200
2024-06-13,86.9354476928711,87.06440414519156,86.65911544972707,86.75122619744174,6529900
2024-06-14,87.13809967041016,87.2210042665891,87.00914321199838,87.05520210183111,5424600
2024-06-17,86.73281860351562,86.78808365410801,86.61306829043141,86.71439223491781,4957200
2024-06-18,87.11046600341797,87.21178993763925,86.8433399066164,86.88018561247866,5232600
2024-06-20,86.889404296875,86.91703682112119,86.6314913671103,86.67754323165384,3573100
2024-06-21,86.90779876708984,87.1380791067099,86.75120982277178,87.05518155769384,6908700
2024-06-24,86.98149871826172,86.98149871826172,86.79727723948416,86.92623368014824,5276000
2024-06-25,87.05520629882812,87.0920520069507,86.8894041260767,86.92624983419927,3790100
2024-06-26,86.53015899658203,86.66832160435293,86.51173263047951,86.60384337819332,4196400
2024-06-27,86.72360229492188,86.80649986782399,86.68675658665417,86.69596977062116,4946600
2024-06-28,86.26300811767578,86.93542270758019,86.26300811767578,86.91700337437081,6032400
2024-07-01,85.62090301513672,86.02743595035255,85.53775239605282,85.77796999499661,13662800
2024-07-02,85.94427490234375,86.04590813215084,85.81492480059869,85.98123308127832,8195700
2024-07-03,86.51712799072266,86.55408617473572,86.11059501563186,86.15679450791139,3861000
2024-07-05,86.99756622314453,87.05299996755811,86.71114209588653,86.82201663376563,5111500
2024-07-08,87.02526092529297,87.08993596031655,86.8404700759041,86.96982014595125,5294600
2024-07-09,86.9051513671875,87.00678457940538,86.69265068640514,86.88667580544364,3006900
2024-07-10,86.98832702636719,87.03451946481515,86.85897692022957,86.97908571905676,4076600
2024-07-11,87.54267883300781,87.75518659033288,87.50572065568817,87.60735388105431,9658400
2024-07-12,87.72746276855469,87.72746276855469,87.50572075344066,87.56115449495628,4304500
2024-07-15,87.45028686523438,87.61659513855382,87.3763705106365,87.50572060665701,3754500
2024-07-16,87.83833312988281,87.84757443604714,87.52419921080799,87.60734981913325,4705800
2024-07-17,87.9122543334961,87.96768807543931,87.62583021900235,87.70898788096879,5113500
2024-07-18,87.66278076171875,87.91224667683942,87.6073470246035,87.71822154788501,8640600
2024-07-19,87.3855972290039,87.49646469334087,87.33939775282992,87.4317896561275,5274400
2024-07-22,87.30245208740234,87.55191801599618,87.16386068807815,87.4872429695184,3869800
2024-07-23,87.36712646484375,87.54267603924684,87.3578922075972,87.42256725357971,5095600
2024-07-24,87.17310333251953,87.66278684180362,87.16386202600904,87.52420248940359,4733500
2024-07-25,87.36712646484375,87.66278482491398,87.30245141886124,87.34865090129932,4335600
2024-07-26,87.78289794921875,87.81061481820527,87.65354786124759,87.73669846820714,5217500
2024-07-29,87.93071746826172,88.01387511847334,87.84756686710072,88.00463381310524,6165600
2024-07-30,88.11551666259766,88.20790857786336,87.87529204366581,88.03235900452263,4419200
2024-07-31,88.76227569580078,88.77151700293575,88.1894344873165,88.37422538475593,10982900
2024-08-01,89.14131164550781,89.36372274671938,88.94670104815751,88.96523236062455,10492600
2024-08-02,90.52210998535156,90.5869801742748,90.01241059358301,90.06801866288887,18286500
2024-08-05,90.61478424072266,91.35616391787502,90.26263278275161,91.18008465372921,19098200
2024-08-06,89.80854034423828,90.42944175082668,89.74366308323421,90.39237206039029,9507000
2024-08-07,89.48416900634766,89.64171693484124,89.31735895936345,89.54903918737932,8419700
2024-08-08,89.21544647216797,89.28031667310724,89.03010506100482,89.11351364525338,4856100
2024-08-09,89.57687377929688,89.69734498889648,89.50273438708716,89.68807579728987,5174900
2024-08-12,89.82706451416016,89.87340339110241,89.41004290295969,89.46564389903443,4166400
2024-08-13,90.2255630493164,90.2255630493164,90.06802216585001,90.1977625487424,6458700
2024-08-14,90.34603118896484,90.47577156747309,90.16995900117242,90.18849031082202,4275700
2024-08-15,89.7807388305664,89.7807388305664,89.53979643195588,89.61392874750935,5507000
2024-08-16,89.95679473876953,89.97532604526427,89.715845332423,89.96606392717648,4437000
2024-08-19,90.0772933959961,90.17923328862442,89.9104833053608,89.9290216878321,4437600
2024-08-20,90.43870544433594,90.47577513541735,90.22556355851864,90.29970294068146,4886000
2024-08-21,90.62403869628906,90.82791842787279,90.31821909891346,90.53136801929267,5386000
2024-08-22,90.20701599121094,90.42016492564196,90.07727562079897,90.40163361714878,4819500
2024-08-23,90.62403869628906,90.68890887721848,90.29041860284649,90.39235846863835,5475400
2024-08-26,90.51283264160156,90.79085175212468,90.51283264160156,90.781582563022,3062400
2024-08-27,90.47577667236328,90.54064686527755,90.22556509121414,90.27190397343323,4433700
2024-08-28,90.42943572998047,90.56844529228147,90.3923660420122,90.49430591634493,8147000
2024-08-29,90.27191162109375,90.30897424562399,90.1329020329806,90.22557273494891,6199800
2024-08-30,89.95679473876953,90.40162386815396,89.9382634322748,90.29041481822807,4802600
2024-09-03,90.5498275756836,90.68925082101018,90.39181787361518,90.44758433520148,8232700
2024-09-04,91.07962799072266,91.12610476847333,90.62418535248092,90.65206858258705,9914900
2024-09-05,91.29339599609375,91.36775599153376,91.0052598779631,91.32127922154389,33635000
2024-09-06,91.42351531982422,91.87895784653259,91.1074889095049,91.3305688784452,17777600
2024-09-09,91.55364990234375,91.61871312623418,91.25621700865041,91.36775700304524,8532500
2024-09-10,91.94402313232422,91.99049989973838,91.54434704318332,91.56294058669262,7921400
2024-09-11,91.87897491455078,92.157821381847,91.70237877053275,91.75814522744788,7286200
2024-09-12,91.73026275634766,91.90685890182374,91.56295629286063,91.80461566906166,5929800
2024-09-13,91.90686798095703,92.0184079980871,91.79533505518796,91.98122799237709,5305500
2024-09-16,92.14852142333984,92.18570142378485,91.89756528453607,92.00909819451108,6666900
2024-09-17,91.98123168945312,92.14853817619242,91.9161684496857,92.09277171106642,7807000
2024-09-18,91.58152770996094,92.06486056571741,91.53505803356532,91.76742768962079,8584500
2024-09-19,91.50718688964844,91.5257804371895,91.29341073245057,91.33059073617207,16770800
2024-09-20,91.47929382324219,91.60013059518407,91.25622091626005,91.37705059684207,6580600
2024-09-23,91.42351531982422,91.50716498965764,91.07960568622708,91.29338888362183,7491700
2024-09-24,91.52579498291016,91.55367821729247,91.09823550920397,91.17258843710289,6580800
2024-09-25,91.15398406982422,91.33987699009353,91.15398406982422,91.33987699009353,10455100
2024-09-26,91.08891296386719,91.27480586806588,90.94019296742044,91.22833618769607,8026500
2024-09-27,91.45143127441406,91.49790805741749,91.2283583169928,91.30271833325371,6207700
2024-09-30,91.20046997070312,91.41424614126633,91.0517499465191,91.3863629095721,8902400
2024-10-01,91.53231048583984,91.79332417934242,91.42976837595101,91.51366258653837,11665600
2024-10-02,91.27131652832031,91.3085981108053,91.01961961795324,91.1221617500152,7742100
2024-10-03,90.80520629882812,91.09418475280583,90.77723444759032,91.02893132409827,11556100
2024-10-04,89.92893981933594,90.21791827313672,89.8823271793918,90.0221579871339,8878300
2024-10-07,89.60267639160156,89.7425000930515,89.55606374972452,89.59335244080803,10152600
2024-10-08,89.67723846435547,89.67723846435547,89.42554871266174,89.46283740033672,5975200
2024-10-09,89.34165954589844,89.56539170239616,89.29505401402962,89.5187790584364,6769200
2024-10-10,89.33233642578125,89.37894195437322,89.05267480586771,89.27639983454428,5959000
2024-10-11,89.36028289794922,89.44417709951901,89.19248738272064,89.23910001387429,5394100
2024-10-14,89.20183563232422,89.20183563232422,88.94082189577024,88.9874274275315,3850900
2024-10-15,89.6585922241211,89.69588090952844,89.50012064520705,89.54672616789908,7736900
2024-10-16,89.7984390258789,89.91962194099042,89.74250243175061,89.82640376689766,5041100
2024-10-17,89.33233642578125,89.44419538407432,89.25775904552559,89.40691380603691,5460200
2024-10-18,89.43486785888672,89.53740996646272,89.41621996000585,89.48147338190971,5174700
2024-10-21,88.74507904052734,89.11795895826258,88.7357621988513,89.0899942090487,6633600
2024-10-22,88.66114044189453,88.91283017100957,88.58656307323477,88.85690070055941,5433900
2024-10-23,88.45606994628906,88.55861206606964,88.31623913639824,88.40014046716891,6914300
2024-10-24,88.65184020996094,88.80099498718408,88.4374391078167,88.5399812391348,5486300
2024-10-25,88.45606994628906,88.85691447486121,88.39081651661874,88.84759052431104,6455300
2024-10-28,88.25098419189453,88.48403316701547,88.08318864532384,88.47471632871564,5447300
2024-10-29,88.28826904296875,88.30691694293826,87.83149506297558,87.87810058871938,8475400
2024-10-30,88.15776062011719,88.71707670370282,88.12047193293283,88.49335169268653,6341100
2024-10-31,88.11115264892578,88.27894819409585,87.83149814836916,88.01793448207357,8662900
2024-11-01,87.58939361572266,88.32811148162997,87.56134221250723,88.2439572719837,15659500
2024-11-04,88.05690002441406,88.30937681838833,87.88858453980727,88.19716411727443,8179300
2024-11-05,88.10368347167969,88.21588907225139,87.65483966700216,87.94472078144962,8118500
2024-11-06,87.19664764404297,87.43977166184015,86.9722293152233,87.0002807145595,15261400
2024-11-07,87.89794921875,88.05691188280571,87.50521541315507,87.55196536098548,15674000
2024-11-08,88.08496856689453,88.34679825380697,87.9821086877113,88.08496856689453,12335300
2024-11-11,87.84185791015625,87.86055646490682,87.69224093563166,87.82315222127568,3980000
2024-11-12,87.29015350341797,87.6735416468298,87.18729361782601,87.49587327460189,8037600
2024-11-13,87.23403930664062,87.6922287426869,87.12182659134952,87.68287589954704,6661800
2024-11-14,87.2247314453125,87.58006832658381,87.12187152011634,87.37434847619151,7510000
2024-11-15,87.26210021972656,87.55197418151761,86.86936637456517,87.05638045298589,16761500
2024-11-18,87.45848083496094,87.51458364044476,87.12184973379625,87.22470963327052,4788200
2024-11-19,87.64550018310547,87.78575719378458,87.60809593554745,87.72965438951293,4951500
2024-11-20,87.51456451416016,87.67353431850633,87.37430753110377,87.40235892771504,5752900
2024-11-21,87.46783447265625,87.73900992516849,87.35562172654156,87.58004721877093,5098200
2024-11-22,87.52392578125,87.64549135710443,87.43041873883661,87.58938142435237,5373900
2024-11-25,88.4683609008789,88.49641229942347,88.19718549139846,88.32809677402628,7716000
2024-11-26,88.28134155273438,88.30939294960488,88.10367319371522,88.28134155273438,5093100
2024-11-27,88.63667297363281,88.75823140730081,88.4590046109315,88.63667297363281,5587600
2024-11-29,89.01071166992188,89.0200573800116,88.83304330039952,88.95460173873438,5136200
2024-12-02,89.00321197509766,89.1157699892228,88.63740737429349,88.74058376488769,5950600
2024-12-03,88.74996185302734,89.13452252949223,88.6936792701658,89.09700319294511,5364800
2024-12-04,89.0876235961914,89.11576130796114,88.49670302470182,88.52484073647155,5908800
2024-12-05,89.07825469970703,89.13453013128625,88.82500094543582,88.82500094543582,5210300
2024-12-06,89.3596420288086,89.50033776858629,89.17205247982673,89.44406233510824,6880200
2024-12-09,89.05011749267578,89.25647028442167,89.05011749267578,89.24708866041074,4303100
2024-12-10,88.8906478881836,88.95630493625056,88.77809703782967,88.8625101755951,3543400
2024-12-11,88.62800598144531,89.10636848967133,88.59986827321092,89.02195536496815,6452800
2024-12-12,88.29035186767578,88.59988101492897,88.26221415539484,88.52484234479218,4518000
2024-12-13,87.87764739990234,88.17779490355329,87.83074644529898,88.14965719322366,5230100
2024-12-16,87.9057846069336,88.04648031385715,87.81198985434487,88.03709869177399,4607600
2024-12-17,87.9057846069336,88.04648031385715,87.85888365259878,87.8870213627673,4881100
2024-12-18,87.2263412475586,88.00741100223111,87.16046772175065,87.89448906066083,11553900
2024-12-19,86.83110809326172,86.9910928379153,86.68995564162192,86.93462467758229,9273800
2024-12-20,87.15106201171875,87.42396869140788,87.1322369001946,87.28280907368227,6070900
2024-12-23,86.76525115966797,87.1228565847271,86.6993776097379,87.08521353052727,5954500
2024-12-24,86.81230163574219,86.82171419365483,86.54880745161255,86.58645050358507,3076100
2024-12-26,86.8781509399414,86.91579398141029,86.51114026021475,86.53937074639741,3703300
2024-12-27,86.65231323242188,86.94403787419411,86.63348811894662,86.8217033553135,3752500
2024-12-30,87.16048431396484,87.2075327386835,87.06637310517311,87.07578566198772,4797700
2024-12-31,87.00049591064453,87.34868870138047,86.93462237506496,87.2828151658009,5856000
2025-01-02,87.04755401611328,87.31104816600832,86.86875133739431,87.1887136477505,5034800
2025-01-03,86.90637969970703,87.20751684579997,86.87814921408518,87.14164331945702,2863700
2025-01-06,86.82170867919922,86.8875822210477,86.63349343129103,86.80288356456961,3894600
2025-01-07,86.42646789550781,86.77466075018815,86.34177641121374,86.70878720251113,5524400
2025-01-08,86.57701110839844,86.59582903871247,86.28528652063814,86.30410445095217,6402900
2025-01-10,85.94651794433594,86.2288300152265,85.85241392070574,86.0688524570875,8210900
2025-01-13,85.79592895507812,85.92767599828606,85.71123750430533,85.89944551469513,5094300
2025-01-14,85.82417297363281,85.89945906153193,85.71125102146064,85.83358552953933,4365500
2025-01-15,86.72760009765625,86.79347363605075,86.55820997325938,86.69936242719243,7846600
2025-01-16,86.93462371826172,87.12283895116632,86.52996994211311,86.65231163842034,7550900
2025-01-17,87.00049591064453,87.1228376050615,86.91580444190376,87.06636944622409,3912800
2025-01-21,87.29222869873047,87.35810223504694,87.15106906957318,87.28281614220612,4431300
2025-01-22,87.06636810302734,87.26399588639408,86.96285870272224,87.25458333012024,3656400
2025-01-23,86.84050750732422,86.90638103467906,86.6993478973707,86.6993478973707,4860900
2025-01-24,87.01931762695312,87.12283420449155,86.76522887129458,86.81228447187627,4468700
2025-01-27,87.58394622802734,87.65923231476005,87.39573819087198,87.59335878378803,4297100
2025-01-28,87.5933837890625,87.61220172627942,87.31106447305939,87.36752546438862,3906600
2025-01-29,87.48983001708984,87.75332410425806,87.23574130469522,87.687450582466,4918400
2025-01-30,87.67805480957031,87.8192144346213,87.59336334234578,87.67805480957031,4365600
2025-01-31,87.53689575195312,87.83803293683145,87.33927514747143,87.70628586717699,6277400
2025-02-03,87.59918975830078,88.0617764101598,87.47646474528364,87.78799857872635,8294000
2025-02-04,87.81634521484375,87.81634521484375,87.41984225284915,87.41984225284915,6742300
2025-02-05,88.32612609863281,88.48662154512168,88.146759850645,88.17508045808539,6576300
2025-02-06,88.22228240966797,88.34501465001756,88.09011476821169,88.23172501337092,5268500
2025-02-07,87.92962646484375,88.01459549292619,87.77858081866955,87.93906906854096,4565300
2025-02-10,87.9107437133789,88.14675837489213,87.86353790003791,88.0240261412439,3229100
2025-02-11,87.68417358398438,87.75970001215703,87.6275323641532,87.69361618815512,3379500
2025-02-12,87.07996368408203,87.15549010108381,86.92891805267402,87.09884888963025,7280200
2025-02-13,87.73135375976562,87.7974375644523,87.514217142884,87.53310234570563,6121900
2025-02-14,88.09955596923828,88.27892942375716,88.06179275762399,88.1467617844052,5157900
2025-02-18,87.62751007080078,87.9201659022693,87.61806746903234,87.82576149236928,4484100
2025-02-19,87.76911926269531,87.8068824667336,87.58030324250392,87.58030324250392,4607000
2025-02-20,87.9485092163086,88.0429136428558,87.90130340173697,87.91074600517051,7545400
2025-02-21,88.46774291992188,88.58103256070753,88.05235477297101,88.06179737701895,6156500
2025-02-24,88.65656280517578,88.71320402670914,88.3544570834063,88.38278489676982,4109500
2025-02-25,89.35514831542969,89.40234692407569,89.1380116673523,89.21353808430058,7697100
2025-02-26,89.60061645507812,89.65725767337307,89.20410631922422,89.31739595841054,7379800
2025-02-27,89.49675750732422,89.52507811270208,89.26074285904815,89.29849886448831,5907900
2025-02-28,89.9876708984375,90.02543410902956,89.5911679911148,89.77053423818214,11831500
2025-03-03,90.31431579589844,90.37112089589309,89.67049817669404,89.67996810117178,9637400
2025-03-04,90.0302734375,90.68356096368316,89.87879076709324,90.45633334635517,12745500
2025-03-05,89.52847290039062,90.17229048146093,89.50007035207562,90.04921036428406,15590000
2025-03-06,89.48113250732422,89.65155501070727,89.1497574239225,89.48113250732422,9318900
2025-03-07,89.36753845214844,89.9640137581516,89.28233078990668,89.92614850166878,9210200
2025-03-10,89.99241638183594,90.13442914094975,89.80305399729025,89.8882688761949,7698500
2025-03-11,89.67049407958984,90.2385667238885,89.54741396074641,89.99240648620162,10408600
2025-03-12,89.40541076660156,89.62317571987795,89.3675382867519,89.38647813839519,7610300
2025-03-13,89.76519775390625,89.80307023766441,89.18765501761021,89.2728699119255,6902300
2025-03-14,89.45274353027344,89.61369613470796,89.42433375587073,89.53795118317306,4390900
2025-03-17,89.52847290039062,89.80304290649485,89.43379533152877,89.61368776877114,6734000
2025-03-18,89.63262939453125,89.78411929867198,89.38646913545686,89.3959318368885,8993300
2025-03-19,89.90719604492188,89.9355985950204,89.41486832186362,89.55688107235623,5854500
2025-03-20,90.03974914550781,90.40899675617315,89.93560164266003,90.39006412994455,4409100
2025-03-21,89.96400451660156,90.26697710139987,89.945071890305,90.18176944791108,4919600
2025-03-24,89.44326782226562,89.73677046119089,89.41486527313552,89.71783783624939,4823500
2025-03-25,89.59475708007812,89.69890458350365,89.42433454933054,89.44327439910039,6825800
2025-03-26,89.38645935058594,89.53794201470811,89.31071440680714,89.44326444670232,8281700
2025-03-27,89.31071472167969,89.38645966572552,89.19709730561092,89.28231217352136,5085100
2025-03-28,90.0302734375,90.08708575940878,89.70836824823832,89.73677079747485,6224500
2025-03-31,90.29537200927734,90.47525721150406,90.03026472072085,90.40898219522369,13255800
2025-04-01,90.61261749267578,90.85957214404588,90.48913654372346,90.48913654372346,18128800
2025-04-02,90.52713775634766,90.9925537244234,90.24219674677667,90.9925537244234,7635900
2025-04-03,91.45795440673828,91.79988938539526,91.35347387178562,91.5719351484688,18188000
2025-04-04,91.71438598632812,92.62621002118708,91.70489302774413,92.32226867623409,27006500
2025-04-07,90.62212371826172,91.80939601990627,90.41316263372667,91.64792147951597,68670600
2025-04-08,90.16620635986328,90.79308235576711,90.11871257002947,90.14721319185071,19508000
2025-04-09,89.88126373291016,89.92875752571307,88.91245267993484,89.5013423766283,24170800
2025-04-10,89.32086944580078,90.0237326097357,89.27337565577027,89.77677794533994,12093800
2025-04-11,88.81746673583984,89.02642781652914,88.13359674323307,88.77947315330226,55446600
2025-04-14,89.52983093261719,89.62481126657308,89.09291559919215,89.20688910132522,12630900
2025-04-15,89.79578399658203,90.00474509137717,89.51083573158223,89.52033593949166,7708100
2025-04-16,90.18519592285156,90.30867687286954,89.71978723653088,89.90975514173752,8708400
2025-04-17,89.92877197265625,90.22321324503692,89.84328458118463,90.13773310010183,6987000
2025-04-21,89.44434356689453,89.99523964903327,89.42535039871578,89.66280485689265,4901300
2025-04-22,89.51083374023438,89.70080166151983,89.50134077907153,89.68180124612367,5233000
2025-04-23,89.6058120727539,90.4416564146381,89.49183856906794,90.27068891257407,8041300
2025-04-24,90.0902328491211,90.11872622872598,89.87177877445971,89.96675912198798,7308900
2025-04-25,90.43216705322266,90.49865402052535,90.21371298060066,90.3371867065811,5341300
2025-04-28,90.79308319091797,90.82158381300137,90.29918110616381,90.32767448171222,4950500
2025-04-29,91.10652160644531,91.11602181347186,90.73609324429164,90.74559345131819,5350200
2025-04-30,91.24900817871094,91.33449556054718,90.99256052627362,91.08754086989723,13923200
2025-05-01,90.85163116455078,91.38527272888474,90.67058082631821,91.36621020682531,13703300
2025-05-02,90.24175262451172,90.51810100596103,90.08928881384183,90.38469244529189,9331600
2025-05-05,90.07975769042969,90.22269751142676,89.88917610924779,90.21316625130127,10089400
2025-05-06,90.30845642089844,90.32751894101833,89.95587977111424,90.04163930098998,6081200
2025-05-07,90.54667663574219,90.66102993266958,90.38468158442703,90.40374410235847,9471100
2025-05-08,89.84152221679688,90.50857225527672,89.82246696779845,90.48950973605737,6409000
2025-05-09,89.90824890136719,90.15601082142179,89.87966238563449,90.00353971055043,3698700
2025-05-12,89.33647918701172,89.54612328807265,89.31742393701586,89.31742393701586,9483700
2025-05-13,89.26978302001953,89.49848239186177,89.1268431862849,89.45084062743153,13166800
2025-05-14,88.9362564086914,89.29836433220517,88.87907611639443,89.23166004970997,6994700
2025-05-15,89.51756286621094,89.56520464019556,89.19356536008787,89.30791870405308,9024900
2025-05-16,89.54613494873047,89.88918765509847,89.53660368738073,89.87012513239901,6819200
2025-05-19,89.49849700927734,89.5175595343404,88.99344914845332,89.0315669283563,11704900
2025-05-20,89.38414764404297,89.4508519388579,89.12685445674047,89.26026304637034,8929600
2025-05-21,88.76473236083984,89.1554268054645,88.65037904351907,89.03154949769994,11383500
2025-05-22,89.09825134277344,89.1363691141702,88.67896312763068,88.79331644182093,10981200
2025-05-23,89.35552978515625,89.49846959845827,89.23165249107898,89.4889456090668,9860700
2025-05-27,89.72718811035156,89.82247890845315,89.45083970670163,89.55566176567994,10834400
2025-05-28,89.47941589355469,89.6128244495465,89.3745938466724,89.5461201715506,8591500
2025-05-29,89.85107421875,89.93683376437212,89.67001659547316,89.7176656343005,9679100
2025-05-30,90.11788177490234,90.16553080864703,89.86059589525767,89.91776891957386,10268600
2025-06-02,89.81195068359375,90.00315906751518,89.65897814115077,89.86931173994371,13341900
2025-06-03,89.72590637207031,90.06052470803135,89.6494200969556,89.93623998156944,8508900
2025-06-04,90.38558197021484,90.46206824045534,89.9935953058315,90.070081576072,10115900
2025-06-05,90.11788177490234,90.50030580844775,90.0892012488595,90.3855764101446,8762800
2025-06-06,89.40084075927734,89.73545905824075,89.3721602328136,89.65897279158287,7624200
2025-06-09,89.56336975097656,89.67809915243095,89.40084190284848,89.41039721570405,6061200
2025-06-10,89.71633911132812,89.88842957434504,89.62073491945924,89.8501937329033,5579900
2025-06-11,90.08920288085938,90.127438720188,89.81194563386963,89.88842460665876,6594900
2025-06-12,90.48119354248047,90.4907561505737,90.27085992922605,90.43338779614709,7795400
2025-06-13,90.14656066894531,90.34733164174227,89.90754656407297,90.2804079841433,9195200
2025-06-16,89.88843536376953,90.23261631197094,89.86931744181734,90.04140791591806,7508400
2025-06-17,90.32821655273438,90.36645239187605,89.97447304055324,90.11788296679596,5285000
2025-06-18,90.38558197021484,90.67239454241836,90.23260942973387,90.48118616094935,6732400
2025-06-20,90.44294738769531,90.57679472000522,90.14657219388515,90.20393325226581,6261700
2025-06-23,90.7584457397461,91.05482092683805,90.63416101802775,90.7010846826657,9310300
2025-06-24,91.07393646240234,91.12173490684509,90.63415138521839,90.67238722311994,7694500
2025-06-25,91.11217498779297,91.1504108237613,90.80623724112752,90.90184141931087,6393300
2025-06-26,91.43724060058594,91.44680320768403,91.15998334779748,91.2842753576766,7131900
2025-06-27,91.19822692871094,91.4754841828573,91.14086587410551,91.19822692871094,8402400
2025-06-30,91.56153869628906,91.59978183613791,91.26516348012692,91.39901082253131,10542300
2025-07-01,91.39176940917969,91.60277057025704,91.22872571826814,91.51644858741513,10659800
2025-07-02,91.19994354248047,91.24790101090922,91.04649281461667,91.10403592290531,6026200
2025-07-03,90.8834457397461,90.979353355744,90.76835221017939,90.92181024960168,7398900
2025-07-07,90.5957260131836,90.74918407028778,90.5189969846315,90.73959111239805,8518600
2025-07-08,90.46145629882812,90.47104925697523,90.30800555488995,90.35595571105927,5282800
2025-07-09,90.93141174316406,90.94100470162101,90.59573137000388,90.59573137000388,6900800
2025-07-10,90.8834457397461,90.90262433603286,90.70121614725264,90.86425982617727,4451900
2025-07-11,90.46145629882812,90.6053214019023,90.4134988253757,90.5765498447441,6004300
2025-07-14,90.42308807373047,90.59572472688009,90.31758749029,90.4614525874618,5101600
2025-07-15,90.06822204589844,90.53817449691529,90.02026457818393,90.52858153991593,5628100
2025-07-16,90.31758117675781,90.3847172417739,90.087401427743,90.21208060069222,12786300
2025-07-17,90.28880310058594,90.47103268558683,90.2120740840296,90.3655321171423,4747200
2025-07-18,90.53816986083984,90.61489887834121,90.44226224760408,90.54776281734797,4035000
2025-07-21,90.85469055175781,91.01773426005047,90.80673307647955,90.92182662677735,5232300
2025-07-22,91.11363220214844,91.17117531253515,90.93140259621372,90.95058851119768,6098000
2025-07-23,90.78754425048828,90.96017358056504,90.73958678061192,90.90263047053946,5074000
2025-07-24,90.65325927734375,90.74917421125508,90.46144404408531,90.47103700093287,5867400
2025-07-25,90.86427307128906,90.86427307128906,90.58613582225416,90.62450033770206,3614000
2025-07-28,90.6628646850586,90.76836527302392,90.62450016968182,90.70122920043536,5073200
2025-07-29,91.25750732421875,91.25750732421875,90.7779618388758,90.79714043868482,7864000
2025-07-30,90.94099426269531,91.19035993296872,90.87385819576969,90.94099426269531,7425600
2025-07-31,91.0177230834961,91.23830988120893,90.97935857144115,91.08485915027163,10411800
2025-08-01,92.06558227539062,92.1136964064624,91.73842233471117,91.75767092361417,11870100
2025-08-04,92.190673828125,92.22916366687019,91.92125229809474,92.15218398937981,8449500
2025-08-05,92.12330627441406,92.23877577539398,92.00784411461929,92.0270853608567,8218700
2025-08-06,92.05595397949219,92.10406810847255,91.66144601835768,91.9885986036309,10107500
2025-08-07,91.98861694335938,92.15219326860813,91.92126155406949,92.05597233264926,5725900
2025-08-08,91.77690887451172,91.86351283909275,91.72880208635375,91.86351283909275,5623800
2025-08-11,91.80579376220703,91.93088023719774,91.75767962657179,91.84427626129157,4920200
2025-08-12,91.78653717041016,91.78653717041016,91.58447103249179,91.69031624871366,6724600
2025-08-13,92.11369323730469,92.20991415495205,92.02708927259225,92.04633786083299,5925200
2025-08-14,91.81539154052734,91.98859211497997,91.74803616941716,91.959726576102,5527500
2025-08-15,91.6325912475586,91.83465739889243,91.57485281775875,91.77691896909259,7428500
2025-08-18,91.54597473144531,91.70955102089769,91.45937811038885,91.69993406823713,9669600
2025-08-19,91.77690887451172,91.81539870974935,91.67106366290457,91.68068795701035,6499300
2025-08-20,91.91162872314453,91.9982326962962,91.7576767081438,91.77691795707408,6270700
2025-08-21,91.6422119140625,91.83466111921457,91.51712543660356,91.78654698262991,5351300
2025-08-22,92.15217590332031,92.25802111528549,91.76729223201289,91.7961577732424,10867700
2025-08-25,91.9693603515625,92.0944468133251,91.9212462210154,91.98860159906997,9936400
2025-08-26,92.20991516113281,92.23878070262344,91.98860044106203,92.04633886522883,5871200
2025-08-27,92.38311767578125,92.38311767578125,92.02709219388043,92.08482327806436,5222800
2025-08-28,92.59481811523438,92.59481811523438,92.31577227620531,92.35426211688377,6544700
2025-08-29,92.51783752441406,92.5948172050143,92.40236800351373,92.48897197948558,6818900
2025-09-02,92.24174499511719,92.31896953216537,92.12589714168554,92.15485726373356,8623200
2025-09-03,92.560302734375,92.6954548647431,92.25138252707096,92.25138252707096,7586100
2025-09-04,92.97542572021484,92.97542572021484,92.67616130620688,92.79200915932587,6395300
2025-09-05,93.42915344238281,93.66084178215127,93.42915344238281,93.55465712390534,9566300
2025-09-08,93.71875762939453,93.72840609196267,93.56429384544096,93.66083002779264,7599600
2025-09-09,93.4967269897461,93.7766871018062,93.40984662664432,93.67049508118895,8223100
2025-09-10,93.74771881103516,93.86356665031448,93.60291085324565,93.68979857401483,8864500
2025-09-11,93.89253234863281,94.08560472700019,93.86357222840162,93.8732206916526,8554300
2025-09-12,93.62223052978516,93.68015077176756,93.487071023094,93.67049494302405,36502700
2025-09-15,93.77668762207031,93.85391952208212,93.73807167206441,93.78634345088163,4990100
2025-09-16,93.8346176147461,93.92150535259766,93.74773724213465,93.78635319615312,5847700
2025-09-17,93.63186645507812,94.14351483137959,93.51602598662546,93.93113818413693,10701700
2025-09-18,93.32294464111328,93.45809676211691,93.16848823078263,93.30364035178627,7589200
2025-09-19,93.28434753417969,93.35192360832718,93.15885121511711,93.27469907018697,5528800
2025-09-22,93.1298828125,93.31330672540916,93.12022698412608,93.28433924028742,5282700
2025-09-23,93.3905258178711,93.40018164568268,93.14918167925175,93.26502951727494,7077500
2025-09-24,93.13954162597656,93.2843422300309,93.10092567648232,93.2746937665868,5419700
2025-09-25,92.93680572509766,92.98507750310662,92.77269346424997,92.92715726168726,6517500
2025-09-26,92.88854217529297,93.09127038738339,92.80165444711746,92.91750229627169,7295300
2025-09-29,93.1588363647461,93.20710813797349,92.99472412015456,93.00437258260922,6357500
2025-09-30,93.12022399902344,93.40983991904449,93.08160805200471,93.23607184007962,9257800
2025-10-01,93.43396759033203,93.56953292067381,93.28871691132116,93.50175025550291,8347000
2025-10-02,93.53079223632812,93.58889693643806,93.33712960331069,93.39522691566474,9420600
2025-10-03,93.3468246459961,93.57922130730418,93.32745394802903,93.54048729912672,5154300
2025-10-06,93.07569122314453,93.28871718018381,93.06600587444751,93.12410319111673,6319600
2025-10-07,93.30809020996094,93.43397019514296,93.13379086783995,93.1918881859614,5119900
2025-10-08,93.32743072509766,93.50173002464649,93.26933342116632,93.48236671925432,5141900
2025-10-09,93.2596664428711,93.30808579752035,93.18220581829107,93.24030313366515,7130600
2025-10-10,93.8406753540039,93.94718464331521,93.511439973678,93.58890799113783,10417700
2025-10-13,93.88908386230469,93.91813252084187,93.71478452332505,93.8309865452303,5607600
2025-10-14,94.13116455078125,94.16021320891221,93.90845324660621,93.98591387237,7650600
2025-10-15,94.02465057373047,94.24736927204466,93.94718255799017,94.13116724843422,7769300
2025-10-16,94.46039581298828,94.4991224303105,93.92781247785676,93.94717578651787,11627200
2025-10-17,94.30546569824219,94.39261906206507,94.18926367573052,94.37324836443486,12491000
2025-10-20,94.43133544921875,94.44102079698435,94.28609217151343,94.36355279037102,10437800
2025-10-21,94.60565185546875,94.67343452655766,94.53786918437986,94.5959738937111,7642000
2025-10-22,94.625,94.67341196052014,94.4700639957228,94.55721734506754,6523500
2025-10-23,94.31513977050781,94.48943908955738,94.2957690751936,94.43133439137043,6138300
2025-10-24,94.40229034423828,94.45070969713164,94.24736171294033,94.43133900087189,7555200
2025-10-27,94.40229034423828,94.40229034423828,94.13115969864988,94.2570396733142,7272300
2025-10-28,94.48942565917969,94.5378376150728,94.34417501599117,94.34417501599117,5539600
2025-10-29,93.87938690185547,94.4410188566294,93.8309749395336,94.4410188566294,11223300
2025-10-30,93.74383544921875,93.88908613317433,93.58890680402102,93.60827011426198,8958800
2025-10-31,93.7825698852539,93.87940121241377,93.72447256650933,93.8019405833399,9739900
2025-11-03,93.73788452148438,93.7961647724588,93.61160817403356,93.66017257950601,8012500
2025-11-04,93.85445404052734,93.90301844683086,93.78645794288737,93.80588222320502,6119000
2025-11-05,93.4076156616211,93.70874015939995,93.37846812643296,93.68930846927454,11749200
2025-11-06,93.88359069824219,93.95158679337023,93.74759850798611,93.75730694227687,7665000
2025-11-07,93.92244720458984,94.0875795206979,93.7864550135575,93.79616344790368,11460300
2025-11-10,93.79615783691406,93.88358561792974,93.74759343503258,93.8058736816976,9097300
2025-11-11,94.08757781982422,94.11671794437314,93.9613014764394,94.03900600489705,4937700
2025-11-12,94.10700225830078,94.17499835270272,94.00986603930065,94.03900616389883,7188200
2025-11-13,93.83501434326172,94.02929418495641,93.83501434326172,93.88358615643993,46965300
2025-11-14,93.67959594726562,94.15556858031115,93.66016425798816,94.1069967681355,11288500
2025-11-17,93.78644561767578,93.85444170637984,93.72815796234526,93.77672977328439,6648500
2025-11-18,93.94186401367188,94.15556812859057,93.80587183345416,94.06814034929747,8769000
2025-11-19,93.8738784790039,94.0875826179521,93.83502250728435,94.03901080054793,13075900
2025-11-20,94.0972900390625,94.17499456452587,93.93215032128468,93.97100628952545,9076400
2025-11-21,94.40813446044922,94.44699043037188,94.2235704560712,94.40813446044922,12551100
2025-11-24,94.55384063720703,94.57327232881886,94.39842415940699,94.50527623021529,6903900
2025-11-25,94.79667663574219,94.90352869722939,94.64126017149972,94.65097601645809,9193400
2025-11-26,94.87439727783203,94.87439727783203,94.5441326291295,94.68984067280019,7747100
2025-11-28,94.70924377441406,94.85495178550123,94.60239172701795,94.83552009814706,7798000
2025-12-01,94.20069885253906,94.34683112594557,94.19095422332056,94.27863358736447,9898100
2025-12-02,94.27863311767578,94.32734883055141,94.11301158665736,94.17147192870296,7317200
2025-12-03,94.4734878540039,94.5319407626532,94.31760352030692,94.43451677057966,6855100
2025-12-04,94.18120574951172,94.33709007874758,94.13249747135596,94.32734544992687,8928900
2025-12-05,93.98636627197266,94.21044072429925,93.93765055643665,94.20070352757173,9118700
2025-12-08,93.79151153564453,93.9376512503575,93.61614536458391,93.92791405355804,14728300
2025-12-09,93.65511322021484,93.92791081365748,93.63563139431328,93.92791081365748,8509200
2025-12-10,93.9571304321289,93.98635688534176,93.60639812762696,93.61613532338201,13356900
2025-12-11,93.96688079833984,94.23967841016761,93.9376543410306,94.19096269266893,8672800
2025-12-12,93.71356964111328,93.79150437443164,93.69408038305312,93.71356964111328,8348700
2025-12-15,93.79151153564453,94.02533805237513,93.77202970907098,93.92791405355804,6117000
2025-12-16,94.0545654296875,94.07404725645182,93.75254880050483,93.76228599739963,7456400
2025-12-17,94.03506469726562,94.08378040769499,93.91815888499326,93.93764070938072,5673200
2025-12-18,94.27863311767578,94.33709345972137,94.15198267036303,94.27863311767578,7357600
2025-12-19,94.0665283203125,94.21314223443738,94.0274307794063,94.12517836021853,5806600
2025-12-22,93.96879577636719,94.01766957071558,93.91015318882434,93.98834827694417,4672800
2025-12-23,93.92969512939453,93.95901642219734,93.71466237271552,93.7635361654494,5093900
2025-12-24,94.1740493774414,94.1936018774137,93.99811416315978,94.04698795599671,3967700
2025-12-26,94.26202392578125,94.33044276382853,94.15450754355066,94.31089026318985,3491500
2025-12-29,94.39884948730469,94.41839452834103,94.27178062074265,94.36952819720364,5034600
2025-12-30,94.30111694335938,94.3793045708788,94.22292185874625,94.26201940105281,4108600
2025-12-31,93.98834228515625,94.29133891093689,93.978566035491,94.16427003656935,6802100
2026-01-02,93.91015625,94.11541277018472,93.90037999939284,94.11541277018472,6611800
2026-01-05,94.19359588623047,94.20336467850146,93.99810818441054,94.05675822350318,8693200
2026-01-06,94.12518310546875,94.14472814836049,93.92969539108239,94.07630931259871,12834100
2026-01-07,94.30111694335938,94.36953577812244,94.16427181673954,94.34020702857224,7990900
2026-01-08,94.01766967773438,94.13495485295357,94.00789342743475,94.05676722183878,6931700
2026-01-09,94.12518310546875,94.20337073412948,93.90037409819789,93.9883454339452,10277300
2026-01-12,94.00788116455078,94.12517378156376,93.94923858459083,93.9785598745708,6360600
2026-01-13,94.12518310546875,94.19360194123053,94.02743551972866,94.1642731912522,7622500
2026-01-14,94.32067108154297,94.41841121818786,94.19360964961406,94.20337844331245,7331200
2026-01-15,94.12518310546875,94.34020840565303,94.1056306054832,94.33043961275408,6172500
2026-01-16,93.76354217529297,94.08609133098551,93.74399713120293,94.05677003630333,11979300
2026-01-20,93.39212799072266,93.55828696764837,93.37257548926411,93.44099433018026,13607700
2026-01-21,93.636474609375,93.67556469499324,93.40188935310287,93.49963693842982,11969000
2026-01-22,93.62670135498047,93.69512019264211,93.48986367965722,93.53873001679037,10209500
2026-01-23,93.7830810546875,93.80263355458655,93.58760079825971,93.66579588366834,8147500
2026-01-26,93.91991424560547,93.9883405348944,93.87104791237635,93.92969049508866,6803800
2026-01-27,93.81241607666016,93.97857505144223,93.78308732485073,93.86128241548732,9857200
2026-01-28,93.73421478271484,93.78308111830805,93.56805581892912,93.75375982553336,17032400
2026-01-29,93.83195495605469,93.91991883442097,93.61692219947872,93.63647469940042,11049100
2026-01-30,93.7733154296875,93.89060060466879,93.74399413594217,93.82218176689835,8238500
2026-02-02,93.58895874023438,93.84391069487094,93.58895874023438,93.81449373713778,8987100
2026-02-03,93.67720794677734,93.71643305019825,93.52031501451724,93.53992382551594,7313800
2026-02-04,93.65760803222656,93.7556670593816,93.55954900507153,93.59876663079417,7268600
2026-02-05,94.20674133300781,94.23615829200129,93.85372286223809,93.9419812206425,12086800
2026-02-06,94.20674133300781,94.26557525099479,94.05964905661644,94.25577458561293,7759900
2026-02-09,94.2263412475586,94.26556634965394,94.0694483206005,94.14789852479117,8165100
2026-02-10,94.63819885253906,94.67742395371165,94.54013984031913,94.55974865019388,9752300
2026-02-11,94.3734359741211,94.57936215443084,94.29499324930555,94.31460206015358,9106600
2026-02-12,94.95199584960938,94.97160466024185,94.52052720146126,94.53033534748918,13099900
2026-02-13,95.32463073730469,95.37366398994786,95.20695541981544,95.23637986025572,11681500
2026-02-17,95.3148193359375,95.42268650293016,95.26579356639229,95.36385258690642,8623800
2026-02-18,95.11870574951172,95.20695662768028,95.08928879012218,95.14812270890124,7778800
2026-02-19,95.20694732666016,95.25598057513521,95.05986254408162,95.07947135461765,4993000
2026-02-20,95.20694732666016,95.25598057513521,95.01082929560657,95.24617242915554,11200200
2026-02-23,95.55016326904297,95.63841413689609,95.28539570263722,95.28539570263722,9862900
2026-02-24,95.53056335449219,95.58940475790477,95.44231247151001,95.55017964943788,9493300
2026-02-25,95.45210266113281,95.53055286945626,95.38346059920572,95.38346059920572,8762700
2026-02-26,95.70706176757812,95.70706176757812,95.53055254017062,95.53055254017062,8177300
2026-02-27,96.0895004272461,96.14834182598612,95.9326074872617,95.98163325788389,9970300
2026-03-02,95.51221466064453,95.77774160258153,95.3450232495512,95.76790504826015,17709600
2026-03-03,95.40403747558594,95.54171922718328,95.04015998745425,95.069662148069,13708500
2026-03-04,95.20734405517578,95.38436452224619,95.18767844909806,95.36469891616846,12535500
2026-03-05,94.91232299804688,94.98116387979861,94.79430684228957,94.85331116862153,12599700
2026-03-06,94.85330963134766,95.13850970915223,94.57794610880345,94.62712138201202,12758200
2026-03-09,95.14834594726562,95.19752122031029,94.6566232291919,94.76480282741558,12134400
2026-03-10,94.84347534179688,95.16800661653535,94.81397318073817,95.09916573970078,10571300
2026-03-11,94.41075897216797,94.71562464702583,94.39109336540969,94.66645687858363,12197600
2026-03-12,94.10589599609375,94.39109607237235,94.00754545020283,94.26324336395143,11401400
2026-03-13,94.00753784179688,94.3419131639586,93.9682066303356,94.2533991804392,11839700
2026-03-16,94.43042755126953,94.46976626911734,94.2829167382068,94.39109633651496,9092100
2026-03-17,94.59761047363281,94.68611695351379,94.5385986506196,94.57793736493089,7209700
2026-03-18,94.1648941040039,94.52877159173327,94.14522849798006,94.45993071601072,13048700
2026-03-19,94.15506744384766,94.29274920976124,93.89937702320444,93.9092060757029,18464600
2026-03-20,93.3093032836914,93.76168729850791,93.27980112015238,93.73218513496889,20761500
2026-03-23,93.60433197021484,93.85019331626992,93.3191319084198,93.42731150093147,28336300
2026-03-24,93.28963470458984,93.50599390111,93.05360990070113,93.22079382416008,19785600
2026-03-25,93.7813491821289,93.82068789650248,93.56499000462053,93.7125083077483,15939200
2026-03-26,93.02410125732422,93.55516269923001,93.02410125732422,93.43715404753537,12897300
2026-03-27,93.03392791748047,93.21094837928766,92.79790313610172,92.8077396903945,11401900
2026-03-30,93.69283294677734,93.81084908706114,93.55515120132578,93.62399207405157,15430000
2026-03-31,93.86002349853516,94.0960482738576,93.77150951835654,93.95836652966182,18649700
2026-04-01,93.77812957763672,94.02481026122854,93.75839090721503,93.81759939038305,13557600
2026-04-02,93.99520874023438,94.12347998416323,93.748528059381,93.76825920148661,13171300
2026-04-06,93.74851989746094,93.91626093909412,93.64984913932945,93.7386505632189,6104900
2026-04-07,93.98534393310547,94.02481374731519,93.50185188320661,93.80773353321035,6737500
2026-04-08,94.19255828857422,94.45897766229992,94.10375684939737,94.44910832635884,12107400
2026-04-09,94.16294860839844,94.38002880930597,93.96560707744442,94.1037476547316,11065900
2026-04-10,94.00507354736328,94.19255327978618,93.99521174004421,94.1629528016346,4404800
2026-04-13,94.21229553222656,94.22215733992054,93.90640634747137,94.00507712109346,4300200
2026-04-14,94.51817321777344,94.52804255315023,94.14322128252384,94.17282176055707,5239800
2026-04-15,94.31095886230469,94.42936077006726,94.23201923839838,94.41949896315164,5592900
2026-04-16,94.14321899414062,94.42936196023794,94.11361098872993,94.39976148292422,6618900
2026-04-17,94.65631103515625,94.77472047192688,94.56750207555405,94.61684122289938,6912900
2026-04-20,94.56751251220703,94.6464521454327,94.43924125428862,94.63659033735283,3868800
2026-04-21,94.15309143066406,94.47871177407013,94.14322962251079,94.41951081275916,4872900
2026-04-22,94.25175476074219,94.4392344942087,94.23202361789704,94.40963401589235,4121400
2026-04-23,94.10374450683594,94.3602869828751,93.92613412367989,94.29121669654201,6795600
2026-04-24,94.29122924804688,94.32082972783036,93.94587777041019,94.02481740189789,5490000
2026-04-27,94.07414245605469,94.26162218572136,94.01494150062187,94.15308208202983,4055500
2026-04-28,93.98534393310547,94.00507507616167,93.84720334742008,93.92614297583954,4867700
2026-04-29,93.54132080078125,93.7682628201902,93.44264250215416,93.7682628201902,7200300
2026-04-30,93.71893310546875,93.82746568559138,93.61039299724874,93.77813406337152,10382400
2026-05-01,93.79020690917969,94.08720235917126,93.67141477150949,93.74071270278645,5359200
2026-05-04,93.44371032714844,93.65160410557112,93.27541644265018,93.64170224386315,6593900
2026-05-05,93.58231353759766,93.69121136622539,93.52291746849455,93.55261550304611,11281600
2026-05-06,94.04759979248047,94.07729782605495,93.90900393386102,93.97830186317074,9031100
2026-05-07,93.76050567626953,94.22579500735996,93.74070950496916,94.22579500735996,5610100
2026-05-08,94.00800323486328,94.13669723589175,93.96840333772188,94.08720302914607,3215100
2026-05-11,93.69120788574219,93.92879970623648,93.69120788574219,93.90900353490687,4025400
2026-05-12,93.3744125366211,93.4833103568446,93.35461636608387,93.47340849512223,5686700
2026-05-13,93.3744125366211,93.43380860114029,93.16651875789647,93.35461636608387,3459200
2026-05-14,93.31502532958984,93.61201323328342,93.3051234669276,93.59221706086713,5167300
2026-05-15,92.57254028320312,92.81013210658178,92.55273655872531,92.78043407277293,12498700
2026-05-18,92.53294372558594,92.81013545501294,92.40424217056044,92.6814414528956,8422900
2026-05-19,92.17654418945312,92.33493621268373,92.01814461331502,92.19634036001663,10069800
2026-05-20,92.80023193359375,92.8695298647118,92.21615045030003,92.23594662223032,14892500
2026-05-21,92.85963439941406,92.89922674278183,92.37454133471755,92.53294091982039,7762000
2026-05-22,92.9388198852539,93.0477177038716,92.69132621619686,93.01801967204993,6321900
2026-05-26,93.33482360839844,93.40412154278168,93.18632587674624,93.39421967989597,5494400
2026-05-27,93.3744125366211,93.53281211254891,93.3447145043615,93.40411056888068,5958800
2026-05-28,93.59220886230469,93.72090285400765,93.34471518778608,93.40411125274012,5938300
2026-05-29,93.70111083984375,93.79020494122697,93.58231115175823,93.69120897760965,9639700
2026-06-01,93.53919982910156,93.56899766138191,93.18161068515934,93.28094689714584,8054100
2026-06-02,93.60873413085938,93.69813520933242,93.52927576790354,93.69813520933242,15426600
2026-06-03,93.3703384399414,93.46966707156017,93.28094494497115,93.36040330329288,7056500
2026-06-04,93.48954010009766,93.64846439971359,93.45973468927369,93.56899846076111,4417900
2026-06-05,92.99288940429688,93.16174884095442,92.96308399345521,93.08228290195473,9880800
2026-06-08,92.8935546875,93.23128114454337,92.8935546875,93.17168547847831,5352200
2026-06-09,93.15180969238281,93.2213404914409,92.98295026299728,93.08227889332473,8007300
2026-06-10,93.06241607666016,93.27100847356114,92.97301500468046,93.1915425380878,5804900
2026-06-11,93.70806121826172,93.74779418822705,93.12201696242366,93.18161262822709,11281600
2026-06-12,93.54914093017578,93.63853443271611,93.39020904349589,93.52927823348553,8861800
2026-06-15,93.64846801757812,93.83719773530912,93.62860532121718,93.75773179328667,3787600
2026-06-16,93.88685607910156,93.98619229346116,93.71799663995293,93.74779447294515,4675000
2026-06-17,93.39019775390625,93.94645171175296,93.38027019590596,93.8967836085973,11508300
2026-06-18,93.7279281616211,93.96631839465238,93.6981303297783,93.79745896201725,6836500
2026-06-22,93.3703384399414,93.49946490321692,93.34054060828466,93.4796022082087,4572200
2026-06-23,93.48954010009766,93.62860170412,93.45973468927369,93.5292730695739,6504600
2026-06-24,94.09545135498047,94.14511188138445,93.92658434599835,93.93651948259466,5179800
2026-06-25,94.1550521850586,94.38350729128946,94.14511704791705,94.22458298847093,5630500
