Date,Close,High,Low,Open,Volume
2016-01-04,68.59174346923828,68.60798124112931,68.56738371377261,68.59986545281292,7548000
2016-01-05,68.55113983154297,68.58362157062352,68.54302404321652,68.56738379871237,2472200
2016-01-06,68.59174346923828,68.61610322470396,68.57549950208899,68.59986545281292,2409900
2016-01-07,68.61605072021484,68.6485324344004,68.59169098338906,68.64041045704063,2702800
2016-01-08,68.66478729248047,68.681031251245,68.61606780669698,68.64042754958872,7139900
2016-01-11,68.68915557861328,68.70539953939817,68.63231410637785,68.64855806716272,3557700
2016-01-12,68.69725799560547,68.72161773458987,68.64041653955717,68.64853851763665,1275600
2016-01-13,68.73788452148438,68.73788452148438,68.67292106577949,68.68915883207765,1820800
2016-01-14,68.75408172607422,68.75408172607422,68.7134842366514,68.73784396935558,1297400
2016-01-15,68.8109359741211,68.84341768885614,68.78657623688323,68.80282019187756,2136000
2016-01-19,68.80284881591797,68.81908658241407,68.77848287328952,68.79472683504181,5109900
2016-01-20,68.85153198242188,68.89212947486972,68.8352880292404,68.84341000583115,2140400
2016-01-21,68.84346008300781,68.87594181774526,68.8272223132678,68.86781983524654,2326500
2016-01-22,68.81908416748047,68.81908416748047,68.77848045978074,68.78660244037188,3184900
2016-01-25,68.81908416748047,68.83532193340677,68.80284640155416,68.80284640155416,1800100
2016-01-26,68.85153198242188,68.85965395901262,68.81092829472111,68.81905027131185,1176800
2016-01-27,68.86779022216797,68.86779022216797,68.79471099687578,68.81094875963356,1742300
2016-01-28,68.86779022216797,68.89214996393204,68.84343048040391,68.85967443841646,1272200
2016-01-29,68.94901275634766,68.94901275634766,68.90840904765832,68.94089077555856,1521400
2016-02-01,68.9124526977539,68.92869907507512,68.89620632043268,68.92869907507512,5665300
2016-02-02,69.0018081665039,69.0018081665039,68.94493656051523,68.94493656051523,2528200
2016-02-03,69.01802825927734,69.07489984361021,68.98553552411954,68.98553552411954,1962400
2016-02-04,69.03433990478516,69.04246619479797,69.01808732475953,69.01808732475953,1305700
2016-02-05,69.01802825927734,69.03428082539405,68.97740924106118,68.98553552411954,1294800
2016-02-08,69.0993423461914,69.11558872873626,69.05059080146981,69.06684338255818,1467700
2016-02-09,69.07491302490234,69.12366453401772,69.05866665422322,69.12366453401772,1919200
2016-02-10,69.07491302490234,69.0830393095114,69.0180414297169,69.0180414297169,1061200
2016-02-11,69.13992309570312,69.2049209869583,69.12367672215937,69.18054832737263,1814400
2016-02-12,69.05867004394531,69.12366792693022,69.05054375893738,69.10741535691436,1194000
2016-02-16,69.01802825927734,69.05865347603131,69.01802825927734,69.05052719297295,2545900
2016-02-17,69.03433990478516,69.03433990478516,68.98559456179451,68.99371465326422,1999400
2016-02-18,69.09119415283203,69.09119415283203,69.00994986877622,69.00994986877622,859100
2016-02-19,69.02620697021484,69.06683221782514,69.02620697021484,69.04245954867596,975400
2016-02-22,69.03433990478516,69.03433990478516,69.00184094327703,69.00184094327703,1101600
2016-02-23,69.04243469238281,69.0586810664525,69.00993574570317,69.02618211977286,1227700
2016-02-24,69.05867004394531,69.12366792693022,69.04242367246873,69.0749164154219,1066800
2016-02-25,69.07491302490234,69.09116559412047,69.05866665422322,69.06679293883226,1526500
2016-02-26,68.98558044433594,69.03432577735116,68.96932786763631,69.02619948900134,1891100
2016-02-29,69.02620697021484,69.02620697021484,68.96120905345538,68.96120905345538,2634200
2016-03-01,68.93431091308594,69.03185549349364,68.92618013072871,69.03185549349364,4584800
2016-03-02,68.92618560791016,68.9343163909135,68.89366867786707,68.90992404190348,2652000
2016-03-03,68.95061492919922,68.95061492919922,68.90996719070071,68.91809797879525,5601100
2016-03-04,68.90180206298828,68.94244357559931,68.88554049636748,68.9099266443282,1532600
2016-03-07,68.85303497314453,68.88555190980328,68.85303497314453,68.86929654245967,1990800
2016-03-08,68.90180206298828,68.9343189942594,68.89367127967789,68.90180206298828,2878900
2016-03-09,68.87742614746094,68.90181229904447,68.87742614746094,68.89368151452615,1284400
2016-03-10,68.8692855834961,68.87741636685983,68.83676865201167,68.85302401676861,2227500
2016-03-11,68.80427551269531,68.83679245542393,68.79614472651998,68.83679245542393,4112200
2016-03-14,68.80427551269531,68.8286616692486,68.80427551269531,68.8286616692486,1875500
2016-03-15,68.82862091064453,68.85300705275695,68.79610398717163,68.83675169200501,1508600
2016-03-16,68.96688842773438,68.96688842773438,68.73115132880923,68.76366208578281,5972100
2016-03-17,68.95873260498047,68.95873260498047,68.90995408766256,68.93434644730799,1677000
2016-03-18,68.9749755859375,68.99936173922943,68.9587202177335,68.9749755859375,3010000
2016-03-21,68.96688842773438,68.96688842773438,68.9343776707608,68.95876383947886,1892100
2016-03-22,68.92618560791016,68.983088684993,68.90992404190348,68.97495790198967,1899800
2016-03-23,68.96688842773438,68.98315000819693,68.91811609029824,68.92624688052952,1357600
2016-03-24,68.93431091308594,68.97495242093255,68.92618013072871,68.97495242093255,859800
2016-03-28,68.95061492919922,68.98313187960318,68.95061492919922,68.95061492919922,2820600
2016-03-29,69.08068084716797,69.08068084716797,68.97499921074319,68.97499921074319,1219700
2016-03-30,69.08879852294922,69.09692931000882,69.04002620453834,69.07254315080337,1307600
2016-03-31,69.12126159667969,69.14564773687879,69.08874467575806,69.11313081595715,1555000
2016-04-01,69.08148956298828,69.11402603795099,69.06522442835596,69.08148956298828,5307200
2016-04-04,69.1302490234375,69.1302490234375,69.0814474435971,69.09771256831247,2863500
2016-04-05,69.15461730957031,69.15461730957031,69.1220870754293,69.13835219249981,4655000
2016-04-06,69.1302490234375,69.14652035384717,69.09771256831247,69.14652035384717,1029200
2016-04-07,69.17095184326172,69.18721697519588,69.13841537369633,69.14655104251193,1475200
2016-04-08,69.17095184326172,69.17908751207732,69.14655104251193,69.14655104251193,594300
2016-04-11,69.16275787353516,69.18715865371624,69.1464927553117,69.15462221157753,851100
2016-04-12,69.14649963378906,69.15462909086358,69.13836397102212,69.14649963378906,524900
2016-04-13,69.1139907836914,69.13025591002707,69.10585511767613,69.13025591002707,1365800
2016-04-14,69.1139907836914,69.13025591002707,69.09771945166084,69.12212644970668,1103500
2016-04-15,69.16275787353516,69.16275787353516,69.12209197513062,69.12209197513062,825600
2016-04-18,69.15461730957031,69.16275297095125,69.13835219249981,69.14648785388074,870900
2016-04-19,69.1302490234375,69.15464981335771,69.11398389872213,69.15464981335771,1508400
2016-04-20,69.08148956298828,69.1465625129137,69.07335389282309,69.1465625129137,1080700
2016-04-21,69.06517791748047,69.09770816483812,69.05704225279412,69.05704225279412,1599900
2016-04-22,69.06517791748047,69.07330737647294,69.05704225279412,69.06517791748047,2593200
2016-04-25,69.04891204833984,69.0814485039643,69.04891204833984,69.05704771366955,1512900
2016-04-26,69.03266143798828,69.05706223341346,69.02452577094799,69.04892656637318,969300
2016-04-27,69.08148956298828,69.08148956298828,68.99201580826535,69.05708875819077,748300
2016-04-28,69.1220932006836,69.14649398129731,69.08142109586612,69.089556757968,694300
2016-04-29,69.14649963378906,69.16276475363051,69.10582752564679,69.11396318841372,1609600
2016-05-02,69.121337890625,69.14575277055711,69.11319752755506,69.12947825369494,1017800
2016-05-03,69.19450378417969,69.20264413798556,69.16195478749745,69.20264413798556,3788100
2016-05-04,69.18635559082031,69.20263008585677,69.15380039147803,69.20263008585677,1621100
2016-05-05,69.2108383178711,69.23525318900582,69.16200857560165,69.20269795773436,556900
2016-05-06,69.19450378417969,69.25961419608542,69.19450378417969,69.25147384227955,1117600
2016-05-09,69.2270736694336,69.25148852675765,69.21893952317355,69.2433543804976,610000
2016-05-10,69.24337768554688,69.24337768554688,69.2108224617338,69.2352373272751,2854800
2016-05-11,69.21894073486328,69.24335559261472,69.21080037918878,69.22707488126572,1607400
2016-05-12,69.17823791503906,69.21079312505283,69.17823791503906,69.20265277023154,562700
2016-05-13,69.18635559082031,69.20263008585677,69.16194074363094,69.17007488651448,1115000
2016-05-16,69.15385437011719,69.17826923636379,69.1375736531033,69.17826923636379,600800
2016-05-17,69.12944030761719,69.15385517414765,69.10502544108671,69.13757445694448,819500
2016-05-18,69.00733947753906,69.09686476801322,68.99919912133073,69.0643095524524,3690500
2016-05-19,69.02362823486328,69.05618345714714,69.02362823486328,69.02362823486328,1619600
2016-05-20,69.04806518554688,69.05620554604012,69.01551616212537,69.02365031334287,1942600
2016-05-23,69.03990936279297,69.03990936279297,69.00735414031476,69.00735414031476,654700
2016-05-24,68.99108123779297,69.0236364639581,68.98294708820755,69.0155023143727,778200
2016-05-25,69.03175354003906,69.03175354003906,68.99105796873967,69.01547903708274,5242400
2016-05-26,69.07246398925781,69.0887384957196,69.03990876706052,69.0561832735223,1253100
2016-05-27,69.03175354003906,69.09686397040913,69.00733868096839,69.07244911133846,696200
2016-05-31,69.06431579589844,69.08873065745806,68.99920535889078,68.99920535889078,1368300
2016-06-01,69.0162582397461,69.08954685917372,69.0162582397461,69.06511731936452,1484500
2016-06-02,69.07328796386719,69.07328796386719,69.04071316114401,69.04071316114401,4565800
2016-06-03,69.187255859375,69.21168539375645,69.1791106102463,69.19540110850372,1874900
2016-06-06,69.17105102539062,69.20362584631688,69.14662146294889,69.17919007086333,672100
2016-06-07,69.187255859375,69.21168539375645,69.1791106102463,69.187255859375,624800
2016-06-08,69.20357513427734,69.21171417378581,69.1791393767302,69.1791393767302,906600
2016-06-09,69.21983337402344,69.23611765991869,69.20354908812818,69.23611765991869,794400
2016-06-10,69.26057434082031,69.27685863163715,69.22799954617984,69.22799954617984,425100
2016-06-13,69.27684783935547,69.30942262892128,69.27684783935547,69.28499308999838,610500
2016-06-14,69.28498077392578,69.3256945938914,69.27683552473077,69.3256945938914,990200
2016-06-15,69.36647033691406,69.48047906518879,69.27689116283966,69.27689116283966,785700
2016-06-16,69.3257064819336,69.39085606065618,69.31756744434762,69.36642652188665,1129500
2016-06-17,69.33385467529297,69.35014517716793,69.30942513548658,69.33385467529297,1574700
2016-06-20,69.29315185546875,69.30129710843063,69.26058326963646,69.28501281551448,1698800
2016-06-21,69.2442626953125,69.30126701527705,69.2442626953125,69.27683748000722,919100
2016-06-22,69.26869201660156,69.28498251540105,69.25240773080696,69.27683726600131,1740300
2016-06-23,69.2442626953125,69.26055319416231,69.21983316004268,69.2442626953125,2302800
2016-06-24,69.40714263916016,69.46414696406926,69.38270688876588,69.4478564638064,2321800
2016-06-27,69.44786071777344,69.50486504617429,69.44786071777344,69.46415121903415,1166100
2016-06-28,69.47227478027344,69.47227478027344,69.43156096220315,69.43969999801455,1590900
2016-06-29,69.44786071777344,69.45600596840379,69.4234311788882,69.4234311788882,838800
2016-06-30,69.48046112060547,69.49674541486341,69.43160202482353,69.4560315727145,2284000
2016-07-01,69.50489807128906,69.52934194025384,69.46415414524756,69.52934194025384,3690200
2016-07-05,69.53744506835938,69.54559509212946,69.49670738280228,69.51300121369579,1974600
2016-07-06,69.50489807128906,69.5374857521419,69.48859801421234,69.51304188317712,5742300
2016-07-07,69.47227478027344,69.5048686639862,69.45597473009323,69.48041858871588,1094600
2016-07-08,69.47227478027344,69.48041858871588,69.42338084638047,69.45597473009323,1157600
2016-07-11,69.39896392822266,69.44785788109611,69.39896392822266,69.43155782458827,1619200
2016-07-12,69.37452697753906,69.39897084808808,69.35008310699004,69.39897084808808,5990100
2016-07-13,69.39082336425781,69.40711720487816,69.37452330698709,69.3989671762428,836600
2016-07-14,69.35009002685547,69.38268392972334,69.33378996709588,69.34193999697567,638500
2016-07-15,69.31747436523438,69.34191823054952,69.30932433791287,69.34191823054952,1532100
2016-07-18,69.35823059082031,69.36637440293734,69.33378050451783,69.35008056205282,867800
2016-07-19,69.36638641357422,69.36638641357422,69.34194253968981,69.35009256986847,739400
2016-07-20,69.33378601074219,69.35008606957166,69.31749216856367,69.33378601074219,627500
2016-07-21,69.38267517089844,69.38267517089844,69.31748737339197,69.32563740224292,465500
2016-07-22,69.35823059082031,69.37452443170483,69.34193053328532,69.35008056205282,382700
2016-07-25,69.30935668945312,69.35010062842933,69.30935668945312,69.34195059730364,803500
2016-07-26,69.31747436523438,69.33376820322802,69.29303049991924,69.33376820322802,1348500
2016-07-27,69.36638641357422,69.36638641357422,69.30120482209965,69.3174986658054,657400
2016-07-28,69.35823059082031,69.38267446047232,69.34193053328532,69.35823059082031,913700
2016-07-29,69.44786834716797,69.44786834716797,69.398974386926,69.40712441640817,1041500
2016-08-01,69.4242172241211,69.4242172241211,69.39160381015786,69.39160381015786,3053400
2016-08-02,69.3997573852539,69.43237079859048,69.37529265997205,69.39160247682662,967700
2016-08-03,69.40792083740234,69.43238556788822,69.38346232729036,69.42423065772626,3365300
2016-08-04,69.45682525634766,69.46497394392756,69.43236675286352,69.44051544044343,610500
2016-08-05,69.35897827148438,69.39974658690484,69.34267467753914,69.39974658690484,1170900
2016-08-08,69.33451080322266,69.35896930116304,69.3182009910152,69.33451080322266,2576800
2016-08-09,69.37529754638672,69.37529754638672,69.32638053312267,69.35083903975469,2337300
2016-08-10,69.40792083740234,69.40792083740234,69.3753074171284,69.39161723745231,971900
2016-08-11,69.34268951416016,69.40791012426733,69.31822478745042,69.40791012426733,929600
2016-08-12,69.39160919189453,69.42422260838714,69.37529937346164,69.4160676991707,584100
2016-08-15,69.37529754638672,69.3834524553884,69.35083903975469,69.36714885775804,873200
2016-08-16,69.3508529663086,69.35900787694787,69.32639445476498,69.34270427604355,774400
2016-08-17,69.3508529663086,69.38346638849148,69.31009085386066,69.32639445476498,1221300
2016-08-18,69.3997573852539,69.3997573852539,69.33453055858072,69.35898906349003,696500
2016-08-19,69.33451080322266,69.36712420726677,69.32635589711893,69.35081439505932,590000
2016-08-22,69.34268951416016,69.36714802049697,69.34268951416016,69.35899311159372,480000
2016-08-23,69.3508529663086,69.36716278758716,69.33454936540427,69.34270427604355,455200
2016-08-24,69.33451080322266,69.36712420726677,69.33451080322266,69.36712420726677,466400
2016-08-25,69.31005096435547,69.33450946182266,69.30189605840953,69.33450946182266,547300
2016-08-26,69.24486541748047,69.35900928725441,69.24486541748047,69.31824095360327,709800
2016-08-29,69.28559875488281,69.30190234788368,69.2448304418238,69.2448304418238,473600
2016-08-30,69.29376220703125,69.31007202387882,69.27745861055625,69.29376220703125,480400
2016-08-31,69.28559875488281,69.3263608475706,69.28559875488281,69.30190234788368,937400
2016-09-01,69.31822967529297,69.32638938303107,69.25296446145487,69.26928387693107,1191600
2016-09-02,69.31822967529297,69.33454286673582,69.28559706837392,69.32638938303107,726100
2016-09-06,69.3671646118164,69.40795692008611,69.30189940819784,69.31005911465826,1335800
2016-09-07,69.3671646118164,69.40795692008611,69.3671646118164,69.39163750716527,1049300
2016-09-08,69.31822967529297,69.37533518139297,69.31822967529297,69.35901576591677,614200
2016-09-09,69.29378509521484,69.32641771547026,69.28562538414202,69.30193858225176,2727300
2016-09-12,69.31822967529297,69.35086228221202,69.29375677611202,69.30191025981676,2123600
2016-09-13,69.29378509521484,69.34273091358,69.26931218603227,69.33457120250718,1108600
2016-09-14,69.33452606201172,69.35899895526113,69.31005316876231,69.31005316876231,1632600
2016-09-15,69.39164733886719,69.40796675410023,69.33454183361809,69.35086124885113,10599200
2016-09-16,69.35901641845703,69.38349554190164,69.3427032268607,69.35901641845703,846200
2016-09-19,69.34272766113281,69.35904085847741,69.3345679504427,69.34272766113281,657700
2016-09-20,69.32635498046875,69.35082786750526,69.32635498046875,69.34266816381633,984300
2016-09-21,69.34272766113281,69.34272766113281,69.26930893702871,69.31009504240801,816300
2016-09-22,69.32635498046875,69.3589813471639,69.31819527677983,69.33450846012741,759500
2016-09-23,69.3671646118164,69.3671646118164,69.3263785275791,69.34269171646754,7016900
2016-09-26,69.40801239013672,69.41616587908092,69.37537976224783,69.3835394752294,786300
2016-09-27,69.41615295410156,69.43247237702609,69.39168004375098,69.43247237702609,645300
2016-09-28,69.40801239013672,69.41616587908092,69.3916929641736,69.39985267715515,1017300
2016-09-29,69.43245697021484,69.43245697021484,69.36719174107128,69.38351116037458,1164000
2016-09-30,69.37535858154297,69.43246410690453,69.37535858154297,69.42430439641417,1380000
2016-10-03,69.36631774902344,69.37447592870737,69.34182452711742,69.37447592870737,1646500
2016-10-04,69.30924224853516,69.34188745213125,69.30107783382427,69.34188745213125,933100
2016-10-05,69.26836395263672,69.3336667562016,69.26836395263672,69.3336667562016,1644000
2016-10-06,69.26836395263672,69.3091797617693,69.26019954528658,69.26836395263672,679500
2016-10-07,69.29291534423828,69.30924417411372,69.26842832704904,69.28475092930057,809000
2016-10-10,69.26024627685547,69.2765751025732,69.24392367876005,69.26841068971433,924000
2016-10-11,69.25210571289062,69.26027012856113,69.23578310917406,69.23578310917406,1259100
2016-10-12,69.25210571289062,69.25210571289062,69.2194605054575,69.24394752484457,1311100
2016-10-13,69.27653503417969,69.29285762283439,69.25204180976955,69.26837062604298,5123300
2016-10-14,69.26024627685547,69.30106211352748,69.26024627685547,69.2765751025732,1481100
2016-10-17,69.31739044189453,69.32555485542832,69.29290342891598,69.30106784244977,3860400
2016-10-18,69.34185791015625,69.34185791015625,69.2847194867704,69.31737090407961,2067400
2016-10-19,69.34185791015625,69.35002232138882,69.31737090407961,69.3255353153122,643300
2016-10-20,69.30924224853516,69.34188745213125,69.30107783382427,69.34188745213125,2593200
2016-10-21,69.32555389404297,69.33371830746354,69.301066881404,69.32555389404297,1041900
2016-10-24,69.30105590820312,69.3255429169648,69.2847270839475,69.31737850483698,582600
2016-10-25,69.30105590820312,69.31737850483698,69.27656889944144,69.29289149607531,3762400
2016-10-26,69.27653503417969,69.29285762283439,69.26837062604298,69.28469321469768,517000
2016-10-27,69.29291534423828,69.29291534423828,69.25209949717362,69.27659274198676,724800
2016-10-28,69.29291534423828,69.32556677636524,69.26842832704904,69.26842832704904,1229300
2016-10-31,69.34185791015625,69.34185791015625,69.31737090407961,69.31737090407961,1346300
2016-11-01,69.34268951416016,69.37536055086031,69.31001847746,69.31818779447582,8239600
2016-11-02,69.383544921875,69.39988356091897,69.35088010651708,69.36721251419604,1516600
2016-11-03,69.3917236328125,69.3917236328125,69.35905258166791,69.35905258166791,2616600
2016-11-04,69.41617584228516,69.42434515708483,69.3753417310096,69.38350481444786,2108300
2016-11-07,69.3917236328125,69.3917236328125,69.35905258166791,69.36722190229553,2698400
2016-11-08,69.31818389892578,69.37535665209727,69.31001458236906,69.36718733554056,1944600
2016-11-09,69.2283706665039,69.35088554347848,69.2283706665039,69.33454690315361,1784100
2016-11-10,69.20384216308594,69.2936797246535,69.20384216308594,69.25284560237063,1927100
2016-11-11,69.20384216308594,69.23650696836701,69.17933421208052,69.22017456572647,3405000
2016-11-14,69.09764099121094,69.17115236155874,69.09764099121094,69.13031201899203,18305000
2016-11-15,69.12215423583984,69.12215423583984,69.08948320260825,69.09765251875676,2080800
2016-11-16,69.11399841308594,69.13033081573661,69.0813273764215,69.10582909607906,1007900
2016-11-17,69.1058349609375,69.12216736497427,69.08949632553711,69.1140042786377,1145600
2016-11-18,69.06501007080078,69.10585043708427,69.04050834357669,69.08951179802487,2044500
2016-11-21,69.05684661865234,69.08134834574729,69.02417557207076,69.05684661865234,889300
2016-11-22,69.04047393798828,69.08131428391941,69.03230462252967,69.04047393798828,2122600
2016-11-23,68.99967193603516,69.03233675034807,68.97516397825326,68.99150261677453,1433600
2016-11-25,68.99150848388672,69.02417953234281,68.98333916393136,68.99150848388672,347400
2016-11-28,69.03234100341797,69.05684896270978,69.00783927549134,69.00783927549134,1131300
2016-11-29,69.04047393798828,69.07314496846081,69.01597222297436,69.01597222297436,1232600
2016-11-30,69.01597595214844,69.0486469843863,69.01597595214844,69.01597595214844,1449700
2016-12-01,68.98331451416016,69.01599866670205,68.95879204717288,68.97514035849773,6249100
2016-12-02,69.0568618774414,69.07320395339701,69.0323456459811,69.0486877219367,2449000
2016-12-05,69.0568618774414,69.07320395339701,69.00782941452078,69.0323456459811,1785700
2016-12-06,69.04049682617188,69.06501304947366,69.03232267338737,69.06501304947366,1325500
2016-12-07,69.06502532958984,69.08136740301285,69.05685117535194,69.07319324877494,1282700
2016-12-08,69.0568618774414,69.07320395339701,69.04051980148579,69.04051980148579,1272500
2016-12-09,69.04866027832031,69.07317650003657,69.02414405660406,69.07317650003657,1321200
2016-12-12,69.02417755126953,69.04869378488253,69.0160033950471,69.02417755126953,931300
2016-12-13,69.01599884033203,69.02417299601503,68.98331468770792,69.02417299601503,1926700
2016-12-14,68.88523864746094,69.0241681089657,68.85254826209744,69.01599395386145,1157600
2016-12-15,68.85255432128906,68.8852447095294,68.83621224469591,68.85255432128906,1355800
2016-12-16,68.88523864746094,68.91792903282443,68.86072241720169,68.86889033725245,937900
2016-12-19,68.91793060302734,68.93427267855468,68.90158229244638,68.90158229244638,1258800
2016-12-20,68.92610168457031,68.9342758402357,68.87706922068578,68.88524337635118,1089800
2016-12-21,68.95877838134766,68.95877838134766,68.92608800023024,68.93426215427276,1657900
2016-12-22,68.9759292602539,68.9759292602539,68.94322147990103,68.95139530520859,1388100
2016-12-23,68.9759292602539,68.9759292602539,68.95957537007747,68.9759292602539,1058500
2016-12-27,68.94325256347656,68.95142639246936,68.92689242636274,68.93507249491965,893600
2016-12-28,68.96781921386719,68.98417311916711,68.92692509126674,68.94328523613375,1312300
2016-12-29,69.0414047241211,69.0414047241211,68.98415670983837,68.99233678032607,1274800
2016-12-30,69.06596374511719,69.07414381857167,69.04142976432159,69.04960983777607,1214600
2017-01-03,69.00867462158203,69.03321482733398,68.98414065539423,69.00050079256219,4196100
2017-01-04,69.0250244140625,69.0250244140625,68.98413031683548,68.98413031683548,2182500
2017-01-05,69.07411193847656,69.09864590794888,69.02504399953195,69.03322406921103,1614200
2017-01-06,69.01685333251953,69.04956736664779,69.00867326409646,69.03321346936566,919000
2017-01-09,69.07411193847656,69.07411193847656,69.04139789932516,69.04957796900425,1014100
2017-01-10,69.04957580566406,69.07410977436771,69.04957580566406,69.05775587508687,1125800
2017-01-11,69.08224487304688,69.10677882577957,69.04135079211858,69.08224487304688,1166800
2017-01-12,69.10680389404297,69.11498396110807,69.07408986534557,69.10680389404297,820900
2017-01-13,69.07411193847656,69.07411193847656,69.01686392985285,69.07411193847656,1436300
2017-01-17,69.1231460571289,69.14768625415925,69.10679216533725,69.13132612280569,1326600
2017-01-18,69.0577163696289,69.12313816889159,69.04135624014232,69.09860421422293,996100
2017-01-19,69.03324127197266,69.05777524755872,69.01688112853759,69.01688112853759,963500
2017-01-20,69.07411193847656,69.10682597762798,69.04139789932516,69.04139789932516,1134400
2017-01-23,69.1395492553711,69.1640832281217,69.09865514107622,69.12318911382683,1546900
2017-01-24,69.09861755371094,69.13133157943832,69.09044372695091,69.13133157943832,5300100
2017-01-25,69.08224487304688,69.09042493714468,69.05771092031418,69.09042493714468,1454500
2017-01-26,69.09049224853516,69.10684615310284,69.05777819983301,69.07413210440069,1658000
2017-01-27,69.1231460571289,69.13132612280569,69.09861209966047,69.09861209966047,1184700
2017-01-30,69.1231460571289,69.13950618848247,69.10679216533725,69.1231460571289,1381300
2017-01-31,69.1395492553711,69.1640832281217,69.11501528262049,69.11501528262049,1207800
2017-02-01,69.11578369140625,69.14851746662546,69.05031614096782,69.07487115487916,2079600
2017-02-02,69.14032745361328,69.1566974617017,69.12396368885365,69.13214869289786,1341800
2017-02-03,69.11578369140625,69.18943624648179,69.11578369140625,69.16488123257045,1433300
2017-02-06,69.18944549560547,69.20580926373793,69.16489047841165,69.17307548414293,1663400
2017-02-07,69.1730728149414,69.21399159868874,69.1730728149414,69.19762158785787,730000
2017-02-08,69.23854064941406,69.23854064941406,69.18944310338414,69.20580687095082,1197000
2017-02-09,69.18124389648438,69.22215642866755,69.16487388894825,69.21397766822807,1149800
2017-02-10,69.1730728149414,69.18944282577228,69.15670904744037,69.15670904744037,968400
2017-02-13,69.15670776367188,69.16488652560565,69.14033775314489,69.14852275840839,666000
2017-02-14,69.1076431274414,69.15674694351176,69.09127935097345,69.14037692371056,781100
2017-02-15,69.08304595947266,69.09941596780929,69.05849719029658,69.0666821944649,963900
2017-02-16,69.11578369140625,69.14851746662546,69.09123492082415,69.10759868676914,1933700
2017-02-17,69.1648941040039,69.18126411632456,69.14853033501366,69.17307911016424,986600
2017-02-21,69.1730728149414,69.1730728149414,69.1403390366095,69.15670904744037,840400
2017-02-22,69.18944549560547,69.20580926373793,69.14034170454792,69.18944549560547,695300
2017-02-23,69.22217559814453,69.23036060417924,69.2058118294054,69.2058118294054,1517100
2017-02-24,69.25489044189453,69.28762421375235,69.24671168142653,69.24671168142653,587700
2017-02-27,69.19762420654297,69.2630917656843,69.18944544414786,69.2630917656843,1030700
2017-02-28,69.1648941040039,69.23036166662571,69.1648941040039,69.20581289147513,1043500
2017-03-01,69.11085510253906,69.11085510253906,69.07810039368836,69.08629063273152,1541500
2017-03-02,69.03717041015625,69.07811536692526,69.02079617584262,69.06992512610681,930300
2017-03-03,69.05355834960938,69.07812282739444,69.0289938718243,69.04536810790637,1569200
2017-03-06,69.06988525390625,69.0780754899967,69.05351102904501,69.0616950178158,684600
2017-03-07,69.04535675048828,69.06173098387691,69.02898251709966,69.05354699084407,652600
2017-03-08,68.9880142211914,69.02076892420934,68.97982398360672,68.9880142211914,862700
2017-03-09,68.9798355102539,69.00439997979191,68.97165151862247,68.99621598816049,862900
2017-03-10,69.02079010009766,69.02079010009766,68.98803538703044,68.99622562712793,784400
2017-03-13,68.9880142211914,69.02076892420934,68.9880142211914,69.01257868662465,884100
2017-03-14,68.9798355102539,69.02078045769849,68.9798355102539,68.9798355102539,966000
2017-03-15,69.11085510253906,69.11904534158222,68.97983626713625,68.99621674522255,1102800
2017-03-16,69.06168365478516,69.1026285811809,69.06168365478516,69.06987388952804,925700
2017-03-17,69.09449768066406,69.11906840599256,69.07812344443573,69.09449768066406,657800
2017-03-20,69.13540649414062,69.13540649414062,69.09446155399223,69.11084202897989,778000
2017-03-21,69.16813659667969,69.17632683126061,69.11900768383124,69.12719167109364,739000
2017-03-22,69.18455505371094,69.21730976565877,69.18455505371094,69.20093553334611,1028600
2017-03-23,69.18455505371094,69.21730976565877,69.1599905815807,69.20093553334611,868200
2017-03-24,69.18455505371094,69.20911952584117,69.16818082139828,69.17637106121587,1119700
2017-03-27,69.20909118652344,69.25003612152297,69.20090719737951,69.22547165945123,943400
2017-03-28,69.17642211914062,69.23374134552503,69.1600416274153,69.22555109966237,782600
2017-03-29,69.21730041503906,69.21730041503906,69.19273594622724,69.19273594622724,1043900
2017-03-30,69.20092010498047,69.21729433364249,69.18453962899733,69.1927298669889,576900
2017-03-31,69.20909118652344,69.24184588505908,69.20909118652344,69.21728142298734,949900
2017-04-03,69.27303314208984,69.27303314208984,69.22387046383221,69.22387046383221,2146600
2017-04-04,69.2484359741211,69.25662558421725,69.23204425070725,69.25662558421725,927100
2017-04-05,69.2484359741211,69.2730173076311,69.21565877890417,69.24024011241417,1177000
2017-04-06,69.26483154296875,69.26483154296875,69.23205434297375,69.24025020587541,500800
2017-04-07,69.17469024658203,69.2730218386645,69.17469024658203,69.24844050354668,504000
2017-04-10,69.20746612548828,69.2320474601378,69.1910806529256,69.19927026340142,605700
2017-04-11,69.27303314208984,69.29761448121866,69.2402559393807,69.2402559393807,560800
2017-04-12,69.32221984863281,69.32221984863281,69.26486128691339,69.28944263456252,576200
2017-04-13,69.35494995117188,69.35494995117188,69.30578728926889,69.31397689851265,969900
2017-04-17,69.34674835205078,69.36314007240215,69.33036288330901,69.34674835205078,727700
2017-04-18,69.40410614013672,69.40410614013672,69.36313934290835,69.36313934290835,905300
2017-04-19,69.37137603759766,69.39595738072609,69.36318017268377,69.37956565089833,968300
2017-04-20,69.3631591796875,69.37954465294294,69.34676745482076,69.35496331725413,668300
2017-04-21,69.3958969116211,69.40408651778564,69.37131558991196,69.3795051960765,589800
2017-04-24,69.32221984863281,69.33861158147515,69.29763850098368,69.31402398221165,1001600
2017-04-25,69.25662994384766,69.29760300335072,69.25662994384766,69.28940714112787,905900
2017-04-26,69.28120422363281,69.29758969332018,69.25661664168685,69.28120422363281,594300
2017-04-27,69.30584716796875,69.3386243880929,69.28945543209892,69.28945543209892,785200
2017-04-28,69.33856201171875,69.33856201171875,69.28939309995671,69.29758896051871,1708200
2017-05-01,69.291015625,69.33201872843962,69.28281375307303,69.30741311265872,2918600
2017-05-02,69.31558990478516,69.33199364270388,69.29099055410002,69.29099055410002,982500
2017-05-03,69.26644134521484,69.31564008219996,69.26644134521484,69.31564008219996,923400
2017-05-04,69.25826263427734,69.27466638955705,69.24186513519719,69.25006075663748,817400
2017-05-05,69.2828369140625,69.2828369140625,69.25003567158451,69.25823754625334,615200
2017-05-08,69.25004577636719,69.26644952809843,69.23364828083417,69.26644952809843,633500
2017-05-09,69.21722412109375,69.2418234830161,69.2090222483877,69.225419737604,802100
2017-05-10,69.23355865478516,69.24995612909089,69.21716118047944,69.24995612909089,665700
2017-05-11,69.24183654785156,69.25823404016181,69.20083343278047,69.20083343278047,545700
2017-05-12,69.32380676269531,69.33200863342805,69.29100553595863,69.29100553595863,470500
2017-05-15,69.31558990478516,69.32379177374452,69.29919242305938,69.29919242305938,751400
2017-05-16,69.31558990478516,69.33199364270388,69.29099055410002,69.3073880358258,611900
2017-05-17,69.389404296875,69.40580178098371,69.35660307246374,69.36479868642117,663200
2017-05-18,69.35660552978516,69.38940675535858,69.35660552978516,69.38940675535858,829100
2017-05-19,69.37300872802734,69.38121059914472,69.34020749975242,69.38121059914472,503800
2017-05-22,69.3484115600586,69.36480904661639,69.3484115600586,69.3566134314349,478000
2017-05-23,69.32380676269531,69.37300547470316,69.29920740669138,69.35660798943198,1060200
2017-05-24,69.36483764648438,69.36483764648438,69.307437035573,69.33204265984706,1055200
2017-05-25,69.36483764648438,69.37303952124239,69.34844015316571,69.34844015316571,644300
2017-05-26,69.35660552978516,69.37300301447482,69.34840365934329,69.36480114403295,482100
2017-05-30,69.38124084472656,69.38124084472656,69.36483709534086,69.37303897003372,486600
2017-05-31,69.389404296875,69.39759991083243,69.37300055657245,69.389404296875,1043200
2017-06-01,69.37627410888672,69.37627410888672,69.34344805671996,69.34344805671996,1191800
2017-06-02,69.425537109375,69.425537109375,69.39271104441707,69.40091912588947,1068700
2017-06-05,69.3680648803711,69.3844810366469,69.3680648803711,69.3844810366469,661500
2017-06-06,69.39266204833984,69.40907819969371,69.3844602335902,69.40087012401678,688000
2017-06-07,69.3680648803711,69.3844810366469,69.35985680223318,69.3680648803711,765900
2017-06-08,69.35166931152344,69.36807921025999,69.34346123168993,69.35166931152344,2621000
2017-06-09,69.32705688476562,69.35167486530713,69.3188488042748,69.32705688476562,1255200
2017-06-12,69.31889343261719,69.34351142900806,69.3106853468419,69.3106853468419,804700
2017-06-13,69.31889343261719,69.32710151839247,69.3024772610666,69.3024772610666,533300
2017-06-14,69.35166931152344,69.42552324723364,69.33525315185642,69.39269718883007,788800
2017-06-15,69.32705688476562,69.33525870432548,69.3188488042748,69.33525870432548,627600
2017-06-16,69.35990905761719,69.37632522626085,69.3434991499074,69.3434991499074,685600
2017-06-19,69.31889343261719,69.33530334323277,69.3024772610666,69.32710151839247,617700
2017-06-20,69.32705688476562,69.33525870432548,69.30243264329314,69.30243264329314,751400
2017-06-21,69.33525848388672,69.35167464481617,69.31064050342347,69.31064050342347,1073600
2017-06-22,69.34344482421875,69.37627087485531,69.34344482421875,69.35985471907253,542000
2017-06-23,69.38449096679688,69.38449096679688,69.35166491047643,69.36807480817163,679000
2017-06-26,69.38449096679688,69.38449096679688,69.35986672885899,69.35986672885899,1068500
2017-06-27,69.34344482421875,69.35165290211013,69.32703492936497,69.34344482421875,1192500
2017-06-28,69.37627410888672,69.37627410888672,69.35165613499396,69.3598579523387,4031800
2017-06-29,69.33525848388672,69.35167464481617,69.32705666435294,69.32705666435294,565400
2017-06-30,69.33525848388672,69.35987646434997,69.3188485838882,69.35987646434997,825000
2017-07-03,69.28350830078125,69.332783328268,69.27529370756722,69.332783328268,968100
2017-07-05,69.30816650390625,69.32459569523863,69.27531438714207,69.28352898280826,3032900
2017-07-06,69.32456970214844,69.32456970214844,69.29171759770207,69.30814051697614,652900
2017-07-07,69.31635284423828,69.34099035529331,69.29992365960291,69.32456743655597,783100
2017-07-10,69.34918212890625,69.34918212890625,69.33275294967675,69.3409675392915,402500
2017-07-11,69.37386322021484,69.37386322021484,69.33279651223438,69.33279651223438,1615500
2017-07-12,69.40665435791016,69.42307726713446,69.38201686112652,69.40665435791016,1069900
2017-07-13,69.37386322021484,69.39850073864315,69.36564862543877,69.38207781499091,532200
2017-07-14,69.40665435791016,69.43950644225316,69.3984397703508,69.43129185469381,1362300
2017-07-17,69.41492462158203,69.42313921647163,69.39028710281323,69.39850169770283,496700
2017-07-18,69.43134307861328,69.43134307861328,69.41491389137373,69.41491389137373,625500
2017-07-19,69.43134307861328,69.43134307861328,69.41491389137373,69.42312848499351,919000
2017-07-20,69.43134307861328,69.44776599995382,69.42312848499351,69.43955767223306,1083200
2017-07-21,69.4642333984375,69.4642333984375,69.43959586992445,69.43959586992445,589600
2017-07-24,69.4395751953125,69.44778352510463,69.43136059961977,69.43136059961977,441000
2017-07-25,69.39845275878906,69.41487567108703,69.3820298464911,69.40666734788583,571600
2017-07-26,69.4477310180664,69.45594560754837,69.39845601296636,69.39845601296636,493400
2017-07-27,69.43134307861328,69.44776599995382,69.42312848499351,69.43134307861328,475400
2017-07-28,69.47246551513672,69.47246551513672,69.43961964314258,69.44782797818881,709100
2017-07-31,69.4642333984375,69.47244173067354,69.44780420216048,69.44780420216048,876400
2017-08-01,69.48966217041016,69.48966217041016,69.44856097409468,69.44856097409468,1314500
2017-08-02,69.45675659179688,69.48141479193502,69.44853510136424,69.44853510136424,994200
2017-08-03,69.48146057128906,69.49790356298816,69.46502385075387,69.48146057128906,1149200
2017-08-04,69.45675659179688,69.48141479193502,69.45675659179688,69.47319330150239,617200
2017-08-07,69.48146057128906,69.48146057128906,69.45680235490431,69.46502385075387,712300
2017-08-08,69.48146057128906,69.48146057128906,69.44858085905477,69.48146057128906,747200
2017-08-09,69.47323608398438,69.53899550562143,69.47323608398438,69.51433729029844,734300
2017-08-10,69.49791717529297,69.52257539650743,69.49791717529297,69.49791717529297,959700
2017-08-11,69.58831024169922,69.58831024169922,69.52255082758961,69.52255082758961,737100
2017-08-14,69.53082275390625,69.57192398903386,69.52260752381514,69.56370248777473,405500
2017-08-15,69.49791717529297,69.51435389904758,69.48969567783311,69.50613240158772,432300
2017-08-16,69.53901672363281,69.54723822163692,69.4814787799351,69.4814787799351,655500
2017-08-17,69.5554428100586,69.57187953090536,69.52256309720106,69.53899981804783,581400
2017-08-18,69.54721069335938,69.59652711953248,69.54721069335938,69.58831189594567,674000
2017-08-21,69.56364440917969,69.58830889236471,69.55542918594746,69.55542918594746,928700
2017-08-22,69.5554428100586,69.56365803489999,69.53077832204244,69.56365803489999,1012100
2017-08-23,69.6211929321289,69.6211929321289,69.55543978044182,69.55543978044182,438300
2017-08-24,69.5554428100586,69.57187953090536,69.53899981804783,69.57187953090536,494800
2017-08-25,69.5801010131836,69.5801010131836,69.53077830832501,69.55544279633631,513700
2017-08-28,69.5554428100586,69.58010102691075,69.5554428100586,69.57187953090536,866300
2017-08-29,69.58831024169922,69.62118367759113,69.5800887471448,69.62118367759113,1181800
2017-08-30,69.60472869873047,69.60472869873047,69.57184900030171,69.58829198509672,665700
2017-08-31,69.60472869873047,69.60472869873047,69.5800704926992,69.59650720633296,582500
2017-09-01,69.58998107910156,69.61466656797126,69.55707964694928,69.59820957539146,943600
2017-09-05,69.65573120117188,69.6639596897484,69.61460131128483,69.62282352336358,851600
2017-09-06,69.64754486083984,69.663995569968,69.62285938239611,69.64754486083984,1118700
2017-09-07,69.68865966796875,69.69688815899993,69.65575198034368,69.67220896240603,483000
2017-09-08,69.67219543457031,69.69687462637239,69.6639669451368,69.6804176475054,486800
2017-09-11,69.60637664794922,69.6557350291253,69.60637664794922,69.6475128165947,1052500
2017-09-12,69.57347869873047,69.61461487312916,69.57347869873047,69.59815789277009,1752600
2017-09-13,69.5569839477539,69.58988533463919,69.5569839477539,69.58988533463919,568300
2017-09-14,69.56525421142578,69.57348270207879,69.53234652531307,69.54057501596608,849400
2017-09-15,69.5569839477539,69.56520615622772,69.53229849284742,69.56520615622772,581600
2017-09-18,69.5158920288086,69.54057122292218,69.5158920288086,69.5158920288086,621600
2017-09-19,69.52413177490234,69.54058248147508,69.51590328336596,69.5323539899387,433300
2017-09-20,69.466552734375,69.55704732199777,69.466552734375,69.54881882953185,830900
2017-09-21,69.4500732421875,69.4994379044842,69.4500732421875,69.4747524350865,949800
2017-09-22,69.466552734375,69.51591113616897,69.466552734375,69.49123193527198,529800
2017-09-25,69.50767517089844,69.53235436914214,69.48299597265472,69.49122446423598,587700
2017-09-26,69.4912338256836,69.51591302725194,69.4912338256836,69.50768453456219,922400
2017-09-27,69.4830322265625,69.4830322265625,69.46658151131662,69.46658151131662,462400
2017-09-28,69.4912338256836,69.50768453456219,69.47477684030409,69.4912338256836,290800
2017-09-29,69.47477722167969,69.51591340885335,69.45009801997587,69.49946269988445,880700
2017-10-02,69.52667999267578,69.52667999267578,69.43610707683274,69.47727258644014,1087400
2017-10-03,69.4854736328125,69.50194485400792,69.45253747235195,69.46900869354737,1170200
2017-10-04,69.61720275878906,69.61720275878906,69.45252199318935,69.47722253754709,1180600
2017-10-05,69.468994140625,69.47722346756848,69.44428731400765,69.46075853175255,2329400
2017-10-06,69.44435119628906,69.46905804563438,69.40318567791634,69.41142129436479,699200
2017-10-09,69.44435119628906,69.5102235640071,69.43612186177536,69.48552299659652,504000
2017-10-10,69.46073913574219,69.4772040669605,69.43603859795111,69.43603859795111,700800
2017-10-11,69.4525146484375,69.46075025632877,69.4278141066919,69.44427904054622,1205200
2017-10-12,69.44435119628906,69.46082242918594,69.43612186177536,69.43612186177536,1248900
2017-10-13,69.4854736328125,69.4854736328125,69.45253747235195,69.46900869354737,667800
2017-10-16,69.41960144042969,69.46077321156419,69.41137211174701,69.44430199033826,586700
2017-10-17,69.4278564453125,69.4278564453125,69.40315588850396,69.40315588850396,818800
2017-10-18,69.40313720703125,69.41137281772798,69.37020104617473,69.37843665687144,500100
2017-10-19,69.44435119628906,69.4525868127375,69.41142129436479,69.41965062887849,524300
2017-10-20,69.40313720703125,69.42783775719107,69.3866659856378,69.41137281772798,437100
2017-10-23,69.40313720703125,69.42783775719107,69.40313720703125,69.40313720703125,582200
2017-10-24,69.38668823242188,69.41139507243356,69.38668823242188,69.41139507243356,2554600
2017-10-25,69.37020874023438,69.41138051635411,69.37020874023438,69.37020874023438,1726900
2017-10-26,69.37020874023438,69.40314490474397,69.36197312862421,69.38667368152365,553700
2017-10-27,69.41960144042969,69.42783705104264,69.36196472999956,69.37020034061251,698100
2017-10-30,69.4525146484375,69.4525146484375,69.41134917283756,69.44427904054622,432400
2017-10-31,69.41139221191406,69.45255771303898,69.3949209859184,69.45255771303898,626100
2017-11-01,69.40145111083984,69.40145111083984,69.36848446063748,69.36848446063748,840300
2017-11-02,69.4179916381836,69.42622859133941,69.37678172140254,69.4179916381836,1821000
2017-11-03,69.37680053710938,69.44273390674068,69.37680053710938,69.44273390674068,1300400
2017-11-06,69.4179916381836,69.4179916381836,69.38502496230885,69.38502496230885,947400
2017-11-07,69.38497161865234,69.4179382691821,69.38497161865234,69.4179382691821,747300
2017-11-08,69.37680053710938,69.40976722192502,69.36855729396741,69.37680053710938,726500
2017-11-09,69.36851501464844,69.40972491748909,69.360278064279,69.37675825276624,769200
2017-11-10,69.34374237060547,69.40143242098725,69.34374237060547,69.40143242098725,619300
2017-11-13,69.3355484008789,69.36851506562597,69.3355484008789,69.3602781152505,632800
2017-11-14,69.3520278930664,69.3520278930664,69.32730446893295,69.33554141847894,2678000
2017-11-15,69.32732391357422,69.37677077570977,69.31908067396846,69.37677077570977,3981000
2017-11-16,69.3355484008789,69.3355484008789,69.29434478575634,69.3108249742557,3046700
2017-11-17,69.29432678222656,69.34377362262607,69.29432678222656,69.34377362262607,1339800
2017-11-20,69.26964569091797,69.31909256153318,69.26964569091797,69.31909256153318,557600
2017-11-21,69.25308990478516,69.28605654812124,69.24484667201506,69.28605654812124,584500
2017-11-22,69.310791015625,69.32727748379523,69.27782436702985,69.29431083520008,900900
2017-11-24,69.310791015625,69.36024413239038,69.29431083520008,69.36024413239038,626000
2017-11-27,69.310791015625,69.32727748379523,69.28606760111496,69.30254778153989,1079000
2017-11-28,69.31903076171875,69.33551094131442,69.29430734845273,69.33551094131442,564300
2017-11-29,69.30259704589844,69.30259704589844,69.2696366616184,69.29436009370332,670600
2017-11-30,69.26136779785156,69.31905788062335,69.24488132406108,69.31905788062335,1010700
2017-12-01,69.27706909179688,69.32656248124546,69.22756940868229,69.27706909179688,1133000
2017-12-04,69.23580169677734,69.26879937871551,69.21930600264041,69.26879937871551,2441200
2017-12-05,69.22758483886719,69.26058253707646,69.20283813862709,69.26058253707646,1422200
2017-12-06,69.26055908203125,69.31830346092552,69.24406338534658,69.31830346092552,1175600
2017-12-07,69.26880645751953,69.27705745226335,69.24405976695303,69.27705745226335,1168200
2017-12-08,69.26880645751953,69.29355314808603,69.26055546277571,69.28530215334222,923000
2017-12-11,69.23580169677734,69.27705037261613,69.22755070287673,69.27705037261613,2432000
2017-12-12,69.23580169677734,69.24405269067796,69.21105500873979,69.23580169677734,992500
2017-12-13,69.31007385253906,69.35132254747664,69.23583375405208,69.29357815076436,1112400
2017-12-14,69.28527069091797,69.29352168191501,69.2522730205919,69.29352168191501,1471900
2017-12-15,69.25228881835938,69.26053981123863,69.21929743416942,69.26053981123863,983800
2017-12-18,69.25228881835938,69.26879080411787,69.2357931262644,69.26053981123863,664900
2017-12-19,69.21929931640625,69.2440460020534,69.21104832330263,69.2440460020534,760000
2017-12-20,69.22758483886719,69.24408683480553,69.21108913659626,69.21934013456543,840100
2017-12-21,69.22254943847656,69.23906361908152,69.2060352578716,69.23906361908152,964500
2017-12-22,69.19784545898438,69.22261990547037,69.19784545898438,69.20610570805435,1050900
2017-12-26,69.18952941894531,69.21430384545445,69.18126917653598,69.18126917653598,1185500
2017-12-27,69.22254943847656,69.22254943847656,69.19777501721038,69.2060352578716,1122300
2017-12-28,69.23086547851562,69.23911942511194,69.20609103728148,69.2143449838778,1108200
2017-12-29,69.24738311767578,69.26390361313554,69.2391228699459,69.25564336540566,1210700
2018-01-02,69.22254943847656,69.24732385974276,69.19777501721038,69.24732385974276,1786000
2018-01-03,69.22254943847656,69.23906361908152,69.19777501721038,69.21428919781533,1040900
2018-01-04,69.18952941894531,69.20604990376397,69.16475499243617,69.18126917653598,955400
2018-01-05,69.18952941894531,69.19778966135465,69.17301523484551,69.18126917653598,850600
2018-01-08,69.18952941894531,69.20604990376397,69.17301523484551,69.20604990376397,597700
2018-01-09,69.16481018066406,69.20610512494207,69.16481018066406,69.20610512494207,1551100
2018-01-10,69.18952941894531,69.18952941894531,69.15649475002684,69.18952941894531,789500
2018-01-11,69.16481018066406,69.1978448759417,69.16481018066406,69.18132437794094,1047900
2018-01-12,69.15650939941406,69.20606456364844,69.13999521181606,69.20606456364844,905000
2018-01-16,69.14830017089844,69.16481436917539,69.09049102584272,69.09049102584272,2707400
2018-01-17,69.12345886230469,69.13997934683205,69.10694467849606,69.13997934683205,2950800
2018-01-18,69.10696411132812,69.12347829978053,69.09044992287572,69.10696411132812,1090700
2018-01-19,69.1317367553711,69.1317367553711,69.09044813494829,69.12347651099839,1052000
2018-01-22,69.09870147705078,69.10696172135157,69.0821872891695,69.10696172135157,973500
2018-01-23,69.1400375366211,69.1400375366211,69.10700284048237,69.10700284048237,885600
2018-01-24,69.12345886230469,69.13171910456838,69.09868443623238,69.13171910456838,865700
2018-01-25,69.10696411132812,69.12347829978053,69.0739294337028,69.11522435591458,757200
2018-01-26,69.06570434570312,69.13177373458514,69.05745039763566,69.13177373458514,990600
2018-01-29,69.04090881347656,69.0574293060132,69.0243946216617,69.04916905974488,1440100
2018-01-30,69.0491714477539,69.08220613324788,69.0326509546459,69.08220613324788,1708600
2018-01-31,69.0491714477539,69.07394588669389,69.00787651570592,69.07394588669389,2078700
2018-02-01,69.02108764648438,69.0541563585121,69.00455644407647,69.0458876037022,2243800
2018-02-02,69.02930450439453,69.04583569437413,68.97970462724857,69.01277331441493,1825500
2018-02-05,69.15333557128906,69.17813551885158,68.98799207552322,68.98799207552322,2019800
2018-02-06,69.10374450683594,69.15335072003715,69.03761340125236,69.03761340125236,2386700
2018-02-07,69.05415344238281,69.09549090747478,69.02108473175157,69.0458846879221,2054000
2018-02-08,69.06240844726562,69.08720839849875,69.01280854479937,69.05413969445112,1178600
2018-02-09,69.12026977539062,69.19466962120318,69.04586362236836,69.0624011262443,3159900
2018-02-12,69.0871810913086,69.10371228319315,69.06238114987782,69.10371228319315,1592800
2018-02-13,69.0871810913086,69.0871810913086,69.0541124003316,69.07064989942404,1292800
2018-02-14,68.98799896240234,69.02933641727276,68.97146776478021,69.02933641727276,953400
2018-02-15,68.96318817138672,68.99625686864266,68.94665697636329,68.97972567361923,1452800
2018-02-16,68.979736328125,69.00453627809524,68.92186767579106,68.92186767579106,728400
2018-02-20,68.97145080566406,68.979719556047,68.95491961210674,68.95491961210674,1448400
2018-02-21,68.979736328125,68.98799877330836,68.93013012097444,68.97146757573157,1540700
2018-02-22,68.98799896240234,68.99626771481844,68.9549365671581,68.98799896240234,839300
2018-02-23,69.00450897216797,69.02930891232457,68.98797147392519,69.00450897216797,753800
2018-02-26,69.01283264160156,69.06243256138632,69.01283264160156,69.03763260149394,1445800
2018-02-27,68.96318817138672,69.05412551203828,68.95492572747955,69.05412551203828,852300
2018-02-28,68.979736328125,69.00453627809524,68.97146757573157,68.98799877330836,3721300
2018-03-01,69.07572174072266,69.09226999197465,68.98469057454521,69.00951610828149,2049900
2018-03-02,69.0426254272461,69.05917368005667,69.01779989117163,69.05917368005667,1716600
2018-03-05,69.0426254272461,69.07572824658445,69.01779989117163,69.05917368005667,1112200
2018-03-06,69.02608489990234,69.05918140922769,69.01780761571204,69.04263315456501,737300
2018-03-07,69.02608489990234,69.05918140922769,69.01780761571204,69.03435587037472,1231000
2018-03-08,69.0426254272461,69.05090271050999,69.02607717443553,69.0343481439822,608900
2018-03-09,69.00950622558594,69.04260903706594,69.001228944287,69.00950622558594,669000
2018-03-12,69.0426254272461,69.05090271050999,69.00952260790774,69.0426254272461,1281200
2018-03-13,69.05914306640625,69.07569762559545,69.04259482093144,69.05914306640625,609900
2018-03-14,69.0509262084961,69.09230001146061,69.01782337789287,69.0343716363348,1525800
2018-03-15,69.05914306640625,69.07569762559545,69.03431754133685,69.04259482093144,1106600
2018-03-16,69.02608489990234,69.05918140922769,69.02608489990234,69.05918140922769,878500
2018-03-19,69.02608489990234,69.05918140922769,69.00953033152176,69.01780761571204,834900
2018-03-20,69.00121307373047,69.01776763252072,68.98466482865449,69.0094903531256,1074700
2018-03-21,69.0509262084961,69.05919718085738,68.95989500276706,68.97644326120898,2404500
2018-03-22,69.08401489257812,69.10884043201712,69.05091206875346,69.05091206875346,1954900
2018-03-23,69.10053253173828,69.11708077945967,69.06742972258024,69.08398428401689,1202800
2018-03-26,69.06744384765625,69.1005466635842,69.05916656524512,69.08399841247851,1729400
2018-03-27,69.1170883178711,69.13364288111332,69.06743725557637,69.06743725557637,1732600
2018-03-28,69.12540435791016,69.15850718923929,69.09230152658101,69.13368164417231,1899300
2018-03-29,69.15015411376953,69.15015411376953,69.10050307805356,69.10050307805356,2998600
2018-04-02,69.17009735107422,69.20323745518193,69.11210374909285,69.1369572469665,3047700
2018-04-03,69.13692474365234,69.16178455066722,69.11207125746306,69.15349794832893,3418600
2018-04-04,69.09552001953125,69.15351360738013,69.09552001953125,69.15351360738013,1717600
2018-04-05,69.11206817626953,69.12035477823838,69.09550129315713,69.09550129315713,1109600
2018-04-06,69.17009735107422,69.17009735107422,69.12867696156098,69.15353045943463,1097400
2018-04-09,69.16181182861328,69.16181182861328,69.1203851214084,69.12867172701499,1738000
2018-04-10,69.12864685058594,69.14521373500934,69.10379336353795,69.12036024796134,1218500
2018-04-11,69.12864685058594,69.14521373500934,69.11207364533674,69.12864685058594,985600
2018-04-12,69.08724975585938,69.10382296820868,69.07896314968472,69.10382296820868,791100
2018-04-13,69.07066345214844,69.08723033901313,69.06237684830272,69.07066345214844,1040900
2018-04-16,69.06238555908203,69.07067216397293,69.03753206523686,69.05409895419113,1155900
2018-04-17,69.06238555908203,69.06238555908203,69.03753206523686,69.05409895419113,892300
2018-04-18,69.00436401367188,69.0209308959151,68.99607741213778,69.01265061520597,971700
2018-04-19,69.00436401367188,69.0209308959151,68.98779081060368,69.01265061520597,1410800
2018-04-20,68.9795150756836,69.00436856109877,68.9712284736034,68.98779535693839,904800
2018-04-23,68.97126007080078,68.97954667667724,68.94640657399968,68.97954667667724,1861100
2018-04-24,68.98783874511719,68.98783874511719,68.93813174302484,68.94641835031669,1999400
2018-04-25,68.9795150756836,68.98779535693839,68.9546615902684,68.9546615902684,2176400
2018-04-26,68.99608612060547,69.00437272318547,68.97123263369122,69.00437272318547,2538700
2018-04-27,69.01265716552734,69.01265716552734,68.98779735856549,68.98779735856549,1443700
2018-04-30,68.98783874511719,69.01269856699273,68.98783874511719,68.99612535240904,1944700
2018-05-01,68.95714569091797,68.99862371135555,68.95714569091797,68.99032684153656,2027800
2018-05-02,68.98198699951172,68.99027753474816,68.95709640784385,68.97369013562243,1688600
2018-05-03,69.03173828125,69.04003514306672,69.01514455761657,69.01514455761657,2961500
2018-05-04,69.00689697265625,69.04836865024825,68.99860010567578,69.0317812449425,1348100
2018-05-07,69.00689697265625,69.0317812449425,69.00689697265625,69.023484377962,7560400
2018-05-08,69.01519775390625,69.01519775390625,68.99861034613866,69.00690721435053,9734900
2018-05-09,68.98198699951172,68.99857439863746,68.98198699951172,68.99027753474816,1009600
2018-05-10,68.98198699951172,69.01516179776318,68.98198699951172,69.00687126252674,937900
2018-05-11,68.98198699951172,68.99857439863746,68.98198699951172,68.99857439863746,710200
2018-05-14,68.98198699951172,68.99027753474816,68.97369013562243,68.99027753474816,1024700
2018-05-15,68.9405517578125,68.96543603625793,68.92395801974436,68.94884862684657,1087000
2018-05-16,68.9405517578125,68.94884862684657,68.93225488877843,68.9405517578125,704700
2018-05-17,68.95714569091797,68.96544256073696,68.94885514975634,68.96544256073696,1015700
2018-05-18,68.99031829833984,69.01520257605799,68.99031829833984,68.99861516713142,922800
2018-05-21,68.99031829833984,68.99031829833984,68.97373088941329,68.98202775820486,1286500
2018-05-22,68.99031829833984,68.99861516713142,68.97373088941329,68.98202775820486,793000
2018-05-23,69.04835510253906,69.07323936994287,69.00688343308407,69.01517396978268,1179600
2018-05-24,69.08987426757812,69.12305542010536,69.08987426757812,69.09817113787437,1384800
2018-05-25,69.14791107177734,69.1644984768441,69.1396142049164,69.1396142049164,611800
2018-05-29,69.34700775146484,69.38018889799321,69.20599262521176,69.20599262521176,2137500
2018-05-30,69.2640151977539,69.29719632375404,69.239130935417,69.29719632375404,1674700
2018-05-31,69.23086547851562,69.26404661956846,69.2059812048899,69.25574975214137,5749300
2018-06-01,69.17767333984375,69.20260156876459,69.16106085878565,69.18598274948403,3230600
2018-06-04,69.11956787109375,69.16941802513107,69.11956787109375,69.15279919437634,1146300
2018-06-05,69.16107940673828,69.19431071598908,69.12784809748749,69.15276999486954,16965800
2018-06-06,69.1361312866211,69.15274376583345,69.12782187790404,69.1361312866211,4984700
2018-06-07,69.2026138305664,69.23583879856965,69.12784180700017,69.12784180700017,4351000
2018-06-08,69.18604278564453,69.21096469796889,69.16943029017094,69.18604278564453,2376000
2018-06-11,69.16107940673828,69.16938881860702,69.12784809748749,69.14446692122496,3759000
2018-06-12,69.12781524658203,69.14443406242191,69.12781524658203,69.12781524658203,3024700
2018-06-13,69.09459686279297,69.14444698140551,69.06967497259787,69.12782816246055,2351600
2018-06-14,69.11956787109375,69.1278772864711,69.10295537856587,69.11126479394322,1737400
2018-06-15,69.15274810791016,69.1776699974044,69.14444503689352,69.15274810791016,2663700
2018-06-18,69.1694107055664,69.1694107055664,69.14448880029843,69.15279187657032,1027000
2018-06-19,69.1943130493164,69.20262246146535,69.17769422501853,69.20262246146535,2348500
2018-06-20,69.16107940673828,69.19431071598908,69.15276999486954,69.18600130412034,1369300
2018-06-21,69.2026138305664,69.21091690345543,69.16938252433958,69.16938252433958,825200
2018-06-22,69.21090698242188,69.21090698242188,69.18598509088008,69.20260391072306,1154300
2018-06-25,69.23583984375,69.24414925498805,69.21091794825956,69.2192273594976,721300
2018-06-26,69.23583984375,69.24414925498805,69.2192273594976,69.23583984375,3127700
2018-06-27,69.27741241455078,69.28572182960937,69.24418109254297,69.26910299949218,4012200
2018-06-28,69.27741241455078,69.29403124466798,69.25249050760158,69.29403124466798,1050000
2018-06-29,69.26075744628906,69.26906051802895,69.24413862636389,69.25244803632647,4904600
2018-07-02,69.25242614746094,69.27738695683232,69.22745898996918,69.27738695683232,3517800
2018-07-03,69.27743530273438,69.27743530273438,69.23582969266698,69.25247447594387,1330300
2018-07-05,69.26908111572266,69.28571954323748,69.24412030038947,69.26908111572266,1892600
2018-07-06,69.28575897216797,69.28575897216797,69.26912053518458,69.28575897216797,3113200
2018-07-09,69.2441177368164,69.26907855122549,69.2441177368164,69.26075616371523,1378700
2018-07-10,69.23580932617188,69.25245410455251,69.22748693698155,69.25245410455251,2161800
2018-07-11,69.26075744628906,69.26075744628906,69.22747424375339,69.25244140674648,953300
2018-07-12,69.25242614746094,69.25242614746094,69.22745898996918,69.23578137579977,1299000
2018-07-13,69.26908111572266,69.27740350354102,69.25244268820784,69.26908111572266,1241400
2018-07-16,69.25242614746094,69.25242614746094,69.22745898996918,69.24410376163036,1530600
2018-07-17,69.2441177368164,69.26075616371523,69.23579534930614,69.26075616371523,2830600
2018-07-18,69.23580932617188,69.25245410455251,69.22748693698155,69.25245410455251,972800
2018-07-19,69.26908111572266,69.30236431887421,69.2357979125711,69.2357979125711,1185300
2018-07-20,69.26908111572266,69.30236431887421,69.26075872790429,69.29404193105584,1730800
2018-07-23,69.22747802734375,69.26908361981772,69.22747802734375,69.2607612316985,1083100
2018-07-24,69.23580932617188,69.23580932617188,69.21084850672386,69.23580932617188,1563400
2018-07-25,69.21080780029297,69.24409098935574,69.21080780029297,69.23576860506024,682800
2018-07-26,69.21080780029297,69.23576860506024,69.1858469955257,69.22744622076475,2208500
2018-07-27,69.21914672851562,69.23578515296411,69.210824342231,69.21914672851562,1425300
2018-07-30,69.21914672851562,69.22746276667951,69.210824342231,69.21914672851562,4199600
2018-07-31,69.21914672851562,69.23578515296411,69.21914672851562,69.23578515296411,2525700
2018-08-01,69.22582244873047,69.23415866504578,69.20915637476978,69.2174925910851,9125200
2018-08-02,69.26750946044922,69.26750946044922,69.24250716573754,69.2508370248607,1911300
2018-08-03,69.27584075927734,69.2925068350114,69.25916832487266,69.25916832487266,1371200
2018-08-06,69.29249572753906,69.30083194340511,69.28415951167301,69.30083194340511,1148200
2018-08-07,69.26750946044922,69.28417553736665,69.2508370248607,69.28417553736665,927500
2018-08-08,69.27584075927734,69.28417061780905,69.267504542075,69.28417061780905,1438200
2018-08-09,69.31751251220703,69.31751251220703,69.29251021804997,69.29251021804997,660700
2018-08-10,69.38417053222656,69.3925067475527,69.35083202959119,69.35916824491734,1496600
2018-08-13,69.36749267578125,69.38415874493303,69.35082024796135,69.3591564618713,1577400
2018-08-14,69.36749267578125,69.36749267578125,69.35082024796135,69.36749267578125,1285500
2018-08-15,69.40089416503906,69.41756660951941,69.36756199342733,69.3842280792332,775000
2018-08-16,69.38417053222656,69.40083660420964,69.36750446024348,69.38417053222656,988000
2018-08-17,69.4092025756836,69.41753879458352,69.39253649655566,69.40086635678367,783400
2018-08-20,69.45086669921875,69.45086669921875,69.41752818738517,69.43419426396649,761700
2018-08-21,69.43421173095703,69.43421173095703,69.41754565018317,69.41754565018317,1449900
2018-08-22,69.45086669921875,69.45919655817393,69.43419426396649,69.44253048159261,609800
2018-08-23,69.44248962402344,69.45915569079901,69.43415341130205,69.45082583674483,702700
2018-08-24,69.45086669921875,69.45086669921875,69.41752818738517,69.41752818738517,2277200
2018-08-27,69.42584991455078,69.43417977176736,69.41751369866458,69.41751369866458,952800
2018-08-28,69.40089416503906,69.41756660951941,69.39256430147337,69.40089416503906,931800
2018-08-29,69.39252471923828,69.40919079553764,69.37585228426806,69.40919079553764,582200
2018-08-30,69.44248962402344,69.44248962402344,69.40915113180509,69.40915113180509,1657100
2018-08-31,69.45916748046875,69.46750369460509,69.4508376250007,69.45916748046875,4047500
2018-09-04,69.44332122802734,69.46836287733646,69.41827957871824,69.45166419867712,1358700
2018-09-05,69.44332122802734,69.45166419867712,69.42662254936802,69.44332122802734,846300
2018-09-06,69.46836853027344,69.49341018162029,69.45166985025526,69.46001919026435,5085900
2018-09-07,69.39330291748047,69.42669394045505,69.39330291748047,69.42669394045505,835500
2018-09-10,69.4015884399414,69.40993778017815,69.39323909970466,69.4015884399414,623800
2018-09-11,69.35983276367188,69.3765314404513,69.34314045557163,69.35983276367188,763700
2018-09-12,69.35983276367188,69.3765314404513,69.34314045557163,69.3765314404513,687600
2018-09-13,69.3681869506836,69.3765362896569,69.3514946414166,69.3681869506836,687200
2018-09-14,69.3431625366211,69.3515118776695,69.32647022320549,69.32647022320549,718500
2018-09-17,69.32646942138672,69.3515110755611,69.32646942138672,69.33481239365743,2312900
2018-09-18,69.31809997558594,69.3431416224973,69.3014012985255,69.3431416224973,860400
2018-09-19,69.30143737792969,69.3097867208067,69.28474506085826,69.30143737792969,659800
2018-09-20,69.32646942138672,69.32646942138672,69.28472908530867,69.28472908530867,945300
2018-09-21,69.30977630615234,69.33481796233797,69.30142696452992,69.30977630615234,1873300
2018-09-24,69.30977630615234,69.33481796233797,69.30142696452992,69.30977630615234,777100
2018-09-25,69.31809997558594,69.31809997558594,69.29305832867456,69.3014012985255,1217500
2018-09-26,69.32646942138672,69.34316173460927,69.30977073948304,69.30977073948304,1325900
2018-09-27,69.32646942138672,69.34316173460927,69.32646942138672,69.34316173460927,901900
2018-09-28,69.35983276367188,69.3765314404513,69.35983276367188,69.35983276367188,2340300
2018-10-01,69.34063720703125,69.37408335391807,69.34063720703125,69.3657202223963,3392500
2018-10-02,69.36567687988281,69.39075987957497,69.35731375358667,69.35731375358667,3058600
2018-10-03,69.332275390625,69.36572153814623,69.30719237478417,69.3490016539858,1468200
2018-10-04,69.3155517578125,69.3155517578125,69.29046874332818,69.29046874332818,1245400
2018-10-05,69.30718231201172,69.30718231201172,69.28209929981271,69.29881918154557,1692100
2018-10-08,69.29047393798828,69.33227683886274,69.29047393798828,69.30719382249796,1601900
2018-10-09,69.3155517578125,69.32391488904061,69.29882549535627,69.3155517578125,2939000
2018-10-10,69.332275390625,69.3406385223054,69.29047249062373,69.29047249062373,1956800
2018-10-11,69.3573226928711,69.39913195054423,69.34060281732009,69.36568582024515,2116100
2018-10-12,69.3573226928711,69.40749507791828,69.3573226928711,69.38241207499323,2273900
2018-10-15,69.3824462890625,69.39080304136036,69.36572002606631,69.39080304136036,1770500
2018-10-16,69.3573226928711,69.37404894761919,69.34896594469413,69.37404894761919,2148800
2018-10-17,69.3573226928711,69.39076882317019,69.33223968994605,69.37404894761919,1607400
2018-10-18,69.3991928100586,69.40755594476668,69.3323004907993,69.34066362550737,1329400
2018-10-19,69.3573226928711,69.39076882317019,69.34896594469413,69.39076882317019,4100700
2018-10-22,69.34063720703125,69.37408335391807,69.34063720703125,69.34900033855301,2028000
2018-10-23,69.3824462890625,69.4409754511487,69.3824462890625,69.42424918815252,2864700
2018-10-24,69.49115753173828,69.49115753173828,69.41590208927454,69.41590208927454,2957300
2018-10-25,69.46607971191406,69.48279960082363,69.44935344380232,69.47443646676776,2679900
2018-10-26,69.50789642333984,69.55806885843374,69.49953966682708,69.51625955905607,3797300
2018-10-29,69.53296661376953,69.54132336797277,69.48279419254172,69.49115732594663,4785400
2018-10-30,69.49950408935547,69.50786084159034,69.4744146950503,69.50786084159034,5203700
2018-10-31,69.46607971191406,69.48279960082363,69.44099668894863,69.45771657785819,12635800
2018-11-01,69.50458526611328,69.51295672941129,69.47108024163126,69.48782955865727,3623600
2018-11-02,69.4207992553711,69.47105997264498,69.4207992553711,69.46268212136131,3723800
2018-11-05,69.44596099853516,69.45433246278881,69.42920528916638,69.45433246278881,2361000
2018-11-06,69.42919921875,69.43757707270188,69.4124499012764,69.42082136479812,4431500
2018-11-07,69.40406799316406,69.42081730965927,69.39569013970156,69.41244584662655,1675000
2018-11-08,69.39568328857422,69.42081045605123,69.37893397373259,69.42081045605123,1332800
2018-11-09,69.42919921875,69.45432639017548,69.40407204732452,69.40407204732452,1229500
2018-11-12,69.47944641113281,69.50457997040185,69.45431924229328,69.45431924229328,994300
2018-11-13,69.48782348632812,69.50457919231991,69.47944563333223,69.47944563333223,2990100
2018-11-14,69.5380859375,69.57996881693713,69.48783159451959,69.49620944849306,3329800
2018-11-15,69.57160186767578,69.61348475367767,69.55485254753374,69.59672904310445,1952400
2018-11-16,69.62186431884766,69.63861363940106,69.60510860786292,69.62186431884766,1293200
2018-11-19,69.68047332763672,69.68884478991063,69.61346328687017,69.62184113957329,1547700
2018-11-20,69.66374206542969,69.68886924192631,69.65537060021845,69.67211992107238,2307600
2018-11-21,69.66374206542969,69.67211992107238,69.64699274457575,69.67211992107238,9309900
2018-11-23,69.64701843261719,69.68889494541314,69.64701843261719,69.68889494541314,1666200
2018-11-26,69.65534973144531,69.65534973144531,69.63021617204726,69.64697187831263,1764000
2018-11-27,69.66374206542969,69.67211992107238,69.63861488893306,69.64699274457575,1555200
2018-11-28,69.68887329101562,69.70562900327457,69.63861893510247,69.65537464736141,2986100
2018-11-29,69.70560455322266,69.73073172236558,69.68884884684097,69.72235386917474,2217300
2018-11-30,69.730712890625,69.74746220205371,69.69720787733972,69.705585728268,4712700
2018-12-03,69.67367553710938,69.71562357176346,69.67367553710938,69.69045347070137,2828800
2018-12-04,69.72402954101562,69.75759181619141,69.69885943497114,69.69885943497114,4062000
2018-12-06,69.79110717773438,69.89179393558003,69.79110717773438,69.82466943034959,4012200
2018-12-07,69.86665344238281,69.87504561019678,69.79114313610238,69.79953530391636,2079300
2018-12-10,69.86665344238281,69.91700004791821,69.84148334028933,69.85826767591728,9725100
2018-12-11,69.79954528808594,69.85827766848797,69.79115311907154,69.83310756279415,5675500
2018-12-12,69.79110717773438,69.8162772668595,69.79110717773438,69.79110717773438,4565500
2018-12-13,69.85828399658203,69.85828399658203,69.82472171883359,69.83311388860818,7531900
2018-12-14,69.90021514892578,69.90860731667212,69.85826711289089,69.86665287928884,4449200
2018-12-17,69.96734619140625,69.96734619140625,69.891835878716,69.90861381441972,5815300
2018-12-18,70.00849151611328,70.0168956744426,69.95807938712646,69.97488129329055,6567000
2018-12-19,70.02533721923828,70.05894746308235,69.96652089513579,70.02533721923828,12278900
2018-12-20,70.01689147949219,70.04209754247542,70.0000831638406,70.03369338464962,7297300
2018-12-21,70.06734466552734,70.06734466552734,70.00852834726821,70.01693251001892,5548800
2018-12-24,70.12616729736328,70.12616729736328,70.07575513731616,70.07575513731616,4049100
2018-12-26,70.05891418457031,70.16814902780081,70.05891418457031,70.14294295951547,6207700
2018-12-27,70.13453674316406,70.19335303760353,70.12613258381691,70.12613258381691,4207700
2018-12-28,70.23541259765625,70.23541259765625,70.15979433948004,70.16819850499962,6740100
2018-12-31,70.26056671142578,70.30257468311729,70.20175042266195,70.2185523292396,4892300
2019-01-02,70.26895904541016,70.2773632032988,70.24375298223839,70.26895904541016,5380200
2019-01-03,70.411865234375,70.44546907412335,70.26902006819554,70.2774242333825,5284600
2019-01-04,70.26056671142578,70.31097884165345,70.26056671142578,70.30257468311729,5969500
2019-01-07,70.2101821899414,70.30260874713909,70.2101821899414,70.28580683242033,3632600
2019-01-08,70.16816711425781,70.21017510206282,70.15976295249796,70.18496902728039,2061600
2019-01-09,70.20178985595703,70.22699593522947,70.1681796134277,70.1681796134277,4161900
2019-01-10,70.2101821899414,70.26899850720378,70.20178443783092,70.252196592485,4037300
2019-01-11,70.25221252441406,70.26901444294319,70.24380835989987,70.25221252441406,2057100
2019-01-14,70.25221252441406,70.28582277197158,70.10096961565486,70.26901444294319,1872800
2019-01-15,70.27738189697266,70.29419021722096,70.25217582709611,70.2857860570968,3311300
2019-01-16,70.26056671142578,70.26896445946727,70.22695648777578,70.24375839435343,3262200
2019-01-17,70.25221252441406,70.26901444294319,70.22700644137073,70.26061668892825,2507700
2019-01-18,70.19337463378906,70.2353826224587,70.17656630992339,70.22698487102313,4135300
2019-01-22,70.25221252441406,70.25221252441406,70.21860227685654,70.22700644137073,4049800
2019-01-23,70.23541259765625,70.26062509421499,70.21020651159752,70.22701484263668,7921700
2019-01-24,70.29415130615234,70.31095320660411,70.26893883973617,70.2857471506803,2013000
2019-01-25,70.24376678466797,70.27737701233258,70.23536262512796,70.26897285279256,1603500
2019-01-28,70.25221252441406,70.27741860745739,70.23540419538567,70.24380835989987,5781000
2019-01-29,70.2857894897461,70.29419365028069,70.2689811686769,70.2689811686769,4065700
2019-01-30,70.37821960449219,70.37821960449219,70.268984743474,70.28579306539828,3635000
2019-01-31,70.43701934814453,70.45382125562159,70.40340912269541,70.40340912269541,7267100
2019-02-01,70.35454559326172,70.42188816740833,70.35454559326172,70.405049312801,7391200
2019-02-04,70.35454559326172,70.3713780257277,70.33770673865439,70.36295859842404,9052500
2019-02-05,70.35454559326172,70.37979745303136,70.34612616595805,70.34612616595805,3074100
2019-02-06,70.38819885253906,70.40503128069393,70.3713600022445,70.39661185554665,2689800
2019-02-07,70.4387435913086,70.45557602926874,70.41349172329666,70.4303241612568,2483100
2019-02-08,70.4639663696289,70.49763765379208,70.4639663696289,70.48080522278089,2459500
2019-02-11,70.4387435913086,70.45557602926874,70.4303241612568,70.4387435913086,3230700
2019-02-12,70.43028259277344,70.44712144293861,70.42186958983051,70.43870201785602,2366000
2019-02-13,70.37979888916016,70.41347017692053,70.37979888916016,70.38821831663562,3539200
2019-02-14,70.47239685058594,70.48081627848262,70.43030613324437,70.46397742268927,5773800
2019-02-15,70.4387435913086,70.45557602926874,70.4387435913086,70.45557602926874,3556400
2019-02-19,70.48921203613281,70.48921203613281,70.45554075492699,70.47237960660001,8248500
2019-02-20,70.48077392578125,70.50602577215535,70.46393508010655,70.48077392578125,2679800
2019-02-21,70.45558166503906,70.46400109576433,70.44716865645775,70.46400109576433,2136700
2019-02-22,70.50607299804688,70.52290543285822,70.47240170628196,70.47240170628196,2640800
2019-02-25,70.49763488769531,70.49763488769531,70.46396360485328,70.48080245734457,2964300
2019-02-26,70.53132629394531,70.53132629394531,70.49765500149647,70.5144874366497,4570700
2019-02-27,70.51446533203125,70.51446533203125,70.48080047227792,70.5060523281631,2463500
2019-02-28,70.49763488769531,70.50605431394095,70.47238303109891,70.49763488769531,4136600
2019-03-01,70.45039367675781,70.47569204625896,70.43352380777715,70.46725711176863,3697800
2019-03-04,70.46733093261719,70.48420081927058,70.44203253661371,70.4504674799404,6418800
2019-03-05,70.47569274902344,70.47569274902344,70.43352451012113,70.45039437927002,6175900
2019-03-06,70.52627563476562,70.52627563476562,70.47567890519771,70.47567890519771,4167300
2019-03-07,70.5853271484375,70.59376208372726,70.54316533992969,70.54316533992969,3215500
2019-03-08,70.61065673828125,70.6190852425589,70.5769234192525,70.59378686178052,2626900
2019-03-11,70.59374237060547,70.60217730353979,70.5768789387055,70.60217730353979,2213500
2019-03-12,70.61902618408203,70.6274611152783,70.59372782446059,70.59372782446059,3665600
2019-03-13,70.62749481201172,70.62749481201172,70.6021964403203,70.6106313755409,1174200
2019-03-14,70.6443862915039,70.6443862915039,70.61065940517406,70.62752284833898,1173300
2019-03-15,70.66969299316406,70.67812149798498,70.65282311557596,70.66125805437001,1570400
2019-03-18,70.6528091430664,70.66967901731827,70.64437420594048,70.6528091430664,1092000
2019-03-19,70.6443862915039,70.65282123007286,70.61908790977003,70.63595778690794,1000100
2019-03-20,70.74556732177734,70.75400225808922,70.65280232426056,70.65280232426056,2459400
2019-03-21,70.74556732177734,70.76243719440107,70.72870388312487,70.76243719440107,1371100
2019-03-22,70.8636474609375,70.88051733755272,70.79618082242213,70.79618082242213,3113600
2019-03-25,70.93953704833984,70.98169886480663,70.87207042122695,70.88893386101934,3572700
2019-03-26,70.93107604980469,70.94793948340106,70.88890781485975,70.90577768242545,2374600
2019-03-27,70.99015045166016,71.01544883426803,70.96485206905228,70.9817155127998,1872500
2019-03-28,70.98167419433594,70.9901091282863,70.94794089250388,70.98167419433594,1322700
2019-03-29,70.93953704833984,70.94796555125019,70.9058037347834,70.92266717457578,2277100
2019-04-01,70.86688995361328,70.91758555684576,70.84998712150804,70.90068917128214,4381700
2019-04-02,70.90065002441406,70.90909498926229,70.87529579025521,70.8837472016415,2662200
2019-04-03,70.86688995361328,70.88378633917691,70.85843853756066,70.87533492312429,5005500
2019-04-04,70.8837890625,70.89224047887731,70.86689267628722,70.89224047887731,1481200
2019-04-05,70.87530517578125,70.8837565882867,70.85840879730927,70.86686020981472,6617100
2019-04-08,70.8584213256836,70.89222053514246,70.84996991168387,70.87531770714301,2756400
2019-04-09,70.86688995361328,70.90068917128214,70.86688995361328,70.88378633917691,3661900
2019-04-10,70.926025390625,70.926025390625,70.90067759314807,70.90067759314807,2364300
2019-04-11,70.8837890625,70.90913686509009,70.8837890625,70.89224047887731,3379200
2019-04-12,70.84153747558594,70.85844030811353,70.83309250586392,70.84153747558594,1213300
2019-04-15,70.84998321533203,70.8584346309187,70.83308683069995,70.83308683069995,1021400
2019-04-16,70.84153747558594,70.84998889184973,70.81618967333632,70.84153747558594,1335700
2019-04-17,70.86688995361328,70.86688995361328,70.84153570545541,70.84153570545541,1600600
2019-04-18,70.8837890625,70.90069189525464,70.87533764612269,70.89224047887731,1076800
2019-04-22,70.8922119140625,70.90066332703447,70.88376050109053,70.8922119140625,6156400
2019-04-23,70.926025390625,70.93447035875694,70.90912256128,70.90912256128,1824600
2019-04-24,70.96831512451172,70.98521796470642,70.95987015095906,70.96831512451172,3424400
2019-04-25,70.96831512451172,70.99366293825906,70.96831512451172,70.98521796470642,903000
2019-04-26,71.04431915283203,71.04431915283203,71.0274163235482,71.0358677381901,2275800
2019-04-29,71.01897430419922,71.03587068764406,71.0105228892064,71.01897430419922,1009300
2019-04-30,71.06965637207031,71.06965637207031,71.01050937146151,71.02740575168993,1876000
2019-05-01,71.00701904296875,71.15093422364838,70.99855838297277,71.04934817702495,1313600
2019-05-02,70.9731674194336,71.01549655968769,70.9731674194336,71.00702943993286,2138700
2019-05-03,70.99855041503906,71.02394530921516,70.98161617990942,70.99855041503906,1332300
2019-05-06,71.04087829589844,71.05781253227002,71.03241763623149,71.04934541408423,1312200
2019-05-07,71.07478332519531,71.09171757181565,71.06631620188514,71.06631620188514,2815200
2019-05-08,71.06629180908203,71.10862095258106,71.05783114719864,71.09169317029377,1474500
2019-05-09,71.10860443115234,71.15939422473423,71.10013731271569,71.12553220950663,1297000
2019-05-10,71.12554931640625,71.16787846025137,71.10862153398054,71.13401643687938,1558700
2019-05-13,71.210205078125,71.23559998012303,71.19327083777941,71.2017379579522,2720800
2019-05-14,71.210205078125,71.21866573977745,71.18480371760661,71.210205078125,3785700
2019-05-15,71.26099395751953,71.28638885918807,71.22713193578805,71.28638885918807,1521800
2019-05-16,71.2186508178711,71.23558505466858,71.21019015799135,71.22711793626983,1046600
2019-05-17,71.23561096191406,71.26947298930511,71.21021605600112,71.26100586782702,1067900
2019-05-20,71.20169830322266,71.2440274219917,71.20169830322266,71.22709319107739,1095900
2019-05-21,71.16785430908203,71.193249203363,71.15938719148225,71.18478208576322,1161500
2019-05-22,71.20169830322266,71.21862607562024,71.1932311877655,71.21016541867982,2067700
2019-05-23,71.32872009277344,71.35411499518672,71.25252892701317,71.25252892701317,2773800
2019-05-24,71.30329132080078,71.320219094862,71.28635708822218,71.3117519785727,1019600
2019-05-28,71.36256408691406,71.36256408691406,71.31176783639991,71.32870207274424,1130400
2019-05-29,71.37101745605469,71.43027436016912,71.3625567972656,71.40487946676554,2632000
2019-05-30,71.43031311035156,71.43878023225214,71.36259551071196,71.38799041789201,1929400
2019-05-31,71.5826644897461,71.60805938822658,71.49801267530468,71.49801267530468,11965500
2019-06-03,71.71754455566406,71.75146791671233,71.6157550581577,71.64968489065983,4621900
2019-06-04,71.66659545898438,71.68356359886079,71.60721991231543,71.62418805219183,3320400
2019-06-05,71.7005386352539,71.78535993610245,71.69205456373392,71.75991419299292,14753000
2019-06-06,71.65821075439453,71.7345480684503,71.64972667345802,71.70910229709837,20687700
2019-06-07,71.7344741821289,71.79384974461259,71.70902843698603,71.77688807166766,13622500
2019-06-10,71.66659545898438,71.69204119734975,71.65811786049541,71.69204119734975,7611300
2019-06-11,71.64120483398438,71.65817298691432,71.62424315250863,71.6327207575194,2211800
2019-06-12,71.7005386352539,71.71750677829387,71.67509289214438,71.68357696366436,1147900
2019-06-13,71.77689361572266,71.79385528997771,71.7175180486528,71.73447972290785,2450300
2019-06-14,71.75143432617188,71.7684024702062,71.72598858157122,71.73447265358837,1992200
2019-06-17,71.71754455566406,71.75995199270132,71.71754455566406,71.75995199270132,2105300
2019-06-18,71.72599029541016,71.81081807470702,71.72599029541016,71.80233400248713,5589200
2019-06-19,71.87872314453125,71.8872072228778,71.69211224964073,71.70908040633385,1893200
2019-06-20,71.91259765625,71.97197321608056,71.90411358443116,71.93804340025585,1790100
2019-06-21,71.87872314453125,71.87872314453125,71.83631569570971,71.8532773809472,8008900
2019-06-24,71.9211196899414,71.9465654473782,71.89567393250461,71.89567393250461,1715700
2019-06-25,71.93807220458984,71.9720020340002,71.89566477141683,71.92959460082719,1742700
2019-06-26,71.8532485961914,71.90414010297212,71.8447645212436,71.90414010297212,1222000
2019-06-27,71.91259765625,71.91259765625,71.87019024005713,71.89563598406298,1276300
2019-06-28,71.91259765625,71.92956579988768,71.88715191224414,71.90411358443116,4134200
2019-07-01,71.86675262451172,71.91773795875662,71.84125995738927,71.91773795875662,4197900
2019-07-02,71.90921783447266,71.92621077840491,71.87522546322624,71.88371869350142,4841200
2019-07-03,71.92616271972656,71.93466242770441,71.90916978714841,71.91766301174872,2176400
2019-07-05,71.78173065185547,71.81572301485673,71.7562380004496,71.81572301485673,1759500
2019-07-08,71.74779510498047,71.80728016649303,71.74779510498047,71.79878044816682,1587200
2019-07-09,71.72227478027344,71.77326010380197,71.72227478027344,71.77326010380197,1457300
2019-07-10,71.84976196289062,71.84976196289062,71.781777192809,71.80726986074347,1704800
2019-07-11,71.81571197509766,71.8497043328735,71.79871255452008,71.84120462258471,1227300
2019-07-12,71.8242416381836,71.84124106738493,71.7987489777642,71.80724869236488,871600
2019-07-15,71.84121704101562,71.85820998115128,71.83271732925758,71.84121704101562,1385800
2019-07-16,71.81571197509766,71.83270491229592,71.79021932761061,71.80721226480887,1350100
2019-07-17,71.88374328613281,71.88374328613281,71.81576500376538,71.82425823694624,1457500
2019-07-18,71.96871185302734,71.97720508436343,71.85823501183121,71.87523444126879,1426800
2019-07-19,71.89224243164062,71.9262348142464,71.87524948202977,71.90924186463553,864000
2019-07-22,71.90072631835938,71.92621897885518,71.90072631835938,71.91771926422904,823300
2019-07-23,71.88374328613281,71.90924243582772,71.87525005295196,71.89224300269778,1026900
2019-07-24,71.90072631835938,71.92621897885518,71.88372688910708,71.90072631835938,1364700
2019-07-25,71.85823059082031,71.88372325002555,71.83273793161506,71.88372325002555,1093800
2019-07-26,71.86675262451172,71.86675262451172,71.8242605237181,71.85825290767613,1003000
2019-07-29,71.86675262451172,71.89224529163417,71.86675262451172,71.86675262451172,930600
2019-07-30,71.87519836425781,71.89219130178326,71.86669865380536,71.88369159133082,933500
2019-07-31,71.86675262451172,71.93473739242779,71.74778252235075,71.90924472530534,2313300
2019-08-01,72.07102966308594,72.12210556242538,71.89225102559642,71.90076584045323,3099000
2019-08-02,72.08805084228516,72.10507397663625,72.0539980786824,72.06251289330822,2626500
2019-08-05,72.2328109741211,72.283893395799,72.1987581913039,72.2157878301646,3154500
2019-08-06,72.2668228149414,72.2668228149414,72.20723210249785,72.24128486602282,3277800
2019-08-07,72.27533721923828,72.39451864344879,72.24979927046468,72.36046588011715,2352400
2019-08-08,72.24980926513672,72.25831758597126,72.19872686562252,72.24980926513672,1499000
2019-08-09,72.207275390625,72.28389577821508,72.207275390625,72.24984299427554,1833600
2019-08-12,72.28387451171875,72.30941246843383,72.25833006010116,72.26684487730702,2403500
2019-08-13,72.19873046875,72.28386564055525,72.16467769900824,72.27535082439438,1839500
2019-08-14,72.2923583984375,72.31789634652048,72.25830563602675,72.26682045035452,3312800
2019-08-15,72.44566345214844,72.45417827480587,72.32648191457108,72.32648191457108,4823000
2019-08-16,72.43711853027344,72.44563334939278,72.36901946203066,72.40307224360404,1886600
2019-08-19,72.3604736328125,72.39452639979255,72.34345049677307,72.36898844828282,1485500
2019-08-20,72.41154479980469,72.43708274964413,72.39452166487864,72.40303647979205,2015700
2019-08-21,72.34346008300781,72.40305080939397,72.33494526640919,72.36899803790159,2082500
2019-08-22,72.30943298339844,72.369023730941,72.30091816377683,72.3264561277373,956200
2019-08-23,72.42860412597656,72.44562726788223,72.31793097142764,72.33496060823676,2448900
2019-08-26,72.39453887939453,72.44561479121865,72.36900092348247,72.42007683530659,1768700
2019-08-27,72.4200668334961,72.43708997011899,72.36899092872599,72.36899092872599,2179600
2019-08-28,72.43711853027344,72.46266298763146,72.42009538693874,72.43711853027344,1944400
2019-08-29,72.40306091308594,72.43710719442736,72.3945460952991,72.42859887154349,3270600
2019-08-30,72.42860412597656,72.43711244947768,72.38603652885722,72.40306616566633,2543000
2019-09-03,72.48486328125,72.54455643782721,72.42517012467279,72.44222252395224,4574300
2019-09-04,72.54454803466797,72.54454803466797,72.48485488500529,72.48485488500529,1455900
2019-09-05,72.3825454711914,72.4507680956197,72.34843415897726,72.4507680956197,2145200
2019-09-06,72.39105987548828,72.4251711806106,72.37400747596023,72.39958932828542,2485500
2019-09-09,72.31431579589844,72.3569500486227,72.31431579589844,72.33989764874627,2423900
2019-09-10,72.19491577148438,72.31430206615154,72.1863863201324,72.30577261479957,2262300
2019-09-11,72.19491577148438,72.23755001611401,72.19491577148438,72.19491577148438,3005000
2019-09-12,72.17787170410156,72.24609431680949,72.15228985085271,72.23756486370438,3319700
2019-09-13,72.05848693847656,72.13523249987777,72.04143453796516,72.11818009936637,1951400
2019-09-16,72.11822509765625,72.11822509765625,72.08411376928304,72.10117268650497,3034100
2019-09-17,72.15235137939453,72.16940379407988,72.10118762926648,72.10971058357316,1397300
2019-09-18,72.10965728759766,72.2375730744477,72.10113433959025,72.19493881620913,3277800
2019-09-19,72.11822509765625,72.17791829579173,72.11822509765625,72.17791829579173,2399300
2019-09-20,72.19491577148438,72.22049761947518,72.13521611808568,72.15227502078962,2383300
2019-09-23,72.23756408691406,72.30578669888837,72.23756408691406,72.24609353992744,1537100
2019-09-24,72.31431579589844,72.34842059565132,72.24609318425999,72.24609318425999,3693100
2019-09-25,72.22052001953125,72.32284744323255,72.22052001953125,72.3057950413047,2860800
2019-09-26,72.2546615600586,72.30582529331562,72.2546615600586,72.27171396912098,871500
2019-09-27,72.29724884033203,72.32283069033157,72.26313753831079,72.26313753831079,1691700
2019-09-30,72.3313980102539,72.3313980102539,72.28023428346893,72.28875723388707,2325600
2019-10-01,72.41250610351562,72.4381287364504,72.2758498890509,72.2758498890509,4668900
2019-10-02,72.4894027709961,72.5235684642096,72.45523707778257,72.46377361375619,2613000
2019-10-03,72.64314270019531,72.66022228801043,72.53210257185901,72.5406456239863,2441100
2019-10-04,72.63458251953125,72.64312556964393,72.59187378540578,72.60895988563114,1760800
2019-10-07,72.55773162841797,72.60044037639186,72.54065203909242,72.59189732350907,1611700
2019-10-08,72.60042572021484,72.63459140840877,72.54918044614331,72.608968771373,2153300
2019-10-09,72.55773162841797,72.61751996571739,72.54065203909242,72.60044037639186,1472500
2019-10-10,72.47232818603516,72.56628222819691,72.47232818603516,72.56628222819691,3566900
2019-10-11,72.40399932861328,72.42962849082612,72.35275403706949,72.42108543675518,3068400
2019-10-14,72.41250610351562,72.42959220309726,72.39542652037166,72.41250610351562,1336700
2019-10-15,72.39544677734375,72.44669205755226,72.3698241372395,72.438149005371,2470000
2019-10-16,72.4295883178711,72.44666790009889,72.40395916987343,72.4295883178711,1840700
2019-10-17,72.4295883178711,72.47229053165923,72.41250221920598,72.4295883178711,1641200
2019-10-18,72.45523834228516,72.48940403609494,72.44669528972275,72.44669528972275,1901600
2019-10-21,72.42108154296875,72.46378377814567,72.40399543574551,72.44670418736303,985500
2019-10-22,72.44671630859375,72.45525936363472,72.39547101123124,72.43817325355276,1192300
2019-10-23,72.43812561035156,72.47229129160273,72.42958907736681,72.46374824218059,1578600
2019-10-24,72.43812561035156,72.489377390447,72.43812561035156,72.45521170919584,1228600
2019-10-25,72.39544677734375,72.45523510973351,72.37836067298126,72.45523510973351,982900
2019-10-28,72.36983489990234,72.37837143691362,72.34420573954709,72.36983489990234,2045000
2019-10-29,72.38688659667969,72.40396618056124,72.36980701279812,72.39542964683945,1768700
2019-10-30,72.4295883178711,72.43812485076633,72.35271390675274,72.38687958764564,1622500
2019-10-31,72.55773162841797,72.56627468130075,72.47232064891021,72.47232064891021,2719200
2019-11-01,72.51494598388672,72.55771869814748,72.48072389616061,72.53205376415185,3436200
2019-11-04,72.4636001586914,72.48071446392521,72.45504953326947,72.48071446392521,2509400
2019-11-05,72.41222381591797,72.43788873009937,72.38655890173656,72.43788873009937,2078400
2019-11-06,72.45506286621094,72.47217064739789,72.42939793083242,72.45506286621094,1237100
2019-11-07,72.3694839477539,72.40370602766261,72.32671124326379,72.40370602766261,2284900
2019-11-08,72.3780517578125,72.42083099579656,72.36949460477663,72.36949460477663,2300500
2019-11-11,72.39517211914062,72.40372274569638,72.36950065788581,72.39517211914062,1329600
2019-11-12,72.40374755859375,72.41230471527791,72.36952545905518,72.38663977242351,2647800
2019-11-13,72.43791198730469,72.4550262870476,72.42080421475465,72.44646913717615,1679800
2019-11-14,72.50637817382812,72.53204310405175,72.48927039607733,72.49782102135529,2754500
2019-11-15,72.48072814941406,72.49783593068311,72.47217099518144,72.47217099518144,2456100
2019-11-18,72.51494598388672,72.52349661042138,72.49783167642575,72.51494598388672,1029100
2019-11-19,72.50637817382812,72.51493532630096,72.48927039607733,72.48927039607733,1630600
2019-11-20,72.54061126708984,72.55771904743735,72.51494633297067,72.52349695954649,1754200
2019-11-21,72.50637817382812,72.53204310405175,72.49782102135529,72.51493532630096,1288000
2019-11-22,72.49784088134766,72.52350581860192,72.48073309891038,72.51495519098161,3148100
2019-11-25,72.50637817382812,72.51493532630096,72.4807132436045,72.49782102135529,3597000
2019-11-26,72.54061126708984,72.54916842086152,72.52349695954649,72.54061126708984,1792200
2019-11-27,72.49784088134766,72.52350581860192,72.48929025372735,72.52350581860192,1090100
2019-11-29,72.52349090576172,72.52349090576172,72.48071819486543,72.48927534792281,1220200
2019-12-02,72.5012435913086,72.56122544793497,72.4669673107318,72.48410218225418,4211500
2019-12-03,72.6040267944336,72.64686721507623,72.58688539615419,72.5954560952939,2036600
2019-12-04,72.56979370117188,72.59549927635317,72.54408812599058,72.58692857211545,2017700
2019-12-05,72.5355224609375,72.56979874273775,72.52695175610437,72.5355224609375,1965900
2019-12-06,72.50979614257812,72.53550171219217,72.48408403543367,72.49265473781516,2024400
2019-12-09,72.50979614257812,72.52693100981068,72.50122544019665,72.52693100981068,1482200
2019-12-10,72.47549438476562,72.52690550591512,72.47549438476562,72.5183348065475,1214100
2019-12-11,72.5355224609375,72.54409316577063,72.48410476947099,72.48410476947099,1223100
2019-12-12,72.46694946289062,72.55263687446268,72.42410248833937,72.55263687446268,1627400
2019-12-13,72.55261993408203,72.56976133491234,72.49263810623376,72.52691437036547,1630500
2019-12-16,72.50979614257812,72.52693100981068,72.48408403543367,72.52693100981068,1568800
2019-12-17,72.52692413330078,72.54406553643852,72.51835343173191,72.53549483486965,1764000
2019-12-18,72.5355224609375,72.5355224609375,72.50124617913725,72.51838105127123,1677400
2019-12-19,72.55009460449219,72.56726379744728,72.53293195966562,72.53293195966562,1464500
2019-12-20,72.55009460449219,72.55867920096973,72.52434736318807,72.54151000801464,1413600
2019-12-23,72.53289031982422,72.54146836324875,72.51572113672566,72.53289031982422,2008600
2019-12-24,72.54150390625,72.55867309776092,72.49859402372863,72.49859402372863,895500
2019-12-26,72.5672378540039,72.57581589928621,72.55006866718696,72.57581589928621,1156900
2019-12-27,72.61876678466797,72.62735138215088,72.5844349428656,72.59301954034851,1388200
2019-12-30,72.64448547363281,72.66165466184971,72.61015364532571,72.61015364532571,1630700
2019-12-31,72.63591003417969,72.67024186681378,72.61874739192639,72.64449462937009,3025600
2020-01-02,72.67023468017578,72.70456650941468,72.64448744527833,72.67023468017578,2665200
2020-01-03,72.73035430908203,72.7475235073409,72.68744440969591,72.71319165895369,2039900
2020-01-06,72.70458221435547,72.7303294548146,72.67883497389634,72.72175140674707,1132100
2020-01-07,72.70458221435547,72.72175140674707,72.69599761815967,72.71316681055127,1103400
2020-01-08,72.67023468017578,72.73031374431213,72.66165663396121,72.71315110375612,1864300
2020-01-09,72.67884063720703,72.6960032828077,72.64450879787688,72.65309339474162,1424400
2020-01-10,72.69598388671875,72.7131530758673,72.68740584027154,72.68740584027154,1065900
2020-01-13,72.68739318847656,72.6959712334307,72.67022400231644,72.6959712334307,1275600
2020-01-14,72.69598388671875,72.72173767044157,72.68740584027154,72.68740584027154,2323400
2020-01-15,72.73035430908203,72.73035430908203,72.70460705982426,72.72177625808312,2467900
2020-01-16,72.73035430908203,72.73035430908203,72.70460705982426,72.72177625808312,1995100
2020-01-17,72.75606536865234,72.75606536865234,72.71315549061009,72.72174008546945,1592600
2020-01-21,72.77325439453125,72.78183899173055,72.76466979733195,72.76466979733195,2814600
2020-01-22,72.79041290283203,72.79899749954332,72.77325025753814,72.77325025753814,1878400
2020-01-23,72.81613159179688,72.85046341705097,72.79896895323289,72.81613159179688,6874100
2020-01-24,72.84192657470703,72.86767382117995,72.81617278010428,72.82475737830521,3717500
2020-01-27,72.91915130615234,72.93632049854956,72.90198866188342,72.92773590235096,1915500
2020-01-28,72.88484954833984,72.92776599891577,72.87627149672946,72.91918139917439,1233400
2020-01-29,72.95344543457031,72.95344543457031,72.89336638849036,72.91052902388824,1269100
2020-01-30,72.9620361328125,73.01353059144083,72.95345154033264,72.97919876964679,1348300
2020-01-31,73.05647277832031,73.07363542120918,72.99639370601763,72.99639370601763,4298900
2020-02-03,73.03496551513672,73.05216197659016,72.99198747855992,73.03496551513672,4133700
2020-02-04,72.95760345458984,72.97479335806632,72.93180876158222,72.96619512706378,1575300
2020-02-05,72.9060287475586,72.93181688490995,72.9060287475586,72.91462697951883,2229300
2020-02-06,72.9232406616211,72.9232406616211,72.89745251880603,72.90604419405723,1505800
2020-02-07,72.96620178222656,72.9833982458001,72.94901187718222,72.95761010896899,1408200
2020-02-10,73.00059509277344,73.02638323205686,72.98340518609443,73.00919332537785,982700
2020-02-11,72.96620178222656,72.9833982458001,72.94901187718222,72.97480001401334,1911200
2020-02-12,72.93183135986328,72.94902782719677,72.93183135986328,72.94042959353003,1400400
2020-02-13,72.94898986816406,72.9747779972148,72.9403916389714,72.95758809735672,1700700
2020-02-14,72.9833755493164,72.9919737784293,72.97477732020353,72.9833755493164,1560000
2020-02-18,73.00918579101562,73.02637569592068,72.99199588611057,73.00918579101562,1669400
2020-02-19,73.01779174804688,73.01779174804688,72.97480714344273,72.99200360869632,1422800
2020-02-20,73.03496551513672,73.05216197659016,73.00917738148496,73.00917738148496,2051800
2020-02-21,73.09516906738281,73.13815367957373,73.06078268933628,73.06938092348067,1798800
2020-02-24,73.21548461914062,73.24127275124609,73.20689294745746,73.21548461914062,2725200
2020-02-25,73.29290008544922,73.32728646864902,73.23272555448257,73.23272555448257,3027000
2020-02-26,73.34445190429688,73.37024004345766,73.25848925425103,73.27567916084828,3688200
2020-02-27,73.43043518066406,73.49920794343066,73.37885888785495,73.44763165062153,6008700
2020-02-28,73.6968994140625,73.73127922358026,73.60233854156594,73.62812667796881,9540700
2020-03-02,73.66678619384766,73.86479493732693,73.66678619384766,73.79592175975955,15009300
2020-03-03,73.9594497680664,74.05414212056505,73.70117879040453,73.71839379046688,7232300
2020-03-04,73.96810913085938,74.08002970307018,73.96810913085938,74.01115651526487,5711900
2020-03-05,74.12306213378906,74.1574987237959,74.09723633331093,74.13167292331777,3797200
2020-03-06,74.20914459228516,74.35550173053544,74.183318793802,74.30384356546169,4378300
2020-03-09,74.61373138427734,74.61373138427734,74.35546695213678,74.50181745382687,44359800
2020-03-10,74.28659057617188,74.35546371565326,74.1660658661315,74.29520136063307,11970200
2020-03-11,74.20056915283203,74.31248317903798,74.19195836062849,74.29526816274091,7873200
2020-03-12,74.18331909179688,74.50185259995271,74.18331909179688,74.29523964315007,12312300
2020-03-13,74.27801513671875,74.312451722846,73.99391822724931,74.08001297662105,9422400
2020-03-16,74.39854431152344,74.66542622779309,74.3813293014936,74.53629066419263,12123900
2020-03-17,74.22634887695312,74.49322415657976,74.14886493144822,74.458787577256,10487800
2020-03-18,74.13164520263672,74.7084430913212,74.13164520263672,74.22634414771692,11907500
2020-03-19,74.2607650756836,74.49320371219456,74.22632850581084,74.22632850581084,12898400
2020-03-20,74.45877075195312,74.57929546829854,74.36407182223824,74.36407182223824,10683700
2020-03-23,74.54489135742188,74.66542269435725,74.51906555954547,74.64820111703479,9472000
2020-03-24,74.44158935546875,74.52767753913486,74.44158935546875,74.46741515375784,8366100
2020-03-25,74.5276870727539,74.5793386759394,74.45881388976778,74.45881388976778,6098000
2020-03-26,74.61373138427734,74.64816795551697,74.53625402506648,74.54485824179811,8381000
2020-03-27,74.59654235839844,74.63958316135717,74.4846218208711,74.63958316135717,37087900
2020-03-30,74.6309814453125,74.6912438259617,74.60515564904955,74.66541802969874,5650800
2020-03-31,74.61373138427734,74.70843031316019,74.61373138427734,74.65677874035296,5677600
2020-04-01,74.66203308105469,74.70512659017531,74.62755432806836,74.66203308105469,6923900
2020-04-02,74.6792984008789,74.7051558317025,74.66206230571395,74.6792984008789,5879700
2020-04-03,74.66203308105469,74.73098401087763,74.62755432806836,74.65341174877068,5018100
2020-04-06,74.61028289794922,74.65338296660259,74.6016681451363,74.62752555586944,4869100
2020-04-07,74.59303283691406,74.61889024280136,74.54993277633795,74.56717543102677,7881000
2020-04-08,74.63617706298828,74.66204106260524,74.59308354926085,74.59308354926085,4890600
2020-04-09,74.66203308105469,74.68789050175701,74.62755432806836,74.63616908420265,5400400
2020-04-13,74.67064666748047,74.67064666748047,74.63616791503424,74.67064666748047,3356200
2020-04-14,74.67064666748047,74.6878893317784,74.63616791503424,74.66203191148112,4712200
2020-04-15,74.69652557373047,74.7309977569079,74.68790423986064,74.71376166531918,4270000
2020-04-16,74.71375274658203,74.73098883611324,74.69651665705082,74.71375274658203,2383600
2020-04-17,74.6878890991211,74.72236785145992,74.6878890991211,74.6965104312432,3282700
2020-04-20,74.6878890991211,74.72236785145992,74.6878890991211,74.70512518721571,5969400
2020-04-21,74.70508575439453,74.72232840953727,74.68784967539791,74.7137070819659,3610300
2020-04-22,74.6792984008789,74.69654107219617,74.6792984008789,74.69654107219617,4836900
2020-04-23,74.67064666748047,74.69651066392736,74.66203191148112,74.67926799962943,3010000
2020-04-24,74.67064666748047,74.69651066392736,74.67064666748047,74.67926799962943,3117600
2020-04-27,74.67064666748047,74.67926799962943,74.6447892471832,74.67064666748047,4928800
2020-04-28,74.69652557373047,74.71376166531918,74.68790423986064,74.70514033144937,3706900
2020-04-29,74.6878890991211,74.72236785145992,74.6878890991211,74.71374651933782,4285700
2020-04-30,74.81721496582031,74.81721496582031,74.69654256879096,74.69654256879096,9557300
2020-05-01,74.706787109375,74.72404409494484,74.6809082126318,74.72404409494484,5135000
2020-05-04,74.706787109375,74.74129449890312,74.68953670541673,74.69815861659006,5813400
2020-05-05,74.6981201171875,74.72400558220092,74.6981201171875,74.71537709386311,4334000
2020-05-06,74.72403717041016,74.72403717041016,74.69815169445413,74.70678018643947,2007300
2020-05-07,74.7757568359375,74.7930072295024,74.71537058604898,74.72399907363523,2455600
2020-05-08,74.75851440429688,74.81890066061665,74.74988591579168,74.78439328820416,2690000
2020-05-11,74.73261260986328,74.76711997473598,74.70673373161047,74.76711997473598,4067600
2020-05-12,74.74990844726562,74.74990844726562,74.70677257334572,74.72402955555779,2670000
2020-05-13,74.74990844726562,74.77578733897344,74.74127995615959,74.75853693837166,3829400
2020-05-14,74.73261260986328,74.78437694797577,74.73261260986328,74.75849806972296,2284600
2020-05-15,74.7757568359375,74.7930072295024,74.76712834835125,74.78438532352375,1942800
2020-05-18,74.71539306640625,74.76715084428139,74.71539306640625,74.76715084428139,2761400
2020-05-19,74.75851440429688,74.75851440429688,74.72400703188438,74.72400703188438,2976500
2020-05-20,74.75851440429688,74.76713631119377,74.73262893878127,74.73262893878127,3497900
2020-05-21,74.74125671386719,74.75851369071287,74.74125671386719,74.74988520229003,3246300
2020-05-22,74.74125671386719,74.76713559752746,74.74125671386719,74.75851369071287,2592500
2020-05-26,74.74125671386719,74.74988520229003,74.72400631862976,74.73262822544434,4356200
2020-05-27,74.72403717041016,74.7671664671149,74.72403717041016,74.73265908078452,3507600
2020-05-28,74.75851440429688,74.75851440429688,74.72400703188438,74.73262893878127,3433400
2020-05-29,74.75851440429688,74.77576479969896,74.74125742728647,74.74125742728647,6903400
2020-06-01,74.7499008178711,74.76716516361252,74.73262988519882,74.75852969727637,6995500
2020-06-02,74.7499008178711,74.75852969727637,74.73262988519882,74.7499008178711,3869300
2020-06-03,74.68944549560547,74.7326096417322,74.68944549560547,74.7326096417322,4476300
2020-06-04,74.7067642211914,74.71539969147476,74.68086439727517,74.69812875090804,4350000
2020-06-05,74.68083953857422,74.68083953857422,74.65493972327916,74.67220407116531,4391300
2020-06-08,74.66355895996094,74.68945876962577,74.64628802889756,74.66355895996094,4200200
2020-06-09,74.68944549560547,74.69807437267337,74.67217456761152,74.67217456761152,7839900
2020-06-10,74.73258209228516,74.74985301391234,74.70668229677102,74.7153177575846,3146500
2020-06-11,74.69805908203125,74.74986526847933,74.69805908203125,74.74122980625002,3244500
2020-06-12,74.72400665283203,74.73263553288942,74.70673571885457,74.7153711858433,3356000
2020-06-15,74.7067642211914,74.74129951539099,74.7067642211914,74.72403516175812,3246000
2020-06-16,74.69805908203125,74.73259434402073,74.69805908203125,74.70669454426054,5306400
2020-06-17,74.72400665283203,74.72400665283203,74.70673571885457,74.70673571885457,3369600
2020-06-18,74.7153549194336,74.73261926272107,74.7153549194336,74.73261926272107,2027100
2020-06-19,74.73258209228516,74.74985301391234,74.7153177575846,74.7239532183982,3477600
2020-06-22,74.7153549194336,74.74125472782976,74.7153549194336,74.73261926272107,2597900
2020-06-23,74.73258209228516,74.73258209228516,74.7153177575846,74.7239532183982,2792100
2020-06-24,74.7412338256836,74.7412338256836,74.71533402453058,74.72396948722427,2110900
2020-06-25,74.7412338256836,74.74986928837728,74.73259836298989,74.73259836298989,1716500
2020-06-26,74.76712799072266,74.77576345276539,74.74122819152203,74.74122819152203,4109900
2020-06-29,74.78443908691406,74.78443908691406,74.75853268686967,74.76716815355113,2766100
2020-06-30,74.77577209472656,74.79303643387972,74.76713663168582,74.79303643387972,4443400
2020-07-01,74.75072479248047,74.78528440348424,74.75072479248047,74.78528440348424,4789400
2020-07-02,74.78529357910156,74.78529357910156,74.75073396385758,74.76801706726589,2662800
2020-07-06,74.75936126708984,74.77664436720414,74.75936126708984,74.76800281714699,3406700
2020-07-07,74.77664184570312,74.77664184570312,74.75935874617163,74.76800029593737,2939000
2020-07-08,74.77664184570312,74.78527680389773,74.76800029593737,74.77664184570312,3454900
2020-07-09,74.7939224243164,74.7939224243164,74.7680043651797,74.77664591541577,2508600
2020-07-10,74.76799774169922,74.80255734801045,74.76799774169922,74.80255734801045,2447400
2020-07-13,74.76799774169922,74.77663929116976,74.75935619222868,74.76799774169922,2332100
2020-07-14,74.77664184570312,74.79391835366349,74.76800029593737,74.78527680389773,2112500
2020-07-15,74.78529357910156,74.78529357910156,74.75937551556173,74.76801706726589,4553200
2020-07-16,74.78529357910156,74.80257668250987,74.78529357910156,74.79393513080572,1750100
2020-07-17,74.80258178710938,74.80258178710938,74.77666372180087,74.79394023481551,2016200
2020-07-20,74.78529357910156,74.80257668250987,74.77665861897003,74.80257668250987,3534600
2020-07-21,74.80258178710938,74.80258178710938,74.77666372180087,74.77666372180087,4017900
2020-07-22,74.7939224243164,74.80256397455247,74.78528087408033,74.80256397455247,3776600
2020-07-23,74.7939224243164,74.80256397455247,74.78528087408033,74.7939224243164,2263100
2020-07-24,74.80258178710938,74.80258178710938,74.78529868252166,74.79394023481551,3056000
2020-07-27,74.77664184570312,74.80255990342924,74.76800029593737,74.80255990342924,2250900
2020-07-28,74.7939224243164,74.80256397455247,74.78528087408033,74.78528087408033,3804400
2020-07-29,74.8111801147461,74.81982166280841,74.79390361019131,74.80254515825362,2551300
2020-07-30,74.83712005615234,74.83712005615234,74.81983695649492,74.81983695649492,2016900
2020-07-31,74.84577178955078,74.84577178955078,74.82849527759237,74.84577178955078,3229400
2020-08-03,74.84577178955078,74.84577178955078,74.81119221769104,74.82847870593143,2979500
2020-08-04,74.85442352294922,74.85442352294922,74.83713703198681,74.84578357515801,2871000
2020-08-05,74.83711242675781,74.84575896708617,74.82846588642946,74.83711242675781,3037500
2020-08-06,74.83711242675781,74.85439891203671,74.82846588642946,74.83711242675781,1793300
2020-08-07,74.82846069335938,74.83710723308766,74.81982074900844,74.82846069335938,3944500
2020-08-10,74.81117248535156,74.82845896903244,74.80252594582252,74.82845896903244,2089800
2020-08-11,74.79389953613281,74.80254607798896,74.76796650594335,74.79389953613281,3345700
2020-08-12,74.77659606933594,74.78524260922885,74.76794952944303,74.77659606933594,4246900
2020-08-13,74.76795959472656,74.77660613578347,74.75931964904804,74.76795959472656,2073800
2020-08-14,74.77659606933594,74.79388255374425,74.76794952944303,74.77659606933594,2548600
2020-08-17,74.78527069091797,74.79391063867766,74.7766241477783,74.79391063867766,2655100
2020-08-18,74.79389953613281,74.80254607798896,74.78525958965565,74.78525958965565,2106500
2020-08-19,74.79389953613281,74.80254607798896,74.78525958965565,74.80254607798896,2064900
2020-08-20,74.79389953613281,74.81119261984512,74.79389953613281,74.80254607798896,2121000
2020-08-21,74.78527069091797,74.81120372495698,74.78527069091797,74.80255718181732,3337600
2020-08-24,74.77659606933594,74.80252909363716,74.77659606933594,74.79388255374425,2834100
2020-08-25,74.78527069091797,74.78527069091797,74.75933765687896,74.76797760463865,1986600
2020-08-26,74.78527069091797,74.78527069091797,74.76797760463865,74.78527069091797,2983300
2020-08-27,74.77659606933594,74.81117563353007,74.76794952944303,74.80252909363716,2609000
2020-08-28,74.80255126953125,74.81984435444375,74.793904727075,74.793904727075,3445500
2020-08-31,74.82846069335938,74.82846069335938,74.80252766955186,74.80252766955186,2357200
2020-09-01,74.81031036376953,74.81896180248133,74.80166552417192,74.81031036376953,3093600
2020-09-02,74.8189468383789,74.8189468383789,74.80165056352882,74.80165056352882,3682600
2020-09-03,74.81031036376953,74.83625808079073,74.81031036376953,74.81896180248133,2547200
2020-09-04,74.78434753417969,74.81894668292082,74.77569609721618,74.81029524595732,2904300
2020-09-08,74.79300689697266,74.81030317361969,74.79300689697266,74.80165833485296,2014700
2020-09-09,74.8016586303711,74.8016586303711,74.78435575454215,74.79300719245663,3009100
2020-09-10,74.79300689697266,74.81030317361969,74.78435545909237,74.78435545909237,2910000
2020-09-11,74.81031036376953,74.82761324119313,74.80166552417192,74.80166552417192,2109800
2020-09-14,74.8016586303711,74.81895490708645,74.8016586303711,74.81895490708645,1993000
2020-09-15,74.81031036376953,74.81031036376953,74.80166552417192,74.80166552417192,2013100
2020-09-16,74.8189468383789,74.8189468383789,74.79299912654736,74.81029540139743,2551200
2020-09-17,74.8016586303711,74.82760634500093,74.8016586303711,74.81895490708645,2494700
2020-09-18,74.81031036376953,74.82761324119313,74.80166552417192,74.81896180248133,2334200
2020-09-21,74.8016586303711,74.81895490708645,74.8016586303711,74.81895490708645,3969100
2020-09-22,74.8189468383789,74.8189468383789,74.80165056352882,74.81029540139743,2108400
2020-09-23,74.8189468383789,74.8189468383789,74.80165056352882,74.81029540139743,3298200
2020-09-24,74.81031036376953,74.81896180248133,74.80166552417192,74.81031036376953,2955200
2020-09-25,74.8189468383789,74.82759827536039,74.8189468383789,74.8189468383789,1786000
2020-09-28,74.82762908935547,74.82762908935547,74.8103262082672,74.82762908935547,2777700
2020-09-29,74.8189468383789,74.83624311322897,74.8189468383789,74.82759827536039,2568900
2020-09-30,74.82762908935547,74.82762908935547,74.8103262082672,74.82762908935547,3111800
2020-10-01,74.81031036376953,74.82762124733497,74.81031036376953,74.81031036376953,3890800
2020-10-02,74.81893920898438,74.82759464769026,74.80163493373787,74.81893920898438,3081300
2020-10-05,74.79299926757812,74.81030354739924,74.78434382658405,74.81030354739924,3139800
2020-10-06,74.79299926757812,74.8016547085722,74.78434382658405,74.79299926757812,2618100
2020-10-07,74.7843246459961,74.7843246459961,74.76702037061317,74.76702037061317,3613200
2020-10-08,74.7843246459961,74.79298008477024,74.77567580938731,74.7843246459961,1996700
2020-10-09,74.7843246459961,74.79298008477024,74.77567580938731,74.79298008477024,1977700
2020-10-12,74.8016357421875,74.8016357421875,74.77567602795455,74.78432486458861,2400900
2020-10-13,74.79299926757812,74.81030354739924,74.78434382658405,74.79299926757812,5330600
2020-10-14,74.79299926757812,74.81030354739924,74.79299926757812,74.79299926757812,8129500
2020-10-15,74.81031036376953,74.81896580555225,74.79300608237173,74.80166152415445,6851500
2020-10-16,74.8016357421875,74.81028457882158,74.79298030338806,74.8016357421875,1562100
2020-10-19,74.8016357421875,74.8016357421875,74.77567602795455,74.78432486458861,2499200
2020-10-20,74.79299926757812,74.8016547085722,74.78434382658405,74.79299926757812,1991800
2020-10-21,74.79299926757812,74.79299926757812,74.775694987757,74.78434382658405,1788700
2020-10-22,74.76702117919922,74.79298089363705,74.76702117919922,74.78432545476929,3063300
2020-10-23,74.77568817138672,74.79299244963042,74.77568817138672,74.78433700942536,2014300
2020-10-26,74.7843246459961,74.79298008477024,74.77567580938731,74.7843246459961,2319200
2020-10-27,74.7843246459961,74.80163552354438,74.7843246459961,74.79298008477024,1982000
2020-10-28,74.7843246459961,74.80163552354438,74.7843246459961,74.79298008477024,4930200
2020-10-29,74.8016357421875,74.8016357421875,74.78432486458861,74.79298030338806,3688800
2020-10-30,74.79299926757812,74.8016547085722,74.775694987757,74.8016547085722,3562300
2020-11-02,74.79212951660156,74.79212951660156,74.77481742574977,74.78347016860207,3642500
2020-11-03,74.7747802734375,74.78343301199062,74.75746158604339,74.7747802734375,1739600
2020-11-04,74.79212951660156,74.80944821260057,74.78347016860207,74.79212951660156,4432600
2020-11-05,74.7747802734375,74.80075169938473,74.7747802734375,74.79209235568767,4646000
2020-11-06,74.78347778320312,74.79213713208433,74.77482503946979,74.79213713208433,2479200
2020-11-09,74.75750732421875,74.75750732421875,74.73153588238166,74.74884797522373,5418600
2020-11-10,74.74882507324219,74.74882507324219,74.73151298570428,74.73151298570428,3162200
2020-11-11,74.73152160644531,74.74018095378614,74.72286225910447,74.73152160644531,2643200
2020-11-12,74.74018859863281,74.7661600381651,74.74018859863281,74.75750068993854,3915800
2020-11-13,74.74018859863281,74.7661600381651,74.74018859863281,74.75750068993854,3156800
2020-11-16,74.75750732421875,74.76616667321377,74.74019523137669,74.74884797522373,3752900
2020-11-17,74.74882507324219,74.76614376592603,74.74882507324219,74.74882507324219,3457900
2020-11-18,74.74882507324219,74.76614376592603,74.74882507324219,74.7574844195841,2325200
2020-11-19,74.76615142822266,74.77481077545201,74.75749208099329,74.75749208099329,1900700
2020-11-20,74.7747802734375,74.78343301199062,74.7747802734375,74.78343301199062,1784700
2020-11-23,74.7747802734375,74.78343301199062,74.7747802734375,74.7747802734375,1640500
2020-11-24,74.78347778320312,74.78347778320312,74.77482503946979,74.77482503946979,2649500
2020-11-25,74.79212951660156,74.79212951660156,74.78347016860207,74.78347016860207,2449800
2020-11-27,74.79212951660156,74.80078886460106,74.79212951660156,74.79212951660156,1378900
2020-11-30,74.80941009521484,74.80941009521484,74.79209140804016,74.80941009521484,3375300
2020-12-01,74.76873779296875,74.78605649713255,74.76007513705164,74.77739384121544,6173900
2020-12-02,74.78607940673828,74.78607940673828,74.76009803869837,74.76876069726916,2297100
2020-12-03,74.80335998535156,74.80335998535156,74.78603467857195,74.79469733196176,2751900
2020-12-04,74.79471588134766,74.79471588134766,74.77739057027131,74.78605322580948,2825200
2020-12-07,74.8120346069336,74.8120346069336,74.79471590352223,74.79471590352223,3213900
2020-12-08,74.79471588134766,74.81203458475389,74.79471588134766,74.80337853688584,2559800
2020-12-09,74.78607940673828,74.79474206530907,74.78607940673828,74.79474206530907,2829000
2020-12-10,74.80335998535156,74.82067868446269,74.79469733196176,74.81201603107287,2977700
2020-12-11,74.84666442871094,74.84666442871094,74.8293457285836,74.83800838248172,1802200
2020-12-14,74.83800506591797,74.84666111176358,74.82934241240376,74.82934241240376,2805200
2020-12-15,74.83800506591797,74.84666111176358,74.82934241240376,74.83800506591797,1969300
2020-12-16,74.83800506591797,74.83800506591797,74.82934241240376,74.82934241240376,1444700
2020-12-17,74.83975982666016,74.84842569256712,74.82243470496515,74.84842569256712,2541200
2020-12-18,74.83108520507812,74.83974445908807,74.83108520507812,74.83108520507812,2924100
2020-12-21,74.83108520507812,74.83974445908807,74.8224193409506,74.83108520507812,2249100
2020-12-22,74.83108520507812,74.84841032321559,74.83108520507812,74.83108520507812,1928400
2020-12-23,74.84842681884766,74.84842681884766,74.83110169689196,74.83110169689196,2821600
2020-12-24,74.83108520507812,74.84841032321559,74.83108520507812,74.83108520507812,1039500
2020-12-28,74.83975982666016,74.83975982666016,74.82243470496515,74.82243470496515,1836400
2020-12-29,74.83975982666016,74.83975982666016,74.83110057087211,74.83975982666016,2010600
2020-12-30,74.84842681884766,74.84842681884766,74.83110169689196,74.83110169689196,1327500
2020-12-31,74.83975982666016,74.84842569256712,74.82243470496515,74.83975982666016,1949900
2021-01-04,74.84842681884766,74.85709268488502,74.83110169689196,74.83110169689196,2989300
2021-01-05,74.84842681884766,74.85709268488502,74.83110169689196,74.84842681884766,2529400
2021-01-06,74.80504608154297,74.83104365949188,74.78772097302426,74.82237780017557,2082000
2021-01-07,74.82240295410156,74.82240295410156,74.79641197752886,74.81373709187196,4207700
2021-01-08,74.81376647949219,74.81376647949219,74.7964413583436,74.7964413583436,2760300
2021-01-11,74.80504608154297,74.81371194085928,74.79638683234057,74.80504608154297,2545700
2021-01-12,74.80504608154297,74.80504608154297,74.78772097302426,74.78772097302426,4048300
2021-01-13,74.7964096069336,74.80506885877264,74.7964096069336,74.7964096069336,2021800
2021-01-14,74.80504608154297,74.81371194085928,74.79638683234057,74.80504608154297,3344000
2021-01-15,74.81376647949219,74.82243234512583,74.80510061385854,74.80510061385854,3148300
2021-01-19,74.83975982666016,74.83975982666016,74.80510297315124,74.80510297315124,3019500
2021-01-20,74.83108520507812,74.83974445908807,74.8224193409506,74.83108520507812,2392300
2021-01-21,74.83975982666016,74.84842569256712,74.82243470496515,74.83975982666016,1574700
2021-01-22,74.83975982666016,74.84842569256712,74.83975982666016,74.83975982666016,4095800
2021-01-25,74.84842681884766,74.84842681884766,74.8397609528103,74.8397609528103,2037500
2021-01-26,74.83975982666016,74.85709155847408,74.83975982666016,74.85709155847408,2015500
2021-01-27,74.83975982666016,74.86575742438104,74.83975982666016,74.85709155847408,3786800
2021-01-28,74.83108520507812,74.84841032321559,74.83108520507812,74.84841032321559,2429600
2021-01-29,74.85709381103516,74.85709381103516,74.83976207869969,74.84842794486742,3237800
2021-02-01,74.86575317382812,74.86575317382812,74.84842203477145,74.86575317382812,3266300
2021-02-02,74.83975219726562,74.85708994851424,74.83975219726562,74.85708994851424,2245400
2021-02-03,74.84842681884766,74.84842681884766,74.83975794255785,74.83975794255785,2219000
2021-02-04,74.84842681884766,74.84842681884766,74.83975794255785,74.83975794255785,1848200
2021-02-05,74.86575317382812,74.86575317382812,74.84842203477145,74.85709091050715,1495900
2021-02-08,74.85708618164062,74.85708618164062,74.84841730645255,74.84841730645255,2193100
2021-02-09,74.83975219726562,74.85708994851424,74.83975219726562,74.85708994851424,1930700
2021-02-10,74.84842681884766,74.85709569513746,74.83975794255785,74.85709569513746,3016100
2021-02-11,74.84842681884766,74.85709569513746,74.84842681884766,74.85709569513746,2348600
2021-02-12,74.85708618164062,74.86574844441438,74.84841730645255,74.84841730645255,3364600
2021-02-16,74.83106231689453,74.84840006327651,74.82240005611634,74.83973119008553,3364200
2021-02-17,74.84842681884766,74.84842681884766,74.83108906626805,74.83108906626805,2307600
2021-02-18,74.84842681884766,74.85709569513746,74.83108906626805,74.84842681884766,2362300
2021-02-19,74.85708618164062,74.85708618164062,74.83974843126445,74.83974843126445,2113900
2021-02-22,74.83975219726562,74.84842107288993,74.83975219726562,74.84842107288993,3801600
2021-02-23,74.84842681884766,74.84842681884766,74.83108906626805,74.83108906626805,9025900
2021-02-24,74.83106231689453,74.83106231689453,74.81373118292534,74.82240005611634,2530000
2021-02-25,74.71841430664062,74.77908321111526,74.68374541659588,74.77908321111526,4956100
2021-02-26,74.81373596191406,74.81373596191406,74.73573593545099,74.77039820560354,5187500
2021-03-01,74.80682373046875,74.81549481673578,74.78948155793468,74.80682373046875,3366700
2021-03-02,74.8241195678711,74.8241195678711,74.80678401864064,74.80678401864064,5519200
2021-03-03,74.78079986572266,74.80680650443422,74.77212878145234,74.80680650443422,2406100
2021-03-04,74.78079986572266,74.7981354201639,74.77212878145234,74.7894643358936,2566100
2021-03-05,74.78079986572266,74.78079986572266,74.75479322701109,74.76345769718203,4413600
2021-03-08,74.75481414794922,74.77214970724201,74.74614306125221,74.77214970724201,2729700
2021-03-09,74.75481414794922,74.75481414794922,74.7374719745552,74.75481414794922,3255500
2021-03-10,74.78079986572266,74.78079986572266,74.74612214274077,74.75479322701109,2860000
2021-03-11,74.78079986572266,74.7894643358936,74.77212878145234,74.7894643358936,3578500
2021-03-12,74.77214050292969,74.77214050292969,74.75480494577087,74.76346941730007,1824700
2021-03-15,74.78079986572266,74.78079986572266,74.76345769718203,74.76345769718203,2273700
2021-03-16,74.78079986572266,74.78079986572266,74.76345769718203,74.77212878145234,1853600
2021-03-17,74.79812622070312,74.82413285621612,74.76344850198629,74.77211958519014,3413300
2021-03-18,74.78948974609375,74.78948974609375,74.75481862543151,74.77215418576263,4692000
2021-03-19,74.78948974609375,74.80683192052648,74.76348309854626,74.780825272979,3276300
2021-03-22,74.78079986572266,74.7894643358936,74.78079986572266,74.7894643358936,2118500
2021-03-23,74.78948974609375,74.79816083331012,74.78948974609375,74.79816083331012,3241300
2021-03-24,74.80682373046875,74.81549481673578,74.79815264420172,74.80682373046875,2322600
2021-03-25,74.81548309326172,74.82414756407016,74.79814092344515,74.81548309326172,2771400
2021-03-26,74.81548309326172,74.82414756407016,74.80681200835343,74.80681200835343,3068700
2021-03-29,74.79812622070312,74.81546838711083,74.78945513749927,74.80679730390698,2182000
2021-03-30,74.79812622070312,74.79812622070312,74.78079066839399,74.78945513749927,2213800
2021-03-31,74.77214050292969,74.7894760600885,74.77214050292969,74.7894760600885,4481000
2021-04-01,74.77128601074219,74.78862538984187,74.77128601074219,74.77128601074219,3614300
2021-04-05,74.75392150878906,74.76259450397097,74.72790913880027,74.7365821339822,3118200
2021-04-06,74.77128601074219,74.77995239251273,74.76261301341304,74.76261301341304,2497100
2021-04-07,74.77995300292969,74.79729899772957,74.77995300292969,74.78862600032963,3509100
2021-04-08,74.80594635009766,74.80594635009766,74.7886069752673,74.79727997046098,2109800
2021-04-09,74.77995300292969,74.79729899772957,74.77128662108841,74.77128662108841,2496200
2021-04-12,74.76261901855469,74.77995839904712,74.7539460205289,74.77129201658047,1687100
2021-04-13,74.78863525390625,74.78863525390625,74.76262287404658,74.77129587251963,1237100
2021-04-14,74.78863525390625,74.78863525390625,74.7799622554332,74.7799622554332,1414000
2021-04-15,74.80594635009766,74.80594635009766,74.7886069752673,74.7886069752673,1843200
2021-04-16,74.79729461669922,74.79729461669922,74.77994862291533,74.77994862291533,1674900
2021-04-19,74.78863525390625,74.7973082523793,74.7799622554332,74.7799622554332,2063900
2021-04-20,74.80594635009766,74.81461934529132,74.7886069752673,74.79727997046098,2012700
2021-04-21,74.82328796386719,74.82328796386719,74.80594197449447,74.82328796386719,2061000
2021-04-22,74.81464385986328,74.81464385986328,74.79730447935131,74.80597086182773,4373500
2021-04-23,74.79729461669922,74.82330699181679,74.79729461669922,74.82330699181679,1535200
2021-04-26,74.77995300292969,74.79729899772957,74.77995300292969,74.79729899772957,1265800
2021-04-27,74.77128601074219,74.78862538984187,74.77128601074219,74.78862538984187,1473000
2021-04-28,74.78863525390625,74.7973082523793,74.77129587251963,74.7799622554332,2032700
2021-04-29,74.80594635009766,74.80594635009766,74.77993398007364,74.7886069752673,1552900
2021-04-30,74.81464385986328,74.81464385986328,74.79730447935131,74.79730447935131,2367400
2021-05-03,74.80769348144531,74.81636106764245,74.79901927877016,74.80769348144531,2910400
2021-05-04,74.80769348144531,74.8250352703176,74.80769348144531,74.80769348144531,1972900
2021-05-05,74.8250503540039,74.8250503540039,74.80770856163575,74.80770856163575,1301900
2021-05-06,74.8250503540039,74.83372455842765,74.81637614958015,74.83372455842765,1981300
2021-05-07,74.85104370117188,74.85971790297084,74.84237611585026,74.85104370117188,1950300
2021-05-10,74.8250503540039,74.8423987628514,74.8250503540039,74.83372455842765,2483700
2021-05-11,74.81635284423828,74.83370124768174,74.81635284423828,74.82502704596001,2630000
2021-05-12,74.80769348144531,74.80769348144531,74.79034507609501,74.79034507609501,4113100
2021-05-13,74.8250503540039,74.8250503540039,74.80770856163575,74.81637614958015,5495200
2021-05-14,74.8250503540039,74.83372455842765,74.8250503540039,74.8250503540039,3836400
2021-05-17,74.8250503540039,74.83372455842765,74.81637614958015,74.81637614958015,3861000
2021-05-18,74.83369445800781,74.83369445800781,74.82502025707309,74.83369445800781,3419200
2021-05-19,74.80769348144531,74.8423836756679,74.80769348144531,74.8423836756679,5213300
2021-05-20,74.84239959716797,74.84239959716797,74.81637698360663,74.82505118812708,4011000
2021-05-21,74.8250503540039,74.8423987628514,74.8250503540039,74.8423987628514,1822400
2021-05-24,74.84239959716797,74.84239959716797,74.82505118812708,74.83372539264752,2565300
2021-05-25,74.84239959716797,74.85106718520899,74.83372539264752,74.84239959716797,2403900
2021-05-26,74.85970306396484,74.85970306396484,74.8510288638853,74.85970306396484,1810700
2021-05-27,74.85970306396484,74.85970306396484,74.8423612802818,74.8510288638853,1257900
2021-05-28,74.85970306396484,74.86837726404438,74.8510288638853,74.85970306396484,2054600
2021-06-01,74.84410858154297,74.86145278028036,74.84410858154297,74.84410858154297,2265800
2021-06-02,74.852783203125,74.86145199370388,74.84410779514873,74.86145199370388,1234900
2021-06-03,74.8267593383789,74.84411015487849,74.8267593383789,74.83543474662869,1607800
2021-06-04,74.852783203125,74.852783203125,74.84410779514873,74.84410779514873,2060600
2021-06-07,74.84410858154297,74.84410858154297,74.83543317347555,74.84410858154297,1240100
2021-06-08,74.86139678955078,74.86139678955078,74.85272800536441,74.85272800536441,1504400
2021-06-09,74.84410858154297,74.87012818834778,74.84410858154297,74.87012818834778,2284000
2021-06-10,74.87010192871094,74.87010192871094,74.83540692600748,74.84408233103213,1736300
2021-06-11,74.852783203125,74.87012740168015,74.852783203125,74.87012740168015,1661000
2021-06-14,74.8267593383789,74.85278556312828,74.8267593383789,74.84411015487849,3526800
2021-06-15,74.81808471679688,74.8354289145472,74.81808471679688,74.8354289145472,12066300
2021-06-16,74.7486572265625,74.83539140663662,74.73998182333696,74.82671600341108,2094700
2021-06-17,74.7486572265625,74.76600141561983,74.73998182333696,74.76600141561983,2527100
2021-06-18,74.68797302246094,74.70531721857402,74.64460260608355,74.69664842921571,4317700
2021-06-21,74.7052993774414,74.7052993774414,74.66193558881662,74.67060437610465,5551300
2021-06-22,74.7486572265625,74.7486572265625,74.7139622310541,74.72263763427964,2681300
2021-06-23,74.69667053222656,74.740034344039,74.69667053222656,74.740034344039,2761200
2021-06-24,74.7052993774414,74.71397478212431,74.69663059015338,74.71397478212431,1273500
2021-06-25,74.69667053222656,74.71401473347186,74.69667053222656,74.71401473347186,1344300
2021-06-28,74.72269439697266,74.72269439697266,74.70534357734111,74.71401898715688,1484900
2021-06-29,74.71400451660156,74.72267992473708,74.70532910846605,74.70532910846605,1691200
2021-06-30,74.73135375976562,74.73135375976562,74.71400294385981,74.73135375976562,2585800
2021-07-01,74.71659088134766,74.72526759729452,74.70792078379587,74.72526759729452,2227100
2021-07-02,74.75129699707031,74.75129699707031,74.72527346558115,74.74262689883766,1863400
2021-07-06,74.77733612060547,74.78601283904293,74.74264248364959,74.75131258369007,3158600
2021-07-07,74.78600311279297,74.78600311279297,74.75997957926204,74.76865629657105,1723000
2021-07-08,74.8207015991211,74.82937831622547,74.80335478330827,74.80335478330827,1440800
2021-07-09,74.79468536376953,74.81203218127484,74.78600864581857,74.8033620817205,1258000
2021-07-12,74.77733612060547,74.7946895574804,74.75998930212752,74.78601283904293,1271000
2021-07-13,74.71659088134766,74.74262102918823,74.71659088134766,74.74262102918823,2683300
2021-07-14,74.76866912841797,74.76866912841797,74.75131569082174,74.75131569082174,1696000
2021-07-15,74.77733612060547,74.77733612060547,74.75998930212752,74.77733612060547,1396300
2021-07-16,74.76866912841797,74.78601594761696,74.74264559042086,74.75131569082174,1851600
2021-07-19,74.8033676147461,74.84673797091568,74.8033676147461,74.81203771494175,9352500
2021-07-20,74.83804321289062,74.85539664589317,74.8206963982836,74.8467199293919,2405300
2021-07-21,74.8120346069336,74.82938804339817,74.80336450709812,74.82071132516589,2789500
2021-07-22,74.8207015991211,74.82937831622547,74.80335478330827,74.8120248820167,2295700
2021-07-23,74.82937622070312,74.82937622070312,74.81202278698031,74.81202278698031,1386800
2021-07-26,74.8120346069336,74.82938804339817,74.8120346069336,74.82938804339817,2259200
2021-07-27,74.82937622070312,74.83804631916875,74.82937622070312,74.83804631916875,1387000
2021-07-28,74.83804321289062,74.8467199293919,74.80334958367656,74.82937311478486,2438500
2021-07-29,74.83804321289062,74.83804321289062,74.8206963982836,74.8206963982836,1197600
2021-07-30,74.85539245605469,74.85539245605469,74.83803902402347,74.84671574003907,2019300
2021-08-02,74.88312530517578,74.8918032247894,74.86577608526173,74.86577608526173,3399900
2021-08-03,74.88312530517578,74.8918032247894,74.87445400487536,74.88312530517578,1221700
2021-08-04,74.85713195800781,74.90918626056174,74.8397827302619,74.89183703281583,1878600
2021-08-05,74.82241821289062,74.83109613541609,74.80506898715511,74.82241821289062,1400000
2021-08-06,74.79641723632812,74.80509516189005,74.79641723632812,74.79641723632812,2313700
2021-08-09,74.77035522460938,74.81373821287819,74.77035522460938,74.8050602913615,1862800
2021-08-10,74.74436950683594,74.77907459282353,74.74436950683594,74.77039666649706,1198100
2021-08-11,74.77906799316406,74.78773929940692,74.76171214204284,74.76171214204284,1837300
2021-08-12,74.77906799316406,74.77906799316406,74.76171214204284,74.77039006760346,1792800
2021-08-13,74.78772735595703,74.7964052801318,74.7703781269242,74.7703781269242,1333000
2021-08-16,74.80508422851562,74.822433457786,74.79640630422205,74.80508422851562,1797100
2021-08-17,74.78772735595703,74.81376112848132,74.78772735595703,74.7964052801318,1579600
2021-08-18,74.78772735595703,74.80508320430656,74.7703781269242,74.78772735595703,2310100
2021-08-19,74.78772735595703,74.80508320430656,74.77905605109896,74.80508320430656,1780800
2021-08-20,74.78772735595703,74.7964052801318,74.77905605109896,74.78772735595703,1685300
2021-08-23,74.78772735595703,74.78772735595703,74.7703781269242,74.77905605109896,1532500
2021-08-24,74.77906799316406,74.78773929940692,74.77039006760346,74.78773929940692,1249900
2021-08-25,74.77035522460938,74.7877044483281,74.76167730309268,74.7877044483281,1319600
2021-08-26,74.77035522460938,74.7877044483281,74.76167730309268,74.77035522460938,2078600
2021-08-27,74.82241821289062,74.82241821289062,74.76168599384319,74.78771314210417,2774900
2021-08-30,74.83979797363281,74.84846927961384,74.81377081705463,74.82244212303566,1438000
2021-08-31,74.83111572265625,74.83979364745319,74.83111572265625,74.83979364745319,2052200
2021-09-01,74.82503509521484,74.83370770678442,74.81635586333108,74.83370770678442,1324600
2021-09-02,74.82503509521484,74.83370770678442,74.81635586333108,74.82503509521484,1640100
2021-09-03,74.82503509521484,74.83370770678442,74.82503509521484,74.82503509521484,1136600
2021-09-07,74.79902648925781,74.81638495977612,74.79902648925781,74.81638495977612,1468700
2021-09-08,74.8163833618164,74.82506259689018,74.80770412674264,74.8163833618164,1607200
2021-09-09,74.8337173461914,74.8337173461914,74.80768626750123,74.80768626750123,1600700
2021-09-10,74.80768585205078,74.82504431795786,74.80768585205078,74.80768585205078,1380200
2021-09-13,74.82503509521484,74.82503509521484,74.81635586333108,74.81635586333108,1095900
2021-09-14,74.8337173461914,74.84239657919314,74.8250447335047,74.8337173461914,1422900
2021-09-15,74.8337173461914,74.8337173461914,74.81636550050295,74.8250447335047,1790500
2021-09-16,74.80768585205078,74.81636508500432,74.79900661909724,74.80768585205078,1095300
2021-09-17,74.79032135009766,74.79899396126858,74.79032135009766,74.79899396126858,2905000
2021-09-20,74.80768585205078,74.81636508500432,74.79900661909724,74.80768585205078,2407400
2021-09-21,74.82503509521484,74.83370770678442,74.81635586333108,74.81635586333108,1931300
2021-09-22,74.7816390991211,74.82502863447925,74.76428725716599,74.80767017221055,1606100
2021-09-23,74.73826599121094,74.76430369033707,74.73826599121094,74.75562445729503,2855800
2021-09-24,74.71222686767578,74.74693717579143,74.71222686767578,74.73825794368393,1462800
2021-09-27,74.70352935791016,74.72088781787807,74.70352935791016,74.71220858789411,1835300
2021-09-28,74.71222686767578,74.72090609978328,74.70354763556828,74.71222686767578,2489500
2021-09-29,74.73826599121094,74.73826599121094,74.72091414544191,74.72091414544191,3552100
2021-09-30,74.75558471679688,74.75558471679688,74.72087442339594,74.72087442339594,4498600
2021-10-01,74.79118347167969,74.79118347167969,74.76514907624718,74.77382941511087,3991700
2021-10-04,74.7564697265625,74.77383040451959,74.7564697265625,74.76515006554105,12146800
2021-10-05,74.74778747558594,74.75646781434246,74.73911375798791,74.74778747558594,3590900
2021-10-06,74.7391128540039,74.7391128540039,74.72175217670087,74.7391128540039,3850200
2021-10-07,74.71306610107422,74.7217464390592,74.70439238424711,74.7217464390592,2452100
2021-10-08,74.68702697753906,74.72174170612226,74.67835326126136,74.72174170612226,1969600
2021-10-11,74.62632751464844,74.66972260954216,74.62632751464844,74.65236192311993,2012100
2021-10-12,74.66104125976562,74.66972160285972,74.63500685164512,74.66104125976562,1945700
2021-10-13,74.63497161865234,74.6436519576487,74.61761756181828,74.61761756181828,2764300
2021-10-14,74.63497161865234,74.65232567548641,74.5829028269915,74.6436519576487,3496500
2021-10-15,74.59159851074219,74.62631325579186,74.57424444879766,74.60895919384733,2839800
2021-10-18,74.53950500488281,74.56553939975333,74.52215094868859,74.53950500488281,2968700
2021-10-19,74.56553649902344,74.58289717570071,74.56553649902344,74.56553649902344,1838600
2021-10-20,74.59159851074219,74.59159851074219,74.58292479035022,74.58292479035022,2360700
2021-10-21,74.50479125976562,74.53950599377302,74.49611092097415,74.53082565498154,2117400
2021-10-22,74.48744201660156,74.48744201660156,74.4353666016462,74.47876167724918,3414900
2021-10-25,74.52215576171875,74.53082947979684,74.49611474400794,74.49611474400794,1990400
2021-10-26,74.50479125976562,74.5134715985571,74.48743720334117,74.50479125976562,2870300
2021-10-27,74.48744201660156,74.52215675285217,74.4353666016462,74.51347641349979,4373600
2021-10-28,74.49609375,74.53080847600583,74.45270530836045,74.46138564515115,2970000
2021-10-29,74.50479125976562,74.53082565498154,74.42668807411786,74.44404213054231,3957900
2021-11-01,74.47095489501953,74.48831117766386,74.44491053804123,74.46227344269343,5050500
2021-11-02,74.5490493774414,74.55773082758722,74.50564874871856,74.52301164901019,2187800
2021-11-03,74.53170776367188,74.54906404537223,74.46226939285542,74.53170776367188,3242400
2021-11-04,74.60116577148438,74.63588496911348,74.57512802876501,74.57512802876501,3545800
2021-11-05,74.6358871459961,74.64456860115904,74.57513020387556,74.5838116590385,2946700
2021-11-08,74.5490493774414,74.60980628444968,74.54036792729559,74.60112483430386,2292900
2021-11-09,74.59246063232422,74.60981691308214,74.58377918094169,74.59246063232422,1938700
2021-11-10,74.44489288330078,74.50564979115912,74.44489288330078,74.48829351263086,5382400
2021-11-11,74.39283752441406,74.4362381654697,74.39283752441406,74.42755671285695,1839100
2021-11-12,74.45358276367188,74.47094566617237,74.42754503192819,74.45358276367188,3130800
2021-11-15,74.44489288330078,74.46225578383533,74.41885515450525,74.46225578383533,2433500
2021-11-16,74.44489288330078,74.45357433356806,74.35809824664692,74.42753660477253,1722500
2021-11-17,74.47095489501953,74.47095489501953,74.4275542553969,74.436235707723,1445900
2021-11-18,74.46227264404297,74.47962892650114,74.44490973957699,74.45359119180998,1620300
2021-11-19,74.44489288330078,74.54036897022192,74.44489288330078,74.52301269169368,2791100
2021-11-22,74.35810089111328,74.39282007141084,74.34074461196776,74.37546379226534,3126600
2021-11-23,74.35810089111328,74.38413862083482,74.3494260625438,74.3667823416893,2892300
2021-11-24,74.34075927734375,74.34944072963239,74.31472154248569,74.33207782505511,1613400
2021-11-26,74.48831939697266,74.54907632594374,74.48831939697266,74.4970008502567,2842700
2021-11-29,74.52304077148438,74.52304077148438,74.46228384073322,74.47964012580121,3767900
2021-11-30,74.46227264404297,74.60982422196471,74.43623490935181,74.56643020481539,6358600
2021-12-01,74.47096252441406,74.47096252441406,74.34937780954584,74.40148365138366,10046200
2021-12-02,74.37540435791016,74.41883029462339,74.34935144622928,74.41014378210721,4117900
2021-12-03,74.41886901855469,74.436235426756,74.33201709993472,74.34070361697094,2931600
2021-12-06,74.35804748535156,74.40146680175992,74.3406744580934,74.39278691399936,4120400
2021-12-07,74.26249694824219,74.30591625367929,74.26249694824219,74.29723636811197,4194600
2021-12-08,74.28856658935547,74.28856658935547,74.23646076074796,74.24514064827032,2396700
2021-12-09,74.26249694824219,74.30591625367929,74.26249694824219,74.27986334524365,1829300
2021-12-10,74.29724884033203,74.34935466595024,74.27118930165497,74.28856232743968,1854400
2021-12-13,74.34068298339844,74.35805601264892,74.28857714738555,74.29726366201079,2589400
2021-12-14,74.29724884033203,74.32330175314114,74.29724884033203,74.29724884033203,3931700
2021-12-15,74.32333374023438,74.32333374023438,74.22780193490762,74.28859429958185,5859800
2021-12-16,74.38239288330078,74.38239288330078,74.33896442052054,74.33896442052054,2523500
2021-12-17,74.34764099121094,74.39976442110981,74.33027093275386,74.37370601979228,2459300
2021-12-20,74.36502075195312,74.41713755674323,74.36502075195312,74.39107915434818,5130600
2021-12-21,74.32157897949219,74.33895566436895,74.29552057944052,74.33026732193056,2031700
2021-12-22,74.31287384033203,74.33024389247014,74.29549716093253,74.32155555277039,3726000
2021-12-23,74.30419158935547,74.31287992976718,74.28681490853207,74.31287992976718,1919700
2021-12-27,74.27812957763672,74.27812957763672,74.25207118493273,74.26075289765964,2270700
2021-12-28,74.27812957763672,74.29549963035217,74.26944123764818,74.27812957763672,3464800
2021-12-29,74.26946258544922,74.28683264315747,74.26077424296334,74.26946258544922,3110300
2021-12-30,74.31287384033203,74.31287384033203,74.26943876909468,74.27812710879442,1619100
2021-12-31,74.30419158935547,74.33024998332864,74.27813319538231,74.32156164291693,2649500
2022-01-03,74.21736145019531,74.23473151156988,74.19998476155583,74.22604316725014,5301700
2022-01-04,74.26078033447266,74.26078033447266,74.2173518730079,74.2173518730079,2759300
2022-01-05,74.16520690917969,74.2347003800646,74.1565251957657,74.2347003800646,2851800
2022-01-06,74.1043930053711,74.13045139705221,74.08702295333747,74.12176968466608,3526800
2022-01-07,74.0870361328125,74.1130945291292,74.06097773649581,74.07834779161942,2658000
2022-01-10,74.04364013671875,74.07838689256897,74.04364013671875,74.06969854678991,4347300
2022-01-11,74.06963348388672,74.06963348388672,73.99145832234245,74.00014666048966,15869300
2022-01-12,74.04364013671875,74.07838689256897,74.04364013671875,74.07838689256897,7286200
2022-01-13,74.07833862304688,74.08702696316462,74.0522802299554,74.06096857007313,3739100
2022-01-14,73.98278045654297,74.05227391703711,73.98278045654297,74.05227391703711,2064800
2022-01-18,73.86985778808594,73.92197456928582,73.86116944879893,73.91328622999882,3257300
2022-01-19,73.90458679199219,73.93933351354517,73.89589845478908,73.89589845478908,3753500
2022-01-20,73.88723754882812,73.90461422968559,73.87855583566134,73.89592588925686,2762400
2022-01-21,73.94805908203125,73.98280582419248,73.93937736693852,73.96543576674358,5322600
2022-01-24,73.99150085449219,74.04361765881306,73.96544245233174,73.9828125113507,7835800
2022-01-25,73.95674896240234,74.01755410563317,73.95674896240234,74.00018404782303,4657100
2022-01-26,73.8264389038086,73.99148425013908,73.80906884868764,73.96542585382637,10878900
2022-01-27,73.7656478881836,73.80039463233831,73.74827782973814,73.7656478881836,7524900
2022-01-28,73.79169464111328,73.80907132407954,73.75695452970626,73.76563624392664,4613200
2022-01-31,73.79169464111328,73.80907132407954,73.74826618822313,73.77432458540977,7218500
2022-02-01,73.78562927246094,73.81169473237088,73.74218904896401,73.81169473237088,13138500
2022-02-02,73.80299377441406,73.82905922835863,73.79430308008006,73.81167783969062,5492000
2022-02-03,73.74217224121094,73.76823769517989,73.72479085252665,73.76823769517989,3620800
2022-02-04,73.59447479248047,73.63792164566496,73.55972526480377,73.63792164566496,9404700
2022-02-07,73.61186218261719,73.62055287977394,73.57710602304978,73.61186218261719,3555700
2022-02-08,73.53365325927734,73.58579080896999,73.53365325927734,73.57710011251136,14355600
2022-02-09,73.52498626708984,73.5684265013532,73.51629556861293,73.55974243193691,2976900
2022-02-10,73.15135192871094,73.38594771067766,73.15135192871094,73.37725701384647,5892000
2022-02-11,73.37722778320312,73.37722778320312,73.20345369016074,73.27296597900039,5432400
2022-02-14,73.2208251953125,73.2729627241546,73.17738498850991,73.2295158882956,4375400
2022-02-15,73.24691009521484,73.26428485516583,73.203463251751,73.22083801170199,2127700
2022-02-16,73.34246063232422,73.35114469454851,73.25556697764027,73.27294836019911,3335200
2022-02-17,73.38592529296875,73.38592529296875,73.33379438602525,73.34248508020161,4442900
2022-02-18,73.3946533203125,73.4380935551761,73.3685878535822,73.4120280884458,2459400
2022-02-22,73.3250961303711,73.36854296771523,73.29903067958728,73.35116158115491,3487300
2022-02-23,73.28166961669922,73.32511646609274,73.2642948543769,73.29905100808003,4258700
2022-02-24,73.34246063232422,73.45541310273617,73.32507924976538,73.43803172017734,4573600
2022-02-25,73.34246063232422,73.34246063232422,73.26425766891968,73.30770449626166,4279100
2022-02-28,73.47279357910156,73.5336151646847,73.46410951620086,73.47279357910156,5265300
2022-03-01,73.64232635498047,73.7553123077973,73.607559916186,73.62493982007315,7383600
2022-03-02,73.39892578125,73.53799146916343,73.38154588576931,73.5292982059146,5250800
2022-03-03,73.39892578125,73.43369220322836,73.35547272703978,73.39023914901814,6877400
2022-03-04,73.4771499633789,73.52929627947174,73.45976343733676,73.46845670035783,2880500
2022-03-07,73.38157653808594,73.45110941108732,73.38157653808594,73.40764970770653,6302700
2022-03-08,73.28593444824219,73.36416054964653,73.26855455405038,73.33808076183409,5585700
2022-03-09,73.24249267578125,73.25987920524096,73.20773287889803,73.2338060420695,4988900
2022-03-10,73.18164825439453,73.1903415185506,73.14688845980561,73.18164825439453,4780300
2022-03-11,73.15557098388672,73.16426424755448,73.11211792758243,73.15557098388672,2620800
2022-03-14,72.96440124511719,73.05132067012174,72.96440124511719,73.03393413271237,3874900
2022-03-15,72.9904556274414,73.08605502580951,72.98176236176474,73.07736839115167,4999800
2022-03-16,72.9209213256836,72.99045418768777,72.79924213268562,72.97306765667739,5365100
2022-03-17,72.89485168457031,72.92092485132783,72.8687718867938,72.88615841864481,4453400
2022-03-18,72.87744903564453,72.89483556365045,72.85137587465319,72.86006913865614,4946500
2022-03-21,72.63410949707031,72.79924840079424,72.62541623081661,72.78186186828685,5342500
2022-03-22,72.58196258544922,72.6080357529841,72.53850288554497,72.55588941791436,2931500
2022-03-23,72.6427993774414,72.66887254396796,72.59064641336934,72.62541284574439,4184400
2022-03-24,72.62540435791016,72.63409762274266,72.57325803095145,72.61671772409582,3311200
2022-03-25,72.42549896240234,72.52110497363265,72.37334600926555,72.52110497363265,4601800
2022-03-28,72.35598754882812,72.41682715299777,72.35598754882812,72.38206071761232,2991200
2022-03-29,72.39077758789062,72.43423067302606,72.33863123331943,72.38208431845486,4640300
2022-03-30,72.44290161132812,72.4602881448401,72.3733687393195,72.38206200607549,5826600
2022-03-31,72.44290161132812,72.50374121658078,72.43420834457214,72.46897478057646,5328800
2022-04-01,72.2916030883789,72.33508156802073,72.26551865414766,72.28290606567363,10292300
2022-04-04,72.33506774902344,72.3437581361839,72.27420186948356,72.31767370693585,5015400
2022-04-05,72.20463562011719,72.29158592487244,72.18724157883632,72.29158592487244,4694600
2022-04-06,72.25684356689453,72.33510352723073,72.16119618975395,72.17859024044493,7479700
2022-04-07,72.30895233154297,72.35242415036528,72.27417089615683,72.30895233154297,6184500
2022-04-08,72.2220230102539,72.274198500201,72.21333262349857,72.21333262349857,4539500
2022-04-11,72.23942565917969,72.26551009031981,72.18725016301565,72.19594718469028,6705400
2022-04-12,72.42205047607422,72.43943789206159,72.33510012836473,72.35248754435212,5658800
2022-04-13,72.45679473876953,72.56982946936519,72.43940069782687,72.4828791663006,4808100
2022-04-14,72.32636260986328,72.41331290889165,72.30897520361064,72.39592550263902,4336200
2022-04-18,72.32636260986328,72.35244703618353,72.30897520361064,72.34375001611592,4100100
2022-04-19,72.16120147705078,72.26554588718223,72.14381405897242,72.23946144312114,5811000
2022-04-20,72.20463562011719,72.21333264075761,72.15246676404064,72.16985417143847,6121600
2022-04-21,72.0829086303711,72.1263804686801,72.01334572841654,72.1263804686801,7119600
2022-04-22,72.06549072265625,72.10027216211526,71.96115303816045,71.96115303816045,5426000
2022-04-25,72.17854309082031,72.30897185025547,72.16114905149173,72.21332453559518,5772300
2022-04-26,72.30895233154297,72.32633973229579,72.25677686152352,72.29155829690966,6670600
2022-04-27,72.2741928100586,72.36114310794747,72.23941136412654,72.35244608799384,8770900
2022-04-28,72.2220230102539,72.23072003089226,72.15246674679614,72.21333262349857,4671300
2022-04-29,72.0829086303711,72.15247153232565,72.07421160915591,72.07421160915591,8047300
2022-05-02,72.07767486572266,72.11247478167692,72.06027822644816,72.09507814240244,10907500
2022-05-03,72.04288482666016,72.12118630764353,72.01678654546777,72.1037830285778,7556800
2022-05-04,72.2342758178711,72.24297745677103,71.9210831915306,71.9732863875245,11387900
2022-05-05,72.11249542236328,72.16469199253221,72.0689938556177,72.1472953482783,6415700
2022-05-06,72.10379028320312,72.20819005588292,72.08639363979326,72.11249192361149,6375000
2022-05-09,72.28649139404297,72.30389467642141,72.19949489437319,72.20819653556241,6956200
2022-05-10,72.24300384521484,72.32129871169613,72.23430220313642,72.30390206494745,10070100
2022-05-11,72.25169372558594,72.28648701341938,72.13859230920254,72.19079551576682,7797800
2022-05-12,72.3560791015625,72.41697730484847,72.30388253800491,72.32998081978371,5231400
2022-05-13,72.32999420166016,72.32999420166016,72.26909598710732,72.30389591505288,5002600
2022-05-16,72.37349700927734,72.40829693781835,72.34739872222352,72.356093726303,4515800
2022-05-17,72.21688842773438,72.30388491565995,72.19948514770532,72.23428507035686,3569200
2022-05-18,72.25169372558594,72.30389029474316,72.18209387510493,72.19079551576682,3613800
2022-05-19,72.3560791015625,72.39958066279806,72.32998081978371,72.39958066279806,4523400
2022-05-20,72.40829467773438,72.46049125021281,72.34739646404037,72.36479310906402,4869500
2022-05-23,72.37349700927734,72.41699194189782,72.34739872222352,72.39959529633117,3648100
2022-05-24,72.53878021240234,72.57358013702832,72.42568543542313,72.43438707593137,4830000
2022-05-25,72.59095764160156,72.62575755387039,72.5474560919144,72.62575755387039,3377200
2022-05-26,72.60836029052734,72.66925848268859,72.58226201351611,72.65186184381615,5493200
2022-05-27,72.62576293945312,72.64315957817529,72.59096302460371,72.63445794011167,6058600
2022-05-31,72.51270294189453,72.54750287660525,72.4866046502137,72.54750287660525,8197900
2022-06-01,72.37773895263672,72.4996304432212,72.35162029645262,72.4735117870371,10980900
2022-06-02,72.39515686035156,72.42127551691155,72.36032977074221,72.40386529340094,5243200
2022-06-03,72.36901092529297,72.38642114224103,72.35159406575926,72.35159406575926,3224000
2022-06-06,72.27325439453125,72.33420013144699,72.27325439453125,72.33420013144699,3584900
2022-06-07,72.28193664550781,72.33418057916175,72.27323485871993,72.30806193362744,3944900
2022-06-08,72.22972106933594,72.27325658670503,72.22972106933594,72.25583972272246,4133100
2022-06-09,72.177490234375,72.22972754583192,72.16007336883074,72.20360889010347,5332600
2022-06-10,71.87271881103516,72.03813907989587,71.87271881103516,72.02072886728357,6124200
2022-06-13,71.50706481933594,71.68990201217126,71.40259021919374,71.6637833621357,8794300
2022-06-14,71.36776733398438,71.55060453756867,71.34164868241332,71.5244858859976,8106200
2022-06-15,71.6463851928711,71.68991406938912,71.39389379575121,71.50707684580318,9018300
2022-06-16,71.74214172363281,71.76826037212794,71.5331858930857,71.55930454158083,8076400
2022-06-17,71.72471618652344,71.77696011977994,71.64636025051661,71.76825169047298,8188800
2022-06-21,71.69861602783203,71.70732445938437,71.66378894420971,71.68120580731437,5443800
2022-06-22,71.90755462646484,71.90755462646484,71.83790711852521,71.85531733486377,4110700
2022-06-23,71.9685287475586,72.14265753392822,71.95982031546389,72.038176276554,6229400
2022-06-24,71.95109558105469,72.02945816697721,71.90756007303263,71.92497693327581,6103300
2022-06-27,71.87271881103516,71.93366451905415,71.81177310301617,71.87271881103516,7376400
2022-06-28,71.85533905029297,71.86404748238674,71.82051196450534,71.83792882869287,4399500
2022-06-29,71.9423828125,71.95109124209644,71.84661001469571,71.85531844429215,4170700
2022-06-30,72.08173370361328,72.13397102688417,72.03819817249459,72.05561504197784,16742600
2022-07-01,72.2987060546875,72.3945703493043,72.23770210801604,72.26384570674216,9559300
2022-07-05,72.28999328613281,72.34228713539616,72.27256643566629,72.31614353523042,9888800
2022-07-06,72.08953857421875,72.30741072578545,72.08082182645556,72.30741072578545,4883800
2022-07-07,72.03726959228516,72.08955679421857,71.99369249138593,72.08955679421857,4906300
2022-07-08,71.95011901855469,71.97626262083968,71.9152586658639,71.9675525193663,3249100
2022-07-11,71.97626495361328,72.06341916263116,71.9675548518576,72.01984205812222,16663800
2022-07-12,72.0111083984375,72.09826258699063,72.00239829872704,72.06340224135559,6373100
2022-07-13,71.93266296386719,72.01981048574831,71.83679869511904,71.84551544198607,11769700
2022-07-14,71.9065170288086,71.95880421044731,71.75835893261636,71.79321927001868,6656800
2022-07-15,71.95881652832031,72.01110371890952,71.88909584158093,71.89781258965601,5961500
2022-07-18,71.91522216796875,71.93265565993264,71.87165173591713,71.91522216796875,2608200
2022-07-19,71.8368148803711,71.93267917071802,71.82809813154013,71.92396242188705,9115200
2022-07-20,71.82810974121094,71.90654719550511,71.81939963990337,71.90654719550511,5453600
2022-07-21,72.02853393554688,72.04596078197294,71.91523616252124,71.93266965787765,5850000
2022-07-22,72.21154022216797,72.28997099848425,72.16796313603905,72.1766798830508,6038100
2022-07-25,72.15056610107422,72.18542645459449,72.13313259984778,72.15056610107422,20449500
2022-07-26,72.1156997680664,72.2289909209143,72.1156997680664,72.22028081995587,2854600
2022-07-27,72.22901916503906,72.25516942493613,72.09830111022684,72.13315482555367,7051600
2022-07-28,72.38583374023438,72.4206940786154,72.34226330395536,72.40326723388974,5573700
2022-07-29,72.37715148925781,72.41200519211901,72.31614753585234,72.33357438728294,5546100
2022-08-01,72.37540435791016,72.39285635072866,72.32306169142473,72.37540435791016,6463000
2022-08-02,72.12239074707031,72.38411734442639,72.12239074707031,72.36666535474458,14265300
2022-08-03,72.14859008789062,72.14859008789062,71.98283605746136,72.10497340871933,6485500
2022-08-04,72.24453735351562,72.26198934544463,72.13985202588042,72.16602335778921,5411500
2022-08-05,71.94790649414062,72.00897514241618,71.93045450549992,71.97407782111823,5049700
2022-08-08,72.0176773071289,72.02639664258069,71.98277999737797,72.0002253242628,6868900
2022-08-09,71.94790649414062,71.96535182679787,71.92173516716304,71.95663248846098,3742100
2022-08-10,72.0176773071289,72.16598588158445,72.00895131569585,72.12236258040045,6820900
2022-08-11,71.99150848388672,72.13982373317631,71.99150848388672,72.1136524115317,4071500
2022-08-12,72.00896453857422,72.07875917089235,71.98279321545053,72.07003317785697,4782800
2022-08-15,72.07005310058594,72.10495042639187,72.05260110969081,72.0787790960335,17015900
2022-08-16,72.00896453857422,72.05258119178619,72.00023854553882,72.05258119178619,3249300
2022-08-17,71.94790649414062,71.96535182679787,71.87811185154473,71.90428317852232,4162400
2022-08-18,72.05259704589844,72.07004903580926,71.99152839317843,72.02642571701614,3648300
2022-08-19,72.00025939941406,72.0089853949768,71.95664273356913,71.98281406427297,4519300
2022-08-22,71.90428161621094,71.9653502631596,71.88683628393274,71.93917893675065,3739700
2022-08-23,71.93917083740234,72.0351367940863,71.89555418362582,71.92172550708824,4227600
2022-08-24,71.86064147949219,71.93042944178744,71.86064147949219,71.91298411520891,4551800
2022-08-25,71.90428161621094,71.93917893675065,71.88683628393274,71.92173360447245,3026400
2022-08-26,71.88683319091797,71.93044984772847,71.83448388436913,71.89555918467329,4304000
2022-08-29,71.83450317382812,71.87812649833566,71.82578383371447,71.86940050223718,3656100
2022-08-30,71.79959869384766,71.851941348403,71.75597537772917,71.81704402670492,4626200
2022-08-31,71.79090881347656,71.84325149436262,71.77345681585662,71.80835415510963,5424100
2022-09-01,71.73846435546875,71.79087736147869,71.68605801354093,71.74720096715076,6728700
2022-09-02,71.89568328857422,71.92188645707554,71.8345403407106,71.87821673093383,4105600
2022-09-06,71.73846435546875,71.79960730907857,71.73846435546875,71.79087736147869,4991800
2022-09-07,71.84330749511719,71.84330749511719,71.76469795619305,71.78216452125919,4425300
2022-09-08,71.7559585571289,71.81710152861426,71.7472219428927,71.79962830014182,4979800
2022-09-09,71.69480895996094,71.78215510199875,71.66860578375794,71.75595192579576,4072200
2022-09-12,71.68605041503906,71.74719336216792,71.66858385760857,71.73845675141196,3139400
2022-09-13,71.44146728515625,71.49387361320962,71.39779090239152,71.46767044918293,6543600
2022-09-14,71.38036346435547,71.44150643528437,71.37162685019877,71.38036346435547,4744800
2022-09-15,71.3017578125,71.35417084110946,71.3017578125,71.3366976102113,3592100
2022-09-16,71.33667755126953,71.36288072616377,71.26679797549615,71.2755345884886,4366200
2022-09-19,71.25807189941406,71.27553846226515,71.21439549616113,71.2318687230957,4378200
2022-09-20,71.22310638427734,71.33665566200477,71.19690321742341,71.22310638427734,15975300
2022-09-21,71.1619644165039,71.2318439717938,71.03094191635567,71.22310736136225,4475800
2022-09-22,71.03096771240234,71.09211067946576,70.99602792206845,71.08337406586138,6605100
2022-09-23,70.943603515625,71.04841619587144,70.92613029286265,71.030949637191,10192800
2022-09-26,70.78636169433594,70.92611412416645,70.75142192085822,70.90864756946779,6145800
2022-09-27,70.78636169433594,70.85624124129139,70.76015853024775,70.84750463190186,15088300
2022-09-28,71.09207916259766,71.09207916259766,70.95232672730138,71.01346966725863,7793400
2022-09-29,70.99601745605469,71.02222062892142,70.91740793745451,70.96981428318796,4734800
2022-09-30,70.93486022949219,71.05714612099425,70.90865706189622,71.0047397858023,8447100
2022-10-03,71.090576171875,71.20428338352731,71.04684827528123,71.08182792337287,8906600
2022-10-04,71.11678314208984,71.20425224294034,71.09929332569305,71.13427963144215,6219800
2022-10-05,71.04682159423828,71.07305965693274,70.98559722363258,71.03807334902149,7175900
2022-10-06,70.95936584472656,71.05557654135333,70.95936584472656,71.04683496744703,5100100
2022-10-07,70.87190246582031,70.91563702660717,70.87190246582031,70.8981405331096,4619000
2022-10-10,70.84568786621094,70.88942244148491,70.81070154058362,70.88067419183825,2934800
2022-10-11,70.88064575195312,70.95061837513221,70.88064575195312,70.90688381740613,3836500
2022-10-12,70.95062255859375,70.9593641322891,70.88939817794123,70.89813975163658,8787600
2022-10-13,70.7406997680664,70.82816888260663,70.66198557252807,70.6707338185734,5751300
2022-10-14,70.70572662353516,70.83692364682022,70.68823680114411,70.81943382442918,5506000
2022-10-17,70.78443145751953,70.83690758575237,70.77568321182864,70.82816601301775,4013800
2022-10-18,70.81941223144531,70.86314011056909,70.77567767936578,70.85439853851778,7012000
2022-10-19,70.688232421875,70.7407085587549,70.67948417474256,70.71447049031495,4349100
2022-10-20,70.6094970703125,70.68821125205892,70.6094970703125,70.64447670245177,5797300
2022-10-21,70.79316711425781,70.83689498902375,70.67071838818507,70.69695644763564,5180300
2022-10-24,70.77568817138672,70.81942272994961,70.73196028578059,70.75819835173562,3680100
2022-10-25,70.84568786621094,70.92440209415292,70.82819803987692,70.88067419183825,5113300
2022-10-26,70.90687561035156,70.94186191789164,70.85439948551937,70.86314105768749,6039900
2022-10-27,71.05558013916016,71.0643283864666,70.95062786331296,70.98561417958119,4010800
2022-10-28,70.95062255859375,71.01184693924627,70.92437781863666,70.96811237894146,4464100
2022-10-31,70.84568786621094,70.8719259421916,70.81070154058362,70.8544361158576,6845900
2022-11-01,70.77642822265625,70.96042160410715,70.77642822265625,70.95166478922248,5349700
2022-11-02,70.74140167236328,70.93415860986568,70.69759753130859,70.82025982161129,5714700
2022-11-03,70.60997772216797,70.65378854895913,70.58369389993074,70.58369389993074,4834000
2022-11-04,70.68880462646484,70.71508843708368,70.59242619780197,70.64499381903964,4347200
2022-11-07,70.62750244140625,70.65378626279302,70.61873893941285,70.65378626279302,4391400
2022-11-08,70.69757843017578,70.71509874494531,70.65376761636446,70.66253111604506,7092100
2022-11-09,70.81149291992188,70.82901323858391,70.70635095417019,70.72387795742539,4587600
2022-11-10,71.1969985961914,71.22328241346115,71.10938364376149,71.11814045978981,6631600
2022-11-11,71.17949676513672,71.21454409542045,71.11816560828888,71.13569261572812,4246000
2022-11-14,71.1181411743164,71.1181411743164,71.06557353924879,71.1093843582001,7192100
2022-11-15,71.1882553100586,71.19701881316777,71.12692415748293,71.1882553100586,21231100
2022-11-16,71.1969985961914,71.23204591408185,71.17947159494999,71.22328241346115,8253300
2022-11-17,71.109375,71.13565881407479,71.07432768636977,71.13565881407479,5450000
2022-11-18,71.03052520751953,71.12690366016332,71.03052520751953,71.10061984300454,4372600
2022-11-21,71.0130386352539,71.09189012419928,71.00427513050592,71.08312661945129,3435700
2022-11-22,71.06558990478516,71.07435340751204,71.02177907574473,71.05682640205828,3421500
2022-11-23,71.12692260742188,71.13568611034006,71.03930763202234,71.0568279532646,4071000
2022-11-25,71.13568115234375,71.14443797005748,71.10063382770784,71.10939733001523,1539000
2022-11-28,71.15319061279297,71.18823793207989,71.13567029544585,71.15319061279297,4330000
2022-11-29,71.12692260742188,71.1707334374187,71.12692260742188,71.15320643158232,4708500
2022-11-30,71.33721923828125,71.33721923828125,71.06561073548016,71.09189456677112,10368900
2022-12-01,71.49083709716797,71.49083709716797,71.35036312320331,71.37670701694749,23602200
2022-12-02,71.47327423095703,71.4820488298485,71.32401897362983,71.36791876075556,5163300
2022-12-05,71.2713394165039,71.40303207015899,71.2713394165039,71.39425077373755,6591300
2022-12-06,71.35033416748047,71.36789675618259,71.29765979770416,71.30644109205521,4237200
2022-12-07,71.49961853027344,71.508393130037,71.42060024522698,71.43816284108964,5160400
2022-12-08,71.42936706542969,71.4820414460058,71.4205857692782,71.45570425571775,4121000
2022-12-09,71.3942642211914,71.46450120945913,71.3942642211914,71.42060141724984,4623400
2022-12-12,71.35033416748047,71.43813371466103,71.3239969825923,71.42935242030998,4593800
2022-12-13,71.56105041503906,71.65762456565554,71.5434878250185,71.6312806806247,5790700
2022-12-14,71.56983947753906,71.65763904905678,71.49082790097337,71.62252056008307,5651700
2022-12-15,71.57952880859375,71.6235262880154,71.544332167671,71.6147254495165,6162800
2022-12-16,71.64993286132812,71.69393034736376,71.52674795611698,71.53554879593887,3987700
2022-12-19,71.56193542480469,71.62352786951128,71.56193542480469,71.62352786951128,4845600
2022-12-20,71.56193542480469,71.57953038911815,71.50913710571832,71.52673878310478,3735600
2022-12-21,71.63232421875,71.64991918196073,71.60592170432507,71.64111834381907,5219300
2022-12-22,71.58829498291016,71.66748235183792,71.58829498291016,71.61469077255275,6612800
2022-12-23,71.55313110351562,71.57072606697271,71.53553614005854,71.54433026525075,2737200
2022-12-27,71.45632934570312,71.50032681614984,71.41233858832788,71.4915259794462,3969500
2022-12-28,71.45632934570312,71.4915259794462,71.45632934570312,71.4739310191104,4308900
2022-12-29,71.50911712646484,71.51791796269916,71.47392720766979,71.50032300330165,4149000
2022-12-30,71.42113494873047,71.50912317930803,71.41234082482289,71.44753074659657,6051600
2023-01-03,71.48272705078125,71.53552535934091,71.45633125303725,71.52672452240235,7190500
2023-01-04,71.55313110351562,71.60592270695956,71.51793446352879,71.58832774350246,4098500
2023-01-05,71.45632934570312,71.4915259794462,71.40353775162424,71.42993354866368,4879300
2023-01-06,71.72911071777344,71.73791155642203,71.50034261749367,71.52673842036648,6357400
2023-01-09,71.79947662353516,71.81707829412079,71.73788420262623,71.73788420262623,6204800
2023-01-10,71.7379150390625,71.75551671721419,71.69392426982984,71.7379150390625,3993000
2023-01-11,71.79947662353516,71.80827745882797,71.72908336733342,71.73788420262623,6779700
2023-01-12,71.9578857421875,71.9666865808619,71.86989749466235,71.92268910056285,5571100
2023-01-13,71.83468627929688,71.94027618274887,71.81709131859068,71.90507954826488,4546500
2023-01-17,71.87870025634766,71.90509606000408,71.84350361378137,71.85230445269123,5843400
2023-01-18,72.0370864868164,72.05468145270983,72.00188984195596,72.0282856473329,4551600
2023-01-19,72.01946258544922,72.04585838268144,71.993066788217,72.02826342221714,4791800
2023-01-20,71.9578857421875,71.9666865808619,71.91389497496142,71.9490849035131,4042100
2023-01-23,71.88750457763672,71.93150206535282,71.86990961039474,71.91390709811084,5559300
2023-01-24,71.91388702392578,71.94028282395762,71.86108871078987,71.88748451082171,4179100
2023-01-25,71.9578857421875,71.98428154513775,71.93148993923725,71.94029077791166,3169400
2023-01-26,71.91388702392578,71.9578777862881,71.90508618622442,71.94028282395762,5417000
2023-01-27,71.91388702392578,71.91388702392578,71.87869038619259,71.89628534852307,3822700
2023-01-30,71.843505859375,71.86110082467152,71.83470502019006,71.86110082467152,6446200
2023-01-31,71.97547912597656,71.97547912597656,71.87869005092978,71.92268081308691,7241100
2023-02-01,72.10065460205078,72.10065460205078,71.87145391724445,71.96842317906369,8447400
2023-02-02,72.10946655273438,72.16235642783529,72.08301488961486,72.15353920679544,10328800
2023-02-03,71.84500122070312,71.95959818794854,71.84500122070312,71.93315325132028,7167500
2023-02-06,71.64225006103516,71.73921931856182,71.64225006103516,71.71277438024896,4079000
2023-02-07,71.6775131225586,71.77448238130543,71.64225096250799,71.69514756536857,4900000
2023-02-08,71.7039794921875,71.72161394026809,71.65990682312875,71.69516899371855,5112700
2023-02-09,71.65106964111328,71.74803890183222,71.63344192351414,71.73922168024791,4328600
2023-02-10,71.61579132080078,71.68631562642302,71.61579132080078,71.67749840682825,5046300
2023-02-13,71.63346099853516,71.63346099853516,71.58938160444535,71.58938160444535,4934400
2023-02-14,71.48356628417969,71.57172503682895,71.48356628417969,71.5452801012616,7889600
2023-02-15,71.49238586425781,71.52764802136768,71.47475814848727,71.49238586425781,5025800
2023-02-16,71.50120544433594,71.55409531896161,71.47476050702309,71.51002266529655,6081600
2023-02-17,71.56292724609375,71.56292724609375,71.47477519507939,71.4924029150541,3773700
2023-02-21,71.42190551757812,71.49242987521286,71.42190551757812,71.47480214859064,6391400
2023-02-22,71.45711517333984,71.50119454585517,71.43948745967451,71.47474961257316,3889600
2023-02-23,71.50120544433594,71.51002266529655,71.44831556971026,71.47476050702309,4072900
2023-02-24,71.3513412475586,71.39541389809305,71.32489631212421,71.38660340332727,4189600
2023-02-27,71.4130630493164,71.4130630493164,71.37780088628398,71.40424582716582,3246600
2023-02-28,71.39541625976562,71.41305070101755,71.34252638714733,71.36897132345648,3978100
2023-03-01,71.26468658447266,71.36185018128913,71.25585169229439,71.33535224380249,5386100
2023-03-02,71.29121398925781,71.30004888508788,71.2293831965493,71.24705298820943,6623600
2023-03-03,71.33535766601562,71.34418581981674,71.26469200131449,71.34418581981674,6045000
2023-03-06,71.3000259399414,71.37069160573898,71.29119104695451,71.37069160573898,3862300
2023-03-07,71.14988708496094,71.33537945717816,71.14105218941228,71.3265445616295,6748700
2023-03-08,71.1145248413086,71.22051658786981,71.0880269046683,71.18518375933341,7627900
2023-03-09,71.34419250488281,71.36186229223813,71.22053094959288,71.2382007369482,6480300
2023-03-10,71.73284149169922,71.74167638470362,71.54734917289979,71.6268429927929,10588600
2023-03-13,72.44831085205078,72.47481553034147,72.15682678133946,72.29815137031333,12061400
2023-03-14,72.17450714111328,72.26283587279141,71.98017988799123,72.14800919551486,18453100
2023-03-15,72.59847259521484,72.79279978973605,72.43947823052005,72.65146847043036,13411600
2023-03-16,72.30701446533203,72.68683413372464,72.27168161954536,72.64266639172848,8516600
2023-03-17,72.66915130615234,72.75748677429932,72.43066306368564,72.43949795831035,8629700
2023-03-20,72.58081817626953,72.75748236280177,72.51015250165663,72.73981257462371,4907700
2023-03-21,72.30701446533203,72.43067605605974,72.28934467291306,72.35118220732818,4840900
2023-03-22,72.64264678955078,72.66031657720167,72.2363292812233,72.28049701130107,8003600
2023-03-23,72.8546371459961,72.88996323996912,72.642640147865,72.69564276692218,4930700
2023-03-24,72.88996887207031,73.08429609918146,72.84580788166737,73.04896326342948,8638700
2023-03-27,72.58081817626953,72.68681668818887,72.56315512714113,72.63382080175403,3942500
2023-03-28,72.50131225585938,72.55430813345632,72.4748143170609,72.52781019465785,9564900
2023-03-29,72.47482299804688,72.51898398831771,72.42182037505279,72.4306552687267,4047500
2023-03-30,72.48365020751953,72.48365020751953,72.40415638263897,72.40415638263897,4077300
2023-03-31,72.57200622558594,72.57200622558594,72.43950974086448,72.4571727939368,6451500
2023-04-03,72.66053771972656,72.66053771972656,72.47463803578357,72.5011941686542,9610600
2023-04-04,72.82872009277344,72.85528297631234,72.589708171706,72.589708171706,4905400
2023-04-05,72.92605590820312,73.129664043989,72.91720837253193,72.97917489145041,7535500
2023-04-06,72.89952087402344,72.97919599501219,72.88181904371815,72.93493128848,4666600
2023-04-10,72.64281463623047,72.69593364522304,72.63396709627112,72.67822505760975,3702300
2023-04-11,72.63395690917969,72.67821486431103,72.57199036891873,72.67821486431103,2725400
2023-04-12,72.71360778808594,72.76672002300494,72.66049555316695,72.74901819598017,6091300
2023-04-13,72.75788116455078,72.8552581094133,72.74017258156913,72.81984769729551,3350600
2023-04-14,72.58970642089844,72.6339711385478,72.55429599754848,72.6339711385478,3161000
2023-04-17,72.48345184326172,72.5365708381297,72.45689572275047,72.52771654667745,3293300
2023-04-18,72.46575927734375,72.5365801103236,72.4480506921756,72.48346110866552,3581200
2023-04-19,72.40377807617188,72.45689031322908,72.39492378538068,72.43918848549167,5923200
2023-04-20,72.58084106445312,72.58969535740303,72.53658310739684,72.55428493945003,4592300
2023-04-21,72.53658294677734,72.66051603241515,72.52772865384703,72.65166173948484,3348200
2023-04-24,72.61624145507812,72.63395003853263,72.58083104201482,72.58083104201482,1906000
2023-04-25,72.89952087402344,72.92607699640436,72.74017738589191,72.74903167796755,3373400
2023-04-26,72.81099700927734,72.90837395895912,72.75788476539486,72.89951966703009,4804200
2023-04-27,72.66934967041016,72.74902478384843,72.63394601315463,72.72246866398412,3452200
2023-04-28,72.7490234375,72.7490234375,72.67820261660894,72.73132160919984,4325300
2023-05-01,72.59019470214844,72.67005542460495,72.58132655377021,72.67005542460495,3339700
2023-05-02,72.82977294921875,72.88300891988654,72.60794737866405,72.61681552738922,5394100
2023-05-03,73.00721740722656,73.01609232391529,72.856377671408,72.88299565189622,4568800
2023-05-04,73.12259674072266,73.2911795996499,73.0072430919205,73.0072430919205,8624900
2023-05-05,72.94512939453125,73.00724029166535,72.90963648622889,72.99836537219474,3375100
2023-05-08,72.82977294921875,72.90962690522043,72.82977294921875,72.84751601624828,3166700
2023-05-09,72.81204223632812,72.8386602286531,72.77654932336783,72.82979207759874,4479100
2023-05-10,72.98951721191406,73.0338782822561,72.90078830164806,72.9185313758685,4931800
2023-05-11,73.03386688232422,73.14034561977219,73.01612381087332,73.13147069925631,7866500
2023-05-12,72.90962219238281,73.03384396229748,72.90075404423087,73.01610089641486,8635100
2023-05-15,72.91850280761719,72.92737772604131,72.89188482192405,72.90962788919305,3605100
2023-05-16,72.82977294921875,72.88300891988654,72.77653020897178,72.86526585285701,6905300
2023-05-17,72.74992370605469,72.82090952453517,72.71443079681444,72.81203460483005,4660300
2023-05-18,72.61681365966797,72.6877994651187,72.5990705930948,72.66118148046944,4385700
2023-05-19,72.5635757446289,72.70554735172351,72.51033977675785,72.5635757446289,5650300
2023-05-22,72.53697967529297,72.6345834922635,72.51923660383508,72.58134750830898,4024300
2023-05-23,72.5280990600586,72.55471704994588,72.45712001021928,72.49260615034878,8964000
2023-05-24,72.4393539428711,72.54583264814745,72.42161087678112,72.53695773031305,5761400
2023-05-25,72.27964782714844,72.42161945099203,72.27077290826331,72.377251626146,7552600
2023-05-26,72.26191711425781,72.2707852650796,72.16431329857201,72.23529912263092,3728700
2023-05-30,72.40383911132812,72.41271402647448,72.26187431687032,72.2884922927326,4441800
2023-05-31,72.474853515625,72.51034642065075,72.39499278692219,72.43936061059924,7230400
2023-06-01,72.58781433105469,72.61449667152122,72.52555327465069,72.5344496501216,5119300
2023-06-02,72.38321685791016,72.51663530646208,72.3476381525667,72.50773893364017,9465300
2023-06-05,72.40103149414062,72.48107851590763,72.29429534583838,72.32097768642738,5934100
2023-06-06,72.36543273925781,72.41879740565855,72.33875040605744,72.40101144550643,4313400
2023-06-07,72.31208038330078,72.38323102196638,72.26760529643246,72.3565486842236,6869400
2023-06-08,72.42772674560547,72.46330546804843,72.3832516460649,72.4099407773577,4306300
2023-06-09,72.29430389404297,72.35656495809458,72.29430389404297,72.35656495809458,4022200
2023-06-12,72.3565673828125,72.3565673828125,72.29430631667448,72.34767100595072,3824300
2023-06-13,72.22315979003906,72.43663215130434,72.19647744136797,72.43663215130434,4872200
2023-06-14,72.17867279052734,72.32098087525885,72.08083301342282,72.30319490939736,6175900
2023-06-15,72.32989501953125,72.33879139762072,72.26763394480135,72.30321267121103,6384600
2023-06-16,72.23204040527344,72.25872274812173,72.15199337672858,72.20535806242516,5079900
2023-06-20,72.25872039794922,72.31209186785672,72.24093443194444,72.24093443194444,4787500
2023-06-21,72.25872039794922,72.29429911590536,72.20535571398831,72.21425208996399,20688500
2023-06-22,72.17867279052734,72.27651256763187,72.16977641462333,72.24093384996236,4198700
2023-06-23,72.24091339111328,72.33875314050928,72.2142310569043,72.3120708063003,3892900
2023-06-26,72.29430389404297,72.3120966471703,72.2498355831187,72.30320027060664,3101500
2023-06-27,72.18755340576172,72.32096508546152,72.16976065783838,72.28538637555988,3574100
2023-06-28,72.26760864257812,72.26760864257812,72.17866525066873,72.22313355365051,4298900
2023-06-29,72.08973693847656,72.10752290620057,72.06304780796968,72.09862652936495,4646400
2023-06-30,72.11642456054688,72.1253141520858,72.07194945906127,72.11642456054688,6958700
2023-07-03,72.03258514404297,72.14851220435301,72.02366610788883,72.06825448542827,3600000
2023-07-05,72.0147705078125,72.08610240382698,72.00585146959838,72.07719016884569,6037200
2023-07-06,71.97016906738281,71.97908810397936,71.82749849799592,71.90774941767012,8592000
2023-07-07,72.05042266845703,72.11284231459884,72.01475332734297,72.0236655601981,3944100
2023-07-10,72.15741729736328,72.17525536790649,72.07716638961053,72.08607862165157,2858000
2023-07-11,72.14852142333984,72.17527173198911,72.13068334875226,72.14852142333984,3658500
2023-07-12,72.3625259399414,72.38927624683258,72.317937559635,72.33577563305023,5068800
2023-07-13,72.56761169433594,72.56761169433594,72.47844174244409,72.51411108384708,4954800
2023-07-14,72.3803482055664,72.49627525864835,72.3803482055664,72.46951815185426,4248900
2023-07-17,72.4071273803711,72.43388449783417,72.38037706614153,72.41604641952544,4027500
2023-07-18,72.4071273803711,72.50521640136849,72.39821514445026,72.47846608713893,2590600
2023-07-19,72.4338607788086,72.46952331728102,72.39819143710488,72.4516920480448,7015800
2023-07-20,72.3447036743164,72.36254175162937,72.29120304884383,72.3447036743164,8745700
2023-07-21,72.35359954833984,72.37143761994179,72.31793020836692,72.35359954833984,3891900
2023-07-24,72.26444244384766,72.38036271693937,72.26444244384766,72.36253144539918,4127300
2023-07-25,72.25552368164062,72.26444271906078,72.21985433519221,72.23769241003252,3275700
2023-07-26,72.32685852050781,72.35360882811065,72.21985048686463,72.2822701390152,4339700
2023-07-27,72.21985626220703,72.30902622909126,72.21094402778128,72.29119495700736,5591500
2023-07-28,72.31793212890625,72.33577020098193,72.27335055517938,72.30010086006173,6008600
2023-07-31,72.33578491210938,72.36253522243202,72.30011556393501,72.30011556393501,4066700
2023-08-01,72.27495574951172,72.337545760512,72.26602016598835,72.30178296325018,4957400
2023-08-02,72.31075286865234,72.32863768630024,72.24816964900342,72.31075286865234,4046400
2023-08-03,72.33756256103516,72.36438295994658,72.29285734881098,72.3196777477224,4109400
2023-08-04,72.4805908203125,72.49846880858598,72.418007629771,72.418007629771,3590400
2023-08-07,72.5074462890625,72.52533110704404,72.4716834741589,72.48062588314967,10383600
2023-08-08,72.54316711425781,72.5610519218872,72.50740432005456,72.52528912768396,3017000
2023-08-09,72.49848937988281,72.56107940924029,72.48955379373871,72.53425218763361,3198100
2023-08-10,72.46270751953125,72.57893148742862,72.46270751953125,72.5342262884381,3867900
2023-08-11,72.39119720458984,72.44483799785246,72.3822547986937,72.40013961048598,3596100
2023-08-14,72.32862854003906,72.37332693638778,72.31968613234592,72.34650653436685,3217200
2023-08-15,72.35542297363281,72.41800616290666,72.33754498572145,72.35542297363281,4782100
2023-08-16,72.31968688964844,72.40909050434058,72.31968688964844,72.3822701020388,3794300
2023-08-17,72.40013885498047,72.41801684552908,72.33755565647476,72.40013885498047,6059400
2023-08-18,72.42697143554688,72.46273424371743,72.4090866209325,72.42697143554688,3090600
2023-08-21,72.34648132324219,72.39118652507065,72.34648132324219,72.38224412049374,2642200
2023-08-22,72.31075286865234,72.35545809171273,72.31075286865234,72.3375800951242,2734400
2023-08-23,72.44486236572266,72.4716827713754,72.40016396332123,72.40016396332123,5509000
2023-08-24,72.40013885498047,72.45377964768335,72.39119644917764,72.39119644917764,3653100
2023-08-25,72.35542297363281,72.41800616290666,72.31071777227032,72.37330096154417,4682300
2023-08-28,72.40013885498047,72.40013885498047,72.33755565647476,72.3643760528262,2798300
2023-08-29,72.56106567382812,72.56106567382812,72.36437367896053,72.36437367896053,5272000
2023-08-30,72.56106567382812,72.61470646477134,72.55212326831864,72.60576405926187,4512400
2023-08-31,72.63259887695312,72.64154128423824,72.57001566807365,72.59683606887083,3948700
2023-09-01,72.59314727783203,72.71863186333172,72.58418897772279,72.71863186333172,4157300
2023-09-05,72.5035171508789,72.58418972146792,72.49455201228078,72.56625944427165,4130000
2023-09-06,72.4228515625,72.5304058723028,72.41388642388407,72.5304058723028,5001100
2023-09-07,72.55729675292969,72.55729675292969,72.48559615691755,72.49455445742073,3130700
2023-09-08,72.52144622802734,72.60211195888444,72.52144622802734,72.58418852038186,3581600
2023-09-11,72.53939056396484,72.53939056396484,72.5125019792663,72.52146712029881,2750500
2023-09-12,72.5035171508789,72.52144742807518,72.49455201228078,72.52144742807518,3358400
2023-09-13,72.56625366210938,72.58418393787694,72.5124765115998,72.5124765115998,3489500
2023-09-14,72.5483627319336,72.6111050484403,72.53939759003275,72.60213990653945,3349300
2023-09-15,72.5124740600586,72.56625120875005,72.5124740600586,72.53039749682364,4055900
2023-09-18,72.5035171508789,72.52144742807518,72.48559371207973,72.5035171508789,2676700
2023-09-19,72.44976806640625,72.50354524203657,72.44976806640625,72.48562179629305,3162800
2023-09-20,72.40493774414062,72.53938750035394,72.39597260348675,72.52146405744487,3583600
2023-09-21,72.4407958984375,72.46768448364479,72.41390731323021,72.41390731323021,5170800
2023-09-22,72.5124740600586,72.53936263440433,72.4676552105515,72.47662034813219,3908000
2023-09-25,72.48558807373047,72.52144178693699,72.48558807373047,72.49454637323467,3439100
2023-09-26,72.49457550048828,72.51250578349395,72.46768691437909,72.50354064199112,14216300
2023-09-27,72.4407958984375,72.52146849245845,72.40494217202809,72.52146849245845,5777600
2023-09-28,72.56625366210938,72.56625366210938,72.47662279846122,72.50351137371601,4522600
2023-09-29,72.57525634765625,72.6379986685101,72.57525634765625,72.62006838346609,6015100
2023-10-02,72.50243377685547,72.53838027807095,72.49344543752808,72.51142211618286,5671000
2023-10-03,72.44849395751953,72.54734508978046,72.44849395751953,72.52038008054323,6707600
2023-10-04,72.61026763916016,72.61026763916016,72.50242814389215,72.5383746423148,5927000
2023-10-05,72.68218231201172,72.69117065416923,72.66421248379292,72.68218231201172,4665400
2023-10-06,72.61927795410156,72.6282662962993,72.56536161310764,72.58333144140686,3456700
2023-10-09,72.8349380493164,72.8349380493164,72.74506836295177,72.74506836295177,4119300
2023-10-10,72.79000854492188,72.81696671037072,72.73609221402418,72.75406203895842,5135700
2023-10-11,72.77201843261719,72.77201843261719,72.71809526065721,72.74505341859067,3131500
2023-10-12,72.68218231201172,72.71812882454554,72.67320082595043,72.70914733848426,5362000
2023-10-13,72.72711944580078,72.75407761702189,72.70914961701885,72.75407761702189,3506100
2023-10-16,72.68218231201172,72.70015899632675,72.67320082595043,72.70015899632675,2967800
2023-10-17,72.52040100097656,72.58330566182623,72.50243117905973,72.58330566182623,4245000
2023-10-18,72.52040100097656,72.5653358399094,72.4934428400544,72.53837767898723,5232700
2023-10-19,72.61927795410156,72.6282662962993,72.52941510041293,72.53840344261067,5556600
2023-10-20,72.73609924316406,72.76305741121813,72.69116439234354,72.69116439234354,3660500
2023-10-23,72.78102111816406,72.78102111816406,72.70014662080214,72.718116445962,4261800
2023-10-24,72.76305389404297,72.78102371984518,72.70913756054102,72.75406555309421,13761400
2023-10-25,72.68218231201172,72.73610550886058,72.67320082595043,72.72711716670305,4773400
2023-10-26,72.82596588134766,72.84393570895432,72.75407285872902,72.75407285872902,4710800
2023-10-27,72.8708724975586,72.87986083677268,72.82594451367615,72.85290267522441,3858100
2023-10-30,72.84391021728516,72.85289855599103,72.79898223594303,72.81695205726116,4816700
2023-10-31,72.81696319580078,72.83493987596233,72.79899337173387,72.79899337173387,3917400
2023-11-01,72.97917175292969,73.00620665013801,72.81695549407004,72.81695549407004,7362900
2023-11-02,72.98818969726562,73.06930127660861,72.96115479602153,73.05127342537209,7828400
2023-11-03,73.18647003173828,73.22251886609966,73.0963513836409,73.15943512487028,8024300
2023-11-06,73.05126953125,73.11435325599368,73.05126953125,73.11435325599368,6061400
2023-11-07,73.1053466796875,73.14139550486156,73.06028392931732,73.06929785451342,4546600
2023-11-08,73.08731842041016,73.12336724538255,73.08731842041016,73.09633234555584,4422000
2023-11-09,72.97917175292969,73.11434623897134,72.97917175292969,73.10533919030834,6032900
2023-11-10,72.99720764160156,73.06029137318097,72.9611588127546,73.06029137318097,3916100
2023-11-13,73.02423095703125,73.02423095703125,72.94312626170338,72.96114723546181,7360300
2023-11-14,73.31262969970703,73.31262969970703,73.23152498774807,73.26757381826697,7956500
2023-11-15,73.17745971679688,73.22252248087625,73.15042480859424,73.21350855293788,5069400
2023-11-16,73.3036117553711,73.33966058391412,73.2946047049436,73.2946047049436,4086500
2023-11-17,73.24954986572266,73.2946126251737,73.2315288873093,73.28559869816114,3381800
2023-11-20,73.25853729248047,73.26755121623236,73.24050944497668,73.25853729248047,6247300
2023-11-21,73.3036117553711,73.33966058391412,73.28559077890507,73.3036117553711,2590400
2023-11-22,73.31262969970703,73.33966460369335,73.26757381826697,73.33966460369335,4803300
2023-11-24,73.25853729248047,73.28557218812689,73.24952336872857,73.276558264375,1575200
2023-11-27,73.34866333007812,73.35767725474273,73.28557960864585,73.29459353331045,4004100
2023-11-28,73.4838638305664,73.50188480897775,73.34868242784013,73.36671028186323,20921000
2023-11-29,73.6280517578125,73.66410058998899,73.58299587430066,73.60101685258306,4423100
2023-11-30,73.58297729492188,73.61001219332512,73.54692847184755,73.60099826865405,5204200
2023-12-01,73.79723358154297,73.80627486019598,73.5893324478481,73.59836683002617,11831100
2023-12-04,73.6887435913086,73.74298435546339,73.65259227717007,73.69778486807998,4431100
2023-12-05,73.77912139892578,73.80623832498661,73.70680499844921,73.7248806503326,12180000
2023-12-06,73.76103210449219,73.7971903014235,73.75199083114164,73.7971903014235,6794600
2023-12-07,73.8153076171875,73.85145893467617,73.80626633957826,73.8153076171875,4977800
2023-12-08,73.65258026123047,73.72488977418419,73.62545643534139,73.67969719064716,3367800
2023-12-11,73.67066955566406,73.67066955566406,73.58931875235167,73.61643568678913,2963900
2023-12-12,73.67970275878906,73.69777841427542,73.64354455134345,73.65258582732308,3268600
2023-12-13,74.05032348632812,74.06840604101502,73.70683080849035,73.73394774404676,10843800
2023-12-14,74.17727661132812,74.23168315575083,74.14100327556919,74.15913648423297,9304300
2023-12-15,74.09565734863281,74.15913395443772,74.06845407734944,74.12286061991618,7178300
2023-12-18,74.08660888671875,74.12288223181645,74.0775457392692,74.11381908436691,3760500
2023-12-19,74.11381530761719,74.13194852002542,74.08660511135564,74.08660511135564,5159300
2023-12-20,74.21353149414062,74.23167161841639,74.15005489603608,74.18632822615729,5164000
2023-12-21,74.28608703613281,74.34050049703553,74.25888376489702,74.33143043381322,6662900
2023-12-22,74.31329345703125,74.32236352063798,74.27702703946719,74.31329345703125,3387900
2023-12-26,74.27702331542969,74.31328973117546,74.25888318912573,74.2679532522777,2503100
2023-12-27,74.36768341064453,74.38581661369417,74.31326996463712,74.32234002537655,2584700
2023-12-28,74.3586196899414,74.39489301756271,74.34954962842862,74.38582295604994,2408600
2023-12-29,74.39493560791016,74.42213888959228,74.3405290445459,74.3405290445459,5075600
2024-01-02,74.30422973632812,74.33143300850618,74.29515967279166,74.30422973632812,4983500
2024-01-03,74.32237243652344,74.34957571217558,74.24982575582958,74.27703594991398,4336500
2024-01-04,74.27702331542969,74.30422658645456,74.25888318912573,74.27702331542969,2923700
2024-01-05,74.2588882446289,74.37677139990579,74.21354484421312,74.23168497175206,8105400
2024-01-08,74.32237243652344,74.4039891819121,74.28609909617651,74.29516916087131,4654900
2024-01-09,74.34049987792969,74.34956302264538,74.30422654377367,74.31328968848936,5227400
2024-01-10,74.34049987792969,74.3858363568014,74.33142981478291,74.3858363568014,6432200
2024-01-11,74.51277923583984,74.52184929772905,74.39489610500074,74.39489610500074,4904100
2024-01-12,74.66693115234375,74.69414133635561,74.62159468251672,74.65786800943616,6809700
2024-01-16,74.54906463623047,74.64881457787318,74.52186136458813,74.60347117951513,8427200
2024-01-17,74.40398406982422,74.43118734360729,74.37677387760937,74.43118734360729,6717400
2024-01-18,74.44023895263672,74.45837907796863,74.41303568306955,74.44930901530267,4490300
2024-01-19,74.38585662841797,74.41305990684064,74.34958328437675,74.38585662841797,5469300
2024-01-22,74.422119140625,74.44025235078992,74.40398593046008,74.41304907632656,4607400
2024-01-23,74.41303253173828,74.42210259402013,74.37675920104131,74.39489932560501,3355600
2024-01-24,74.37675476074219,74.50371486981727,74.37675476074219,74.49464480807691,4708300
2024-01-25,74.51277923583984,74.53091935961824,74.4583727013649,74.4674427632541,5493200
2024-01-26,74.46746063232422,74.4855938420237,74.44932050419295,74.4855938420237,4654800
2024-01-29,74.53998565673828,74.54905571901122,74.50371924450735,74.50371924450735,3344700
2024-01-30,74.49465942382812,74.56720609512459,74.44931602465999,74.55813603160469,2345800
2024-01-31,74.63066864013672,74.71227844114385,74.55812198251033,74.60345845470427,7413100
2024-02-01,74.74162292480469,74.8143835316163,74.67795912855287,74.74162292480469,8288100
2024-02-02,74.50515747070312,74.55063458652957,74.45968729371035,74.51425428163515,8260700
2024-02-05,74.35965728759766,74.432410972346,74.35965728759766,74.42332109852433,5968500
2024-02-06,74.47787475585938,74.5051582501072,74.39602427311593,74.39602427311593,3603400
2024-02-07,74.45059967041016,74.53245016239819,74.44150285835553,74.45969648246478,3044100
2024-02-08,74.43240356445312,74.46878387262403,74.42331369153611,74.45059718795572,2233400
2024-02-09,74.40511322021484,74.41421003112893,74.38692653722033,74.38692653722033,2523900
2024-02-12,74.41421508789062,74.44149858365326,74.40511827635838,74.432401772121,2730500
2024-02-13,74.17777252197266,74.2778166673403,74.16868264609309,74.25962997674462,5284900
2024-02-14,74.2868881225586,74.31417161855656,74.22322431895195,74.23232113056267,5431500
2024-02-15,74.35965728759766,74.39603759938932,74.32327697580598,74.377843974076,3772500
2024-02-16,74.26870727539062,74.26870727539062,74.21413334027122,74.22323015259691,7850200
2024-02-20,74.3141860961914,74.3687530988179,74.3141860961914,74.34146959750466,6172800
2024-02-21,74.2505111694336,74.35055528516871,74.2505111694336,74.35055528516871,8590400
2024-02-22,74.24142456054688,74.29599850134272,74.21414105956667,74.25052137381876,15501400
2024-02-23,74.27778625488281,74.2868830658743,74.22321926660123,74.23231607759273,3869300
2024-02-26,74.22321319580078,74.26869030820494,74.20501957530585,74.25959349795748,4547200
2024-02-27,74.22321319580078,74.25959349795748,74.20501957530585,74.24139987746256,3432400
2024-02-28,74.29597473144531,74.30506460297357,74.25959442883257,74.26869123919407,3239500
2024-02-29,74.34143829345703,74.37781859283402,74.32325161318485,74.34143829345703,8833900
2024-03-01,74.48741149902344,74.5056517404377,74.33233813029622,74.37794917273386,4883100
2024-03-04,74.41444396972656,74.4509314154294,74.3870801252666,74.42356061170075,2416300
2024-03-05,74.46916961669922,74.51478066239426,74.44180577298958,74.46916961669922,4102800
2024-03-06,74.48741149902344,74.54213918253421,74.46916429834117,74.51477534077883,5338700
2024-03-07,74.57862854003906,74.57862854003906,74.52389389585453,74.55126469758089,2987700
2024-03-08,74.61512756347656,74.66985525688676,74.59688035949367,74.66073165489532,2387700
2024-03-11,74.55126190185547,74.58774238425288,74.54213830162216,74.57862574328747,3509600
2024-03-12,74.478271484375,74.52387555749395,74.46914788604462,74.51475891843003,2260900
2024-03-13,74.4417953491211,74.48740638842936,74.4417953491211,74.4782827887142,2223300
2024-03-14,74.37793731689453,74.4235413927949,74.37793731689453,74.41442475317496,4085000
2024-03-15,74.33231353759766,74.36880096762238,74.33231353759766,74.35056073224287,3045500
2024-03-18,74.34146118164062,74.35058478191438,74.31409734008732,74.35058478191438,1971600
2024-03-19,74.40531158447266,74.41443518463844,74.37794774324318,74.39618798430688,1821700
2024-03-20,74.52389526367188,74.53301886441479,74.4053162910873,74.4144398918302,4769000
2024-03-21,74.52389526367188,74.5603827073752,74.51477862219727,74.54214246515768,3708500
2024-03-22,74.57862854003906,74.5968687819218,74.57862854003906,74.57862854003906,2038000
2024-03-25,74.54214477539062,74.57863222022478,74.54214477539062,74.56950861919911,3700600
2024-03-26,74.56034851074219,74.56947210730061,74.5238610837736,74.54210827689045,2183300
2024-03-27,74.64248657226562,74.66072681579703,74.6151227273341,74.6151227273341,2585300
2024-03-28,74.59687805175781,74.60600165346702,74.56039060419005,74.5877544500486,5702800
2024-04-01,74.44129180908203,74.5785712271112,74.44129180908203,74.56942438627816,4661800
2024-04-02,74.47786712646484,74.49617476466331,74.432111995605,74.44125883238608,3485000
2024-04-03,74.53280639648438,74.53280639648438,74.43213530182513,74.45043596343574,2904100
2024-04-04,74.60603332519531,74.61518714928341,74.53282367945636,74.5511243453106,2806000
2024-04-05,74.48704528808594,74.56026190017081,74.47789146599521,74.52365359412838,3967100
2024-04-08,74.41381072998047,74.46872666696053,74.41381072998047,74.45041902719426,3335800
2024-04-09,74.48704528808594,74.51449977203765,74.47789146599521,74.47789146599521,2680500
2024-04-10,74.18504333496094,74.2674137817222,74.17589649379308,74.24910613474347,6329400
2024-04-11,74.27655029296875,74.28569713200469,74.22163434715378,74.28569713200469,6686500
2024-04-12,74.32231140136719,74.36807352949992,74.32231140136719,74.33146522345781,5387500
2024-04-15,74.29486083984375,74.29486083984375,74.19418973849311,74.23079804646797,4841300
2024-04-16,74.24909210205078,74.27655356732879,74.19418313613512,74.23994526261163,3062800
2024-04-17,74.30401611328125,74.33147059921826,74.26740780459158,74.27656162734424,3598900
2024-04-18,74.26739501953125,74.32230398195276,74.25824119835443,74.32230398195276,3279600
2024-04-19,74.28571319580078,74.31316768348518,74.27656635478691,74.31316768348518,2938200
2024-04-22,74.32231140136719,74.34061904554845,74.29485691741571,74.29485691741571,4174300
2024-04-23,74.38636779785156,74.40467544045929,74.29485053177244,74.3040043530763,3619000
2024-04-24,74.35891723632812,74.36807105811457,74.33146275328902,74.3497634145417,4299800
2024-04-25,74.30401611328125,74.32231677646561,74.27656162734424,74.2948622905286,4224200
2024-04-26,74.32231140136719,74.35891970740929,74.31315757927655,74.33146522345781,3071500
2024-04-29,74.35891723632812,74.36807105811457,74.34061657507546,74.3497634145417,2259600
2024-04-30,74.26739501953125,74.33145780312958,74.26739501953125,74.30400332191883,6420900
2024-05-01,74.41615295410156,74.44369636760602,74.28761235445586,74.32433223583693,8032700
2024-05-02,74.52632141113281,74.53550488330633,74.43450770420799,74.44369117638152,3750700
2024-05-03,74.64567565917969,74.72830588299925,74.60894878028125,74.69157900410082,4960200
2024-05-06,74.63648986816406,74.65484980457462,74.61812292681783,74.65484980457462,2960700
2024-05-07,74.64567565917969,74.67321906711955,74.62730871726252,74.65485212520238,2706200
2024-05-08,74.6273193359375,74.65486274779649,74.6273193359375,74.6273193359375,2308800
2024-05-09,74.69158172607422,74.70994866866073,74.67322178842386,74.67322178842386,2160200
2024-05-10,74.6273193359375,74.68240615965547,74.6273193359375,74.68240615965547,1866100
2024-05-13,74.64567565917969,74.69157900410082,74.64567565917969,74.69157900410082,2442600
2024-05-14,74.7191162109375,74.7191162109375,74.69157280528354,74.70075627547996,2319500
2024-05-15,74.85685729980469,74.85685729980469,74.80177047594557,74.8201304155863,3248400
2024-05-16,74.80174255371094,74.84764588814629,74.79255908485014,74.8384694242198,2978300
2024-05-17,74.75584411621094,74.80175446288996,74.75584411621094,74.79257099256708,2758000
2024-05-20,74.73749542236328,74.76503883253956,74.73749542236328,74.76503883253956,2445200
2024-05-21,74.77423095703125,74.79259089762787,74.77423095703125,74.77423095703125,1991300
2024-05-22,74.7191162109375,74.75584308678789,74.7191162109375,74.73748315133035,3051100
2024-05-23,74.68241119384766,74.76504843993192,74.67323472590068,74.76504843993192,3473500
2024-05-24,74.70996856689453,74.70996856689453,74.67324167687583,74.68241814567699,3041000
2024-05-28,74.64567565917969,74.74667282491642,74.64567565917969,74.73748935395783,2889800
2024-05-29,74.61813354492188,74.66404389988479,74.59977360589872,74.66404389988479,2441700
2024-05-30,74.70076751708984,74.70995098866828,74.6732241072909,74.68240057393298,3711400
2024-05-31,74.80174255371094,74.81092602257172,74.7466557504148,74.7558322143413,2923000
2024-06-03,74.88651275634766,74.88651275634766,74.80360890651716,74.80360890651716,5533700
2024-06-04,74.96019744873047,74.98783675072295,74.92335207361056,74.93256517427471,2133300
2024-06-05,75.03388977050781,75.03388977050781,74.93256674369009,74.98783832129595,2577600
2024-06-06,75.04310607910156,75.0523191803525,75.01547380288592,75.02467987659968,3346500
2024-06-07,74.84967041015625,74.92335413488651,74.84967041015625,74.92335413488651,3524300
2024-06-10,74.8588638305664,74.8772900292872,74.84965775874176,74.8588638305664,2952900
2024-06-11,74.94178009033203,74.95099319121938,74.8865155400818,74.91414781520692,3755800
2024-06-12,75.04310607910156,75.172061386466,75.04310607910156,75.16284828521506,3409200
2024-06-13,75.16283416748047,75.19046643850598,75.11678272494991,75.13520189645496,2473800
2024-06-14,75.17203521728516,75.20888058192499,75.17203521728516,75.19966748388134,2854900
2024-06-17,75.09837341308594,75.1444318935094,75.09837341308594,75.12600569032504,1272200
2024-06-18,75.19967651367188,75.23652188273601,75.17204424375768,75.1812573429076,2182800
2024-06-20,75.17203521728516,75.1812483153288,75.13518985264533,75.15360902119787,2618200
2024-06-21,75.19967651367188,75.24573498188593,75.1812573429076,75.22730878358608,2020500
2024-06-24,75.2088851928711,75.21809829147958,75.19045899565413,75.2088851928711,1576500
2024-06-25,75.21810150146484,75.22730757293104,75.19046220445986,75.21810150146484,2618100
2024-06-26,75.14441680908203,75.18126218051701,75.14441680908203,75.17204908077426,2329000
2024-06-27,75.19967651367188,75.22730878358608,75.1812573429076,75.19046341452194,1675800
2024-06-28,75.2088851928711,75.30099509635042,75.19967209426261,75.28257592666863,3894800
2024-07-01,75.14419555664062,75.19040683708016,75.12571527497569,75.15343922289883,3672100
2024-07-02,75.20887756347656,75.24584517296117,75.19964094924333,75.22736489364415,2468800
2024-07-03,75.3198013305664,75.33828161502088,75.23662947424248,75.23662947424248,1772800
2024-07-05,75.45842742919922,75.45842742919922,75.39373585794083,75.40297247465456,2171900
2024-07-08,75.44918823242188,75.44918823242188,75.42146427893297,75.43994456430795,2236000
2024-07-09,75.43069458007812,75.45841852865411,75.40296358065052,75.43993119570237,7304200
2024-07-10,75.45842742919922,75.47690771347914,75.43994009406684,75.47690771347914,2505700
2024-07-11,75.63399505615234,75.65248238645678,75.60627111154629,75.62475844185073,5810700
2024-07-12,75.74492645263672,75.74492645263672,75.67099120523551,75.68023487387397,3170300
2024-07-15,75.74492645263672,75.77265040769885,75.71720249757458,75.73568278399824,3380600
2024-07-16,75.77265930175781,75.78190297148129,75.71721138512515,75.73569167371801,2562400
2024-07-17,75.78187561035156,75.78187561035156,75.7171840473524,75.72642771373845,2701000
2024-07-18,75.74492645263672,75.79113774497579,75.73568278399824,75.77265040769885,3111100
2024-07-19,75.70795440673828,75.73567836018103,75.70795440673828,75.72644174293535,2041700
2024-07-22,75.71721649169922,75.71721649169922,75.68024886116622,75.70797282135233,2429500
2024-07-23,75.7541732788086,75.78189723502629,75.72644932259088,75.74492960978483,2133400
2024-07-24,75.79112243652344,75.86505061813921,75.79112243652344,75.83732666867681,4871200
2024-07-25,75.80037689208984,75.86506847301123,75.78189660504952,75.81886422998367,4907000
2024-07-26,75.90202331542969,75.9112669828199,75.88354303150159,75.90202331542969,1591000
2024-07-29,75.9112548828125,75.9297422146461,75.88353093591331,75.9204985487293,4588200
2024-07-30,75.93898010253906,75.96670404990294,75.89277587388302,75.92974348731865,3108100
2024-07-31,76.09609985351562,76.09609985351562,75.9205124739976,75.98520404557846,3403900
2024-08-01,76.22774505615234,76.24629365848988,76.11647466478433,76.1257489659531,5052500
2024-08-02,76.654296875,76.67284548361198,76.51521060729588,76.53375921590786,5001400
2024-08-05,76.6357421875,76.87682453852837,76.57083621694085,76.83973440189168,15588100
2024-08-06,76.54302978515625,76.61720299332045,76.46884950277096,76.61720299332045,12849200
2024-08-07,76.4966812133789,76.54304566804574,76.44104952715676,76.48740690760103,5778900
2024-08-08,76.45956420898438,76.46883851150476,76.39465823978179,76.40393254230219,3622000
2024-08-09,76.47811889648438,76.52447626433307,76.44102875767304,76.51520196107508,5079400
2024-08-12,76.52448272705078,76.54303133513325,76.45030244316335,76.4595767472046,3745600
2024-08-13,76.64503479003906,76.64503479003906,76.59867033961814,76.61721187525336,3856100
2024-08-14,76.6357421875,76.67283232413669,76.58937774814908,76.59865205086331,4780700
2024-08-15,76.45028686523438,76.4873769996204,76.42247103299981,76.45956116738583,3164700
2024-08-16,76.53375244140625,76.53375244140625,76.45957216196737,76.53375244140625,2987100
2024-08-19,76.51519775390625,76.56156219342624,76.51519775390625,76.51519775390625,2839700
2024-08-20,76.62646484375,76.62646484375,76.58010040623913,76.59864901093145,1882600
2024-08-21,76.70993041992188,76.77483639721544,76.61720153159882,76.68210750889239,3914500
2024-08-22,76.60794067382812,76.6728466565201,76.60794067382812,76.66357235207222,4181300
2024-08-23,76.78409576416016,76.78409576416016,76.63574229163204,76.67283242831913,3896800
2024-08-26,76.74703216552734,76.81193815861828,76.74703216552734,76.81193815861828,1896600
2024-08-27,76.79337310791016,76.81191463987783,76.73774143778662,76.73774143778662,4067400
2024-08-28,76.78409576416016,76.83046020357408,76.78409576416016,76.81191159812042,3126600
2024-08-29,76.77484130859375,76.78410853864213,76.75629270005417,76.78410853864213,2397100
2024-08-30,76.77484130859375,76.82119868149985,76.76556700432397,76.79338284291191,2781300
2024-09-03,76.8567123413086,76.89393194076219,76.82879941644659,76.82879941644659,3718600
2024-09-04,77.02420043945312,77.03350711446157,76.90324205999555,76.912548735004,2731100
2024-09-05,77.0521011352539,77.09862740399807,76.99627529189046,77.09862740399807,8628200
2024-09-06,77.19166564941406,77.28471107931995,77.0520939550996,77.13583981125278,6478400
2024-09-09,77.20098876953125,77.21959501991194,77.15446249521038,77.18237542023779,9361700
2024-09-10,77.31263732910156,77.31263732910156,77.21029230779604,77.21959188315223,6833800
2024-09-11,77.24748992919922,77.34984202970425,77.2288836831579,77.2288836831579,3679100
2024-09-12,77.25679779052734,77.2754111357662,77.18235860739435,77.25679779052734,2599000
2024-09-13,77.36849212646484,77.38709838134456,77.33127251779094,77.37779880336194,3964000
2024-09-16,77.41498565673828,77.43359900436376,77.37777315931159,77.41498565673828,2861100
2024-09-17,77.35917663574219,77.38708956433878,77.34057038298235,77.3777899874157,3015200
2024-09-18,77.33126831054688,77.45222670797042,77.27544245003047,77.3219616341561,4413300
2024-09-19,77.39639282226562,77.39639282226562,77.34056696753778,77.35917321947593,2892600
2024-09-20,77.4242935180664,77.44290686597738,77.34055474920378,77.37777434611347,4082500
2024-09-23,77.4242935180664,77.45220644102062,77.36846767215799,77.40568726906768,5030800
2024-09-24,77.49874114990234,77.50804782487113,77.41499527300925,77.44291529791563,8947900
2024-09-25,77.43359375,77.48941959126404,77.43359375,77.48011291808281,4829100
2024-09-26,77.35917663574219,77.44292252044563,77.35917663574219,77.43361584460888,2321800
2024-09-27,77.4801254272461,77.48943210192988,77.41499290228518,77.43360625165276,3208500
2024-09-30,77.36849212646484,77.45223092179529,77.34987877267064,77.43362466691558,5176000
2024-10-01,77.4179458618164,77.49263026315062,77.4086085310755,77.4179458618164,4955500
2024-10-02,77.39928436279297,77.42728923490463,77.37127236838423,77.3806096998538,5697700
2024-10-03,77.29660034179688,77.3712776317424,77.29660034179688,77.36194742193518,6480000
2024-10-04,77.03519439697266,77.14722100006503,77.01652685760556,77.1005414682024,4013000
2024-10-07,76.93251037597656,76.97918278440751,76.92317304537181,76.92317304537181,5052100
2024-10-08,76.99785614013672,76.99785614013672,76.94183927975433,76.96051394064723,6423500
2024-10-09,76.92317962646484,76.97918937029242,76.91384229506124,76.97918937029242,4166800
2024-10-10,76.98851776123047,77.01652262989212,76.91383336326858,76.98851776123047,3859500
2024-10-11,77.05387878417969,77.07254632590295,77.01653657843565,77.03520412015892,3367200
2024-10-14,77.01655578613281,77.01655578613281,76.96054602469684,76.9978882397539,1849500
2024-10-15,77.05387878417969,77.09122098992371,77.03520412015892,77.08188365791334,3387000
2024-10-16,77.10055541992188,77.11923008496484,77.0818878771768,77.10055541992188,2130700
2024-10-17,77.03519439697266,77.05386905863635,77.01652685760556,77.0445317278045,2469600
2024-10-18,77.10055541992188,77.11923008496484,77.0818878771768,77.10055541992188,1725600
2024-10-21,76.98851776123047,77.07253236721544,76.98851776123047,77.07253236721544,3474300
2024-10-22,76.97918701171875,77.02586654500954,76.96051947178053,77.01652921389201,4333300
2024-10-23,76.93251037597656,76.96051524549442,76.92317304537181,76.96051524549442,3303900
2024-10-24,76.96984100341797,77.00718320138147,76.94183613551935,76.96984100341797,2444500
2024-10-25,76.94184112548828,77.04453039597368,76.93251091711431,77.01652552625883,2453000
2024-10-28,76.90448760986328,76.96050446334746,76.8764827442689,76.96050446334746,2886400
2024-10-29,76.93251037597656,76.95117791488967,76.85782597573133,76.87649351464444,2920500
2024-10-30,76.86715698242188,76.98852091465503,76.86715698242188,76.9418413834428,2949300
2024-10-31,76.88583374023438,76.9138386108067,76.82048666813338,76.85782886966206,3751500
2024-11-01,76.86054992675781,77.00105709239648,76.84181087343612,76.98232518592958,5598400
2024-11-04,76.916748046875,76.97295090966247,76.89800899470958,76.95421900435144,2400700
2024-11-05,76.89800262451172,76.9167416751248,76.82306786262077,76.9167416751248,2808600
2024-11-06,76.8043441772461,76.82308323160805,76.75751083505165,76.76687321537742,6637800
2024-11-07,76.93548583984375,76.93548583984375,76.83244248561151,76.86055106601069,10555500
2024-11-08,76.87926483154297,76.9542067345469,76.8511634046298,76.92610530763373,3935000
2024-11-11,76.82307434082031,76.82307434082031,76.80433528862704,76.80433528862704,1567900
2024-11-12,76.74811553955078,76.79495601287367,76.72001411429817,76.76684744076825,4609900
2024-11-13,76.86054992675781,76.88865135988554,76.81370944030837,76.88865135988554,2909700
2024-11-14,76.74811553955078,76.89799218984896,76.73874601551564,76.87926028863149,4405400
2024-11-15,76.83245849609375,76.89803090364609,76.74815417789348,76.77625561729357,3299800
2024-11-18,76.88865661621094,76.88865661621094,76.83244659925798,76.86055518116211,2645000
2024-11-19,76.88865661621094,76.93548995900721,76.88865661621094,76.92612757856114,2655600
2024-11-20,76.85118103027344,76.89801437025208,76.85118103027344,76.86991293689393,3362300
2024-11-21,76.83245849609375,76.89803090364609,76.81372658544582,76.86056708235024,2565700
2024-11-22,76.82307434082031,76.86990767759471,76.81370481472368,76.85117577225583,2352200
2024-11-25,76.97294616699219,76.97294616699219,76.90737378216224,76.92611283317304,3579100
2024-11-26,76.97294616699219,76.97294616699219,76.90737378216224,76.95421426283531,6597200
2024-11-27,77.01980590820312,77.05727687274127,77.01043638035466,77.0479073448928,2463400
2024-11-29,77.11347198486328,77.12284151176873,77.09474007790739,77.10410245795784,1597600
2024-12-02,77.1087646484375,77.13695683279468,77.04298049495905,77.07117267931625,5102300
2024-12-03,77.1181640625,77.1651558205284,77.09937166125002,77.1557560349356,3950600
2024-12-04,77.20275115966797,77.22154356173748,77.09937502344589,77.09937502344589,3935400
2024-12-05,77.20275115966797,77.20275115966797,77.1463596135876,77.15575939959032,2517700
2024-12-06,77.27792358398438,77.31550838251866,77.25912401478237,77.30611576785252,5705800
2024-12-09,77.24974822998047,77.2779475925444,77.24974822998047,77.2779475925444,4641600
2024-12-10,77.24034881591797,77.24974143267572,77.20275683907758,77.24034881591797,2919500
2024-12-11,77.22154235839844,77.31551870715337,77.22154235839844,77.29672630537671,2453000
2024-12-12,77.1839599609375,77.24974413022122,77.1839599609375,77.24035151313548,3185000
2024-12-13,77.1463394165039,77.20273094782084,77.1463394165039,77.193331164279,2420800
2024-12-16,77.15575408935547,77.18394627548736,77.14635430399969,77.17455366006702,2930300
2024-12-17,77.16516876220703,77.18396116660877,77.14636918786847,77.14636918786847,2492600
2024-12-18,77.0237045288086,77.22173228803128,77.0142725799497,77.2028755847825,6931400
2024-12-19,77.10856628417969,77.11799823252471,77.05198898304674,77.07085287973679,12522700
2024-12-20,77.1180191040039,77.18402837134686,77.10858715310619,77.18402837134686,3495400
2024-12-23,77.07085418701172,77.11799954059933,77.07085418701172,77.09914283805803,2933800
2024-12-24,77.10856628417969,77.10856628417969,77.07085287973679,77.0802776336132,1583800
2024-12-26,77.12745666503906,77.13688861662285,77.07087934447848,77.0803041015912,1758100
2024-12-27,77.14628601074219,77.18400660922715,77.14628601074219,77.15571795898056,3668600
2024-12-30,77.25945281982422,77.26888476867467,77.23116416774188,77.23116416774188,7397300
2024-12-31,77.30659484863281,77.32545154929842,77.26887425283357,77.31601960173161,3167100
2025-01-02,77.28772735595703,77.33487989712825,77.25943870904138,77.32544795000047,3948300
2025-01-03,77.28772735595703,77.33487989712825,77.26887065616916,77.32544795000047,2804100
2025-01-06,77.30659484863281,77.31601960173161,77.26887425283357,77.28773095349918,2324300
2025-01-07,77.25945281982422,77.3160301239889,77.23116416774188,77.297173420757,4035500
2025-01-08,77.30659484863281,77.31601960173161,77.27829900593237,77.27829900593237,2747600
2025-01-10,77.1651611328125,77.26889099511912,77.1651611328125,77.25945904550863,6188500
2025-01-13,77.18401336669922,77.18401336669922,77.1462927649118,77.17458141763508,4855000
2025-01-14,77.20287322998047,77.2217299326541,77.19344128140928,77.2122979840829,2281900
2025-01-15,77.37259674072266,77.37259674072266,77.33487614850763,77.36316479405207,3694300
2025-01-16,77.41976165771484,77.43862555582503,77.32546375057139,77.33489569962649,4775000
2025-01-17,77.40089416503906,77.43861476153235,77.39146221729871,77.42918281379198,2248500
2025-01-21,77.42919921875,77.43863116848871,77.38204666452613,77.42919921875,2400400
2025-01-22,77.41031646728516,77.43861230961029,77.38202781942793,77.42918036216858,2706800
2025-01-23,77.41031646728516,77.42918036216858,77.38202781942793,77.38202781942793,3378500
2025-01-24,77.45746612548828,77.50461866647296,77.438609425775,77.45746612548828,2190000
2025-01-27,77.57064056396484,77.5989292153843,77.53291996391596,77.58949726675488,3639700
2025-01-28,77.58950805664062,77.58950805664062,77.54236269587493,77.55178745134617,2980500
2025-01-29,77.54234313964844,77.59892043608637,77.50462254386714,77.59892043608637,2849200
2025-01-30,77.58950805664062,77.60837195652276,77.5706513512283,77.58007610669955,1956300
2025-01-31,77.59893798828125,77.62722664289886,77.57064933366364,77.59893798828125,2987300
2025-02-03,77.54499053955078,77.62068284435288,77.526071072558,77.5733733492477,3483200
2025-02-04,77.62068176269531,77.62068176269531,77.54498945894798,77.54498945894798,3232500
2025-02-05,77.66798400878906,77.70583016064813,77.64906454206722,77.64906454206722,3456200
2025-02-06,77.63961791992188,77.66800073532484,77.63016179373219,77.63961791992188,2083200
2025-02-07,77.55445098876953,77.61121660604549,77.55445098876953,77.60175326369442,3488900
2025-02-10,77.59231567382812,77.62069848924577,77.58285232921659,77.6017718000227,2573000
2025-02-11,77.57340240478516,77.59232909728253,77.56394627695467,77.56394627695467,2861900
2025-02-12,77.46930694580078,77.50715310245745,77.45985082044884,77.4976969771055,4537400
2025-02-13,77.57340240478516,77.58286575103385,77.54501958445731,77.55448293070599,3512000
2025-02-14,77.67745208740234,77.70583489842332,77.65853261952697,77.67745208740234,3120500
2025-02-18,77.61122131347656,77.6585308096862,77.61122131347656,77.64906746676114,2824100
2025-02-19,77.66798400878906,77.66798400878906,77.62068173277676,77.62068173277676,2694600
2025-02-20,77.67745208740234,77.71529824156892,77.67745208740234,77.68691543054794,2106500
2025-02-21,77.8099136352539,77.82884032242504,77.71530185464675,77.71530185464675,3614000
2025-02-24,77.86666870117188,77.86666870117188,77.79097640660046,77.80043974802551,2497300
2025-02-25,77.97077178955078,77.99915460559957,77.93292562868002,77.94238175508488,3632100
2025-02-26,77.9991455078125,78.01806497683256,77.93291653861787,77.97076269507427,2280100
2025-02-27,78.02751922607422,78.03698256868938,77.96129026459889,77.97075360721406,4639500
2025-02-28,78.16944885253906,78.16944885253906,78.0559103842594,78.08429319672527,4383100
2025-03-03,78.21974182128906,78.22923423248768,78.0963694380601,78.1058618492587,5333700
2025-03-04,78.2292251586914,78.37158234780561,78.20075516898605,78.3051499582973,5198900
2025-03-05,78.14383697509766,78.29568663071319,78.13435180206426,78.2767090440563,4304600
2025-03-06,78.19126892089844,78.22923132369309,78.13432893700045,78.18177651005277,4557400
2025-03-07,78.18177795410156,78.3146427460429,78.14381555060574,78.29566516458905,3499300
2025-03-10,78.32413482666016,78.3526048190149,78.25770243096973,78.28617242332447,4644400
2025-03-11,78.27669525146484,78.3905752325204,78.26720283951394,78.32414283004172,4668500
2025-03-12,78.21974182128906,78.2766890478925,78.2007642394801,78.21974182128906,3475800
2025-03-13,78.27669525146484,78.31465041809082,78.19127802508436,78.21974802034825,2946600
2025-03-14,78.21974182128906,78.28617421850286,78.2102566506787,78.28617421850286,3932500
2025-03-17,78.19126892089844,78.24820890479641,78.1722913397951,78.20076133174409,4582600
2025-03-18,78.19126892089844,78.22923132369309,78.18177651005277,78.18177651005277,3438500
2025-03-19,78.3051528930664,78.3051528930664,78.14381087771014,78.1722881090702,3886300
2025-03-20,78.32413482666016,78.3905672223506,78.31464241567922,78.3905672223506,3039300
2025-03-21,78.37157440185547,78.42851437549315,78.37157440185547,78.40953679780948,3172500
2025-03-24,78.26718139648438,78.33361378076243,78.25768898713413,78.33361378076243,2351300
2025-03-25,78.2956771850586,78.33363959438266,78.27669960069117,78.28618477258027,2711400
2025-03-26,78.27669525146484,78.31465041809082,78.27669525146484,78.28618042282693,3684800
2025-03-27,78.31464385986328,78.34312109333125,78.29566627813952,78.31464385986328,2187600
2025-03-28,78.45700073242188,78.47598555465342,78.38107592467207,78.38107592467207,4087900
2025-03-31,78.51394653320312,78.5519016958008,78.4475141377751,78.52343170355851,4593200
2025-04-01,78.54251861572266,78.58060267601297,78.50442729025488,78.52346932040004,4326400
2025-04-02,78.4853744506836,78.59012377469533,78.45680777416715,78.59012377469533,3071600
2025-04-03,78.78058624267578,78.81867030407392,78.7234456202232,78.74249491609996,6729500
2025-04-04,78.73297119140625,79.10435254840334,78.73297119140625,79.01865251148607,12599700
2025-04-07,78.74249267578125,78.98055801122364,78.58060272614554,78.93294203806417,18363100
2025-04-08,78.69488525390625,78.85676795595526,78.59966056241731,78.59966056241731,13086100
2025-04-09,78.64726257324219,78.83771920516759,78.38063055372427,78.75201190450674,25591000
2025-04-10,78.63773345947266,78.713916100878,78.59011749230017,78.6472508407659,10029500
2025-04-11,78.49491119384766,78.60918518270003,78.46634451292913,78.59013588530217,6585900
2025-04-14,78.66630554199219,78.68534757106438,78.5425141900803,78.5425141900803,5006100
2025-04-15,78.66630554199219,78.72343889438582,78.65678089486757,78.66630554199219,3090700
2025-04-16,78.77104949951172,78.7900915272869,78.7139161510096,78.75200020655997,3178900
2025-04-17,78.79962158203125,78.83771290537251,78.76153025868999,78.79962158203125,3384000
2025-04-21,78.75200653076172,78.89484717866443,78.75200653076172,78.82818917833345,5283700
2025-04-22,78.78058624267578,78.8281949520123,78.76153694679903,78.80915292131323,3521700
2025-04-23,78.72344207763672,78.84724069973157,78.68535075277502,78.79962472736011,3647400
2025-04-24,78.81866455078125,78.81866455078125,78.76153119767675,78.78058049216301,3993500
2025-04-25,78.88533020019531,78.894854848362,78.8091548103954,78.8377214897176,2259800
2025-04-28,78.99958801269531,78.99958801269531,78.88531405361873,78.89483869983587,2847000
2025-04-29,79.04721069335938,79.05672807520861,78.97102804750357,78.98055269452979,3832200
2025-04-30,79.15196990966797,79.15196990966797,79.06626260607192,79.0757872542888,5104800
2025-05-01,78.98861694335938,79.18921600917294,78.95996097508403,79.17966159045244,5150400
2025-05-02,78.83577728271484,78.95040844644664,78.80712131375347,78.92175247748527,4556100
2025-05-05,78.82622528076172,78.88354450832831,78.79756931092169,78.87399008908613,3420300
2025-05-06,78.8930892944336,78.91219813234993,78.87398774440358,78.8930892944336,3476300
2025-05-07,78.92174530029297,78.9599556847287,78.86442607969656,78.89308204605194,2522500
2025-05-08,78.75934600830078,78.90263312189384,78.74979887851049,78.89307870421821,3566000
2025-05-09,78.79756927490234,78.87399005303185,78.79756927490234,78.8357796639671,2009600
2025-05-12,78.65428161621094,78.70204642419671,78.63518006574851,78.64473448492296,4386600
2025-05-13,78.63517761230469,78.70204396866663,78.61607606243824,78.70204396866663,4241200
2025-05-14,78.57786560058594,78.66383350673313,78.57786560058594,78.64473195688473,3960300
2025-05-15,78.73068237304688,78.73068237304688,78.66381603160242,78.69247199395224,3449300
2025-05-16,78.71160125732422,78.79756916668696,78.70204683809952,78.79756916668696,3528300
2025-05-19,78.74026489257812,78.74981931273297,78.68295294742357,78.69250007969119,2906900
2025-05-20,78.74980163574219,78.77845760188706,78.72114566959733,78.74024721773203,3289200
2025-05-21,78.7020492553711,78.73070522603882,78.69249483585294,78.7211580944074,4095600
2025-05-22,78.74980163574219,78.75934876586675,78.72114566959733,78.74980163574219,3415600
2025-05-23,78.79756927490234,78.87399005303185,78.77846772431323,78.87399005303185,8202300
2025-05-27,78.82622528076172,78.83577970000391,78.78802217956603,78.80712373016388,3870300
2025-05-28,78.76889038085938,78.80710075880371,78.75933596440218,78.80710075880371,1972600
2025-05-29,78.85488891601562,78.86443604741699,78.82622565815183,78.82622565815183,2154300
2025-05-30,78.95040893554688,78.95040893554688,78.87398815925225,78.89308970938274,4331000
2025-06-02,78.88523864746094,78.94274713628299,78.87565999261581,78.91398923589684,4011000
2025-06-03,78.86607360839844,78.92357478496588,78.85648764165379,78.9044101634268,4456600
2025-06-04,79.00982666015625,79.01940531407759,78.92356759121722,78.93315355708813,5744700
2025-06-05,78.92357635498047,79.02900005541811,78.92357635498047,79.0098354334978,3164700
2025-06-06,78.78939056396484,78.84689173328209,78.78939056396484,78.82772711415944,1563300
2025-06-09,78.84690856933594,78.8756664720845,78.81815797853825,78.81815797853825,2166800
2025-06-10,78.84690856933594,78.89483109529934,78.84690856933594,78.8756664720845,2010600
2025-06-11,78.97149658203125,78.97149658203125,78.91398809404133,78.94274599401136,1825500
2025-06-12,79.03856658935547,79.04815255393393,79.00981600756865,79.04815255393393,2612200
2025-06-13,78.9810791015625,79.00982968832756,78.9523212028476,79.00982968832756,3572700
2025-06-16,78.97149658203125,79.00983313670781,78.96191061537456,78.98108254868792,2380700
2025-06-17,79.00982666015625,79.0289912799485,78.97149010862219,79.00024069428534,2057400
2025-06-18,79.04817199707031,79.13442376364576,79.01941409626146,79.04817199707031,1921300
2025-06-20,79.10566711425781,79.13441770091363,79.05774459519826,79.06733056140013,2328700
2025-06-23,79.21110534667969,79.24944190657446,79.13443222689014,79.13443222689014,3113400
2025-06-24,79.27818298339844,79.27818298339844,79.19192390600037,79.20150987281133,4292000
2025-06-25,79.28777313232422,79.29735178769013,79.23026464037541,79.24943657500856,3268100
2025-06-26,79.38361358642578,79.38361358642578,79.32610509250883,79.33569106015347,4964600
2025-06-27,79.3548583984375,79.39318764289385,79.33568646425884,79.33568646425884,2432800
2025-06-30,79.41236114501953,79.41236114501953,79.36443862057716,79.40277517774093,5690200
2025-07-01,79.32968139648438,79.40659224810196,79.3200647892864,79.3777497618301,5018100
2025-07-02,79.32006072998047,79.36813642818791,79.31044412327465,79.33928660807045,4292600
2025-07-03,79.2335205078125,79.2527463828044,79.20467069234392,79.2431297776482,2781500
2025-07-07,79.21429443359375,79.24313691634015,79.20467782757125,79.23352764563877,4022000
2025-07-08,79.22390747070312,79.22390747070312,79.19506498925604,79.20467425952452,3648300
2025-07-09,79.29119873046875,79.29119873046875,79.24312304409342,79.25273964843247,2002200
2025-07-10,79.29119873046875,79.29119873046875,79.25273964843247,79.29119873046875,2249400
2025-07-11,79.27197265625,79.28158926145453,79.25274678116146,79.28158926145453,4146300
2025-07-14,79.28158569335938,79.31042817235436,79.26235981913611,79.28158569335938,1887300
2025-07-15,79.2046890258789,79.28160721429174,79.19507975381893,79.28160721429174,3436600
2025-07-16,79.31045532226562,79.33929781113412,79.23354446372389,79.23354446372389,4457200
2025-07-17,79.28158569335938,79.3200447771261,79.26235981913611,79.31042817235436,2819800
2025-07-18,79.34888458251953,79.38734366499041,79.34888458251953,79.37772706054271,1294500
2025-07-21,79.39696502685547,79.41619090158294,79.38734842183155,79.41619090158294,1857200
2025-07-22,79.45466613769531,79.45466613769531,79.41620704510213,79.41620704510213,8474300
2025-07-23,79.38735961914062,79.43543531572078,79.36813374170141,79.42581870934046,2500900
2025-07-24,79.32006072998047,79.35851982148209,79.32006072998047,79.32967733668629,2147100
2025-07-25,79.3681411743164,79.37775044627519,79.34890795975464,79.3681411743164,2023400
2025-07-28,79.35851287841797,79.36812948428243,79.3488962725535,79.35851287841797,2467100
2025-07-29,79.42581939697266,79.43543600343624,79.37774369997629,79.37774369997629,2079200
2025-07-30,79.33927917480469,79.4546564384999,79.33927917480469,79.38735486850794,3786200
2025-07-31,79.33927917480469,79.38735486850794,79.32966990432082,79.35851238641438,5883700
2025-08-01,79.73477935791016,79.76371652149922,79.62867151848313,79.62867151848313,6048700
2025-08-04,79.75407409667969,79.76372227170515,79.7058405809536,79.74442592165423,4535300
2025-08-05,79.72512817382812,79.76371351029046,79.69619101133149,79.72512817382812,6269300
2025-08-06,79.75407409667969,79.75407409667969,79.7058405809536,79.7058405809536,2741800
2025-08-07,79.71549224853516,79.7540775909263,79.70584407308698,79.73478859943151,2927700
2025-08-08,79.69620513916016,79.71549413111047,79.68655696348412,79.71549413111047,2621200
2025-08-11,79.69620513916016,79.71549413111047,79.68655696348412,79.68655696348412,2730500
2025-08-12,79.75407409667969,79.76372227170515,79.71548875597907,79.72513693100453,2844100
2025-08-13,79.86016082763672,79.86016082763672,79.81192732466423,79.82157549713858,3589200
2025-08-14,79.77334594726562,79.79264229317054,79.75405696076035,79.78299412021809,3934100
2025-08-15,79.74443054199219,79.81195305228017,79.74443054199219,79.79266406051289,1979400
2025-08-18,79.74443054199219,79.78301588492842,79.73478972580938,79.77336770934394,6377300
2025-08-19,79.78299713134766,79.80229347798087,79.77334895803106,79.78299713134766,7318900
2025-08-20,79.81195068359375,79.8408878500867,79.7830135171008,79.79266169239894,2613800
2025-08-21,79.74443054199219,79.80231223609736,79.7251415502249,79.79266406051289,3399800
2025-08-22,79.91804504394531,79.92769321761489,79.77335187650253,79.7830000501721,4815300
2025-08-25,79.87945556640625,79.87945556640625,79.86016657946756,79.86981475263683,5797100
2025-08-26,79.94698333740234,79.95663151120851,79.90839800157798,79.90839800157798,1673600
2025-08-27,80.00486755371094,80.00486755371094,79.94698586844176,79.95663404255338,2399500
2025-08-28,79.9759292602539,79.99521824880394,79.96628108627867,79.9759292602539,1824800
2025-08-29,80.04345703125,80.06274602107048,80.00487169220813,80.0145125074179,2757600
2025-09-02,80.00281524658203,80.02216439673792,79.98346609642614,79.99313698032702,4372200
2025-09-03,80.06086730957031,80.08022384141066,79.99313421283686,80.00281247875704,3284400
2025-09-04,80.11893463134766,80.11893463134766,80.08022894755287,80.09957809827308,3232700
2025-09-05,80.23504638671875,80.3221360231102,80.22537550228434,80.2931086050979,5352500
2025-09-08,80.28343200683594,80.30278115846143,80.26407547285577,80.29311027382603,2281200
2025-09-09,80.21569061279297,80.31245112563018,80.21569061279297,80.2834237100144,2467600
2025-09-10,80.2253646850586,80.27374124777138,80.2253646850586,80.27374124777138,8269500
2025-09-11,80.25440216064453,80.31245699611962,80.2447238939472,80.28342957838208,4892400
2025-09-12,80.24471282958984,80.25439109495271,80.21568541585468,80.25439109495271,3057500
2025-09-15,80.27374267578125,80.29309920709353,80.27374267578125,80.29309920709353,1917300
2025-09-16,80.31244659423828,80.33179574277244,80.29309744570413,80.30276832879446,2091100
2025-09-17,80.27374267578125,80.39953059989642,80.27374267578125,80.33179750501077,4243800
2025-09-18,80.24471282958984,80.27374024332501,80.22536368121754,80.24471282958984,2847600
2025-09-19,80.27374267578125,80.29309920709353,80.26406441012512,80.27374267578125,2196900
2025-09-22,80.23504638671875,80.2931086050979,80.23504638671875,80.28343033830895,1835800
2025-09-23,80.26406860351562,80.2834251358392,80.24471945354611,80.2543977197079,2433300
2025-09-24,80.2253646850586,80.26406298228741,80.2253646850586,80.25439209915697,3073900
2025-09-25,80.1576156616211,80.18665045497696,80.1479447795219,80.176972190525,3458200
2025-09-26,80.20601654052734,80.21569480702328,80.16731085689787,80.18666738988976,2291700
2025-09-29,80.23504638671875,80.24472465350769,80.21569723549538,80.21569723549538,3836900
2025-09-30,80.27374267578125,80.30277009039601,80.26406441012512,80.26406441012512,4044100
2025-10-01,80.36692810058594,80.38633714305381,80.33780342907654,80.37662891921734,4194100
2025-10-02,80.38633728027344,80.38633728027344,80.33780356621334,80.3572200139194,1896800
2025-10-03,80.35722351074219,80.41545804598438,80.35722351074219,80.38634077836329,2282300
2025-10-06,80.33781433105469,80.36693900651635,80.33781433105469,80.34752255620857,2637300
2025-10-07,80.37664031982422,80.39605677025118,80.3475230493899,80.35723127460338,2301800
2025-10-08,80.36692810058594,80.40574618552166,80.35721987674948,80.40574618552166,2942100
2025-10-09,80.35722351074219,80.37663255408779,80.34751528646669,80.36693173501769,2884700
2025-10-10,80.49311065673828,80.52222792494791,80.41545967137557,80.4445769395852,5552900
2025-10-13,80.64839172363281,80.64839172363281,80.49309718410557,80.51250622459486,9266400
2025-10-14,80.59017181396484,80.59017181396484,80.54164550133802,80.56105454534762,6221200
2025-10-15,80.55133819580078,80.58045546148105,80.5416373773773,80.56104641942918,3720300
2025-10-16,80.65811157226562,80.68722883979858,80.54164250213381,80.54164250213381,5563700
2025-10-17,80.64839172363281,80.67751639217322,80.62898268314352,80.65809994647961,3354600
2025-10-20,80.65811157226562,80.65811157226562,80.62899430473267,80.65811157226562,3331400
2025-10-21,80.67752838134766,80.68722920043174,80.65811193276865,80.67752838134766,4726800
2025-10-22,80.67752838134766,80.69693742472124,80.65811193276865,80.65811193276865,6952900
2025-10-23,80.61927795410156,80.66781166523457,80.61927795410156,80.65810344196704,4405500
2025-10-24,80.6678237915039,80.68723283575197,80.6484073420501,80.67753201623081,2293400
2025-10-27,80.64839172363281,80.65809994647961,80.61927446029672,80.64839172363281,6043700
2025-10-28,80.65811157226562,80.66781979651174,80.62899430473267,80.63870252897878,6114700
2025-10-29,80.50282287597656,80.66782567415603,80.49311465102309,80.66782567415603,5335000
2025-10-30,80.51251983642578,80.53193628540203,80.47370174888442,80.483402568167,3799300
2025-10-31,80.5416488647461,80.55134968455317,80.52223241472002,80.5416488647461,3592700
2025-11-03,80.5445556640625,80.5737655082752,80.534816573075,80.534816573075,5418800
2025-11-04,80.57376861572266,80.60297846106188,80.57376861572266,80.58350770708576,6502000
2025-11-05,80.51534271240234,80.5835014891847,80.50560362179073,80.57376239857307,3952600
2025-11-06,80.61271667480469,80.6419265198259,80.59323849229054,80.60297758354761,3725200
2025-11-07,80.65165710449219,80.70033769814306,80.63217892403247,80.63217892403247,2942900
2025-11-10,80.63219451904297,80.65167270326995,80.62246285568014,80.64193361115646,6287900
2025-11-11,80.70034790039062,80.70034790039062,80.66139896329643,80.6808771462186,4175200
2025-11-12,80.67113494873047,80.69061313090269,80.66139585764435,80.67113494873047,2369900
2025-11-13,80.62245178222656,80.65166162580442,80.62245178222656,80.62245178222656,5328100
2025-11-14,80.65165710449219,80.71007678837292,80.62244726255183,80.70033769814306,5750000
2025-11-17,80.64192199707031,80.65166108778118,80.63218290635945,80.65166108778118,7200800
2025-11-18,80.69061279296875,80.73929339069569,80.6711346108781,80.71982263735488,3498300
2025-11-19,80.6808853149414,80.73930501212246,80.67114622249426,80.71983425597908,2679800
2025-11-20,80.74903869628906,80.77824854292322,80.71008975786005,80.7198288496549,5810700
2025-11-21,80.84640502929688,80.85614412081483,80.79772442920755,80.83666593777893,4849600
2025-11-24,80.85614013671875,80.85614013671875,80.81719120131632,80.84640104568068,5120700
2025-11-25,80.90481567382812,80.91455476425702,80.85613507918244,80.86587416961133,4276700
2025-11-26,80.89508056640625,80.89508056640625,80.85613163509912,80.8853414763922,4349400
2025-11-28,80.89508056640625,80.92429040769933,80.87560238637815,80.9145513176853,2799600
2025-12-01,80.82575988769531,80.85505754441095,80.82575988769531,80.85505754441095,3358500
2025-12-02,80.87458038330078,80.88434875178797,80.84528272892119,80.86481946589558,4653000
2025-12-03,80.92341613769531,80.93318450634705,80.89411848282225,80.93318450634705,2121300
2025-12-04,80.86481475830078,80.90387332781175,80.86481475830078,80.90387332781175,2473900
2025-12-05,80.83551025390625,80.88434464277938,80.83551025390625,80.88434464277938,2172300
2025-12-08,80.81598663330078,80.83551591956984,80.7769206096805,80.83551591956984,3378600
2025-12-09,80.77690887451172,80.85504091040134,80.77690887451172,80.85504091040134,2709900
2025-12-10,80.91364288330078,80.91364288330078,80.77691553476097,80.78668390282287,4431300
2025-12-11,80.92341613769531,80.96248216122011,80.91364776904359,80.95271379256837,3552400
2025-12-12,80.93318176269531,80.95271104825461,80.91364502605417,80.92341339437473,4256400
2025-12-15,80.98200225830078,81.00153899338737,80.96247297429547,80.99177062584408,5252200
2025-12-16,81.02107238769531,81.04060912377302,80.99177473466038,81.00154310269924,4004800
2025-12-17,81.03083038330078,81.04059875008923,81.00153273401614,81.01129364972388,5873900
2025-12-18,81.08943939208984,81.09920776052988,81.04061245205357,81.09920776052988,3896800
2025-12-19,81.07475280761719,81.08454379541614,81.05515588394628,81.07475280761719,4195000
2025-12-22,81.03556060791016,81.06494851726704,81.02576214677921,81.06494851726704,4489000
2025-12-23,80.99637603759766,81.00617449894638,80.96698812758761,80.97678658893633,3442900
2025-12-24,81.04534912109375,81.05514010698694,81.01595374130906,81.0257522012373,2287200
2025-12-26,81.10413360595703,81.12372305387338,81.09433514498095,81.11393206693312,2034700
2025-12-29,81.14331817626953,81.16290762375142,81.13351971551074,81.14331817626953,3432000
2025-12-30,81.16290283203125,81.17270129221154,81.14331338570588,81.14331338570588,3641100
2025-12-31,81.13351440429688,81.18249923084844,81.13351440429688,81.1531038504964,3753000
2026-01-02,81.1727066040039,81.18250506482539,81.15310968236093,81.18250506482539,3041700
2026-01-05,81.20209503173828,81.21189349262244,81.18250558400574,81.19229657085413,3063400
2026-01-06,81.21189880371094,81.21189880371094,81.16291397012243,81.19230188066103,4368900
2026-01-07,81.20209503173828,81.24128140123914,81.19229657085413,81.22169195350659,4298000
2026-01-08,81.1727066040039,81.19229605161117,81.1727066040039,81.18250506482539,2470500
2026-01-09,81.14331817626953,81.18250454526898,81.12372125475197,81.18250454526898,3409700
2026-01-12,81.14331817626953,81.15310916299265,81.12372125475197,81.13351971551074,2243100
2026-01-13,81.16290283203125,81.18249975239185,81.15310437185096,81.17270129221154,4656300
2026-01-14,81.18251037597656,81.21189828632794,81.18251037597656,81.19230136340288,3022500
2026-01-15,81.12372589111328,81.17271072367109,81.12372589111328,81.17271072367109,3306400
2026-01-16,81.10413360595703,81.1531109627658,81.09433514498095,81.1531109627658,4540100
2026-01-20,81.11392974853516,81.1335191958916,81.11392974853516,81.12372073519556,5763700
2026-01-21,81.1530990600586,81.1530990600586,81.12371115547649,81.14330807455438,14151400
2026-01-22,81.12372589111328,81.13352435243206,81.10413644251182,81.12372589111328,4878300
2026-01-23,81.1530990600586,81.16289751959755,81.13350961501544,81.14330807455438,2506700
2026-01-26,81.18251037597656,81.19230136340288,81.1629134530515,81.18251037597656,3094300
2026-01-27,81.20209503173828,81.22169195350659,81.18250558400574,81.18250558400574,4339300
2026-01-28,81.20209503173828,81.22169195350659,81.18250558400574,81.22169195350659,4157500
2026-01-29,81.23148345947266,81.26087136827717,81.21189401161493,81.21189401161493,4135800
2026-01-30,81.30005645751953,81.31965337910442,81.2706685491779,81.28046700997035,4272800
2026-02-02,81.2607421875,81.30987501999603,81.25092161829497,81.30004695417328,4079300
2026-02-03,81.25093078613281,81.27057942337763,81.23127465226945,81.24110271920114,4449700
2026-02-04,81.29023742675781,81.30005799729679,81.2509326547457,81.2509326547457,3945400
2026-02-05,81.41797637939453,81.43762501807248,81.34919489909304,81.37867160541951,6014000
2026-02-06,81.41797637939453,81.44745308572102,81.38849967306805,81.44745308572102,7414400
2026-02-09,81.4376220703125,81.44745013760529,81.42780149963855,81.4376220703125,6928900
2026-02-10,81.48675537109375,81.50640400917163,81.47692730374537,81.48675537109375,4736200
2026-02-11,81.40813446044922,81.44743922773667,81.3884858251144,81.40813446044922,3509800
2026-02-12,81.48675537109375,81.50640400917163,81.42780196024121,81.43762253097071,3377300
2026-02-13,81.61449432373047,81.62432239156819,81.58501761683655,81.59484568467427,3563900
2026-02-17,81.58500671386719,81.6046628469158,81.56535807743683,81.5948347803915,3293800
2026-02-18,81.535888671875,81.5555373100639,81.535888671875,81.535888671875,2145500
2026-02-19,81.535888671875,81.5653653774678,81.5260606044711,81.5260606044711,2653900
2026-02-20,81.54570770263672,81.57518440767284,81.5260590648189,81.56536383707332,3451900
2026-02-23,81.61449432373047,81.6341504594059,81.55554090994264,81.57518954899884,2809000
2026-02-24,81.61449432373047,81.62432239156819,81.58501761683655,81.604673752512,5232700
2026-02-25,81.59484100341797,81.59484100341797,81.5653642982152,81.58501293614411,4495400
2026-02-26,81.62431335449219,81.64396199137298,81.5850085841122,81.5850085841122,7856900
2026-02-27,81.7323989868164,81.75204762355004,81.70292228340676,81.71275035008276,5655100
2026-03-02,81.58757781982422,81.66639868456684,81.56787636202425,81.65654419728116,7074100
2026-03-03,81.57772827148438,81.59742972866178,81.48905292225818,81.49890740923246,5817200
2026-03-04,81.52845764160156,81.57772255625036,81.50875618580442,81.56786806996648,5025800
2026-03-05,81.46934509277344,81.48904654840985,81.43978915093355,81.45949060656996,7172700
2026-03-06,81.50875854492188,81.58757188716217,81.4496391422781,81.4496391422781,5750000
2026-03-09,81.54815673828125,81.55801122428005,81.44963442860444,81.47919036983045,4899200
2026-03-10,81.49890899658203,81.57772986036913,81.48905450941582,81.54816639887049,5106600
2026-03-11,81.42008972167969,81.46935464170083,81.42008972167969,81.45950015434232,3976900
2026-03-12,81.28215026855469,81.41022852657673,81.25259432568582,81.39052707025442,8506900
2026-03-13,81.3314208984375,81.39053278832813,81.31171192395972,81.38067830108925,7184000
2026-03-16,81.42993927001953,81.42993927001953,81.37081986622566,81.42008478325872,4785600
2026-03-17,81.43978881835938,81.45949027391532,81.42993433219613,81.42993433219613,3379600
2026-03-18,81.29200744628906,81.41023122167836,81.29200744628906,81.38067527783103,5624600
2026-03-19,81.27230072021484,81.31171115202491,81.15407694155594,81.17377839907533,12151300
2026-03-20,81.0949478149414,81.16391418314949,81.06539187381944,81.15406721395574,11512100
2026-03-23,81.21318817138672,81.27230006023615,81.12451282134136,81.14422179547198,8918100
2026-03-24,81.0949478149414,81.1737686691136,81.05553738785531,81.11465678686965,8547200
2026-03-25,81.18363189697266,81.21318784127723,81.15407595266808,81.18363189697266,5556000
2026-03-26,81.00627899169922,81.14421172641283,81.00627899169922,81.11465578565567,7405900
2026-03-27,81.17376708984375,81.17376708984375,81.0653902966581,81.0653902966581,7966400
2026-03-30,81.28215026855469,81.32156069797011,81.25259432568582,81.26244881223238,5461200
2026-03-31,81.35111999511719,81.40038491311047,81.33141853798254,81.37082145225182,10879800
2026-04-01,81.34815216064453,81.37779678250948,81.31850753877958,81.34815216064453,7671800
2026-04-02,81.38768005371094,81.41732467529086,81.34815137849641,81.35803543213102,4735100
2026-04-06,81.3086166381836,81.33826125755222,81.28885607171229,81.31850069108091,3659700
2026-04-07,81.36791229248047,81.40744096786311,81.27897842736249,81.32839115642177,3130500
2026-04-08,81.44696807861328,81.50626486021008,81.41732345747677,81.50626486021008,6026600
2026-04-09,81.46673583984375,81.50626451429926,81.41732311194342,81.44696773295412,6123400
2026-04-10,81.43708801269531,81.48649319932683,81.42720395963963,81.47660914627114,5766600
2026-04-13,81.49637603759766,81.49637603759766,81.42720274588586,81.45684736528759,2919900
2026-04-14,81.5556640625,81.5556640625,81.47660671905656,81.4864907718178,3521000
2026-04-15,81.5359115600586,81.54578807447336,81.50626693816632,81.54578807447336,3072800
2026-04-16,81.50626373291016,81.55566892101308,81.50626373291016,81.55566892101308,2875600
2026-04-17,81.66437530517578,81.68414341294469,81.62484662896206,81.63473068284651,4856700
2026-04-20,81.62483978271484,81.65448440255769,81.60507921592743,81.65448440255769,1800400
2026-04-21,81.50626373291016,81.58531354173958,81.50626373291016,81.58531354173958,3375600
2026-04-22,81.54578399658203,81.57543615631546,81.53590748266116,81.57543615631546,2126000
2026-04-23,81.50626373291016,81.55566892101308,81.47661157285998,81.54578486766303,3086000
2026-04-24,81.59519958496094,81.61496015281928,81.51614223487984,81.53591034206205,3271800
2026-04-27,81.57544708251953,81.60509170689996,81.56556302795119,81.58532359776326,2376200
2026-04-28,81.5260238647461,81.55566848531421,81.51613981144884,81.54578443201696,4175900
2026-04-29,81.41732025146484,81.4963775975983,81.38767563149567,81.4963775975983,4900900
2026-04-30,81.50626373291016,81.51614024693653,81.47661157285998,81.49637967956009,4183200
2026-05-01,81.51914978027344,81.5786142175434,81.48941756163845,81.50923652019448,2999400
2026-05-04,81.42003631591797,81.4795007505964,81.3704775792849,81.4795007505964,4021000
2026-05-05,81.45968627929688,81.4894184982736,81.44977301910397,81.45968627929688,3736500
2026-05-06,81.5687026977539,81.57860839552403,81.53896291963947,81.55878943838242,2842000
2026-05-07,81.49932861328125,81.62817074440882,81.48941535347092,81.62817074440882,2564800
2026-05-08,81.5687026977539,81.59843491426699,81.55878943838242,81.59843491426699,1597900
2026-05-11,81.48941040039062,81.55878809164267,81.48941040039062,81.54887483243489,1694000
2026-05-12,81.42994689941406,81.44976585645502,81.42003364009292,81.44976585645502,3292000
2026-05-13,81.45968627929688,81.4695919778878,81.41012753993435,81.44977301910397,2667200
2026-05-14,81.42994689941406,81.49932459145937,81.42003364009292,81.48941133213823,2185600
2026-05-15,81.3308334350586,81.37047891269441,81.3308334350586,81.36056565288503,3543600
2026-05-18,81.3704833984375,81.41012887825887,81.33083791861614,81.38039665879337,3801000
2026-05-19,81.3110122680664,81.34074448508511,81.27136679150765,81.3110122680664,3046900
2026-05-20,81.42003631591797,81.4596817929041,81.31101314460645,81.31101314460645,6917100
2026-05-21,81.41012573242188,81.42995225236747,81.3209290774721,81.34074803581589,5047200
2026-05-22,81.39030456542969,81.44976900044921,81.33083256880855,81.43985574074543,2721300
2026-05-26,81.47949981689453,81.47949981689453,81.42994864243084,81.4695865573612,2783500
2026-05-27,81.48941040039062,81.50922935720497,81.47949714118283,81.48941040039062,2001600
2026-05-28,81.52906036376953,81.56870584118192,81.47950162660364,81.48941488635714,2578700
2026-05-29,81.5687026977539,81.59843491426699,81.54887617901095,81.5687026977539,2520800
2026-06-01,81.52198791503906,81.53192294789204,81.45240476509551,81.49216764849105,2975600
2026-06-02,81.52198791503906,81.55180818158708,81.51204529819154,81.55180818158708,1890900
2026-06-03,81.48222351074219,81.50210116007166,81.46233827741831,81.48222351074219,3261700
2026-06-04,81.54186248779297,81.57168275321573,81.53191987132062,81.56174772073764,3010500
2026-06-05,81.37287902832031,81.44246217828953,81.37287902832031,81.43251956143834,5008100
2026-06-08,81.41264343261719,81.46234134981245,81.40270081558026,81.44246369973328,5010000
2026-06-09,81.45240020751953,81.49216308869018,81.43251497493715,81.45240020751953,3242100
2026-06-10,81.45240020751953,81.50209812098726,81.45240020751953,81.48222047239899,3446600
2026-06-11,81.60150909423828,81.6114517114509,81.4524077560232,81.47228540645361,4528000
2026-06-12,81.58162689208984,81.6015045414112,81.54186400945272,81.58162689208984,3966800
2026-06-15,81.62139129638672,81.66115417976513,81.60150606270024,81.65121156292189,3625900
2026-06-16,81.64127349853516,81.66115873333047,81.60151061293949,81.61145323033715,1766800
2026-06-17,81.39275360107422,81.64126592499737,81.39275360107422,81.621388276041,5236600
2026-06-18,81.50210571289062,81.55181121498252,81.4921706796681,81.50210571289062,3044000
2026-06-22,81.4225845336914,81.46233983310955,81.4225845336914,81.44246218340048,2502000
2026-06-23,81.48222351074219,81.51204377673359,81.48222351074219,81.48222351074219,6606500
2026-06-24,81.58162689208984,81.6015045414112,81.5518066261106,81.56174924276849,3660400
2026-06-25,81.60150909423828,81.66115721351913,81.60150909423828,81.62139432866351,4011800
