Date,Close,High,Low,Open,Volume
2016-01-04,90.28609466552734,91.02949604003709,90.18945452865394,90.64292982084108,10591900
2016-01-05,89.92184448242188,90.32328197178978,89.69882743613081,89.86237100139627,6242600
2016-01-06,91.133544921875,91.15585172076653,90.73211328903886,90.91796357789663,8916900
2016-01-07,91.2970962524414,91.38630643502471,90.5388295514363,91.20045614175179,10202200
2016-01-08,91.70599365234375,91.7877682569542,90.86595214426663,91.0146301499025,9577200
2016-01-11,90.70240020751953,91.28225235244588,90.59088887079473,90.72470134052405,10040300
2016-01-12,92.01077270507812,92.41964567231531,90.80646627740056,90.94770866196302,12897700
2016-01-13,92.917724609375,93.29686085110937,91.63907349740944,91.83235941872327,15577600
2016-01-14,92.0479965209961,92.9029095941195,91.69116121621506,92.53120875117061,12873800
2016-01-15,93.48273468017578,93.63884830798364,92.98465705740269,93.22254530049604,13976300
2016-01-19,93.19281005859375,93.72062442919747,92.88801272914054,93.02182522251213,8926600
2016-01-20,94.17408752441406,95.09590365222746,93.98080157655396,94.39711020822973,17283300
2016-01-21,93.53475952148438,94.62756043555409,93.42324818238907,94.36737109213328,11001600
2016-01-22,93.17791748046875,93.31916554432469,92.56832863308784,92.85826036197687,10164300
2016-01-25,93.68344116210938,93.86929151058116,93.40838627626074,93.63140329140538,5738200
2016-01-26,93.72806549072266,94.01055602797994,93.48274162663675,93.66115640428853,5692600
2016-01-27,93.70574188232422,93.88415661719307,93.06641627136683,93.48271920996154,7957800
2016-01-28,93.83955383300781,93.97336630134578,93.26713162390014,93.3266050924286,10575400
2016-01-29,94.63495635986328,95.05125913479411,94.35246032970313,94.71673092946754,13170700
2016-02-01,94.34526824951172,94.64319397624084,94.06224193447238,94.43464767226864,9948400
2016-02-02,96.09561157226562,96.11049962396238,95.33590043350712,95.41038615169079,10400000
2016-02-03,95.29861450195312,96.78079325047256,95.27627106958167,95.54440362295905,13309000
2016-02-04,95.76042175292969,95.77530980045711,94.97091768448797,95.49973317721673,9953500
2016-02-05,95.87211608886719,96.08066235377487,95.03047564232746,95.253921316134,9200800
2016-02-08,97.9352798461914,98.03955301396634,96.5871613247058,96.61696015259744,14452200
2016-02-09,98.0395278930664,98.35979133884081,97.54050562051468,98.3448919287127,15232100
2016-02-10,98.90350341796875,98.94074626193654,97.6522256880779,98.09166169810479,12797100
2016-02-11,99.59615325927734,100.7357134710504,99.0673323136903,100.13241822539607,21620200
2016-02-12,97.94269561767578,99.15674179328512,97.51814767960883,98.79178012889003,13888400
2016-02-16,96.90743255615234,97.38411150010279,96.68398681509878,97.36176806248967,11766000
2016-02-17,96.3115234375,96.69882839937681,95.86464358756432,96.55731246917668,13157300
2016-02-18,97.49581909179688,97.57030478645737,96.3488144025062,96.38605724983645,10196700
2016-02-19,97.57772827148438,98.18103499543723,97.36918200823611,97.5255973881318,8188700
2016-02-22,97.52558135986328,97.65219790138903,97.34682257863552,97.64475388068179,5054300
2016-02-23,97.92033386230469,98.12143607770089,96.66160105821197,96.73608672759352,8320700
2016-02-24,97.72669982910156,99.35038307698298,97.53304160931897,98.61301576725795,9091200
2016-02-25,98.07674407958984,98.73218164399566,97.80862292860735,97.9277840962935,6097200
2016-02-26,97.130859375,97.42877939508486,96.85527142325522,97.05637368751866,9245000
2016-02-29,97.555419921875,97.69693594387981,97.13832724539118,97.17557009827503,8016100
2016-03-01,95.83760070800781,97.64347389824245,95.75552694947862,97.62108807564695,13729100
2016-03-02,96.23307037353516,96.24052851582438,95.67340226697023,95.75548737805882,7047700
2016-03-03,96.58380889892578,96.96439059194266,96.09130949825385,96.31517907300267,6394800
2016-03-04,95.96444702148438,96.35994497920878,95.33761566541519,96.07637610896151,8687000
2016-03-07,95.9345932006836,96.01667832829955,95.55402291072548,95.85250807306764,5493300
2016-03-08,96.99422454833984,97.74791832602237,96.97183873182239,97.27033526285253,7175400
2016-03-09,96.40473937988281,96.7778516082211,96.12117044267161,96.32265423418913,7194700
2016-03-10,96.00924682617188,96.88978626995801,95.45703659747875,96.63607267291613,10091600
2016-03-11,95.03910064697266,96.17336445304947,94.9271658947201,96.12859282944366,8927000
2016-03-14,95.33761596679688,95.80773521540533,95.26299467716308,95.38238760192927,5177000
2016-03-15,95.42717742919922,96.00923726308083,95.22569933945444,95.88983862231316,6413200
2016-03-16,95.710693359375,95.90471890135215,95.04656009798232,95.33012318980323,9728900
2016-03-17,96.1062240600586,96.5166497086454,95.88236587581065,95.89728216377428,7805500
2016-03-18,96.30764770507812,96.64344615835172,96.0390066651648,96.29272003995176,8198600
2016-03-21,95.56891632080078,95.97933042525717,95.33011916735889,95.7032311797556,5514800
2016-03-22,95.54654693603516,96.27785489146264,95.45700367066783,96.13607046364551,4997900
2016-03-23,96.62860107421875,96.87485649111599,95.73312269041764,95.82267736068614,10628200
2016-03-24,96.66590118408203,97.48675255675005,96.26294502889617,97.44198091578278,6343300
2016-03-28,96.79273223876953,97.12853080376038,96.47184995739532,96.54647692138263,5058700
2016-03-29,97.80762481689453,97.82254110468294,97.02408702179176,97.2927282262133,9396700
2016-03-30,96.77784729003906,97.06141621459756,96.24802293938733,97.03156086123295,8478700
2016-03-31,97.46428680419922,97.61352928052072,96.8523778488687,96.99416218663899,7832300
2016-04-01,97.7186050415039,98.05511076225217,97.13534519363974,97.94293838531347,9341400
2016-04-04,97.7784194946289,97.93545624461225,97.4120194281125,97.80085168604555,5145100
2016-04-05,98.8477554321289,98.97487501089785,98.5411668780026,98.71315084809362,6482800
2016-04-06,98.12987518310547,98.45889588005879,97.76347510609877,98.35420851376158,6393700
2016-04-07,99.34122467041016,99.4459119883012,98.713089353002,98.847693853183,5963300
2016-04-08,98.71311950683594,99.00474936790654,98.43644824147971,98.83276545242013,5584800
2016-04-11,98.58599853515625,98.84023760827742,98.04012960520429,98.19716633275866,4805500
2016-04-12,97.905517578125,98.36914272254938,97.60641415145355,98.01768992067504,4276000
2016-04-13,98.24949645996094,98.39157458067822,97.59894023358629,97.72605976000062,5207900
2016-04-14,97.7784194946289,98.18969535404545,97.57652977187911,97.89059186177897,6967000
2016-04-15,98.61589050292969,98.82526514607314,98.1447918508258,98.1746976241053,5831100
2016-04-18,98.18964385986328,98.2868575783976,97.70359808731344,98.20460244965184,4486600
2016-04-19,97.88310241699219,98.18969089919892,97.42696219543735,98.01770696945192,5212200
2016-04-20,96.80630493164062,98.44391157463576,96.66422681232474,98.07751159330971,10920700
2016-04-21,96.23055267333984,96.51470901181115,95.93143773545735,96.04361011593886,11154200
2016-04-22,95.98375701904297,96.39503279832492,95.8940282708595,96.35016842423317,5826400
2016-04-25,95.58744049072266,96.10340361644914,95.58744049072266,95.75942439594326,5539500
2016-04-26,95.15377044677734,95.53513489627235,95.05656236182297,95.53513489627235,7840000
2016-04-27,96.1034164428711,96.32774975487513,95.43042221189212,95.65474981886304,8380100
2016-04-28,96.499755859375,96.56705244542157,95.74450058240065,95.8716315694693,7974600
2016-04-29,96.7464599609375,96.99322536308821,95.8640856674839,96.05102811668338,7416300
2016-05-02,95.77242279052734,96.58163622770202,95.75743979131971,96.40181737113,11035200
2016-05-03,96.978759765625,97.42084116971395,96.91882776365344,97.06868063466474,10736700
2016-05-04,97.51075744628906,97.53323480686554,96.7989476842696,97.16608552904657,7211200
2016-05-05,98.16263580322266,98.20760196293017,97.18108616091168,97.45082595393971,7870400
2016-05-06,97.74302673339844,98.05023255818851,97.62313986035234,98.04274391601369,7232500
2016-05-09,98.05020904541016,98.07268639958596,97.64560523720681,97.75050336770684,4950800
2016-05-10,98.05773162841797,98.24505060008258,97.89289001870969,98.04275434247555,4331900
2016-05-11,98.61225128173828,98.90446857247136,97.90044110513705,98.02781670027211,9256000
2016-05-12,98.16263580322266,98.28252269635588,97.84794128353052,97.90039608666758,6087400
2016-05-13,99.11422729492188,99.144204737103,98.3274852168098,98.51480421478676,8707300
2016-05-16,98.2599868774414,98.64961333181104,98.14010005562973,98.63462462082543,5137000
2016-05-17,98.42488861083984,98.77704921969888,98.31250179228637,98.31250179228637,4449100
2016-05-18,97.0237045288086,98.04271983331189,96.58912329554586,98.01274240589312,12681000
2016-05-19,97.44332122802734,97.65311753986305,97.14360404466098,97.16608140428326,6209400
2016-05-20,97.51821899414062,97.70553790226077,97.06866047447552,97.14358117790029,5348900
2016-05-23,97.73553466796875,97.95281961384295,97.3459080607366,97.67559123354526,6979700
2016-05-24,97.3009262084961,97.5481885191476,96.83637901256547,97.38334697871326,5968200
2016-05-25,96.93376922607422,97.59313533450683,96.8888145246878,97.27844099176498,6367400
2016-05-26,97.43579864501953,97.74300439961465,97.25597980957957,97.26346845004328,5419300
2016-05-27,97.2934799194336,97.60067434847232,97.18108167491836,97.45832153162164,5267600
2016-05-31,97.52572631835938,97.73552259640859,96.641575061118,96.6715524911477,8344300
2016-06-01,97.92140197753906,98.55960003392835,97.6886508966213,98.07907834723147,9874900
2016-06-02,98.62721252441406,98.87498323523661,98.2593084768511,98.28183204542174,5835400
2016-06-03,100.03121948242188,100.03121948242188,99.5582131597225,99.75342120904735,11077200
2016-06-06,99.28789520263672,99.77592093763134,99.18278143864367,99.69333073331245,7573700
2016-06-07,99.52815246582031,99.84349376458336,99.51313294020075,99.58821911175727,4680200
2016-06-08,100.06123352050781,100.18135535191767,99.64077846922106,99.76090030063091,5313200
2016-06-09,100.70693969726562,101.01476550735062,100.5567673529806,100.84959655041158,6820300
2016-06-10,101.1949462890625,101.60789724458664,100.80451888960884,101.2024503222396,6984600
2016-06-13,101.6454086303711,101.65291266120842,101.18741070551039,101.42766571419673,7283300
2016-06-14,101.5704116821289,102.2761807227659,101.525364544479,102.25365715394095,9012500
2016-06-15,101.96076965332031,102.28361489030632,101.59286585291818,101.7505421835299,7953200
2016-06-16,102.45633697509766,103.28222754458254,102.24609799493956,102.66656449871496,10372700
2016-06-17,101.8181381225586,102.31367933432463,101.55534799180792,102.26111672555821,8489900
2016-06-20,100.72947692871094,101.02229470934206,100.616847655211,100.78954358326898,7365900
2016-06-21,100.26396179199219,101.04481683358235,100.20390659483242,100.82707378184283,6005800
2016-06-22,100.42914581298828,100.6018417447555,100.04623377056717,100.23393777388907,5773700
2016-06-23,99.2804183959961,100.09881672369346,99.16780055374419,99.56573220509493,9029100
2016-06-24,101.94579315185547,102.56897179189876,101.58540468821282,102.56897179189876,17155000
2016-06-27,104.4910888671875,104.80643029546032,103.912957187081,103.94299625065707,16577100
2016-06-28,104.70883178710938,105.03918129001504,104.2733570184273,104.69381225534903,14006400
2016-06-29,103.9053955078125,105.21181909152776,103.80778579015836,104.87394282473718,12999800
2016-06-30,104.28834533691406,105.06920044888034,103.68018616611067,104.22077464161231,14698500
2016-07-01,105.736328125,105.9243773577946,104.69829268713725,105.91684804280966,15430200
2016-07-05,107.06024169921875,107.49651750488066,106.58635373352016,106.69919021363019,8840800
2016-07-06,107.2332534790039,107.56422215281651,106.78194195094919,107.40625565754384,14352800
2016-07-07,107.22566986083984,107.7070754153572,106.64647503696912,106.87965423839903,9676400
2016-07-08,108.01548767089844,108.03052334616345,107.0827593118052,107.50398777151999,10355300
2016-07-11,107.06773376464844,107.91772017084813,106.99252094030163,107.60179876231072,8099000
2016-07-12,105.30757141113281,105.9544612374772,105.03678005411389,105.62349274805247,15810600
2016-07-13,106.54869079589844,106.63896223249004,106.02215523917378,106.33807657320858,8181700
2016-07-14,104.99913787841797,105.1871870592924,104.62303951666912,104.76595873055147,10817000
2016-07-15,104.09651184082031,104.63809444019083,103.93854546699893,104.47261023051584,9958600
2016-07-18,103.99873352050781,104.75093037898061,103.6000701037263,104.60802261706587,5955900
2016-07-19,104.58544921875,104.7885455902249,104.10404367431529,104.5102364172651,8073900
2016-07-20,104.01380157470703,104.18680367319172,103.73549235397746,103.97618942870196,6942500
2016-07-21,104.22442626953125,104.2695562582162,103.0434828143473,103.08108348650698,10398400
2016-07-22,104.40489959716797,104.73586796681849,103.70535072902294,103.75048069259161,5811400
2016-07-25,104.32974243164062,104.75097099931129,104.24700028601835,104.51027387962134,4243800
2016-07-26,104.49520111083984,104.9465238813624,104.14919693403874,104.9465238813624,5243400
2016-07-27,105.79644775390625,105.79644775390625,104.85620199897424,104.96903837613166,8508100
2016-07-28,105.60090637207031,105.93939263039097,105.08941806662793,105.15711302276964,7336100
2016-07-29,106.48091888427734,106.57117877803343,105.47297847864755,105.6459804342154,8766700
2016-08-01,105.32650756835938,105.87661058167568,105.2059335795708,105.33403913069549,9809300
2016-08-02,104.24136352539062,104.94217826773743,103.61589890128558,103.86457843847685,10051200
2016-08-03,104.30167388916016,104.58049123640683,103.92488871782317,104.44485409403954,4930600
2016-08-04,105.0853500366211,105.62038987662035,104.94971293549213,105.09289309683986,5646000
2016-08-05,103.99267578125,104.88188299687876,103.85703867997812,104.78392670103821,7778600
2016-08-08,104.18862915039062,104.39962792181963,103.4802827026336,103.6912814740626,5185200
2016-08-09,105.21343231201172,105.2887939061315,104.45986236507322,104.52769239920698,5503200
2016-08-10,105.62045288085938,105.8841956787926,105.10048735256275,105.42451717537122,5843500
2016-08-11,104.67843627929688,105.56011200851754,104.39960749416089,105.5450373853449,7624600
2016-08-12,105.56014251708984,106.14792650644928,105.40188767445997,105.80882212775295,7989600
2016-08-15,104.56546783447266,105.2210821727995,104.55793626684188,105.00254022716504,5108600
2016-08-16,104.28658294677734,104.85929217812206,104.16600895115664,104.73118661973847,6182700
2016-08-17,104.91207885742188,105.07786527613155,104.36950721411253,104.46747505205165,5002000
2016-08-18,105.0777587890625,105.31889510917813,104.58793159433618,104.89689792505513,3805200
2016-08-19,104.5277328491211,104.78394397057264,104.06805454366071,104.47497741310909,5516300
2016-08-22,105.409423828125,105.60534797887846,105.02509559203232,105.23609436932709,5549700
2016-08-23,105.5224380493164,105.94443553699485,105.25115230744183,105.70329904342252,6841400
2016-08-24,105.27374267578125,105.64299617129983,105.04013778010176,105.575177620664,6027800
2016-08-25,104.87435913085938,105.33403739429077,104.71611583443034,104.94217768647181,5855500
2016-08-26,104.2640151977539,106.0198358486083,104.15851578733479,105.29640310675337,12962500
2016-08-29,105.65815734863281,105.76365679112534,104.90458661694991,105.0326922615068,7310400
2016-08-30,105.25114440917969,105.69574805043626,105.25114440917969,105.62792949469915,5161800
2016-08-31,105.40190887451172,105.62798233863788,105.00251740393757,105.24366549862523,7349700
2016-09-01,105.51815032958984,105.7672823447137,104.61222305972414,104.64996090970546,9149100
2016-09-02,104.65751647949219,104.97459044428723,104.31023841167469,104.90664849172188,8397000
2016-09-06,105.41999816894531,105.75217416987716,104.56691085014214,104.71790831928539,8542600
2016-09-07,105.34455108642578,106.00890341403162,105.34455108642578,105.97115402823671,5421800
2016-09-08,104.02338409423828,105.14070580696092,103.62326602126771,104.83117702764615,14301500
2016-09-09,102.30962371826172,102.76258147817266,102.22657973435494,102.72484363779556,13347700
2016-09-12,102.36250305175781,102.54369313723596,102.03788377470431,102.15867716502308,9096600
2016-09-13,101.19992065429688,102.67205442487229,100.67900912328689,102.57390833366917,15645400
2016-09-14,101.35083770751953,101.84910157377514,101.19985179881716,101.19985179881716,7037700
2016-09-15,100.91300964355469,101.19989104498471,100.42984763664096,100.86771500532699,9874500
2016-09-16,101.72832489013672,101.77361951821271,101.32820698281436,101.59998627075863,7507900
2016-09-19,101.39611053466797,101.81887559596241,101.35081592374127,101.55465319239536,7105900
2016-09-20,101.7509994506836,102.35495486556121,101.66795543714429,102.03032407827429,6054800
2016-09-21,102.57392120361328,102.58902326249961,101.29806793586859,101.61515357500274,10698100
2016-09-22,103.38922882080078,103.64590614799847,103.04950747368709,103.17784613728593,12426200
2016-09-23,103.2909927368164,103.68355360919766,103.20794879852787,103.44952383387934,5928800
2016-09-26,103.9478759765625,104.05356730442897,103.44206665609504,103.4798160273668,8661300
2016-09-27,104.71029663085938,104.78579532584439,104.14409097692234,104.62725267416927,9450400
2016-09-28,104.48383331298828,105.05003908206767,104.34794945776244,104.55933202332655,7958700
2016-09-29,104.74809265136719,104.98967936737715,103.76666677668187,103.84971077037422,8319800
2016-09-30,103.81195068359375,104.66503784709386,103.32878882096702,104.59709591004184,11747100
2016-10-03,103.46934509277344,104.19539777708813,103.43152780521882,104.12732204340344,7588800
2016-10-04,102.2593002319336,103.49206104889504,102.22148293418702,103.32567417098532,12048700
2016-10-05,101.78282165527344,102.1609715299593,101.43491869286638,102.11559539143194,8917700
2016-10-06,101.21561431884766,101.86603267721549,101.1021624127226,101.32149584043218,7839900
2016-10-07,101.28363037109375,101.56345750072866,100.65590038443544,101.2911892118192,9953200
2016-10-10,100.68619537353516,100.7088834441614,100.21728165341514,100.47443235421092,6089100
2016-10-11,100.45928955078125,101.00382625265925,100.26265578518765,100.48197761834138,9670400
2016-10-12,100.5576171875,100.60299332486917,100.0130804586338,100.33828380325825,7582400
2016-10-13,100.93572998046875,101.29118010604888,100.86765425920005,101.07185834257852,7080600
2016-10-14,99.52147674560547,100.55004481980443,99.47610060913193,100.03576655281387,11415100
2016-10-17,100.15672302246094,100.39118552794518,99.89958399862869,99.90715437829093,10595900
2016-10-18,100.4819564819336,100.50464454472129,99.70296888564955,99.72565694843725,7151000
2016-10-19,100.56517028808594,100.7920625021944,100.07358010769876,100.11138585986902,6941300
2016-10-20,100.6709976196289,101.1550286972071,100.51216969314038,101.07183531480095,6082300
2016-10-21,100.82232666015625,101.13241235447849,100.48955289456356,100.9811546992689,9222700
2016-10-24,100.38363647460938,100.92817307618287,100.05086282473499,100.89792617174672,6507500
2016-10-25,100.64842224121094,101.0114430707467,100.20220793613323,100.23245486350118,5134700
2016-10-26,99.9676742553711,100.43658784846384,99.82398702706902,100.17944875754532,5842500
2016-10-27,98.87862396240234,99.12820424073166,98.36433418093723,99.12820424073166,10044700
2016-10-28,98.65928649902344,99.02230709779258,98.56853423438534,98.61391036670439,7541000
2016-10-31,99.26434326171875,99.29459017434999,98.85594646999523,98.99207488716358,7047500
2016-11-01,99.27193450927734,99.71901179376836,98.41569253801029,98.62785971339008,12622400
2016-11-02,99.70382690429688,100.10542977566902,99.28706593525763,99.49165978592067,8666200
2016-11-03,98.93856048583984,99.30227407746234,98.84005014471947,99.0749487468558,6085400
2016-11-04,99.82503509521484,99.862912983323,99.36281155037366,99.4688950739977,7622600
2016-11-07,98.97640991210938,99.26435601879932,98.84002169035728,99.07492022487031,5386700
2016-11-08,98.57479095458984,99.42347103597059,98.28685645687695,99.27949800599343,7576500
2016-11-09,94.39205932617188,96.51374235436865,94.12685039292757,96.40007973122933,31233500
2016-11-10,92.99781799316406,94.68758195570612,92.99023894306009,93.9374178668101,22961200
2016-11-11,92.47498321533203,93.24030548585554,92.17946382217264,93.17210558990692,10040200
2016-11-14,91.92182159423828,92.94477949297666,91.4823349517219,91.8990902242435,21174400
2016-11-15,92.37648010253906,93.05844438581006,92.27796978255213,92.61137865428253,11963700
2016-11-16,93.21001434326172,93.30851890098259,92.57350690094549,92.67201723978954,9149500
2016-11-17,91.83843994140625,92.5279887761705,91.67931462133444,92.40674713357119,11221600
2016-11-18,91.57327270507812,92.42194724573322,91.1868220200067,92.16431152864482,13577700
2016-11-21,91.80057525634766,92.05063186010261,91.60356043692367,91.84603799116823,6488100
2016-11-22,91.77024841308594,92.2627824829247,91.59596499226795,92.1870093447464,9989900
2016-11-23,91.41410064697266,91.6186944621478,90.36083850549873,90.92156661839175,13563500
2016-11-25,91.55049896240234,91.90663905822252,91.23224832486417,91.83086592277814,3126300
2016-11-28,92.22491455078125,92.2400726506271,91.75511173462074,91.99759508318454,8555000
2016-11-29,92.61141967773438,92.74781375103055,91.84609705639895,92.02038062049252,8363000
2016-11-30,91.11100006103516,91.69446530190011,90.53511964861892,90.90641203209346,21163500
2016-12-01,90.14900970458984,90.34641766093793,89.32139431297374,89.98196774704383,21715700
2016-12-02,90.8095703125,91.2727299615227,90.46030342505817,90.48308081880904,12487500
2016-12-05,90.71090698242188,91.41703546919221,89.93644049095555,90.30089633273307,12100100
2016-12-06,90.64256286621094,91.06776228508744,90.44515485001942,90.61219106537486,11526600
2016-12-07,91.41699981689453,91.58404177119559,90.97661753606931,90.97661753606931,10392200
2016-12-08,90.33882141113281,90.58937853341709,90.18696246584157,90.46789717001053,12041100
2016-12-09,89.21512603759766,90.2477441300549,89.04808402369592,90.08070211615315,14646400
2016-12-12,89.38213348388672,89.44287706414612,88.74433747681641,89.04045518954763,9496300
2016-12-13,89.7010498046875,89.96679579013612,89.16955783379028,89.8984635908042,12189200
2016-12-14,88.69881439208984,90.5134875029735,88.68363138801139,90.41478349439173,16618400
2016-12-15,89.14678192138672,89.81494409492379,88.8582527385188,89.26066892217341,12400500
2016-12-16,88.94175720214844,89.53399266746914,88.68360565791204,89.2986185191563,14924600
2016-12-19,89.89847564697266,90.03514585679319,89.39734961335446,89.5795804216677,10868300
2016-12-20,89.45048522949219,89.51882322043589,89.12399565522942,89.31381504043271,7030600
2016-12-21,89.84529876708984,89.89844795493543,89.38973347229526,89.53399224340356,4624700
2016-12-22,89.6846694946289,89.8293117704444,89.44867909345099,89.47151612479159,5177800
2016-12-23,89.86737823486328,90.12620566989764,89.79124705232961,90.01201470409092,4461600
2016-12-27,89.5781021118164,89.6009391455285,89.24314927071526,89.38778575355659,5276600
2016-12-28,90.2328109741211,90.49925277351235,89.60095912985352,89.72276441414417,7578600
2016-12-29,90.55250549316406,90.79611015787026,90.33174366626844,90.43832034407782,8581400
2016-12-30,90.68952178955078,91.08538294866496,90.37740607562672,90.42308012937352,10613900
2017-01-03,91.07778930664062,91.34423102718785,89.96634255236228,90.1414361447184,13217300
2017-01-04,91.42801666259766,91.5345934044141,90.93319275673744,91.1691890918997,6699600
2017-01-05,92.85917663574219,92.89723642938415,91.481282006807,91.69443543678716,13265800
2017-01-06,92.00656127929688,92.52422212185968,91.92282159829439,92.21210043666939,8369300
2017-01-09,92.74494934082031,92.87436304294542,92.46327909973058,92.78300911956664,8839100
2017-01-10,92.68407440185547,92.80587966939973,92.32627868843771,92.53182362541996,8417900
2017-01-11,92.99620056152344,93.39967036587268,92.4252514101624,92.82872121451165,9402500
2017-01-12,92.7906494140625,93.74223126941058,92.74497534356411,93.48340379259338,9977600
2017-01-13,92.34909057617188,92.68404916270994,91.82382147491101,92.36431913446538,9820000
2017-01-17,93.31591796875,93.5899739886754,92.86676834409671,93.49100576548359,7853300
2017-01-18,92.1207275390625,92.84392734475657,92.04460216077798,92.69928506042012,9064700
2017-01-19,91.48889923095703,91.7934066298623,91.00930399807822,91.72488970631073,11795600
2017-01-20,91.3061752319336,91.58783971681957,90.8113515533038,91.23004404445658,16953200
2017-01-23,92.21968078613281,92.77540702757585,91.36706153328664,91.61066620438648,13118400
2017-01-24,91.58784484863281,92.2120822881599,91.19960364911823,91.9380262602705,8395000
2017-01-25,90.4383316040039,91.04734043759674,90.2556237267314,90.80373574256079,11115100
2017-01-26,90.74281311035156,90.7884929735955,90.08051607723887,90.52205130464252,7827900
2017-01-27,91.0701675415039,91.22242408929817,90.78088881268494,90.89507977153228,7197800
2017-01-30,90.79611206054688,91.2604843698732,90.74282372052551,90.9255315788789,6569500
2017-01-31,91.42801666259766,91.65639871391679,90.7809419278559,90.84184458260725,13298500
2017-02-01,90.86262512207031,91.19067681839383,90.46591428538677,90.86262512207031,10975500
2017-02-02,90.82451629638672,91.65608612096462,90.78636843521218,91.49587558101511,6978600
2017-02-03,90.7863540649414,91.45008832871173,90.38201241089745,91.12203656439475,10275600
2017-02-06,91.33565521240234,91.6484455222977,90.8779100302981,91.36617233394874,8433800
2017-02-07,92.00701904296875,92.31981518911032,91.14493214305855,91.38143257123168,8418400
2017-02-08,93.25819396972656,93.28108035738538,92.62498256916328,92.63260748468541,15734200
2017-02-09,92.18248748779297,92.76229534226235,92.05279408512581,92.62497702452949,16890600
2017-02-10,92.12911224365234,92.27406134146531,91.63321904659287,91.63321904659287,7978500
2017-02-13,91.8392105102539,91.86210272613148,91.45775506663514,91.74003419031037,11536800
2017-02-14,91.17546844482422,91.7781686561667,90.65668888446281,91.73239005164693,13210500
2017-02-15,90.7558822631836,90.9542407319589,90.51938174077159,90.60330240754006,8481000
2017-02-16,91.25176239013672,91.70950771172821,90.87793772323423,90.95422764007488,10005800
2017-02-17,91.79338836669922,92.08329225258474,91.64843351348394,92.0146331035112,7886400
2017-02-21,91.63318634033203,92.01464161414225,91.24410033129287,91.30513457203344,8703800
2017-02-22,91.78580474853516,92.17489092131632,91.23650799179656,92.1596352649838,8101500
2017-02-23,92.06044006347656,92.11384358388437,91.80105319879493,91.98415015154356,5330800
2017-02-24,93.08274841308594,93.18192472176911,92.51056531262286,92.57922449081563,11336000
2017-02-27,92.5334701538086,92.99884630061136,92.487697359221,92.93018128818132,11039800
2017-02-28,92.87671661376953,93.13610919362186,92.55629562149149,92.69361973540276,8410500
2017-03-01,91.32051086425781,91.38166268485999,90.92302986210227,91.29758038947165,10717100
2017-03-02,90.99175262451172,91.12169576308972,90.67071457681766,90.96882216849839,8201200
2017-03-03,91.22874450683594,91.22874450683594,90.61724405500105,91.13702264652657,9515200
2017-03-06,90.79307556152344,91.05296785155703,90.59433508464573,91.05296785155703,4489200
2017-03-07,90.51787567138672,90.71661609872594,90.3879324746388,90.56374243569972,7080100
2017-03-08,90.0286865234375,90.15862973977438,89.608280970861,89.66942694623539,11336300
2017-03-09,89.3101806640625,89.79938936218413,89.25667428279644,89.69237076789383,10575400
2017-03-10,89.62355041503906,89.67705677903153,89.18785407059868,89.53946815280003,9218500
2017-03-13,89.05787658691406,89.50121236140131,89.04258572780006,89.30247784695166,6993100
2017-03-14,89.48599243164062,89.70001796089956,89.21081508494818,89.25667603214416,9869200
2017-03-15,90.57904052734375,90.83128735628215,89.76115406555701,89.86052137767338,14600500
2017-03-16,90.12037658691406,90.31147153055393,89.91399078200027,90.18916796738208,8018200
2017-03-17,90.6860580444336,90.77014032517015,90.21978569917,90.28093750911616,7266800
2017-03-20,91.07588195800781,91.13703376017526,90.57903377097179,90.61725510526566,5497800
2017-03-21,91.83258819580078,91.95489176236445,90.97648072512024,90.99941701766721,12540700
2017-03-22,92.19949340820312,92.61989879838757,92.05425938030493,92.27593022171347,11661400
2017-03-23,92.069580078125,92.50527649885365,91.77147230771895,92.36004824644898,6746500
2017-03-24,92.39825439453125,92.56641893142331,92.03135525200014,92.13072255481966,5819600
2017-03-27,92.81864929199219,93.23141512802711,92.63519975322856,93.12440241110203,6878500
2017-03-28,92.19949340820312,93.11674683383741,92.10012030206012,93.09381637295981,6811200
2017-03-29,92.74987030029297,92.78044620138928,92.39825618532065,92.44412295284353,6291000
2017-03-30,92.00076293945312,92.55875698677418,91.97018704440386,92.54347195512739,7042400
2017-03-31,92.26829528808594,92.34473211029241,91.88610534529786,91.93961170401796,5144800
2017-04-03,93.19896697998047,93.35217007283435,92.22615217778511,92.26444856792325,12996500
2017-04-04,92.6934585571289,93.13773314225318,92.64749468383071,92.96921842050448,6976700
2017-04-05,92.9768295288086,93.08406877481306,92.19551418733316,92.34871144045364,8555200
2017-04-06,92.83898162841797,92.99984639691203,92.31810260672547,92.86962225841195,6497000
2017-04-07,92.46363830566406,93.64327618756037,92.44832091368458,93.3292141330097,10270000
2017-04-10,92.89262390136719,93.16072801810725,92.68580690364912,92.79304621270353,5314500
2017-04-11,93.77347564697266,93.94965776192718,93.23727937380856,93.29856061762761,11297400
2017-04-12,94.28675079345703,94.36335531730573,93.67395551140002,93.84247611329972,11532500
2017-04-13,94.57781982421875,94.78463681303074,94.14886260647312,94.5624965840971,8396700
2017-04-17,94.28675079345703,94.63911523966802,94.1105744144562,94.57017233702511,8015000
2017-04-18,95.51994323730469,95.73442757506602,94.63905025892693,94.8765077563226,11529700
2017-04-19,94.99909973144531,95.11400063696502,94.75398052691793,95.06038099360286,7344000
2017-04-20,94.63136291503906,94.92243995671322,94.32496264564051,94.61603968731465,7932900
2017-04-21,94.63136291503906,95.16755900341226,94.5930606898271,94.84584135038834,9798500
2017-04-24,94.16413116455078,94.34031326995073,93.80411118176448,93.87305403834733,8066400
2017-04-25,93.0304946899414,93.80415463833533,92.97687504069253,93.61265505614598,8122300
2017-04-26,93.54373931884766,93.55905671750624,93.01519848150247,93.08413554162325,5766200
2017-04-27,93.51306915283203,93.71988611200149,93.13007002213803,93.26028832398929,4978300
2017-04-28,93.71987915039062,93.78882202772793,93.10708409326105,93.14538049702398,8166300
2017-05-01,92.94075012207031,93.75440197814419,92.65673680612618,93.4089852843071,8795900
2017-05-02,93.41667175292969,93.47808099679719,92.83330150511188,92.85632850748523,6727800
2017-05-03,93.47808074951172,93.94631598422407,93.30153649424446,93.8158257335817,8932900
2017-05-04,93.01750183105469,93.0482064458751,92.62602531247744,92.88701161029776,9707200
2017-05-05,93.10198211669922,93.24015002062352,92.79494167949973,93.17106314050675,5605400
2017-05-08,92.59532928466797,92.98680583954956,92.51857066865179,92.96377884037541,8057800
2017-05-09,92.58765411376953,92.5953258756738,92.21920457162695,92.40342641454484,5536700
2017-05-10,92.48023223876953,92.92543473687839,92.23460105293692,92.8102996937611,6517000
2017-05-11,92.48023223876953,92.5493132646399,92.04270150599554,92.11178253186591,7479800
2017-05-12,93.17871856689453,93.2554771938333,92.8640064395532,92.88703344200404,7463900
2017-05-15,92.9254150390625,93.04055591408229,92.68746152531426,92.9254150390625,5173200
2017-05-16,93.2708511352539,93.56253631863179,92.96381070962461,92.96381070962461,6722700
2017-05-17,94.6294937133789,94.82907086100634,93.94633186651335,94.13055377246471,11236400
2017-05-18,94.73697662353516,95.13613100155446,94.56043230181547,94.99028545693471,8350500
2017-05-19,94.95954895019531,95.01328057655012,94.42223268664735,94.69089081842132,11277400
2017-05-22,94.69860076904297,94.84444045819208,94.61416449075713,94.72930540262963,4062900
2017-05-23,94.06143188476562,94.89043888581176,94.01537789236515,94.80600266220672,7901300
2017-05-24,94.59112548828125,94.61415249647459,94.06148087459711,94.26105803945494,7355200
2017-05-25,94.62177276611328,94.62945038343581,94.230302127256,94.42987332719285,6464800
2017-05-26,94.7829818725586,94.9825530902331,94.60643179628553,94.83671348597967,2963800
2017-05-30,95.2512435913086,95.28962583809603,94.98258543272249,95.20518958021059,4819400
2017-05-31,95.48922729492188,95.68112686510607,95.20521382277761,95.22056906792601,8000200
2017-06-01,95.49921417236328,95.52998385381383,95.12229584484822,95.1530596575821,9037300
2017-06-02,96.62992858886719,96.74530750296648,96.19147110914835,96.32223779093678,13245000
2017-06-05,96.0299301147461,96.27608745119586,95.98377854851873,96.07608754968739,6775500
2017-06-06,96.55299377441406,96.8222268690408,96.46069065050854,96.68376631446915,12841500
2017-06-07,96.09149169921875,96.55302507450409,95.99149465966677,96.33764322395194,12852400
2017-06-08,95.837646484375,96.06072222110654,95.61457661635875,96.06072222110654,8758600
2017-06-09,95.69151306152344,95.87612526758407,95.36844023373826,95.44536149720383,5130500
2017-06-12,95.66075897216797,96.14536829282221,95.4915286437346,95.54537412380728,4335800
2017-06-13,95.67613983154297,95.78383079050836,95.37614275032261,95.39153052658459,4742600
2017-06-14,97.15300750732422,97.46838634090979,96.71454999907114,96.86069858934601,20212300
2017-06-15,96.99917602539062,97.17610018380138,96.79148806167953,96.99148213970791,5863700
2017-06-16,97.1915283203125,97.26076158696053,96.92999476984184,96.98384025780452,6672500
2017-06-19,97.05301666259766,97.291480157184,96.94532574325478,97.16840146724073,5641300
2017-06-20,97.92225646972656,97.99917772655863,97.5299504305526,97.5299504305526,8405700
2017-06-21,98.12223052978516,98.1837698701724,97.6222395281038,97.77608201035737,5914800
2017-06-22,98.33763122558594,98.36071288419691,97.9299432875266,98.23763417980092,6608100
2017-06-23,98.29145812988281,98.38376713797344,97.99915507400068,98.0530005282083,4329900
2017-06-26,98.66069793701172,98.89916731360894,98.58378255458116,98.66839769145616,5541600
2017-06-27,97.60687255859375,98.06840597242136,97.39918457642185,98.02225439165333,8354200
2017-06-28,97.28376007080078,97.46837218727981,96.90684195461469,97.43760252308108,7357900
2017-06-29,96.46844482421875,96.70690253495621,96.0761386962982,96.16075385856963,9115800
2017-06-30,96.24532318115234,96.45301110953567,96.03762938405478,96.29916863434167,10189800
2017-07-03,95.9354476928711,96.38252093515153,95.59628787033553,96.35168768939009,11021100
2017-07-05,95.95862579345703,96.0819588467256,95.67342839924987,95.7350890450405,11394500
2017-07-06,95.16463470458984,95.30338137084446,94.75610448751803,95.21088163306126,10853100
2017-07-07,94.59423065185547,94.83318094738547,94.49402113630538,94.6867245051754,9401800
2017-07-10,94.73300170898438,94.88716209144482,94.56342175977291,94.70987823969946,3859200
2017-07-11,94.89485931396484,95.0644392407297,94.58653270901429,94.70215592097585,4425600
2017-07-12,95.55005645751953,95.61172295905581,95.18777311204545,95.4960997388856,7839900
2017-07-13,94.9488525390625,95.31113599812372,94.66364929066805,95.27259295236878,7449300
2017-07-14,95.064453125,95.70422989456537,94.90258295694883,95.65797707452096,6566800
2017-07-17,95.3265151977539,95.57317531114911,95.01818858579965,95.06444140013943,4737300
2017-07-18,96.15896606445312,96.17437974398841,95.75814570730482,95.91230602601435,9163000
2017-07-19,96.19757080078125,96.359441003527,96.03569471719254,96.18215123051425,5140900
2017-07-20,96.47502899169922,96.91439249021654,96.32857253191317,96.72939299969495,12239100
2017-07-21,96.88358306884766,97.14565692361177,96.79108330083795,96.91441632485089,6201500
2017-07-24,96.50586700439453,96.86044645991917,96.47503963341467,96.69857041764679,5378500
2017-07-25,95.24942016601562,95.7273266340833,95.17233999525376,95.68878360828232,9743300
2017-07-26,95.40363311767578,95.65029332863804,94.87177552953911,95.01822617049453,8459500
2017-07-27,94.93341827392578,95.10299234830288,94.67133855744875,94.89487523652444,6390800
2017-07-28,95.49610137939453,95.5731815672184,95.01049090334695,95.01819480554038,5491800
2017-07-31,95.61174774169922,95.61945752659994,95.11842736322244,95.16467431094127,5464600
2017-08-01,96.28301239013672,96.3370863753507,95.13973216172052,95.1551793459435,9676800
2017-08-02,96.33712768554688,96.6924720112738,96.31395395246413,96.38347515171237,5745600
2017-08-03,97.33360290527344,97.3490500903184,96.7619627606473,96.78513648502607,10324500
2017-08-04,96.50702667236328,96.70014887366925,96.12850880801771,96.67697515249203,8485500
2017-08-07,96.61518859863281,96.63836232315963,96.25984440410201,96.43751355455605,4684600
2017-08-08,96.26753997802734,96.54563637014192,95.90446936089882,96.46066214512798,6197400
2017-08-09,96.7928237915039,97.29493666585059,96.71557021672416,97.27948948706681,9221800
2017-08-10,97.61943054199219,97.67350453264135,96.96281022087997,97.04006383062702,10378200
2017-08-11,97.66576385498047,97.6889375771008,96.98597580042146,97.15591839384463,5717800
2017-08-14,97.1636962890625,97.54994091154637,97.12507536298925,97.3259183232707,5111000
2017-08-15,96.75428009033203,96.97830268360457,96.33713518150994,96.35258826718409,7473200
2017-08-16,97.10956573486328,97.34903537541017,96.41432464047678,96.42977771680859,5283800
2017-08-17,97.83572387695312,97.85889760180567,96.95508697081974,97.10185585942676,9364700
2017-08-18,97.81255340576172,98.22197160810308,97.53445691103494,98.09064990048849,8382500
2017-08-21,98.052001953125,98.12152311500485,97.71983153902613,97.92840091828741,7669800
2017-08-22,97.67350769042969,97.95932483869163,97.54218008578765,97.94387765241657,6140700
2017-08-23,98.33782958984375,98.34555023467098,97.92068491791554,98.13698084551787,7446400
2017-08-24,97.97473907470703,98.34553033453258,97.88976484982601,98.01335997189426,5569400
2017-08-25,98.35325622558594,98.45367762995828,98.0056386850795,98.12150726950112,7303300
2017-08-28,98.29145050048828,98.40732497237966,97.89748554712624,98.04425437747622,4448500
2017-08-29,98.60822296142578,99.28029051948705,98.34557363425733,99.23394306500813,7659400
2017-08-30,98.57733154296875,98.67775300122881,98.36875619184347,98.46145700274626,4735200
2017-08-31,98.87088775634766,98.90178803055085,98.54644371765127,98.60051772410067,7978400
2017-09-01,98.11459350585938,98.57129765467268,97.8668882594714,98.54807621059862,14128600
2017-09-05,99.67047882080078,99.70144861731686,98.8422198425032,98.8422198425032,15215700
2017-09-06,99.05894470214844,99.85624556288441,98.88090383633255,99.63950426937451,9066400
2017-09-07,100.0729751586914,100.29746477955936,99.33760215513367,99.33760215513367,13618900
2017-09-08,99.85626983642578,99.9801254089716,99.52342127316611,99.94141906611135,9808500
2017-09-11,98.66419219970703,99.12090226753179,98.50937863088186,98.98156769328548,17856700
2017-09-12,98.14557647705078,98.37779686868826,97.94431407969023,98.34683887441132,7557400
2017-09-13,97.75853729248047,98.24620543363137,97.75079484097519,98.2384688878862,6740000
2017-09-14,98.1610107421875,98.17649563802958,97.78945592258114,97.8204198085079,6674500
2017-09-15,98.19976043701172,98.31587358406851,97.95205514597855,98.30813113272873,9769200
2017-09-18,97.63465118408203,97.97524807476879,97.41016740665287,97.921062742683,6863000
2017-09-19,97.39472198486328,97.77401944020235,97.32505763635133,97.75079799069837,5554900
2017-09-20,97.46435546875,97.57272612939043,97.0153879285207,97.51079835023646,8037000
2017-09-21,97.41017150878906,97.96750975128955,97.39469251572339,97.65788264390797,6147800
2017-09-22,97.68885803222656,98.09912524353291,97.58048734418627,97.92108430988982,5660700
2017-09-25,98.30035400390625,98.5170953188803,97.68883049051068,97.78172215653866,9679000
2017-09-26,98.12230682373047,98.22293502009491,97.86685920323941,98.13004336561893,7251900
2017-09-27,96.64384460449219,96.99218399579341,96.4580671392537,96.6593295049549,12145700
2017-09-28,96.35742950439453,96.4890216166879,95.96264726175588,96.14842470886171,8883700
2017-09-29,96.57415771484375,96.7831565762056,96.19485451696232,96.57415771484375,11285500
2017-10-02,96.39730834960938,96.9557745578966,96.36628179162555,96.80839988690113,7860700
2017-10-03,96.49038696289062,96.57570851698054,96.11807418888817,96.11807418888817,6219800
2017-10-04,96.49818420410156,96.63779489352893,96.08708658695042,96.59125799705313,7447000
2017-10-05,96.13359069824219,96.41282380010544,95.93967915070996,96.3895494435245,8180300
2017-10-06,95.86215209960938,96.2577334880964,95.42779193513006,95.62946169051548,10375000
2017-10-09,96.16459655761719,96.22664374201233,95.90087383252713,96.00946380235553,3590900
2017-10-10,96.31975555419922,96.85495338255097,96.19564930855356,96.2887289927878,6666800
2017-10-11,96.50592803955078,96.6920874447369,96.38182768713938,96.62227618836393,4385900
2017-10-12,96.91695404052734,96.94022838869135,96.36624615481882,96.60670041084438,7141600
2017-10-13,97.61508178710938,97.68489302854147,97.08764208738906,97.40565989823591,7746900
2017-10-16,97.54528045654297,97.65387046525025,97.25053107487035,97.36687920354578,5737300
2017-10-17,97.66939544677734,97.80125391746816,97.25830379243978,97.25830379243978,4969600
2017-10-18,97.02559661865234,97.0954078655909,96.7075847004332,96.99457597302617,5943800
2017-10-19,97.19624328613281,97.73919928768865,97.16521672166859,97.52977145698314,8966500
2017-10-20,96.16459655761719,96.3972868139454,95.90087383252713,96.1801068742886,12326900
2017-10-23,96.33528137207031,96.56021954020189,96.19566478211665,96.30426072338057,6871100
2017-10-24,95.73802947998047,95.93969918849336,95.5208494482183,95.69149259252059,6842800
2017-10-25,95.28036499023438,95.38896088956113,94.95459504538462,95.03991659061339,9961400
2017-10-26,94.96237182617188,95.45102683948085,94.96237182617188,95.45102683948085,8179400
2017-10-27,95.59063720703125,95.66044844309975,95.2105722213146,95.35794689479513,10480900
2017-10-30,96.50592803955078,96.5369546070818,95.83887163191555,96.07156792954186,9051600
2017-10-31,96.53697204589844,96.69210491157733,96.49043514505163,96.59126706945761,4424300
2017-11-01,96.9667739868164,97.26991613247603,96.61699641266846,96.65585729299451,8940400
2017-11-02,97.39434051513672,97.56533916015835,97.09896681958487,97.16115137972695,7222700
2017-11-03,97.6585693359375,97.7052047686371,97.2699249161255,97.52643165645979,10984100
2017-11-06,98.02388763427734,98.109389873724,97.72074548723657,97.88397541793216,6246700
2017-11-07,98.43585968017578,98.54467964496702,98.0394407054401,98.11717433478525,6422700
2017-11-08,98.21826171875,98.56027085722882,98.10166715515533,98.39703491004876,3356200
2017-11-09,97.93840789794922,98.12495558585792,97.58863024183988,97.83736246913284,6280400
2017-11-10,96.46153259277344,97.03672460673202,96.35271264230134,96.93567920422008,11981000
2017-11-13,96.66361999511719,97.01339752640023,96.62475318931153,97.00562890943266,5880800
2017-11-14,97.31654357910156,97.34763583895786,96.98230919844927,96.98230919844927,6195900
2017-11-15,98.37366485595703,98.45916709509595,97.65856061065219,97.9850204708684,9568200
2017-11-16,97.51863861083984,98.19488190793446,97.51086406345014,97.94614976364255,5894900
2017-11-17,98.24152374267578,98.28039055191856,97.9072893460124,97.9927915821525,6938800
2017-11-20,98.20267486572266,98.23376713274597,97.86844633826999,97.86844633826999,4232300
2017-11-21,98.51355743408203,98.94106854455643,98.17932309232245,98.78560726336505,5818400
2017-11-22,98.832275390625,98.87113627377074,98.33481101651178,98.42031326177278,4140700
2017-11-24,98.56022644042969,98.73899955116319,98.47472419434212,98.66127185387718,3141400
2017-11-27,98.42031860351562,98.75455305397374,98.26485727176566,98.60686627137214,6079900
2017-11-28,98.55244445800781,98.85558660572806,98.30371228730806,98.53689536157755,5983000
2017-11-29,97.58082580566406,97.68964575113607,97.23881687404219,97.59636897062767,14547100
2017-11-30,97.25438690185547,97.5652977099847,96.7258302256948,97.40206775664379,9630000
2017-12-01,98.56675720214844,99.45467533996246,97.43738347082211,98.03712130043903,24583100
2017-12-04,98.61351013183594,98.66024079942734,97.99040683296771,98.07608368512092,9609200
2017-12-05,99.10417938232422,99.30668880374341,98.48886663665405,98.50444748418364,10958900
2017-12-06,99.44693756103516,99.87531600946784,99.43136264789526,99.59492597646286,11834200
2017-12-07,98.66802215576172,99.77403070671197,98.37205138429779,99.64161725678464,13056800
2017-12-08,98.67584991455078,98.71479016791304,98.32535198015948,98.59795752311594,4786100
2017-12-11,98.47332000732422,98.98737521871563,98.45774509767463,98.80823701715269,3863800
2017-12-12,98.43434143066406,98.45771270097922,97.88134021357827,98.27077819256985,7502400
2017-12-13,99.1742935180664,99.22102418170245,98.59792093557473,98.7692746253775,8532900
2017-12-14,99.59489440917969,99.68057126018142,98.75370674971914,98.95621621048261,6885000
2017-12-15,99.9687728881836,100.15569558467546,99.35345398634168,99.54817305165975,7239400
2017-12-18,99.05747985839844,99.6961581337486,98.84718588947086,99.67279279746265,7239700
2017-12-19,97.7723388671875,98.43438251935446,97.41405649004248,98.38765184392167,11045800
2017-12-20,96.68968963623047,97.13364882630837,96.54170125875326,96.82209716220812,10005800
2017-12-21,97.25325775146484,97.4561955932017,96.78494469393054,96.80835945356871,7026900
2017-12-22,97.38595581054688,97.44059224054057,97.19863175841479,97.33131938055317,3974300
2017-12-26,97.6746826171875,97.97908621947775,97.5419950889933,97.54980198915767,3168400
2017-12-27,98.94699096679688,99.11090619098427,98.1118308110674,98.1196377157724,9059700
2017-12-28,98.86112976074219,98.99381735393084,98.63477718446116,98.75965787366137,5297100
2017-12-29,99.01720428466797,99.22014204687606,98.72060752061097,98.7362153692787,7580500
2018-01-02,97.9478988647461,98.74403622247456,97.62008040211536,98.7284224166795,16238200
2018-01-03,98.41621398925781,98.50207205826987,97.94790103868804,98.34596972638737,8605100
2018-01-04,98.40061950683594,98.4708697341729,97.85425531609538,98.07280099239159,9217900
2018-01-05,98.11959075927734,98.4864376908469,97.84640877457255,98.24447735509705,10915400
2018-01-08,98.05717468261719,98.3693853039173,97.69813455234485,98.33816364629506,8850600
2018-01-09,96.7458724975586,97.43273689679984,96.63659969857403,97.41712309413293,16226400
2018-01-10,96.62879180908203,96.73025769944252,95.73899567847317,95.85606941545817,14302600
2018-01-11,97.0268783569336,97.24542399310515,96.2463548249369,96.40246310428941,12511000
2018-01-12,97.19078826904297,97.40153295892367,96.71467438969765,96.86296981247523,9987100
2018-01-16,97.59666442871094,97.78398841145584,97.2220105082991,97.69813034542234,9125900
2018-01-17,97.4639663696289,98.06496681228009,97.253221701158,97.62787558126104,8327000
2018-01-18,96.5585708618164,96.9956621587535,96.42588328309226,96.73028700130521,10843900
2018-01-19,96.05120849609375,96.44147019933473,95.98877114931516,96.31658955085653,11374300
2018-01-22,96.14492797851562,96.55860466578592,95.9966265415982,96.35566679762383,8984700
2018-01-23,96.5585708618164,96.94102574663637,96.19172382834893,96.63662202842342,12325700
2018-01-24,96.03561401367188,96.10585827166926,95.64535225611709,95.88731264022607,9038900
2018-01-25,96.82393646240234,96.9019876165051,95.84828214881475,96.12927106752169,12173300
2018-01-26,96.46487426757812,96.71464744672015,96.08241950812751,96.69122674498533,6462900
2018-01-29,95.79366302490234,95.98098701952307,95.45803764229058,95.98098701952307,12223000
2018-01-30,95.23167419433594,95.51266313159113,94.98970785924736,95.44241291981646,12064400
2018-01-31,95.79366302490234,95.94976536126588,95.1770486728983,95.9029358513413,18045100
2018-02-01,94.40534973144531,95.83668334567885,94.35059955880192,95.79757948940285,18632800
2018-02-02,93.52936553955078,94.06122702254062,93.26343181439465,93.97519016740091,23944400
2018-02-05,94.41316986083984,95.28135540442038,92.79412227338555,93.2086601340045,28606200
2018-02-06,93.82654571533203,94.53830380849357,93.63883172143063,94.18633335669315,10935400
2018-02-07,92.93486785888672,94.11591355285778,92.73150761451988,93.95948030053005,16271100
2018-02-08,92.83320617675781,93.21645726596344,92.17619834222874,92.3013449649274,15155100
2018-02-09,92.2466049194336,93.1460710075529,92.12928143962496,92.37956874513401,15661600
2018-02-12,92.65333557128906,93.31034359141059,92.44215804498067,92.73154924890991,10944600
2018-02-13,93.06782531738281,93.08347162521052,92.59853752695751,92.77061110915433,8157600
2018-02-14,92.03540802001953,92.7158793296668,91.8789807146685,92.65330602059872,12043300
2018-02-15,92.3482437133789,92.9192145619597,92.28567042117216,92.44210365168902,8222400
2018-02-16,92.84886932373047,93.23994366472873,92.55947216315623,93.10697982094634,8454100
2018-02-20,92.44216918945312,92.69245656840617,92.12148531502982,92.51255971760156,8268800
2018-02-21,91.30801391601562,92.52034647391858,91.12812310331175,92.48123666212062,12054300
2018-02-22,91.581787109375,92.02761759062929,91.51139659169543,91.69911060616187,9317900
2018-02-23,92.39520263671875,92.53598960919035,92.07452484611765,92.1996655064704,9072900
2018-02-26,92.4264907836914,93.00528499502774,92.32481362255815,92.8253882066784,8771600
2018-02-27,92.2935562133789,92.80977727346304,91.71476778594167,92.70027095412144,12525700
2018-02-28,92.88013458251953,92.94270789481602,92.48906033164577,92.66113395680135,9311600
2018-03-01,93.51416778564453,93.7492879313874,92.597209980084,92.81665226045537,12287700
2018-03-02,92.75398254394531,93.20854511603412,92.57372888976377,93.1458455931207,10064300
2018-03-05,92.5031509399414,93.10662312647462,92.18965943856664,93.06743444654536,5658200
2018-03-06,92.58939361572266,93.01260639360414,92.57372172588488,92.76181430071384,5452000
2018-03-07,92.48751068115234,93.01260568738027,92.44832198782275,92.92639534553926,4461800
2018-03-08,93.02043151855469,93.25554570734747,92.68342913319955,92.72261184165455,7086700
2018-03-09,92.40914154052734,92.69127741787143,92.15834346403437,92.47183508029534,6570400
2018-03-12,92.94207000732422,92.99693657136412,92.62858436875797,92.72262766858573,5801300
2018-03-13,93.41226196289062,93.55333281880193,92.6285363143505,92.72257956538992,7455300
2018-03-14,94.23522186279297,94.36062090525486,93.55338400231165,93.5768948279344,10175000
2018-03-15,94.23522186279297,94.43115338212309,93.99226869221737,94.18036127655475,6757900
2018-03-16,93.89822387695312,94.05497268748677,93.694459392293,93.89039092094325,6084300
2018-03-19,93.60037231445312,94.02358496298658,93.42011274995888,93.42795168215949,8491200
2018-03-20,93.22420501708984,93.43581438486764,93.13016172417068,93.19286123902002,5446000
2018-03-21,93.32608032226562,93.59254425450737,92.56586525303452,92.99691688384206,9742400
2018-03-22,94.25089263916016,94.68977729603404,93.78849117907804,94.2900753524639,12136600
2018-03-23,94.1803207397461,94.2900418649967,93.74927517036244,93.79629680136901,7250400
2018-03-26,93.81983947753906,94.39979504786355,93.78848971977085,94.04712073684234,8237900
2018-03-27,94.8230209350586,94.92490915674837,93.89822388061907,93.9139017513509,9168500
2018-03-28,95.07380676269531,95.33243779845867,94.79166490174535,95.18352793313638,7412500
2018-03-29,95.53619384765625,95.84184648771803,95.23054120759446,95.25405202923699,9694300
2018-04-02,95.72472381591797,96.10171913761661,95.15923982157604,95.3084620181311,12036500
2018-04-03,94.98641967773438,95.41053702975354,94.90002506942665,95.31628673192637,9855000
2018-04-04,94.79004669189453,95.39480281313418,94.71935748741335,95.30840822550937,6654300
2018-04-05,94.08320617675781,94.46019537997074,94.06749479787831,94.32667862017179,7603700
2018-04-06,95.11206817626953,95.15134062653985,94.42091739330807,94.7664957808561,8831200
2018-04-09,95.26919555664062,95.26919555664062,94.52306060520161,94.75082773824273,6307500
2018-04-10,95.09636688232422,95.33198361767812,94.86074415483546,95.19061117961184,6046000
2018-04-11,95.43408203125,95.73253226922861,95.24558146734671,95.70111550857807,5901300
2018-04-12,94.73509216308594,95.08852029601672,94.5701586349092,95.0649592194394,6622800
2018-04-13,94.95499420166016,95.13563309908982,94.6408325631894,94.65653794865226,4964000
2018-04-16,94.98641967773438,95.00998075415733,94.38951310909977,94.42878556456161,4491300
2018-04-17,95.24562072753906,95.48909922490891,94.89219251077267,94.97073144870555,5590400
2018-04-18,94.4837646484375,95.3005766051309,94.46805326919215,95.2613101412885,8138400
2018-04-19,93.71402740478516,93.87896086110081,93.31347130108551,93.79256628986887,9875800
2018-04-20,93.03860473632812,93.56482198515754,93.01504366431102,93.3763274168865,7579400
2018-04-23,93.06217956542969,93.16428554877682,92.74016821337032,92.93651849871767,7073200
2018-04-24,92.6380386352539,93.03073910592838,92.48881653104849,92.84224455780206,8190800
2018-04-25,92.01760864257812,92.40245355769164,91.84481941763124,92.213958945084,6603800
2018-04-26,92.66167449951172,92.77947993447937,92.35536239218153,92.4653241183815,6528600
2018-04-27,93.3763656616211,93.4234878249554,93.02293745234032,93.04649853400747,5401800
2018-04-30,93.5412826538086,93.9025664903529,93.41562157646678,93.52557726619175,8321100
2018-05-01,93.20439147949219,93.5428527956593,93.06270734478086,93.48775374356858,7979200
2018-05-02,93.10204315185547,93.56645450955632,93.08630314217612,93.38541136884528,4644000
2018-05-03,93.51922607421875,93.91279239016828,93.41690099399621,93.54283909232045,6345300
2018-05-04,93.6609115600586,93.84982771833018,93.26734523834435,93.84982771833018,4283500
2018-05-07,93.5113754272461,93.68453959206083,93.46414337743622,93.64518655679012,3647800
2018-05-08,93.42476654052734,93.66877571521796,93.11778531903111,93.31456846128998,6091200
2018-05-09,92.86592102050781,93.21225533394308,92.86592102050781,92.97611912096623,7832500
2018-05-10,93.61373138427734,93.65309043786885,93.15719278614888,93.3146229951665,7101500
2018-05-11,93.84982299804688,93.95214807462165,93.5270957479073,93.92066204982667,4273400
2018-05-14,93.35391235351562,93.66089354497922,93.34603934709894,93.51134245512793,4996200
2018-05-15,92.29133605957031,92.5510913678018,91.85841054585117,92.5353453462042,12901000
2018-05-16,91.9371109008789,92.51171446600199,91.92923789159946,92.42512937996759,6518000
2018-05-17,91.47270965576172,91.95286118454683,91.37825154989758,91.80330401826542,7330300
2018-05-18,92.25984191894531,92.32281398910983,91.70885131837356,91.70885131837356,9606500
2018-05-21,92.30706024169922,92.39364532959046,92.05517798747378,92.19686213080976,4448500
2018-05-22,92.1653823852539,92.37003860744313,91.97647218303533,92.32281255822525,4700700
2018-05-23,92.8344497680664,92.96826091058743,92.61405353206777,92.6848926056329,9634000
2018-05-24,93.5743179321289,93.71600203520381,93.38540779647734,93.42476682718784,8204100
2018-05-25,94.15681457519531,94.32997872257005,94.03874347058166,94.10958253014235,8482800
2018-05-29,96.21910858154297,96.43950479733716,94.79440018276871,95.07776846174596,21668100
2018-05-30,95.57363891601562,95.6208709556826,95.03838850743612,95.24304466507259,11616300
2018-05-31,95.41618347167969,96.01440573318095,95.20365437631725,95.68380558543306,10769900
2018-06-01,94.9120864868164,95.2355576250469,94.55705014177373,94.8095176225754,8718800
2018-06-04,94.2256851196289,94.78584713920353,94.17834934930691,94.76217925404254,7156500
2018-06-05,94.44659423828125,94.80163057671972,94.37559058217322,94.6438346420917,5635900
2018-06-06,93.68130493164062,93.96533160808217,93.4288374436148,93.94955502352418,7813300
2018-06-07,94.5886001586914,95.06197588688717,93.6339574013619,93.64184870229987,13238300
2018-06-08,94.3045883178711,94.55705581381713,94.2335846561831,94.32825620510043,6790600
2018-06-11,94.13098907470703,94.19410743560773,93.83907718931312,93.94164001130311,6844200
2018-06-12,94.15465545654297,94.24933299638703,93.79962521589944,93.83118439584746,6048200
2018-06-13,94.10731506347656,94.39134164972833,93.59448894833878,94.2414370571794,8834700
2018-06-14,94.88838958740234,94.9120634867746,94.26511534778903,94.50180016782878,10078800
2018-06-15,94.97520446777344,95.53536653587655,94.91209210830962,95.33024083384436,7992800
2018-06-18,94.88838958740234,95.11718912694943,94.70693182730169,95.05407678651768,4893700
2018-06-19,95.44070434570312,95.64583608714992,95.22768130131209,95.44070434570312,6133300
2018-06-20,94.60440063476562,95.29868476600824,94.5965093323367,95.28290216115039,6879100
2018-06-21,95.10144805908203,95.26712930076732,94.84898054518534,94.95943470630887,7235800
2018-06-22,95.09357452392578,95.16458422323021,94.72276147688422,94.74642937021854,4082500
2018-06-25,95.30655670166016,95.55113285355672,95.18031996564976,95.1961025673005,8363700
2018-06-26,95.44070434570312,95.48804012476758,95.19612812813611,95.28290838332079,5450000
2018-06-27,96.3400650024414,96.39529205277151,95.89824859980061,96.05603845237317,8173400
2018-06-28,96.36375427246094,96.45054051643268,96.11917814088513,96.35586297229122,7109500
2018-06-29,96.03242492675781,96.64781412709122,95.97719784517149,96.38745530562694,11164700
2018-07-02,95.957275390625,96.27357581961608,95.90983243780144,96.26566664983586,9662000
2018-07-03,96.47126007080078,96.49498154653321,96.09960752984959,96.09960752984959,3808800
2018-07-05,96.74805450439453,96.890389441486,96.47920297485003,96.51873677058437,3860400
2018-07-06,97.06432342529297,97.19874914628862,96.85082410564864,97.06432342529297,4679900
2018-07-09,96.43963623046875,96.6373232527597,96.39219327565624,96.5266190029111,5952700
2018-07-10,96.43170166015625,96.57403652003177,96.32099743946723,96.36844641471079,5759700
2018-07-11,96.80341339111328,96.90621453963473,96.54246498277132,96.82713487679324,6869100
2018-07-12,96.7955322265625,96.84297520869333,96.58202674110852,96.60574823217394,4824700
2018-07-13,97.04058837890625,97.1592017767569,96.84290139346452,96.95360562267764,4079000
2018-07-16,96.63733673095703,96.70059803481631,96.18661049858716,96.63733673095703,5517100
2018-07-17,96.45549011230469,96.77969381120025,96.39222879395825,96.7006201797329,3764300
2018-07-18,96.06797790527344,96.5028917414178,95.9889043076823,96.4870734021423,6330000
2018-07-19,96.67686462402344,96.82710266098714,96.28939371039738,96.31312122111409,6166700
2018-07-20,95.49071502685547,96.14703117775501,95.44326605198829,96.13912804271675,10469500
2018-07-23,94.31250762939453,95.19023835781658,94.24134320797404,95.19023835781658,11571800
2018-07-24,94.63671112060547,94.7474153465533,94.20970652069478,94.32041074664261,9053500
2018-07-25,94.48648071289062,95.09536007634723,94.30461204385824,94.90557620484121,7357900
2018-07-26,94.30461883544922,94.79487878982536,94.22554523309137,94.66045306252411,6821100
2018-07-27,94.4627914428711,94.78700114253185,94.41534847528396,94.77118279804897,4542000
2018-07-30,94.13858032226562,94.42325017110981,94.07531901520463,94.09113132550473,7111200
2018-07-31,94.65254974365234,94.7790723415896,94.54184548692199,94.72372021322442,6797400
2018-08-01,93.88141632080078,94.18257013326581,93.57233565772958,93.7466900925729,13312600
2018-08-02,94.01615142822266,94.10332865387761,93.75462579767373,94.00823062328382,4451100
2018-08-03,94.4837646484375,94.53924053019823,94.1588301649692,94.17468387199662,6162400
2018-08-06,94.53921508789062,94.97509517115911,94.52336138512973,94.73734404748976,4200200
2018-08-07,94.04783630371094,94.38861829524804,93.96858594330078,94.33314243831944,5346900
2018-08-08,94.14293670654297,94.33313877342086,94.00028364478086,94.03991184665384,5640900
2018-08-09,94.93548583984375,94.9671872032347,94.40450160748296,94.49167884520391,7144100
2018-08-10,95.62496185302734,95.93404253946817,95.32380197137618,95.39513153939416,8457900
2018-08-13,95.42684173583984,95.65666602434254,95.2683349291285,95.30003629047076,7923200
2018-08-14,95.21286010742188,95.5457153355584,95.12568287437423,95.52986767792086,4251200
2018-08-15,95.76759338378906,95.99742366019433,95.55361680722686,95.62494636369085,7649800
2018-08-16,95.75971221923828,95.83896261201397,95.32382598934588,95.7438585128327,5400400
2018-08-17,95.87857818603516,96.2035065674854,95.69629686491677,95.9657493740991,3537600
2018-08-20,96.52051544189453,96.61561952981201,96.32238646021227,96.40163684360184,5603700
2018-08-21,96.19558715820312,96.31446576409418,95.94990914006743,96.18766635184956,4695000
2018-08-22,96.57597351074219,96.72655344391403,96.35407005959352,96.68692523631653,5309600
2018-08-23,96.72655487060547,96.78995153871477,96.51257222068767,96.68692666242346,5328700
2018-08-24,96.91676330566406,96.94846466499966,96.28274821178425,96.38577914122894,6092200
2018-08-27,96.36200714111328,96.58391667616169,96.30653126895533,96.51258709972056,6407400
2018-08-28,95.78346252441406,95.96573777708873,95.64080943490455,95.8944142555419,4929300
2018-08-29,95.91028594970703,96.01331690187422,95.59328437927151,95.84688926347035,5613300
2018-08-30,96.11630249023438,96.25895555714357,95.957801769853,96.14007699365008,5302900
2018-08-31,95.89440155029297,96.6235145572217,95.80722433789768,96.59974005318935,9677500
2018-09-04,95.34001159667969,95.39561246133167,95.11760813807176,95.2844107320277,18343600
2018-09-05,95.08578491210938,95.23670406184206,94.95869988604751,95.12550239152425,9422600
2018-09-06,95.43534851074219,95.63392393167172,95.06997046343676,95.12557133889538,9566000
2018-09-07,94.62509155273438,94.83955625172112,94.51388987919928,94.78395541495357,11212600
2018-09-10,94.9746322631836,94.99846033911683,94.65691044398127,94.65691044398127,6386400
2018-09-11,94.2518310546875,94.65692050870433,94.20416883771352,94.58543627330383,5440000
2018-09-12,94.47425842285156,94.65694444398547,94.44248562351484,94.56163210601711,3347200
2018-09-13,94.6171646118164,94.97459774097126,94.50596292452212,94.79190579182354,4833000
2018-09-14,94.1644287109375,94.45037768551951,93.96585337081325,94.053227005271,5579500
2018-09-17,94.1644287109375,94.37888741185478,93.82287888352225,93.87053502593976,5433000
2018-09-18,93.17950439453125,93.78317521429551,93.06036402092722,93.7752305027088,10182300
2018-09-19,92.62348937988281,93.02064009120723,92.28988423677966,93.02064009120723,13379600
2018-09-20,93.05241394042969,93.1715603671986,92.51228872444446,92.59966236673905,8657300
2018-09-21,93.01268005371094,93.15565452863021,92.80616002104134,92.82999415022616,6173800
2018-09-24,92.77442169189453,93.14773832283015,92.71087611469876,92.72675947897781,5505500
2018-09-25,92.67906951904297,92.72672565453611,92.4566661400249,92.5202116940408,6650900
2018-09-26,93.33039093017578,93.39393648053716,92.66318083149281,92.87763948891599,9512700
2018-09-27,93.39395904541016,93.44955990040077,93.01269171116118,93.12389342114241,5758500
2018-09-28,93.14773559570312,93.65609413834605,93.10802415614826,93.60843192682475,12807700
2018-10-01,92.46392822265625,93.00525838695374,92.44004699201282,92.8699273642689,22442400
2018-10-02,93.02912902832031,93.24406615320352,92.82214826370716,92.87787315338484,8266900
2018-10-03,91.41307067871094,92.63106148529457,90.94338441639154,92.55941175184854,20829200
2018-10-04,90.76827239990234,91.06282169896613,90.52149162749252,90.85584094628463,16207400
2018-10-05,89.98809814453125,90.52942806053326,89.65374892176526,90.26672249683625,18096500
2018-10-08,89.68559265136719,90.04382309413772,89.66966778918983,89.94829214173974,5855900
2018-10-09,90.59317016601562,90.63297019839013,90.01203381660473,90.06775872077625,11530800
2018-10-10,90.3463134765625,90.41796319720343,89.78906486515235,90.06768917085743,15290100
2018-10-11,91.44495391845703,91.66785349935556,90.58519318622719,90.75236787190109,16086800
2018-10-12,91.12649536132812,91.55637559544326,90.97523951778126,91.06280805103933,6794100
2018-10-15,91.08668518066406,91.40511564424195,90.98319786126252,91.27774710294435,7146300
2018-10-16,91.29365539550781,91.32549904555961,90.87970009194488,91.0627934877987,4762300
2018-10-17,90.75235748291016,91.38125612762738,90.73643868905032,91.27776878364506,5880700
2018-10-18,90.72046661376953,91.0627782024235,90.39407988424601,90.44980474409414,5728800
2018-10-19,90.52151489257812,90.71257082762621,90.28269649215768,90.63296469415272,10892400
2018-10-22,90.40205383300781,90.81601522119956,90.37817261321894,90.71252183737393,3244200
2018-10-23,90.68864440917969,91.56432358819676,90.62495710470974,91.35734895900289,10330700
2018-10-24,91.37327575683594,91.40511941186188,90.94339552431998,91.03892648939781,16008000
2018-10-25,90.99117279052734,91.34144088237127,90.93544790726422,91.18222866549283,12613200
2018-10-26,91.54047393798828,91.80317960436231,91.38126169545976,91.49271147994126,18582500
2018-10-29,91.33346557617188,91.56432142068826,90.95931026321246,91.42102802580072,7679900
2018-10-30,90.87967681884766,91.1821823065392,90.76822103543113,90.95928288681347,9939500
2018-10-31,90.41800689697266,90.72051256457675,90.12345758940955,90.54537546675854,8706400
2018-11-01,90.50180053710938,90.62149648334932,90.046931588204,90.05491334738613,6100200
2018-11-02,89.3765640258789,90.38205207589272,89.29676473994341,90.3102284567441,11314800
2018-11-05,89.72772216796875,89.94318093041383,89.65589852162202,89.75964311208979,4760200
2018-11-06,89.67182922363281,89.95911152729752,89.6399082911928,89.85536697479367,3159900
2018-11-07,89.79157257080078,90.49382127907593,89.70379757056494,90.32624086140987,9313100
2018-11-08,89.78357696533203,90.15065866847453,89.70377765391797,90.14267691084396,6905100
2018-11-09,90.45386505126953,90.5735670182919,89.95112409572951,89.975063271475,6465300
2018-11-12,91.04444122314453,91.22000340081351,90.90080608319563,90.93272094431856,6840000
2018-11-13,90.98857116699219,90.98857116699219,90.55765361751355,90.7411914463104,6525800
2018-11-14,91.04444122314453,91.38758381905247,90.41402225904022,90.5576634872877,8690800
2018-11-15,91.00455474853516,91.40355752834023,90.71727226001157,91.32375819003906,7879600
2018-11-16,91.53120422363281,91.6189852924968,90.90876107226792,91.13220157908638,9236700
2018-11-19,91.78656005859375,91.78656005859375,91.29978246325369,91.29978246325369,7027200
2018-11-20,91.8184814453125,92.13768476063767,91.71474295535798,91.96212263279398,6332600
2018-11-21,91.78656005859375,91.84242018188175,91.40352095270374,91.68282156914371,4951100
2018-11-23,91.8823471069336,92.37711267815718,91.84244439907906,92.30528902167869,3027900
2018-11-26,91.67485809326172,91.81849930868874,91.5950587709796,91.65890066412452,6599000
2018-11-27,91.77855682373047,91.97007631915189,91.57905557358048,91.61895217063348,5967200
2018-11-28,91.3316879272461,91.78655062392099,91.2598703853851,91.65089120820831,7814000
2018-11-29,91.69080352783203,91.97010414488598,91.44341776275839,91.70676095382218,7295600
2018-11-30,92.03397369384766,92.1057912648393,91.75467299282683,92.01801017476151,9127800
2018-12-03,92.68746185302734,92.68746185302734,91.71164107174044,91.72763553269434,9763800
2018-12-04,94.23916625976562,94.91904359579284,93.28733432787217,93.43130885452474,18100500
2018-12-06,94.53512573242188,95.34297712188373,94.48713015010618,94.81507453582086,15319400
2018-12-07,94.71107482910156,94.80705376814038,93.99919645082247,94.2311557242078,8608400
2018-12-10,95.10299682617188,95.40694028388408,94.73506334501776,95.0790020929873,8777700
2018-12-11,95.08698272705078,95.48691116296904,94.87102405672132,95.15897301877636,8071900
2018-12-12,94.66309356689453,94.95904291265951,94.57510879119214,94.84706339857024,6182200
2018-12-13,94.43909454345703,94.84702323055218,94.36711035878196,94.75103821522883,5564200
2018-12-14,94.76708221435547,94.99903542848365,94.55911763702649,94.82307197335642,8169200
2018-12-17,95.3189697265625,95.422955055752,94.84705696383466,94.85505114113737,9726800
2018-12-18,95.88980102539062,96.04213628068518,95.36064643457124,95.46487227841013,10018800
2018-12-19,97.1565933227539,97.54143810593354,96.14638111919513,96.29871640458502,23046300
2018-12-20,96.80381774902344,97.83808158646097,96.74769518963846,97.8220491910225,18543700
2018-12-21,96.78777313232422,97.1806309984134,96.52319276424603,97.12450844611496,9945100
2018-12-24,97.2688217163086,97.34899591492098,96.94010566692803,97.11648645711557,8377500
2018-12-26,96.22652435302734,97.32492967168226,96.18644031818198,97.0042268084277,11700400
2018-12-27,96.24256134033203,97.3169088808324,96.19445805251806,97.22070230520445,12146500
2018-12-28,97.05237579345703,97.05237579345703,96.44304071646631,96.53123419275053,9879100
2018-12-31,97.42113494873047,97.4612189805241,96.57929076139195,96.7316259861422,17409000
2019-01-02,97.9343032836914,97.94232254059557,97.28487804627132,97.5414453319983,19841500
2019-01-03,99.04871368408203,99.30527478102836,97.9984176492235,98.04652094336997,21187000
2019-01-04,97.90222930908203,98.26301633876827,97.5334230227426,98.08662939380146,12970200
2019-01-07,97.61357116699219,98.33515115053866,97.50934532594063,98.31109950390359,8498100
2019-01-08,97.35704040527344,97.76593687615362,97.32496949413569,97.56549826921835,7737100
2019-01-09,97.20470428466797,97.35703958205895,96.85193649893735,97.22074279855164,9349200
2019-01-10,96.57930755615234,97.34097769545717,96.48309485270046,97.2367457374929,8222900
2019-01-11,96.95616912841797,97.22876271442954,96.75573050920904,96.87599490411465,5786900
2019-01-14,96.59537506103516,97.02030392426236,96.40294959636938,96.93211044884909,6730500
2019-01-15,96.24256134033203,96.66749002775077,96.17040029171282,96.65947077414903,8997400
2019-01-16,96.33879852294922,96.52319858437758,95.81765701052595,95.88179270494896,6048400
2019-01-17,96.36285400390625,96.63544753751559,96.12232526033327,96.38690565488353,8153400
2019-01-18,95.85772705078125,96.3067135475474,95.72143030930711,96.08221724071487,14106400
2019-01-22,96.50714874267578,96.787761470357,96.26662005214978,96.45903933443137,8881100
2019-01-23,96.46710968017578,96.70763849809228,96.074251653354,96.11433571173879,5776800
2019-01-24,97.10047149658203,97.22073587454128,96.77976852765748,96.94012307056994,7121900
2019-01-25,96.63540649414062,96.81179334892508,96.46703889190933,96.68350977566459,6460800
2019-01-28,96.5392074584961,96.96413612348367,96.5392074584961,96.6434332822239,6435800
2019-01-29,97.02828979492188,97.04432830425353,96.52318685515786,96.6354319528832,5750100
2019-01-30,96.95616912841797,96.99625929902025,96.4751176656968,96.88400804471412,10571300
2019-01-31,97.78996276855469,97.95833041999754,97.41313730808291,97.45322746566897,11843400
2019-02-01,97.1993408203125,97.6895165616727,97.10291069504228,97.61719856576148,12024600
2019-02-04,96.76542663574219,96.86989415061818,96.44399897509469,96.78150139067205,8966200
2019-02-05,97.2073974609375,97.41632637506669,96.95829391802552,97.01454330289994,6983300
2019-02-06,97.25558471679688,97.56094369759435,97.0145186132806,97.52076294831419,5184000
2019-02-07,97.89844512939453,97.96273187937439,97.41630676598943,97.60112350877912,8781000
2019-02-08,98.31631469726562,98.4127448398454,98.09131716196917,98.24399668837307,5885400
2019-02-11,97.93061065673828,98.1797142058562,97.83418050995556,97.92257327849222,4352800
2019-02-12,97.68147277832031,97.83415226730347,97.39218855220568,97.76183427613557,7939600
2019-02-13,97.31184387207031,97.5448787537395,97.15917049704184,97.35202462539067,4757700
2019-02-14,97.86632537841797,98.19578432282968,97.69757721702805,98.14757231406783,5868900
2019-02-15,98.01900482177734,98.05114207377282,97.66543374259322,97.68150236859097,5527200
2019-02-19,98.26809692382812,98.46898844436974,97.99488126791572,98.37255830744961,5872800
2019-02-20,97.98685455322266,98.09935331947135,97.70560150687795,97.99488580029545,4455800
2019-02-21,97.1109848022461,97.36009452073561,96.99044863274784,97.28777036674697,7382500
2019-02-22,97.68952178955078,97.99487467316459,97.56898565919299,97.60916641288634,6374600
2019-02-25,97.40025329589844,97.47257743810968,97.16721837434282,97.36810991388492,6293500
2019-02-26,97.88236999511719,97.89040737151383,97.52076775665292,97.81808937610974,6028900
2019-02-27,96.7734603881836,97.33595417520431,96.65292425361558,97.32792292876293,7737300
2019-02-28,96.4439697265625,96.92611413667532,96.1948662771995,96.87789601723154,9533400
2019-03-01,95.5526351928711,96.2532109849376,95.53652647139994,96.09216063228894,13541100
2019-03-04,96.30146789550781,96.44641558461963,95.87467918414346,96.05989250943713,9808500
2019-03-05,96.50279235839844,96.52695542845731,96.04379232606465,96.05184668275095,5595200
2019-03-06,96.85709381103516,97.05035533283004,96.5430415342411,96.56719845650633,7766700
2019-03-07,97.48522186279297,97.64627828950447,97.12285565412245,97.14701258221055,8187200
2019-03-08,97.89590454101562,97.99253839355774,97.31611371311148,97.53353834541267,7517600
2019-03-11,97.60601806640625,97.77512271608686,97.42081084499765,97.75902014435887,5157800
2019-03-12,98.29045104980469,98.42735050035469,97.64624400020091,97.67845527423195,6422300
2019-03-13,98.10528564453125,98.20996772191693,97.93618099167367,97.96839227940963,4386300
2019-03-14,97.39661407470703,98.048881662004,97.37245715363542,97.99251346494601,8188400
2019-03-15,98.04082489013672,98.20187512242562,97.75898391179486,98.03277053542051,4302000
2019-03-18,97.98448944091797,98.13749151329655,97.85564429708872,97.895909940454,3893300
2019-03-19,97.76705169677734,97.93615630701238,97.3483112054277,97.5093614598401,5220200
2019-03-20,98.78974151611328,98.92663485754255,98.02474353172721,98.03279174451207,10123700
2019-03-21,99.00714111328125,99.11987750751257,98.83803652193428,99.01519546820427,7182600
2019-03-22,100.54520416259766,100.88341336841295,99.90099088551537,100.02178164292744,13077000
2019-03-25,100.70624542236328,101.41488119264524,100.26335420960964,100.50492955920092,9736300
2019-03-26,100.6338119506836,100.89149610526998,100.35197086655393,100.41638729744437,7502000
2019-03-27,101.55986022949219,101.73701308310874,100.90759245367751,100.99617195232302,14207200
2019-03-28,101.9141616821289,102.01884988457839,101.47127037776386,101.66453192614726,9143200
2019-03-29,101.8175048828125,101.84166180149774,101.17329171406978,101.20550298687412,10841400
2019-04-01,100.37132263183594,101.17028856248493,100.22605553924416,101.1137961463221,16501500
2019-04-02,100.55693817138672,100.66992300398151,100.27447608989974,100.46009754756923,9725000
2019-04-03,99.685302734375,99.96777087990658,99.56425199452953,99.75793933549183,10407000
2019-04-04,99.96778106689453,99.98391911478193,99.62075454381895,99.7498773985486,7503400
2019-04-05,100.09693145751953,100.20991629544307,99.73376678665275,99.76604904851831,6321800
2019-04-08,99.74180603027344,100.03234015206674,99.68531362643643,99.93549954960912,4446400
2019-04-09,100.05657958984375,100.34710762158781,99.8870961819432,100.25026699674368,7020300
2019-04-10,100.2986831665039,100.49237056540392,100.15341607802605,100.29061106236308,7519900
2019-04-11,99.70954895019531,100.08885164417606,99.59656412097357,100.01622117848126,8679300
2019-04-12,98.99932861328125,99.31407287276686,98.967046361384,99.17687792011107,7005500
2019-04-15,99.24951934814453,99.25758529360324,99.03968777922297,99.0881080808163,3070000
2019-04-16,98.62808990478516,98.96704430685459,98.57159750444025,98.87020371038324,8927300
2019-04-17,98.6684341430664,98.91861386791655,98.54737725267759,98.5635152980318,6118500
2019-04-18,99.18494415283203,99.34634924555662,99.0880974028715,99.11230755105923,27589400
2019-04-22,98.70880126953125,98.91863284264147,98.65230886414123,98.83793028597151,6241200
2019-04-23,98.91863250732422,99.0235452149185,98.77336544292656,98.95091476132485,6239700
2019-04-24,99.72566223144531,99.74180027852088,99.33828137232304,99.35442557660848,7302000
2019-04-25,99.58041381835938,99.76603525912729,99.34637207009158,99.66111638326285,5380900
2019-04-26,99.91936492919922,100.08884215696744,99.7821699577503,100.05656605785896,5950700
2019-04-29,99.28182220458984,99.54814624955809,99.14462720828934,99.45130562026922,10246000
2019-04-30,99.79023742675781,99.86286788219509,99.2091691544175,99.22530720322227,7957400
2019-05-01,100.201904296875,100.64670323147271,99.9592822088137,100.0320713032865,14371900
2019-05-02,99.72472381591797,100.12908974646035,99.50636892828425,100.02395682576773,6612800
2019-05-03,100.00784301757812,100.18575894749011,99.77330990116113,100.00784301757812,6191700
2019-05-06,100.28275299072266,100.59006888347804,100.22614200600103,100.53345789875641,4482500
2019-05-07,101.05103302001953,101.20469403201923,100.5981451995578,100.71136715467324,8984900
2019-05-08,100.61434936523438,101.33412033934461,100.52538835314117,101.212809307387,6907600
2019-05-09,101.02677154541016,101.33409356786262,100.5334446705474,101.18043255663639,9411900
2019-05-10,100.88931274414062,101.45542265220595,100.75991266793413,101.00253472575369,6037800
2019-05-13,101.68189239501953,101.8436363513349,101.29369826167165,101.4150093139764,10501600
2019-05-14,101.38265991210938,101.61719296930436,101.25325981015224,101.50397096516008,5690400
2019-05-15,102.00535583496094,102.11857781124525,101.71421184733416,102.07005587001909,9566300
2019-05-16,101.66568756103516,101.76273761138378,101.5201155705796,101.74655951792495,7666400
2019-05-17,101.89212036132812,102.1428314214338,101.64950451720105,102.12665332974485,4747100
2019-05-20,101.68189239501953,102.20756333811268,101.6171923444388,101.99729742892998,6043100
2019-05-21,101.5201187133789,101.67377975532082,101.33411382378763,101.57672970196776,4021800
2019-05-22,102.10242462158203,102.16712466851153,101.67379760841222,101.71423051014109,5675300
2019-05-23,103.25077819824219,103.59044404305605,102.6118793929208,102.61996843783544,9743700
2019-05-24,103.33978271484375,103.33978271484375,103.02437770177279,103.16186067257068,4981900
2019-05-28,104.08379364013672,104.24553755298132,103.59046668478548,103.73604484453429,8098600
2019-05-29,104.39922332763672,105.05429435105768,104.3264404006505,104.86828942422427,13260600
2019-05-30,105.296875,105.32113596611225,104.23743834553997,104.5932823022097,13024800
2019-05-31,106.61515045166016,106.6717552797157,105.79024028357017,105.86302320832961,18933600
2019-06-03,107.32828521728516,107.44173956752259,106.60703705529076,106.89877857955798,17822400
2019-06-04,106.10458374023438,106.77721036296526,105.79664329008516,106.47736937853695,14250000
2019-06-05,105.5049057006836,106.1207989895162,105.44817234173476,105.77233646659165,8815200
2019-06-06,105.84523010253906,106.63941027860635,105.61022201774095,106.13697152556679,9621100
2019-06-07,106.7610092163086,107.02843996670777,106.51788922816422,106.8015189096691,11378500
2019-06-10,105.75614166259766,105.91821756750484,105.61027705786086,105.90200626733444,8288700
2019-06-11,105.82093811035156,105.96680266493172,105.61024074298199,105.69127248477275,5115100
2019-06-12,105.90198516845703,105.95871852495095,105.59404472016409,105.66697700800218,5278700
2019-06-13,106.26663208007812,106.36387509460378,105.99108959626894,105.99920142454066,5560400
2019-06-14,106.5340805053711,106.73667839648724,106.23422721791533,106.2423390475401,5838800
2019-06-17,106.72051239013672,106.77723339361019,106.26669489995221,106.47739234450954,6046400
2019-06-18,107.2553482055664,107.66864352775046,106.93118410087637,107.57140047914156,10320700
2019-06-19,107.40933227539062,107.55520924110564,106.63136301023894,106.8582717430414,11962500
2019-06-20,107.69292449951172,108.19536326579966,107.44980457964591,107.70913579166084,10721500
2019-06-21,106.5097427368164,107.40117828139105,106.46923305663849,107.38496698996454,14495000
2019-06-24,107.30400085449219,107.40124393130743,107.03657002765044,107.10140286739387,6378800
2019-06-25,107.63621520996094,107.8550120325584,107.55517110601023,107.61189208630043,9604600
2019-06-26,106.94739532470703,107.53897781266883,106.8744630383,107.52276651604632,12766800
2019-06-27,107.70101165771484,107.85498800155747,106.96356488468697,107.22288370148136,9724200
2019-06-28,107.62808227539062,107.84689142067589,107.33634087020752,107.44169571156556,8149200
2019-07-01,107.37638092041016,107.79048680485194,106.84858579216508,107.64433615970114,14131200
2019-07-02,108.20462799072266,108.31018952878038,107.55505283611119,107.64437127834805,10494300
2019-07-03,108.97599792480469,109.04094551512718,108.40760119576336,108.4157289369407,5380300
2019-07-05,107.53067016601562,107.628116340367,106.9135688810927,107.61998859842492,12180100
2019-07-08,107.67684936523438,108.17215849374062,107.67684936523438,108.03412314839984,6490000
2019-07-09,107.63622283935547,107.7580274498136,107.31143532449946,107.73365661584236,6215700
2019-07-10,107.04350280761719,107.53881192648146,106.78366282860871,107.46573657857988,9470000
2019-07-11,105.61441802978516,106.70247004346419,105.3626934088428,106.62126695414705,14126800
2019-07-12,105.7361831665039,105.92293535623371,105.29770642036594,105.49258635085489,6992000
2019-07-15,106.34520721435547,106.41016721452148,105.92297340820302,105.92297340820302,6055500
2019-07-16,106.0285415649414,106.04478466345847,105.52511701959773,105.69562618953816,6172700
2019-07-17,107.17340087890625,107.19775932322518,106.41013658398052,106.4182519354703,9662200
2019-07-18,107.18154907226562,107.44138907775226,106.56444764401496,106.75119990430011,5724900
2019-07-19,106.9298095703125,107.1246771349317,106.78364650699785,106.848606491821,5804800
2019-07-22,107.1328125,107.57940468378115,106.97041872131172,107.56316158895699,5204100
2019-07-23,106.5481948852539,106.97042866095815,106.34519954556852,106.85675176632841,8108900
2019-07-24,107.0110092163086,107.10032765418553,106.75118164511738,106.8567431780223,6389700
2019-07-25,106.49946594238281,106.70246125911204,105.97167068497632,106.57254128284113,8893100
2019-07-26,106.75119018554688,107.00290242428751,106.57255329550148,106.93794242882988,6188400
2019-07-29,106.78369140625,107.14096527807484,106.69437293829378,107.03541609947601,6231800
2019-07-30,107.04350280761719,107.26274124117407,106.7187028338566,107.18153815027088,5678500
2019-07-31,107.9041976928711,108.26147145794678,106.90546413311986,106.93793793455777,15798700
2019-08-01,110.0472183227539,110.15298999437088,108.42002295395339,108.52579462557037,26664800
2019-08-02,111.06416320800781,111.06416320800781,110.1610697063602,110.37261295013056,15143100
2019-08-05,112.98426818847656,113.00054361271586,111.99982227594558,112.3903455561101,18543000
2019-08-06,113.88738250732422,113.88738250732422,112.34968362178871,112.43917984960352,12747400
2019-08-07,113.92806243896484,116.3932619899682,113.7246630541328,115.85628463452841,32582000
2019-08-08,114.17207336425781,114.25342561902099,112.26011536699323,113.20389090668577,14746000
2019-08-09,113.9443359375,115.16473222583913,113.79788192735253,114.44876243070267,10626000
2019-08-12,116.32005310058594,116.69430105486767,115.13219510915962,115.30305607229833,14094300
2019-08-13,115.9213638305664,117.08481466601503,115.49015816544191,117.00344995336386,15974900
2019-08-14,118.53303527832031,118.5655737196453,117.73571311346066,118.10182954730848,15068900
2019-08-15,119.85100555419922,120.90055292942675,118.44348582718577,118.74451282861129,23588700
2019-08-16,118.8909912109375,119.20014977892802,117.84144362008281,118.83403343436679,17150500
2019-08-19,117.1905517578125,117.69499053483969,116.75934617414251,116.80817244121725,13614700
2019-08-20,118.40283203125,118.4760528198714,117.84144782279634,118.19943267540513,7451500
2019-08-21,117.61372375488281,118.61444580912766,117.39404882094415,117.74390241310724,9372000
2019-08-22,116.83263397216797,117.72758398799202,116.73499380689371,117.15806808437388,13878800
2019-08-23,118.75269317626953,119.0049064077559,116.69428013861152,116.76751334655296,16191800
2019-08-26,118.2726821899414,119.02119051150585,118.20759289052087,118.6794810004339,12174500
2019-08-27,120.09517669677734,120.18467295504101,119.17580717229764,119.2978542960305,11332300
2019-08-28,120.24974822998047,121.14469829359672,120.13584504317417,121.04707053762453,10095900
2019-08-29,119.79407501220703,119.87542729627947,118.89098148178587,119.80220651626126,8884900
2019-08-30,119.82666015625,119.98937720233863,119.07815181263044,119.28155122386994,13550800
2019-09-03,119.98152160644531,121.17146786229436,119.45989877446983,119.88370877537726,15660800
2019-09-04,120.16088104248047,120.31574003925058,119.38659849510569,119.42735282633085,7962200
2019-09-05,117.9846420288086,118.83228668572875,117.27556447725253,118.71818210919713,19382900
2019-09-06,118.82415008544922,119.01976329660485,118.24548121170825,118.39218179272369,9466400
2019-09-09,116.71321105957031,117.36524267282417,116.70506517262451,117.22668797593387,15862700
2019-09-10,114.66747283935547,116.78656001254974,114.64302274232976,116.41979612069578,13851400
2019-09-11,114.4637680053711,115.04243715794225,114.42301367885109,114.43115956956534,10941700
2019-09-12,113.71392059326172,115.57220322085819,113.3389982500047,115.32768973060124,19163300
2019-09-13,111.28506469726562,113.05370463115877,111.28506469726562,112.70323251183828,18922200
2019-09-16,112.7032241821289,112.93959168532241,111.86373774623668,112.3772146204792,10971600
2019-09-17,113.31452941894531,113.77910621730761,112.49134698880293,112.76845642828009,9081200
2019-09-18,113.79541778564453,114.6430629010214,113.72206746887332,114.04807716772729,10984600
2019-09-19,114.1376724243164,114.9119668208013,114.08062635305595,114.72449952667002,13176200
2019-09-20,115.64549255371094,115.71884283116643,114.46369248321858,114.73265593702159,11519800
2019-09-23,115.62103271484375,116.68058223359456,115.49062394160501,115.93075044216948,15246700
2019-09-24,117.01478576660156,117.24299497119081,116.06934052674954,116.07748641388883,12421600
2019-09-25,115.30315399169922,116.99843051223138,115.03419059581799,116.76206308715538,14147100
2019-09-26,116.0448989868164,116.54207174129415,115.65367251883829,115.95524447579682,9636500
2019-09-27,116.33015441894531,116.53391354089086,115.84928587590656,115.99599891067169,10386900
2019-09-30,116.61540985107422,116.62355573796279,115.60476023580755,115.63736865629889,8006900
2019-10-01,116.96646881103516,117.49717716299973,115.2355714756857,115.33354303557795,16613700
2019-10-02,117.25225830078125,117.79112690004462,116.95017096099909,117.1297938274202,12891500
2019-10-03,118.32176208496094,118.93410905352954,117.5052994602028,117.55428522437134,13470500
2019-10-04,119.1954574584961,119.22811050224225,118.55044460580123,118.67292155088647,11516200
2019-10-07,118.20750427246094,118.81985148168762,118.15035834454909,118.51776417843793,11013900
2019-10-08,118.52590942382812,119.14641669954644,118.07685236852936,119.05661774672097,14529700
2019-10-09,117.85643768310547,118.06871357570837,117.40738054660262,118.06055343076707,8608800
2019-10-10,116.10104370117188,116.90117400519283,115.71730506941707,116.85218821530711,15054200
2019-10-11,114.66412353515625,115.2029923768692,114.0681087329093,115.10500829585767,26294000
2019-10-14,115.49686431884766,115.53767750326796,115.18660438453654,115.51318460932097,5936900
2019-10-15,114.10067749023438,115.08043036880788,113.93738742017774,114.85182177908185,11832300
2019-10-16,114.2394790649414,114.35378336419916,113.77410172447564,114.0108704664259,7729500
2019-10-17,113.96195220947266,114.61512536003764,113.73334347551116,113.91296640337256,6219300
2019-10-18,113.96195220947266,114.49264838654578,113.85580799076138,114.14973528560354,6456100
2019-10-21,113.10456848144531,113.48014677733057,112.85962719788807,113.13723396364291,8038000
2019-10-22,113.76596069335938,113.92109066930863,113.19443903847085,113.7986261926317,6683300
2019-10-23,113.88023376464844,114.55789941879881,113.78226221019972,114.3292908195956,5995400
2019-10-24,113.65164947509766,114.50077798939293,113.51285225719568,114.0435482349525,6161700
2019-10-25,113.0964584350586,113.9374143297883,112.92499572315133,113.92108158145506,5669800
2019-10-28,112.06774139404297,112.3290156144274,111.84730528611419,112.3290156144274,11402100
2019-10-29,112.14124298095703,112.45966318025451,111.99427310376652,112.36167910938028,5296600
2019-10-30,113.7822494506836,113.85572810828026,112.4840766668776,112.4840766668776,10914100
2019-10-31,115.31720733642578,115.67644049410002,114.65586202083234,114.6966876514097,15834100
2019-11-01,114.96231842041016,115.543024306423,114.332541258392,115.10135786241804,11425500
2019-11-04,113.44918060302734,113.80086623759959,113.30195436345855,113.66182686021246,11124300
2019-11-05,112.17327880859375,112.41047320023878,111.82976751584255,112.23053693070611,13493000
2019-11-06,112.8521499633789,113.20384819080454,112.32870229463354,112.88487246266247,9351900
2019-11-07,110.80740356445312,111.52714861363806,109.96498037278155,111.5189742307969,19209800
2019-11-08,110.34117126464844,111.19176850862061,110.23484192916357,110.53745621635105,10222900
2019-11-11,110.414794921875,110.73377049689492,110.12035496955116,110.7255961159865,4577000
2019-11-12,110.92192840576172,111.19183285050373,110.24308010170931,110.64384957662493,5772900
2019-11-13,111.64167785644531,112.01791171257251,111.37177340139297,111.89522106210691,6672400
2019-11-14,112.79484558105469,113.2283248710372,112.59854812748944,112.70487747483357,10213300
2019-11-15,112.67219543457031,112.9993579746091,112.40229101902887,112.44318789653056,4657600
2019-11-18,112.87662506103516,113.36736244728664,112.81119257753694,113.04021250976575,5943900
2019-11-19,113.81724548339844,113.88267799133644,113.17110726749497,113.17110726749497,7893100
2019-11-20,114.99495697021484,114.99495697021484,114.31610902779683,114.43061274820651,7905500
2019-11-21,114.27523040771484,114.56967037576106,113.78449296764728,114.20979791704106,5980900
2019-11-22,114.42247009277344,114.73327137394358,114.2425338226196,114.58605759653099,4664800
2019-11-25,114.75777435302734,114.93771057198633,114.65144500183226,114.74959997215494,4157300
2019-11-26,115.42845153808594,115.57566527814694,115.27305093692964,115.32212218361664,4281100
2019-11-27,115.09309387207031,115.24849444508762,114.847725203094,114.99495139646736,4095700
2019-11-29,114.8477783203125,115.06042460912435,114.32433074172013,115.01135334862737,6251100
2019-12-02,113.31645965576172,113.61140575769966,113.02151355382378,113.17718128837772,17702200
2019-12-03,115.69247436523438,116.15127685876786,114.643766878176,114.73388968950795,13062400
2019-12-04,114.5372314453125,115.1107343832355,114.05385129059357,114.9796444255884,8586300
2019-12-05,113.98015594482422,114.24233597643803,113.55413214559972,113.60328777616932,7273800
2019-12-06,113.34928894042969,113.98013609143267,112.9478305249852,113.08710895448313,7931100
2019-12-09,113.59508514404297,113.97196580851373,113.52955263854803,113.87365454883953,4016900
2019-12-10,113.60324096679688,114.16855548827753,113.39841758953152,114.02926459048147,4947600
2019-12-11,114.4963150024414,114.81583910239094,114.07027870203136,114.12763527195071,6256700
2019-12-12,112.61188507080078,114.1111936226641,111.92368155561226,114.0374602106281,14857000
2019-12-13,113.91460418701172,114.38160765261497,112.43168441268209,113.16085539293267,11335100
2019-12-16,112.89041900634766,113.43935652200415,112.59547291646192,113.39018842250341,9156600
2019-12-17,112.73481750488281,113.3410868386567,112.41529346368505,113.23458715921056,6179700
2019-12-18,111.80902099609375,112.61192538457759,111.65335318067297,112.48903632052472,6244700
2019-12-19,111.98790740966797,112.3079426932256,111.40527265168764,111.60222225750468,6591100
2019-12-20,112.13561248779297,112.16844368347498,111.54477617984067,111.70890711538594,5455700
2019-12-23,111.97147369384766,112.39819151002052,111.602204198946,112.26689179405501,5175000
2019-12-24,112.29148864746094,112.47202259395428,111.51191707201855,111.53653419913785,4667400
2019-12-26,112.56224822998047,112.60328093391975,112.02064658939759,112.34889569948868,5290200
2019-12-27,112.6854248046875,112.93981021624721,112.6607951480357,112.78389334556688,7300500
2019-12-30,112.27507781982422,112.34071513998883,111.3231738988868,111.51190936757072,7979700
2019-12-31,111.17545318603516,111.97965431511872,111.0934002791301,111.77450326571653,10707400
2020-01-02,112.43101501464844,112.85773284917707,112.15201249729267,112.2504810277875,11034100
2020-01-03,114.16252136230469,114.19535256216544,113.14497955243299,113.46501488318843,12366000
2020-01-06,113.51422119140625,114.64665940032147,113.36650587129819,114.63024380443593,11369800
2020-01-07,112.95619201660156,113.6290936430203,112.94799048021704,113.42394254054088,8381200
2020-01-08,112.20943450927734,113.49777672639627,111.86478221193163,113.18594309104304,10621700
2020-01-09,112.60336303710938,112.78389704893756,111.52837302577127,111.60222443385578,7411500
2020-01-10,113.6044921875,113.62910932147982,112.93980452718229,112.97262319867826,8776000
2020-01-13,113.25981903076172,113.31725482571001,112.74283426908194,113.1449349194361,5966900
2020-01-14,113.84249114990234,113.91635509219294,113.35833736237753,113.39115604227983,13920300
2020-01-15,114.59739685058594,114.68766383339445,114.08042460489088,114.49072679557888,6290500
2020-01-16,114.23634338378906,114.49893027915248,113.85065831626802,114.27736358641224,6798600
2020-01-17,113.25981903076172,113.35828754863252,112.71821713961424,112.89875110333007,9693100
2020-01-21,114.44976806640625,114.59747094026095,113.87534713235367,113.90816581939785,6794900
2020-01-22,114.85179138183594,114.99949415589587,114.54815925499805,114.65484182832722,6317000
2020-01-23,115.65601348876953,116.01708151358052,115.52471374857784,115.58216208044885,9747400
2020-01-24,116.59150695800781,116.97719213458207,115.95143635038096,116.04990489880574,8585000
2020-01-27,118.40502166748047,118.40502166748047,117.75674960071125,118.12601913350036,10935200
2020-01-28,117.4778060913086,118.24096267441145,117.1988034171487,118.10966287900526,10612900
2020-01-29,118.62661743164062,118.74150159266004,117.6993300824903,117.70754414348526,9566800
2020-01-30,118.64300537109375,119.5374613105946,118.4050230435445,118.90559231158808,14711800
2020-01-31,119.72620391845703,119.80006784738046,119.06151620817204,119.1271660775305,14538100
2020-02-03,119.62915802001953,119.80999189393863,118.46196554250632,119.14420015006836,15309000
2020-02-04,118.01814270019531,118.47844267887649,117.59071591617689,118.35515252109894,11388300
2020-02-05,116.72765350341797,117.29481334436215,116.63723653540899,116.96603121100279,10782600
2020-02-06,117.25370788574219,117.44276952019973,116.71943380423609,116.86738199582832,6683100
2020-02-07,118.71682739257812,118.97164799769537,118.25652733805221,118.54422114324882,11374800
2020-02-10,119.04562377929688,119.39084882504798,118.92232105723406,119.26755864522116,6699300
2020-02-11,118.44559478759766,118.95521093825852,118.3140768963831,118.84835108386713,7784100
2020-02-12,117.84552001953125,117.99348074617939,117.53318078279997,117.84552001953125,5595500
2020-02-13,118.29766082763672,118.52781091829009,117.76338651909984,117.90311960683658,7883400
2020-02-14,118.81544494628906,119.25108686571953,118.73324315150737,118.98805115620448,7137400
2020-02-18,119.62915802001953,120.04836951966386,119.11954212564576,119.4647670097922,6909200
2020-02-19,119.62098693847656,119.69496103900309,119.16890208708986,119.28397709087605,5707700
2020-02-20,120.55799865722656,120.77993344363937,120.00728181424269,120.0730407340032,9332900
2020-02-21,121.68412017822266,122.37458273372891,121.36355320475835,121.48685591285052,13860300
2020-02-24,123.50062561035156,124.0842280952111,123.29513372081686,123.9773682991396,15929300
2020-02-25,124.1582260131836,124.74181606790748,123.41023238147022,123.46777614186294,20802900
2020-02-26,123.50062561035156,124.70891892419392,122.94990885146612,123.25403283446401,22589500
2020-02-27,124.84048461914062,125.82684355872345,123.97741584366777,125.51449175333238,30687900
2020-02-28,127.65982055664062,128.21053749286727,126.71456257728201,126.95292772731929,44935200
2020-03-02,126.72061157226562,128.82795502493306,126.57243231284738,127.84013935158993,28152400
2020-03-03,128.68797302246094,131.4620908222875,125.41994126908642,126.6135520026147,38608000
2020-03-04,127.32147979736328,129.52761272642334,126.92635619840952,128.7538201146057,23463700
2020-03-05,130.4907684326172,130.73772545823473,129.08312217912646,129.3465463559868,17786200
2020-03-06,137.28196716308594,139.38930956143642,135.09230159949462,137.7182523052092,76288300
2020-03-09,141.00277709960938,147.92573768256895,140.22075705647387,147.4318362367357,41552800
2020-03-10,133.77523803710938,142.35278884945814,133.38011438392613,139.64452689714852,37728300
2020-03-11,128.8525848388672,137.49598962618677,128.11172659568322,136.17889434858034,29519300
2020-03-12,129.65109252929688,136.94448147496237,128.13644151051957,134.5984090620356,24361800
2020-03-13,126.72061157226562,130.227361608899,125.28004338508586,127.5931822930647,19812900
2020-03-16,134.92770385742188,136.7716226679559,129.90629089497506,132.02187371119186,30496700
2020-03-17,125.93037414550781,136.3436335935267,125.70812405754579,134.5902519794883,18570900
2020-03-18,118.82628631591797,126.88522982863736,114.43048638458752,125.81509108039953,47061000
2020-03-19,122.06137084960938,126.31721836098355,119.56713152051344,120.9665377765888,21175300
2020-03-20,131.23980712890625,131.23980712890625,125.21412569513892,126.19371358993789,20863100
2020-03-23,136.648193359375,137.2161908716143,128.88559418746146,129.65114731386484,19971800
2020-03-24,134.10455322265625,136.19542951734886,132.04659867400864,132.73806838777236,11948600
2020-03-25,133.79989624023438,137.20786665767164,133.04257087644288,134.66423920307557,10750600
2020-03-26,134.45851135253906,136.3847537378536,133.5777133636675,135.00181435170697,10576200
2020-03-27,138.047607421875,138.50035999642233,135.48751111208134,136.25307684009036,12550000
2020-03-30,136.91162109375,140.0314750012078,136.59880794897916,138.54151775607775,13473200
2020-03-31,135.80023193359375,137.4054330967241,135.46272455651865,136.40115081809878,11464800
2020-04-01,137.70289611816406,139.28569916061807,137.17529929697955,138.88999211055435,11334700
2020-04-02,138.5767822265625,139.5000738018985,137.88430096615622,139.1785695869937,5771200
2020-04-03,138.906494140625,140.41509436984,138.6097201188302,138.94771520066067,6570800
2020-04-06,138.5437774658203,138.71690089706516,137.2824909402866,137.66994628644684,9434800
2020-04-07,137.0928497314453,137.19177019005753,134.95773264040758,135.98819601394686,13811400
2020-04-08,136.09539794921875,137.00221103132776,135.30400887656225,136.11188889041233,10147100
2020-04-09,136.3427276611328,136.67247105006652,135.01548976548312,135.42767529110225,14259100
2020-04-13,135.09791564941406,136.60651600115855,135.09791564941406,135.8151143524605,8750300
2020-04-14,135.06491088867188,135.806852167194,134.76813689304308,135.06491088867188,9019100
2020-04-15,138.6427001953125,138.98894706340246,137.45561659477053,137.50507683909697,10027800
2020-04-16,140.21722412109375,140.40683845888358,139.33515392016258,139.53299485851727,8265400
2020-04-17,138.33770751953125,140.83555086029256,137.89255267556274,139.99470142402936,8612100
2020-04-20,139.45053100585938,139.55769062812757,138.4612888208566,138.85698317907833,6462600
2020-04-21,141.2064971923828,141.91545672610292,140.786072528244,141.73409410732083,7850700
2020-04-22,139.76382446289062,140.4645446973408,139.0796077459717,140.11831045949853,6230200
2020-04-23,140.50579833984375,140.909732088221,139.82156888534135,140.03590082164553,5968600
2020-04-24,140.8354949951172,140.8354949951172,139.7885532062337,139.82152250130355,6211800
2020-04-27,138.2140350341797,139.9369672825213,138.0326724207856,139.86277691674252,9039500
2020-04-28,139.80508422851562,140.01942875336022,138.8653017287701,138.94774386584942,9905400
2020-04-29,139.07957458496094,140.3573389989212,138.46129661218112,139.75555196084017,8619600
2020-04-30,137.45562744140625,139.50830321634513,137.43089731729157,139.10436946986974,11606100
2020-05-01,138.63267517089844,138.7647486220352,137.38626503824128,138.26122961039164,10209400
2020-05-04,137.9805908203125,138.40981066809107,137.41928491866767,138.31076187171422,8300900
2020-05-05,137.09738159179688,137.24596740093332,136.42052706969938,136.66816168811354,7831800
2020-05-06,134.8851776123047,135.0750253196906,133.76257850717627,134.73659183614654,14721500
2020-05-07,137.13870239257812,137.32855020614753,134.82746616635933,135.00906410811237,9164800
2020-05-08,135.35565185546875,136.52777518025846,135.10801732877454,135.7766343294135,8129800
2020-05-11,134.2991180419922,135.55379067284971,133.80386147904537,135.09154617601217,8713500
2020-05-12,135.6776123046875,136.1398568377745,134.65407443720028,134.6788366375286,10057300
2020-05-13,136.62689208984375,137.26247209930378,136.05733622547487,136.27194618507198,13305600
2020-05-14,137.96408081054688,138.79777091625567,137.8897942120143,138.11266660283053,10080000
2020-05-15,137.6091766357422,139.07845956158405,137.29550524869018,138.92162386805805,7225600
2020-05-18,134.5880584716797,136.24718912577674,134.06802699410594,136.13987784431657,10073100
2020-05-19,135.09152221679688,135.1245342770513,134.11749640387978,134.15052105934987,8639100
2020-05-20,135.49603271484375,135.95002744079687,134.44773250563088,134.68710467283128,10927300
2020-05-21,135.83438110351562,136.49473550937756,135.61150881505452,136.08201558011544,8920000
2020-05-22,136.65158081054688,136.7588794350369,135.87566527315013,135.96646416785003,4956700
2020-05-26,134.81915283203125,135.19884828043854,134.53024371654107,135.13282414653847,8098900
2020-05-27,134.5714569091797,135.29784800317452,134.20826136218227,134.37334681212315,8047400
2020-05-28,134.0762481689453,134.1918218905342,133.4406682715153,133.6883028552292,10272600
2020-05-29,135.03372192382812,135.44644190960562,134.01018442003718,134.30734331360554,14632700
2020-06-01,134.12460327148438,134.25684647991324,133.62043707433006,133.97583912055677,13341400
2020-06-02,133.63694763183594,133.96754298461235,133.2732851769393,133.62041408077582,11517100
2020-06-03,131.8599395751953,132.51288230667993,131.36404663385977,132.3888996127945,12255700
2020-06-04,129.95074462890625,131.4219153539186,129.91769013895941,131.34753329298522,14038600
2020-06-05,129.0250701904297,129.06639776225444,126.58689478962027,127.78531870411261,17778500
2020-06-08,129.52102661132812,129.6367362909616,128.14903140181005,128.1655649593032,10346700
2020-06-09,130.99220275878906,131.9426742613353,130.835165485354,131.45504149433887,9095300
2020-06-10,132.93438720703125,132.9839752377896,131.45495630666687,131.61199347833605,13135500
2020-06-11,135.44700622558594,135.73627404784696,134.4138798359263,134.92630648954753,17086400
2020-06-12,134.14109802246094,135.2651397461422,133.93447279833865,134.23201362553084,9716100
2020-06-15,134.2155303955078,135.7280291165061,134.0089050939191,135.45528220504008,7759800
2020-06-16,132.15750122070312,133.256749033839,131.16570257026152,131.75252381314007,13698900
2020-06-17,132.7030029296875,132.87657369444415,131.694670667437,132.463323180781,7113900
2020-06-18,134.10806274414062,134.2898939934237,133.57084207851707,133.92623149485757,7691400
2020-06-19,134.2155303955078,134.30644603266316,132.99231214129676,133.06669422313087,8565500
2020-06-22,134.2320556640625,135.06681729084048,133.95104829798757,134.87672555630823,9319700
2020-06-23,133.31468200683594,133.94281854799436,133.1659051928129,133.4634462094481,9088600
2020-06-24,134.74452209472656,134.79411016084995,133.49650952211584,133.50476999599957,11436500
2020-06-25,135.13296508789062,135.83549625064825,135.0503099117747,135.7197865709315,10968000
2020-06-26,136.57928466796875,136.63714578907806,135.69492258063875,135.75278370174806,12119300
2020-06-29,136.1494903564453,136.59580790689827,135.8602226069472,136.24867904065871,7274400
2020-06-30,135.4883575439453,136.61239986193488,135.11643446616108,136.5628117997516,14841700
2020-07-01,135.22520446777344,135.3410498129129,134.17431357716816,134.72044704405238,13181000
2020-07-02,135.3659210205078,135.49004919411053,134.24884321528424,134.62947264478555,7599800
2020-07-06,134.81146240234375,134.8942144844431,133.84332364751748,134.32325794606464,7972700
2020-07-07,136.70635986328125,136.81392240548863,135.04313664930157,135.22518110681372,12791900
2020-07-08,136.16017150878906,136.46633132452496,135.56439218408957,135.96985697140096,7253900
2020-07-09,138.32818603515625,138.55987667137347,136.2015942756926,136.2512404654259,13373100
2020-07-10,137.63316345214844,139.18881196100727,137.49249498875972,138.9736615601327,8478000
2020-07-13,138.0882568359375,138.1544559794585,136.72292317493333,136.94634370604228,8054000
2020-07-14,138.28680419921875,139.13082726784836,138.17095888597095,138.95705298488053,11344600
2020-07-15,137.64149475097656,138.14625246202786,137.21948917335772,137.29395851772526,7840300
2020-07-16,138.29515075683594,138.82473137964377,138.22066881482075,138.51855870428753,9107400
2020-07-17,138.0054931640625,138.51852070053587,137.74897939582584,138.41095814926553,8549900
2020-07-20,138.3448028564453,138.7006091312943,138.02208984796889,138.60958686602154,6907200
2020-07-21,138.42755126953125,138.7833701935432,138.25378951401325,138.43583405630787,8454400
2020-07-22,138.8412322998047,139.39564849675526,138.75849284777516,139.23014434030733,6592100
2020-07-23,140.463134765625,140.5707099843271,139.41224356517964,139.77633265044886,10471800
2020-07-24,140.4549102783203,140.6038489746174,139.735002034274,139.85084745123956,7520700
2020-07-27,139.9335174560547,140.91820923540695,139.8342250501355,140.87683319087526,6146400
2020-07-28,140.9016571044922,140.95130330773796,140.19830222198766,140.28932447000358,8520700
2020-07-29,140.66172790527344,140.99271108553646,139.82597454188098,140.711374119693,6733700
2020-07-30,141.58847045898438,141.7125859771052,141.29058058929726,141.53882425173606,9376100
2020-07-31,141.49746704101562,141.8781090575891,140.62035025966665,140.79411200816847,8886000
2020-08-03,140.78497314453125,140.818115845464,139.97315393499423,140.19682292546145,9066200
2020-08-04,142.1270294189453,142.13530877726237,141.42289211450168,141.51401561695624,9878900
2020-08-05,140.88441467285156,141.29031803259997,140.5696221569331,140.87612267596583,6954100
2020-08-06,141.67138671875,142.69030378122991,141.34002284135528,141.9696078882855,9481800
2020-08-07,140.72705078125,142.06904000051736,140.47853098206366,141.88679299046353,8176900
2020-08-10,140.09742736816406,141.0335128788442,140.0560179464698,141.00866216973222,6408500
2020-08-11,138.432373046875,138.74716556380994,137.41345600553186,138.48207446739332,19234200
2020-08-12,137.1732177734375,137.57085442430662,136.6761909202102,137.26434125923174,11744800
2020-08-13,135.70703125,137.1649949837356,135.16856946997518,136.94132585541007,12744700
2020-08-14,135.17681884765625,135.98035901911288,135.1602601308935,135.69870915124446,6398100
2020-08-17,135.51644897460938,136.237157571484,135.3839034119381,135.8312415258935,6901500
2020-08-18,136.48561096191406,136.57673442034192,135.9305908570301,136.1542598259413,8140600
2020-08-19,135.6324462890625,137.18982531517307,135.27624424896936,136.99100693729426,12497700
2020-08-20,136.8584442138672,137.22292553364173,136.62648317002524,137.00754848465132,10319900
2020-08-21,137.67855834960938,137.7862532062441,136.69277120415984,137.32235634726584,6836000
2020-08-24,137.4549102783203,138.31644398253886,137.39692948221054,137.77799489758476,6490600
2020-08-25,136.40284729003906,136.75904930622985,135.71528133295254,136.14604813599604,10518300
2020-08-26,135.88095092773438,136.1294707122704,135.259657786515,135.89752228410114,8276600
2020-08-27,133.56973266601562,136.5353731474537,133.50345988740784,136.4856590833178,19860100
2020-08-28,133.47036743164062,134.24077771281745,133.07274325052234,134.00882922047805,8415400
2020-08-31,134.35671997070312,135.2348122883912,133.83482966707115,133.86797238108304,11388100
2020-09-01,135.89341735839844,136.067581461348,133.67081614138505,134.15182694696642,10587000
2020-09-02,137.18714904785156,137.30325421861025,135.58655543278422,135.6031328468108,15167700
2020-09-03,137.5770263671875,138.6966226417223,137.2038318271836,137.46092111797466,16416600
2020-09-04,134.9646453857422,136.59011879587314,134.72413353184612,136.34961959649956,13780300
2020-09-08,135.79396057128906,137.05452806406328,135.79396057128906,136.31642779551626,13790400
2020-09-09,135.42898559570312,136.21684303976377,134.98114231287965,135.9597539147612,9558900
2020-09-10,136.1173858642578,136.29983873794436,134.3094472035058,134.73241189001564,8847700
2020-09-11,136.40757751464844,136.48222649428266,136.07585207777245,136.26659357125044,5458200
2020-09-14,136.39930725097656,136.90519683605035,136.20026436922893,136.66468510545744,4274900
2020-09-15,136.06756591796875,136.39929136105428,135.83534292239148,136.15049095148288,6928500
2020-09-16,135.66119384765625,136.747609245303,135.16359301987978,136.65638284869448,8815200
2020-09-17,136.07594299316406,136.8057546273119,135.84373250130298,136.75598438946503,7813900
2020-09-18,135.6529541015625,136.20860138890362,135.46219987784116,136.15054245441817,7246300
2020-09-21,136.34129333496094,137.1706199675447,136.1256729661164,136.74766794055424,11086900
2020-09-22,136.23342895507812,136.73931848238982,135.90169085670968,136.3744129014418,10524100
2020-09-23,136.4158935546875,136.4490610401383,135.5782658564963,136.25831952613606,6224800
2020-09-24,136.93838500976562,136.93838500976562,136.52372176770163,136.80570238973874,8278100
2020-09-25,136.93838500976562,137.1871854859076,136.59837076870676,136.9300963005508,5140300
2020-09-28,136.54859924316406,136.755930862212,136.3163888421918,136.73105208028767,4470100
2020-09-29,136.70620727539062,137.0379455410284,136.47399681670467,136.6730397760873,10297600
2020-09-30,135.3958740234375,136.00958034403214,134.80705914628493,136.00958034403214,12971000
2020-10-01,135.61920166015625,135.93467643146772,134.57317173560418,134.91353840884415,11523900
2020-10-02,135.11276245117188,135.87653199990442,134.63955038240016,135.82672287006153,8828800
2020-10-05,132.47279357910156,133.61844170978767,132.43128174323144,133.61844170978767,14726000
2020-10-06,133.18670654296875,134.0002977765528,131.73388134137923,132.27350973111933,22419400
2020-10-07,132.21534729003906,133.1783655766994,131.88327813418266,132.4644054907445,9429200
2020-10-08,132.92935180664062,133.03728001879998,132.5474734165284,132.80482899848025,8431500
2020-10-09,132.90452575683594,133.053965882539,131.84188827402457,132.43132613865868,8441500
2020-10-12,133.32785034179688,133.39425406116854,132.92105472176976,133.18670760214806,3962000
2020-10-13,134.2826385498047,134.34905497615918,133.8094262623932,133.83434350645945,7914300
2020-10-14,134.5896759033203,135.11269684798512,134.46515313917445,134.7640204407506,6954800
2020-10-15,134.35726928710938,135.47802520464288,134.19123465760114,135.353489731789,9458800
2020-10-16,133.98374938964844,134.75582913750824,133.74300096706438,134.20790320904464,8416300
2020-10-19,133.47731018066406,133.64334485474285,132.87127791984133,133.24485910342702,9286600
2020-10-20,132.20709228515625,132.83802895015762,131.95803400478215,132.71350614378576,11189000
2020-10-21,131.75048828125,132.30671126551937,131.47652543807905,131.82520196548833,10453700
2020-10-22,130.38072204589844,131.692417528635,130.31430564159908,131.41014464345417,12664900
2020-10-23,131.17762756347656,131.3436748244994,130.13159822422105,130.1814073354769,8783800
2020-10-26,132.39810180664062,132.84640948297871,132.00791324923554,132.17396063610866,7227300
2020-10-27,133.28636169433594,133.41088452434994,132.74673320646556,133.0206961001291,6062300
2020-10-28,133.41091918945312,134.0418688058221,132.99582609137292,133.97545239001295,11765800
2020-10-29,132.11581420898438,133.51883073165556,131.55959104731394,133.43580705537988,11932400
2020-10-30,130.81240844726562,132.2901384499933,130.81240844726562,132.02447286101045,13095400
2020-11-02,131.79225158691406,132.29920929267365,131.58448224326233,131.8919768138719,10810500
2020-11-03,131.02769470214844,131.2936329343084,130.51241797775023,131.1856014718235,16228700
2020-11-04,133.8699493408203,134.77582066486053,133.4211604425676,134.33535065661218,21570800
2020-11-05,134.10260009765625,134.41841345066942,133.4543609802724,134.33530066896174,18537500
2020-11-06,132.48204040527344,132.90588527892592,132.09143304512494,132.65655954332823,12408400
2020-11-09,129.69789123535156,129.77268513145512,128.50945705982755,129.623097339248,23245000
2020-11-10,128.94996643066406,129.49016164304834,128.6341529753559,128.78375349464076,12561000
2020-11-11,129.4153289794922,129.59816695874977,128.7920211450859,128.83357753695907,5888200
2020-11-12,131.61770629882812,131.64263760301802,130.23812763579915,130.42927186166608,15999700
2020-11-13,131.44322204589844,131.7257853558464,131.23545266836555,131.60943501167745,7344600
2020-11-16,131.1273651123047,131.54290372976826,130.98608350411493,131.0858087143119,6310400
2020-11-17,131.9833526611328,132.2742347195927,131.80051468402607,131.9501151567635,7444600
2020-11-18,132.3656768798828,132.61500259060497,131.60108733323864,132.5069584903378,10333300
2020-11-19,133.04714965820312,133.57073236696925,132.83938035234127,132.94742444938367,10637200
2020-11-20,134.22727966308594,134.25221096563803,133.29647721785614,133.41282752350986,7246800
2020-11-23,133.61228942871094,133.795127433277,133.2050570219534,133.65384582633632,11300000
2020-11-24,132.28257751464844,132.98899831988638,132.14960209792986,132.96406701440586,10891700
2020-11-25,131.87533569335938,132.89756987041767,131.82547308593854,132.34905582632288,9145800
2020-11-27,133.15518188476562,133.19673827847976,132.62329301642524,132.64822431640752,4708200
2020-11-30,132.98899841308594,133.41284328778553,132.7729101904584,132.99730462117404,13071600
2020-12-01,131.0281524658203,132.05974375989496,130.34596805502144,131.90167602109204,13662800
2020-12-02,129.9882354736328,130.55393818121553,129.34764989485294,130.51235210119486,12114300
2020-12-03,131.03651428222656,131.2944217191473,130.26283005397215,130.56232358939917,9626500
2020-12-04,129.11463928222656,129.60547153636628,128.75691795285044,129.52228672900637,12734500
2020-12-07,130.27935791015625,130.5122957119486,129.92993851330957,130.0713768232589,9316100
2020-12-08,130.89500427246094,131.50231832736378,130.77853534445347,131.08635605674266,7397200
2020-12-09,130.4624786376953,130.87844111870697,129.7886087553557,130.2378553435821,7750100
2020-12-10,131.61886596679688,131.6854087990288,130.47080535118155,130.81189766367143,10025100
2020-12-11,132.0846710205078,132.60046020539377,131.71030749295633,131.98483143744207,8135900
2020-12-14,131.71864318847656,132.0181365971429,130.70369400878306,131.01982946630972,7535900
2020-12-15,131.2777099609375,131.76854244905994,130.87006231982966,131.26106791386957,6847500
2020-12-16,130.92832946777344,131.35260654711075,130.1047193434733,130.26278708700045,9954200
2020-12-17,130.5819091796875,131.96434823086508,130.2737672130361,131.68952509123994,9422700
2020-12-18,130.1904296875,131.06486419706565,130.06550321047473,130.84833005318296,6505000
2020-12-21,130.70680236816406,131.03159098962095,130.29040604796768,130.91500052826225,8988200
2020-12-22,131.38133239746094,131.4396339685417,130.81503963075585,131.21477644886556,7370800
2020-12-23,130.47364807128906,130.49030748557064,129.46597588692555,130.43200588929002,9266600
2020-12-24,130.9899139404297,131.1065043707465,130.62349595043668,130.66512540544682,3117100
2020-12-28,131.0482177734375,131.12316604263526,129.99890388245683,130.2320847471192,7791100
2020-12-29,130.88168334960938,130.98993774267205,130.2154467521351,130.24042951264235,9030900
2020-12-30,131.16485595703125,131.18983872252562,130.48195981376227,130.59856299594753,9097300
2020-12-31,131.35635375976562,131.6478362095014,131.1231728829389,131.1315089404429,7742100
2021-01-04,131.19813537597656,131.73112211040618,130.36534280921742,130.47360990926606,13152900
2021-01-05,130.22373962402344,130.706760726455,129.63246415386635,130.706760726455,10458100
2021-01-06,127.55052185058594,128.125150796624,126.82598362377806,128.1001680343969,22827300
2021-01-07,126.42622375488281,126.72602955455443,125.9681853515783,126.40956434728864,14651900
2021-01-08,126.01820373535156,126.55119058158144,125.46855747621828,126.15144091635246,13622500
2021-01-11,125.80995178222656,125.92654220790524,125.32693067372824,125.75165021568556,8370700
2021-01-12,125.71003723144531,125.88492926425634,124.86058524297482,125.57678736905655,12186300
2021-01-13,127.12580871582031,127.47559285474695,126.22640372472286,126.30135202274616,12533300
2021-01-14,125.93489837646484,127.11746234721828,125.57679094951045,127.06749682424945,14835500
2021-01-15,126.43458557128906,126.88428800871338,126.14310306232754,126.74271478383152,11624700
2021-01-19,126.84260559082031,126.88424775137523,126.17636914415152,126.26797681441103,9575600
2021-01-20,126.96749114990234,126.98413784283633,126.40950925163418,126.57607784016753,5368900
2021-01-21,126.0764389038086,126.37624467129199,125.83493470294302,126.11808106462084,8162700
2021-01-22,126.48455810546875,126.59281251437258,126.10146787595544,126.45957534130571,9507200
2021-01-25,127.97515106201172,127.99181046085715,127.11737627874344,127.21730725701995,8712600
2021-01-26,127.73371124267578,127.91692659998262,127.350621120833,127.50053037108606,7690300
2021-01-27,128.05848693847656,128.6664218135681,127.85861219400394,128.30832719221655,7895200
2021-01-28,127.35066986083984,127.80038507631089,126.71775192535056,127.75040683549575,10667800
2021-01-29,126.58442687988281,126.99249967277865,126.00147482389002,126.101405831374,14965900
2021-02-01,126.73115539550781,127.03130864085612,126.30594359881913,126.44768086438202,8165500
2021-02-02,125.91413116455078,125.97248760646355,125.49725218295114,125.68067995262594,9177500
2021-02-03,124.79692077636719,125.5556437886836,124.71355258998082,125.42223942389688,9633100
2021-02-04,124.46338653564453,124.63848130397834,124.0631862793431,124.36333965210336,8262600
2021-02-05,123.42122650146484,124.70522126606912,123.41289349935622,124.3133538905728,10258900
2021-02-08,123.96308898925781,124.44666998292755,123.42948456902445,123.64626971364396,11574800
2021-02-09,124.05481719970703,124.78852813322536,123.94643733698955,124.41333966845234,5218300
2021-02-10,124.88025665283203,124.88025665283203,124.34665210824446,124.46337770480625,8079800
2021-02-11,124.1966323852539,124.88864052538763,124.02153755801817,124.79692661057673,11962700
2021-02-12,122.6541519165039,123.46289827358159,122.58744974330652,123.14606613142864,14088400
2021-02-16,120.78643035888672,121.44510582868945,120.61134842943517,121.07825053747703,17789100
2021-02-17,121.55357360839844,122.04550049878561,120.87823166179508,121.68697794213521,11199100
2021-02-18,121.06158447265625,121.39509510047144,120.32788653572207,120.56967060902467,10755300
2021-02-19,119.45249938964844,120.32794774002822,119.10232259392374,120.11116254114906,12741700
2021-02-22,118.5436782836914,119.844351142523,118.16015681883682,119.2523775048547,13203900
2021-02-23,118.20189666748047,118.81053655570706,117.67662496109682,117.99345712966343,12658500
2021-02-24,117.42646026611328,117.70993490045048,116.02575309258636,116.1841691300501,17363100
2021-02-25,115.50879669189453,116.65938649388325,113.89965029080274,116.32588847232938,52621700
2021-02-26,119.32736206054688,119.47744501691264,116.45923439970717,117.36803968816942,45423300
2021-03-01,117.75139617919922,118.04356765285239,116.94167691073066,117.41749684140412,22048000
2021-03-02,117.75975036621094,117.8098339924657,117.1086250125698,117.20044923985122,12482200
2021-03-03,116.48252868652344,116.99173333761134,115.83141621299337,116.3489766249216,19763700
2021-03-04,115.7313003540039,116.81649253740302,115.16366881227124,116.55771858529278,22366600
2021-03-05,115.95668029785156,116.31562149662416,115.18870152930661,115.33895242997097,20598000
2021-03-08,115.05508422851562,115.94827167374802,115.05508422851564,115.8898450403855,15236600
2021-03-09,116.6495132446289,116.71629565685419,116.00674367222291,116.25717453370704,14463400
2021-03-10,116.88327026367188,116.99178056143361,116.26554237183586,116.69962177521916,12387600
2021-03-11,116.04014587402344,116.3490161689655,115.58103741961739,116.17371071846084,14150700
2021-03-12,113.57759094238281,113.91150301812931,113.23533584128387,113.86140665368487,20402700
2021-03-15,114.24539947509766,114.4373909529077,113.86975954461957,113.93654195808458,11366500
2021-03-16,113.78631591796875,114.46247056359783,113.31885160679047,114.37900207228581,15567900
2021-03-17,112.934814453125,113.13516168635228,111.9831873858198,112.81794841810304,27107500
2021-03-18,111.79121398925781,112.25033517873271,111.1818419036518,111.2820091677392,21615100
2021-03-19,112.48407745361328,112.55085988152264,111.69105682053892,111.92478894949882,18685000
2021-03-22,113.74453735351562,113.86975915487503,113.00160052024432,113.26873017319006,17047500
2021-03-23,114.77128601074219,114.81301386771102,113.65269667278568,114.01999352368712,16768400
2021-03-24,115.38906860351562,115.43080922239722,114.3205749948793,114.41239926143938,13863000
2021-03-25,114.47911834716797,115.74795858174355,114.43737775138716,115.52256955448044,20782000
2021-03-26,114.07848358154297,114.56264666941198,113.7111865674736,113.87813628183784,8433300
2021-03-29,113.11013793945312,114.23707060799745,112.66771554067815,114.22037181820089,13968100
2021-03-30,113.70281982421875,113.9532379748106,112.701096272075,112.94318413423925,15020800
2021-03-31,113.06838989257812,114.02001704924263,112.67605115156837,113.81132677157547,19271300
2021-04-01,114.94496154785156,115.03691134373692,113.93352654797401,114.14250219727151,14885900
2021-04-05,114.44346618652344,114.49361831846804,113.6326393737772,114.14254063999013,8243000
2021-04-06,115.22084045410156,115.33786633749475,114.52703959010462,114.6524326647246,9282400
2021-04-07,114.41838073730469,115.43818318609839,114.41838073730469,114.89483870657062,11052700
2021-04-08,115.36297607421875,115.41314097162795,114.81964419020218,114.84472026147259,7847900
2021-04-09,114.94496154785156,115.51338194646871,114.59388398761511,114.93660711362976,8717800
2021-04-12,114.89483642578125,114.9617101798509,114.60227810094896,114.90320361683021,7659000
2021-04-13,115.75582885742188,115.78090492378061,114.68587417656299,114.76946956766936,13232800
2021-04-14,115.38800811767578,115.5551988688425,114.9951455660519,115.37965368206287,7293200
2021-04-15,117.3189926147461,117.84560283800222,116.57503944566476,116.60011551558802,23896700
2021-04-16,116.40784454345703,116.80071996492029,116.13199502914024,116.27410976019483,15238400
2021-04-19,116.073486328125,116.44964011171928,115.81435844953488,115.97318205379773,13886800
2021-04-20,116.60841369628906,116.82574378239578,115.71399178431372,115.7307134078178,11476500
2021-04-21,116.84249114990234,116.95116259433016,116.24900731079131,116.64186988823509,11902200
2021-04-22,117.35235595703125,117.35235595703125,116.35762990317575,117.02635447974637,14156400
2021-04-23,117.07658386230469,117.4193071877904,116.60012573712723,117.34407897142587,12302200
2021-04-26,116.90935516357422,117.45268683071724,116.90100072810826,117.15176134071993,9103500
2021-04-27,115.88960266113281,116.87597492942747,115.79765281201102,116.6837080372563,14137300
2021-04-28,115.96481323242188,116.09856076622458,115.32117714137173,115.89793946552052,15263700
2021-04-29,115.62211608886719,115.6555465987513,114.6273894178094,114.89487176148731,17178200
2021-04-30,115.88960266113281,115.96483087726826,115.33790356640202,115.78093117902466,15692000
2021-05-03,115.95906066894531,116.90500732882036,115.75814520053433,116.10973769007671,16447700
2021-05-04,116.7459487915039,117.33193619964565,116.494807681281,116.77106162516944,18639700
2021-05-05,116.93851470947266,117.07245837235571,116.29392200872229,116.38600668025806,11127900
2021-05-06,117.13101959228516,117.35704786659542,116.52828604316933,116.57014502338491,21907600
2021-05-07,116.55339813232422,117.70027286978446,116.28552365307625,117.2817086174361,18346900
2021-05-10,115.37310028076172,116.57018836388411,115.26426944645164,116.31904716278432,15146200
2021-05-11,114.72006225585938,115.0884007697519,114.4940468007056,114.87911868445522,15158600
2021-05-12,113.51467895507812,114.51923103616579,113.3137634294315,114.4104001964106,20859400
2021-05-13,113.69042205810547,114.15921198471278,113.53974505608204,113.79087339278776,13073900
2021-05-14,114.75361633300781,114.75361633300781,114.03368506099,114.2931929427223,17566700
2021-05-17,114.51082611083984,114.82893909565439,114.32666955357712,114.54431841112027,6113800
2021-05-18,114.21781158447266,114.32664237415632,113.90807813514759,114.18431929215451,11423100
2021-05-19,113.94158172607422,114.93776686914742,113.53138408670009,114.30154091635738,14296000
2021-05-20,114.87909698486328,115.09675848753905,114.4103072461191,114.48564571693962,13310500
2021-05-21,115.24746704101562,115.2725798715108,114.73681819833736,115.23910035537253,10171600
2021-05-24,115.6744155883789,116.00927466870048,115.43165393201758,115.51537189548993,6868700
2021-05-25,116.7459487915039,116.7794283118688,116.0427511281663,116.05113058843314,12346900
2021-05-26,116.54508209228516,117.12270305531105,116.26046134265793,116.85481568608108,9793700
2021-05-27,116.07625579833984,116.10136863468296,115.51538116406225,115.94231215546401,10695200
2021-05-28,115.89208984375,116.61202097812516,115.8083718711325,116.00928734127297,10258000
2021-06-01,115.86612701416016,115.9080334730844,115.0613208898564,115.53917732440287,11778500
2021-06-02,116.13433837890625,116.35230048314077,115.9582955079352,116.15110863060244,7347900
2021-06-03,115.69844055175781,116.11760744240655,115.56431686863856,116.11760744240655,10994000
2021-06-04,117.28287506103516,117.28287506103516,116.12598329748282,116.12598329748282,15773700
2021-06-07,116.92237854003906,117.1235831924934,116.79663362722667,117.02297447028897,7799800
2021-06-08,117.74395751953125,117.92001321290023,117.54276563220236,117.92001321290023,11230900
2021-06-09,118.78350067138672,119.16912699908545,118.41463180700933,118.8421773769249,12768300
2021-06-10,119.49609375,119.51286400768196,117.93679237650085,118.06255012117767,19698300
2021-06-11,119.3032455444336,119.37869249392176,118.90922775227784,119.3032455444336,8646700
2021-06-14,118.3895263671875,119.12726436730381,118.21347060190104,119.12726436730381,9401300
2021-06-15,118.24697875976562,118.28050648152076,117.7691223790389,118.03739532091171,18207300
2021-06-16,118.1463851928711,118.76675685670378,117.54279658000958,118.54040313190596,19676300
2021-06-17,119.91522216796875,121.4996720235672,118.7415603460271,118.92599474546856,35225800
2021-06-18,122.17035675048828,122.43023812999499,120.82063908973367,120.9547755410778,26616900
2021-06-21,120.12483215332031,121.13084284287149,119.89849126093287,121.04700435475645,16485000
2021-06-22,120.4181900024414,120.45171770467496,119.1439198544083,119.18583907616309,14530200
2021-06-23,120.10807800292969,120.30089118056502,119.63861315723095,119.97394153502786,12040900
2021-06-24,120.30089569091797,120.63622408128711,120.15838048541319,120.23382745445252,8788400
2021-06-25,119.0517349243164,120.21701796975319,118.51520199962509,120.09965179222553,15562200
2021-06-28,120.27578735351562,120.55243912545745,119.63026655231802,119.64703681509212,11460700
2021-06-29,120.4769058227539,120.48528455215732,119.91521115389307,119.96552190617341,11217900
2021-06-30,121.01350402832031,121.49972643518953,120.77877155881097,120.9296655212269,15708900
2021-07-01,121.02019500732422,121.13771428076075,120.4829622132372,120.8607018200946,10810000
2021-07-02,121.75048065185547,121.75048065185547,120.9698197271428,121.070546863586,9650200
2021-07-06,123.17752838134766,123.38738514121245,122.32130921468008,122.32130921468008,20037200
2021-07-07,124.26874542236328,124.7052509714286,123.58042206483456,123.87422658622488,20964400
2021-07-08,124.7555923461914,125.44392838994152,124.37785289203744,124.9738514862268,17487800
2021-07-09,123.00117492675781,123.38731678679483,122.96760349957908,123.2865768879926,14483600
2021-07-12,122.84172821044922,123.58881763143174,122.69902717595119,123.47129837898407,10610400
2021-07-13,121.90161895751953,123.78194049584154,121.4147496446868,123.24470760041275,23340200
2021-07-14,123.28661346435547,123.32858736725636,122.39682308085858,122.56470588382533,16038600
2021-07-15,124.64653015136719,124.73886764135055,123.42096099419167,124.19323236103409,18462400
2021-07-16,124.41141510009766,124.52053184215615,123.66432598000772,123.68110528885813,12787900
2021-07-19,127.13958740234375,127.55089833241193,126.43445916333079,126.71147154140081,40203900
2021-07-20,125.91401672363281,128.18886892823969,125.71254968576599,128.03776544768053,25674800
2021-07-21,124.31913757324219,124.65490323290557,123.11875036309976,124.38628045826376,19988900
2021-07-22,125.4943618774414,125.75458225068078,124.28558470362044,124.3275586238363,18136900
2021-07-23,124.65489196777344,124.78920334295655,124.14284105744584,124.18481496327027,12639300
2021-07-26,124.28559112548828,125.12501833861047,124.13450037527483,125.07465475520598,10737700
2021-07-27,125.61183166503906,125.65380556871294,125.06620934318983,125.3516113943529,13036500
2021-07-28,125.62018585205078,125.6369779705063,124.46178585128874,124.79755136859849,14346700
2021-07-29,124.92351531982422,125.25928095076146,124.68007435005259,124.88993107154782,11532000
2021-07-30,125.51112365722656,125.6790064888519,125.12498161671317,125.1837476525335,14342100
2021-08-02,126.630615234375,127.10126523926158,125.37833996660471,125.60526508476461,21232700
2021-08-03,126.69791412353516,127.10132677671862,126.39535142758331,126.69791412353516,13361900
2021-08-04,126.95838165283203,127.59713189408416,125.83218167117688,127.32818172424118,18267900
2021-08-05,126.31123352050781,126.840721160583,126.06750864646139,126.70624607354007,15345400
2021-08-06,124.20169067382812,125.0253280213643,124.12605325731168,124.65554082142337,21144300
2021-08-09,123.7562484741211,124.85723579746113,123.73943588523674,124.51264825869502,12942400
2021-08-10,123.18477630615234,124.0252263992854,123.17636359770057,123.95798885292467,13716900
2021-08-11,123.10911560058594,123.73945311692627,122.46197831726958,123.05029076767063,17227600
2021-08-12,122.90736389160156,123.07545126011553,122.22658888911715,122.78128874703296,14709400
2021-08-13,124.84882354736328,124.85722342884944,123.38643624123989,123.40324882845874,18653800
2021-08-16,125.15141296386719,126.08431297971482,125.06736283390822,125.38673793865314,19170900
2021-08-17,125.10093688964844,125.62201157454447,124.94964928239999,125.1261493534825,14126900
2021-08-18,125.52119445800781,125.62204433964803,124.76478187296404,124.9833070488477,13144000
2021-08-19,126.44568634033203,126.45409904694706,125.90779891113301,126.32802386595249,15474300
2021-08-20,126.52976989746094,126.74828231498142,126.15996978761761,126.56338226005975,12388400
2021-08-23,126.44568634033203,126.48771140066356,126.00024891416321,126.2355738629223,10615000
2021-08-24,125.4624252319336,126.12638817948418,125.4624252319336,125.86583780274324,13835900
2021-08-25,124.4201889038086,125.53798873201039,124.03358915826321,125.40352650378631,16743800
2021-08-26,124.76481628417969,124.86567901788611,123.97479112877586,124.3614038221068,16657400
2021-08-27,125.61366271972656,125.6388751938021,124.66395011538421,124.86566273223768,15384700
2021-08-30,125.94140625,125.98341848013277,125.16818115731826,125.21861891712051,10596300
2021-08-31,125.08416748046875,126.14312979974926,124.80681745831822,125.79014235998909,15262400
2021-09-01,125.29366302490234,125.71442218783648,124.9570608307753,125.6134440977085,10807100
2021-09-02,125.84068298339844,125.84910638716538,125.17588895409129,125.58823768148086,9765900
2021-09-03,124.69623565673828,124.97393837050738,124.49427938531088,124.77198209907998,12928000
2021-09-07,123.644287109375,124.14079270315598,123.41708639619941,123.92198971047416,15547800
2021-09-08,124.4858169555664,124.70461996842934,124.03140264675146,124.25861622143513,14533700
2021-09-09,125.99215698242188,126.13521359352161,124.41852141977087,124.6878006757957,20324600
2021-09-10,124.88129425048828,125.52926685209367,124.67933810285439,125.30205334545698,14894600
2021-09-13,125.63874816894531,125.79863878113137,125.34421147907031,125.41994508256158,15036100
2021-09-14,127.16189575195312,127.54900001743991,125.87437312282385,126.00059579604955,19918400
2021-09-15,126.71585083007812,127.27966665555377,126.16885612854912,127.24601156710784,11940300
2021-09-16,126.13518524169922,126.60643346423407,125.8069935981088,125.95005017705324,13328900
2021-09-17,125.5293197631836,125.68921034115395,125.13380501995816,125.53773032603057,13782900
2021-09-20,127.08614349365234,127.38066730146616,126.42133660409606,126.70746268900321,14660400
2021-09-21,126.97673797607422,127.03565044011881,126.39608810159815,126.82527079519586,10035800
2021-09-22,127.73406219482422,127.73406219482422,126.59802014890563,126.89254386130642,22277800
2021-09-23,124.84771728515625,126.60648832078925,124.83088331547154,126.58124378654047,23853300
2021-09-24,123.62752532958984,124.41855502626122,123.48446867984931,124.4101316206217,20203900
2021-09-27,123.17312622070312,123.59388570123083,122.76079014774457,122.91225739726559,13464300
2021-09-28,121.25440216064453,122.07909956697537,120.87572138945991,121.45637123086809,26613500
2021-09-29,121.46475982666016,122.38201177866863,120.91777801615457,121.85186393110901,23569400
2021-09-30,121.44798278808594,121.60786055217595,120.8841539694214,121.2628476501332,22567600
2021-10-01,122.47001647949219,122.51213554087218,121.50103378748184,122.04872301084151,26151800
2021-10-04,122.15828704833984,122.56273815595627,121.41681906476343,121.89708707687518,28027600
2021-10-05,120.97862243652344,121.92231560190179,120.87751612790579,121.83806463033878,22659200
2021-10-06,121.66109466552734,121.93914982293057,121.3577629353468,121.52627770614646,18696500
2021-10-07,120.38884735107422,120.77643021204639,120.14448989550341,120.65004729148126,14856000
2021-10-08,119.54623413085938,119.94225100454341,119.25132357152674,119.86640841192403,17257800
2021-10-11,119.24287414550781,119.56304835089287,119.18388690484176,119.31028262476066,7213400
2021-10-12,121.28195190429688,121.34092629757981,120.05176945989076,120.1781652001054,17968700
2021-10-13,122.46153259277344,122.62162610286879,121.82117140924316,121.84644797853704,23584600
2021-10-14,122.91656494140625,122.983973427375,122.1329525417668,122.48683745046219,12946400
2021-10-15,122.20037078857422,122.29305585707777,121.72852420595795,122.17509421142371,11811500
2021-10-18,122.77335357666016,123.01769814197992,121.77067302100855,122.17511116840471,12115900
2021-10-19,121.07971954345703,121.94758291141721,121.03758763244987,121.8886085214905,12156300
2021-10-20,120.26243591308594,121.06289097176678,120.07706574915686,120.70058474208712,12782500
2021-10-21,120.11921691894531,120.61634023057654,119.8411616284925,120.48995730621573,13660000
2021-10-22,121.44207000732422,121.66955924335254,120.6668915000418,120.86910415428919,13740000
2021-10-25,121.25670623779297,121.58531467515049,121.02078289081108,121.05448071601214,8137900
2021-10-26,122.2593994140625,122.2593994140625,121.1134803869763,121.85494832907246,13671000
2021-10-27,124.48380279541016,124.85453026012492,122.95870958951697,123.35472649148139,22092300
2021-10-28,124.06248474121094,124.9809012652025,123.72544230796571,124.525897194535,17497600
2021-10-29,124.44168853759766,124.70288847663377,123.28734834629924,123.41373126620105,19087300
2021-11-01,123.54568481445312,123.81564956588448,122.92137121232797,123.00574243834872,18035500
2021-11-02,124.09404754638672,124.49901394548402,123.59629082989184,123.59629082989184,9836700
2021-11-03,122.81170654296875,124.84491924935632,122.77795290258311,124.7099433075396,20639400
2021-11-04,124.10255432128906,124.3219015753275,123.04797793471539,123.06484188816279,15922400
2021-11-05,125.95854187011719,126.19476583022936,124.97146042109692,125.30048757077034,21513000
2021-11-08,125.7223129272461,125.94166006058819,125.29203775940604,125.67169534826252,12083800
2021-11-09,127.35907745361328,128.04244084268433,127.0890997391306,127.22408859637194,23430200
2021-11-10,125.03056335449219,127.33375438552017,124.04348148405163,127.24939600560185,28170600
2021-11-11,124.84494018554688,125.41863630913265,124.76901379180944,125.29207944632616,5552500
2021-11-12,124.29654693603516,125.29206049869438,123.81565410193417,124.86179812600572,12712000
2021-11-15,122.73578643798828,123.98441386222912,122.51643923422682,123.92535141896029,15232700
2021-11-16,122.42359161376953,123.49504419281672,122.2042444895684,122.91291631228526,12998700
2021-11-17,123.39387512207031,123.41918392670178,121.87529535119212,121.96809859259001,14239900
2021-11-18,123.85784912109375,123.93377550911416,123.13230026466482,123.16605390816932,11054600
2021-11-19,125.16551208496094,125.36799530369575,124.50745771562491,124.50745771562491,14022100
2021-11-22,123.69756317138672,124.55810093655973,123.28417754876737,124.35561767615303,15266000
2021-11-23,121.90898132324219,123.26727567852078,121.90898132324219,123.11541004576253,15318500
2021-11-24,123.86632537841797,123.86632537841797,122.15368155046176,122.280238435831,13769700
2021-11-26,126.99626159667969,127.1228055697768,125.4270519640634,125.56204078419526,20064800
2021-11-29,125.97545623779297,126.24542104128679,125.00523844441551,125.12335045967734,23234200
2021-11-30,127.89055633544922,128.2955228475652,126.7600537872579,127.24937866779834,31481100
2021-12-01,128.67950439453125,128.73863862061117,126.52555180957164,127.11684251481172,30826500
2021-12-02,128.8399200439453,129.2284811709934,127.34482261546319,129.17778919790553,17754200
2021-12-03,130.3772430419922,131.0276417514541,127.84318594021494,128.12192087919522,34427100
2021-12-06,128.58653259277344,130.3772754881187,128.33312424175548,130.12386713710072,30924200
2021-12-07,127.54759979248047,128.83996848112116,127.42934425524822,128.1557748093569,22115900
2021-12-08,125.34305572509766,127.10844779008171,125.31771615585068,127.100005563298,33633900
2021-12-09,126.04405212402344,126.56775334522794,125.41897981341221,126.14541032454402,17544900
2021-12-10,125.73998260498047,126.90565363311538,125.69774571909814,126.63534787457883,14298700
2021-12-13,127.59828186035156,127.80945338809315,126.96476727712682,127.0323437126706,17860500
2021-12-14,127.29420471191406,127.48847892436994,126.12009143760449,127.01545672592698,14015500
2021-12-15,126.06945037841797,127.37026181673768,125.9680921306999,126.37353801046432,25383900
2021-12-16,126.1184310913086,126.74420775872676,125.7717164686819,125.78863283899317,18677900
2021-12-17,127.54759979248047,127.67444034971612,126.98102379780501,127.13323246648778,18093500
2021-12-20,126.59192657470703,127.70817422782723,126.5073705698185,127.47984849816105,17147300
2021-12-21,126.10997772216797,126.16916566237492,124.83305630013179,125.2727915986521,16598200
2021-12-22,126.69349670410156,126.72731654802861,126.01698369484899,126.617379474294,12253900
2021-12-23,125.59417724609375,126.50746796447235,125.17980992189742,126.49900332508416,11642500
2021-12-27,125.89860534667969,126.00852952613529,125.42505007187974,125.54343889057972,7821800
2021-12-28,125.39959716796875,126.65960186876002,125.16281966630953,126.5073932905817,9174600
2021-12-29,124.02973937988281,124.57094725124273,123.80987811769121,124.23269717042284,11771200
2021-12-30,125.06985473632812,125.12905558982273,123.8436822199743,124.52019519902146,10355000
2021-12-31,125.31510162353516,126.02543447131131,124.67240846309855,124.99375504331685,13402300
2022-01-03,122.02556610107422,124.25804990714033,122.0086497281022,123.8098627989711,33860400
2022-01-04,121.5181655883789,121.88179660095473,120.70636041733475,121.44206127298298,21996400
2022-01-05,120.85858917236328,121.90718500492574,120.68101240687108,121.89026863088415,20911700
2022-01-06,121.17150115966797,121.29835464130558,120.32586289574745,120.57955695560679,18996400
2022-01-07,120.30046081542969,121.12919537055294,119.70851677849328,121.03617467164777,18756800
2022-01-10,120.59642791748047,120.76555292588928,119.53938048566167,119.78460981234278,13775800
2022-01-11,121.39977264404297,121.45897348959959,120.67252354717805,120.82474507617356,24388700
2022-01-12,120.9346694946289,121.7803073810694,120.92621776099215,121.68728669742455,14440600
2022-01-13,122.0086669921875,122.1270558129197,120.95161934157359,121.25604958108694,15166000
2022-01-14,120.16517639160156,121.31524469713372,119.90301774779878,121.28141194800487,22997500
2022-01-18,118.47386932373047,119.49708390821691,118.4062167465348,119.20111839932179,21171700
2022-01-19,119.29418182373047,119.83538973180356,118.6514885617963,118.83752998989152,17930500
2022-01-20,120.02987670898438,120.07216119562894,119.31107914626782,119.54785678738097,13959000
2022-01-21,121.45896911621094,121.85641993991966,120.64715109875641,121.26446311930862,28916600
2022-01-24,120.46109771728516,122.0847206867568,120.44418134893624,122.02553275264808,25001600
2022-01-25,120.26667785644531,121.52668354560718,119.91151132535762,121.01929541352982,15599000
2022-01-26,118.81219482421875,120.56267250032293,118.80374308547594,120.300513758281,23655500
2022-01-27,120.99391174316406,121.23914113664627,120.35968311130729,120.42733571378176,21501800
2022-01-28,121.03617095947266,121.31523304762933,119.95375535272592,120.15670021435852,12826500
2022-01-31,120.41040802001953,120.88396328941712,120.04678983223685,120.23281834228877,13998400
2022-02-01,120.01071166992188,120.55267315424625,119.45181025507395,120.48492635353308,20806100
2022-02-02,120.4171371459961,121.57728293274639,120.18849338928231,120.2054333138402,18404600
2022-02-03,119.47722625732422,119.80748386967579,118.70662085470974,118.92680121053237,17234100
2022-02-04,117.7158432006836,118.67274905535308,117.52107921198001,118.42717819319479,23609800
2022-02-07,117.79205322265625,117.96987725980588,117.32630206591607,117.6311561938387,12962400
2022-02-08,117.00448608398438,117.35168351044017,116.70810843714342,117.03836593706093,16269200
2022-02-09,117.22469329833984,118.02070213835776,117.02146579629773,117.47027709181722,14349100
2022-02-10,115.36168670654297,116.71659684844363,115.03142913614452,116.57263974559105,30896200
2022-02-11,117.07227325439453,117.29244068982989,114.62497634119414,115.90366342630756,43210300
2022-02-14,115.61573028564453,116.64038282446445,115.14151562751906,116.12382480299628,23157400
2022-02-15,114.3031234741211,115.0313851355843,114.26925654814933,114.82815773700207,18198500
2022-02-16,114.9806137084961,115.2261974526087,113.90515434796592,115.12457080063324,16473700
2022-02-17,115.83590698242188,116.4964350765472,115.08224157139959,115.5479927627912,24508200
2022-02-18,117.0552749633789,117.1738285881819,116.14918931410797,116.45404333808368,17522600
2022-02-22,117.36017608642578,117.4279228879837,116.4117467073774,116.59804718131636,19534000
2022-02-23,115.74274444580078,116.73353002102134,115.6496071388002,116.58956000512228,17757800
2022-02-24,115.81897735595703,118.02069024156314,115.37862961028337,117.79205932481237,28150400
2022-02-25,115.90362548828125,116.27622635042796,115.31932076549467,115.89516198555181,15025400
2022-02-28,118.44407653808594,118.58803361849495,117.13152288689237,117.22466018476403,25817700
2022-03-01,119.81353759765625,120.68691194163006,118.71121657037504,119.01647450195297,35664400
2022-03-02,115.71797943115234,119.06732845673484,115.66710527427414,118.5755233760895,30397400
2022-03-03,116.89659118652344,117.6088551359928,116.18432723705409,116.58285864798152,20649100
2022-03-04,118.91471099853516,119.40651609991083,118.12612271820196,119.01645931658042,25853100
2022-03-07,118.00740814208984,119.25387675100869,117.66823846746303,117.96500869813806,23710900
2022-03-08,116.8202896118164,117.22729576819755,116.37935872828292,116.59981770080344,28331300
2022-03-09,115.6755599975586,116.45566045803275,115.42966396897631,116.22672679164312,18819200
2022-03-10,114.01364135742188,114.6156695225578,113.38616317292593,114.32737398042244,26868900
2022-03-11,114.39521026611328,114.85309065920976,113.80165681636052,113.90340513960534,15583800
2022-03-14,111.72420501708984,112.68237822945368,111.69029322075187,112.5212680852337,24385000
2022-03-15,111.5291748046875,112.90282887816403,111.24087927246306,112.65693279208894,17518800
2022-03-16,112.62303924560547,112.88589774042788,110.5031959796228,111.7835766544176,25857700
2022-03-17,111.7835464477539,113.06392677655845,111.13911892689408,112.6230088120984,19330600
2022-03-18,113.14873504638672,113.23352099805064,112.41103386828966,112.41103386828966,55891700
2022-03-21,110.52857971191406,111.6478496880664,110.01981239826011,111.3171548157384,26122000
2022-03-22,109.11253356933594,109.6721751285272,108.82423807708321,109.34996784715345,21830900
2022-03-23,111.50373840332031,111.58853729613509,109.26518478105199,109.69762808202054,21266100
2022-03-24,110.63035583496094,111.2323839378212,109.89265468919089,109.9350411939184,17141600
2022-03-25,109.09559631347656,109.82482277660225,108.23917798459695,109.8078604109033,25684500
2022-03-28,110.0282974243164,110.7066495932858,109.41778176609309,109.71456488329578,17657800
2022-03-29,110.85933685302734,111.54616405530223,110.01139947965142,110.70670139780097,19319700
2022-03-30,111.72420501708984,111.93618932506448,110.22336543234614,110.29120196351747,16310200
2022-03-31,111.99552154541016,112.49580127478556,111.63938955474502,111.91072266923143,19901000
2022-04-01,112.42182922363281,112.91438749826006,110.15437139688397,110.40913174728706,23489700
2022-04-04,111.64054870605469,112.08214201080632,111.00362182903278,112.03967762734275,13609900
2022-04-05,109.11833190917969,111.06307653353358,108.94847435248525,111.04608818620169,25196900
2022-04-06,108.23509979248047,108.95695540363118,107.34340609265803,107.36888212991653,22952000
2022-04-07,107.41986083984375,107.57272358045299,106.50269087534491,107.09715348929385,23458800
2022-04-08,106.25640106201172,106.8593577900913,105.5260576495985,106.53664399255862,26859200
2022-04-11,104.57491302490234,105.46661335264074,104.0823546252153,105.23731602075097,30020700
2022-04-12,104.43055725097656,105.44115021554063,104.17578384639774,105.34773373247218,23124200
2022-04-13,104.64286041259766,105.56003684282656,104.3626109790572,104.49849184834584,17189500
2022-04-14,102.54524230957031,104.39657696405634,102.23102267144641,104.33713070594168,34274500
2022-04-18,102.03568267822266,102.82547223148477,101.64503498767381,102.6471334909617,18784300
2022-04-19,101.2713623046875,101.6705041403728,100.77880401898418,101.18644002625872,26012300
2022-04-20,103.30955505371094,103.5813102997031,101.84037400311954,102.09514738086801,31423200
2022-04-21,102.54524230957031,102.68112317335022,101.20344793594656,102.61318274146026,23323200
2022-04-22,101.89979553222656,103.131191253641,101.74693283850458,101.96773594702623,19773400
2022-04-25,102.91888427734375,103.76812004105375,102.86792572569597,103.08023466662347,25418900
2022-04-26,103.95496368408203,104.48148576531193,103.40295908481858,103.9804397229602,26931300
2022-04-27,102.62167358398438,103.87854569587815,102.5622273240462,103.76814735003767,14560500
2022-04-28,102.77454376220703,102.81700815630451,101.9168200180183,102.23952738402582,16892500
2022-04-29,101.44122314453125,102.73206530880658,101.15248605569539,101.32233063981583,26153400
2022-05-02,99.68286895751953,100.6101087751604,99.47019856005855,100.26133269822083,29233900
2022-05-03,100.35491180419922,101.49482206032765,100.28685571691778,101.26514087848493,21256700
2022-05-04,100.90785217285156,101.20558943022448,99.82748292300283,100.35490784333875,25575700
2022-05-05,98.14315032958984,99.07889890407087,96.99472483935016,98.97681476332906,48384500
2022-05-06,96.69698333740234,97.8624195553351,96.39073741867821,97.09680475852475,32790500
2022-05-09,97.54762268066406,97.58165071133512,95.8037299175094,96.00789161135249,26773000
2022-05-10,98.4323501586914,99.49570197505898,98.23669705898305,98.58547307985572,33640800
2022-05-11,100.32939910888672,100.32939910888672,97.35201323800241,97.60721384710939,34173600
2022-05-12,100.14225769042969,101.13755379064114,100.09121886175836,100.39745832397308,26405700
2022-05-13,98.66204071044922,99.65733648243138,98.59398463453985,99.51272218876244,20782700
2022-05-16,98.55996704101562,99.47870469259713,98.55145840807913,98.85770429193964,11050600
2022-05-17,97.36902618408203,98.12613237460839,97.28395931248544,97.58169660816665,15040800
2022-05-18,99.44467163085938,99.52973848537398,97.4966101586055,97.59018564562706,21337300
2022-05-19,99.68286895751953,100.99291938470145,99.40214247522653,100.92486329986941,21937500
2022-05-20,100.81428527832031,101.24812825170439,99.5807929780105,99.60631238936416,22780900
2022-05-23,99.15542602539062,100.59307972795997,99.13841525236508,100.13371097405881,15925200
2022-05-24,101.11199951171875,101.77553001640005,100.26131804619205,100.29534608363525,23388200
2022-05-25,101.51182556152344,101.75852397682533,100.88231657481452,101.75001534452257,14410800
2022-05-26,101.05247497558594,101.3076755789828,100.21030195106012,101.24812812250492,14912900
2022-05-27,101.29916381835938,101.86061028467957,101.00992870707867,101.53735362165797,11190400
2022-05-31,99.15542602539062,99.72538751960285,98.61949905759808,99.68285085176255,28393700
2022-06-01,99.04212188720703,99.99657629905056,98.59045949564064,99.73239788173431,15544800
2022-06-02,99.0932388305664,99.45968296012713,98.39443915346601,99.39150579608507,9832000
2022-06-03,98.88020324707031,98.90576806156007,97.8916602436457,98.07913771714826,15330400
2022-06-06,97.05650329589844,98.43706175367024,96.98832612475918,98.1302709852765,20815400
2022-06-07,98.1047134399414,98.6671588891786,97.64452725325641,97.67009206889446,14278700
2022-06-08,97.2354507446289,98.1132105773257,97.2184097049449,97.72972541798137,11476100
2022-06-09,97.55928802490234,97.75528923707493,96.87752941327915,97.0138772345646,15527300
2022-06-10,96.95423889160156,97.67008619508323,96.272486675898,97.45703740860094,21917100
2022-06-13,93.91191864013672,95.16464676048696,93.09381193948096,95.01125134775562,36968300
2022-06-14,92.72734832763672,94.57661666740756,92.5398643621706,94.1931249648452,21865900
2022-06-15,94.45729064941406,94.58512119972016,92.91481978045415,93.81814439961539,25202800
2022-06-16,95.20724487304688,95.20724487304688,92.13934357942671,92.42056304255648,26067300
2022-06-17,95.5140151977539,96.15316143462047,94.55955447674309,95.45436180904898,21614300
2022-06-21,93.89488220214844,94.61072316219581,93.57956758780314,93.81818124115226,17663800
2022-06-22,96.47699737548828,96.5622155770902,95.76967394890151,96.03385882611909,23703800
2022-06-23,97.26953125,98.14729100982146,96.71560323114494,97.06500628211236,20669200
2022-06-24,95.92308807373047,97.29512284358839,95.87195844311546,96.69006504162205,18161300
2022-06-27,95.1049575805664,95.63332080386155,94.72999621404142,94.78112583181036,12053000
2022-06-28,95.54810333251953,95.59923295067671,94.48285960936693,94.84077993993058,13706600
2022-06-29,97.03944396972656,97.06500877865362,95.59070861378746,95.7696687780085,12925400
2022-06-30,97.89163970947266,98.6586099902146,97.78937397123227,97.88311593918637,25802100
2022-07-01,98.89665222167969,100.4080210949668,98.38432412130805,98.96496437229064,21858800
2022-07-05,99.67367553710938,100.54463254495822,99.19549705855691,99.81029330626406,16689700
2022-07-06,98.0000991821289,100.36535753689154,98.0000991821289,100.23727384913715,20205400
2022-07-07,97.13766479492188,98.34163560554128,96.92419419240159,98.28186409741984,13088000
2022-07-08,96.061767578125,96.91564995659722,95.67752311365473,96.91564995659722,15320000
2022-07-11,97.71832275390625,98.0171803485227,97.08644496573778,97.16329778412886,13639900
2022-07-12,98.2989730834961,99.24678334684194,98.17088938298305,98.63198679606543,18547300
2022-07-13,99.42606353759766,99.60537805046124,96.87295060468877,97.14619269780549,20594800
2022-07-14,98.61487579345703,99.18698194815727,97.74391861858213,98.26478739974455,15665000
2022-07-15,99.16989135742188,99.75053159111992,98.70879412643181,98.91372405755904,16022600
2022-07-18,98.13671875,98.46973241321216,97.49630685696022,98.40996089711271,15838300
2022-07-19,97.6072998046875,98.32456444315363,97.05228142938881,98.11963448128019,9276800
2022-07-20,97.86346435546875,98.66611591230249,97.38529228651547,98.60634440368332,9117300
2022-07-21,99.55412292480469,99.66513178054589,98.20499399510908,98.35869305223949,14754900
2022-07-22,101.22775268554688,101.84254249001735,100.73249937133536,101.0057414559684,17715300
2022-07-25,100.23724365234375,100.36532730151254,99.45167349219591,99.65660342210295,24868100
2022-07-26,100.31410217285156,101.81693043074654,100.24579002078214,101.49245748032486,13536000
2022-07-27,99.75055694580078,101.17653920813547,99.65662934628348,100.76667924170243,15725600
2022-07-28,100.5446548461914,101.54369571300485,100.17748514540452,100.80082217775653,16637900
2022-07-29,100.27140808105469,101.87670460918922,100.18602114602939,100.50195345708356,16655900
2022-08-01,102.68631744384766,102.73764140503246,101.00966727188171,101.1550895128685,17974600
2022-08-02,100.51349639892578,103.24233298536707,100.3338560395988,102.78039783576473,17896300
2022-08-03,102.09605407714844,102.21581432380998,99.51264607945022,100.23120755941945,16731200
2022-08-04,102.06182098388672,102.267129827904,101.4031397237162,101.77953274463822,11003000
2022-08-05,99.63241577148438,100.17989310139458,99.13626240173932,100.14567495246962,19492300
2022-08-08,101.24060821533203,101.39458658972912,100.56481460139172,100.6332508847778,17476300
2022-08-09,100.84712219238281,101.24917725031997,100.47928528048755,100.71025613465929,8223200
2022-08-10,100.1884536743164,101.719681642184,99.85483486568856,100.71026904708198,14665300
2022-08-11,97.85311126708984,100.13711886655464,97.5964784131624,99.97459081708222,20663800
2022-08-12,98.84539031982422,98.86249612628707,97.8873019968357,98.46044114676116,12178400
2022-08-15,98.75982666015625,99.87189317763597,98.75982666015625,99.51261255867486,9031800
2022-08-16,99.17047882080078,99.24746475970562,97.72479305455053,98.58878335211232,11066000
2022-08-17,98.13538360595703,98.46044615683375,97.78465255441579,98.42622801572413,14131300
2022-08-18,98.28082275390625,98.92239832581866,98.0241899145636,98.34925904792352,10738200
2022-08-19,96.6982650756836,96.95489137290784,96.44163225201554,96.86079963243628,16330900
2022-08-22,96.37319946289062,96.62982575205783,95.9198139517857,96.54428365566875,10457200
2022-08-23,95.84280395507812,97.0746307183659,95.58617120391251,95.97112033066094,17813200
2022-08-24,95.1413345336914,95.6973677286411,94.83337788807131,95.37229875468599,13971600
2022-08-25,96.46731567382812,96.74105436758586,94.94464378189792,95.22693864539832,21429700
2022-08-26,97.19439697265625,97.51090332214186,95.81714794373526,96.0652245449044,18764400
2022-08-29,96.39031219482422,96.67260700698321,95.9198208412259,96.61272688256561,14278300
2022-08-30,96.62981414794922,97.10030541125401,95.98823871241149,96.33896974986466,14346600
2022-08-31,95.70597076416016,96.9549038453591,95.44934443392305,96.39887686662304,13623500
2022-09-01,93.95376586914062,94.51097473800235,93.38798928523954,94.18522498001326,22490400
2022-09-02,94.48526763916016,94.77672694442367,93.8423357761177,94.02235591294065,13024400
2022-09-06,92.14497375488281,93.41369524704083,92.08496705499802,93.35368854715604,24648500
2022-09-07,93.60227966308594,93.85088069056836,92.76217941365435,92.85647658063868,17050100
2022-09-08,92.64219665527344,93.88519566339717,92.62505468299034,93.3022705021532,14671400
2022-09-09,92.84791564941406,93.2679691045204,92.26499059725181,92.86506415872944,12529800
2022-09-12,92.0849609375,93.34510809160466,91.6563398124434,93.12222327530822,14806900
2022-09-13,92.29928588867188,92.35929259392474,91.0734290183002,91.34774631949048,22158900
2022-09-14,92.61647033691406,92.76219997628868,91.82780889298498,92.01639672851891,13077800
2022-09-15,92.55645751953125,92.74505188285472,92.2221335264542,92.45358608310751,10260200
2022-09-16,91.78495788574219,92.62505844706108,91.527782509356,91.75066739954126,18903800
2022-09-19,91.99921417236328,92.4278351863121,91.55345119556108,91.69060651910112,11084400
2022-09-20,91.08199310302734,91.58776291364914,90.35333846625105,90.60193951460808,20133800
2022-09-21,92.60790252685547,92.61647678278028,90.84198514031958,91.46776847777079,23132900
2022-09-22,90.24187469482422,90.8333738478795,89.77896970748515,90.68764425778244,29030600
2022-09-23,90.61054992675781,91.23633996961394,89.63329378111389,90.30194203442366,23042200
2022-09-26,88.8788833618164,90.3619154424864,88.48455268227312,90.31905071069787,25104600
2022-09-27,86.53860473632812,88.27881204216914,86.49574654687478,88.047352966211,34609500
2022-09-28,89.43606567382812,89.5389305352579,87.85016917115284,88.40737127786517,39283100
2022-09-29,88.9731674194336,89.35035607478451,88.1244994851329,88.21022239582933,19127100
2022-09-30,87.82449340820312,89.89045101719749,87.63590554792735,89.38467453033408,26485700
2022-10-03,89.219970703125,89.95036497858867,88.63565397158321,89.23715359705818,27192200
2022-10-04,88.97076416015625,89.92457526357501,88.76453668142751,89.49493085864236,13788700
2022-10-05,88.12004852294922,88.36923644771657,87.28653753229095,88.2747207331317,20522100
2022-10-06,87.6302719116211,88.36925422464948,87.24358803045118,88.15443203150612,13965700
2022-10-07,86.77957916259766,87.32093533407317,86.33275184498412,86.62490690729804,14814800
2022-10-10,85.43046569824219,86.36709362273544,84.8977109952904,86.35849890163422,15652600
2022-10-11,85.80859375,86.70225503093998,85.06101001490534,85.70547671748044,33246700
2022-10-12,86.22966003417969,86.39292706135707,85.232888085371,85.31022095770413,21447600
2022-10-13,85.40470886230469,86.25540289438803,84.50245304692486,84.519642493308,30292500
2022-10-14,84.70011138916016,86.09216184580076,84.42513918788164,86.09216184580076,18728200
2022-10-17,84.28766632080078,85.63675652780944,84.15877819796427,85.31881719448276,18969900
2022-10-18,84.48527526855469,84.60557517710423,83.23930912035449,84.16733604975758,16931500
2022-10-19,82.94715881347656,83.71192543163276,82.76670892607665,83.51429265032277,25431600
2022-10-20,81.52933502197266,82.77530796058674,81.40903509077606,82.43159106180167,25434900
2022-10-21,80.0599365234375,80.71299785197758,79.27798711861274,79.9310418912995,46280300
2022-10-24,79.39828491210938,80.38646832437394,78.92567345881014,79.7591846277998,31332600
2022-10-25,81.70976257324219,81.83006902739261,81.15123014079711,81.27153003909477,31213100
2022-10-26,82.8869857788086,83.08462506095847,82.29407448821136,82.29407448821136,24843900
2022-10-27,83.7548828125,84.12437726944361,82.68077178136782,83.33383312393515,20270000
2022-10-28,83.17916107177734,83.89236581570299,82.8440389537324,83.23071630352165,22244100
2022-10-31,82.58626556396484,83.02450478562169,81.6582318789932,82.80108781201265,23956700
2022-11-01,83.35806274414062,83.91797666227222,82.87567860396128,83.88351971340356,17585100
2022-11-02,82.99626159667969,84.09885749924722,82.66031461299082,83.47865223304547,25010500
2022-11-03,82.54835510253906,83.02212340643679,81.91091134734401,81.97982525147185,29097500
2022-11-04,81.1614761352539,82.40189984857074,81.1614761352539,81.91950919784188,23561400
2022-11-07,80.351806640625,81.71282725900132,80.31734967373004,81.66114509465608,14522800
2022-11-08,81.23040771484375,81.79893099260208,80.77385803004837,80.79970567303013,20360600
2022-11-09,81.49742889404297,81.85060109896273,80.70493883091461,80.8169189794032,15637500
2022-11-10,84.63291931152344,84.78797225100426,83.24605873394188,83.32358848967687,45380900
2022-11-11,84.32283782958984,84.73631464516586,84.02134774114433,84.04718880986951,15943100
2022-11-14,84.11613464355469,84.40900896295491,83.633743746905,84.34010161085655,13741100
2022-11-15,85.4771499633789,85.53744800035828,84.51237479971567,84.63297087367444,26608200
2022-11-16,87.3463363647461,87.38940260648896,85.91640307031403,86.15759505443783,28507700
2022-11-17,86.4246597290039,86.6313948364835,85.9508849285397,86.3126730096266,24528900
2022-11-18,85.83030700683594,86.90706216957925,85.75278378967455,86.65725418318377,14941300
2022-11-21,86.19208526611328,86.8467541700381,85.96812494981603,86.73477401188948,15534000
2022-11-22,87.415283203125,87.53587924066491,86.59694543754289,86.70031628628757,18103100
2022-11-23,88.93997955322266,88.93997955322266,87.93213826292431,87.98382040950611,23234600
2022-11-25,88.63847351074219,88.66431457939748,88.2336125764998,88.38866556042261,9486100
2022-11-28,88.8882827758789,89.42234906129758,88.45758076661036,89.25007088638661,14563200
2022-11-29,87.84596252441406,88.69013456914492,87.785664521219,87.99239959331786,16576400
2022-11-30,88.49203491210938,88.49203491210938,87.3205249582591,87.53587595606994,21581700
2022-12-01,91.3189926147461,91.36216140742144,89.02219940494197,89.06537478525546,53156800
2022-12-02,92.46737670898438,92.4760131020215,90.32601237041928,90.9217983248638,24479500
2022-12-05,91.17222595214844,91.5176093290162,90.57644637938252,91.3880897392358,20159700
2022-12-06,92.34651184082031,92.72643415802222,91.69029076810305,91.95795971651039,21754500
2022-12-07,94.52240753173828,94.70373226748755,93.42581613619622,93.57260847358772,30546700
2022-12-08,94.26335144042969,94.50511771118576,93.65893576353952,93.85752666267338,13377300
2022-12-09,91.81114196777344,93.39989549066598,91.75933020497531,93.20130459412277,25872200
2022-12-12,92.10474395751953,93.34812127485915,91.75073083044522,93.13225752324541,16897100
2022-12-13,92.99409484863281,94.18566688763217,92.78686750657839,94.15112789935003,23854700
2022-12-14,93.39127349853516,93.5294228397337,92.294682223222,92.95954610237914,19517500
2022-12-15,93.75568389892578,94.44812143077675,93.61720035469982,93.81627168769471,20246200
2022-12-16,92.70836639404297,93.33155878124059,92.01592894080717,92.26693735251582,20838300
2022-12-19,91.150390625,91.60912765741521,90.86476626755405,91.60047697634676,26126800
2022-12-20,89.5318374633789,89.85208438828631,89.23754918788198,89.47990035383592,28869000
2022-12-21,89.75686645507812,90.36275092221308,89.11636605594546,90.26754060028577,15894100
2022-12-22,89.73957824707031,90.12041961862948,89.47991247490272,89.73092096037809,11322500
2022-12-23,88.42391967773438,88.98651762246281,88.30273752266007,88.78744633224046,15408900
2022-12-27,86.67554473876953,87.4805006360098,86.56302643616097,86.97848371008052,26475700
2022-12-28,86.16486358642578,87.22947846162762,85.99175091319192,87.11696017670556,17302900
2022-12-29,87.14292907714844,87.41124547743391,86.37259580881559,86.43318359609209,16593000
2022-12-30,86.17351531982422,87.030408204757,86.00906653271026,86.44183831572035,20810200
2023-01-03,87.81803894042969,88.57971481038302,87.28139961622486,88.45853925388073,25313200
2023-01-04,89.02113342285156,89.56642996696392,88.46718619969461,89.34138684394023,21678200
2023-01-05,89.393310546875,89.40196782883424,88.09499560298296,88.17289793347355,14771100
2023-01-06,91.03787231445312,91.14173991940673,88.83939086973503,88.89132137042516,27473700
2023-01-09,91.5225830078125,91.68703841320881,90.25023279539127,90.37141498076019,21472200
2023-01-10,90.00786590576172,90.72626858915224,89.58375144357994,90.47526018398305,20545200
2023-01-11,91.47064208984375,91.50526462406879,90.62240651026335,90.85610696538905,18794000
2023-01-12,93.2709732055664,93.31424642018412,90.50122993068116,91.59181663407355,32029600
2023-01-13,92.39678955078125,93.30561307303834,92.07653600596484,92.6997285236755,17750800
2023-01-17,91.7995376586914,92.31886901983628,91.44466827238648,91.46197623609078,13911700
2023-01-18,94.02400970458984,94.14518529424059,92.71704347284623,93.87686886052457,35497200
2023-01-19,93.4354248046875,93.79895811916393,92.99400234297941,93.56525765960241,17194700
2023-01-20,91.92070007324219,92.8208659393361,91.8428043423509,92.57851486068998,22754100
2023-01-23,91.4879379272461,91.9207096423297,91.30617459933966,91.37541965861038,12961500
2023-01-24,92.8035888671875,93.00266020366146,91.21964244280893,91.85149219693345,16417200
2023-01-25,93.02862548828125,93.40080948624038,92.301565458131,92.93341516762379,11906500
2023-01-26,92.59585571289062,93.17576833050917,92.17173460128288,92.73433925275806,15549400
2023-01-27,92.36213684082031,92.57852269414533,91.84281211355471,91.91205717147605,11845500
2023-01-30,92.02459716796875,92.75165724068125,91.91207887495644,92.14577274615854,11459700
2023-01-31,92.76029205322266,92.85550236316554,91.63508950487352,92.59584328442618,13705300
2023-02-01,93.8753890991211,94.23117147101631,92.3481115534765,93.32869620645006,25305800
2023-02-02,93.99685668945312,94.89065883052261,93.79726665399623,94.51751742380267,19548400
2023-02-03,92.59107208251953,92.94686102083487,92.05305882827207,92.65181572801717,20619500
2023-02-06,91.9055404663086,92.25264323251096,91.70595041723743,91.76669406337894,15182400
2023-02-07,91.16793060302734,92.18322671864638,91.1158665121713,91.4022322530013,18290300
2023-02-08,91.60182189941406,91.61918101125164,90.58653233544,91.15058430005715,13530700
2023-02-09,90.73406982421875,92.52168132889996,90.58655044691167,92.39151444633849,20469900
2023-02-10,89.7187728881836,90.62993437274388,89.48447781474468,90.59522276546365,16598300
2023-02-13,90.47372436523438,90.61256415678224,89.88364035489299,89.99644809931071,13134300
2023-02-14,90.26544952392578,90.96834785857351,89.50181416319644,90.42164841822961,15440300
2023-02-15,89.42373657226562,90.20472458519605,88.94646023497498,89.85762174414356,15246900
2023-02-16,88.15677642822266,88.70347592231522,87.93116093026094,88.57330906083787,19267300
2023-02-17,88.84231567382812,88.84231567382812,87.61876306591755,87.73157081484044,19560900
2023-02-21,87.11543273925781,87.81832434463333,87.01997750635991,87.65345254099506,22728000
2023-02-22,87.91380310058594,88.24356003721519,87.60140527670647,87.63611688164438,15165400
2023-02-23,88.77291107177734,89.02455865177063,88.0526600792104,88.11340373999542,15829100
2023-02-24,87.61878967285156,88.33904078688593,87.26300058499233,88.0266428728605,21403600
2023-02-27,87.86174011230469,88.25223408680132,87.56670139745154,87.89645171768066,14209200
2023-02-28,88.2608871459961,88.2695666998748,87.01997576373331,87.27162986173735,14955700
2023-03-01,87.31270599365234,87.88684207001477,86.95604037417974,87.7041621076779,19000000
2023-03-02,86.53849029541016,86.68637313012144,86.0165399474596,86.17312372446989,23763600
2023-03-03,88.63497161865234,88.64367256149487,87.48669272780704,87.79986030138983,30877300
2023-03-06,87.94776153564453,89.02644638305752,87.85207105499184,88.92206159461908,16631900
2023-03-07,88.48707580566406,89.05251754380807,87.75634936211097,88.2608977830317,23096500
2023-03-08,88.57408142089844,89.57447750312838,88.22611670053041,89.07862993358832,20252400
2023-03-09,88.79157257080078,89.18302879501896,88.14784205037773,88.33922300866254,21550400
2023-03-10,91.8536376953125,91.94063385705351,90.47048633038466,90.49658252415684,43921500
2023-03-13,92.06240844726562,94.90700602230629,91.37518000825364,94.12408712742715,51502500
2023-03-14,90.54877471923828,91.87103938713744,90.25300900794853,91.46218132057487,38417800
2023-03-15,92.29729461669922,93.69784789477423,91.644863212759,92.88883268841336,45164100
2023-03-16,91.57524108886719,93.97618978356577,91.37516590248514,93.41074807805951,43089300
2023-03-17,92.94969177246094,93.7152152519535,92.61042809836692,92.77571278359791,38129000
2023-03-20,92.13199615478516,93.04539593639923,91.96671144516614,92.97580167583607,24242800
2023-03-21,91.34038543701172,91.70574538590985,90.9402283543793,91.4099797044803,18934900
2023-03-22,92.55825805664062,92.60174949591119,90.85323833436858,91.04461925040798,26388500
2023-03-23,92.55825805664062,92.68874564820155,91.18380114769825,91.65355249519278,25475100
2023-03-24,92.94969177246094,93.45424013178594,92.4364491095039,93.15846788647119,23652700
2023-03-27,90.76624298095703,92.00151800348142,90.75754867515116,91.38388381065656,22224500
2023-03-28,90.93153381347656,91.06202141494808,90.48787862322345,90.67925955379833,17794300
2023-03-29,90.74886322021484,90.86194894686307,90.12252797781532,90.20951750884286,16804400
2023-03-30,91.1664047241211,91.38388182829421,90.70534768829948,90.8706324112709,14315800
2023-03-31,92.53215789794922,92.69743597908966,91.4099752776436,91.6448476228823,25396700
2023-04-03,92.96733093261719,93.40338783816765,92.1824271718863,92.33940792403247,18234800
2023-04-04,93.42957305908203,94.01389451237138,92.2260581004794,92.25222045662481,18052400
2023-04-05,94.4063491821289,94.51100526708629,93.67377654853433,93.98773149600173,23047700
2023-04-06,94.65055084228516,94.94707312325879,94.528455389444,94.55461775023808,16447300
2023-04-10,93.12432861328125,93.97900323115451,92.93246247536878,93.87434715946547,19134400
2023-04-11,93.31620788574219,93.3946949602801,92.88887384350774,93.35981625184269,13971200
2023-04-12,93.22024536132812,93.46443616548164,92.33940854317405,93.35978676581607,20563000
2023-04-13,92.48770141601562,93.65633109664748,92.3394369646872,93.35981550139549,22079400
2023-04-14,91.64173889160156,92.05163352802973,91.37137903246928,91.9120920970322,19801900
2023-04-17,90.55158996582031,91.21439175476047,90.44693390002394,91.06613398515816,19528800
2023-04-18,90.87427520751953,91.21439913173884,90.5254349340548,90.53415128330022,15922600
2023-04-19,90.78707122802734,90.909166662669,90.24636477567208,90.6213740831292,16093900
2023-04-20,91.5632553100586,91.81616919146505,91.3539497940921,91.42372051731506,16450100
2023-04-21,91.04869079589844,91.97312938350599,90.9353117326403,91.83359462202792,15244700
2023-04-24,91.92951202392578,91.99927606593202,91.43240080729531,91.53705685085433,17034300
2023-04-25,93.28130340576172,93.42956117419426,92.6882656783304,92.73187403549343,21899900
2023-04-26,92.287109375,93.525509740788,92.15629093552612,93.13306107606857,19610400
2023-04-27,91.37136840820312,91.8074253488151,91.23183364713175,91.74637764327746,20247600
2023-04-28,92.84525299072266,93.10688984473336,92.32198593640285,92.6272244969476,26954100
2023-05-01,90.16809844970703,92.17028048694495,89.91454631358586,92.03913191026244,32487300
2023-05-02,92.41510009765625,92.41510009765625,90.8325919577945,90.92876714899552,30057800
2023-05-03,92.93093872070312,93.20197422614204,92.04787873555544,92.67738657960156,23656200
2023-05-04,92.0129165649414,93.07083700453852,91.93423141008041,91.99543319847051,25110500
2023-05-05,91.7068862915039,91.71563130795255,91.02492175935853,91.2347554606741,15096500
2023-05-08,90.42166137695312,90.81510715395532,90.3342312055619,90.50909154834433,20587000
2023-05-09,90.0981674194336,90.61401009050488,90.05444899929444,90.4916065187085,19182500
2023-05-10,90.97246551513672,91.13858080563982,90.6139932141434,90.64022159314426,22886800
2023-05-11,91.93424987792969,92.25774225133453,91.55829405358396,92.06539849953792,19147200
2023-05-12,91.1648178100586,92.02164940461526,91.14733444590158,91.84678908107003,14198500
2023-05-15,90.2205581665039,90.46536527529769,90.15935638930546,90.39541848121563,20085300
2023-05-16,89.94950103759766,89.96699106845419,89.27628160045244,89.5298336839335,29251700
2023-05-17,89.68722534179688,90.19432959205932,89.48612997686749,90.12438279812793,21340900
2023-05-18,89.02274322509766,89.40744391727135,88.96154144866033,89.35498048711554,25536600
2023-05-19,88.39324951171875,89.05773081212604,88.2446175553299,88.53314312043372,29038000
2023-05-22,88.0784912109375,88.92657782801123,88.01728942777208,88.52439372856789,20131100
2023-05-23,88.33203125,88.52438159085905,87.67629509006771,87.80744365615281,21749500
2023-05-24,87.8948974609375,88.62058060744884,87.8948974609375,88.55063379731632,18473400
2023-05-25,87.67627716064453,88.13092454070032,87.45769848536551,88.04348773419527,22492800
2023-05-26,88.38450622558594,88.45445303131415,87.43150601189367,87.53642622048598,17030300
2023-05-30,89.267578125,89.38998171598597,88.52441155958651,88.65556017007016,23125200
2023-05-31,90.04570007324219,90.21182205796813,89.066471541369,89.17138507235879,23787000
2023-06-01,90.39897155761719,90.84605241186523,89.96941384369362,90.53923025064947,21040400
2023-06-02,89.40837097167969,90.3551422863532,89.36454305361744,90.29377785048855,19136500
2023-06-05,89.24181365966797,89.80286183806801,88.72459339907371,88.84732227008485,14433200
2023-06-06,89.767822265625,89.82918671943354,88.88241512791002,89.2768999469329,14332100
2023-06-07,88.43531799316406,89.79411078167132,88.34765545253656,89.56618282546131,25251100
2023-06-08,89.4697494506836,89.53988215645747,88.36518943174838,88.42655387724477,23845100
2023-06-09,89.34703063964844,89.65385290174554,88.83857849775971,89.0665064731277,22147400
2023-06-12,89.61000061035156,89.68013330497129,88.64569946810688,89.62753043989555,19010300
2023-06-13,88.72460174560547,89.70643949428025,88.51421033096891,89.51357791077069,25910800
2023-06-14,89.43467712402344,89.67137331814445,88.94376159284285,89.09278856649088,29094200
2023-06-15,90.29379272460938,90.84607273836855,89.94313588123813,90.32009081742319,25732000
2023-06-16,89.943115234375,90.14474504670086,89.4434315209482,89.80285654215734,16759100
2023-06-20,90.5655288696289,90.8723577208687,90.39020383025318,90.39020383025318,17162900
2023-06-21,90.78469848632812,90.86359944447013,89.71519823926778,90.12721948410797,19720100
2023-06-22,89.68888854980469,90.51293093291143,89.59245777355936,90.11844625788707,23630700
2023-06-23,90.58309173583984,91.12660352893738,90.27626948357131,91.02141115000158,22901900
2023-06-26,90.67951202392578,90.99510250057418,90.43405425058208,90.83730726224998,12894900
2023-06-27,90.44282531738281,91.12660252583248,90.0834068796028,90.8110120160521,18105700
2023-06-28,90.82854461669922,91.03016779088483,90.14476743776868,90.65321953582277,23826800
2023-06-29,89.18920135498047,89.71518313053271,88.93497538101563,89.56615618696678,41091600
2023-06-30,90.24116516113281,90.34635749581156,89.30316227699693,89.46971903631183,32024900
2023-07-03,89.72962188720703,90.76685718609983,89.71203787690284,90.39766673939666,16011800
2023-07-05,88.876953125,89.65927370216914,88.55171609042792,89.56258179206212,28170300
2023-07-06,87.6199951171875,88.23530138724418,87.4354032361705,88.07707881689598,41375700
2023-07-07,87.09255981445312,87.54964336211795,87.01344520242792,87.18045972288868,28996500
2023-07-10,87.20683288574219,87.4881166289893,86.89038783629749,86.89917983943025,24665200
2023-07-11,87.6551513671875,87.87490455183996,87.27717562133186,87.52329811512902,20485500
2023-07-12,88.6308364868164,88.8857509295256,87.69907862917813,87.98915437843344,31928000
2023-07-13,89.5625991821289,89.63292180428523,88.80664775978423,89.05277023099703,32441500
2023-07-14,89.03518676757812,89.60654629697633,88.99123345518831,89.41316245259534,18569000
2023-07-17,89.07913208007812,89.210985308999,88.70994840416672,88.98244686562555,18822000
2023-07-18,89.48348999023438,89.72082045372116,89.28131413099177,89.48348999023438,15407400
2023-07-19,90.49433135986328,90.52070736735753,89.42194177675049,89.6592721935351,27192500
2023-07-20,89.39556884765625,89.9317670108435,89.0263852060191,89.85265910463546,56951200
2023-07-21,89.4219741821289,89.96695782051201,89.33406753795774,89.79994995052462,20657500
2023-07-24,89.0967025756836,89.79112321677887,89.04396397464664,89.65047800556995,17546700
2023-07-25,88.92971801757812,89.2197938336513,88.60448759319462,88.6308569025949,17160600
2023-07-26,89.01758575439453,89.38677607147173,88.71872474750586,89.37798406940658,19310700
2023-07-27,87.28594970703125,88.71873776253898,86.94313534585864,88.52535392673215,44794400
2023-07-28,87.73426055908203,87.77821387917999,87.15411563053244,87.37386881835208,27434000
2023-07-31,87.94522857666016,88.19135107436473,87.5672528248038,87.59362213436714,28663800
2023-08-01,86.50406646728516,87.19158497827279,86.2925238619393,87.12106853488477,34943400
2023-08-02,85.57856750488281,85.71078417181509,84.979197834452,85.53449976578474,38121300
2023-08-03,83.60413360595703,84.01840925680322,83.33089082553397,83.90382509319748,59394800
2023-08-04,85.0849380493164,85.2171546731443,83.85092743495076,83.8685599046968,42071800
2023-08-07,84.2475814819336,84.7940670244426,84.17706504908818,84.71474108110438,35862900
2023-08-08,85.22599792480469,85.82537431465325,85.005639056843,85.37584034106209,24010500
2023-08-09,85.66669464111328,85.75483682170714,85.35818692180877,85.39344513900977,20151100
2023-08-10,84.25641632080078,85.81656092361996,84.25641632080078,85.53450183226553,37253200
2023-08-11,84.06248474121094,84.50320237946342,83.91263563334381,84.0007845408483,26753500
2023-08-14,83.87738037109375,84.5560825445854,83.64820532655155,83.92144809804833,19072000
2023-08-15,83.36614227294922,83.91262778941508,83.34850980316956,83.56005909162427,24125000
2023-08-16,82.71387481689453,83.55124228041383,82.60810689821359,83.10170845156944,23076700
2023-08-17,82.36133575439453,82.51117817631567,81.99112773136336,82.41421973276218,32244900
2023-08-18,82.65220642089844,83.02241445315953,82.23793737199142,82.3525215695845,24181700
2023-08-21,81.5503921508789,81.76194146774068,81.294781828102,81.67379928145715,29254100
2023-08-22,82.17623138427734,82.22029912264854,81.49752231013542,81.65618096287338,21308700
2023-08-23,84.21233367919922,84.2211499155994,83.05765552904124,83.11935573420652,38294700
2023-08-24,83.65703582763672,84.22115393746311,83.63940335399434,83.85094596397465,22300800
2023-08-25,83.93026733398438,84.18588436880141,83.30444910039127,83.43666573561627,23865200
2023-08-28,84.0184097290039,84.31810121792869,83.63939229363335,84.30928498227334,16037300
2023-08-29,84.89103698730469,85.06732809340154,83.6834748534272,83.7099168381372,28478100
2023-08-30,84.8028793334961,84.9703541725458,84.51200410508878,84.75881160862087,17550100
2023-08-31,85.18191528320312,85.54330701987718,84.9968146588646,85.09377308944454,26959700
2023-09-01,83.85488891601562,84.71244659570976,83.65155453020424,84.69476798411249,32469700
2023-09-05,82.6790771484375,83.35982185473176,82.65255585377459,83.35097917484796,29435900
2023-09-06,82.88241577148438,83.20068478764594,82.62603202263266,83.18299942842125,23636300
2023-09-07,83.11229705810547,83.16533965782139,82.82054926968833,83.10345437648955,18091500
2023-09-08,83.43054962158203,83.89911047957254,83.25372974923474,83.43938555645805,17052100
2023-09-11,82.8293685913086,83.08575232594511,82.70559806355138,82.83820452544276,17061500
2023-09-12,83.30679321289062,83.31562914926529,82.7321403340263,83.00620275141206,20034300
2023-09-13,83.28910064697266,83.57200572125588,82.94431029847088,83.03271686949896,23332300
2023-09-14,82.68792724609375,83.28910137734096,82.57299937724835,83.05040295897311,27800600
2023-09-15,82.18396759033203,82.64369236115448,82.18396759033203,82.62600700728412,25642900
2023-09-18,82.6525650024414,82.68792898090248,82.06023353944401,82.08675483704252,17963400
2023-09-19,82.04255676269531,82.59952425972286,82.04255676269531,82.29009787248533,24941800
2023-09-20,82.29894256591797,82.7498249181503,82.25474264588897,82.47576248100421,29451200
2023-09-21,80.18595886230469,80.77829689086981,80.17712292910777,80.7075689553714,59958700
2023-09-22,80.83135223388672,80.99048674139308,80.15945023052784,80.28322076470076,29524500
2023-09-25,78.84220123291016,79.60251005719515,78.81567993008473,79.26656231308874,45587900
2023-09-26,78.568115234375,79.23117458628941,78.42665933503876,79.06319739207477,38104100
2023-09-27,78.16144561767578,79.23118064449356,77.8785337973712,79.16045268941743,47111200
2023-09-28,78.400146484375,78.44435314392605,77.0032996804284,77.46302465779806,60238000
2023-09-29,78.40896606445312,79.11622519397274,77.91387725430342,78.92172674123398,49010100
2023-10-02,77.09638977050781,77.98326874784422,76.90127531287787,77.88571151902924,44704300
2023-10-03,75.43793487548828,76.84807617784607,75.28716705082411,76.5465337621671,71362600
2023-10-04,76.50218963623047,76.54652952943542,75.71286781386969,76.0676140249103,56281600
2023-10-05,76.12084197998047,76.44011902750061,75.95233276980284,76.36916706886254,35758800
2023-10-06,75.19849395751953,75.99668665211554,74.5510691145828,74.6752316708142,62787900
2023-10-09,76.9633560180664,76.98109738664154,75.34036587726939,75.82815201784213,29424900
2023-10-10,76.85693359375,77.30923698964986,75.84588535861931,76.13855703809531,54743900
2023-10-11,78.46219635009766,78.46219635009766,77.69060908452103,77.91232886316769,58517700
2023-10-12,76.33368682861328,78.21387302946353,76.20952429110298,78.08971049195321,66986700
2023-10-13,77.69945526123047,77.89456968751,77.30922640867139,77.69058457830452,44183800
2023-10-16,76.448974609375,76.59974919662392,76.1829149430278,76.44011069027542,38309800
2023-10-17,75.60641479492188,75.94342629008727,74.94125572047975,75.2871378978818,52949100
2023-10-18,74.94131469726562,75.13642926193421,74.36484169247754,74.83488672571367,63724600
2023-10-19,73.406982421875,75.00336755826096,73.38037713066036,74.39141879492121,87696900
2023-10-20,73.82379150390625,74.0898578579654,73.40695737350953,73.60207179763978,52188800
2023-10-23,74.71068572998047,75.26055315075752,73.09656620627672,73.44244847804539,70890400
2023-10-24,75.69512176513672,75.69512176513672,74.5776523236438,74.88806538864449,46267700
2023-10-25,74.01007080078125,74.61314896220799,73.72626971107171,74.51559170327485,60737200
2023-10-26,75.14527130126953,75.22508717473791,73.9657204401092,74.03667239409269,49704100
2023-10-27,74.82599639892578,75.35812253620702,74.26725820338218,74.66635788110632,32362300
2023-10-30,74.48898315429688,74.94129344719562,73.82382374500224,74.3293446254121,45026900
2023-10-31,74.12537384033203,75.18075561080299,74.09876854383265,74.82600930234169,37269200
2023-11-01,75.7325668334961,75.75036912407504,74.77144682976872,74.78924912034765,72308500
2023-11-02,77.45902252197266,77.69929912854616,76.72928476736207,77.1386491868183,69739400
2023-11-03,77.98406982421875,79.2477675852524,77.93957767962591,79.03418084870401,77692300
2023-11-06,77.22762298583984,77.60138953000106,77.06743635411604,77.48570182526058,41341900
2023-11-07,78.36674499511719,78.75831392628788,77.94847941674571,77.96628170793606,37834200
2023-11-08,79.70162963867188,79.75502972129594,78.71381297993358,78.74051641603789,53893400
2023-11-09,77.8683853149414,79.22996856611488,77.19204086712229,79.14987862879144,88975100
2023-11-10,78.30442810058594,78.69599691947057,78.10864369114361,78.51801479611362,36516400
2023-11-13,78.12642669677734,78.2599166511431,77.33439490100996,77.61917030185238,25661500
2023-11-14,79.89740753173828,80.22668198744638,79.46134649872896,80.09319197623586,65666800
2023-11-15,78.7761001586914,79.32785569772909,78.58921686069088,79.21216797694323,56205300
2023-11-16,79.75501251220703,80.05758349358993,79.42573810048172,79.47023702813597,49473900
2023-11-17,80.12879943847656,80.47586943577238,79.77282829546974,80.23559281825406,44091400
2023-11-20,80.61821746826172,80.68051867056211,79.74609569020103,79.75499683189848,40477800
2023-11-21,80.58264923095703,80.80513030913241,79.99529592557386,80.53815029948848,27721000
2023-11-22,80.867431640625,81.26789489968256,80.43136380168718,81.08991273778682,31197500
2023-11-24,79.91519927978516,80.3245636144719,79.90629813632282,80.18217247740706,20199600
2023-11-27,81.2500991821289,81.2856901827455,80.28007807051266,80.36017479586062,39804400
2023-11-28,81.41027069091797,81.45476282819983,80.79622080601469,80.90301415674051,44989300
2023-11-29,82.43370819091797,82.4960026375086,81.67727368529307,81.97095041475694,61647800
2023-11-30,81.48146057128906,82.13110824856022,81.12549630988451,81.84633276568674,60520900
2023-12-01,83.0160903930664,83.07858207095124,81.35558945374694,81.51628331274824,64172200
2023-12-04,82.68578338623047,82.87325842720539,82.2126243082473,82.56972254342529,33766300
2023-12-05,84.46231842041016,84.47124774722268,83.53386595324912,83.5874282919628,73588600
2023-12-06,85.58719635009766,85.74789021700909,84.69445415860805,84.88192920149099,61606100
2023-12-07,85.09617614746094,85.77466204616185,84.86406129586399,84.97119279915835,47970200
2023-12-08,84.39984130859375,84.56053516352516,83.83741622187479,84.29270980161219,44809200
2023-12-11,84.22130584716797,84.31058552660113,83.49818675912552,83.92670606272162,33909700
2023-12-12,84.47126007080078,84.54267426247745,83.82848466813884,84.05167019344748,36996900
2023-12-13,86.4531478881836,86.57813805733305,84.82835742222689,84.96227010903672,70828500
2023-12-14,88.70205688476562,88.70205688476562,87.25115245774167,87.46610581709646,87798600
2023-12-15,88.80058288574219,88.97970386714368,88.29008057241772,88.38859916209678,59941300
2023-12-18,88.0930404663086,88.21842651572938,87.7885266084101,88.21842651572938,34746000
2023-12-19,88.56770324707031,88.8990845157743,88.3617148410586,88.54083578828845,30018400
2023-12-20,89.16776275634766,89.28419751761781,88.29006057998903,88.76473722294178,51229400
2023-12-21,88.603515625,89.41852469661242,88.44230406325988,89.32896423631794,65231200
2023-12-22,88.20050048828125,89.006551558554,87.98554715871765,89.006551558554,29244200
2023-12-26,88.45127868652344,88.54979726116333,88.2005066176315,88.25424153724366,24019700
2023-12-27,90.01860046386719,90.03650982397617,89.11402403528695,89.36479607496648,45082800
2023-12-28,89.36480712890625,90.07234651867832,89.16776997820689,89.64244665960457,36213000
2023-12-29,88.55873107910156,89.40061442997633,88.48708681140853,88.78263564407676,41616200
2024-01-02,88.04823303222656,88.35274680790398,87.77059354533495,87.97658876120721,47797400
2024-01-03,88.41545867919922,88.53188662334288,87.00933791919486,87.21532634598955,58159500
2024-01-04,87.07201385498047,87.44817190812073,86.93766974085166,87.2511347851352,52604500
2024-01-05,86.2391128540039,87.48402211863305,86.16746172853652,86.4271919335852,45894800
2024-01-08,87.08995819091797,87.2153442589876,86.05999534632188,86.18538824741974,39485800
2024-01-09,86.53463745117188,87.02722338701417,86.50776316403143,86.55254680957388,34374000
2024-01-10,86.13164520263672,86.9197939994147,86.08686836929223,86.80335920005714,48227800
2024-01-11,86.6152572631836,86.72273393432297,85.71963883610111,86.1316224925959,78858900
2024-01-12,86.44510650634766,87.11682047376021,86.22120185054347,86.6779692616318,38883900
2024-01-16,84.92251586914062,85.79126660024555,84.64487641887906,85.63901314900691,61716700
2024-01-17,84.78819274902344,85.08374846255649,84.33143228231907,84.72549973400365,55506800
2024-01-18,84.00006103515625,84.7076004793865,83.74928894515607,84.60012379808914,77339100
2024-01-19,84.26871490478516,84.34036600219616,83.52535697647627,83.92838244161995,47030900
2024-01-22,84.77029418945312,85.15541042594192,84.53743146126693,84.92254769775573,35756400
2024-01-23,84.09858703613281,84.17918942944526,83.67764520520541,84.0896289369778,35786700
2024-01-24,83.60599517822266,84.67178350178504,83.38209052759376,84.64491603699399,54574900
2024-01-25,84.15230560302734,84.38516830458863,83.80301496719855,84.18813115965418,57019400
2024-01-26,83.99108123779297,84.25081135905704,83.73135111652888,84.12542534645027,29276900
2024-01-29,84.95836639404297,85.23600592593006,84.29561065678357,84.46577351518542,38243600
2024-01-30,85.72859191894531,85.83606175077193,84.85088290521428,85.51364542226614,40151400
2024-01-31,86.57048034667969,86.79438495320468,85.97936890560104,86.17640605262726,80646700
2024-02-01,88.26864624023438,88.65500155014986,87.32522526603023,87.53187644632712,84291200
2024-02-02,86.31890869140625,86.81308651336408,85.97748110397036,86.49860597847523,63823300
2024-02-05,84.5758056640625,85.22272678481993,84.47697011200171,85.02505568069836,53827400
2024-02-06,85.40242767333984,85.49227630226541,84.64768410934096,84.67463801251752,33411500
2024-02-07,84.98910522460938,85.56415148734132,84.92621050360891,84.97113824218516,40120200
2024-02-08,84.49495697021484,84.7285689342629,84.15352937276946,84.47698312797375,50087700
2024-02-09,84.32423400878906,84.46799731689072,84.15352364918316,84.24337228924077,27951300
2024-02-12,84.42305755615234,84.58478782724694,84.00974838669077,84.3691497507911,27890300
2024-02-13,82.97647857666016,83.61441279209713,82.95851159179367,83.43471552338666,49768500
2024-02-14,83.39876556396484,83.60542356985685,82.8686538808242,82.93154860348513,44191600
2024-02-15,83.83007049560547,84.20743893032223,83.56051769651496,84.06367560947064,49598500
2024-02-16,83.34485626220703,83.42571796631312,82.96748107801376,83.0932773760852,33116800
2024-02-20,83.41673278808594,83.73121325731066,83.30891718036149,83.3718119032043,24469300
2024-02-21,82.82373046875,83.47065156707134,82.67098711359385,83.40775684112405,36343100
2024-02-22,83.22805786132812,83.34486725601452,82.90459729221591,82.95851195707557,45190700
2024-02-23,84.34220886230469,84.45901141028058,83.33588625854813,83.33588625854813,38406700
2024-02-26,84.09061431884766,84.48595652471828,83.73121979170477,84.45900262068368,27855000
2024-02-27,83.49760437011719,83.98279518746503,83.42572272569286,83.77613717349782,30242000
2024-02-28,84.0277099609375,84.09959160013243,83.47064439470289,83.63237465538626,34574200
2024-02-29,84.6207275390625,84.72855000338139,84.26132617967698,84.29726700111661,51038600
2024-03-01,85.14801788330078,85.18407164244823,83.83208661890023,84.21965593404606,45832800
2024-03-04,84.80550384521484,84.86860307610338,84.43596487739453,84.45398831725491,23864200
2024-03-05,86.01329040527344,86.23862125021269,85.59868247577141,85.8330284799427,37721900
2024-03-06,86.51801300048828,86.68025145334659,85.99525076487852,86.06735139549859,40571600
2024-03-07,86.4368896484375,86.88755121399083,86.05833558374465,86.85149746356059,39075000
2024-03-08,86.28367614746094,86.57209930704813,86.05834533914124,86.34676849872844,25023200
2024-03-11,86.23861694335938,86.53605529419718,85.95920891008518,86.49098637683946,17787900
2024-03-12,85.51753997802734,85.81497827479147,85.34629325161322,85.66175498611301,29566000
2024-03-13,85.10294342041016,85.39136659824634,84.91366635463181,85.17505093400695,38270100
2024-03-14,83.79603576660156,84.49906690298614,83.6968896446446,84.48104346106291,58365600
2024-03-15,83.76899719238281,83.99432803752991,83.63379730998422,83.87715159706035,34997700
2024-03-18,83.51661682128906,83.81404827179706,83.37240179851483,83.57970917461509,29519500
2024-03-19,83.75093841552734,84.06640011622979,83.54363795930117,83.68784607538684,26953100
2024-03-20,83.72393035888672,84.53512279693915,83.18313769236906,83.91320744834032,43460100
2024-03-21,83.90419006347656,84.21064358819132,83.57971997341339,84.06642854678398,34276600
2024-03-22,84.70634460449219,84.91364505840356,84.52607586571136,84.8956216228001,30262300
2024-03-25,84.28275299072266,84.4990686811118,84.09347590206318,84.46301491995497,24011800
2024-03-26,84.5170669555664,84.60720476989276,84.0754205468763,84.28272789265723,34423000
2024-03-27,85.35529327392578,85.35529327392578,84.67029268144415,84.71535470969854,50157800
2024-03-28,85.28321075439453,85.64373456314681,85.01281102127946,85.16603432765426,34540400
2024-04-01,83.69345092773438,84.3716798431964,83.61205987024226,84.36263485918587,48945400
2024-04-02,83.23224639892578,83.37693163453322,82.59922865765361,82.80722187675893,43086300
2024-04-03,83.21414947509766,83.2412844225998,82.33697935293246,82.52688258964658,45494400
2024-04-04,83.81098175048828,83.88332780120528,83.23222714335053,83.76576374396537,47957400
2024-04-05,82.64444732666016,83.35884922497888,82.63540234333185,82.91574163210299,42495900
2024-04-08,82.63539123535156,82.82529446391415,82.40931497763899,82.49975100016391,37879800
2024-04-09,83.404052734375,83.521609899991,83.0513674389278,83.07850238419265,32522000
2024-04-10,81.5864028930664,82.56305400503133,81.43267269006267,82.47261798039382,74368900
2024-04-11,81.21566009521484,81.7853768729872,80.9443726337395,81.73111386125038,65751200
2024-04-12,81.64971160888672,82.24654941138705,81.64066662571682,81.96621702682634,47900100
2024-04-15,80.3836669921875,80.71826230967727,80.04907167469773,80.68208928351898,55993100
2024-04-16,79.85013580322266,80.10334010422916,79.38893831250383,79.6240595488526,45103200
2024-04-17,80.73635864257812,80.82678777318675,79.99482873270671,80.36559713729262,57947000
2024-04-18,80.32940673828125,80.72729620679712,80.11236859258284,80.70016816340956,43839500
2024-04-19,80.6187973022461,80.83582858436661,80.40176602012556,80.83582858436661,44826800
2024-04-22,80.48316955566406,80.59168867252144,80.16666408895719,80.1937921433461,24969000
2024-04-23,80.51026153564453,80.97145895151151,80.07619906130978,80.23897421400997,27222700
2024-04-24,79.94056701660156,80.14855331245572,79.12669109971593,80.08525223554794,48986800
2024-04-25,79.37989807128906,79.48841716361564,78.98200163205848,79.09052072438506,49282600
2024-04-26,79.7958984375,80.13049388517258,79.62408512052389,79.80494342238357,31589800
2024-04-29,80.4650650024414,80.50123113243613,80.0129124852086,80.17568766738441,39228600
2024-04-30,79.77781677246094,80.2390144194205,79.6692976498522,79.95867507750677,41054700
2024-05-01,80.36583709716797,80.95569615522783,80.07544590414234,80.4021368617302,59679500
2024-05-02,80.7106704711914,80.77419331970677,79.88486651702046,80.04821197369871,58925400
2024-05-03,81.52741241455078,81.78151079935307,81.01015281870968,81.60908862624835,50066100
2024-05-06,81.84501647949219,81.89946266020966,81.373126501702,81.55462530987961,23868200
2024-05-07,82.34414672851562,82.79788349657319,82.22617766127117,82.48934581756139,30525800
2024-05-08,81.84501647949219,82.09003121619246,81.81779338913346,81.95390884092716,31171700
2024-05-09,82.24431610107422,82.37136182991837,81.50926482369408,81.55464126548398,39606700
2024-05-10,81.781494140625,82.01743220752884,81.63629509317188,81.92668626460647,21913800
2024-05-13,81.99022674560547,82.22617178671119,81.95392697593742,82.1717255939457,23157500
2024-05-14,82.4530258178711,82.50747200116966,82.05373534442306,82.26245725285415,25746400
2024-05-15,83.57830047607422,83.72349954633052,83.15178686153723,83.36958546692169,65142900
2024-05-16,83.49664306640625,83.86870362077454,83.43312019500318,83.84148052209805,37902400
2024-05-17,82.93397521972656,83.30604255510754,82.88859879032412,83.1608435197966,24755000
2024-05-20,82.68894958496094,82.87044143166706,82.58912699223151,82.65264983092568,17922800
2024-05-21,83.115478515625,83.2788239910681,82.97028638382672,83.24253115072254,15334400
2024-05-22,83.21529388427734,83.28789340558653,82.81601036401966,82.82508011157975,38073700
2024-05-23,82.67987823486328,83.30603691618312,82.41671019377915,83.30603691618312,51294700
2024-05-24,82.92491149902344,83.00658770000848,82.4893281720104,82.55285102901114,19164400
2024-05-28,81.73612213134766,82.90676355178003,81.69982236751967,82.87954045977706,45973700
2024-05-29,80.74697875976562,81.12811589111554,80.47473399538885,81.07366278415701,45508400
2024-05-30,81.52741241455078,81.64538839550582,81.1644285689222,81.30962072247902,29548600
2024-05-31,82.08096313476562,82.27153863416392,81.89947123106631,82.10819315144562,41308800
2024-06-03,83.4085693359375,83.4723092321875,82.50710310407965,82.53441921002569,42272100
2024-06-04,84.38286590576172,84.50124493684211,83.76367549137414,83.95489514105066,42581500
2024-06-05,85.00209045410156,85.00209045410156,84.12794015578291,84.68339090999513,43153900
2024-06-06,84.87460327148438,85.07493066671907,84.55590375503303,84.61053597295943,22891900
2024-06-07,83.31751251220703,83.61800356890593,83.22645651090882,83.61800356890593,35240500
2024-06-10,82.76206970214844,82.91686561371152,82.54353388893418,82.86223339719002,20586500
2024-06-11,83.6180191040039,83.65444290071575,82.78939335984931,82.88955706402469,30329200
2024-06-12,84.24630737304688,85.20241289672401,84.21899126330672,84.70159439439244,42554600
2024-06-13,85.48468017578125,85.58484386634528,84.63784612191216,84.88370497952496,33093800
2024-06-14,86.20404052734375,86.35883644293239,85.8124934221247,85.97639702307984,28776700
2024-06-17,85.34809112548828,85.42093175461748,84.9383287193912,85.1568645010333,31040200
2024-06-18,86.13117980957031,86.14028749354853,85.34809266562773,85.49378087364238,26881000
2024-06-20,85.5575180053711,85.5939417929808,84.9929597181112,85.05670655677355,30246300
2024-06-21,85.5575180053711,86.03102029717027,85.22060318032656,85.81247757151196,22596400
2024-06-24,85.903564453125,85.903564453125,85.35722133679889,85.6395040554856,56939100
2024-06-25,86.04926300048828,86.09479448992252,85.630399696787,85.65771581159558,22890200
2024-06-26,84.81997680664062,85.11136023389244,84.78355300984303,84.93834893588611,38489100
2024-06-27,85.15687561035156,85.32988688974936,85.06581960171572,85.15687561035156,23140800
2024-06-28,83.57250213623047,85.38454291780529,83.57250213623047,85.34812606189743,55119600
2024-07-01,82.13011932373047,83.19887791910489,82.04790337142644,82.59598416629342,49735400
2024-07-02,82.76956176757812,82.95225307813273,82.28542352230431,82.83350442319491,34204700
2024-07-03,83.8565673828125,83.93877635581522,83.20799740607639,83.28107669489519,35563300
2024-07-05,84.55079650878906,84.70609173393908,83.94790982198514,84.28588932379705,34895500
2024-07-08,84.73351287841797,84.8157218659131,84.24023804576979,84.53254828335103,16095700
2024-07-09,84.35899353027344,84.66044044733778,83.92053162293108,84.4686124917222,30289800
2024-07-10,84.62388610839844,84.66042575587382,84.27676991122001,84.45032452519665,23572500
2024-07-11,85.44600677490234,85.99408752306248,85.38206413710407,85.57389205049888,49761800
2024-07-12,85.8114242553711,85.8114242553711,85.26333635919815,85.43689799093472,27796500
2024-07-15,84.82483673095703,85.22676581784256,84.75175744802803,84.9527219914708,37918900
2024-07-16,86.02151489257812,86.05805454870702,85.30900902113163,85.43689433296937,36383700
2024-07-17,86.03978729248047,86.23161525820201,85.58305204955485,85.79314635853366,29036800
2024-07-18,85.3820571899414,85.99408052610215,85.29984125133328,85.57388508772802,34553100
2024-07-19,84.8796615600586,85.09889945753768,84.78831592072174,84.98928050879813,32164700
2024-07-22,84.63301086425781,85.42772543513901,84.3132977053272,85.31811347734805,36160400
2024-07-23,84.51426696777344,84.9801387604606,84.48686397453744,84.77917418442986,23498000
2024-07-24,83.60078430175781,84.81570126283016,83.55511497620736,84.57819707460588,50757100
2024-07-25,84.2859115600586,84.82486272529002,84.00273796346099,84.0666806133129,44999100
2024-07-26,84.94361114501953,85.08976975528113,84.68784054628784,84.90707149245412,34423800
2024-07-29,85.40032196044922,85.58302017110303,85.15368808759673,85.56474686542559,25801300
2024-07-30,85.72920227050781,85.91190054616067,85.22679769322231,85.63785661729469,28169800
2024-07-31,86.60612487792969,86.63352787437387,86.08544703781246,86.35035428548277,47445300
2024-08-01,87.35307312011719,87.90298790739536,87.1789399637723,87.19726719353497,77254200
2024-08-02,90.07511138916016,90.15760139200277,88.80115583962241,88.90197306951009,91912900
2024-08-05,90.55170440673828,91.59653117360821,89.7268393296157,91.36740237398838,90686300
2024-08-06,88.52620697021484,90.19427148185922,88.52620697021484,89.95597555270194,61316900
2024-08-07,87.90299224853516,88.39790439359585,87.52721759150103,87.93964670987071,51337100
2024-08-08,87.36223602294922,87.4355589233819,86.92230561280972,87.17893576432414,37815800
2024-08-09,88.2237548828125,88.48037801935902,88.06794198494694,88.45288368222275,32141800
2024-08-12,88.54454803466797,88.73701541801185,87.87548875617595,88.01296745640934,24261400
2024-08-13,89.15861511230469,89.23193802094768,88.88366469357963,89.17694933569415,30366900
2024-08-14,89.71768951416016,89.96515258122713,89.36941618888734,89.40607764298828,31334100
2024-08-15,88.99364471435547,88.99364471435547,88.1779465606683,88.36125383773475,38723700
2024-08-16,89.30525207519531,89.39690220568345,88.91115022088526,89.30525207519531,28541000
2024-08-19,89.71768951416016,89.96515258122713,89.27776604986369,89.28692616904588,25322100
2024-08-20,90.43256378173828,90.60670392788217,89.92848455770334,90.11178482236025,25239300
2024-08-21,90.48756408691406,90.91832043015275,90.01097218647965,90.43256841073641,29230000
2024-08-22,89.5893783569336,90.09346461270238,89.2960937151565,90.02930881582793,33453800
2024-08-23,90.1759262084961,90.43254933500259,89.78182440923091,89.99262597312168,32005100
2024-08-26,89.94680786132812,90.46005417393161,89.89181918282249,90.45089405581838,23198700
2024-08-27,89.79100799560547,89.89182524129833,89.2777616484105,89.35107756054047,21507700
2024-08-28,89.6810302734375,90.00180926416597,89.57105290087777,89.82767609346055,18501400
2024-08-29,89.38773345947266,89.48855069890209,89.02112595177077,89.24109465186586,24988200
2024-08-30,88.43455505371094,89.80932793709158,88.41622782528005,89.52521044544565,42896200
2024-09-03,89.88094329833984,90.16598547723078,89.57750722810583,89.70623640665103,48947900
2024-09-04,91.03948211669922,91.05786898660689,89.93608051152201,90.00044507901647,40885200
2024-09-05,91.5544204711914,91.6555658178127,90.8280161705537,91.34293283319779,47450900
2024-09-06,91.54523468017578,92.6670235592247,91.20502485028386,91.53604474951844,57406400
2024-09-09,91.94061279296875,92.04175814489788,91.17743470370412,91.39811228281596,26961400
2024-09-10,92.58426666259766,92.78655736862409,91.78430078382418,91.83027849527159,31703400
2024-09-11,92.51068878173828,93.0899699614494,92.27161735184576,92.40034650289267,39497100
2024-09-12,92.07853698730469,92.45553456665928,91.66476565821104,92.28082768693753,41618700
2024-09-13,92.3268051147461,92.51070192373373,91.96819441135706,92.37277580938621,25722100
2024-09-16,93.17273712158203,93.20951788463053,92.32680061710634,92.52908429105321,30866300
2024-09-17,92.7221908569336,93.45779218919331,92.63024244420468,93.30147918603274,31699400
2024-09-18,91.57282257080078,92.62105697508875,91.52685186982904,92.17049780514972,48897000
2024-09-19,91.26937103271484,91.31534172237238,90.81881197366627,90.95673807306454,39979800
2024-09-20,90.91995239257812,91.26016915065655,90.7728363723364,91.02109772564975,37067600
2024-09-23,90.72686767578125,91.11305515936392,90.12919256154342,90.57055469650443,35703900
2024-09-24,90.70848846435547,90.92916604287022,89.97288718235461,90.11081329963149,31005400
2024-09-25,89.95449829101562,90.4050503831558,89.91771752621857,90.349882743567,36738200
2024-09-26,90.16597747802734,90.34068435421679,89.5774992811101,90.17517442288298,33332300
2024-09-27,90.63490295410156,90.80960979077818,90.30388316629949,90.6073191409867,28317600
2024-09-30,90.2027359008789,90.76363013952084,90.0004452554393,90.69926557190021,34175500
2024-10-01,90.85401916503906,91.62889720542644,90.76177362253394,91.13998949605386,45254200
2024-10-02,90.08837890625,90.15295149271503,89.53489155039657,89.81163522832328,35810800
2024-10-03,89.23969268798828,89.94999810622508,89.23969268798828,89.79317295081844,39677800
2024-10-04,88.14195251464844,88.52016130263948,88.00358069938035,88.04048031931069,56954100
2024-10-07,87.47777557373047,87.88365732713736,87.41320299674189,87.61614739238686,42606600
2024-10-08,87.62538146972656,87.66228109664569,87.02577484858811,87.07190114170807,33709600
2024-10-09,87.12724304199219,87.55158521303554,86.9243056601294,87.33018746173887,35807700
2024-10-10,86.78593444824219,86.79515407619951,86.16788155667287,86.60143632083675,53667400
2024-10-11,86.43539428710938,86.77671055530304,86.17710393837218,86.23245689730456,27406400
2024-10-14,86.49996185302734,86.50918851862784,85.77121714191523,85.82656305975064,28795300
2024-10-15,87.55157470703125,87.6345935753925,87.05344038321464,87.13645925157589,46429100
2024-10-16,87.92057037353516,88.20654071919515,87.76375223945703,87.99436962647219,32281500
2024-10-17,86.52763366699219,87.11801352768411,86.40770813917837,86.9796417082975,43427200
2024-10-18,86.59220886230469,86.97041767298732,86.58298219729781,86.7582536430121,25258600
2024-10-21,85.07936096191406,85.87267821864661,85.07936096191406,85.80810563828872,49504700
2024-10-22,85.16238403320312,85.56827286568203,84.95021295134812,85.4668006575623,32096900
2024-10-23,84.93177032470703,85.20851400205102,84.55356147274658,84.7195992336921,33354200
2024-10-24,85.47603607177734,85.78967235596946,84.83030313238882,85.07937386431502,32507400
2024-10-25,84.99633026123047,85.82655413181809,84.88563139919111,85.7804278464976,28667100
2024-10-28,84.76573944091797,85.13472872532142,84.33217755958529,85.11627539026438,33156500
2024-10-29,84.8948745727539,84.92254753417437,83.92628573361607,84.10155016857374,46545200
2024-10-30,85.14393615722656,86.05717897544528,85.01479099254446,85.64206348506686,41951100
2024-10-31,85.28231048583984,85.73432565065569,84.74728347427964,85.05169308913624,52173800
2024-11-01,84.07996368408203,85.63494354254672,84.04294657508584,85.39429702587896,80402000
2024-11-04,85.38504028320312,85.68122659033786,84.81117622366271,85.41280664611598,49747600
2024-11-05,85.83856201171875,85.98665867538541,84.78339799882536,85.18139895538252,46986000
2024-11-06,83.48760223388672,83.96890945481768,82.88597880018216,82.96927789901284,98895700
2024-11-07,84.53353118896484,84.80195121465266,83.90413421257568,83.99669113758924,56221400
2024-11-08,85.607177734375,85.70899243887014,85.00554731553241,85.15364399903027,56756200
2024-11-11,85.19068908691406,85.4313427258669,84.80194578974123,85.38506073550049,22369200
2024-11-12,83.91337585449219,85.01481505470888,83.77453696290405,84.57053907559406,57908400
2024-11-13,83.11737060546875,84.72788332685808,83.04332225786395,84.70936770913733,49009100
2024-11-14,83.59866333007812,84.25582646812111,83.55238135151853,83.8208012915595,53328300
2024-11-15,83.37651824951172,83.90410027650657,82.84893622251687,83.22842158007703,73722400
2024-11-18,83.52460479736328,83.84855742283627,82.76562704841047,82.98777204442418,36010600
2024-11-19,83.95037841796875,84.29284668297845,83.87633714204185,84.0614509243163,29585100
2024-11-20,83.68196868896484,84.07071188329604,83.40429094350633,83.44131511367668,27755400
2024-11-21,83.6171875,84.08923693523666,83.30249258426875,83.71900222253417,28365700
2024-11-22,83.66345977783203,83.95038829259873,83.44132180064616,83.77453229724445,21547500
2024-11-25,85.8293228149414,85.87559773233541,85.14438624578017,85.33875784676748,56858000
2024-11-26,85.49610900878906,85.56089953992819,84.9777776980378,85.30173741537169,31122200
2024-11-27,86.08849334716797,86.43095460351573,85.77379139465359,86.11625971264057,39442200
2024-11-29,86.97705078125,86.9955593373514,86.48649283571335,86.80118772091079,31905700
2024-12-02,87.18603515625,87.44609675954395,86.37798052931757,86.62875219359468,39406000
2024-12-03,86.4337158203125,87.33464868142526,86.3687004120955,87.24177053913641,32768900
2024-12-04,87.36250305175781,87.48325100270662,85.95073700013921,86.0157524021319,35851100
2024-12-05,87.53895568847656,87.66898646159962,86.99096987119306,87.0466953207756,23695800
2024-12-06,87.66899871826172,88.09624375913262,87.32534186345077,87.97550290610823,31761500
2024-12-09,86.86094665527344,87.3439242535633,86.8145111348416,87.2974816469846,30509600
2024-12-10,86.45227813720703,86.65661426041933,86.29438461877811,86.39654559423767,28706500
2024-12-11,85.63495635986328,86.64734730628535,85.55136815245653,86.44301112887089,38748400
2024-12-12,84.5947036743164,85.2169950162665,84.52039832676023,85.11482693491374,45368400
2024-12-13,83.73089599609375,84.38104985830999,83.66588060987213,84.33461434594919,39486000
2024-12-16,83.98167419433594,84.16743751679341,83.63802444854544,84.10242212546984,23482300
2024-12-17,84.18602752685547,84.51110454997028,84.01884404551818,84.0745695105814,23839900
2024-12-18,83.13333129882812,84.26154182629688,83.11467919315763,83.88857796352104,61328400
2024-12-19,81.87458801269531,82.41538532831446,81.59487041453346,82.11701562205819,99083300
2024-12-20,82.3407974243164,82.90024689084089,82.32215242849014,82.54592794688266,45542400
2024-12-23,81.58554077148438,82.26620041308924,81.52959867705192,82.20093226501984,32764600
2024-12-24,81.9305191040039,81.94916409427998,81.10067831969849,81.15662040422005,22377600
2024-12-26,81.8839111328125,82.01444743001652,81.30581673541278,81.31514278912583,19981800
2024-12-27,81.21257781982422,81.84661431430246,81.17528071853789,81.56689672519703,27262300
2024-12-30,81.86524963378906,82.08902508192301,81.7440323010427,81.89322067559415,48519600
2024-12-31,81.42701721191406,82.31280006126555,81.36174907684283,82.17293773934342,31917300
2025-01-02,81.65081787109375,82.1636441719288,81.31515104030997,81.86527444608714,27841300
2025-01-03,81.3897476196289,81.9398639277258,81.287182356476,81.79068261730967,21962200
2025-01-06,81.0261001586914,81.33379591181088,80.8116436027823,81.16596251135432,30231500
2025-01-07,80.11233520507812,80.90487901482888,79.99112496574499,80.74637167561761,41757200
2025-01-08,80.21491241455078,80.37341977740179,79.5715497946672,79.69276716577309,44590800
2025-01-10,79.6834487915039,80.04708671248085,79.40373114428112,79.51561535769177,47115800
2025-01-13,79.65544891357422,79.86990543450045,79.29181112418533,79.74868809557509,33258900
2025-01-14,79.52494049072266,79.59020865235368,79.15197651838992,79.46899838466638,33412900
2025-01-15,80.89556121826172,81.10069171364296,80.55989442830962,80.83961201080669,54120700
2025-01-16,81.1566162109375,81.49228292810999,80.44798568427414,80.78365240144663,34651100
2025-01-17,81.29650115966797,81.56689981897891,81.156638802963,81.52027666217893,29875600
2025-01-21,82.02378845214844,82.21026687827163,81.70676659130383,81.94919423622076,30548600
2025-01-22,81.59485626220703,82.03308824838197,81.41769683451238,81.93052301273704,25278400
2025-01-23,80.9608154296875,81.109996691935,80.68109078164517,80.78365601168113,31949000
2025-01-24,81.32447052001953,81.3804126160622,80.74637611069758,80.85826741647774,21110400
2025-01-27,82.28484344482422,82.45267683781469,81.91187955887932,82.2009303051762,42864200
2025-01-28,82.22889709472656,82.23821603396426,81.73472299475317,81.90254926536082,25519100
2025-01-29,82.06107330322266,82.6298416657502,81.70675438733637,82.45268220780707,25342800
2025-01-30,82.36875915527344,82.71375200543652,82.2102518107504,82.43403441751845,25094900
2025-01-31,81.82795715332031,82.66712402324839,81.52026144873108,82.4060443530646,48790100
2025-02-03,82.49420166015625,83.37378557985296,82.15733730314074,82.88720769698293,70657200
2025-02-04,82.74685668945312,82.76556820536825,81.85791333244384,81.92341434675953,33414000
2025-02-05,84.11302185058594,84.38438522259693,83.64515544485832,83.70129712904169,48331200
2025-02-06,84.07559967041016,84.35632239615128,83.7948840837445,84.08495899835498,22509900
2025-02-07,83.5328598022461,83.70129198351668,83.22407341914531,83.50478896188005,31171200
2025-02-10,83.28022766113281,83.77616495326727,83.13986629905739,83.52352021279185,22736100
2025-02-11,82.74685668945312,82.98078990330558,82.70006719105258,82.84042854717907,21513000
2025-02-12,81.62397766113281,81.9701942382028,81.27775394498791,81.6801193462631,48536200
2025-02-13,82.98078155517578,83.177284578354,82.40998399967383,82.42869551370653,42718100
2025-02-14,83.42056274414062,83.91649988004542,83.39249190838348,83.63577724432756,27460700
2025-02-18,82.43805694580078,83.13049720788686,82.38191526319436,82.84978165578015,29429200
2025-02-19,82.54100799560547,82.76558191917346,82.2415737178227,82.29771541394562,20584300
2025-02-20,82.84980773925781,83.05567015905885,82.76558804975883,82.76558804975883,27913400
2025-02-21,83.85102844238281,84.15046269446962,83.11179857087069,83.15858807300876,46912300
2025-02-24,84.09431457519531,84.27209896376401,83.52351696030466,83.58901797484579,26218000
2025-02-25,85.54469299316406,85.61955333240643,84.9645432117229,85.12361607830677,50125100
2025-02-26,86.04999542236328,86.14356728323791,85.33883642938042,85.54469880674984,32220200
2025-02-27,85.44175720214844,85.89091207429723,85.28268434414606,85.44175720214844,53373600
2025-02-28,86.48979187011719,86.5365813705513,85.5914891465707,85.94706507701343,49388600
2025-03-03,86.89341735839844,87.02483169819261,85.76700668543563,85.80455466274032,42904200
2025-03-04,85.82333374023438,87.09993645137443,85.67314181584372,86.77140056870128,56722000
2025-03-05,85.13809967041016,86.17065129588171,85.0536220800782,85.94536339857221,50215900
2025-03-06,84.85648345947266,85.23195605119369,84.22757098622775,84.93157941012566,42827500
2025-03-07,84.58427429199219,85.56988904657814,84.4716303549826,85.55111147630417,36903600
2025-03-10,85.46662902832031,86.01105678900569,85.33521469006409,85.49478822058317,41440800
2025-03-11,84.85648345947266,85.87963893132985,84.61242520062238,85.39152957517332,40555700
2025-03-12,84.349609375,84.83771880545899,84.27451341291551,84.48102372787531,32734600
2025-03-13,85.09114837646484,85.14746675566607,83.89902349871879,84.08676336529562,38675400
2025-03-14,84.64059448242188,84.86588236123931,84.34960659088047,84.49040972475514,24658000
2025-03-17,85.06301879882812,85.58867628514678,84.83773088050916,85.23198115679429,26700300
2025-03-18,85.14747619628906,85.43846406981652,84.59365964195686,84.61243004992387,23654700
2025-03-19,85.58866119384766,85.62620917361356,84.83771592161939,85.1193221890912,31378700
2025-03-20,85.64496612548828,86.58364398750845,85.56987733929992,86.5460960136424,35645800
2025-03-21,85.13809967041016,85.83272661146293,85.06301086618579,85.72947144891577,29192100
2025-03-24,84.26512145996094,84.72507883928103,84.19941428599304,84.66875328906222,27985600
2025-03-25,84.2557373046875,84.55611397116495,84.02106781020372,84.07738619718555,22333800
2025-03-26,83.70191955566406,84.10555140148448,83.62682359329163,83.90842987141569,25095600
2025-03-27,83.45787048339844,83.5705072681964,83.19503460859745,83.40154492945415,23674500
2025-03-28,84.61243438720703,84.80016712267815,84.30266892828936,84.36837610185874,39869400
2025-03-31,85.44786071777344,85.73884861807859,84.81894815060967,85.63560062244217,38824300
2025-04-01,86.18830108642578,86.58396823092895,85.92452778161267,85.96221070905504,39800100
2025-04-02,86.13178253173828,87.01731338148413,85.40640592461374,87.01731338148413,43488400
2025-04-03,86.5274429321289,87.35645298702843,86.51802040315494,87.1586158149938,57467400
2025-04-04,87.46949768066406,88.63763975983973,87.44123728002592,88.22314190500681,92794200
2025-04-07,84.83174896240234,86.84773879971537,84.59623606376967,86.55569791805821,124987600
2025-04-08,83.23027038574219,84.9730646797275,83.10780624609028,84.1063787976883,73861900
2025-04-09,83.72013092041016,83.75781384807289,80.91281390144745,82.21284256303542,131353500
2025-04-10,81.41210174560547,83.0701146595512,81.34615841769599,82.65560963424385,78592000
2025-04-11,81.85487365722656,82.24111831365087,80.07439647528818,80.89398406192818,94814100
2025-04-14,82.4389419555664,82.62734941077092,81.78892401672856,82.33531569901882,37596400
2025-04-15,82.73096466064453,83.07952631241169,81.99616562090873,82.0997918636697,22553900
2025-04-16,83.19258117675781,83.37157329506225,82.40126121910774,82.71213999702051,35607300
2025-04-17,82.45780181884766,83.08897486813771,82.17519056066443,82.93825030123045,31758400
2025-04-21,81.01644134521484,82.02443631632094,80.99760347474867,81.58167089388752,39343200
2025-04-22,81.46864318847656,81.97734483792671,81.39327731919325,81.78893735200332,32552100
2025-04-23,82.25994873046875,83.89911656790623,82.11863954733299,83.72954698560004,44082200
2025-04-24,83.12664031982422,83.23026658221117,82.67445952693942,82.92881032452661,24190800
2025-04-25,83.73896789550781,83.94622040179567,83.46577206333593,83.74839042414366,22513900
2025-04-28,84.26652526855469,84.34189113270337,83.47520525684679,83.52231071876082,20130500
2025-04-29,84.97306823730469,84.98249076760608,84.12522737958264,84.14406525290067,22129500
2025-04-30,84.28536987304688,84.83176160424735,84.15348320514114,84.57740361094035,42630600
2025-05-01,83.85800170898438,84.41585391948367,83.48925023098946,84.39694673172545,29932800
2025-05-02,82.95028686523438,83.27175948214985,82.77063615947047,82.9313724679282,32090400
2025-05-05,82.48698425292969,82.64772778747749,82.09932564308968,82.59099180492494,22862800
2025-05-06,82.76119995117188,82.76119995117188,81.91968940084227,82.07097576274596,21095200
2025-05-07,83.11103057861328,83.40413883941342,83.03538741010692,83.12993776387508,23161600
2025-05-08,82.1844253540039,83.26231533002608,82.15606096732913,83.22449374321636,25483700
2025-05-09,82.30734252929688,82.55317200867273,82.18442057587929,82.26006374510092,17007900
2025-05-12,81.54148864746094,82.05206934799212,81.49421706506247,81.67386062014701,32115000
2025-05-13,81.21054077148438,81.5887494157606,80.84178932709078,81.43746307255816,53912200
2025-05-14,80.67159271240234,81.19163048010849,80.5581279593402,81.07816572704634,42119800
2025-05-15,81.38075256347656,81.61713211747919,80.82290027862147,80.96472224003784,59448000
2025-05-16,81.59820556640625,82.15605771889983,81.50364799625565,82.13715053310759,31778200
2025-05-19,81.36183166503906,81.42801764045926,80.20829848166095,80.2839416574927,49361900
2025-05-20,80.77559661865234,80.93633293460205,80.42575238947126,80.77559661865234,35493100
2025-05-21,79.39514923095703,80.42576040935352,79.19659131256128,80.06646615897978,77053100
2025-05-22,79.8111801147461,79.83008730124322,78.76165452776861,78.96966243415734,61747900
2025-05-23,79.94354248046875,80.19882914310021,79.71661298731945,80.15155036192847,47139200
2025-05-27,81.05927276611328,81.34292387794966,80.51087051733973,80.69997125856398,56773400
2025-05-28,80.70941162109375,80.87960513817993,80.34066020302858,80.75669040340134,34806800
2025-05-29,81.45638275146484,81.56039031572473,80.97416651841725,81.09708126993786,38933200
2025-05-30,81.57929229736328,81.75894302666316,81.20108365270929,81.3996415680634,49042100
2025-06-02,80.820068359375,81.11426778163188,80.46892174140906,80.94344067567336,46213100
2025-06-03,80.6777114868164,81.37050507831198,80.56382433562148,81.08579806120116,33731300
2025-06-04,81.98738098144531,82.23413285492283,81.28509498525398,81.41795970776087,57441500
2025-06-05,82.0443115234375,82.49985283446998,81.82603689318422,82.26259339427428,37664700
2025-06-06,81.00037384033203,81.55081749567377,80.9339414847276,81.4179527844649,38130100
2025-06-09,81.0858154296875,81.27562014841733,80.70619875164195,80.70619875164195,26560800
2025-06-10,81.50336456298828,81.78807880238531,81.1617103719454,81.71215403980159,24857000
2025-06-11,81.7501220703125,81.99687394546909,81.34203549395463,81.43693783345041,36334800
2025-06-12,82.72763061523438,82.75610059326247,82.18667931094706,82.4619011661928,43017800
2025-06-13,81.93045043945312,82.45241698339048,81.40847665493061,82.31006707905267,49374000
2025-06-16,81.10477447509766,82.02534235584305,81.10477447509766,81.69318055366281,36496600
2025-06-17,82.09176635742188,82.24361587471915,81.37998803640376,81.61724747674313,34521600
2025-06-18,82.23412322998047,82.65169492016351,81.94940900616994,82.45239785972953,38589000
2025-06-20,82.08228302001953,82.36699727611237,81.569801703403,81.75012121496742,26001900
2025-06-23,82.34801483154297,82.98387572301988,82.34801483154297,82.49986436998059,36851800
2025-06-24,82.94589233398438,83.12620456448786,82.02532465192945,82.06328702692562,32959100
2025-06-25,83.05030059814453,83.05030059814453,82.37648462339382,82.67068402686112,26345300
2025-06-26,83.46786499023438,83.46786499023438,82.75608669671702,83.12621083009938,30467500
2025-06-27,82.93640899658203,83.66717212412475,82.79405188492976,83.10723608244807,74993500
2025-06-30,83.7525863647461,83.93290586484116,83.1452027482598,83.382462199718,53695200
2025-07-01,83.96023559570312,84.12217213319263,83.50300216425107,83.95070777949952,38960600
2025-07-02,83.42681121826172,83.43633176881652,82.96957042577715,83.0553062539412,39382200
2025-07-03,82.8457260131836,83.15055074205112,82.73141401451022,83.03623874337775,26729100
2025-07-07,82.05509185791016,82.45517298836235,81.84552347502697,82.43612462064364,38314700
2025-07-08,81.95030212402344,81.95982994103615,81.3882844693883,81.51211702017359,31407000
2025-07-09,82.80762481689453,82.80762481689453,82.09319115308868,82.10271897019936,29821900
2025-07-10,82.86477661132812,82.93145679545175,82.38848750541794,82.71236787658627,24525500
2025-07-11,81.72168731689453,82.17892079796206,81.57879912871276,82.14082406420239,40764800
2025-07-14,81.55021667480469,81.80740957968212,81.27396813691732,81.48353649445909,24609500
2025-07-15,80.97868347167969,81.83600539682661,80.87389927707308,81.81694976093685,40455000
2025-07-16,81.09298706054688,81.59785965808821,80.19756841157721,81.23587525730025,65987700
2025-07-17,81.07393646240234,81.43591358563772,80.95962445462494,81.17872065263279,31875500
2025-07-18,81.19776916503906,81.40733754587394,81.06440878952512,81.37876136077745,27534900
2025-07-21,81.92173767089844,82.40755466178065,81.88363366498649,82.1313060696161,40019500
2025-07-22,82.41706085205078,82.65520539680861,82.02650757779719,82.08365994290875,35190300
2025-07-23,81.95984649658203,82.1122552615964,81.72170189632497,81.96937431551932,31008500
2025-07-24,81.81694793701172,82.15034888169319,81.45497080672835,81.49307481006274,25164800
2025-07-25,82.33135223388672,82.34088005290991,81.65502243517035,81.73123045216286,27196200
2025-07-28,81.79790496826172,82.11225029822678,81.75980096241226,81.9122097182141,26812500
2025-07-29,83.17912292480469,83.19817128987016,82.1122327912768,82.1408162402667,47828300
2025-07-30,82.75047302246094,82.83620157426569,82.45516883074492,82.65520938588443,40670900
2025-07-31,82.79808807373047,83.26485658309872,82.72188008025064,82.99812860591932,49814100
2025-08-01,83.97520446777344,84.08038920676172,83.68833567137325,83.72658533058505,63434500
2025-08-04,84.20469665527344,84.29076021390544,83.81265040814917,84.10907615319752,36425200
2025-08-05,84.46288299560547,84.57762468396677,83.93695927269309,84.00389435602949,28586100
2025-08-06,83.97520446777344,84.19513818439711,83.11460537394944,83.99432564969106,42589300
2025-08-07,83.83177947998047,84.38638865774345,83.75528015296956,84.0708344053565,29213100
2025-08-08,83.46841430664062,83.56403481277452,83.33454413897778,83.53534939047205,21596300
2025-08-11,83.56403350830078,83.83177383944694,83.45884876458237,83.70746791295105,20100900
2025-08-12,83.14329528808594,83.16242376641392,82.76081326604942,83.09548868301985,41052300
2025-08-13,83.83177947998047,83.96564965456086,83.60228879432512,83.61185303404582,30817500
2025-08-14,83.2102279663086,83.67878083190071,83.08592204227745,83.67878083190071,33397400
2025-08-15,82.61737060546875,82.9807314082494,82.4739362138477,82.86598973125352,36343600
2025-08-18,82.37832641601562,82.75125150543487,82.22532776631688,82.71300184301018,26777500
2025-08-19,82.8564453125,82.95206583132796,82.66519697946613,82.66519697946613,28780600
2025-08-20,83.03811645507812,83.16242968692937,82.77037610244076,82.799061526598,25912500
2025-08-21,82.62693786621094,82.88511394427209,82.34006907247502,82.77036496770243,28643900
2025-08-22,83.23892211914062,83.47797702781665,82.92336788879784,83.02855263224544,49871900
2025-08-25,82.9998550415039,83.23890991513107,82.85642065825245,82.93291996870333,27011900
2025-08-26,82.9520492553711,82.9902989143346,82.4452540410135,82.72255859696655,30259300
2025-08-27,82.8564453125,82.86600955299619,82.23490099705135,82.34008575637549,38142800
2025-08-28,83.40148162841797,83.43973129105018,82.86600094232128,82.98074263484075,32205900
2025-08-29,82.80860900878906,83.05722812680202,82.65561767911831,82.9616076338358,41686400
2025-09-02,82.19239044189453,82.39395913624278,82.04841803386957,82.19239044189453,48760600
2025-09-03,83.09466552734375,83.32502872807734,82.4419636893368,82.48035877664475,52499500
2025-09-04,83.72815704345703,83.73775032106482,83.104249812655,83.52658104389066,40501600
2025-09-05,85.0047607421875,85.05275642385223,84.60162337941,84.67841354082843,69668000
2025-09-08,86.13740539550781,86.15660660085246,85.54229984587892,85.59028821301219,54538700
2025-09-09,85.64788818359375,85.95504157426947,85.41751764825109,85.81106182045893,37126400
2025-09-10,86.13740539550781,86.4541593756669,85.60948941835682,85.81105813579056,40713600
2025-09-11,86.71330261230469,86.84768905797944,86.2909713655874,86.3005719666598,46694400
2025-09-12,86.33895874023438,86.36776054312315,85.8974262964069,86.22378082113069,32968600
2025-09-15,86.54053497314453,86.82848709477608,86.45414421047606,86.53093437215628,24820100
2025-09-16,86.72290802001953,86.86688775163385,86.4253552782997,86.47334364009559,26794200
2025-09-17,86.50215148925781,87.3852164976304,86.26218769417089,87.06846253056833,49121800
2025-09-18,85.6094741821289,85.87823242420869,85.33111533908547,85.67666374264886,55717900
2025-09-19,85.4462890625,85.64786505727464,85.22552651296587,85.49428474184873,32509200
2025-09-22,85.13914489746094,85.3407209138819,84.98557188865603,85.25433014639958,24758200
2025-09-23,85.73426055908203,85.77265564334245,85.18714342381979,85.3983127256953,26689000
2025-09-24,85.40790557861328,85.58067978055286,85.13914001317505,85.50388961899908,28098000
2025-09-25,85.40790557861328,85.45589393724974,84.90877685162658,85.28311973531018,29882500
2025-09-26,85.33113098144531,85.87824816686258,85.12956226293518,85.417514436615,30955100
2025-09-29,86.03181457519531,86.13739922768802,85.676672856005,85.70546733884598,32286200
2025-09-30,85.78225708007812,86.42535827069375,85.62867674154171,86.06061595134017,38584000
2025-10-01,86.00379180908203,86.34090901809947,85.81114815492634,86.15789938380257,39408900
2025-10-02,86.25422668457031,86.38907357099039,85.90747544846036,86.0230542947609,23208300
2025-10-03,86.0904769897461,86.41796753149441,85.984524815822,86.33127604891828,25884500
2025-10-06,85.40660858154297,85.8785800287255,85.38734789018642,85.44513731286015,28371000
2025-10-07,85.89783477783203,86.09047107248767,85.54144954925515,85.69556446386252,29103300
2025-10-08,85.96527099609375,86.32165627765367,85.84968479295425,86.3023882361614,22506200
2025-10-09,85.89783477783203,86.00378694447372,85.73409319251438,85.88820075851817,21578700
2025-10-10,87.28484344482422,87.38116159637835,86.59134099586821,86.66839845655308,59389400
2025-10-13,87.23668670654297,87.24632072694347,86.55281823019568,86.95735890376375,28035500
2025-10-14,87.51599884033203,87.57378825517951,87.10182422051788,87.31372853976276,29800000
2025-10-15,87.32335662841797,87.93980150693939,87.14034702902478,87.61231103163591,31333900
2025-10-16,87.97834777832031,88.1324627158641,87.1211036468959,87.18852709492015,39631200
2025-10-17,87.843505859375,87.93019735380639,87.55455135801564,87.89166861723746,40240400
2025-10-20,88.18061065673828,88.19023732726399,87.92054358047534,88.09391918178282,28429300
2025-10-21,88.61405181884766,88.79706145133115,88.52736768678955,88.60441779908433,24514300
2025-10-22,88.67183685302734,88.78742303865661,88.4406718303724,88.60441341522784,30496200
2025-10-23,88.06503295898438,88.41178419501242,87.93018607259614,88.2384085769984,28275100
2025-10-24,88.10354614257812,88.22875898681198,87.80495771092662,88.21912496845465,28266000
2025-10-27,88.40214538574219,88.41177940527776,87.73753766125972,87.95907601895513,30033600
2025-10-28,88.63330078125,88.78741568265399,88.43103048460948,88.46955920996048,23564500
2025-10-29,87.73754119873047,88.5081011233609,87.6701177564706,88.4984671034369,39551600
2025-10-30,87.22704315185547,87.62195711046168,87.02477283718044,87.06330156596668,42649200
2025-10-31,86.96697998046875,87.3233651962007,86.88028850697575,87.22703970374107,38247300
2025-11-03,86.7494888305664,86.8268246687067,86.44015285315666,86.63349244850741,40752300
2025-11-04,86.94282531738281,87.05882169529451,86.74948572894468,86.78815364663231,26383800
2025-11-05,85.99547576904297,86.56581830944847,85.91813993726751,86.52715039356075,44643400
2025-11-06,86.7688217163086,86.85581899807895,86.54648303764374,86.5754821315672,33027400
2025-11-07,86.58515167236328,86.87515736430394,86.38215063806527,86.38215063806527,28530100
2025-11-10,86.56582641601562,86.6818227993906,86.41115473798027,86.5078208491766,24093500
2025-11-11,86.962158203125,87.06849313617508,86.788156255875,86.95248937962461,18942300
2025-11-12,87.1168212890625,87.3101534890999,86.88481379883682,86.95248080636497,23594900
2025-11-13,86.4014892578125,86.94283277673321,86.4014892578125,86.80749874079099,33825900
2025-11-14,85.90847778320312,86.8461470789542,85.90847778320312,86.79781771585509,38550500
2025-11-17,86.12114715576172,86.32415557255477,86.01481959836488,86.11148570745834,25605800
2025-11-18,86.0921401977539,86.46914315139269,85.8408098120952,86.37247705112773,31967400
2025-11-19,85.91812896728516,86.3337997910671,85.88912987785966,86.25647134431573,25782400
2025-11-20,86.25648498535156,86.44014837247515,86.02447748295691,86.02447748295691,32945000
2025-11-21,86.5174789428711,86.68181204903928,86.2274732700973,86.66248177925799,41938600
2025-11-24,87.01049041748047,87.06848860516179,86.78815173945034,86.95248485464812,30865700
2025-11-25,87.23282623291016,87.571161303805,87.126491299893,87.30049324708912,36503300
2025-11-26,87.61949157714844,87.61949157714844,86.83648656015126,87.14582251286689,34099000
2025-11-28,87.20381927490234,87.51315522256536,86.95248151269153,87.44548821448754,40704300
2025-12-01,86.11824035644531,86.33166965372695,86.06003505772763,86.1958523557273,47086600
2025-12-02,86.15703582763672,86.30255645813581,85.81749262413,85.93391060882661,27605700
2025-12-03,86.39958190917969,86.49660061307569,86.0891413005811,86.2637646055108,23278600
2025-12-04,85.93392181396484,86.27346506174545,85.83691051481148,86.25406576250987,25541500
2025-12-05,85.53617095947266,85.90482428029276,85.41976035415105,85.90482428029276,32808100
2025-12-08,85.25482177734375,85.56526235317095,84.94438120151656,85.55556640499523,32255200
2025-12-09,85.34215545654297,85.7108014065742,85.21603408829087,85.70109805482664,25771800
2025-12-10,85.67198944091797,85.87571540451124,85.23543486200214,85.37125217106431,46833500
2025-12-11,85.55558013916016,86.17646139048408,85.52647748698689,86.04064407934999,26778700
2025-12-12,84.73095703125,84.88618102927472,84.58544378496133,84.76976303075618,47030100
2025-12-15,84.7891616821289,85.25481882902255,84.77945833280161,85.0996022472203,28611800
2025-12-16,85.25482177734375,85.29362777450804,84.56603198102364,84.58543868034937,41018700
2025-12-17,85.1772232055664,85.36154245326713,84.96379390681933,85.01229585558787,24668300
2025-12-18,85.58466339111328,85.7398799680158,85.43914276174509,85.4973480528977,39048900
2025-12-19,85.26522827148438,85.46974705218365,85.12888241768485,85.32366008588652,37858100
2025-12-22,85.08019256591797,85.17758140949717,84.9730626088931,85.138624386007,25547100
2025-12-23,85.21654510498047,85.29445915806107,84.75880933099826,84.79776635753856,33624100
2025-12-24,85.73270416259766,85.7814022984948,85.36262359277328,85.46975354751312,25942000
2025-12-26,85.45028686523438,85.86906564713563,85.31394097627059,85.80089270265374,26522700
2025-12-29,85.77166748046875,85.77166748046875,85.49897573213211,85.65479640391325,29399800
2025-12-30,85.567138671875,85.74244155108009,85.38209467985517,85.45026760897427,25106800
2025-12-31,84.88542938232422,85.61585697940818,84.85620603699411,85.39185591363984,36500000
2026-01-02,84.75879669189453,85.1288846736939,84.74905557913877,85.11914356093814,40731300
2026-01-05,85.17757415771484,85.23600597282915,84.83670951906166,84.9048824467923,30178000
2026-01-06,85.00228881835938,85.06072064552838,84.63220819580008,84.87568404939542,39015200
2026-01-07,85.49897766113281,85.7132375911722,85.19706999441897,85.54766837140983,39930900
2026-01-08,85.07044219970703,85.26522729597194,84.97305336672042,85.05096740522639,28204900
2026-01-09,85.63531494140625,85.7034878731846,84.84645566935798,85.02175855540118,57348800
2026-01-12,85.3821029663086,85.61584511479505,85.12889345088733,85.21654118385023,36103100
2026-01-13,85.5281982421875,85.61585341393993,85.25550647281273,85.58663006982682,30451400
2026-01-14,86.02489471435547,86.12228357464687,85.59637481272082,85.61585704295535,39233500
2026-01-15,86.0053939819336,86.3462660650629,86.0053939819336,86.32678383901955,37988900
2026-01-16,85.50871276855469,86.01513921556024,85.42105760774473,85.8300952107445,46382400
2026-01-20,84.38873291015625,84.75881353520626,84.28160293942982,84.3692506807732,66009500
2026-01-21,85.03150177001953,85.19707099172001,84.35951349010342,84.53481639579744,51220100
2026-01-22,85.40157318115234,85.46974610729843,84.86592345408184,84.9925281939841,42419300
2026-01-23,85.63531494140625,85.73270378247642,85.2165362375415,85.5379261003361,35968800
2026-01-26,86.04435729980469,86.18070317091632,85.89827031495861,86.09305543818428,38882400
2026-01-27,85.50871276855469,85.94696628172694,85.39184169757225,85.81062041406035,35180100
2026-01-28,85.31392669677734,85.4113155396947,85.01201905464582,85.22627896723945,38750300
2026-01-29,85.33341217041016,85.45027581424058,84.80750348229509,84.8756764179604,43855000
2026-01-30,84.85619354248047,85.27497226702462,84.85619354248047,85.09966937232491,45832200
2026-02-02,84.6137466430664,85.11233179002436,84.6137466430664,85.07322575637237,38171400
2026-02-03,84.81904602050781,84.83859530758416,84.4964268433998,84.55508216334195,27438200
2026-02-04,84.60396575927734,84.83859449551316,84.5257536942944,84.69194873834839,37872900
2026-02-05,85.52294921875,85.52294921875,84.80927709222051,84.98525053035696,50268900
2026-02-06,85.58159637451172,85.58159637451172,85.24919881922715,85.4936059344872,33461800
2026-02-09,85.56204223632812,85.62070501770357,85.08300636425716,85.24920141760843,24708900
2026-02-10,86.54944610595703,86.54944610595703,86.24638367107126,86.2659329583777,37253700
2026-02-11,86.08995819091797,86.50056780506156,85.97264755148815,86.07040890391735,37014000
2026-02-12,87.23379516601562,87.2826721162521,86.3734773042614,86.38325567779414,48454900
2026-02-13,87.71282958984375,87.80081257403579,87.51729941600566,87.62483914693824,56785200
2026-02-17,87.85946655273438,88.10387365150926,87.7519268325764,87.91812186965227,32356700
2026-02-18,87.5270767211914,87.84969591005189,87.46842139911254,87.68350085835287,35415400
2026-02-19,87.61506652832031,87.71282788398133,87.3706594098111,87.39998707063808,28658600
2026-02-20,87.4097671508789,87.73237888498936,86.94050219234289,87.69327285021856,49610800
2026-02-23,87.73238372802734,87.9865692387124,87.52708262818268,87.54663937600439,33614600
2026-02-24,87.88880920410156,88.03545498012528,87.7519418021365,87.93768615696679,24933900
2026-02-25,87.89857482910156,88.06476987042316,87.70304466985885,87.70304466985885,23625800
2026-02-26,88.25052642822266,88.29941083948606,88.03545441132002,88.04522532660154,29447100
2026-02-27,88.78821563720703,88.82732167029954,88.52425923722404,88.66112662369125,51272000
2026-03-02,87.89659881591797,88.26933027342643,87.6513789793561,88.25952686809512,55465500
2026-03-03,87.72004699707031,87.95545596293432,87.23941817573909,87.27865425063578,51850400
2026-03-04,87.44539642333984,87.72985233570523,87.39634946194333,87.56309715706648,47069500
2026-03-05,87.09228515625,87.23941856689324,86.81764011425787,86.93534085595957,45768900
2026-03-06,86.76858520507812,87.2394105793249,86.33699590231153,86.6312626966552,58136900
2026-03-09,87.52387237548828,87.61214792962328,86.52337119419603,86.61165423184697,52478700
2026-03-10,86.59202575683594,87.24921310962905,86.58221486818542,87.10208719744803,48651500
2026-03-11,85.47383117675781,86.131018585322,85.41498080689117,86.07216821545536,54679900
2026-03-12,85.30707550048828,85.58172051221949,85.12070603530697,85.24822513612168,48977000
2026-03-13,84.88529968261719,85.48363668363957,84.81663842759079,85.26784202969503,43460000
2026-03-16,85.54248809814453,85.66999972089465,85.29726825811424,85.5130629147034,37341500
2026-03-17,85.77790069580078,85.89560891808499,85.65038906762985,85.68962514172458,19578100
2026-03-18,85.2972640991211,85.80732553228286,85.2678389171147,85.689617320742,37596600
2026-03-19,85.817138671875,86.05255512166099,85.30708466437092,85.39536022040357,60307400
2026-03-20,84.18888092041016,85.19918550771611,84.12021966156945,85.1501385441802,78948500
2026-03-23,84.73816680908203,85.06185879200576,84.29677409310646,84.53218304272573,69686700
2026-03-24,84.36543273925781,84.64007775257184,83.92403255341854,84.08097683732105,51799400
2026-03-25,85.17955780029297,85.21879387168764,84.82644812477183,85.09128225229153,37861000
2026-03-26,84.4635238647461,84.95396355389988,84.2869652773101,84.68912193098801,39537000
2026-03-27,84.00250244140625,84.45370602024617,83.81613298015155,83.86517993843388,39928900
2026-03-30,85.12071228027344,85.28745998055595,84.83625635910664,84.97357887504705,36473200
2026-03-31,85.03244018554688,85.4934547150318,84.91473195987535,85.26784915337376,47112200
2026-04-01,84.94873046875,85.39188683927286,84.9191877125041,84.96842313510821,31157600
2026-04-02,85.47066497802734,85.52975048529744,84.8403945224247,84.8994800296948,33310600
2026-04-06,85.33280181884766,85.52975853723419,85.07675207421141,85.18508052334916,14660300
2026-04-07,85.32295227050781,85.36234511711861,84.60405348175814,85.20477373067541,22747200
2026-04-08,85.59868621826172,86.04185006374452,85.41157960713551,86.03199997471161,22244900
2026-04-09,85.38203430175781,85.8054979937831,85.07674914474548,85.37219172556944,18909100
2026-04-10,85.17523193359375,85.36234607874863,85.0176680587928,85.28356038463949,13247700
2026-04-13,85.43126678466797,85.48050971325321,84.93886755247968,85.12598166500436,12719700
2026-04-14,85.88427734375,85.91382009696814,85.31309240347802,85.38202799879247,16606900
2026-04-15,85.51005554199219,85.74640507819078,85.41157719469413,85.69716214783361,15119600
2026-04-16,84.96842193603516,85.64793537377025,84.8896362448798,85.5986924384439,20001000
2026-04-17,85.74641418457031,85.88428538811294,85.56915013524163,85.72672151838583,29604100
2026-04-20,85.72671508789062,85.80549326013636,85.39187968053427,85.78580059542905,14623500
2026-04-21,85.25401306152344,85.7661050189707,85.21462021657874,85.64793399755352,19798700
2026-04-22,85.42142486572266,85.83504597051451,85.39188211111254,85.72671752799958,13676800
2026-04-23,85.23432159423828,85.71687080311636,84.92902891997836,85.51006399931147,21106700
2026-04-24,85.39187622070312,85.50020465574545,84.9388698166244,85.14567659804624,22285700
2026-04-27,84.96842193603516,85.30325736673689,84.87979366854816,85.17522874025518,19250100
2026-04-28,85.05704498291016,85.05704498291016,84.63358134811887,84.8108453699714,14553600
2026-04-29,84.39723205566406,84.6828245344934,84.24951828507699,84.6828245344934,29020800
2026-04-30,84.31845092773438,84.59419330772293,84.09194396507729,84.5843432188901,28516200
2026-05-01,84.61993408203125,85.00542318854683,84.35305236757476,84.51120561186923,21281000
2026-05-04,83.9774398803711,84.37281540360001,83.77975588933707,84.36292894170006,27226000
2026-05-05,84.44200897216797,84.50131266364617,84.10593712441536,84.16524835705475,18226500
2026-05-06,85.08448791503906,85.17344344664652,84.92633469285597,85.0548360711699,22530700
2026-05-07,84.65946960449219,85.29206747850932,84.61004483198774,85.28218101577613,21178300
2026-05-08,85.08448791503906,85.28217190160721,84.9955248422709,85.06471499168583,30797600
2026-05-11,84.57050323486328,84.9263404678113,84.50131308074346,84.88680215957694,17713700
2026-05-12,84.00708770751953,84.21465815052709,83.93789755985034,84.20477923026041,27680600
2026-05-13,83.81929779052734,84.06640656049805,83.6117197875301,83.95767809841804,26295100
2026-05-14,83.93790435791016,84.39258358529752,83.92802543684341,84.27397620320758,25247200
2026-05-15,82.6924819946289,82.9988944547087,82.62328429986388,82.9000524554405,50796000
2026-05-18,82.5936279296875,82.94946514048908,82.35640563620669,82.7320082293147,26166200
2026-05-19,82.05987548828125,82.26745348741964,81.81276672290426,82.0005717977623,35346600
2026-05-20,82.93959045410156,83.0285459907629,82.07964922723636,82.09941461055185,44498000
2026-05-21,83.24600219726562,83.28554050471774,82.36629559464892,82.65294266780599,24887000
2026-05-22,83.70068359375,83.70068359375,83.16692774103389,83.63149343920317,27987700
2026-05-26,84.1158218383789,84.39258244773968,83.91813784345293,84.35304414052229,22531200
2026-05-27,84.31351470947266,84.49143332418758,84.16524794035003,84.26408993937807,23589600
2026-05-28,84.7484130859375,84.85714153704606,84.28384743868462,84.3728105083009,25417300
2026-05-29,84.76819610595703,84.96588010906906,84.56062564034099,84.81761333615437,33118600
2026-06-01,84.8138427734375,84.88330507630654,84.14898822157335,84.27798747809494,26322400
2026-06-02,84.9924545288086,85.16114759812162,84.84360458554663,85.14130447207057,20319000
2026-06-03,84.65506744384766,84.7741489219402,84.4466805353031,84.63522431624384,15372000
2026-06-04,84.8436050415039,85.05199193486152,84.76421739522787,84.95276116242779,15866500
2026-06-05,84.406982421875,84.69475696786394,84.26805782323521,84.3375201225551,26461200
2026-06-08,83.97036743164062,84.6749157897616,83.97036743164062,84.575685012853,22922700
2026-06-09,84.4665298461914,84.52606679884806,84.12913611588318,84.31767989372669,22617700
2026-06-10,84.22836303710938,84.6451443990908,84.04974461649526,84.46652597847668,21258300
2026-06-11,85.31993103027344,85.37946798492966,84.38714502960154,84.51614428829781,35190500
2026-06-12,85.11153411865234,85.17107864243278,84.7543048300853,84.98253486363711,23092600
2026-06-15,85.06192016601562,85.44892549119821,85.0123009927059,85.30007554209193,17632700
2026-06-16,85.52831268310547,85.71684888486452,85.27030661075489,85.30007508625248,26472500
2026-06-17,85.66724395751953,85.92524247914956,85.27031325470422,85.66724395751953,34507500
2026-06-18,86.08401489257812,86.51071405885553,85.98478411291846,86.40155792998294,32350900
2026-06-22,85.4290771484375,85.66724010190178,85.31000324252847,85.63747162542452,28595100
2026-06-23,85.5382308959961,85.76646849400962,85.43900012022526,85.45885081787317,19145500
2026-06-24,86.70916748046875,86.7984804733566,86.45116899173159,86.48093746575337,41837000
2026-06-25,86.67940521240234,87.11602971817607,86.61986826009613,86.90764281428126,28380000
