Date,Close,High,Low,Open,Volume
2016-01-04,18.10424041748047,18.129632640912817,18.02806536154056,18.129632640912817,15800
2016-01-05,17.994213104248047,18.002677179866755,17.951892726154504,18.002677179866755,27700
2016-01-06,18.0280704498291,18.05346268042822,17.97728760298846,17.97728760298846,13000
2016-01-07,18.205808639526367,18.231200864273493,18.095777279979373,18.1211695047265,45200
2016-01-08,18.18888282775879,18.18888282775879,18.12963591009024,18.12963591009024,13100
2016-01-11,18.095779418945312,18.155027950358598,18.08731695738654,18.129635722610047,12600
2016-01-12,18.07038688659668,18.078850961614034,18.011139975832446,18.078850961614034,12700
2016-01-13,18.11270523071289,18.11270523071289,18.019603636377926,18.019603636377926,24600
2016-01-14,18.061925888061523,18.129636885376307,18.01960712012385,18.12117280891727,24200
2016-01-15,18.07038688659668,18.180416633107797,18.07038688659668,18.16348848307309,30000
2016-01-19,18.061925888061523,18.078854040979596,18.01960712012385,18.01960712012385,24500
2016-01-20,18.061925888061523,18.104244655999192,18.028069582225374,18.087318117438635,27500
2016-01-21,18.078853607177734,18.078853607177734,17.960358153952026,17.97728630646391,25100
2016-01-22,17.951892852783203,18.0196054582105,17.951892852783203,18.002677306853673,26700
2016-01-25,18.05345916748047,18.05345916748047,17.985748180082684,17.994212255302067,974400
2016-01-26,18.061925888061523,18.061925888061523,18.011143043664816,18.011143043664816,8200
2016-01-27,18.078853607177734,18.087317683433675,18.044997302153966,18.087317683433675,17700
2016-01-28,18.155027389526367,18.180418002133155,18.1211710869075,18.1211710869075,86200
2016-01-29,17.951892852783203,17.98574915549685,17.91803816442692,17.98574915549685,49600
2016-02-01,18.07038688659668,18.078850961614034,18.0196040508498,18.0196040508498,28600
2016-02-02,18.087318420410156,18.104244959254242,18.06192619060771,18.095780882653425,8000
2016-02-03,18.40894317626953,18.46819009141322,18.239664892124107,18.239664892124107,75900
2016-02-04,18.54436492919922,18.561293080276517,18.493582090324665,18.52743677812192,59800
2016-02-05,18.442800521850586,18.46819113585818,18.41740829348554,18.434336445728906,78500
2016-02-08,18.502046585083008,18.53590127364734,18.39201521494482,18.39201521494482,33900
2016-02-09,18.637468338012695,18.69671525303703,18.595147959882915,18.620540186760785,42900
2016-02-10,18.671321868896484,18.67978594399783,18.502045209941333,18.578220271496193,78900
2016-02-11,18.71364402770996,18.772890944708028,18.679787724078256,18.739034641076326,67600
2016-02-12,18.620540618896484,18.645932846363642,18.58668431560694,18.6120765430741,33400
2016-02-16,18.468191146850586,18.518973989253453,18.442800532827878,18.510511527484187,43600
2016-02-17,18.476655960083008,18.502048189476163,18.41740903918983,18.41740903918983,14800
2016-02-18,18.459726333618164,18.468190409406912,18.43433572060932,18.442799796398063,18000
2016-02-19,18.51051139831543,18.518973860025646,18.451262865841834,18.468191017977148,23400
2016-02-22,18.36662483215332,18.383551369468805,18.341232604644,18.349696680480438,42900
2016-02-23,18.349695205688477,18.38354989195589,18.341231130532307,18.341231130532307,20800
2016-02-24,18.349695205688477,18.38354989195589,18.29044829395255,18.29891236910872,14600
2016-02-25,18.349695205688477,18.37508581679972,18.324302980219965,18.324302980219965,6300
2016-02-26,18.231201171875,18.239663632576267,18.20580894669945,18.222737096816484,9600
2016-02-29,18.21427345275879,18.22273752801759,18.17195307646479,18.17195307646479,22900
2016-03-01,18.19734764099121,18.19734764099121,18.155028873615624,18.171955411951362,31500
2016-03-02,18.205808639526367,18.222736789357786,18.14656172947363,18.14656172947363,13400
2016-03-03,18.324302673339844,18.35815897339753,18.23120107689569,18.23120107689569,59200
2016-03-04,18.37508773803711,18.408944042201696,18.341233048229963,18.341233048229963,13800
2016-03-07,18.40894317626953,18.425871327555544,18.315839958553813,18.315839958553813,42900
2016-03-08,18.39201545715332,18.468190525372965,18.383551381311428,18.451262373689175,46400
2016-03-09,18.425872802734375,18.45126341733881,18.332769577564793,18.332769577564793,28900
2016-03-10,18.603612899780273,18.64593327987614,18.417408070430763,18.417408070430763,51200
2016-03-11,18.58668327331543,18.64593180074963,18.535900435586274,18.535900435586274,56200
2016-03-14,18.51897430419922,18.561294685552546,18.493583689744703,18.527438380469885,71000
2016-03-15,18.502046585083008,18.53590127364734,18.493582509352578,18.510510660813434,37500
2016-03-16,18.71364402770996,18.71364402770996,18.44280005608598,18.44280005608598,18800
2016-03-17,18.882919311523438,18.89138338680774,18.840600549459218,18.874455236239136,84600
2016-03-18,18.815210342407227,18.857530723369553,18.798282190022295,18.84906664717709,31300
2016-03-21,18.781352996826172,18.806743607456564,18.75596077183854,18.806743607456564,15700
2016-03-22,18.71364402770996,18.739034641076326,18.688251799986183,18.722108103617884,33100
2016-03-23,18.612075805664062,18.64593210761222,18.586683579202944,18.64593210761222,22200
2016-03-24,18.603612899780273,18.62054105181862,18.578222286080187,18.578222286080187,13100
2016-03-28,18.637468338012695,18.65439648926461,18.62900426238674,18.645932413638654,11700
2016-03-29,18.798282623291016,18.815210776066113,18.62900593861256,18.654398167775206,14400
2016-03-30,18.85753059387207,18.916777512455006,18.823674289334704,18.823674289334704,20500
2016-03-31,18.891382217407227,18.96755727589332,18.891382217407227,18.942165051612225,89200
2016-04-01,18.89984893798828,18.916777089878813,18.815209792893054,18.874456710152486,52500
2016-04-04,18.90831184387207,18.942166531200755,18.89984776845057,18.942166531200755,46200
2016-04-05,18.89984893798828,18.925241165824076,18.857530172619377,18.874456710152486,93400
2016-04-06,18.916776657104492,18.967559497256865,18.88292035409799,18.88292035409799,490600
2016-04-07,18.90831184387207,18.95063060662226,18.90831184387207,18.90831184387207,62100
2016-04-08,18.984487533569336,19.00141568496987,18.94216715506799,18.94216715506799,43600
2016-04-11,19.035268783569336,19.07758915853604,18.99295002295987,18.99295002295987,41500
2016-04-12,19.026805877685547,19.035269953198966,18.95063081242211,19.018341802172127,93100
2016-04-13,18.86599349975586,18.92524041466373,18.85752942414654,18.92524041466373,55900
2016-04-14,18.82367515563965,18.857531461735153,18.82367515563965,18.857531461735153,33200
2016-04-15,18.882919311523438,18.916775612660643,18.857528700027824,18.857528700027824,13900
2016-04-18,18.92523956298828,18.94216609908783,18.891383262074616,18.89984733730303,8200
2016-04-19,19.018342971801758,19.043735199903637,19.009878895767795,19.026807047835717,45500
2016-04-20,18.90831184387207,19.001415059151263,18.90831184387207,19.001415059151263,48600
2016-04-21,18.891382217407227,18.976021350653685,18.891382217407227,18.96755727589332,52100
2016-04-22,18.806745529174805,18.857529984339344,18.789818991810694,18.84906590847859,60300
2016-04-25,18.86599349975586,18.88292003661714,18.849065348537223,18.874455961007822,9600
2016-04-26,18.89984893798828,18.976024007138246,18.89984893798828,18.976024007138246,31600
2016-04-27,18.916776657104492,18.95909542150524,18.874456278346365,18.950631345753614,12700
2016-04-28,19.077592849731445,19.077592849731445,19.00141777441001,19.00141777441001,21400
2016-04-29,19.213010787963867,19.221473248449445,19.170690413749938,19.170690413749938,135600
2016-05-02,19.289188385009766,19.3061149225651,19.22993985331512,19.246868005227874,96500
2016-05-03,19.221473693847656,19.32304097995739,19.21301123316599,19.314576904918475,35700
2016-05-04,19.170692443847656,19.204548746804043,19.136837755248646,19.196084671064945,20000
2016-05-05,19.060665130615234,19.111447977200356,19.043736976967665,19.10298390037657,37700
2016-05-06,19.05219841003418,19.0945171739232,19.02680618308635,19.086053098273926,24900
2016-05-09,18.992950439453125,19.018341050632696,18.97602228909523,18.984486364274176,34700
2016-05-10,18.95909881591797,19.001419202253082,18.95909881591797,18.99295512498606,13600
2016-05-11,19.060665130615234,19.094519823552787,19.026808823320096,19.026808823320096,43100
2016-05-12,18.992950439453125,19.05219735134849,18.984486364274176,19.04373327616954,23900
2016-05-13,18.90831184387207,18.91677591929357,18.84906493027888,18.91677591929357,53900
2016-05-16,18.90831184387207,18.933704070136574,18.89984776845057,18.925239994715074,36100
2016-05-17,18.916776657104492,18.950631345753614,18.908312581352867,18.908312581352867,12800
2016-05-18,18.772890090942383,18.882919844026592,18.772890090942383,18.849065156291964,46500
2016-05-19,18.755962371826172,18.781354598979902,18.73903422039035,18.73903422039035,34400
2016-05-20,18.73903465270996,18.789819108189043,18.722108115241014,18.789819108189043,9100
2016-05-23,18.764427185058594,18.781355337159756,18.71364434311255,18.71364434311255,11500
2016-05-24,18.69671630859375,18.722108536905182,18.68825223248994,18.69671630859375,11000
2016-05-25,18.73903465270996,18.75596280453632,18.696715887501473,18.70517996341465,13400
2016-05-26,18.789817810058594,18.832136572343412,18.7559615087449,18.815208421686563,9500
2016-05-27,18.671321868896484,18.73056878024865,18.65439533305105,18.73056878024865,72100
2016-05-31,18.645933151245117,18.71364414457396,18.629004999323552,18.68825191669161,33400
2016-06-01,18.73903465270996,18.73903465270996,18.70517996341465,18.70517996341465,15900
2016-06-02,18.70517921447754,18.73903390241734,18.69671513890325,18.713643290051827,30300
2016-06-03,19.018342971801758,19.018342971801758,18.925241364143062,18.925241364143062,30900
2016-06-06,19.018342971801758,19.06066335197156,18.96756012995543,18.97602420598939,34600
2016-06-07,19.035268783569336,19.043732858562677,19.009876558589315,19.043732858562677,20300
2016-06-08,19.08605194091797,19.111444166326045,19.07758948013921,19.094516016053994,22200
2016-06-09,19.001415252685547,19.018341789343634,18.98448710167013,19.009877713835923,36400
2016-06-10,18.882919311523438,18.94216622415626,18.865992775312126,18.94216622415626,67900
2016-06-13,18.916776657104492,18.94216727000199,18.857529741200494,18.857529741200494,45400
2016-06-14,18.798282623291016,18.832138928841207,18.781356084873423,18.832138928841207,22000
2016-06-15,18.882919311523438,18.916775612660643,18.806744248322012,18.806744248322012,31100
2016-06-16,18.86599349975586,18.86599349975586,18.713643367502847,18.730569904364128,22100
2016-06-17,18.950632095336914,18.959096171423333,18.89984925317585,18.950632095336914,29900
2016-06-20,19.060665130615234,19.086055746729002,19.03527290014388,19.086055746729002,22900
2016-06-21,18.967559814453125,19.043734883134256,18.967559814453125,19.043734883134256,31000
2016-06-22,19.05219841003418,19.05219841003418,19.018342107437075,19.043734334384904,11200
2016-06-23,19.145301818847656,19.162228355957737,19.086053288711547,19.162228355957737,19700
2016-06-24,18.62900733947754,18.764429343146773,18.58668695435739,18.62054326245351,83500
2016-06-27,18.476655960083008,18.518974728047414,18.425873115654216,18.493584113011778,73200
2016-06-28,18.56975746154785,18.56975746154785,18.510510546159207,18.55282931019185,37000
2016-06-29,18.62900733947754,18.65439957054963,18.62054326245351,18.62900733947754,39600
2016-06-30,18.59514808654785,18.637468464965906,18.51051055842648,18.629004389282294,46300
2016-07-01,18.654394149780273,18.705176982809878,18.620537851522435,18.679784759116497,27800
2016-07-05,18.53590202331543,18.64593339790374,18.53590202331543,18.64593339790374,18300
2016-07-06,18.56975746154785,18.56975746154785,18.485118319125203,18.55282931019185,91900
2016-07-07,18.52743911743164,18.59515011593281,18.52743911743164,18.59515011593281,11500
2016-07-08,18.53590202331543,18.56129425153368,18.50204733338187,18.56129425153368,10100
2016-07-11,18.476655960083008,18.502048189476163,18.459727807154238,18.502048189476163,11100
2016-07-12,18.493581771850586,18.527436459064837,18.493581771850586,18.51050992263637,31900
2016-07-13,18.54436492919922,18.561293080276517,18.518972702583273,18.52743677812192,8200
2016-07-14,18.56975746154785,18.578221537225854,18.535901158835845,18.535901158835845,55500
2016-07-15,18.493581771850586,18.527436459064837,18.45972547027902,18.527436459064837,66100
2016-07-18,18.485118865966797,18.49358294189519,18.468190714110012,18.476654790038406,6900
2016-07-19,18.36662483215332,18.392015445305244,18.358160756316877,18.37508729363236,8900
2016-07-20,18.349695205688477,18.38354989195589,18.332767055376134,18.332767055376134,9000
2016-07-21,18.39201545715332,18.39201545715332,18.375087305469535,18.383551381311428,8100
2016-07-22,18.298913955688477,18.366624948451353,18.27352172801837,18.366624948451353,30100
2016-07-25,18.332767486572266,18.332767486572266,18.290448724153322,18.290448724153322,14300
2016-07-26,18.36662483215332,18.392015445305244,18.349696680480438,18.36662483215332,18300
2016-07-27,18.425872802734375,18.434336879055017,18.31584142492351,18.332769577564793,41900
2016-07-28,18.442800521850586,18.50204744034491,18.442800521850586,18.493583364223227,70200
2016-07-29,18.69671630859375,18.713644460801373,18.6205412380169,18.637469390224524,96000
2016-08-01,18.645933151245117,18.671323764770044,18.629004999323552,18.66285968880926,64600
2016-08-02,18.789817810058594,18.798280271029718,18.747497433416477,18.747497433416477,35700
2016-08-03,18.69671630859375,18.722108536905182,18.679788156386127,18.722108536905182,11500
2016-08-04,18.637468338012695,18.67132302615916,18.62900426238674,18.645932413638654,22500
2016-08-05,18.561294555664062,18.569758631875498,18.49358356033005,18.502047636541484,72900
2016-08-08,18.52743911743164,18.52743911743164,18.510512578574506,18.510512578574506,15100
2016-08-09,18.56975746154785,18.586683998546487,18.535901158835845,18.535901158835845,11300
2016-08-10,18.671321868896484,18.688250019099176,18.65439533305105,18.67978594399783,6500
2016-08-11,18.620540618896484,18.654396922186027,18.6120765430741,18.654396922186027,5500
2016-08-12,18.645933151245117,18.71364414457396,18.645933151245117,18.705180068613174,10800
2016-08-15,18.671321868896484,18.696714094200523,18.662857793795137,18.67978594399783,13200
2016-08-16,18.832136154174805,18.84060022931528,18.7813533176892,18.789817392829676,28600
2016-08-17,18.832136154174805,18.88291899066041,18.789817392829676,18.815208003893847,74200
2016-08-18,18.967559814453125,18.967559814453125,18.882920669878825,18.882920669878825,24500
2016-08-19,18.891382217407227,18.891382217407227,18.865991607483323,18.874454067886496,37600
2016-08-22,18.874454498291016,18.89138264819777,18.857527962741493,18.874454498291016,20100
2016-08-23,18.882919311523438,18.916775612660643,18.874455236239136,18.908311537376342,15200
2016-08-24,18.832136154174805,18.84060022931528,18.80674392875337,18.832136154174805,7200
2016-08-25,18.840600967407227,18.857529118351355,18.832136891935164,18.857529118351355,4200
2016-08-26,18.688251495361328,18.92524077384801,18.67132334382141,18.865993857815685,21800
2016-08-29,18.671321868896484,18.67978594399783,18.61207495754432,18.620539032645663,39100
2016-08-30,18.56975746154785,18.61207622558049,18.55282931019185,18.60361214990249,66000
2016-08-31,18.578224182128906,18.586686644654304,18.535903797713924,18.535903797713924,10300
2016-09-01,18.654394149780273,18.654394149780273,18.552826869363912,18.552826869363912,19500
2016-09-02,18.612075805664062,18.679786795203047,18.595147654689985,18.679786795203047,9100
2016-09-06,18.806745529174805,18.823673680896317,18.654397006753392,18.67978761997826,53000
2016-09-07,18.789817810058594,18.832136572343412,18.772889659401745,18.815208421686563,24000
2016-09-08,18.764427185058594,18.874456945001267,18.755963109008015,18.874456945001267,7600
2016-09-09,18.70517921447754,18.713643290051827,18.67132291218039,18.67132291218039,6000
2016-09-12,18.74749755859375,18.772889784748564,18.70517879602637,18.70517879602637,8000
2016-09-13,18.662860870361328,18.70518125284456,18.64593433172556,18.696717176347914,11000
2016-09-14,18.71364402770996,18.739034641076326,18.65439711071189,18.65439711071189,10900
2016-09-15,18.722108840942383,18.722108840942383,18.688252535977334,18.696716612218594,6600
2016-09-16,18.578224182128906,18.62054295218629,18.561296028362914,18.62054295218629,25000
2016-09-19,18.612075805664062,18.63746803212518,18.603611730177025,18.63746803212518,104600
2016-09-20,18.58668327331543,18.612075499358657,18.57822081232499,18.603611424010914,32100
2016-09-21,18.671321868896484,18.67978594399783,18.58668273224028,18.595146807341624,37200
2016-09-22,18.688251495361328,18.772890638703526,18.688251495361328,18.75596248716361,37800
2016-09-23,18.69671630859375,18.70518038469756,18.66286000417851,18.66286000417851,24900
2016-09-26,18.73056983947754,18.74749799063753,18.72210737825489,18.73056983947754,22600
2016-09-27,18.69671630859375,18.70518038469756,18.66286000417851,18.671324080282318,10000
2016-09-28,18.67978858947754,18.69671674207764,18.637469822334772,18.67132451317749,8600
2016-09-29,18.688251495361328,18.705179646901243,18.65439680663888,18.65439680663888,49600
2016-09-30,18.69671630859375,18.70518038469756,18.66286000417851,18.671324080282318,15500
2016-10-03,18.645933151245117,18.66285968880926,18.620540923362768,18.654397227205898,30400
2016-10-04,18.552827835083008,18.56129191008804,18.493580924405002,18.535899685072938,43700
2016-10-05,18.54436492919922,18.55282900473787,18.502046165863316,18.54436492919922,31300
2016-10-06,18.434335708618164,18.485118548960216,18.425871632834927,18.485118548960216,100100
2016-10-07,18.459726333618164,18.468190409406912,18.400479417454335,18.459726333618164,213100
2016-10-10,18.40047836303711,18.417406513644554,18.39201428773339,18.40047836303711,15700
2016-10-11,18.256591796875,18.341230933168667,18.239663646744816,18.341230933168667,31200
2016-10-12,18.18888282775879,18.231203207777344,18.180418751755077,18.214275055769924,32200
2016-10-13,18.265058517456055,18.273522593747085,18.222739750358386,18.239666288582963,70500
2016-10-14,18.155027389526367,18.23120245606146,18.155027389526367,18.222738380406742,30000
2016-10-17,18.22273826599121,18.22273826599121,18.180417887983342,18.188881963584915,34200
2016-10-18,18.19734764099121,18.231203946377676,18.18041948829798,18.205811717337827,17800
2016-10-19,18.18888282775879,18.222739131773636,18.180418751755077,18.1973469037625,47100
2016-10-20,18.11270523071289,18.14656153000357,18.10424115589022,18.14656153000357,21000
2016-10-21,18.061925888061523,18.061925888061523,18.028069582225374,18.061925888061523,21700
2016-10-24,18.0280704498291,18.061926757294593,18.0280704498291,18.05346268042822,4700
2016-10-25,18.044998168945312,18.06192632227034,17.977287170002757,17.994215323327786,34000
2016-10-26,18.044998168945312,18.112709167887868,18.044998168945312,18.104245091225355,133400
2016-10-27,17.994213104248047,18.070388170459065,17.994213104248047,18.05346001922165,43900
2016-10-28,18.11270523071289,18.1380974551809,18.028066096843393,18.028066096843393,14900
2016-10-31,18.121170043945312,18.121170043945312,18.053459056962033,18.061923132129603,78000
2016-11-01,18.231201171875,18.239663632576267,18.180416721523898,18.188880796582417,85900
2016-11-02,18.290449142456055,18.332767905842832,18.27352099135841,18.307375679196358,100300
2016-11-03,18.341232299804688,18.34969637550045,18.231202544474492,18.28198538429171,41900
2016-11-04,18.37508773803711,18.37508773803711,18.30737674406538,18.332768972188816,264200
2016-11-07,18.231201171875,18.239663632576267,18.188880796582417,18.222737096816484,60800
2016-11-08,18.171953201293945,18.222737653195605,18.171953201293945,18.21427357787866,20000
2016-11-09,18.044998168945312,18.129637321212897,18.044998168945312,18.129637321212897,27500
2016-11-10,18.011140823364258,18.03653143525386,17.960356370870425,17.98574859711734,28500
2016-11-11,17.951892852783203,18.028067919531544,17.951892852783203,18.011141382532088,114700
2016-11-14,17.765687942504883,17.8080083206863,17.74029571559603,17.8080083206863,93800
2016-11-15,17.748760223388672,17.774152450915786,17.723369610218956,17.757224299231044,85400
2016-11-16,17.689512252807617,17.74875916581655,17.681048177469584,17.72336855415975,46300
2016-11-17,17.596412658691406,17.723370574519762,17.596412658691406,17.723370574519762,44500
2016-11-18,17.52023696899414,17.562555734659988,17.494844740980174,17.562555734659988,36200
2016-11-21,17.579484939575195,17.60487555475248,17.53716455701718,17.579484939575195,48800
2016-11-22,17.57101821899414,17.587946369470014,17.528697842804455,17.57948229423208,49500
2016-11-23,17.460988998413086,17.469453074689902,17.401742078832864,17.452526536493753,57500
2016-11-25,17.48638153076172,17.528700298522853,17.48638153076172,17.520237836456634,35400
2016-11-28,17.537160873413086,17.537160873413086,17.486378039367708,17.51177026356899,82100
2016-11-29,17.579484939575195,17.5964130925984,17.494845788816693,17.494845788816693,26100
2016-11-30,17.494844436645508,17.528699125717775,17.427133444143575,17.503308512502926,72800
2016-12-01,17.587947845458984,17.587947845458984,17.494844624385692,17.511772776282186,80800
2016-12-02,17.630264282226562,17.63872835705687,17.587945522432236,17.604872057735644,26800
2016-12-05,17.75722312927246,17.799543505695983,17.67258399078271,17.67258399078271,48000
2016-12-06,17.689512252807617,17.72336855415975,17.664121641150818,17.72336855415975,26700
2016-12-07,17.74029541015625,17.748759485646808,17.697976647060806,17.697976647060806,27300
2016-12-08,17.57101821899414,17.63026513130242,17.537161918042393,17.63026513130242,76700
2016-12-09,17.477916717529297,17.503308945730037,17.444062027619086,17.494844869663122,47900
2016-12-12,17.587947845458984,17.60487438299806,17.52869931382126,17.554091541666,76700
2016-12-13,17.57101821899414,17.63026513130242,17.562554143756202,17.587946369470014,28600
2016-12-14,17.37635040283203,17.630266218194727,17.34249409979307,17.596411529513148,57800
2016-12-15,17.18168067932129,17.240929212364534,17.113969684486467,17.240929212364534,152600
2016-12-16,17.23246192932129,17.27478068783365,17.17321502166112,17.17321502166112,78500
2016-12-19,17.18168067932129,17.24939167415611,17.18168067932129,17.215536983917428,115300
2016-12-20,17.147825241088867,17.156289316868698,17.105504862189722,17.105504862189722,64400
2016-12-21,17.1986083984375,17.2324647021809,17.1816802465658,17.2155365503092,43900
2016-12-22,17.190141677856445,17.266316735202402,17.181677603222763,17.223997976391168,86300
2016-12-23,17.20707130432129,17.215535379681597,17.181679078240368,17.190143153600676,20400
2016-12-27,17.1986083984375,17.207072474373348,17.19014432250165,17.19014432250165,24200
2016-12-28,17.1732177734375,17.1732177734375,17.113969241926398,17.122433317856554,62200
2016-12-29,17.257854461669922,17.266318537186947,17.190143471891044,17.190143471891044,55800
2016-12-30,17.317100524902344,17.3848131257109,17.308638064158533,17.325564600003414,20300
2017-01-03,17.156288146972656,17.18167875822336,17.080113084505996,17.130895921364676,41300
2017-01-04,17.283246994018555,17.317101682328325,17.21553600304165,17.232464154375215,19200
2017-01-05,17.452524185180664,17.477914796232845,17.35942097303663,17.367885048173115,55800
2017-01-06,17.334028244018555,17.401739228785924,17.334028244018555,17.350956393799702,20900
2017-01-09,17.37635040283203,17.38481447859177,17.317101872513845,17.325565948273585,26900
2017-01-10,17.367887496948242,17.418670340569964,17.350959344288505,17.393278111580358,81400
2017-01-11,17.418670654296875,17.469453498833246,17.215537661793874,17.283248659294873,38100
2017-01-12,17.469451904296875,17.57101919845651,17.460987828587125,17.52023635855538,60900
2017-01-13,17.494844436645508,17.511772588360344,17.43559752000099,17.452525671715826,21400
2017-01-17,17.64719581604004,17.664123968946917,17.621803586679725,17.664123968946917,76000
2017-01-18,17.494844436645508,17.613338269934545,17.494844436645508,17.587947656719695,105300
2017-01-19,17.51177215576172,17.520236231410045,17.41866893798749,17.44406116493247,35100
2017-01-20,17.57101821899414,17.57948229423208,17.477915005734115,17.562554143756202,21500
2017-01-23,17.681049346923828,17.68951342282169,17.60487427820048,17.60487427820048,34200
2017-01-24,17.655658721923828,17.70644156292004,17.647194646031558,17.67258525935096,34000
2017-01-25,17.72336769104004,17.72336769104004,17.664120780916402,17.664120780916402,41300
2017-01-26,17.613338470458984,17.6471947742741,17.596411932908847,17.613338470458984,12100
2017-01-27,17.613338470458984,17.638730698320323,17.58794785695507,17.638730698320323,70000
2017-01-30,17.630264282226562,17.63872835705687,17.562553297941317,17.571017372771625,17500
2017-01-31,17.774150848388672,17.79954307362641,17.740294548071688,17.774150848388672,126500
2017-02-01,17.75722312927246,17.782615355126573,17.69797621663682,17.723368442490933,106000
2017-02-02,17.74029541015625,17.816470475213915,17.731832949023026,17.808008014080695,35000
2017-02-03,17.748760223388672,17.774152450915786,17.714905534376584,17.7402961475463,110300
2017-02-06,17.73183250427246,17.740294965193428,17.66412151640368,17.681048052602907,184500
2017-02-07,17.64719581604004,17.681050507496277,17.587948895223487,17.613339510226286,87700
2017-02-08,17.66412353515625,17.697978225781092,17.638731306419512,17.66412353515625,150800
2017-02-09,17.596412658691406,17.68105019300532,17.587948582388517,17.68105019300532,46300
2017-02-10,17.57101821899414,17.596410444707953,17.528697842804455,17.528697842804455,33800
2017-02-13,17.537160873413086,17.545624948146845,17.51177026356899,17.537160873413086,52100
2017-02-14,17.48638153076172,17.55409252779404,17.477917454337987,17.545628451370312,68200
2017-02-15,17.528697967529297,17.528697967529297,17.42713229266593,17.43559636796409,84800
2017-02-16,17.630264282226562,17.630264282226562,17.587945522432236,17.587945522432236,105600
2017-02-17,17.545629501342773,17.613340502427086,17.545629501342773,17.604876425496844,18100
2017-02-21,17.469451904296875,17.477915980006628,17.435597215815246,17.460987828587125,37000
2017-02-22,17.50330924987793,17.50330924987793,17.410206025881514,17.444062330737474,71200
2017-02-23,17.537160873413086,17.56255309761437,17.51177026356899,17.528696798679324,42300
2017-02-24,17.51177215576172,17.55409091964599,17.51177215576172,17.52869869270101,21400
2017-02-27,17.51177215576172,17.587947222239297,17.503308080113392,17.537162768349337,17800
2017-02-28,17.51177215576172,17.562554995294317,17.503308080113392,17.537162768349337,23300
2017-03-01,17.410205841064453,17.444062145561013,17.367887074801207,17.384815227049486,18300
2017-03-02,17.334028244018555,17.359420468690274,17.325564169127983,17.334028244018555,29100
2017-03-03,17.469451904296875,17.469451904296875,17.367886224494615,17.384814375914114,11900
2017-03-06,17.418670654296875,17.46098942235093,17.41020657781456,17.46098942235093,15600
2017-03-07,17.40174102783203,17.410205103597647,17.376350414892567,17.393276952066415,10500
2017-03-08,17.3509578704834,17.359421946094322,17.33402971926155,17.359421946094322,29000
2017-03-09,17.37635040283203,17.40174101575387,17.350958175552808,17.36788632707229,19100
2017-03-10,17.494844436645508,17.503308512502926,17.40174121657132,17.41020529242874,32600
2017-03-13,17.469451904296875,17.50330820713588,17.376350300204365,17.376350300204365,29100
2017-03-14,17.40174102783203,17.44406140666011,17.40174102783203,17.410205103597647,57100
2017-03-15,17.587947845458984,17.59641192140723,17.410205479260647,17.410205479260647,44400
2017-03-16,17.66412353515625,17.66412353515625,17.61333907768277,17.638731306419512,59600
2017-03-17,17.655658721923828,17.67258525935096,17.638730570139288,17.647194646031558,30100
2017-03-20,17.655658721923828,17.67258525935096,17.638730570139288,17.655658721923828,39100
2017-03-21,17.75722312927246,17.77415127984187,17.74029497870305,17.74029497870305,45200
2017-03-22,17.765687942504883,17.791080169413732,17.748759791232313,17.748759791232313,23400
2017-03-23,17.75722312927246,17.77415127984187,17.74029497870305,17.77415127984187,25400
2017-03-24,17.75722312927246,17.79107943041128,17.748759053987754,17.748759053987754,17900
2017-03-27,17.850326538085938,17.901109375991744,17.841862462708754,17.901109375991744,33600
2017-03-28,17.75722312927246,17.867254493616326,17.74029497870305,17.867254493616326,30900
2017-03-29,17.71490478515625,17.723368860640647,17.689512558703054,17.69797663418745,20300
2017-03-30,17.604873657226562,17.69797687446162,17.604873657226562,17.69797687446162,26700
2017-03-31,17.613338470458984,17.6471947742741,17.604874394505206,17.621802546412763,16900
2017-04-03,17.604873657226562,17.621801808425182,17.579483044785984,17.596411195984604,28100
2017-04-04,17.604873657226562,17.604873657226562,17.571018969186674,17.587947120385294,12600
2017-04-05,17.613338470458984,17.613338470458984,17.460988332005805,17.57101970504751,42500
2017-04-06,17.57101821899414,17.596410444707953,17.57101821899414,17.596410444707953,10900
2017-04-07,17.48638153076172,17.545628451370312,17.46945337791426,17.528700298522853,16400
2017-04-10,17.50330924987793,17.52023740230591,17.48638109744995,17.48638109744995,11800
2017-04-11,17.56255531311035,17.57948346471334,17.545627161507365,17.545627161507365,7400
2017-04-12,17.655658721923828,17.655658721923828,17.562555501466264,17.579483653250804,12400
2017-04-13,17.596412658691406,17.621803273242584,17.587948582388517,17.613339196939695,16100
2017-04-17,17.638729095458984,17.681047857024883,17.63026502027435,17.647193170643618,8100
2017-04-18,17.774150848388672,17.782614923467918,17.714903937191202,17.740294548071688,27400
2017-04-19,17.73183250427246,17.740294965193428,17.714904353715944,17.740294965193428,25000
2017-04-20,17.72336769104004,17.782614601163676,17.72336769104004,17.77415052623784,41700
2017-04-21,17.706443786621094,17.714907863576343,17.689515632710595,17.714907863576343,22100
2017-04-24,17.86725616455078,17.87572024062704,17.841863936322003,17.858792088474523,18300
2017-04-25,17.909574508666992,17.926502660420724,17.858791667763203,17.858791667763203,26000
2017-04-26,17.86725616455078,17.87572024062704,17.824935784169483,17.833399860245745,39300
2017-04-27,17.85879135131836,17.85879135131836,17.808008511314405,17.841863199864584,75400
2017-04-28,17.85879135131836,17.867255427045247,17.85879135131836,17.867255427045247,8900
2017-05-01,17.85879135131836,17.884181964141646,17.85032727559147,17.884181964141646,12700
2017-05-02,17.88418197631836,17.88418197631836,17.85032728774513,17.85032728774513,6900
2017-05-03,17.816471099853516,17.85879147879003,17.816471099853516,17.850327403002726,16000
2017-05-04,17.918039321899414,17.918039321899414,17.8418642502303,17.8418642502303,12400
2017-05-05,17.951892852783203,17.951892852783203,17.9011100130701,17.90957408874851,15900
2017-05-08,17.85879135131836,17.892646039868538,17.85032727559147,17.892646039868538,33300
2017-05-09,17.774150848388672,17.791078998547164,17.748758623150934,17.774150848388672,28700
2017-05-10,17.765687942504883,17.791080169413732,17.748759791232313,17.791080169413732,7700
2017-05-11,17.765687942504883,17.774152018141166,17.74029571559603,17.74029571559603,15800
2017-05-12,17.833398818969727,17.833398818969727,17.81647066780563,17.81647066780563,14500
2017-05-15,17.88418197631836,17.909574203516314,17.875719514943086,17.909574203516314,16900
2017-05-16,18.0280704498291,18.0280704498291,17.985751679854832,18.011143910453953,186300
2017-05-17,18.129634857177734,18.13809893268988,18.061923867437915,18.078852018462204,39000
2017-05-18,18.078853607177734,18.129636450355907,18.028069149642082,18.121172374099967,52900
2017-05-19,18.18888282775879,18.1973469037625,18.155028138101375,18.163490599747654,21700
2017-05-22,18.21427345275879,18.248128139436705,18.20580937749999,18.231201603276393,18900
2017-05-23,18.155027389526367,18.239664917358816,18.14656331387165,18.222738380406742,36500
2017-05-24,18.18888282775879,18.1973469037625,18.138099986093952,18.138099986093952,12000
2017-05-25,18.171953201293945,18.197345427244777,18.163489125977,18.197345427244777,11400
2017-05-26,18.129634857177734,18.146563008202023,18.112706706153446,18.12117078166559,38000
2017-05-30,18.155027389526367,18.163489850823723,18.13809923821693,18.155027389526367,34500
2017-05-31,18.205808639526367,18.222736789357786,18.18888048969495,18.197344564610656,21200
2017-06-01,18.163490295410156,18.188882522995833,18.155027833905667,18.171954371272047,18300
2017-06-02,18.256591796875,18.265055871940092,18.231201186036976,18.231201186036976,13800
2017-06-05,18.23966407775879,18.23966407775879,18.231201616850974,18.23966407775879,4500
2017-06-06,18.27351951599121,18.28198359085666,18.25659136626031,18.27351951599121,19900
2017-06-07,18.265058517456055,18.281986670038116,18.231203826649416,18.239666288582963,16400
2017-06-08,18.205808639526367,18.222736789357786,18.18041641477924,18.222736789357786,22100
2017-06-09,18.155027389526367,18.155027389526367,18.104242935598062,18.1211710869075,42000
2017-06-12,18.163490295410156,18.188882522995833,18.163490295410156,18.188882522995833,24800
2017-06-13,18.18888282775879,18.214275055769924,18.18888282775879,18.1973469037625,10200
2017-06-14,18.21427345275879,18.31583912714982,18.18041715172359,18.28198444047191,22900
2017-06-15,18.11270523071289,18.12116930553556,18.09577708106755,18.12116930553556,39100
2017-06-16,18.163490295410156,18.171954371272047,18.13809968218188,18.146563758043776,13800
2017-06-19,18.10424041748047,18.13809671539027,18.087313882882707,18.12116856643537,16000
2017-06-20,18.061925888061523,18.087318117438635,18.044997735143447,18.078854040979596,17200
2017-06-21,18.095779418945312,18.095779418945312,18.06192472963799,18.06192472963799,14000
2017-06-22,18.10424041748047,18.10424041748047,18.087313882882707,18.09577634300302,34900
2017-06-23,18.146564483642578,18.163491021685775,18.12963633124191,18.12963633124191,10000
2017-06-26,18.129634857177734,18.180417695893265,18.112706706153446,18.163489544868977,25800
2017-06-27,18.315839767456055,18.32430384301075,18.231202240623766,18.23966470182112,56900
2017-06-28,18.37508773803711,18.383551814078256,18.315840820106526,18.315840820106526,20800
2017-06-29,18.45125961303711,18.46818776218813,18.400476779941204,18.408940854516715,16000
2017-06-30,18.45125961303711,18.45972368761262,18.417404929092225,18.442797152818756,34100
2017-07-03,18.341232299804688,18.36662452689198,18.33276822410892,18.34969637550045,43000
2017-07-05,18.332767486572266,18.332767486572266,18.29891279950857,18.29891279950857,11600
2017-07-06,18.40047836303711,18.408942438340834,18.375086137125944,18.375086137125944,27800
2017-07-07,18.37508773803711,18.383551814078256,18.358161200312257,18.3666252763534,8500
2017-07-10,18.38355255126953,18.38355255126953,18.34123378372423,18.34123378372423,4600
2017-07-11,18.434335708618164,18.442799784401405,18.358160640926393,18.358160640926393,11000
2017-07-12,18.425872802734375,18.434336879055017,18.38355242113116,18.417408726413733,88900
2017-07-13,18.425872802734375,18.434336879055017,18.392016497451802,18.425872802734375,7600
2017-07-14,18.54436492919922,18.54436492919922,18.502046165863316,18.518972702583273,19700
2017-07-17,18.53590202331543,18.55283017546093,18.527437947242678,18.53590202331543,14400
2017-07-18,18.62900733947754,18.662862033216037,18.62900733947754,18.6459354935256,15800
2017-07-19,18.59514808654785,18.629004389282294,18.59514808654785,18.629004389282294,24900
2017-07-20,18.688251495361328,18.730570259853735,18.612076427789088,18.612076427789088,56400
2017-07-21,18.764427185058594,18.772891261109176,18.72210841916313,18.730570880856273,49200
2017-07-24,18.74749755859375,18.75596163397869,18.73056940782387,18.75596163397869,75400
2017-07-25,18.722108840942383,18.80674637464006,18.722108840942383,18.772891684032484,37600
2017-07-26,18.840600967407227,18.865993193823417,18.705178988568864,18.730569600627728,57500
2017-07-27,18.74749755859375,18.79828039654607,18.722106946796245,18.79828039654607,52300
2017-07-28,18.882919311523438,18.882919311523438,18.815208323606313,18.815208323606313,38000
2017-07-31,18.95909881591797,18.976026970452015,18.857533117429035,18.87445965760541,151400
2017-08-01,18.916776657104492,18.976023573008487,18.908312581352867,18.95909542150524,73600
2017-08-02,18.950632095336914,19.009879013584396,18.92524148143511,18.933705557521524,50100
2017-08-03,18.984487533569336,18.984487533569336,18.925240618024826,18.94216715506799,35000
2017-08-04,18.832136154174805,18.916775291222322,18.772889242548718,18.916775291222322,142200
2017-08-07,18.84906768798828,18.84906768798828,18.815211381348938,18.815211381348938,52900
2017-08-08,18.798282623291016,18.874457696421445,18.772892008485876,18.874457696421445,44200
2017-08-09,18.82367515563965,18.832139232163527,18.772892310853923,18.772892310853923,22500
2017-08-10,18.85753059387207,18.85753059387207,18.80674613706602,18.832138365469046,34400
2017-08-11,18.90831184387207,18.933704070136574,18.857529005700382,18.874455542186066,52400
2017-08-14,18.840600967407227,18.874455654938153,18.832136891935164,18.874455654938153,18900
2017-08-15,18.772890090942383,18.781354166465373,18.730569713327426,18.73903378885042,54200
2017-08-16,18.82367515563965,18.832139232163527,18.71364538954432,18.722109466068197,33100
2017-08-17,18.798282623291016,18.815210776066113,18.772892008485876,18.781356084873423,10300
2017-08-18,18.84906768798828,18.84906768798828,18.815211381348938,18.823675458008772,16800
2017-08-21,18.90831184387207,18.91677591929357,18.874455542186066,18.874455542186066,25600
2017-08-22,18.832136154174805,18.85752837959624,18.823672079034324,18.85752837959624,60000
2017-08-23,18.891382217407227,18.89984629216759,18.85752753272296,18.85752753272296,14200
2017-08-24,18.86599349975586,18.88292003661714,18.85752942414654,18.874455961007822,13400
2017-08-25,19.00988006591797,19.035272295582864,18.857531531001197,18.891386222863524,159800
2017-08-28,19.08605194091797,19.08605194091797,19.026805029323057,19.035269104459083,115400
2017-08-29,19.035268783569336,19.170690754748314,19.035268783569336,19.170690754748314,131900
2017-08-30,18.92523956298828,18.9760224000015,18.92523956298828,18.9760224000015,54200
2017-08-31,18.984487533569336,18.984487533569336,18.89984839092402,18.89984839092402,29900
2017-09-01,18.942167282104492,19.01834234956041,18.942167282104492,19.01834234956041,56400
2017-09-05,19.05219841003418,19.06066248568346,19.009878031787796,19.05219841003418,35400
2017-09-06,19.043737411499023,19.094520259242884,19.043737411499023,19.069129642549765,16800
2017-09-07,19.187620162963867,19.204548314060613,19.1283732484826,19.179156087415496,104000
2017-09-08,19.221473693847656,19.246865918964403,19.204547158127074,19.229937768886572,56000
2017-09-11,19.111446380615234,19.16222922295792,19.111446380615234,19.15376514684123,53500
2017-09-12,19.119909286499023,19.12837336209767,19.086052984104438,19.094517059703083,14600
2017-09-13,18.992950439453125,19.08605203770701,18.984486364274176,19.077589576885334,50300
2017-09-14,19.077592849731445,19.077592849731445,19.00988023668346,19.00988023668346,18500
2017-09-15,19.136837005615234,19.170691692888077,19.07759009211977,19.153763542072998,24900
2017-09-18,19.09451675415039,19.11990898054,19.060662066654906,19.102980829613593,21300
2017-09-19,19.145301818847656,19.153764280224006,19.086053288711547,19.119909591646465,163500
2017-09-20,18.992950439453125,19.213011551033958,18.959094138737335,19.16222709996027,181200
2017-09-21,19.05219841003418,19.05219841003418,19.009878031787796,19.009878031787796,11300
2017-09-22,19.05219841003418,19.119909400871034,19.05219841003418,19.086053098273926,9800
2017-09-25,18.967559814453125,19.00141611802581,18.950631662666783,18.984487966239467,20700
2017-09-26,18.874454498291016,18.90831079810452,18.82367166292799,18.89138264819777,191200
2017-09-27,18.789817810058594,18.840600647671835,18.764425584073322,18.764425584073322,52300
2017-09-28,18.840600967407227,18.857529118351355,18.823672816463098,18.823672816463098,11300
2017-09-29,18.86599349975586,18.874455961007822,18.82367312170927,18.874455961007822,117500
2017-10-02,18.74749755859375,18.79828039654607,18.73056940782387,18.79828039654607,50400
2017-10-03,18.755962371826172,18.781354598979902,18.730570144672445,18.730570144672445,21800
2017-10-04,18.789817810058594,18.80674434635814,18.730569282759628,18.798280271029718,15900
2017-10-05,18.67978858947754,18.730571432920353,18.67132451317749,18.69671674207764,22800
2017-10-06,18.69671630859375,18.70518038469756,18.629005314120715,18.637469390224524,108000
2017-10-09,18.73903465270996,18.747498728623142,18.713644039327832,18.713644039327832,53500
2017-10-10,18.832136154174805,18.849064304455762,18.79827985361289,18.79827985361289,147200
2017-10-11,18.89984893798828,18.89984893798828,18.857530172619377,18.874456710152486,119600
2017-10-12,18.85753059387207,18.8744571317833,18.832138365469046,18.85753059387207,23500
2017-10-13,18.86599349975586,18.92524041466373,18.849065348537223,18.92524041466373,32200
2017-10-16,18.815210342407227,18.84906664717709,18.806746266214763,18.840602570984622,26500
2017-10-17,18.772890090942383,18.781354166465373,18.730569713327426,18.74749786437341,41600
2017-10-18,18.789817810058594,18.798280271029718,18.73903335808805,18.73903335808805,63400
2017-10-19,18.840600967407227,18.857529118351355,18.815208740991036,18.832136891935164,47100
2017-10-20,18.722108840942383,18.75596353154996,18.713644764701122,18.75596353154996,38400
2017-10-23,18.70517921447754,18.70517921447754,18.6628588366061,18.6628588366061,98200
2017-10-24,18.688251495361328,18.705179646901243,18.67132334382141,18.688251495361328,18900
2017-10-25,18.722108840942383,18.747499455308695,18.713644764701122,18.722108840942383,24400
2017-10-26,18.51897430419922,18.662860372085575,18.510511842286036,18.662860372085575,149800
2017-10-27,18.476655960083008,18.485120036547393,18.41740903918983,18.442801268582986,91800
2017-10-30,18.561294555664062,18.561294555664062,18.49358356033005,18.49358356033005,42200
2017-10-31,18.552827835083008,18.56129191008804,18.5274356100679,18.535899685072938,13900
2017-11-01,18.502046585083008,18.527437197916914,18.493582509352578,18.527437197916914,5200
2017-11-02,18.51051139831543,18.561294240363928,18.49358324618012,18.49358324618012,21600
2017-11-03,18.459726333618164,18.518973249781997,18.442799796398063,18.518973249781997,10500
2017-11-06,18.502046585083008,18.510510660813434,18.44279966932739,18.44279966932739,13900
2017-11-07,18.476655960083008,18.485120036547393,18.425873115654216,18.442801268582986,12000
2017-11-08,18.476655960083008,18.493584113011778,18.459727807154238,18.485120036547393,14900
2017-11-09,18.561294555664062,18.569758631875498,18.49358356033005,18.49358356033005,13800
2017-11-10,18.578224182128906,18.6036147984203,18.561296028362914,18.56976010524591,33600
2017-11-13,18.561294555664062,18.569758631875498,18.535902327029756,18.552830479452627,56700
2017-11-14,18.688251495361328,18.705179646901243,18.629004579329003,18.64593273086892,22800
2017-11-15,18.69671630859375,18.739035074755353,18.68825223248994,18.722108536905182,64000
2017-11-16,18.671321868896484,18.696714094200523,18.662857793795137,18.696714094200523,24200
2017-11-17,18.73056983947754,18.739033915057536,18.7051792270949,18.713643302674896,12000
2017-11-20,18.637468338012695,18.705179328662986,18.637468338012695,18.688251177411075,148900
2017-11-21,18.654394149780273,18.679784759116497,18.645930075215816,18.645930075215816,42900
2017-11-22,18.815210342407227,18.815210342407227,18.713644656812573,18.713644656812573,15500
2017-11-24,18.90831184387207,18.925239994715074,18.89984776845057,18.89984776845057,11400
2017-11-27,18.882919311523438,18.959094374724863,18.874455236239136,18.959094374724863,13400
2017-11-28,18.815210342407227,18.84906664717709,18.806746266214763,18.84906664717709,76200
2017-11-29,18.806745529174805,18.840601832617832,18.789818991810694,18.798281453314047,24600
2017-11-30,18.85753059387207,18.908313436320665,18.832138365469046,18.832138365469046,17300
2017-12-01,18.882919311523438,18.94216622415626,18.815208323606313,18.823672398890615,105500
2017-12-04,18.82367515563965,18.82367515563965,18.798282926068023,18.806747002591898,145900
2017-12-05,18.798282623291016,18.798282623291016,18.764427932098325,18.781356084873423,23400
2017-12-06,18.74749755859375,18.764425709363625,18.73056940782387,18.764425709363625,77100
2017-12-07,18.70517921447754,18.747497977991628,18.69671513890325,18.713643290051827,42800
2017-12-08,18.662860870361328,18.679789023354623,18.64593433172556,18.662860870361328,70300
2017-12-11,18.671321868896484,18.713642244403214,18.671321868896484,18.67978594399783,14600
2017-12-12,18.637468338012695,18.637468338012695,18.603612035508874,18.62900426238674,37400
2017-12-13,18.764427185058594,18.789819413210335,18.662859886809066,18.662859886809066,130300
2017-12-14,18.74749755859375,18.75596163397869,18.69671472064143,18.74749755859375,122300
2017-12-15,18.662860870361328,18.73903594447362,18.662860870361328,18.73903594447362,45100
2017-12-18,18.71708869934082,18.776400174574025,18.71708869934082,18.76792687580978,502400
2017-12-19,18.759450912475586,18.759450912475586,18.708612743227615,18.73403263590973,122800
2017-12-20,18.776399612426758,18.810292806468997,18.767926313916195,18.767926313916195,33700
2017-12-21,18.801816940307617,18.801816940307617,18.74250547494995,18.74250547494995,9900
2017-12-22,18.776399612426758,18.784872910937317,18.750979716895078,18.767926313916195,7800
2017-12-26,18.810291290283203,18.818762971994467,18.793344694628047,18.793344694628047,12300
2017-12-27,18.844186782836914,18.89502496425439,18.835713483247893,18.89502496425439,30000
2017-12-28,18.895021438598633,18.911968034614578,18.886549756707005,18.911968034614578,46100
2017-12-29,18.96280860900879,19.013648403497694,18.96280860900879,18.96280860900879,20300
2018-01-02,19.06448745727539,19.06448745727539,19.02212257603921,19.04754085833427,19500
2018-01-03,18.98822784423828,19.022121039382547,18.979754545452217,19.022121039382547,35100
2018-01-04,19.047536849975586,19.064483445350472,19.030590254600696,19.03906355228814,37800
2018-01-05,19.022119522094727,19.03906450219876,19.00517292587433,19.01364622398453,28200
2018-01-08,18.954334259033203,18.971279238695338,18.945860961143975,18.96280594080611,60900
2018-01-09,18.928913116455078,18.928913116455078,18.903493224464565,18.903493224464565,31100
2018-01-10,18.971281051635742,19.005174246431576,18.945862771655346,18.98822764903366,43400
2018-01-11,19.047536849975586,19.064483445350472,19.030590254600696,19.03906355228814,19400
2018-01-12,19.233945846557617,19.233945846557617,19.14921448721053,19.157687784756863,141800
2018-01-16,19.33562469482422,19.352571292116714,19.25936662312446,19.276313220416956,98000
2018-01-17,19.27631378173828,19.377991752337618,19.27631378173828,19.29326037952426,90600
2018-01-18,19.301733016967773,19.327151296659164,19.28478641976254,19.31020631557039,110400
2018-01-19,19.284788131713867,19.318679713016504,19.284788131713867,19.3102080297783,25300
2018-01-22,19.344097137451172,19.344097137451172,19.301732262211143,19.3271505409086,234400
2018-01-23,19.394935607910156,19.403408906311174,19.352570732021498,19.36951732882353,100100
2018-01-24,19.56439781188965,19.581344408231033,19.513559638981878,19.513559638981878,164000
2018-01-25,19.538978576660156,19.71691461201582,19.496613700493604,19.66607482127624,279600
2018-01-26,19.581344604492188,19.632182777909502,19.581344604492188,19.589817902747807,57800
2018-01-29,19.547452926635742,19.547452926635742,19.488141450365447,19.53050632881094,110600
2018-01-30,19.56439781188965,19.62370928296811,19.547451215548268,19.59828938845604,79400
2018-01-31,19.58981704711914,19.649128516201515,19.5474505576915,19.623708622544928,23000
2018-02-01,19.69149398803711,19.69149398803711,19.598289324579664,19.606762622722737,36100
2018-02-02,19.581344604492188,19.615236181398267,19.522033132819256,19.589817902747807,98000
2018-02-05,19.479665756225586,19.522032245578195,19.479665756225586,19.522032245578195,89300
2018-02-06,19.462718963623047,19.505085452547128,19.39493419746082,19.403407495245638,67400
2018-02-07,19.33562469482422,19.43730266246272,19.318678097531723,19.428829363816472,157800
2018-02-08,19.33562469482422,19.386462870585234,19.318678097531723,19.386462870585234,32600
2018-02-09,19.318679809570312,19.335626408364632,19.28478822809829,19.318679809570312,38700
2018-02-12,19.377992630004883,19.377992630004883,19.335626133621084,19.335626133621084,43200
2018-02-13,19.462718963623047,19.47966555919268,19.44577398416972,19.454245665838233,34500
2018-02-14,19.615238189697266,19.615238189697266,19.42035715821441,19.428830457337565,50800
2018-02-15,19.69149398803711,19.69149398803711,19.606762622722737,19.64912911343811,64100
2018-02-16,19.572872161865234,19.63218363613097,19.564398863239205,19.598290441626855,84400
2018-02-20,19.454248428344727,19.479668325308804,19.445776745473236,19.479668325308804,25400
2018-02-21,19.377992630004883,19.471195689816064,19.377992630004883,19.445777408102373,54200
2018-02-22,19.44577407836914,19.462719057904554,19.420354184891554,19.428827482717416,89700
2018-02-23,19.42035675048828,19.437303348378798,19.394936853652503,19.42035675048828,13000
2018-02-26,19.42035675048828,19.42883004943354,19.394936853652503,19.42035675048828,61200
2018-02-27,19.310205459594727,19.386461911405092,19.30173216136771,19.386461911405092,48400
2018-02-28,19.25936508178711,19.301731571627734,19.25936508178711,19.29325827365961,19200
2018-03-01,19.344097137451172,19.344097137451172,19.21700089561469,19.23394749215726,36100
2018-03-02,19.394935607910156,19.41188220471219,19.377990627224545,19.403408906311174,29800
2018-03-05,19.38646125793457,19.403407853817374,19.3610429802267,19.377989576109503,40400
2018-03-06,19.471195220947266,19.49661511816543,19.462721921874543,19.462721921874543,55700
2018-03-07,19.479665756225586,19.48813905409611,19.445774180859818,19.48813905409611,14600
2018-03-08,19.36104393005371,19.4457752975082,19.34409733333953,19.4457752975082,26400
2018-03-09,19.36104393005371,19.39493550736566,19.36104393005371,19.36104393005371,36800
2018-03-12,19.411882400512695,19.420355698999177,19.361044225710234,19.361044225710234,25900
2018-03-13,19.437301635742188,19.47119321242048,19.428828337543518,19.428828337543518,132800
2018-03-14,19.44577407836914,19.45424576007869,19.41188088706569,19.420354184891554,35300
2018-03-15,19.344097137451172,19.41188190750506,19.344097137451172,19.394935310962488,50800
2018-03-16,19.327150344848633,19.34409694121929,19.301732066409027,19.34409694121929,21000
2018-03-19,19.411882400512695,19.420355698999177,19.377990822683202,19.386462505053245,11200
2018-03-20,19.293258666992188,19.335623541580166,19.293258666992188,19.327150243439295,15500
2018-03-21,19.454248428344727,19.454248428344727,19.335625474745427,19.369518670697534,63200
2018-03-22,19.4288272857666,19.43730058350657,19.386460797066757,19.420353988026633,34300
2018-03-23,19.496612548828125,19.51355914474028,19.46271935700381,19.47119265495989,161900
2018-03-26,19.58981704711914,19.606762026773875,19.555923855577028,19.555923855577028,80800
2018-03-27,19.513561248779297,19.5305062304022,19.479668053300465,19.488141352170175,48900
2018-03-28,19.33562469482422,19.428829363816472,19.33562469482422,19.420356065170225,476700
2018-03-29,19.36104393005371,19.39493550736566,19.34409733333953,19.377990526767892,74400
2018-04-02,19.369516372680664,19.403407948495307,19.344096478732425,19.39493465051256,34200
2018-04-03,19.327150344848633,19.34409694121929,19.310205364594356,19.318677046663304,42100
2018-04-04,19.352569580078125,19.37798947376808,19.344096282181475,19.36104287797478,52600
2018-04-05,19.27631378173828,19.310206977310234,19.25089388505932,19.29326037952426,43800
2018-04-06,19.352569580078125,19.352569580078125,19.31867638849152,19.335622984284825,403300
2018-04-09,19.394935607910156,19.41188220471219,19.38646230950914,19.394935607910156,86100
2018-04-10,19.454248428344727,19.47119502632078,19.420356848509154,19.454248428344727,92200
2018-04-11,19.471195220947266,19.513561716310875,19.471195220947266,19.471195220947266,62500
2018-04-12,19.42035675048828,19.42883004943354,19.377991871878514,19.386463554707245,83900
2018-04-13,19.42035675048828,19.437303348378798,19.411883451543023,19.411883451543023,246500
2018-04-16,19.496612548828125,19.505085846784205,19.47119265495989,19.505085846784205,37200
2018-04-17,19.479665756225586,19.48813905409611,19.445774180859818,19.45424586261402,59900
2018-04-18,19.454248428344727,19.48814162429683,19.445776745473236,19.47119502632078,39800
2018-04-19,19.394935607910156,19.47119367740288,19.377990627224545,19.47119367740288,55100
2018-04-20,19.293258666992188,19.31020526327393,19.267838772569576,19.293258666992188,92600
2018-04-23,19.166162490844727,19.217000663742628,19.149215894506632,19.217000663742628,378100
2018-04-24,19.200056076049805,19.2085293751053,19.15769119688888,19.174636178883322,59400
2018-04-25,19.098379135131836,19.132270714200054,19.08990583633566,19.10685081781152,60500
2018-04-26,19.022119522094727,19.140742463404784,19.01364622398453,19.132269165294584,38100
2018-04-27,19.039064407348633,19.039064407348633,18.962806340853113,18.9712796389211,92500
2018-04-30,18.954334259033203,18.99669913236303,18.954334259033203,18.954334259033203,94100
2018-05-01,18.827238082885742,18.869604576103526,18.810293101715096,18.869604576103526,157300
2018-05-02,18.750980377197266,18.861131645596995,18.742508694504824,18.827238450361232,166300
2018-05-03,18.827238082885742,18.844184680172855,18.78487320578443,18.810293101715096,41000
2018-05-04,18.793346405029297,18.81029300222678,18.734034930954568,18.734034930954568,71200
2018-05-07,18.759450912475586,18.776397507596997,18.73403263590973,18.742505933470436,77600
2018-05-08,18.683195114135742,18.717088308484943,18.649303535902998,18.674723431664898,47200
2018-05-09,18.683195114135742,18.717088308484943,18.674723431664898,18.708615009897642,23500
2018-05-10,18.776399612426758,18.801819507958438,18.700141541948163,18.784872910937317,105000
2018-05-11,18.801816940307617,18.835708513605045,18.793343642954206,18.827235216251633,31300
2018-05-14,18.793346405029297,18.869604476301507,18.793346405029297,18.861131177702767,71500
2018-05-15,18.64930534362793,18.69167022455451,18.606938846584736,18.632358744810652,34700
2018-05-16,18.61541175842285,18.649304955351756,18.589993476842757,18.61541175842285,42800
2018-05-17,18.598464965820312,18.61540994651887,18.581518369005334,18.598464965820312,33800
2018-05-18,18.55609893798828,18.581518833846662,18.530680658246364,18.530680658246364,153300
2018-05-21,18.573043823242188,18.581517121080616,18.513732354489512,18.53915063188848,323000
2018-05-22,18.573043823242188,18.606935398479582,18.556097227565335,18.589990418919044,35800
2018-05-23,18.488313674926758,18.496786973321548,18.445948799069235,18.488313674926758,119900
2018-05-24,18.522207260131836,18.564572136885104,18.51373396155789,18.51373396155789,73600
2018-05-25,18.429000854492188,18.454420747817494,18.429000854492188,18.437474152267292,271500
2018-05-29,18.293432235717773,18.344270408790443,18.276485639321425,18.33579711059227,359500
2018-05-30,18.454423904418945,18.462897203643394,18.3781658275155,18.395110809847814,129200
2018-05-31,18.47136688232422,18.479840180629182,18.437475305220765,18.47136688232422,57900
2018-06-01,18.429000854492188,18.4628940455926,18.38663598173298,18.445947450042393,148600
2018-06-04,18.47136688232422,18.522206672154006,18.46289520013566,18.505260075544076,173500
2018-06-05,18.496789932250977,18.522209831501762,18.41205855086504,18.445951749866087,87600
2018-06-06,18.55609893798828,18.60693711358858,18.54762563936882,18.5730455352272,101100
2018-06-07,18.598464965820312,18.623883244926358,18.598464965820312,18.61540994651887,168200
2018-06-08,18.573043823242188,18.581517121080616,18.547623929726907,18.556097227565335,71300
2018-06-11,18.573043823242188,18.598463716757472,18.556097227565335,18.581517121080616,76500
2018-06-12,18.522207260131836,18.581518734032993,18.49678736441,18.573045435459047,64800
2018-06-13,18.573043823242188,18.573043823242188,18.471365865297372,18.547623929726907,129300
2018-06-14,18.310379028320312,18.43747527042209,18.310379028320312,18.43747527042209,182800
2018-06-15,18.32732391357422,18.335797211819173,18.301905634955748,18.335797211819173,44700
2018-06-18,18.32732391357422,18.32732391357422,18.293432336710794,18.293432336710794,45000
2018-06-19,18.276485443115234,18.276485443115234,18.242593866802757,18.25106716490997,37100
2018-06-20,18.259538650512695,18.27648524654485,18.251066968612967,18.268011948528773,103100
2018-06-21,18.318851470947266,18.33579645061732,18.268011683588128,18.268011683588128,267400
2018-06-22,18.378164291381836,18.378164291381836,18.318852817884817,18.35274439583321,240500
2018-06-25,18.41205596923828,18.429002566362655,18.386637689668174,18.386637689668174,123800
2018-06-26,18.335798263549805,18.378164757204694,18.318853282204334,18.361218159742737,59400
2018-06-27,18.208702087402344,18.28496016016864,18.200228788637588,18.268013562639133,78400
2018-06-28,18.21717643737793,18.251069634392735,18.19175653961683,18.20022983887053,112900
2018-06-29,18.361217498779297,18.361217498779297,18.293432727488064,18.301906025914022,186300
2018-07-02,18.276485443115234,18.276485443115234,18.242593866802757,18.242593866802757,50800
2018-07-03,18.335798263549805,18.34427156228078,18.318853282204334,18.318853282204334,37100
2018-07-05,18.395111083984375,18.403584383335097,18.361219502698088,18.36969280204881,241000
2018-07-06,18.462894439697266,18.479839419492873,18.445947843785323,18.462894439697266,121100
2018-07-09,18.454423904418945,18.50526208364905,18.429004006745604,18.496788784424602,91400
2018-07-10,18.44594955444336,18.44594955444336,18.395109761992703,18.40358306073448,50300
2018-07-11,18.318851470947266,18.437474409219266,18.310378173054076,18.437474409219266,38300
2018-07-12,18.318851470947266,18.34426974851051,18.301904875160886,18.310378173054076,44200
2018-07-13,18.32732391357422,18.32732391357422,18.259539143730976,18.259539143730976,106600
2018-07-16,18.369688034057617,18.386634628360447,18.35274143975479,18.361214736906206,64800
2018-07-17,18.28495979309082,18.32732466994761,18.26801319590152,18.31885298746942,46800
2018-07-18,18.26801300048828,18.276486298992292,18.21717482558066,18.21717482558066,32800
2018-07-19,18.21717643737793,18.27648791603725,18.15786495871861,18.15786495871861,82800
2018-07-20,18.38663673400879,18.38663673400879,18.344270243399883,18.344270243399883,131500
2018-07-23,18.352745056152344,18.36969165379449,18.335798458510197,18.361218354973417,32000
2018-07-24,18.352745056152344,18.386638251436633,18.335798458510197,18.352745056152344,16000
2018-07-25,18.429000854492188,18.445947450042393,18.361216088407673,18.39510766339178,31900
2018-07-26,18.318851470947266,18.369689642190078,18.310378173054076,18.369689642190078,43900
2018-07-27,18.344268798828125,18.344268798828125,18.318850522580785,18.318850522580785,33700
2018-07-30,18.403583526611328,18.420530124523875,18.369691946902766,18.369691946902766,47200
2018-07-31,18.369688034057617,18.386634628360447,18.361214736906206,18.378161331209032,51100
2018-08-01,18.344268798828125,18.35274209628265,18.32732220391907,18.344268798828125,53100
2018-08-02,18.251066207885742,18.29343108008396,18.234119612559944,18.28495778242106,48200
2018-08-03,18.23412322998047,18.276488110583347,18.217176631292677,18.217176631292677,164300
2018-08-06,18.191753387451172,18.217173280807657,18.183280089665676,18.183280089665676,24700
2018-08-07,18.225645065307617,18.251064956553474,18.225645065307617,18.251064956553474,22700
2018-08-08,18.251066207885742,18.259537889432362,18.217173017234142,18.234119612559944,25400
2018-08-09,18.14091682434082,18.225648193587602,18.14091682434082,18.225648193587602,23800
2018-08-10,17.996875762939453,18.05618724244842,17.98840246356437,18.0222956610647,189700
2018-08-13,17.988399505615234,18.039239293505812,17.988399505615234,18.03076599552405,41300
2018-08-14,17.92909049987793,18.0053485760777,17.92061720073167,18.0053485760777,49800
2018-08-15,17.92909049987793,17.94603709817045,17.878252321116936,17.895198919409456,67300
2018-08-16,17.94603729248047,18.005348771029915,17.92909069400446,17.962983890956476,31200
2018-08-17,18.047714233398438,18.047714233398438,18.00534935195813,18.00534935195813,164300
2018-08-20,18.090078353881836,18.098551652279816,18.03924017961038,18.056185160289917,28900
2018-08-21,18.21717643737793,18.251069634392735,18.14091836021121,18.15786495871861,151300
2018-08-22,18.251066207885742,18.259537889432362,18.225646314897045,18.259537889432362,11600
2018-08-23,18.1324405670166,18.20022532812986,18.1324405670166,18.1832787338225,24400
2018-08-24,18.23412322998047,18.259541511895556,18.19175673326099,18.208703331948783,76800
2018-08-27,18.318851470947266,18.32732315272413,18.251066703918074,18.251066703918074,32200
2018-08-28,18.310379028320312,18.369690500226714,18.310379028320312,18.361217201937745,45000
2018-08-29,18.335798263549805,18.352744861011757,18.2934333860114,18.301906684742377,22700
2018-08-30,18.32732391357422,18.32732391357422,18.276485740220885,18.301905634955748,103000
2018-08-31,18.24259376525879,18.301905235562753,18.225647169138696,18.276485341382614,252800
2018-09-04,18.18328285217285,18.19175615124566,18.11549807570695,18.149391271998176,31800
2018-09-05,18.24259376525879,18.24259376525879,18.225647169138696,18.234120467198743,20900
2018-09-06,18.24259376525879,18.276485341382614,18.225647169138696,18.251067063318835,21700
2018-09-07,18.18328285217285,18.225649347536883,18.18328285217285,18.21717604846408,113900
2018-09-10,18.24259376525879,18.251067063318835,18.234120467198743,18.24259376525879,37300
2018-09-11,18.21717643737793,18.22564973663163,18.20022983887053,18.20870313812423,18000
2018-09-12,18.293432235717773,18.310378832114125,18.234120764446928,18.234120764446928,11500
2018-09-13,18.352745056152344,18.36969165379449,18.318853476984557,18.352745056152344,71600
2018-09-14,18.26801300048828,18.318852791512345,18.26801300048828,18.318852791512345,71600
2018-09-17,18.361217498779297,18.378164095631213,18.344270901927384,18.344270901927384,21600
2018-09-18,18.335798263549805,18.38663805593567,18.318853282204334,18.38663805593567,22100
2018-09-19,18.352745056152344,18.36969165379449,18.318853476984557,18.335798458510197,23600
2018-09-20,18.488313674926758,18.488313674926758,18.42900220227966,18.47136707813718,45500
2018-09-21,18.41205596923828,18.429002566362655,18.395109372113907,18.403582670676094,14700
2018-09-24,18.420528411865234,18.488313181096565,18.420528411865234,18.4798398829281,13400
2018-09-25,18.429000854492188,18.454420747817494,18.429000854492188,18.445947450042393,10100
2018-09-26,18.41205596923828,18.462895760611403,18.386637689668174,18.386637689668174,27700
2018-09-27,18.26801300048828,18.335797772403925,18.25953970198427,18.335797772403925,63900
2018-09-28,18.23412322998047,18.26801481123945,18.200230032604885,18.208703331948783,50200
2018-10-01,18.20022964477539,18.24259614059208,18.191756345612053,18.217176243102067,22400
2018-10-02,18.1748104095459,18.18328209214806,18.14939051338998,18.14939051338998,19300
2018-10-03,18.11549949645996,18.157865995146693,18.10702781283929,18.140919395672,67700
2018-10-04,18.107025146484375,18.14939002281598,18.08160525101555,18.115496828857545,81400
2018-10-05,18.1324405670166,18.149387161323965,18.115493972709242,18.140913864170283,60800
2018-10-08,18.11549949645996,18.123972796197307,18.064661314152563,18.064661314152563,26300
2018-10-09,18.12396812438965,18.12396812438965,18.04771006252722,18.04771006252722,28300
2018-10-10,18.15786361694336,18.18328189670959,18.140917019688224,18.140917019688224,50100
2018-10-11,18.259538650512695,18.259538650512695,18.191753882500425,18.217173776548655,136700
2018-10-12,18.20022964477539,18.217176243102067,18.191756345612053,18.217176243102067,31000
2018-10-15,18.23412322998047,18.26801481123945,18.225649930636575,18.225649930636575,41000
2018-10-16,18.24259376525879,18.293431937502707,18.24259376525879,18.293431937502707,33400
2018-10-17,18.14091682434082,18.200228297978633,18.14091682434082,18.183281700905987,28100
2018-10-18,18.05618667602539,18.140918051001577,18.05618667602539,18.115498153673755,65600
2018-10-19,18.11549949645996,18.140919395672,18.064661314152563,18.064661314152563,24100
2018-10-22,18.05618667602539,18.064659975134663,18.05618667602539,18.064659975134663,16900
2018-10-23,18.064659118652344,18.090079014774957,18.056185819944805,18.07313241735988,21300
2018-10-24,17.988399505615234,18.00534610157876,17.962981227786287,17.988399505615234,33400
2018-10-25,17.92909049987793,17.962983696462967,17.91214390158541,17.95451039731671,45500
2018-10-26,17.988399505615234,17.996872803596997,17.91214143989571,17.920614737877475,36500
2018-10-29,17.93756103515625,17.95450763083759,17.92908773731558,17.92908773731558,60200
2018-10-30,17.861305236816406,17.912143414194087,17.861305236816406,17.903670115278388,25000
2018-10-31,17.861305236816406,17.878251834647806,17.827413657270125,17.827413657270125,54400
2018-11-01,17.996875762939453,18.013822361689616,17.937564283430486,17.937564283430486,78900
2018-11-02,17.94603729248047,18.013822070267917,17.937563993242463,17.99687547179191,43700
2018-11-05,17.996875762939453,18.005349062314533,17.971455864814207,17.979929164189286,4300
2018-11-06,17.979928970336914,18.005348868188094,17.979928970336914,17.99687556890437,9300
2018-11-07,18.030765533447266,18.098550299447897,18.030765533447266,18.06465710838943,53300
2018-11-08,17.89519500732422,18.030764531794265,17.89519500732422,17.996871342618647,33800
2018-11-09,17.87824821472168,17.912139787405714,17.85282832312151,17.895194809121794,18900
2018-11-12,17.75115394592285,17.818938714880016,17.74268064778866,17.818938714880016,62200
2018-11-13,17.79351806640625,17.844356236940563,17.78504476863115,17.78504476863115,17900
2018-11-14,17.844356536865234,17.91214130408906,17.801991663393963,17.844356536865234,18900
2018-11-15,17.818939208984375,17.878250681452005,17.818939208984375,17.85283078634456,33900
2018-11-16,17.93756103515625,17.99687250392463,17.93756103515625,17.99687250392463,32100
2018-11-19,17.996875762939453,18.03076896043978,17.979929164189286,18.005349062314533,25800
2018-11-20,17.86977767944336,17.971454029326566,17.86977767944336,17.962982346933337,18900
2018-11-21,17.903669357299805,17.94603585008466,17.903669357299805,17.937562551527687,6500
2018-11-23,17.85283088684082,17.895197378925054,17.85283088684082,17.895197378925054,18000
2018-11-26,17.818939208984375,17.90366896044304,17.818939208984375,17.90366896044304,27000
2018-11-27,17.79351806640625,17.82741125750666,17.768098173080944,17.82741125750666,15200
2018-11-28,17.903669357299805,17.912142655856776,17.759626514064212,17.785046409735124,51800
2018-11-29,17.87824821472168,17.912139787405714,17.87824821472168,17.903666490205655,13200
2018-11-30,17.82741355895996,17.844358540581396,17.80199366235304,17.82741355895996,8700
2018-12-03,17.87824821472168,17.87824821472168,17.85282832312151,17.869774917521625,5900
2018-12-04,17.86977767944336,17.946035749913985,17.835884485404662,17.946035749913985,49100
2018-12-06,17.912141799926758,17.937561694382982,17.878250223434833,17.92908839623091,21700
2018-12-07,17.92909049987793,17.94603709817045,17.903670602439153,17.903670602439153,18900
2018-12-10,17.82741355895996,17.912143315416678,17.818940260090987,17.912143315416678,68200
2018-12-11,17.77657127380371,17.810464464528415,17.75962467844136,17.793517869166063,19300
2018-12-12,17.85283088684082,17.87825078209136,17.827412607706705,17.827412607706705,21200
2018-12-13,17.844356536865234,17.844356536865234,17.793518365476444,17.835883238947712,9900
2018-12-14,17.75115394592285,17.77657222420906,17.717260753386086,17.75115394592285,23300
2018-12-17,17.82741355895996,17.85283183945037,17.810466961222016,17.835885241712425,59600
2018-12-18,17.844356536865234,17.895196324370353,17.827411557146522,17.895196324370353,19500
2018-12-19,17.844356536865234,17.93756119784162,17.844356536865234,17.88672302645283,65800
2018-12-20,17.971452713012695,17.996872606679847,17.90366794601662,17.96298103123997,145800
2018-12-21,17.83588409423828,17.946035356331834,17.83588409423828,17.946035356331834,94600
2018-12-24,17.977474212646484,18.16625854861781,17.900243885039757,18.16625854861781,20600
2018-12-26,17.840177536010742,17.934568892618984,17.814433545996852,17.925987562614353,73200
2018-12-27,17.934568405151367,17.95173106469414,17.88308206324435,17.908826052558506,44400
2018-12-28,17.960311889648438,18.01179823010831,17.943149230588062,18.01179823010831,51700
2018-12-31,18.011796951293945,18.011796951293945,17.977473272331384,18.00321562237302,12900
2019-01-02,17.883079528808594,17.9174032063084,17.848754214587718,17.9174032063084,30000
2019-01-03,17.99463653564453,18.011799195624906,17.934568862434563,17.95173152241494,167900
2019-01-04,18.011796951293945,18.028959609135796,17.925985298805838,17.960310614489536,24300
2019-01-07,18.097610473632812,18.10619180344036,18.07186648421016,18.08902914382526,121900
2019-01-08,18.080448150634766,18.080448150634766,18.037543137519528,18.063285490700135,37300
2019-01-09,18.20058250427246,18.209163833771843,18.080447164723598,18.080447164723598,76900
2019-01-10,18.11477279663086,18.16625913779811,18.11477279663086,18.157677808150023,31000
2019-01-11,18.097610473632812,18.140515485949255,18.08044781401771,18.140515485949255,32200
2019-01-14,18.106189727783203,18.123352385430813,18.089027070135597,18.106189727783203,31700
2019-01-15,18.063283920288086,18.089027907951863,17.98605359401795,18.080446578730605,75300
2019-01-16,18.02037811279297,18.037540770475367,17.994634126269375,17.994634126269375,51800
2019-01-17,18.011796951293945,18.028959609135796,17.986052964531172,17.986052964531172,34800
2019-01-18,17.960311889648438,17.994635571047933,17.960311889648438,17.994635571047933,26500
2019-01-22,17.96889305114746,17.994635402776048,17.943149062797634,17.96889305114746,38200
2019-01-23,18.02037811279297,18.02037811279297,17.977473105308103,17.977473105308103,7300
2019-01-24,17.92598533630371,18.003215660032446,17.9088243151471,18.003215660032446,21100
2019-01-25,18.07186508178711,18.07186508178711,17.98605342709212,17.98605342709212,44900
2019-01-28,18.080448150634766,18.097610810569396,18.054705797454158,18.080448150634766,18800
2019-01-29,18.063283920288086,18.09760923717312,18.063283920288086,18.063283920288086,16600
2019-01-30,18.140514373779297,18.17483969090506,18.02896036656298,18.02896036656298,42900
2019-01-31,18.106189727783203,18.18342005047632,18.106189727783203,18.18342005047632,40200
2019-02-01,18.11477279663086,18.149096478501935,18.097610137334684,18.140515148853847,11200
2019-02-04,18.063283920288086,18.089027907951863,18.054704227788022,18.089027907951863,16000
2019-02-05,18.003215789794922,18.054703763799285,18.003215789794922,18.020378447796375,14500
2019-02-06,17.960311889648438,18.003216900578124,17.95173056011825,17.977474548708813,15200
2019-02-07,17.92598533630371,17.96031065205921,17.92598533630371,17.96031065205921,16200
2019-02-08,17.90882682800293,17.934569181710422,17.90882682800293,17.917406521424514,11400
2019-02-11,17.823015213012695,17.865920227125784,17.823015213012695,17.823015213012695,57400
2019-02-12,17.900243759155273,17.900243759155273,17.840176090710518,17.883081100536426,26100
2019-02-13,17.805850982666016,17.86591865181648,17.805850982666016,17.840176300306986,30300
2019-02-14,17.83159637451172,17.84017770459744,17.79727105416883,17.823015044425997,46600
2019-02-15,17.865917205810547,17.865917205810547,17.805849541521752,17.83159352766885,25200
2019-02-19,17.934568405151367,17.943149734922752,17.87450073347296,17.87450073347296,49200
2019-02-20,17.917404174804688,17.9688921489191,17.908824482506773,17.917404174804688,48500
2019-02-21,17.90882682800293,17.934569181710422,17.900245497859974,17.925987851567466,15900
2019-02-22,17.917404174804688,17.934566832842826,17.908824482506773,17.917404174804688,70600
2019-02-25,17.94314956665039,17.9517308963413,17.91740557757766,17.9517308963413,22200
2019-02-26,18.02037811279297,18.028959441634168,17.94314778994331,17.977473105308103,25500
2019-02-27,17.99463653564453,18.020380525615092,17.986055205654345,18.020380525615092,15900
2019-02-28,17.977474212646484,18.00321656403458,17.968892883276713,18.00321656403458,15200
2019-03-01,17.917404174804688,17.99463449925515,17.908824482506773,17.95172949088096,26300
2019-03-04,17.900243759155273,17.9088250884647,17.86591844191758,17.900243759155273,37100
2019-03-05,17.85733985900879,17.8745025202672,17.840178834471843,17.865921189637994,19400
2019-03-06,17.85733985900879,17.865921189637994,17.848758528379584,17.865921189637994,73900
2019-03-07,17.694297790527344,17.780107815148213,17.694297790527344,17.780107815148213,80300
2019-03-08,17.771526336669922,17.78010766640448,17.754365313922097,17.771526336669922,32900
2019-03-11,17.805850982666016,17.805850982666016,17.77152566502505,17.77152566502505,26300
2019-03-12,17.848756790161133,17.857338119954637,17.81443310770842,17.83159576729543,24400
2019-03-13,17.917404174804688,17.934566832842826,17.865917837411434,17.865917837411434,11000
2019-03-14,17.865917205810547,17.883079863241946,17.865917205810547,17.865917205810547,10300
2019-03-15,17.90882682800293,17.925987851567466,17.900245497859974,17.90882682800293,30700
2019-03-18,17.92598533630371,17.934566665242585,17.900242986208227,17.934566665242585,29200
2019-03-19,17.951732635498047,17.951732635498047,17.934569974453517,17.951732635498047,25600
2019-03-20,18.054706573486328,18.071867597437244,17.925988255165333,17.934569585501496,91600
2019-03-21,17.934568405151367,17.986054747058386,17.90024472278712,17.986054747058386,61900
2019-03-22,17.883079528808594,17.90882351447425,17.865916871698154,17.865916871698154,91700
2019-03-25,17.917404174804688,17.934566832842826,17.908824482506773,17.908824482506773,30100
2019-03-26,17.865917205810547,17.90024252067334,17.865917205810547,17.891661191957645,27100
2019-03-27,17.848756790161133,17.857338119954637,17.83159576729543,17.857338119954637,18300
2019-03-28,17.771526336669922,17.797270325873598,17.771526336669922,17.78868899613904,17000
2019-03-29,17.76294708251953,17.805852095531073,17.76294708251953,17.805852095531073,40800
2019-04-01,17.771526336669922,17.80585165560816,17.771526336669922,17.797270325873598,16200
2019-04-02,17.76294708251953,17.77152677574477,17.72862176273323,17.745784422626382,5800
2019-04-03,17.805850982666016,17.8230136414865,17.78868832384553,17.797269653255775,10800
2019-04-04,17.76294708251953,17.77152677574477,17.754365752572955,17.76294708251953,8300
2019-04-05,17.74578285217285,17.762945510547155,17.72862019379855,17.754364181360003,6400
2019-04-08,17.805850982666016,17.83159497089674,17.805850982666016,17.83159497089674,23100
2019-04-09,17.81443214416504,17.84875582476126,17.81443214416504,17.84875582476126,59200
2019-04-10,17.840177536010742,17.848757229294026,17.797270885987594,17.797270885987594,59600
2019-04-11,17.780105590820312,17.814430905751536,17.780105590820312,17.78868691955312,8000
2019-04-12,17.83159637451172,17.86592005813325,17.823015044425997,17.83159637451172,16900
2019-04-15,17.840177536010742,17.857338559298658,17.83159620600611,17.857338559298658,21600
2019-04-16,17.81443214416504,17.840176132153115,17.805850814835683,17.8230134734944,3200
2019-04-17,17.81443214416504,17.831594802823755,17.81443214416504,17.831594802823755,4700
2019-04-18,17.728622436523438,17.762947757614295,17.728622436523438,17.75436642734158,7000
2019-04-22,17.771526336669922,17.771526336669922,17.745783984187536,17.745783984187536,6700
2019-04-23,17.702877044677734,17.702877044677734,17.677134692618267,17.69429735180542,44000
2019-04-24,17.617067337036133,17.685716338290387,17.59990467754225,17.6685536787965,56800
2019-04-25,17.582740783691406,17.617066100269447,17.582740783691406,17.582740783691406,46200
2019-04-26,17.625646591186523,17.65138894067464,17.60848393371371,17.60848393371371,30100
2019-04-29,17.65997314453125,17.65997314453125,17.608486800451715,17.6170681305852,10000
2019-04-30,17.71146011352539,17.72862277439791,17.694299089374297,17.72004144396165,32300
2019-05-01,17.694297790527344,17.780107815148213,17.685716460720997,17.72862147303143,52100
2019-05-02,17.651391983032227,17.694298634109558,17.651391983032227,17.694298634109558,7000
2019-05-03,17.702877044677734,17.72862103345847,17.625648351778064,17.625648351778064,35500
2019-05-06,17.72003936767578,17.72862069710655,17.68571568667393,17.694297016104702,5500
2019-05-07,17.71146011352539,17.71146011352539,17.67713642850178,17.67713642850178,1900
2019-05-08,17.702877044677734,17.711458374271313,17.685716022211842,17.711458374271313,4600
2019-05-09,17.728622436523438,17.762947757614295,17.677136091608542,17.677136091608542,52600
2019-05-10,17.754365921020508,17.780108274383135,17.754365921020508,17.780108274383135,5600
2019-05-13,17.754365921020508,17.80585226446711,17.745784590992518,17.79727093443912,31200
2019-05-14,17.72003936767578,17.72862069710655,17.71145803824501,17.72003936767578,25000
2019-05-15,17.702877044677734,17.72003970386489,17.685716022211842,17.685716022211842,41800
2019-05-16,17.65997314453125,17.6857171349317,17.651391814397766,17.6857171349317,28900
2019-05-17,17.63422966003418,17.64281099041385,17.625649966375924,17.63422966003418,14400
2019-05-20,17.64280891418457,17.64280891418457,17.634227584814763,17.64280891418457,4500
2019-05-21,17.625646591186523,17.65138894067464,17.60848393371371,17.61706526245012,7000
2019-05-22,17.59990692138672,17.6256509139097,17.59990692138672,17.617069583068705,11600
2019-05-23,17.64280891418457,17.651390243554378,17.55699725720771,17.55699725720771,53900
2019-05-24,17.694297790527344,17.702877483612387,17.6685538011083,17.677135130914646,38800
2019-05-28,17.63422966003418,17.677136311932536,17.625649966375924,17.668554981552862,60100
2019-05-29,17.582740783691406,17.617066100269447,17.582740783691406,17.608484771124935,13200
2019-05-30,17.591323852539062,17.599905182532225,17.565579862559566,17.591323852539062,6000
2019-05-31,17.65997314453125,17.677135804798215,17.6170681305852,17.6170681305852,12000
2019-06-03,17.76294708251953,17.788689435637924,17.694298079668265,17.694298079668265,72700
2019-06-04,17.797269821166992,17.797269821166992,17.745783480941014,17.76294613992342,44500
2019-06-05,17.73720359802246,17.823015263211698,17.73720359802246,17.823015263211698,92000
2019-06-06,17.7886905670166,17.831597219478382,17.77152790603189,17.797271897508956,16500
2019-06-07,17.891664505004883,17.90024583530961,17.857339183785978,17.87450184439543,54100
2019-06-10,17.865917205810547,17.883079863241946,17.83159352766885,17.883079863241946,70500
2019-06-11,17.865917205810547,17.874498534526246,17.848754548379148,17.865917205810547,36600
2019-06-12,17.805850982666016,17.857337322406238,17.805850982666016,17.857337322406238,47000
2019-06-13,17.7886905670166,17.805853228001315,17.7886905670166,17.805853228001315,17600
2019-06-14,17.702877044677734,17.754365022239202,17.677134692618267,17.754365022239202,22100
2019-06-17,17.694297790527344,17.762946792256823,17.677135130914646,17.73720280283778,14400
2019-06-18,17.694297790527344,17.72004014322508,17.625648788797864,17.694297790527344,35800
2019-06-19,17.771526336669922,17.797270325873598,17.7114586652493,17.7114586652493,13000
2019-06-20,17.874500274658203,17.874500274658203,17.848756286004857,17.865918945107087,48400
2019-06-21,17.960311889648438,17.977474548708813,17.883081560598,17.900244219658376,184900
2019-06-24,17.99463653564453,18.003217865634717,17.960312852405124,17.96889418239531,94000
2019-06-25,17.96889305114746,18.0461233794757,17.943149062797634,17.986054073326105,39800
2019-06-26,17.960311889648438,17.986054241517746,17.943149230588062,17.943149230588062,65200
2019-06-27,17.96889305114746,17.96889305114746,17.943149062797634,17.951730392247576,38800
2019-06-28,17.96889305114746,17.994635402776048,17.943149062797634,17.96889305114746,21100
2019-07-01,17.848756790161133,17.93456845137486,17.83159576729543,17.93456845137486,24600
2019-07-02,17.848756790161133,17.87450077954164,17.848756790161133,17.848756790161133,11200
2019-07-03,17.840177536010742,17.89166387931718,17.83159620600611,17.89166387931718,80400
2019-07-05,17.76294708251953,17.76294708251953,17.72862176273323,17.754365752572955,77600
2019-07-08,17.71146011352539,17.73720410483417,17.71146011352539,17.71146011352539,28300
2019-07-09,17.71146011352539,17.72004144396165,17.702878783089133,17.71146011352539,46200
2019-07-10,17.771526336669922,17.797270325873598,17.73720265445298,17.745783984187536,20400
2019-07-11,17.7886905670166,17.805853228001315,17.77152790603189,17.805853228001315,15800
2019-07-12,17.848756790161133,17.848756790161133,17.788689118327913,17.797270448121417,73300
2019-07-15,17.823015213012695,17.848757566792,17.80585255267891,17.84017787334648,56300
2019-07-16,17.728622436523438,17.762947757614295,17.728622436523438,17.75436642734158,11900
2019-07-17,17.771526336669922,17.78010766640448,17.745783984187536,17.745783984187536,20100
2019-07-18,17.865917205810547,17.865917205810547,17.762944534664356,17.780105555374657,33900
2019-07-19,17.771526336669922,17.797270325873598,17.754365313922097,17.771526336669922,16500
2019-07-22,17.74578285217285,17.762945510547155,17.74578285217285,17.74578285217285,7900
2019-07-23,17.65997314453125,17.694298465065184,17.65997314453125,17.65997314453125,34600
2019-07-24,17.65997314453125,17.694298465065184,17.65997314453125,17.65997314453125,27900
2019-07-25,17.63422966003418,17.70287866635013,17.63422966003418,17.694298972691875,7900
2019-07-26,17.59990692138672,17.651393269711175,17.582744259704732,17.651393269711175,52700
2019-07-29,17.59990692138672,17.608488252227712,17.57416292886374,17.608488252227712,14800
2019-07-30,17.582740783691406,17.591322112835915,17.556996796257874,17.556996796257874,8000
2019-07-31,17.48834800720215,17.617066309174984,17.47976831467708,17.617066309174984,45200
2019-08-01,17.5312557220459,17.565579404401966,17.436862731304444,17.436862731304444,73900
2019-08-02,17.574159622192383,17.582740951418753,17.539835942008096,17.548417271234467,16100
2019-08-05,17.702877044677734,17.711458374271313,17.642809374243953,17.677134692618267,86500
2019-08-06,17.677133560180664,17.685714889224503,17.651389573049148,17.677133560180664,18500
2019-08-07,17.65997314453125,17.720040818744266,17.65997314453125,17.6857171349317,16500
2019-08-08,17.677133560180664,17.711457239634857,17.668552231136825,17.668552231136825,4200
2019-08-09,17.685714721679688,17.711457071846173,17.6685520637546,17.6685520637546,11300
2019-08-12,17.71146011352539,17.72862277439791,17.702878783089133,17.71146011352539,19000
2019-08-13,17.63422966003418,17.728622657489144,17.63422966003418,17.711459996729804,15000
2019-08-14,17.591323852539062,17.634228865783548,17.591323852539062,17.61706784251856,12300
2019-08-15,17.574159622192383,17.617066268324237,17.556996963739643,17.591322280645123,11100
2019-08-16,17.56557846069336,17.57415979000167,17.548417438797948,17.55699713138505,6700
2019-08-19,17.522672653198242,17.58274031890078,17.522672653198242,17.58274031890078,82200
2019-08-20,17.574159622192383,17.574159622192383,17.531254612781726,17.539835942008096,11000
2019-08-21,17.539836883544922,17.5741605655717,17.531255553857907,17.548418213231937,28700
2019-08-22,17.548416137695312,17.574158486990402,17.531253480351193,17.531253480351193,14400
2019-08-23,17.65997314453125,17.668554474664734,17.505512475571283,17.539837796105218,42500
2019-08-26,17.574159622192383,17.608484939097863,17.574159622192383,17.582740951418753,14700
2019-08-27,17.59990692138672,17.617069583068705,17.57416292886374,17.591325590545726,4500
2019-08-28,17.539836883544922,17.5741605655717,17.531255553857907,17.5741605655717,8700
2019-08-29,17.496929168701172,17.53983581452116,17.488347839537177,17.51409182702917,37000
2019-08-30,17.454025268554688,17.514092939797923,17.402538927020668,17.47976925768234,27900
2019-09-03,17.393957138061523,17.411119797026814,17.35105049064829,17.38537580857888,113000
2019-09-04,17.51409339904785,17.51409339904785,17.462607056163773,17.496930739179383,21900
2019-09-05,17.51409339904785,17.57416107186617,17.496930739179383,17.57416107186617,13800
2019-09-06,17.505512237548828,17.5569985809283,17.505512237548828,17.51409356756563,45700
2019-09-09,17.539836883544922,17.565579235884684,17.539836883544922,17.539836883544922,28700
2019-09-10,17.51409339904785,17.54841871878479,17.51409339904785,17.531256058916323,2400
2019-09-11,17.462604522705078,17.479767180083606,17.44544186532655,17.462604522705078,5600
2019-09-12,17.505512237548828,17.51409356756563,17.41970057410214,17.445444564152552,44000
2019-09-13,17.548416137695312,17.556995829646283,17.531253480351193,17.548416137695312,29600
2019-09-16,17.479768753051758,17.505511104714955,17.462606094128798,17.479768753051758,20000
2019-09-17,17.539836883544922,17.548418213231937,17.496930235109843,17.496930235109843,12200
2019-09-18,17.51409339904785,17.531256058916323,17.462607056163773,17.488349409245146,19400
2019-09-19,17.51409339904785,17.539837388850557,17.505512069113617,17.539837388850557,23500
2019-09-20,17.48834800720215,17.496929336448417,17.462605656184543,17.47976831467708,10000
2019-09-23,17.479768753051758,17.479768753051758,17.436862105744357,17.462606094128798,21000
2019-09-24,17.5312557220459,17.5312557220459,17.47118805038181,17.47118805038181,12200
2019-09-25,17.411121368408203,17.44544505271531,17.393958707893955,17.436863722458185,13000
2019-09-26,17.35963249206543,17.42828149386253,17.35963249206543,17.393957811324636,13100
2019-09-27,17.376794815063477,17.393957474360597,17.376794815063477,17.385376144712037,9900
2019-09-30,17.33388900756836,17.35105002935617,17.325307678313855,17.342468700101666,18200
2019-10-01,17.376794815063477,17.385376144712037,17.290983155299156,17.308145814596276,49900
2019-10-02,17.40254020690918,17.40254020690918,17.368214885547815,17.385377546228497,80500
2019-10-03,17.428279876708984,17.462605192783176,17.4025375263745,17.411118855393045,35700
2019-10-04,17.44544219970703,17.44544219970703,17.41111852101318,17.44544219970703,9900
2019-10-07,17.419700622558594,17.462607272761964,17.39395826915792,17.462607272761964,11500
2019-10-08,17.376794815063477,17.393957474360597,17.35963215576636,17.385376144712037,18400
2019-10-09,17.376794815063477,17.402538804009158,17.376794815063477,17.385376144712037,5700
2019-10-10,17.462604522705078,17.471185851394342,17.411118187290587,17.411118187290587,74600
2019-10-11,17.522672653198242,17.548416639951245,17.514091324280574,17.522672653198242,43600
2019-10-14,17.48834800720215,17.522673324187224,17.471186985430812,17.522673324187224,11800
2019-10-15,17.505512237548828,17.53125622759924,17.454025894169355,17.454025894169355,16100
2019-10-16,17.574159622192383,17.617066268324237,17.531254612781726,17.531254612781726,73900
2019-10-17,17.668554306030273,17.677135636081854,17.642810315875533,17.659972975978693,58400
2019-10-18,17.728622436523438,17.728622436523438,17.677136091608542,17.69429875215397,47600
2019-10-21,17.71146011352539,17.73720410483417,17.694299089374297,17.73720410483417,119400
2019-10-22,17.677133560180664,17.728619897722535,17.677133560180664,17.685714889224503,22800
2019-10-23,17.677133560180664,17.69429621826834,17.651389573049148,17.651389573049148,37900
2019-10-24,17.64280891418457,17.70287658305201,17.625647892166175,17.70287658305201,29200
2019-10-25,17.60848617553711,17.659972517789424,17.60848617553711,17.659972517789424,18300
2019-10-28,17.625646591186523,17.642807611938235,17.5913212762409,17.5913212762409,14200
2019-10-29,17.625646591186523,17.65138894067464,17.61706526245012,17.625646591186523,17900
2019-10-30,17.651391983032227,17.677135973678624,17.591324308245348,17.651391983032227,32100
2019-10-31,17.72003936767578,17.72003936767578,17.659971698381618,17.66855302781239,16800
2019-11-01,17.72003936767578,17.73720202653732,17.68571568667393,17.72862069710655,64500
2019-11-04,17.65997314453125,17.720040818744266,17.651391814397766,17.668554474664734,34600
2019-11-05,17.59990692138672,17.64281193887018,17.591325590545726,17.608488252227712,42100
2019-11-06,17.591323852539062,17.62564917251172,17.57416119255273,17.608486512525392,19800
2019-11-07,17.548416137695312,17.591321144334522,17.53983480902325,17.556995829646283,23500
2019-11-08,17.5312557220459,17.5312557220459,17.514093062507218,17.5312557220459,14500
2019-11-11,17.548416137695312,17.56557715831834,17.52267215167913,17.52267215167913,23700
2019-11-12,17.522672653198242,17.556996332147776,17.496928666445243,17.556996332147776,80400
2019-11-13,17.51409339904785,17.531256058916323,17.488349409245146,17.488349409245146,27800
2019-11-14,17.556997299194336,17.556997299194336,17.50551095957358,17.52267361835424,60500
2019-11-15,17.582740783691406,17.582740783691406,17.556996796257874,17.574159454546894,17200
2019-11-18,17.60848617553711,17.63422852830261,17.591323515879235,17.60848617553711,15300
2019-11-19,17.59990692138672,17.63423060802919,17.582744259704732,17.582744259704732,34200
2019-11-20,17.59990692138672,17.617069583068705,17.57416292886374,17.57416292886374,22500
2019-11-21,17.59990692138672,17.63423060802919,17.56558159802275,17.63423060802919,21500
2019-11-22,17.51409339904785,17.556998411997697,17.496930739179383,17.556998411997697,22900
2019-11-25,17.505512237548828,17.548418887632845,17.488349577515223,17.488349577515223,8700
2019-11-26,17.505512237548828,17.51409356756563,17.488349577515223,17.488349577515223,19700
2019-11-27,17.496929168701172,17.51409182702917,17.47976814709436,17.47976814709436,37300
2019-11-29,17.539836883544922,17.539836883544922,17.47118788277008,17.47118788277008,12600
2019-12-02,17.582740783691406,17.599903441980427,17.531254445545525,17.548417103834545,22800
2019-12-03,17.59990692138672,17.63423060802919,17.59990692138672,17.6256509139097,53000
2019-12-04,17.60848617553711,17.668553847618362,17.60848617553711,17.64280985813155,24600
2019-12-05,17.65997314453125,17.668554474664734,17.64281048426428,17.65997314453125,21800
2019-12-06,17.625646591186523,17.65138894067464,17.5913212762409,17.65138894067464,9400
2019-12-09,17.63422966003418,17.63422966003418,17.59990597523691,17.617068635996254,10100
2019-12-10,17.651391983032227,17.668554643463157,17.64281065281676,17.64281065281676,41700
2019-12-11,17.694297790527344,17.73720280283778,17.634228481882907,17.634228481882907,30200
2019-12-12,17.702877044677734,17.737202363052045,17.65139070383753,17.737202363052045,41500
2019-12-13,17.702877044677734,17.76294635183278,17.702877044677734,17.76294635183278,18500
2019-12-16,17.72003936767578,17.754364685398865,17.72003936767578,17.754364685398865,9700
2019-12-17,17.702877044677734,17.72003970386489,17.677134692618267,17.677134692618267,18600
2019-12-18,17.677133560180664,17.69429621826834,17.659970902092986,17.69429621826834,20000
2019-12-19,17.677133560180664,17.685714889224503,17.651389573049148,17.677133560180664,76700
2019-12-20,17.625646591186523,17.668551598147452,17.60848393371371,17.65138894067464,38400
2019-12-23,17.706565856933594,17.706565856933594,17.576050963850854,17.636957803317006,100900
2019-12-24,17.628257751464844,17.645660180913126,17.610855322016562,17.636958966188985,113000
2019-12-26,17.680463790893555,17.680463790893555,17.619556945996877,17.628258160923124,165100
2019-12-27,17.715267181396484,17.750070378628042,17.706565967191864,17.732667950218804,148700
2019-12-30,17.758771896362305,17.80227630854205,17.750070682008964,17.758771896362305,143600
2019-12-31,17.837081909179688,17.854484338611478,17.819679479747897,17.854484338611478,93500
2020-01-02,17.767475128173828,17.802278329952063,17.73267026680846,17.793578774197854,25800
2020-01-03,17.741371154785156,17.76747480032752,17.70656795364911,17.70656795364911,26300
2020-01-06,17.784875869750977,17.793577084265927,17.767473440721073,17.776174655236023,10600
2020-01-07,17.741371154785156,17.741371154785156,17.697866738468324,17.741371154785156,26900
2020-01-08,17.689165115356445,17.71526876029683,17.66306147041606,17.7065675453167,145200
2020-01-09,17.654359817504883,17.68046179975702,17.636957389612213,17.68046179975702,39100
2020-01-10,17.663063049316406,17.680465480832265,17.636961061629833,17.65436349314569,113700
2020-01-13,17.663063049316406,17.689166696590195,17.65436349314569,17.680465480832265,20500
2020-01-14,17.663063049316406,17.689166696590195,17.636961061629833,17.636961061629833,65600
2020-01-15,17.689165115356445,17.71526876029683,17.67176268539619,17.71526876029683,34900
2020-01-16,17.654359817504883,17.706565441596023,17.645658603558548,17.706565441596023,93300
2020-01-17,17.602153778076172,17.636958636321776,17.59345256351477,17.636958636321776,51600
2020-01-21,17.610855102539062,17.619556317154764,17.60215388792336,17.619556317154764,67500
2020-01-22,17.610855102539062,17.636958746386163,17.59345267330766,17.619556317154764,20100
2020-01-23,17.584753036499023,17.61955789808472,17.55865104989689,17.593454251895448,33600
2020-01-24,17.55864906311035,17.567350277522223,17.541246634286612,17.567350277522223,69100
2020-01-27,17.541248321533203,17.55865075203084,17.515144675786754,17.52384589103557,31700
2020-01-28,17.523845672607422,17.523845672607422,17.489042471633077,17.489042471633077,15600
2020-01-29,17.51514434814453,17.54124799340268,17.480341147387414,17.506444792645567,51700
2020-01-30,17.54994773864746,17.567350167362076,17.51514288121823,17.532545309932846,65900
2020-01-31,17.619556427001953,17.63695885634185,17.567350798569272,17.610855212332005,107800
2020-02-03,17.54994773864746,17.558648953004766,17.532545309932846,17.558648953004766,209300
2020-02-04,17.51514434814453,17.54124799340268,17.51514434814453,17.54124799340268,20500
2020-02-05,17.45423698425293,17.480340628736574,17.45423698425293,17.480340628736574,18900
2020-02-06,17.410730361938477,17.46293598469881,17.402029148213952,17.46293598469881,19400
2020-02-07,17.38463020324707,17.43683749605237,17.38463020324707,17.41943506511727,17800
2020-02-10,17.35852813720703,17.384630123903392,17.341125706351356,17.349826921779194,69900
2020-02-11,17.375926971435547,17.384628185893387,17.34982498764899,17.35852620210683,22300
2020-02-12,17.332422256469727,17.375926668413282,17.332422256469727,17.36722545410718,18600
2020-02-13,17.315021514892578,17.349826375508073,17.306320299738704,17.323722730046452,24900
2020-02-14,17.315021514892578,17.332423945200325,17.306320299738704,17.332423945200325,10600
2020-02-18,17.254114151000977,17.280217795679825,17.22801050632213,17.22801050632213,21100
2020-02-19,17.219310760498047,17.24541274530105,17.184505901311336,17.24541274530105,11800
2020-02-20,17.158401489257812,17.21930999010952,17.158401489257812,17.21930999010952,17100
2020-02-21,17.271516799926758,17.297618785349737,17.18450630948033,17.18450630948033,25600
2020-02-24,17.28022003173828,17.306322020207677,17.22801273562497,17.288921247757166,42000
2020-02-25,17.332422256469727,17.35852589938802,17.271515415913974,17.280216630220075,23400
2020-02-26,17.332422256469727,17.332422256469727,17.262814201607878,17.31501982785753,14400
2020-02-27,17.41943359375,17.462938007825905,17.375927520087078,17.428134808482582,30300
2020-02-28,17.49774169921875,17.515142467935835,17.367225146525723,17.436834859741687,152000
2020-03-02,17.610855102539062,17.663060730646272,17.480340202477535,17.610855102539062,56300
2020-03-03,17.67176055908203,17.680461773015207,17.576050524990844,17.576050524990844,46500
2020-03-04,17.610855102539062,17.654361175617566,17.56735068904755,17.584751458691958,16400
2020-03-05,17.767475128173828,17.77617634351517,17.680464634347537,17.706568280371563,78200
2020-03-06,17.8892879486084,17.941495238102398,17.854484748532784,17.897989163524066,316100
2020-03-09,18.0459041595459,18.26342952548968,17.88928563053248,18.089410228486756,245400
2020-03-10,17.776174545288086,17.95019385574985,17.776174545288086,17.906689443031148,110700
2020-03-11,17.793575286865234,17.9066877449597,17.78487407322923,17.9066877449597,96300
2020-03-12,17.4803409576416,17.80227761439547,17.428135327279065,17.80227761439547,51800
2020-03-13,17.44553565979004,17.567351007027792,17.20190828448858,17.48904173365603,79500
2020-03-16,17.506444931030273,17.523845701752837,17.402032008759395,17.445536424946454,60500
2020-03-17,17.18450355529785,17.306317226647376,17.158399914471467,17.236709177363817,67000
2020-03-18,16.94957733154297,17.08879344296364,16.81906243453446,17.08879344296364,55000
2020-03-19,16.549331665039062,16.923475592228996,16.49712437781234,16.923475592228996,49200
2020-03-20,16.584135055541992,16.766857243776315,16.549331856575026,16.592836270180484,23100
2020-03-23,16.601537704467773,16.766857465612397,16.584135274960545,16.679846977663278,50500
2020-03-24,16.801660537719727,16.897372239697173,16.74075369449299,16.862567380946462,50700
2020-03-25,17.01918601989746,17.036588449368676,16.819063059739563,16.923475976979823,73600
2020-03-26,17.271516799926758,17.288919229933455,17.1323006790473,17.1323006790473,85500
2020-03-27,17.41943359375,17.445535578360737,17.14970091580093,17.219310633661607,150200
2020-03-30,17.332422256469727,17.332422256469727,17.271515415913974,17.31501982785753,76300
2020-03-31,17.38463020324707,17.38463020324707,17.184507226254894,17.184507226254894,43200
2020-04-01,17.228008270263672,17.262813125318075,17.2019062885597,17.254111911554475,96700
2020-04-02,17.123598098754883,17.17580372502548,17.080092027206934,17.097494455826116,55900
2020-04-03,17.045289993286133,17.062692423093427,16.993084363451306,17.053991208189778,21600
2020-04-06,17.02788734436035,17.053990988735382,16.975681715197318,17.02788734436035,22900
2020-04-07,17.210609436035156,17.236711420671835,17.141001377692312,17.228010205930605,78200
2020-04-08,17.132301330566406,17.18450696298475,17.114898899897916,17.18450696298475,14700
2020-04-09,17.262813568115234,17.29761676447552,17.21060794378137,17.228008712168073,28300
2020-04-13,17.28022003173828,17.306322020207677,17.236713951643853,17.26281759970051,37400
2020-04-14,17.40203285217285,17.40203285217285,17.288920368852086,17.288920368852086,154900
2020-04-15,17.271516799926758,17.280218014930107,17.14970144946693,17.15840266447028,29600
2020-04-16,17.167102813720703,17.236710869839087,17.10619597206549,17.236710869839087,41800
2020-04-17,17.2019100189209,17.245414437586327,17.175806371969326,17.175806371969326,15700
2020-04-20,17.149700164794922,17.21060866525576,17.141000610030318,17.184505022201115,26700
2020-04-21,17.10619354248047,17.12359596893515,17.062689135930505,17.10619354248047,72300
2020-04-22,17.08879280090332,17.132298871329517,17.045288390064016,17.11489644315904,17700
2020-04-23,17.071392059326172,17.158400881142423,17.04528841702916,17.053989631128164,13900
2020-04-24,17.114898681640625,17.114898681640625,17.062693049888036,17.106197466417342,15000
2020-04-27,17.132301330566406,17.175805747650504,17.132301330566406,17.175805747650504,20200
2020-04-28,17.158401489257812,17.21930999010952,17.158401489257812,17.201907561294746,26100
2020-04-29,17.245410919189453,17.254112133064762,17.175802867773843,17.219308937150384,27800
2020-04-30,17.34982681274414,17.34982681274414,17.2193119013211,17.23671267248027,54800
2020-05-01,17.332422256469727,17.375926668413282,17.332422256469727,17.375926668413282,20800
2020-05-04,17.228008270263672,17.262813125318075,17.219308716086903,17.262813125318075,14600
2020-05-05,17.193206787109375,17.21060921636973,17.193206787109375,17.21060921636973,9600
2020-05-06,17.141002655029297,17.17580585700072,17.123600224250012,17.16710464161108,27600
2020-05-07,17.18450355529785,17.193204768906647,17.088791865187908,17.106194292405497,56800
2020-05-08,17.193206787109375,17.262814844563785,17.175804357849024,17.175804357849024,16900
2020-05-11,17.123598098754883,17.167102510715893,17.097494455826116,17.167102510715893,17100
2020-05-12,17.167102813720703,17.201907671573377,17.158401599257534,17.193206457110207,36700
2020-05-13,17.114898681640625,17.167104313393217,17.106197466417342,17.167104313393217,7400
2020-05-14,17.10619354248047,17.12359596893515,17.053987922703165,17.080089902798452,96900
2020-05-15,17.08879280090332,17.149699639913102,17.071392032319736,17.141000085414756,30800
2020-05-18,17.236711502075195,17.236711502075195,17.123599029079013,17.132300243861337,15300
2020-05-19,17.254114151000977,17.280217795679825,17.23671172121508,17.23671172121508,28100
2020-05-20,17.315021514892578,17.3411251603542,17.288919529018056,17.29761908458483,54300
2020-05-21,17.254114151000977,17.306319780771624,17.254114151000977,17.306319780771624,30600
2020-05-22,17.193206787109375,17.21060921636973,17.1845055724792,17.21060921636973,11600
2020-05-26,17.341123580932617,17.35852600965536,17.288917954351337,17.29761750912576,31500
2020-05-27,17.332422256469727,17.349824685081924,17.24541177299568,17.32372104216363,32300
2020-05-28,17.42813491821289,17.462938117775337,17.36722641470131,17.37592762948868,27300
2020-05-29,17.45423698425293,17.497743058392334,17.37592771038904,17.480340628736574,121900
2020-06-01,17.54994773864746,17.54994773864746,17.48033968337595,17.497742112090563,25100
2020-06-02,17.567350387573242,17.61085480031817,17.541246744174103,17.584751156919033,46800
2020-06-03,17.645660400390625,17.654361615222992,17.59345311139642,17.59345311139642,89400
2020-06-04,17.732667922973633,17.767472779738632,17.645659100234962,17.645659100234962,144000
2020-06-05,17.689165115356445,17.750071960630276,17.680463900376317,17.741370745650148,84300
2020-06-08,17.741371154785156,17.750072369965945,17.697866738468324,17.73266993960437,87100
2020-06-09,17.793575286865234,17.819677268186446,17.73266679141319,17.741368005049196,49600
2020-06-10,17.871885299682617,18.237326330203363,17.793576033260493,17.863184085681617,139600
2020-06-11,17.715267181396484,17.880585272523494,17.706565967191864,17.810977218473457,155900
2020-06-12,17.645660400390625,17.758772874037327,17.59345311139642,17.741370444372592,52400
2020-06-15,17.741371154785156,17.76747480032752,17.61955746142834,17.61955746142834,33700
2020-06-16,17.689165115356445,17.741370745650148,17.64566070004287,17.741370745650148,129800
2020-06-17,17.67176055908203,17.68916298694838,17.628256149003025,17.68916298694838,129500
2020-06-18,17.610855102539062,17.654361175617566,17.584751458691958,17.645659961001865,66000
2020-06-19,17.584753036499023,17.663062315479703,17.567352265293316,17.663062315479703,223800
2020-06-22,17.680463790893555,17.706567435672298,17.628258160923124,17.636959375849372,70600
2020-06-23,17.732667922973633,17.81097719110797,17.732667922973633,17.776173993929884,191300
2020-06-24,17.645660400390625,17.715268459462525,17.645660400390625,17.715268459462525,118100
2020-06-25,17.628257751464844,17.654361395637267,17.59345289256828,17.645660180913126,118000
2020-06-26,17.619556427001953,17.63695885634185,17.57605201323922,17.619556427001953,80500
2020-06-29,17.584753036499023,17.645661544274,17.57605348068974,17.645661544274,49100
2020-06-30,17.602153778076172,17.636958636321776,17.576051793978955,17.58475134895337,41600
2020-07-01,17.654359817504883,17.66305937186435,17.61085374777321,17.62825617566588,41600
2020-07-02,17.619556427001953,17.68916448477453,17.602153997662057,17.654361285681745,79500
2020-07-06,17.715267181396484,17.758771592832662,17.697864752987247,17.741369164423425,69000
2020-07-07,17.67176055908203,17.715266628747905,17.67176055908203,17.70656541481473,40300
2020-07-08,17.784875869750977,17.784875869750977,17.706566598703393,17.706566598703393,117200
2020-07-09,17.723968505859375,17.79357656034243,17.70656607734188,17.79357656034243,72400
2020-07-10,17.741371154785156,17.76747480032752,17.723970384010684,17.750072369965945,34100
2020-07-13,17.767475128173828,17.802278329952063,17.7413714821498,17.78487755885651,88300
2020-07-14,17.802276611328125,17.819679040330787,17.75007098390711,17.767473412909773,43900
2020-07-15,17.84578514099121,17.889289559900945,17.828382709592436,17.854486356690597,111000
2020-07-16,17.776174545288086,17.87188624477358,17.776174545288086,17.83708138692905,63800
2020-07-17,17.871885299682617,17.88058485409674,17.819678015676615,17.819678015676615,44000
2020-07-20,17.90669059753418,17.90669059753418,17.85448496698848,17.88058695246779,111900
2020-07-21,18.0111026763916,18.10681271798748,17.906689760593284,17.915390975208727,217700
2020-07-22,18.054607391357422,18.08071103563963,18.045906176596688,18.072009820878893,116300
2020-07-23,18.089412689208984,18.124215889509152,18.03720539937814,18.03720539937814,200000
2020-07-24,18.150320053100586,18.167720823954394,18.09811276177783,18.150320053100586,205400
2020-07-27,18.298236846923828,18.359143692063366,18.263431987080054,18.30693806188477,635600
2020-07-28,18.272130966186523,18.30693582177143,18.254728538394073,18.30693582177143,421500
2020-07-29,18.333040237426758,18.367845097631708,18.29823703680889,18.315637807324283,168200
2020-07-30,18.39394760131836,18.411350031911027,18.32433953853482,18.35914439972015,154200
2020-07-31,18.324337005615234,18.402646272870644,18.29823502292136,18.393945058777057,252100
2020-08-03,18.289535522460938,18.30693795227863,18.21122624786836,18.246029447916698,253000
2020-08-04,18.359142303466797,18.359142303466797,18.23732696281418,18.23732696281418,230400
2020-08-05,18.42875099182129,18.480956619845962,18.411348562617402,18.463554190642075,420600
2020-08-06,18.446155548095703,18.454855104113822,18.385247038858587,18.4374543324904,180400
2020-08-07,18.315637588500977,18.34174123334282,18.27213317335163,18.34174123334282,241400
2020-08-10,18.280832290649414,18.333037914755664,18.280832290649414,18.306935932495975,153000
2020-08-11,18.263431549072266,18.333039607503355,18.246029119567737,18.306937622833583,145000
2020-08-12,18.315637588500977,18.33304001839554,18.289535603246193,18.306938033140753,97000
2020-08-13,18.324337005615234,18.393945058777057,18.315635791521643,18.367843076083183,118000
2020-08-14,18.36784553527832,18.38524630620832,18.34174188950264,18.37654675053688,92200
2020-08-17,18.4200496673584,18.428750881908446,18.4026472382583,18.4026472382583,108700
2020-08-18,18.524463653564453,18.550565639136984,18.48965879335164,18.53316320903058,301100
2020-08-19,18.385244369506836,18.5331616941465,18.376544814751803,18.5331616941465,278300
2020-08-20,18.42875099182129,18.437452206423234,18.34174050538884,18.35914293459273,142100
2020-08-21,18.341739654541016,18.341739654541016,18.2982352431364,18.341739654541016,143600
2020-08-24,18.333040237426758,18.393947083198345,18.324339022375522,18.393947083198345,76900
2020-08-25,18.37654685974121,18.38524641546435,18.34174199850014,18.37654685974121,87600
2020-08-26,18.39394760131836,18.411350031911027,18.341741969127487,18.341741969127487,55200
2020-08-27,18.37654685974121,18.46355569366963,18.32433956787961,18.46355569366963,138200
2020-08-28,18.50705909729004,18.515760311343612,18.472254241075753,18.489656669182896,168000
2020-08-31,18.533164978027344,18.559268625678556,18.50706298996337,18.533164978027344,149000
2020-09-01,18.50705909729004,18.594069578238866,18.489656669182896,18.594069578238866,127000
2020-09-02,18.43745231628418,18.44615353093797,18.393946243015225,18.44615353093797,180400
2020-09-03,18.42875099182129,18.437452206423234,18.37654536379662,18.411348562617402,55700
2020-09-04,18.42875099182129,18.446153421025176,18.3330392907869,18.35914293459273,299100
2020-09-08,18.289535522460938,18.34174115232697,18.280834307552087,18.34174115232697,219600
2020-09-09,18.341739654541016,18.350440868739323,18.306936457334704,18.306936457334704,349700
2020-09-10,18.30693817138672,18.437453077407408,18.298236956373728,18.402648217355456,169600
2020-09-11,18.341739654541016,18.35914208293763,18.289534028938093,18.35914208293763,43600
2020-09-14,18.37654685974121,18.41135006139515,18.350443213810408,18.350443213810408,37100
2020-09-15,18.341739654541016,18.393945280143942,18.33303844034271,18.385244065945635,143800
2020-09-16,18.324337005615234,18.393945058777057,18.315635791521643,18.393945058777057,51800
2020-09-17,18.37654685974121,18.38524641546435,18.289536366225665,18.289536366225665,144900
2020-09-18,18.36784553527832,18.40264873672544,18.35914432001976,18.36784553527832,88300
2020-09-21,18.23732566833496,18.289532950446258,18.193821259495696,18.289532950446258,309300
2020-09-22,18.185121536254883,18.246028377456476,18.150318338248383,18.228627608246704,192900
2020-09-23,18.089412689208984,18.159020749396383,18.07201025926537,18.150319534424575,368400
2020-09-24,18.106813430786133,18.132917075660067,18.05460780062533,18.063309015583307,519900
2020-09-25,18.03720474243164,18.063308386396322,18.011102758053962,18.05460717174143,224400
2020-09-28,18.12421417236328,18.132915386510707,18.08941097536048,18.106811744068427,117800
2020-09-29,18.1677188873291,18.193822530207907,18.141616904037228,18.141616904037228,119100
2020-09-30,18.176420211791992,18.219926283520365,18.106812156613536,18.141617013996235,380700
2020-10-01,18.211227416992188,18.219928632459634,18.167721339654946,18.185123770589843,110500
2020-10-02,18.185121536254883,18.20252396505161,18.167719107458158,18.167719107458158,72300
2020-10-05,18.263431549072266,18.280833978576794,18.246029119567737,18.246029119567737,62200
2020-10-06,18.211227416992188,18.306939127546958,18.19382498605729,18.306939127546958,95000
2020-10-07,18.211227416992188,18.246030619274823,18.211227416992188,18.219928632459634,71700
2020-10-08,18.22863006591797,18.2460308374738,18.185123988060454,18.219928850346466,116400
2020-10-09,18.359142303466797,18.359142303466797,18.30693667723678,18.30693667723678,46900
2020-10-12,18.350440979003906,18.3591421932545,18.333038550502724,18.350440979003906,96100
2020-10-13,18.272130966186523,18.30693582177143,18.246027324497845,18.30693582177143,41600
2020-10-14,18.30693817138672,18.324338941825626,18.280834526347753,18.28953574136074,23400
2020-10-15,18.211227416992188,18.219928632459634,18.19382498605729,18.211227416992188,68500
2020-10-16,18.219926834106445,18.2460288183453,18.219926834106445,18.237327603736684,19500
2020-10-19,18.289535522460938,18.324338722509275,18.280834307552087,18.280834307552087,41500
2020-10-20,18.341739654541016,18.367843297135938,18.315636011946097,18.33303844034271,72800
2020-10-21,18.446155548095703,18.472257535324424,18.385247038858587,18.385247038858587,63700
2020-10-22,18.36784553527832,18.40264873672544,18.36784553527832,18.39394752146688,58400
2020-10-23,18.4200496673584,18.4200496673584,18.37654525419514,18.4026472382583,34200
2020-10-26,18.359142303466797,18.36784351776962,18.341739874861148,18.359142303466797,38800
2020-10-27,18.37654685974121,18.402648846084887,18.37654685974121,18.37654685974121,44200
2020-10-28,18.280832290649414,18.29823471854712,18.246027434854003,18.27213107670056,66100
2020-10-29,18.185121536254883,18.21992639384834,18.150318338248383,18.21992639384834,313200
2020-10-30,18.159019470214844,18.219926311139954,18.15031825585598,18.19382266806336,80100
2020-11-02,18.159019470214844,18.159019470214844,18.124214612779383,18.159019470214844,145700
2020-11-03,18.254730224609375,18.306937512809192,18.246029009909407,18.263431439309343,80100
2020-11-04,18.263431549072266,18.298236408081323,18.211225920145704,18.25473033432,141600
2020-11-05,18.43745231628418,18.44615353093797,18.385245028361435,18.41134867232281,130900
2020-11-06,18.50705909729004,18.524461525397182,18.44615225850193,18.49835788323647,161200
2020-11-09,18.36784553527832,18.515762875499597,18.36784553527832,18.507061660241035,128200
2020-11-10,18.39394760131836,18.420051247207358,18.37654683031282,18.420051247207358,133300
2020-11-11,18.359142303466797,18.359142303466797,18.31563623195267,18.31563623195267,86800
2020-11-12,18.37654685974121,18.38524641546435,18.359144429120676,18.37654685974121,63300
2020-11-13,18.4200496673584,18.428750881908446,18.37654525419514,18.41134845280835,357200
2020-11-16,18.43745231628418,18.44615353093797,18.402647457669016,18.402647457669016,187200
2020-11-17,18.46355438232422,18.48965802640105,18.454853167631942,18.48965802640105,267600
2020-11-18,18.47225570678711,18.507060565763044,18.463554492043126,18.47225570678711,89900
2020-11-19,18.50705909729004,18.50705909729004,18.411347402287642,18.44615225850193,52000
2020-11-20,18.48095703125,18.507060675636925,18.446153831654463,18.489658246045643,74400
2020-11-23,18.446155548095703,18.533164384974356,18.39394825446389,18.507062397745635,191800
2020-11-24,18.50705909729004,18.515760311343612,18.428749830394786,18.428749830394786,113800
2020-11-25,18.567968368530273,18.567968368530273,18.51576273695666,18.51576273695666,120800
2020-11-27,18.585369110107422,18.594070324510216,18.541863038093453,18.541863038093453,94000
2020-11-30,18.54186248779297,18.64627539794069,18.54186248779297,18.64627539794069,157200
2020-12-01,18.698482513427734,18.707183728265743,18.602770809796663,18.62887445431069,95000
2020-12-02,18.724584579467773,18.724584579467773,18.672377294840764,18.689779723049767,93800
2020-12-03,18.802892684936523,18.84639709318387,18.77678904423604,18.837695879617044,241000
2020-12-04,18.785491943359375,18.846398784205338,18.76808951466426,18.83769756985778,250600
2020-12-07,18.776792526245117,18.81159738696672,18.759390095884314,18.759390095884314,124400
2020-12-08,18.776792526245117,18.794194956605917,18.741989325110616,18.794194956605917,106100
2020-12-09,18.750688552856445,18.776792197941237,18.7071841373022,18.750688552856445,155700
2020-12-10,18.7941951751709,18.82029716142855,18.724587112505297,18.724587112505297,112000
2020-12-11,18.741987228393555,18.776790425634527,18.733286014186582,18.768089211427554,103300
2020-12-14,18.7941951751709,18.85510202255491,18.78549395988931,18.82899837671014,100800
2020-12-15,18.855100631713867,18.863801846353613,18.80289500346238,18.80289500346238,110300
2020-12-16,18.889902114868164,18.91600575641635,18.802893295547918,18.872501346756223,159800
2020-12-17,18.98561668395996,19.011720329462868,18.96821425362469,18.98561668395996,206400
2020-12-18,18.942113876342773,18.959516308155923,18.924711444529624,18.942113876342773,83200
2020-12-21,18.898605346679688,18.933410205793674,18.846399717595737,18.846399717595737,242600
2020-12-22,18.802892684936523,18.916005142131706,18.802892684936523,18.89860271499805,197500
2020-12-23,18.88120460510254,18.916007804681833,18.855100960727796,18.907306589890254,83200
2020-12-24,18.87250328063965,18.89860526527568,18.863802065898632,18.889904050534664,32100
2020-12-28,18.88120460510254,18.924709019473415,18.86380217551938,18.88120460510254,94600
2020-12-29,18.93341064453125,18.976915059844817,18.924709429551125,18.924709429551125,328000
2020-12-30,19.003019332885742,19.020421763421194,18.976915687082567,19.003019332885742,110100
2020-12-31,18.942113876342773,19.029124375821276,18.933412660436197,19.029124375821276,83400
2021-01-04,18.942113876342773,19.046525148047184,18.942113876342773,19.020423159914703,150000
2021-01-05,19.04652214050293,19.055223355035537,18.976914083829048,19.01171894195948,189000
2021-01-06,19.063926696777344,19.072627912280858,18.968214985825842,19.029123494350447,218400
2021-01-07,18.97691535949707,18.994317789732115,18.933410943496554,18.994317789732115,190800
2021-01-08,18.93341064453125,19.02042113474545,18.88120501423756,19.02042113474545,467300
2021-01-11,18.828998565673828,18.855102211780572,18.776792933047485,18.820297350304916,309500
2021-01-12,18.907306671142578,18.916007885971553,18.802895412368972,18.802895412368972,110400
2021-01-13,18.846399307250977,18.88120416560715,18.837698092661935,18.87250295101811,62500
2021-01-14,18.889902114868164,18.91600575641635,18.81159450939731,18.81159450939731,133600
2021-01-15,18.75939178466797,18.81159908045025,18.75939178466797,18.81159908045025,179400
2021-01-19,18.811595916748047,18.82899668616179,18.80289470224769,18.811595916748047,65200
2021-01-20,18.811595916748047,18.83769790066215,18.776791058746614,18.811595916748047,117500
2021-01-21,18.907306671142578,18.907306671142578,18.855101041755773,18.889904241484633,379200
2021-01-22,18.88120460510254,18.88990416030709,18.846399745936218,18.86380217551938,184900
2021-01-25,18.846399307250977,18.855100521840022,18.80289489389275,18.855100521840022,138800
2021-01-26,18.889902114868164,18.889902114868164,18.84639770520804,18.84639770520804,66400
2021-01-27,18.75939178466797,18.82029863682671,18.73328979636408,18.79419664852282,104200
2021-01-28,18.820295333862305,18.8376977627356,18.77679092126602,18.77679092126602,102400
2021-01-29,18.785491943359375,18.83769756985778,18.785491943359375,18.81159558640205,144100
2021-02-01,18.698482513427734,18.750688142868757,18.689781298589722,18.724586157941765,183300
2021-02-02,18.672378540039062,18.689780969408574,18.646276555571802,18.663678984941313,150600
2021-02-03,18.689781188964844,18.689781188964844,18.65497798940398,18.689781188964844,157100
2021-02-04,18.61147117614746,18.646276033912766,18.59407040685177,18.646276033912766,168000
2021-02-05,18.707183837890625,18.724586267668624,18.646276993254677,18.646276993254677,132600
2021-02-08,18.715885162353516,18.7332875922334,18.698482732473632,18.7332875922334,319800
2021-02-09,18.828998565673828,18.828998565673828,18.76809171767857,18.785494148416397,138900
2021-02-10,18.820295333862305,18.8551001916089,18.820295333862305,18.8376977627356,128000
2021-02-11,18.837697982788086,18.846399197326377,18.802894784221895,18.837697982788086,61000
2021-02-12,18.811595916748047,18.82899668616179,18.7593886297459,18.785492273246973,67600
2021-02-16,18.7941951751709,18.81159760573408,18.776792744607718,18.776792744607718,141000
2021-02-17,18.724584579467773,18.724584579467773,18.689779723049767,18.715883365363272,60800
2021-02-18,18.802892684936523,18.802892684936523,18.733284635988692,18.759386617102383,267700
2021-02-19,18.837697982788086,18.863801626402964,18.8202955537115,18.837697982788086,68700
2021-02-22,18.889902114868164,18.91600575641635,18.84639770520804,18.84639770520804,108100
2021-02-23,18.87250328063965,18.907306480016697,18.837698421675583,18.87250328063965,83900
2021-02-24,18.898605346679688,18.898605346679688,18.802895303290285,18.837698502817243,87200
2021-02-25,18.846399307250977,18.97691420691265,18.846399307250977,18.942111008143467,80400
2021-02-26,18.698482513427734,18.794194217058806,18.698482513427734,18.785493002220797,116700
2021-03-01,18.698482513427734,18.715884943103752,18.672378868913704,18.689781298589722,302000
2021-03-02,18.750688552856445,18.750688552856445,18.681080492217408,18.698482922273936,111500
2021-03-03,18.698482513427734,18.741988587617783,18.672378868913704,18.707183728265743,88900
2021-03-04,18.55926513671875,18.698481245512806,18.55926513671875,18.672377602768822,191700
2021-03-05,18.48965835571289,18.533162770362104,18.472255926018388,18.524463215101893,231300
2021-03-08,18.402647018432617,18.463553859968417,18.402647018432617,18.446153090663163,371900
2021-03-09,18.50705909729004,18.50705909729004,18.472254241075753,18.50705909729004,67700
2021-03-10,18.515762329101562,18.524463544103348,18.411349408667178,18.507061114099773,848600
2021-03-11,18.62017250061035,18.62017250061035,18.524462460364163,18.550564444255407,74200
2021-03-12,18.567968368530273,18.567968368530273,18.49836030656975,18.49836030656975,36700
2021-03-15,18.524463653564453,18.53316320903058,18.48965879335164,18.498360008404845,37500
2021-03-16,18.49835777282715,18.515760200830425,18.480955344823876,18.50705898682879,56300
2021-03-17,18.61147117614746,18.620172390588788,18.48095627870149,18.50705992202547,119500
2021-03-18,18.49835777282715,18.559264611251734,18.49835777282715,18.52446141483206,47600
2021-03-19,18.48095703125,18.507060675636925,18.446153831654463,18.454853386863075,98500
2021-03-22,18.515762329101562,18.541864314519856,18.4896586840962,18.498359899097988,31400
2021-03-23,18.4200496673584,18.463554080521657,18.4026472382583,18.463554080521657,127300
2021-03-24,18.359142303466797,18.40264671539399,18.359142303466797,18.37654473207245,203200
2021-03-25,18.315637588500977,18.367844878184663,18.298236818193473,18.350442448290103,93600
2021-03-26,18.333040237426758,18.359143882580472,18.306938251860124,18.306938251860124,155900
2021-03-29,18.289535522460938,18.333039937418125,18.280834307552087,18.30693795227863,76400
2021-03-30,18.219926834106445,18.237327603736684,18.202524404889214,18.228628048715063,118000
2021-03-31,18.219926834106445,18.27213246217115,18.219926834106445,18.219926834106445,98200
2021-04-01,18.298236846923828,18.298236846923828,18.24602955715817,18.272133202040997,187000
2021-04-05,18.341739654541016,18.35914208293763,18.2982352431364,18.2982352431364,224100
2021-04-06,18.4200496673584,18.4200496673584,18.367844039645092,18.37654525419514,202800
2021-04-07,18.39394760131836,18.437453677800026,18.367845615016485,18.411350031911027,45900
2021-04-08,18.45485496520996,18.47225739628958,18.428752978177698,18.428752978177698,49200
2021-04-09,18.43745231628418,18.45485308600476,18.41134867232281,18.41134867232281,48000
2021-04-12,18.43745231628418,18.46355430065855,18.43745231628418,18.44615353093797,28000
2021-04-13,18.515762329101562,18.524463544103348,18.463555039090835,18.463555039090835,79600
2021-04-14,18.550565719604492,18.559266934695437,18.515762518827792,18.5331632894226,52000
2021-04-15,18.55926513671875,18.55926513671875,18.5244619393137,18.550563922470754,45500
2021-04-16,18.567968368530273,18.567968368530273,18.55926715333682,18.567968368530273,31800
2021-04-19,18.663677215576172,18.663677215576172,18.62887236013674,18.637573573996598,64400
2021-04-20,18.628873825073242,18.672378238206782,18.62017261052914,18.64627625416145,38800
2021-04-21,18.646276473999023,18.663678903292404,18.58536963105919,18.59407084570588,104700
2021-04-22,18.602771759033203,18.637576620161216,18.59407220333832,18.628875404879214,68800
2021-04-23,18.724584579467773,18.724584579467773,18.637574098009654,18.66367774032316,36300
2021-04-26,18.724584579467773,18.724584579467773,18.681078508945266,18.69848093715427,46500
2021-04-27,18.689781188964844,18.70718361853879,18.68107997417787,18.698482403751818,18400
2021-04-28,18.75939178466797,18.76809300063168,18.65498051227791,18.65498051227791,45900
2021-04-29,18.75939178466797,18.75939178466797,18.724588580400365,18.750690568704254,57600
2021-04-30,18.61147117614746,18.707182875415086,18.61147117614746,18.707182875415086,92800
2021-05-03,18.689781188964844,18.698482403751818,18.65497798940398,18.65497798940398,104400
2021-05-04,18.61147117614746,18.63757481947144,18.602769961706134,18.63757481947144,44800
2021-05-05,18.62017250061035,18.62017250061035,18.60277007162487,18.62017250061035,17700
2021-05-06,18.698482513427734,18.715884943103752,18.65497809882472,18.65497809882472,44000
2021-05-07,18.837697982788086,18.837697982788086,18.74198794204083,18.74198794204083,139000
2021-05-10,18.837697982788086,18.872502840941255,18.828996768249795,18.872502840941255,42000
2021-05-11,18.837697982788086,18.872502840941255,18.837697982788086,18.837697982788086,47000
2021-05-12,18.724584579467773,18.79419263271689,18.70718215125877,18.759387776298883,128800
2021-05-13,18.741987228393555,18.75068678301361,18.698481157358696,18.72458479997961,64000
2021-05-14,18.820295333862305,18.820295333862305,18.794193350139317,18.80289456457597,86300
2021-05-17,18.837697982788086,18.85510041186467,18.81159599876019,18.81159599876019,54400
2021-05-18,18.924707412719727,18.933408626772554,18.88990255650842,18.924707412719727,131700
2021-05-19,18.828998565673828,18.93341149051366,18.820297350304916,18.889905413669087,90600
2021-05-20,18.924707412719727,18.924707412719727,18.881203002042483,18.881203002042483,20500
2021-05-21,18.87250328063965,18.907306480016697,18.837698421675583,18.907306480016697,50700
2021-05-24,18.91600799560547,18.924709210484874,18.889904350967257,18.898605565846662,67000
2021-05-25,18.93341064453125,18.950813074491503,18.907306999590872,18.93341064453125,104200
2021-05-26,18.855100631713867,18.924708689244852,18.855100631713867,18.88990383068586,41400
2021-05-27,18.88120460510254,18.88120460510254,18.855100960727796,18.86380217551938,28700
2021-05-28,18.863801956176758,18.881204385557567,18.794193898240522,18.802895112930926,141000
2021-06-01,18.889902114868164,18.942109397964533,18.889902114868164,18.907304542566955,63400
2021-06-02,18.889902114868164,18.89860332871756,18.855098919057436,18.855098919057436,41600
2021-06-03,18.768089294433594,18.8202949203194,18.750686865942683,18.8202949203194,89600
2021-06-04,18.855100631713867,18.863801846353613,18.82899698779462,18.846399417074117,72900
2021-06-07,18.87250328063965,18.889904050534664,18.8463996364166,18.8463996364166,49100
2021-06-08,18.837697982788086,18.85510041186467,18.837697982788086,18.846399197326377,33400
2021-06-09,18.828998565673828,18.889905413669087,18.828998565673828,18.881205857887313,31900
2021-06-10,18.837697982788086,18.85510041186467,18.81159599876019,18.81159599876019,81700
2021-06-11,18.750688552856445,18.794194627997765,18.628874861634902,18.794194627997765,103800
2021-06-14,18.75939178466797,18.776794216595395,18.741991012327794,18.776794216595395,31500
2021-06-15,18.741987228393555,18.75068678301361,18.733286014186582,18.741987228393555,14400
2021-06-16,18.585369110107422,18.741987650183805,18.576667895704627,18.741987650183805,119300
2021-06-17,18.45485496520996,18.515763473988635,18.428752978177698,18.489659827369202,189600
2021-06-18,18.37654685974121,18.402648846084887,18.359144429120676,18.38524641546435,50400
2021-06-21,18.45485496520996,18.463556180749773,18.428752978177698,18.428752978177698,74900
2021-06-22,18.48965835571289,18.49835957056014,18.411349081674672,18.428751511369175,83000
2021-06-23,18.47225570678711,18.533162550407976,18.454853277299144,18.49835935101906,30400
2021-06-24,18.46355438232422,18.48965802640105,18.454853167631942,18.46355438232422,18700
2021-06-25,18.47225570678711,18.515761780507027,18.454853277299144,18.49835935101906,61600
2021-06-28,18.45485496520996,18.47225739628958,18.446155409257322,18.45485496520996,21600
2021-06-29,18.4200496673584,18.428750881908446,18.385244809158205,18.4026472382583,38800
2021-06-30,18.341739654541016,18.385244065945635,18.33303844034271,18.367843297135938,87300
2021-07-01,18.324337005615234,18.359141861989592,18.30693623701495,18.359141861989592,65600
2021-07-02,18.36784553527832,18.39394752146688,18.315638243726962,18.315638243726962,21700
2021-07-06,18.30693817138672,18.35044258686459,18.28953574136074,18.341741371851604,59100
2021-07-07,18.280832290649414,18.306935932495975,18.254728648802857,18.289533504598268,40600
2021-07-08,18.341739654541016,18.376544511334245,18.33303844034271,18.350440868739323,48300
2021-07-09,18.402647018432617,18.402647018432617,18.36784382023514,18.36784382023514,20800
2021-07-12,18.36784553527832,18.38524630620832,18.35914432001976,18.37654675053688,75300
2021-07-13,18.263431549072266,18.32433839275109,18.246029119567737,18.298236408081323,71500
2021-07-14,18.333040237426758,18.341741452477997,18.324339022375522,18.333040237426758,58500
2021-07-15,18.298236846923828,18.324338832219595,18.28083441700194,18.324338832219595,64800
2021-07-16,18.263431549072266,18.28953519332906,18.263431549072266,18.280833978576794,47600
2021-07-19,18.22863006591797,18.280835699759812,18.22863006591797,18.263433268616804,57800
2021-07-20,18.219926834106445,18.219926834106445,18.16771954645475,18.185121975671983,75900
2021-07-21,18.263431549072266,18.27213276382453,18.20252470539344,18.20252470539344,23400
2021-07-22,18.22863006591797,18.298238130902817,18.22863006591797,18.298238130902817,77300
2021-07-23,18.219926834106445,18.228628048715063,18.202524404889214,18.219926834106445,12300
2021-07-26,18.280832290649414,18.306935932495975,18.246027434854003,18.246027434854003,31000
2021-07-27,18.30693817138672,18.35044258686459,18.28953574136074,18.30693817138672,136400
2021-07-28,18.350440979003906,18.3591421932545,18.272131710335515,18.272131710335515,18900
2021-07-29,18.446155548095703,18.446155548095703,18.402649470069193,18.420051901279795,38200
2021-07-30,18.39394760131836,18.42875246250369,18.367845615016485,18.420051247207358,10900
2021-08-02,18.39394760131836,18.420051247207358,18.385246386022025,18.402648816614693,19000
2021-08-03,18.402647018432617,18.420049447324836,18.3852445895404,18.411348232878726,12100
2021-08-04,18.359142303466797,18.446152786908115,18.350441089163972,18.428750358302466,58400
2021-08-05,18.359142303466797,18.37654473207245,18.350441089163972,18.359142303466797,12200
2021-08-06,18.246028900146484,18.28953497338461,18.237327685498858,18.272132544089363,97700
2021-08-09,18.211227416992188,18.263433050209716,18.211227416992188,18.263433050209716,23400
2021-08-10,18.185121536254883,18.20252396505161,18.17642032185652,18.185121536254883,51700
2021-08-11,18.22863006591797,18.2460308374738,18.21122763477496,18.22863006591797,21300
2021-08-12,18.211227416992188,18.211227416992188,18.185123770589843,18.185123770589843,11500
2021-08-13,18.298236846923828,18.30693806188477,18.237328342197227,18.237328342197227,32600
2021-08-16,18.272130966186523,18.2982346078752,18.272130966186523,18.28083218008275,94800
2021-08-17,18.159019470214844,18.219926311139954,18.159019470214844,18.202523882422224,83600
2021-08-18,18.159019470214844,18.202523882422224,18.141617041497113,18.159019470214844,76200
2021-08-19,18.072011947631836,18.124217582752895,18.072011947631836,18.10681515118347,106000
2021-08-20,18.089412689208984,18.09811224459373,18.06330904429356,18.06330904429356,29200
2021-08-23,18.193824768066406,18.2025259834296,18.141619135474382,18.141619135474382,54600
2021-08-24,18.211227416992188,18.219928632459634,18.19382498605729,18.202526201524737,27300
2021-08-25,18.22863006591797,18.22863006591797,18.185123988060454,18.185123988060454,15500
2021-08-26,18.185121536254883,18.211225179449976,18.17642032185652,18.193822750653247,34200
2021-08-27,18.263431549072266,18.263431549072266,18.159020291219143,18.167719846384387,21400
2021-08-30,18.263431549072266,18.263431549072266,18.237327904815476,18.263431549072266,25600
2021-08-31,18.263431549072266,18.306937622833583,18.246029119567737,18.298236408081323,32800
2021-09-01,18.289535522460938,18.315637507600428,18.289535522460938,18.298236737369784,112000
2021-09-02,18.350440979003906,18.3591421932545,18.30693656733788,18.30693656733788,18000
2021-09-03,18.385244369506836,18.402646798190784,18.36784360040983,18.402646798190784,22100
2021-09-07,18.289535522460938,18.324338722509275,18.280834307552087,18.324338722509275,41800
2021-09-08,18.254730224609375,18.272132654009315,18.219927025396508,18.254730224609375,36900
2021-09-09,18.289535522460938,18.315637507600428,18.27213309264324,18.27213309264324,13600
2021-09-10,18.280832290649414,18.306935932495975,18.27213107670056,18.306935932495975,16400
2021-09-13,18.263431549072266,18.280833978576794,18.25473033432,18.27213276382453,9700
2021-09-14,18.272130966186523,18.324336589977023,18.272130966186523,18.315635376080795,8500
2021-09-15,18.30693817138672,18.30693817138672,18.280834526347753,18.298236956373728,13700
2021-09-16,18.219926834106445,18.228628048715063,18.202524404889214,18.21122561949783,29100
2021-09-17,18.159019470214844,18.21122509678109,18.15031825585598,18.185121453704493,23000
2021-09-20,18.150320053100586,18.159021268321045,18.115515192218748,18.115515192218748,93600
2021-09-21,18.1677188873291,18.1677188873291,18.141616904037228,18.150318118330162,20200
2021-09-22,18.106813430786133,18.18512270582087,18.072010230541284,18.15031950557602,34900
2021-09-23,18.185121536254883,18.193822750653247,18.167719107458158,18.167719107458158,19000
2021-09-24,18.12421417236328,18.141616600658136,18.115512958215856,18.12421417236328,19900
2021-09-27,18.11551284790039,18.13291527608927,18.09811041971151,18.09811041971151,17700
2021-09-28,18.0459041595459,18.06330658712224,18.028501731969552,18.05460537333407,173100
2021-09-29,17.92409324645996,17.993701307899943,17.915392031331578,17.993701307899943,60300
2021-09-30,17.94149398803711,17.976297185687827,17.906689130799457,17.924091559418283,96800
2021-10-01,17.985000610351562,17.99370182573035,17.97629939497277,17.985000610351562,17100
2021-10-04,18.02850341796875,18.05460706177444,18.011102648351947,18.011102648351947,53300
2021-10-05,18.002403259277344,18.019804030658666,17.985000828308863,17.985000828308863,24400
2021-10-06,17.9501953125,17.9501953125,17.915392111417976,17.924093326585258,77400
2021-10-07,17.92409324645996,17.96759766251479,17.92409324645996,17.95019523225802,43200
2021-10-08,17.958894729614258,17.97629715820648,17.94149396060897,17.958894729614258,36700
2021-10-11,17.91539192199707,17.9588963377864,17.91539192199707,17.95019512271112,34700
2021-10-12,17.871885299682617,17.90668849609974,17.871885299682617,17.90668849609974,40600
2021-10-13,17.96759796142578,17.97629917669892,17.91539232937407,17.91539232937407,50700
2021-10-14,17.97629737854004,18.002401021748323,17.97629737854004,17.9849985929428,15000
2021-10-15,18.002403259277344,18.002403259277344,17.976299612824622,17.985000828308863,20100
2021-10-18,17.985000610351562,18.011104256487936,17.97629939497277,17.985000610351562,31500
2021-10-19,18.03720474243164,18.063308386396322,18.019802313121854,18.03720474243164,36000
2021-10-20,18.054607391357422,18.08071103563963,18.03720496183595,18.03720496183595,13500
2021-10-21,18.02850341796875,18.072009490978232,18.01980220336685,18.072009490978232,37700
2021-10-22,18.0459041595459,18.080709014698584,18.028501731969552,18.06330658712224,64000
2021-10-25,18.0111026763916,18.02850344603549,18.00240146177616,18.0111026763916,28600
2021-10-26,17.985000610351562,18.02850502765838,17.967598179593978,18.02850502765838,23600
2021-10-27,18.002403259277344,18.037206461627143,17.993702043793103,18.011104474761584,16000
2021-10-28,18.106813430786133,18.12421586070209,18.037205370709373,18.037205370709373,66600
2021-10-29,17.958894729614258,18.037203998692327,17.924091532016746,18.037203998692327,92300
2021-11-01,18.002403259277344,18.011104474761584,17.95889718185614,17.95889718185614,15100
2021-11-02,17.97629737854004,18.011102236151086,17.958894949734518,18.011102236151086,14500
2021-11-03,18.0111026763916,18.019802231420048,17.93279340443961,17.958895388698945,22100
2021-11-04,17.90669059753418,17.941495457622693,17.89798938251205,17.941495457622693,58600
2021-11-05,17.93279266357422,17.941493877830183,17.871885823369386,17.897987806550358,70700
2021-11-08,17.958894729614258,17.97629715820648,17.932792746312856,17.932792746312856,15300
2021-11-09,17.97629737854004,17.99369980734556,17.958894949734518,17.967596164137277,22300
2021-11-10,17.810977935791016,17.950194049497863,17.802276721235966,17.941494494529795,102600
2021-11-11,17.741371154785156,17.784877230689094,17.741371154785156,17.776176015508305,46200
2021-11-12,17.758771896362305,17.767473110715642,17.715267484182558,17.715267484182558,38400
2021-11-15,17.67176055908203,17.750069824893735,17.663059345148856,17.732667397027388,31100
2021-11-16,17.584753036499023,17.645661544274,17.584753036499023,17.61955789808472,76800
2021-11-17,17.619556427001953,17.6282576416719,17.57605201323922,17.58475156832216,43100
2021-11-18,17.654359817504883,17.66305937186435,17.61085374777321,17.62825617566588,36200
2021-11-19,17.55864906311035,17.610854689994618,17.55864906311035,17.602153475582746,73700
2021-11-22,17.47163963317871,17.51514404827706,17.46293841824163,17.489042063052874,40700
2021-11-23,17.48904037475586,17.49774158885297,17.46293673246452,17.46293673246452,88600
2021-11-24,17.41943359375,17.428134808482582,17.393329949552246,17.393329949552246,79100
2021-11-26,17.541248321533203,17.567351967279656,17.497743904876234,17.497743904876234,67200
2021-11-29,17.53254508972168,17.53254508972168,17.480339463820492,17.49774189231653,59600
2021-11-30,17.602153778076172,17.663060620418992,17.454236449706332,17.636958636321776,24500
2021-12-01,17.541248321533203,17.61955759918544,17.541248321533203,17.610856383936625,43300
2021-12-02,17.541248321533203,17.593453953438992,17.532547106284387,17.584752738190172,38600
2021-12-03,17.541248321533203,17.567351967279656,17.4803414743786,17.515144675786754,56800
2021-12-06,17.51514434814453,17.51514434814453,17.480341147387414,17.51514434814453,45600
2021-12-07,17.506444931030273,17.506444931030273,17.462938855256116,17.462938855256116,60000
2021-12-08,17.593454360961914,17.60215557641228,17.532547512396505,17.532547512396505,38000
2021-12-09,17.523845672607422,17.549949318028503,17.5064449019138,17.53254688774778,24200
2021-12-10,17.54994773864746,17.558648953004766,17.497742112090563,17.497742112090563,10300
2021-12-13,17.48904037475586,17.53254478565453,17.48904037475586,17.506442802950087,43900
2021-12-14,17.44553565979004,17.515143718388604,17.44553565979004,17.48904173365603,14600
2021-12-15,17.506444931030273,17.506444931030273,17.393330793604562,17.454237640101283,16000
2021-12-16,17.567350387573242,17.57605160203962,17.541246744174103,17.57605160203962,56200
2021-12-17,17.436838150024414,17.558651851964445,17.436838150024414,17.558651851964445,31700
2021-12-20,17.46293830871582,17.497743168245854,17.454237093833314,17.480340738480837,29200
2021-12-21,17.46293830871582,17.471639523598327,17.445535878950803,17.46293830871582,45100
2021-12-22,17.541248321533203,17.54994953678202,17.50644512012505,17.50644512012505,33000
2021-12-23,17.54994773864746,17.558648953004766,17.489040897733258,17.489040897733258,42900
2021-12-27,17.53254508972168,17.5412463039697,17.515142661225642,17.515142661225642,63500
2021-12-28,17.51514434814453,17.532546778316632,17.506444792645567,17.506444792645567,73700
2021-12-29,17.55864906311035,17.584751046759006,17.541246634286612,17.541246634286612,60600
2021-12-30,17.541248321533203,17.55865075203084,17.52384589103557,17.532547106284387,30200
2021-12-31,17.610855102539062,17.628257531770462,17.55864947443185,17.55864947443185,32900
2022-01-03,17.49774169921875,17.54124611039182,17.49774169921875,17.532544896239827,43800
2022-01-04,17.49774169921875,17.54124611039182,17.480339270914758,17.480339270914758,16300
2022-01-05,17.506444931030273,17.567351777526994,17.49774371587544,17.567351777526994,73500
2022-01-06,17.4803409576416,17.541247802995734,17.4803409576416,17.515144158020934,18700
2022-01-07,17.593454360961914,17.593454360961914,17.5586511587476,17.56735237419797,12100
2022-01-10,17.541248321533203,17.55865075203084,17.50644512012505,17.52384589103557,31700
2022-01-11,17.619556427001953,17.619556427001953,17.54124715455943,17.54124715455943,26400
2022-01-12,17.750072479248047,17.750072479248047,17.680464416960294,17.680464416960294,76600
2022-01-13,17.758771896362305,17.793576753775657,17.750070682008964,17.793576753775657,48500
2022-01-14,17.697866439819336,17.750072070435994,17.68916522478538,17.74137085540204,23800
2022-01-18,17.593454360961914,17.636960438213745,17.576053589648335,17.62825922276338,48700
2022-01-19,17.628257751464844,17.636958966188985,17.619556536740703,17.619556536740703,11500
2022-01-20,17.576051712036133,17.636958554094992,17.576051712036133,17.62825733957416,12400
2022-01-21,17.610855102539062,17.628257531770462,17.60215388792336,17.628257531770462,19700
2022-01-24,17.576051712036133,17.576051712036133,17.52384442491113,17.541246853952796,40900
2022-01-25,17.54994773864746,17.54994773864746,17.471638469018643,17.506443326447872,12300
2022-01-26,17.44553565979004,17.541247362708198,17.436836104603866,17.5238449331618,19100
2022-01-27,17.315021514892578,17.349826375508073,17.306320299738704,17.323722730046452,58800
2022-01-28,17.315021514892578,17.3411251603542,17.29761908458483,17.306320299738704,21500
2022-01-31,17.42813491821289,17.43683613300026,17.3498256447136,17.3498256447136,29800
2022-02-01,17.48904037475586,17.49774158885297,17.445534304270293,17.471637946561632,24700
2022-02-02,17.54994773864746,17.558648953004766,17.532545309932846,17.54994773864746,45400
2022-02-03,17.654359817504883,17.671760585810684,17.60215253382687,17.60215253382687,20500
2022-02-04,17.645660400390625,17.654361615222992,17.60215432622879,17.619556755893523,56100
2022-02-07,17.645660400390625,17.654361615222992,17.619556755893523,17.62825797072589,41200
2022-02-08,17.619556427001953,17.619556427001953,17.602153997662057,17.602153997662057,25900
2022-02-09,17.619556427001953,17.645660071011797,17.610855212332005,17.645660071011797,19000
2022-02-10,17.602153778076172,17.689164264103194,17.549948150294753,17.549948150294753,39200
2022-02-11,17.523845672607422,17.593453734143203,17.523845672607422,17.558650533168862,42200
2022-02-14,17.4803409576416,17.4977433876248,17.4629385276584,17.4977433876248,34500
2022-02-15,17.541248321533203,17.54994953678202,17.489042689627418,17.497743904876234,15800
2022-02-16,17.584753036499023,17.602155467291873,17.549949834500467,17.567352265293316,92900
2022-02-17,17.576051712036133,17.593452481490825,17.558649282994466,17.58475126696999,25000
2022-02-18,17.51514434814453,17.558650423574782,17.51514434814453,17.558650423574782,10400
2022-02-22,17.523845672607422,17.549949318028503,17.515144457467063,17.523845672607422,16900
2022-02-23,17.506444931030273,17.541248132062503,17.48904250072061,17.541248132062503,21900
2022-02-24,17.341123580932617,17.367225564429784,17.228009453821738,17.288917954351337,75000
2022-02-25,17.436838150024414,17.436838150024414,17.358528867466617,17.358528867466617,41700
2022-02-28,17.393329620361328,17.419433264065038,17.367225976657622,17.367225976657622,36000
2022-03-01,17.28022003173828,17.33242566826433,17.254116383681627,17.323724452245447,61500
2022-03-02,17.28022003173828,17.288921247757166,17.201910747155573,17.236713951643853,26600
2022-03-03,17.219310760498047,17.23671153050437,17.184505901311336,17.23671153050437,11200
2022-03-04,17.062692642211914,17.0713938572273,17.01048535211959,17.01048535211959,74400
2022-03-07,16.958280563354492,17.027888627345575,16.940878132459932,17.027888627345575,39800
2022-03-08,16.958280563354492,17.036589842792857,16.940878132459932,16.958280563354492,58700
2022-03-09,17.141002655029297,17.17580585700072,17.11489900886037,17.132301439639654,117800
2022-03-10,17.080093383789062,17.11489824379179,17.07139382837545,17.106197028791108,42600
2022-03-11,16.98438262939453,17.08009267123502,16.940876556206128,17.053990686908975,65200
2022-03-14,16.993083953857422,17.04528958243391,16.97568152446959,16.993083953857422,30700
2022-03-15,17.00178337097168,17.053988994028522,16.966978515875894,17.027885352706683,45800
2022-03-16,17.097496032714844,17.123599678051132,16.98438355543178,17.053991616741456,56900
2022-03-17,17.175804138183594,17.21060899625917,17.106196081619416,17.106196081619416,45800
2022-03-18,17.141002655029297,17.149702210831794,17.06269337610966,17.071394591499303,23700
2022-03-21,17.080093383789062,17.14100188879383,17.080093383789062,17.13230067379315,24700
2022-03-22,17.080093383789062,17.106197028791108,17.07139382837545,17.088794598789743,37100
2022-03-23,17.053991317749023,17.071393747668115,16.99308447261927,17.019186457910845,48600
2022-03-24,17.036588668823242,17.062692313366313,17.01048502428017,17.027887453975552,53700
2022-03-25,17.02788734436035,17.06269220352706,17.019186129568673,17.045289773943704,8300
2022-03-28,16.975683212280273,16.993085643398345,16.93217713448509,16.940878350044127,25400
2022-03-29,17.08879280090332,17.15840085399834,17.062690818234497,17.12359765724428,59800
2022-03-30,17.175804138183594,17.21060899625917,17.175804138183594,17.175804138183594,45000
2022-03-31,17.08879280090332,17.175803282168822,17.08009158681808,17.11489644315904,88600
2022-04-01,17.071392059326172,17.071392059326172,17.027885988831148,17.04528841702916,24300
2022-04-04,17.00178337097168,17.019184138932737,16.97567972964984,17.01048292515879,22100
2022-04-05,16.89737319946289,17.027888108017248,16.89737319946289,16.993084906876735,57800
2022-04-06,16.87997055053711,16.914775410814073,16.862568120398628,16.914775410814073,19300
2022-04-07,16.862565994262695,16.914773278095524,16.84516522590529,16.897370850151248,30100
2022-04-08,16.85386848449707,16.862568039937717,16.784260423862364,16.792959979303014,25800
2022-04-11,16.8277645111084,16.845166940824324,16.81036208139247,16.81036208139247,22900
2022-04-12,16.766857147216797,16.83646520433686,16.758155932628416,16.82776398974848,34400
2022-04-13,16.836467742919922,16.845168958820263,16.73205481170307,16.749457243503752,25800
2022-04-14,16.75815773010254,16.77556016114588,16.69725088103801,16.77556016114588,20000
2022-04-18,16.688549041748047,16.72335224294672,16.671146611355155,16.72335224294672,27000
2022-04-19,16.636343002319336,16.697249847614227,16.636343002319336,16.653743772698544,30800
2022-04-20,16.74945640563965,16.766858836569803,16.72335275924442,16.732053974709494,19100
2022-04-21,16.705949783325195,16.80165982163649,16.705949783325195,16.80165982163649,16400
2022-04-22,16.618938446044922,16.662442855807374,16.58413359056548,16.662442855807374,30500
2022-04-25,16.514528274536133,16.540631920469327,16.505827059225066,16.540631920469327,74300
2022-04-26,16.4188175201416,16.4884255800535,16.41011630520423,16.4884255800535,51800
2022-04-27,16.323104858398438,16.340507287252876,16.25349680256764,16.29700121511678,44000
2022-04-28,16.192590713500977,16.21869269840842,16.166487069006497,16.20999148357693,137300
2022-04-29,16.270902633666992,16.323108271559548,16.244798984927062,16.26220141742035,123600
2022-05-02,16.192590713500977,16.23609512807141,16.17518828383799,16.21869269840842,89400
2022-05-03,16.227394104003906,16.279599734019545,16.201292118789613,16.253497748805255,55900
2022-05-04,16.37531089782715,16.38401211247353,16.201291583660527,16.244795997305435,151500
2022-05-05,16.218692779541016,16.27959962407912,16.14908472012789,16.27959962407912,157500
2022-05-06,16.18389129638672,16.244798147385712,16.166488864790658,16.20999328419359,52500
2022-05-09,16.18389129638672,16.21869449999162,16.131685661185756,16.18389129638672,57900
2022-05-10,16.149085998535156,16.192592076354327,16.140384782971324,16.192592076354327,22400
2022-05-11,16.131683349609375,16.236094605049775,16.122982135058177,16.17518776277838,63800
2022-05-12,15.983766555786133,16.079476599875136,15.975065340944035,16.079476599875136,97700
2022-05-13,16.01856803894043,16.04467168066933,15.948959987250218,15.948959987250218,64800
2022-05-16,16.088176727294922,16.096877941548893,16.02726988710405,16.035971101358022,60700
2022-05-17,16.236095428466797,16.244796643459278,16.20129222808394,16.209991783489354,66600
2022-05-18,16.140382766723633,16.236094466382376,16.140382766723633,16.19259005358493,23900
2022-05-19,16.34050941467285,16.357910186205793,16.28830212131251,16.297003336872567,149800
2022-05-20,16.297000885009766,16.323104527762677,16.25349647334184,16.323104527762677,104400
2022-05-23,16.47102165222168,16.47102165222168,16.401413598640282,16.401413598640282,83300
2022-05-24,16.52322769165039,16.531928906014517,16.488424493780837,16.497124048558014,66900
2022-05-25,16.462322235107422,16.479724665299152,16.418817819215185,16.444919804915692,53500
2022-05-26,16.50582504272461,16.514526256972655,16.47102184531935,16.479723059567394,30400
2022-05-27,16.50582504272461,16.54933111396484,16.488424273815443,16.53192868546875,70900
2022-05-31,16.52322769165039,16.52322769165039,16.427515993231957,16.46232085068846,42600
2022-06-01,16.38401222229004,16.488425139159457,16.35790857817593,16.488425139159457,65100
2022-06-02,16.49712562561035,16.5145280560022,16.427517563630072,16.44491999402192,66100
2022-06-03,16.436216354370117,16.488423637844722,16.427515140457682,16.471021210019853,19200
2022-06-06,16.41011619567871,16.453620610488144,16.39271376592012,16.43621818072955,28600
2022-06-07,16.41011619567871,16.44491939560885,16.340508136231396,16.366610121282235,76900
2022-06-08,16.37531089782715,16.436217740764818,16.37531089782715,16.401414541766293,36600
2022-06-09,16.236095428466797,16.366610334179878,16.236095428466797,16.357909119187397,20600
2022-06-10,16.096878051757812,16.15778489236569,16.096878051757812,16.15778489236569,136000
2022-06-13,15.931559562683105,16.018570053133384,15.931559562683105,16.00986883812965,106000
2022-06-14,15.896757125854492,15.957663974219221,15.870653479589402,15.957663974219221,74100
2022-06-15,16.01856803894043,16.027269252850065,15.861949507740736,15.922856345521314,179200
2022-06-16,16.175186157226562,16.21869056607731,16.00986641633745,16.01856763002496,311000
2022-06-17,16.053373336791992,16.07077410550373,15.983765283184326,16.07077410550373,345700
2022-06-21,16.088176727294922,16.13168279856478,16.07077429878698,16.105579155802864,118400
2022-06-22,16.122983932495117,16.16648835051412,16.079477854888946,16.079477854888946,454300
2022-06-23,16.088176727294922,16.13168279856478,16.062073084533008,16.105579155802864,65400
2022-06-24,16.122983932495117,16.157787134992883,16.096880285931416,16.096880285931416,59100
2022-06-27,16.140382766723633,16.209990822951728,16.131683211833717,16.131683211833717,75700
2022-06-28,16.06207275390625,16.096877610205702,16.05337319941828,16.096877610205702,37000
2022-06-29,15.966364860534668,16.01857049240161,15.966364860534666,16.01857049240161,74500
2022-06-30,16.027271270751953,16.044673700762264,15.948961995292633,15.948961995292633,29600
2022-07-01,15.966364860534668,15.983767291019353,15.888055582940693,15.922858784322951,96300
2022-07-05,15.757539749145508,15.76624096387744,15.705332460753919,15.757539749145508,179600
2022-07-06,15.661828994750977,15.696633855785572,15.63572534897503,15.670530210009625,94800
2022-07-07,15.670530319213867,15.696633965171726,15.64442667325601,15.68793274985244,79300
2022-07-08,15.679229736328125,15.696632164970863,15.600920467022743,15.64442487904265,73000
2022-07-11,15.479107856750488,15.548715916550924,15.47040664182705,15.53131348670405,132100
2022-07-12,15.487805366516113,15.54001264916139,15.487805366516113,15.505207794064539,53300
2022-07-13,15.522613525390625,15.600922806438772,15.453005459968624,15.47040789122092,164200
2022-07-14,15.409497261047363,15.453003333190416,15.322488435935174,15.374694062919879,1104000
2022-07-15,15.513910293579102,15.531312722569782,15.453003451698693,15.479107095184714,294900
2022-07-18,15.609621047973633,15.696631528069878,15.600919834005321,15.635723030291697,420000
2022-07-19,15.696633338928223,15.757540184146114,15.696633338928223,15.740137754201841,273500
2022-07-20,15.661828994750977,15.7401382724917,15.618324578044849,15.731437057233052,92700
2022-07-21,15.705334663391113,15.705334663391113,15.61832582304304,15.61832582304304,181700
2022-07-22,15.714032173156738,15.792341438670404,15.687930191043423,15.687930191043423,98700
2022-07-25,15.748838424682617,15.792342838452138,15.731435995340005,15.792342838452138,90500
2022-07-26,15.644425392150879,15.67923025057789,15.635724177544125,15.67923025057789,137100
2022-07-27,15.774941444396973,15.783642659639328,15.600922118311235,15.6618289654206,86500
2022-07-28,15.792342185974121,15.792342185974121,15.705331702443006,15.77493975735051,60700
2022-07-29,15.844549179077148,15.853250394139557,15.722735487377575,15.757540347627213,99000
2022-08-01,15.922858238220215,15.948961883051973,15.896756252975514,15.896756252975514,199800
2022-08-02,15.783642768859863,15.905458123508652,15.783642768859863,15.905458123508652,183200
2022-08-03,15.766241073608398,15.78364184360635,15.696633014855498,15.78364184360635,73600
2022-08-04,15.870650291442871,15.87935150511664,15.757537832857498,15.783639814291991,49300
2022-08-05,15.74013900756836,15.757541438898365,15.696634588830541,15.714035360573352,144800
2022-08-08,15.774941444396973,15.801045090124036,15.748839458257025,15.766241888741733,56000
2022-08-09,15.783642768859863,15.82714884537269,15.76624199784186,15.82714884537269,54800
2022-08-10,15.957661628723145,16.03597089642118,15.931557986294832,15.957661628723145,135600
2022-08-11,15.957661628723145,16.03597089642118,15.948960414580375,16.018568468135637,97600
2022-08-12,15.888055801391602,15.90545823211556,15.861952155305662,15.90545823211556,51800
2022-08-15,15.748838424682617,15.85324968156427,15.74013721001131,15.85324968156427,63900
2022-08-16,15.757539749145508,15.774940519022355,15.71403367548585,15.71403367548585,49700
2022-08-17,15.731435775756836,15.766240633956244,15.696632577144412,15.714033346657134,82600
2022-08-18,15.592220306396484,15.705332781044348,15.583519091487103,15.705332781044348,78400
2022-08-19,15.505208969116211,15.531312612417095,15.479106985402286,15.531312612417095,669100
2022-08-22,15.374692916870117,15.453002181303379,15.357290489310095,15.453002181303379,192500
2022-08-23,15.41819953918457,15.4965088148577,15.357292693569262,15.357292693569262,225100
2022-08-24,15.435602188110352,15.46170583356722,15.348591696174552,15.392097771936,63200
2022-08-25,15.461705207824707,15.470406422624855,15.418199133823968,15.444302778224412,72300
2022-08-26,15.400799751281738,15.566117868617098,15.383397320113643,15.540015881452137,124200
2022-08-29,15.400799751281738,15.435602954030747,15.374696104529596,15.409499307278605,59600
2022-08-30,15.400799751281738,15.435602954030747,15.348592457777453,15.4269017384467,62800
2022-08-31,15.409497261047363,15.453003333190416,15.357291634062658,15.374694062919879,41900
2022-09-01,15.244179725646973,15.322488998794135,15.218076081402243,15.322488998794135,307700
2022-09-02,15.244179725646973,15.36599341294833,15.235478510898728,15.30508656929765,349100
2022-09-06,15.16586971282959,15.209374124861984,15.122363641210255,15.157168498505722,131700
2022-09-07,15.278984069824219,15.278984069824219,15.11366595598228,15.11366595598228,462000
2022-09-08,15.261582374572754,15.270281929859058,15.183273100299669,15.218076300206015,128700
2022-09-09,15.374692916870117,15.383394130650128,15.331188507556897,15.365991703090106,396600
2022-09-12,15.479107856750488,15.513911056857179,15.45300421198018,15.461705426903615,223700
2022-09-13,15.226777076721191,15.348590762267122,15.226777076721191,15.331189992608415,301400
2022-09-14,15.261582374572754,15.313788004225797,15.244179944826058,15.278983144732406,88300
2022-09-15,15.252881050109863,15.287684249766155,15.235478620488202,15.261582264920694,36800
2022-09-16,15.226777076721191,15.278982704871305,15.174571448571077,15.21807586209834,55900
2022-09-19,15.278984069824219,15.278984069824219,15.183274019596555,15.183274019596555,35200
2022-09-20,15.209375381469727,15.235479026598025,15.183273395928504,15.20067416642696,38100
2022-09-21,15.061457633972168,15.148468122438716,15.00925200472705,15.131065692828,183800
2022-09-22,15.04405689239502,15.08756130691704,15.017953247929587,15.070158877273418,111300
2022-09-23,14.852633476257324,14.939643964834316,14.774324202496734,14.939643964834316,229500
2022-09-26,14.661211013793945,14.765622267322888,14.617704941834424,14.713416640558416,308400
2022-09-27,14.6264066696167,14.696014727608238,14.574201041019798,14.678613957800613,293100
2022-09-28,14.83523178100586,14.85263421150013,14.609006822928821,14.63510880908311,542600
2022-09-29,14.91353988647461,14.91353988647461,14.791726201763218,14.835230614992435,330800
2022-09-30,14.88743782043457,14.930942233424346,14.843931747857818,14.87003539140387,137300
2022-10-03,14.974446296691895,15.000549939628307,14.870035044120124,14.896138687056537,187700
2022-10-04,15.200674057006836,15.209375271986968,15.078860366459118,15.08756158143925,231200
2022-10-05,15.035353660583496,15.070156855614863,14.974445165001681,15.035353660583496,170100
2022-10-06,14.904838562011719,14.99184904741557,14.89613900709961,14.965747063505296,151000
2022-10-07,14.817830085754395,14.896139358506517,14.809128871050047,14.870035714393472,132400
2022-10-10,14.783024787902832,14.826530860132506,14.756921144565029,14.774323573456897,69800
2022-10-11,14.774322509765625,14.887436629832058,14.739519314074538,14.791724937404592,133600
2022-10-12,14.774322509765625,14.791724937404592,14.730818100255055,14.774322509765625,60600
2022-10-13,14.88743782043457,14.922241018908997,14.704715634786163,14.722118063816865,129900
2022-10-14,14.756921768188477,14.852633471551547,14.748222212961863,14.852633471551547,89400
2022-10-17,14.930941581726074,14.957045224132766,14.870034742364028,14.870034742364028,153000
2022-10-18,14.939643859863281,14.974447059297319,14.887438230918715,14.948345074618548,156300
2022-10-19,14.826530456542969,14.870034868001456,14.791725599706645,14.843931225374213,93600
2022-10-20,14.826530456542969,14.922240493669024,14.809128028124807,14.861333653792375,62200
2022-10-21,14.96574592590332,14.983146693991815,14.74822055872209,14.7917249683236,156100
2022-10-24,14.957047462463379,14.97444823375164,14.904840169837142,14.913541385274849,87500
2022-10-25,15.12236499786377,15.13106621296824,15.052756936615115,15.052756936615115,373900
2022-10-26,15.29638671875,15.305087934274257,15.183274236109005,15.191973792046094,760500
2022-10-27,15.16586971282959,15.261581410805185,15.157168498505722,15.218075339185852,195100
2022-10-28,15.13976764678955,15.16587129248006,15.096263230225812,15.15717007724989,117000
2022-10-31,15.009251594543457,15.061457222361861,15.009251594543457,15.061457222361861,98100
2022-11-01,15.017951965332031,15.148466857338596,14.991848323095962,15.148466857338596,77300
2022-11-02,14.948344230651855,15.191971591696257,14.948344230651854,15.044055927968971,133700
2022-11-03,14.817830085754395,14.887438143802168,14.809128871050047,14.826531300458743,166500
2022-11-04,15.12236499786377,15.139767428072707,14.965748104744613,14.991850090470928,502200
2022-11-07,15.226777076721191,15.252880720589745,15.165870233948226,15.209374647475487,381900
2022-11-08,15.287683486938477,15.34859032798812,15.200673002758865,15.23547786026549,234300
2022-11-09,15.191972732543945,15.287684437048574,15.165870747378722,15.2441800220485,71600
2022-11-10,15.54001522064209,15.548716435856134,15.418199867232577,15.44430351287471,377700
2022-11-11,15.783642768859863,15.792343984162429,15.644426643193071,15.696633935008464,1081100
2022-11-14,15.696633338928223,15.740137754201841,15.653127264067543,15.679230908983952,408600
2022-11-15,15.766241073608398,15.835849132361297,15.661828155685535,15.835849132361297,382900
2022-11-16,15.783642768859863,15.80974641476756,15.740138351934164,15.792343984162429,254800
2022-11-17,15.714032173156738,15.731434600956854,15.653125335443189,15.670527763243305,987200
2022-11-18,15.670530319213867,15.740138382181025,15.670530319213867,15.73143716686174,164200
2022-11-21,15.548714637756348,15.609621477624101,15.531312209340728,15.609621477624101,225600
2022-11-22,15.661828994750977,15.661828994750977,15.60092214752755,15.609623362786198,161000
2022-11-23,15.81844711303711,15.81844711303711,15.687932206938822,15.687932206938822,190000
2022-11-25,15.8271484375,15.83584965257833,15.766241591538765,15.766241591538765,124600
2022-11-28,15.705334663391113,15.853252015404987,15.705334663391113,15.835851243087722,148200
2022-11-29,15.714032173156738,15.766239456557088,15.69663140494348,15.722733387056795,124600
2022-11-30,15.853249549865723,15.870651979063766,15.67052902204725,15.75753950845047,273600
2022-12-01,16.01856803894043,16.01856803894043,15.948959987250218,16.001165611121163,492600
2022-12-02,16.027271270751953,16.053374915767417,15.931559565282326,15.966364425302942,617400
2022-12-05,15.931559562683105,16.05337491314832,15.90545757725897,16.05337491314832,135500
2022-12-06,15.90545654296875,15.975064598885128,15.888054114092915,15.948960955571376,102100
2022-12-07,15.957661628723145,15.983765271151459,15.931557986294832,15.948960414580375,81500
2022-12-08,16.009868621826172,16.009868621826172,15.957662992096164,15.983766636754693,97600
2022-12-09,15.975065231323242,16.04467328999534,15.966364016540851,16.018569645648167,61400
2022-12-12,15.966364860534668,16.01857049240161,15.940261214807638,16.009869277159268,69500
2022-12-13,16.122983932495117,16.183890781556585,16.105581501452647,16.175189566035353,261400
2022-12-14,16.270902633666992,16.270902633666992,16.088180411662087,16.14908726580129,1091100
2022-12-15,16.035972595214844,16.192591147202524,15.99246651989211,16.192591147202524,310300
2022-12-16,16.00116729736328,16.07077535638896,16.00116729736328,16.01856972701646,447300
2022-12-19,16.01694107055664,16.06075041429242,15.981892258592545,16.008178867565615,207500
2022-12-20,16.13084602355957,16.16589483477744,16.087036680756533,16.095798883561002,421200
2022-12-21,16.10456085205078,16.13960966639583,16.069513708925186,16.130847462809566,143200
2022-12-22,16.06951141357422,16.0782736159089,16.034462604235504,16.06951141357422,117500
2022-12-23,16.0870361328125,16.095798335318516,16.043225120282415,16.051987322788435,82300
2022-12-27,16.113319396972656,16.13084380016612,16.078272261804806,16.078272261804806,107200
2022-12-28,16.034461975097656,16.148368929759947,16.034461975097656,16.122082323787307,188100
2022-12-29,16.13960838317871,16.16589499184752,16.1045595716203,16.113321774509902,291900
2022-12-30,16.20970344543457,16.22722785025198,16.139607497384162,16.148369699792866,215500
2023-01-03,16.043224334716797,16.113320280113395,16.00817719762808,16.104558078036426,426300
2023-01-04,16.09579849243164,16.14837003676165,16.06074968206546,16.14837003676165,159500
2023-01-05,15.95560359954834,15.990652407009156,15.92931866517185,15.990652407009156,172600
2023-01-06,16.13960838317871,16.16589499184752,15.9205583245966,15.938082730375806,170400
2023-01-09,16.27979850769043,16.306085113486272,16.244751371181778,16.244751371181778,123200
2023-01-10,16.25351333618164,16.288562147002303,16.22722839928543,16.27979994429714,130100
2023-01-11,16.271038055419922,16.279800258294088,16.23599091514257,16.262275852545756,113800
2023-01-12,16.428752899169922,16.44627730335497,16.271036603942825,16.349894751556374,517800
2023-01-13,16.446277618408203,16.446277618408203,16.38494387380476,16.40246660710632,112100
2023-01-17,16.411230087280273,16.48132603960234,16.38494514967158,16.472563836659667,144100
2023-01-18,16.411230087280273,16.533899257258387,16.4024678843376,16.533899257258387,176100
2023-01-19,16.446277618408203,16.472562553970135,16.411228809366694,16.446277618408203,125600
2023-01-20,16.481325149536133,16.481325149536133,16.384944264810375,16.411229200999564,90800
2023-01-23,16.481325149536133,16.481325149536133,16.43751580840799,16.446278010877467,199800
2023-01-24,16.49008560180664,16.498847803346127,16.402465257630833,16.46380066840724,104900
2023-01-25,16.533899307250977,16.54265983900081,16.472563886466798,16.490088292405133,305000
2023-01-26,16.498849868774414,16.53389867931999,16.455040526811715,16.53389867931999,268500
2023-01-27,16.481325149536133,16.498849554475083,16.446278010877467,16.472562947066656,85100
2023-01-30,16.419992446899414,16.498850602916605,16.419992446899414,16.481326196864043,329300
2023-01-31,16.472564697265625,16.472564697265625,16.41123094468186,16.455041961684135,197900
2023-02-01,16.630279541015625,16.630279541015625,16.463802704830876,16.525136451974653,245400
2023-02-02,16.516374588012695,16.60399494482297,16.49008797960382,16.60399494482297,309500
2023-02-03,16.306087493896484,16.41999279320175,16.306087493896484,16.376183448365737,348100
2023-02-06,16.227230072021484,16.271039418843987,16.20094346119631,16.244754479238267,600100
2023-02-07,16.271038055419922,16.323609601445604,16.174655495023405,16.18341769789757,173100
2023-02-08,16.244752883911133,16.288562226431306,16.244752883911133,16.288562226431306,287200
2023-02-09,16.288562774658203,16.3849453369097,16.2798005716154,16.3849453369097,110400
2023-02-10,16.227230072021484,16.28856382606077,16.218467868413093,16.253515011627204,465200
2023-02-13,16.27979850769043,16.297322911554325,16.218464765385935,16.218464765385935,75900
2023-02-14,16.306087493896484,16.34113463552142,16.25351427463001,16.306087493896484,272900
2023-02-15,16.20970344543457,16.20970344543457,16.157131902201574,16.200941243025866,195100
2023-02-16,16.165895462036133,16.20970480653903,16.139608852602773,16.139608852602773,318100
2023-02-17,16.19217872619629,16.209703130673407,16.11332057726845,16.11332057726845,149000
2023-02-21,16.15713119506836,16.21846493802573,16.139606791017926,16.165893397093576,62100
2023-02-22,16.10456085205078,16.174656809521426,16.078275912511447,16.165896277154616,194000
2023-02-23,16.10456085205078,16.130847462809566,16.060751505338924,16.130847462809566,524100
2023-02-24,15.999415397644043,16.008177599941224,15.973128790752504,15.973128790752504,244500
2023-02-27,16.07827377319336,16.095798178034148,16.034462761091387,16.034462761091387,50900
2023-02-28,16.034461975097656,16.130844525778187,16.034461975097656,16.069510783061176,127600
2023-03-01,16.113319396972656,16.14836820335958,16.087034463401537,16.104557195375925,71700
2023-03-02,16.051986694335938,16.069511098661874,16.01693955690325,16.04322449217297,100000
2023-03-03,16.113319396972656,16.122081598569387,16.051985657014615,16.095796664998268,56400
2023-03-06,16.15713119506836,16.17465392789964,16.11332018494227,16.11332018494227,103100
2023-03-07,15.938082695007324,16.113321738752546,15.938082695007324,16.113321738752546,126300
2023-03-08,15.903034210205078,15.981892366437085,15.903034210205078,15.981892366437085,301200
2023-03-09,15.990653038024902,16.016939644657825,15.964366431391982,15.964366431391982,94300
2023-03-10,16.0870361328125,16.192179220446207,16.0870361328125,16.104558866605288,101400
2023-03-13,16.25351333618164,16.27979994429714,16.2097039938751,16.22722839928543,339300
2023-03-14,16.27979850769043,16.27979850769043,16.218464765385935,16.271036305758482,167300
2023-03-15,16.07827377319336,16.11332091165571,16.043224963511783,16.043224963511783,145600
2023-03-16,16.14837074279785,16.157132945772496,16.078274790220025,16.078274790220025,122100
2023-03-17,16.227230072021484,16.253515011627204,16.165896317982202,16.183419053979527,253000
2023-03-20,16.33237075805664,16.33237075805664,16.297323620024436,16.314848024650143,124800
2023-03-21,16.34113311767578,16.39370466083977,16.323608712881377,16.39370466083977,330400
2023-03-22,16.472564697265625,16.52513791766835,16.332372785297192,16.367421598899007,185300
2023-03-23,16.437517166137695,16.51637532365738,16.428754962944467,16.48132651088446,203800
2023-03-24,16.349897384643555,16.36742179165084,16.34113518113991,16.358659588147198,152000
2023-03-27,16.393705368041992,16.411229773592375,16.376182633710904,16.393705368041992,92700
2023-03-28,16.49008560180664,16.49008560180664,16.437514063788782,16.455038466867755,155500
2023-03-29,16.437517166137695,16.455041572524152,16.411230556558007,16.428754962944467,59000
2023-03-30,16.507612228393555,16.533898836552716,16.498850025673836,16.533898836552716,85800
2023-03-31,16.446277618408203,16.507611363011645,16.446277618408203,16.490086958490892,229600
2023-04-03,16.542659759521484,16.551421962448554,16.455041072689433,16.455041072689433,192600
2023-04-04,16.621517181396484,16.630279383937015,16.542659029750965,16.551421232291496,241500
2023-04-05,16.560184478759766,16.639042635376377,16.52513733760758,16.61275602609772,207400
2023-04-06,16.560184478759766,16.595233291131308,16.516375134514693,16.52513733760758,235200
2023-04-10,16.472564697265625,16.48132690066608,16.42875535148277,16.48132690066608,248700
2023-04-11,16.542659759521484,16.551421962448554,16.516374821959598,16.52513702488667,66100
2023-04-12,16.6390438079834,16.647806011693785,16.60399666436133,16.630281604273012,195900
2023-04-13,16.726661682128906,16.744186086939102,16.70913727731871,16.70913727731871,222600
2023-04-14,16.630279541015625,16.691613288159402,16.603994604365017,16.691613288159402,249700
2023-04-17,16.551420211791992,16.577706817792848,16.525135277010286,16.568944615792564,141100
2023-04-18,16.61275291442871,16.61275291442871,16.577705779841065,16.595230182744412,91200
2023-04-19,16.568944931030273,16.61275427064606,16.568944931030273,16.603993739698247,48300
2023-04-20,16.577709197998047,16.62151854307041,16.560184791481344,16.560184791481344,43900
2023-04-21,16.61275291442871,16.621515115880385,16.55141917548605,16.61275291442871,31700
2023-04-24,16.68285369873047,16.68285369873047,16.63028048002224,16.66532929249439,57900
2023-04-25,16.595232009887695,16.639041350750443,16.577707605054904,16.639041350750443,100400
2023-04-26,16.665328979492188,16.726662728947144,16.647804573585248,16.726662728947144,240600
2023-04-27,16.665328979492188,16.665328979492188,16.603995230037228,16.621517964724838,187600
2023-04-28,16.647802352905273,16.665326756474602,16.586468611631734,16.612753545766616,119500
2023-05-01,16.542659759521484,16.647804523427,16.542659759521484,16.647804523427,172900
2023-05-02,16.595232009887695,16.60399421230409,16.51637385935937,16.542658795389325,157300
2023-05-03,16.691612243652344,16.72666105195227,16.647802904496597,16.674089510721544,291100
2023-05-04,16.665328979492188,16.700376120086734,16.647804573585248,16.682853385399127,253600
2023-05-05,16.647802352905273,16.71789829596348,16.63904015112061,16.647802352905273,190300
2023-05-08,16.656564712524414,16.73542285811453,16.656564712524414,16.726660656246835,96100
2023-05-09,16.6390438079834,16.65656821540417,16.61275719685224,16.621519400562626,99300
2023-05-10,16.674091339111328,16.691614073963574,16.647804730003934,16.682853542147125,71700
2023-05-11,16.568944931030273,16.61275427064606,16.560182728863282,16.61275427064606,226900
2023-05-12,16.472564697265625,16.56018506005075,16.472564697265625,16.56018506005075,294200
2023-05-15,16.525135040283203,16.533897242157966,16.49884843465891,16.49884843465891,132000
2023-05-16,16.481325149536133,16.542658895603225,16.481325149536133,16.49008735200561,200700
2023-05-17,16.463802337646484,16.472562868855125,16.41999132550712,16.45504013521861,108600
2023-05-18,16.34113311767578,16.384944129661793,16.33237091527858,16.37618192726459,220400
2023-05-19,16.411230087280273,16.428754493165624,16.358658540843557,16.358658540843557,83200
2023-05-22,16.4024658203125,16.428752425832716,16.376180886011404,16.428752425832716,91900
2023-05-23,16.35865592956543,16.384942534197407,16.341131526477444,16.35865592956543,141000
2023-05-24,16.306087493896484,16.384945651576814,16.288563087474326,16.384945651576814,132800
2023-05-25,16.23598861694336,16.2710357522598,16.22722641530948,16.2710357522598,168600
2023-05-26,16.271038055419922,16.271038055419922,16.218466509394236,16.23599091514257,265500
2023-05-30,16.271038055419922,16.288562461168254,16.262275852545756,16.279800258294088,154800
2023-05-31,16.25351333618164,16.262275538886808,16.1834173857596,16.22722839928543,141700
2023-06-01,16.314847946166992,16.37618169084271,16.297323541625587,16.297323541625587,101500
2023-06-02,16.29732322692871,16.384943576724613,16.288561024827203,16.349894768318585,64900
2023-06-05,16.29732322692871,16.314847631131723,16.23598948343733,16.23598948343733,88500
2023-06-06,16.26227569580078,16.288562304169915,16.244752961440657,16.244752961440657,119100
2023-06-07,16.306087493896484,16.349896838732498,16.279800884263246,16.31484969710756,45000
2023-06-08,16.4024658203125,16.41122802215257,16.332369876811047,16.332369876811047,71000
2023-06-09,16.367420196533203,16.402467335912753,16.367420196533203,16.384944601832615,52700
2023-06-12,16.376182556152344,16.39370529040044,16.349895947951264,16.39370529040044,47300
2023-06-13,16.411230087280273,16.46380330493632,16.4024678843376,16.428754493165624,53500
2023-06-14,16.481325149536133,16.525136161883513,16.428753605938518,16.481325149536133,131400
2023-06-15,16.595232009887695,16.62151694591765,16.507611656942974,16.52513606177576,110000
2023-06-16,16.577709197998047,16.62151854307041,16.551422588222994,16.6039958077731,138900
2023-06-20,16.551420211791992,16.560182413792276,16.507610873009714,16.525135277010286,46100
2023-06-21,16.630279541015625,16.630279541015625,16.51637424935136,16.525136451974653,52200
2023-06-22,16.586469650268555,16.61275458604939,16.551420840935158,16.595231852601906,95400
2023-06-23,16.472564697265625,16.50761351086744,16.472564697265625,16.49885130746699,114400
2023-06-26,16.507612228393555,16.525136633832993,16.490087822954116,16.490087822954116,59200
2023-06-27,16.560184478759766,16.586471088038422,16.533899540700464,16.56894668185265,160700
2023-06-28,16.481325149536133,16.50761175694456,16.446278010877467,16.50761175694456,55500
2023-06-29,16.4024658203125,16.446276829512858,16.4024658203125,16.4024658203125,101600
2023-06-30,16.481325149536133,16.498849554475083,16.46380241581642,16.46380241581642,40200
2023-07-03,16.49008560180664,16.507610004885617,16.455038466867755,16.455038466867755,9400
2023-07-05,16.428752899169922,16.4813244405059,16.428752899169922,16.472562238413374,21900
2023-07-06,16.463802337646484,16.472562868855125,16.384944187014856,16.45504013521861,27300
2023-07-07,16.595232009887695,16.62151694591765,16.490087252110182,16.490087252110182,81900
2023-07-10,16.656564712524414,16.6740891162598,16.586468768801993,16.586468768801993,116500
2023-07-11,16.726661682128906,16.726661682128906,16.665327936512448,16.691612872508514,42200
2023-07-12,16.89314079284668,16.919425729787925,16.81428263958437,16.81428263958437,136100
2023-07-13,17.050857543945312,17.050857543945312,16.972001052117207,16.989523788512624,211600
2023-07-14,17.01580810546875,17.042094713346543,17.00704590284282,17.02457030809468,102300
2023-07-17,17.042095184326172,17.042095184326172,16.980759764249573,17.015808575721916,133800
2023-07-18,17.024568557739258,17.059615693420394,17.00704415428914,17.059615693420394,169200
2023-07-19,16.95447540283203,16.98952254427566,16.92818879333478,16.945713199666283,95600
2023-07-20,16.866853713989258,16.945711865050903,16.84932930903795,16.945711865050903,148100
2023-07-21,16.823043823242188,16.849328758591213,16.814281621052785,16.823043823242188,125500
2023-07-24,16.76171112060547,16.814284342250257,16.76171112060547,16.78799773142786,105700
2023-07-25,16.779232025146484,16.796756428703187,16.72666048569549,16.73542268747384,43500
2023-07-26,16.840566635131836,16.85809103959257,16.796757295199196,16.823043901890294,60400
2023-07-27,16.700376510620117,16.752949729570346,16.700376510620117,16.744187526411974,207600
2023-07-28,16.752948760986328,16.77923369772239,16.70913774772744,16.70913774772744,92600
2023-07-31,16.700376510620117,16.752949729570346,16.700376510620117,16.700376510620117,78100
2023-08-01,16.6390438079834,16.65656821540417,16.61275719685224,16.647806011693785,79800
2023-08-02,16.595232009887695,16.639041350750443,16.55142099780572,16.639041350750443,69000
2023-08-03,16.603994369506836,16.6215171032863,16.54265895201136,16.54265895201136,48000
2023-08-04,16.691612243652344,16.735423254027253,16.674089510721544,16.674089510721544,94800
2023-08-07,16.68285369873047,16.700376433747184,16.66532929249439,16.68285369873047,15800
2023-08-08,16.621517181396484,16.621517181396484,16.568945637372554,16.612754978855953,93600
2023-08-09,16.630279541015625,16.647803946262208,16.61275513576904,16.630279541015625,67700
2023-08-10,16.586469650268555,16.682852204716184,16.586469650268555,16.665327800049486,38100
2023-08-11,16.525135040283203,16.603993185936957,16.525135040283203,16.560182176563135,33100
2023-08-14,16.498849868774414,16.551421413373507,16.46380272944811,16.472563260865233,89600
2023-08-15,16.516374588012695,16.577708336414094,16.49008797960382,16.577708336414094,23300
2023-08-16,16.463802337646484,16.525136083422364,16.44627793279074,16.481325071283,26300
2023-08-17,16.472564697265625,16.52513791766835,16.437517554883225,16.52513791766835,40000
2023-08-18,16.481325149536133,16.49008735200561,16.446278010877467,16.446278010877467,36500
2023-08-21,16.49008560180664,16.507610004885617,16.46380066840724,16.481323400267154,48100
2023-08-22,16.455039978027344,16.490087116184807,16.437515573339006,16.490087116184807,74500
2023-08-23,16.481325149536133,16.498849554475083,16.411229200999564,16.428753605938518,74400
2023-08-24,16.393705368041992,16.446278584693143,16.376182633710904,16.437516381917952,46400
2023-08-25,16.34113311767578,16.419991268031378,16.323608712881377,16.37618192726459,107000
2023-08-28,16.393705368041992,16.393705368041992,16.367420430935713,16.376182633710904,45500
2023-08-29,16.472564697265625,16.49885130746699,16.323610581896737,16.3498971920981,102300
2023-08-30,16.525135040283203,16.568944378437898,16.51637283840844,16.542657772813605,82300
2023-08-31,16.446277618408203,16.490086958490892,16.437515416147825,16.490086958490892,103000
2023-09-01,16.349897384643555,16.507613705270252,16.34113518113991,16.507613705270252,67100
2023-09-05,16.26227569580078,16.32360944410946,16.25351349301107,16.32360944410946,98700
2023-09-06,16.25351333618164,16.29732434970747,16.235990601990594,16.25351333618164,85200
2023-09-07,16.227230072021484,16.253515011627204,16.218467868413093,16.244754479238267,73800
2023-09-08,16.227230072021484,16.297326029669158,16.227230072021484,16.262277215235596,52400
2023-09-11,16.3236083984375,16.34113280289433,16.288561260743034,16.288561260743034,282700
2023-09-12,16.29732322692871,16.30608542903022,16.27103662062419,16.288561024827203,18500
2023-09-13,16.27979850769043,16.32360784613103,16.27979850769043,16.297322911554325,34500
2023-09-14,16.20094108581543,16.253512628538285,16.174654478844396,16.253512628538285,31900
2023-09-15,16.20094108581543,16.23598989511014,16.19217888349175,16.227227692786464,25000
2023-09-18,16.227230072021484,16.244754479238267,16.19218125758792,16.19218125758792,77600
2023-09-19,16.227230072021484,16.253515011627204,16.218467868413093,16.235992275629876,79800
2023-09-20,16.18341827392578,16.30608744731105,16.18341827392578,16.271038634566867,94100
2023-09-21,16.20094108581543,16.218465490462783,16.165893947739928,16.165893947739928,49700
2023-09-22,16.174654006958008,16.20970281523019,16.165893476109126,16.20970281523019,23100
2023-09-25,16.113319396972656,16.13960600176285,16.087034463401537,16.122081598569387,273600
2023-09-26,16.07827377319336,16.11332091165571,16.06074936835257,16.095798178034148,179000
2023-09-27,15.973130226135254,16.0344639765079,15.973130226135254,16.0344639765079,122700
2023-09-28,16.07827377319336,16.104558709235313,16.02570222989022,16.02570222989022,53700
2023-09-29,16.09579849243164,16.14837003676165,16.07827408724855,16.139607834170107,73700
2023-10-02,15.973130226135254,16.060750585761614,15.973130226135254,16.060750585761614,95300
2023-10-03,15.973130226135254,15.981892429219826,15.911796475762609,15.938083085016324,79200
2023-10-04,16.01694107055664,16.03446380531935,15.964367852610497,16.03446380531935,87800
2023-10-05,16.07827377319336,16.07827377319336,16.01694002746983,16.02570222989022,52600
2023-10-06,16.12208366394043,16.139608069378912,16.008178371028876,16.03446330796731,82200
2023-10-09,16.113319396972656,16.13084380016612,16.069510060208078,16.069510060208078,62700
2023-10-10,16.18341827392578,16.18341827392578,16.122084522842833,16.14837113240097,103700
2023-10-11,16.165895462036133,16.20970480653903,16.13084664945832,16.200942603394576,85100
2023-10-12,16.043224334716797,16.12208248219037,16.034462132639828,16.113320280113395,108900
2023-10-13,16.034461975097656,16.051986379079416,16.016939242335045,16.051986379079416,52700
2023-10-16,16.09579849243164,16.11332122639547,16.06074968206546,16.07827408724855,21700
2023-10-17,16.12208366394043,16.139608069378912,16.04322551068655,16.10455925850195,53300
2023-10-18,16.034461975097656,16.095797389033816,16.034461975097656,16.095797389033816,36000
2023-10-19,16.113319396972656,16.13960600176285,16.078272261804806,16.078272261804806,31000
2023-10-20,16.10456085205078,16.130847462809566,16.09580031968397,16.09580031968397,20900
2023-10-23,16.21846580505371,16.22722800754735,16.113321046349284,16.122083248842927,42500
2023-10-24,16.12208366394043,16.174655209036587,16.10455925850195,16.174655209036587,35900
2023-10-25,16.07827377319336,16.11332091165571,16.06074936835257,16.11332091165571,26400
2023-10-26,16.034461975097656,16.060748581070296,16.008177040344165,16.051986379079416,46300
2023-10-27,16.0870361328125,16.113321069111304,16.06074952529445,16.078273930306484,20600
2023-10-30,16.14837074279785,16.157132945772496,16.122084133873916,16.139608539823207,41500
2023-10-31,16.07827377319336,16.1220831140761,16.034462761091387,16.104558709235313,60600
2023-11-01,16.043224334716797,16.08703534510165,15.990652793474139,16.00817719762808,43000
2023-11-02,16.13960838317871,16.183417726407406,16.130846180289108,16.148370586068314,25900
2023-11-03,16.3236083984375,16.332370600665914,16.26227465405779,16.29732346297145,89400
2023-11-06,16.288562774658203,16.34113432169568,16.288562774658203,16.314849383786616,176000
2023-11-07,16.26227569580078,16.271037898590492,16.218466353071523,16.25351349301107,79400
2023-11-08,16.244752883911133,16.271037820935522,16.218466275667453,16.218466275667453,73200
2023-11-09,16.19217872619629,16.27979907736269,16.18341652395773,16.262274672885567,74200
2023-11-10,16.20970344543457,16.218465647843274,16.192179040617162,16.200941243025866,49100
2023-11-13,16.23598861694336,16.25351134899204,16.20970201204172,16.20970201204172,50900
2023-11-14,16.498849868774414,16.507612071410808,16.37618237430344,16.384944576939834,114100
2023-11-15,16.428752899169922,16.472562238413374,16.428752899169922,16.437515101262445,54000
2023-11-16,16.446277618408203,16.490086958490892,16.437515416147825,16.46380202292896,36100
2023-11-17,16.533899307250977,16.54265983900081,16.481326089435967,16.490088292405133,87300
2023-11-20,16.603994369506836,16.612754900786946,16.560183357010068,16.568945559509423,160900
2023-11-21,16.577709197998047,16.63904294958711,16.560184791481344,16.62151854307041,78200
2023-11-22,16.525135040283203,16.551419974688372,16.48132403090938,16.551419974688372,67600
2023-11-24,16.61275291442871,16.61275291442871,16.568943578389394,16.568943578389394,25900
2023-11-27,16.647802352905273,16.647802352905273,16.60399301520106,16.63904015112061,57200
2023-11-28,16.726661682128906,16.735423884534004,16.674090138917546,16.70913727731871,102900
2023-11-29,16.691612243652344,16.735423254027253,16.682851712796523,16.735423254027253,86000
2023-11-30,16.603994369506836,16.64780371078436,16.58646996450813,16.64780371078436,68900
2023-12-01,16.674091339111328,16.674091339111328,16.55142216782951,16.560184370865308,274600
2023-12-04,16.568944931030273,16.603993739698247,16.560182728863282,16.560182728863282,54200
2023-12-05,16.525135040283203,16.59523098406219,16.51637283840844,16.551419974688372,60900
2023-12-06,16.49008560180664,16.55141934136399,16.49008560180664,16.52513440796459,58000
2023-12-07,16.603994369506836,16.630279305785653,16.54265895201136,16.58646996450813,46300
2023-12-08,16.542659759521484,16.586470774156837,16.50761261903253,16.53389922781374,131500
2023-12-11,16.525135040283203,16.542657772813605,16.49884843465891,16.542657772813605,46400
2023-12-12,16.577709197998047,16.577709197998047,16.533899852925682,16.542660384964645,27800
2023-12-13,16.726661682128906,16.76170882053007,16.5601831788705,16.60399419089599,96900
2023-12-14,16.8756160736084,16.91066321261813,16.779233516697943,16.823044529484175,353000
2023-12-15,16.787996292114258,16.849330040888628,16.761709683545536,16.849330040888628,92300
2023-12-18,16.770469665527344,16.853491931948227,16.770469665527344,16.816592364886414,145400
2023-12-19,16.853492736816406,16.871942521228416,16.825818060198394,16.86271762902241,90500
2023-12-20,16.78891944885254,16.871941715272406,16.78891944885254,16.871941715272406,81700
2023-12-21,16.91806411743164,16.91806411743164,16.862716527280085,16.881164551018493,43600
2023-12-22,16.927288055419922,17.001085424620605,16.918063164336328,16.99186053353701,56400
2023-12-26,17.001087188720703,17.001087188720703,16.936514703903317,16.982637404639092,74600
2023-12-27,17.07488441467285,17.07488441467285,17.001087038466874,17.037984846835744,102600
2023-12-28,17.001087188720703,17.0841094576197,16.991862296679898,17.056434781497284,39500
2023-12-29,17.001087188720703,17.04720988945648,16.973412512598287,16.973412512598287,77600
2024-01-02,16.8719425201416,16.899615437289548,16.85349273573078,16.899615437289548,225600
2024-01-03,16.825817108154297,16.825817108154297,16.779694409202285,16.798142433102182,57600
2024-01-04,16.8073673248291,16.85349178324941,16.8073673248291,16.8073673248291,74100
2024-01-05,16.835041046142578,16.908838415966123,16.80736637265822,16.853490828465485,64300
2024-01-08,16.853492736816406,16.890390546172142,16.844267844610403,16.853492736816406,50500
2024-01-09,16.816593170166016,16.853492738994802,16.798143385751622,16.853492738994802,28100
2024-01-10,16.844266891479492,16.85349178316351,16.788919300843585,16.788919300843585,27600
2024-01-11,16.844266891479492,16.862716674847523,16.788919300843585,16.798142433059418,72100
2024-01-12,16.825817108154297,16.90883937384246,16.825817108154297,16.90883937384246,42100
2024-01-16,16.67822265625,16.733570247868684,16.67822265625,16.687447548097815,134800
2024-01-17,16.696672439575195,16.696672439575195,16.632099956110125,16.696672439575195,52900
2024-01-18,16.659770965576172,16.67822074715993,16.65054607478429,16.67822074715993,21000
2024-01-19,16.696672439575195,16.705897331422808,16.650547980337134,16.650547980337134,46600
2024-01-22,16.696672439575195,16.73357024749743,16.687447547727583,16.71512222327042,40700
2024-01-23,16.641324996948242,16.668997913270623,16.622875213087838,16.650548129410215,56700
2024-01-24,16.696672439575195,16.7889195985831,16.696672439575195,16.779694706735487,41300
2024-01-25,16.659770965576172,16.68744563795181,16.641322943460423,16.668995856368053,45000
2024-01-26,16.668996810913086,16.715121267513787,16.668996810913086,16.678221702233227,37900
2024-01-29,16.668996810913086,16.678221702233227,16.622874113780497,16.622874113780497,23800
2024-01-30,16.705896377563477,16.705896377563477,16.66899681227989,16.69667148624258,32300
2024-01-31,16.668996810913086,16.770468855966516,16.650547028272804,16.733569290685956,58300
2024-02-01,16.75201988220215,16.77046966573328,16.668997615780246,16.705897182842513,63300
2024-02-02,16.60442543029785,16.668997914345205,16.595200538367052,16.668997914345205,96300
2024-02-05,16.539852142333984,16.55830192529883,16.50295257640429,16.55830192529883,36600
2024-02-06,16.595199584960938,16.595199584960938,16.53062710462332,16.558301778825783,32600
2024-02-07,16.613651275634766,16.632101060555136,16.58597659825421,16.632101060555136,20300
2024-02-08,16.576749801635742,16.58597469303627,16.54907688690228,16.567524910235214,16500
2024-02-09,16.56752586364746,16.60442543137304,16.5583027311843,16.5583027311843,29800
2024-02-12,16.595199584960938,16.61364936776258,16.558301778825783,16.558301778825783,28700
2024-02-13,16.456829071044922,16.502951766725992,16.456829071044922,16.502951766725992,24800
2024-02-14,16.502952575683594,16.502952575683594,16.475279660705677,16.484504552187698,18200
2024-02-15,16.56752586364746,16.576750755578857,16.530628055390114,16.530628055390114,25000
2024-02-16,16.55830192565918,16.585974840638908,16.51217746824606,16.51217746824606,16100
2024-02-20,16.622875213623047,16.650548129946316,16.613650321692546,16.622875213623047,36400
2024-02-21,16.632099151611328,16.64132404301273,16.60442447740712,16.64132404301273,26400
2024-02-22,16.632099151611328,16.650547174946002,16.60442447740712,16.650547174946002,28000
2024-02-23,16.622875213623047,16.650548129946316,16.622875213623047,16.632100105553548,28900
2024-02-26,16.687448501586914,16.687448501586914,16.64132579918068,16.64132579918068,15800
2024-02-27,16.650548934936523,16.678223612065988,16.650548934936523,16.668998719689498,12300
2024-02-28,16.650548934936523,16.65977382731301,16.6044262325224,16.6044262325224,18300
2024-02-29,16.613651275634766,16.66899887092755,16.613651275634766,16.650549086007178,162900
2024-03-01,16.650548934936523,16.678223612065988,16.6044262325224,16.6044262325224,45200
2024-03-04,16.668996810913086,16.687446593553368,16.64132389642078,16.64132389642078,9100
2024-03-05,16.687448501586914,16.715123178711643,16.64132579918068,16.64132579918068,47100
2024-03-06,16.76124382019043,16.788918493912337,16.696671340974074,16.742794037709157,61000
2024-03-07,16.844266891479492,16.844266891479492,16.770469517475554,16.788919300843585,53900
2024-03-08,16.853492736816406,16.918065222790155,16.853492736816406,16.918065222790155,29400
2024-03-11,16.853492736816406,16.871942521228416,16.825818060198394,16.853492736816406,37700
2024-03-12,16.798141479492188,16.825816152973246,16.770468565479213,16.816591261812892,18800
2024-03-13,16.835041046142578,16.871940610788393,16.788918349803392,16.825816154981126,43200
2024-03-14,16.770469665527344,16.825817256651867,16.724345206700075,16.825817256651867,39300
2024-03-15,16.75201988220215,16.77046966573328,16.742794990436582,16.742794990436582,10000
2024-03-18,16.71512222290039,16.752020030821807,16.71512222290039,16.752020030821807,37000
2024-03-19,16.687448501586914,16.696673393961824,16.668998716837095,16.687448501586914,33000
2024-03-20,16.76124382019043,16.779693602671703,16.622873970517084,16.650546884770893,29700
2024-03-21,16.659770965576172,16.71512031032745,16.659770965576172,16.71512031032745,22700
2024-03-22,16.595199584960938,16.650547173897735,16.585974693560118,16.650547173897735,51900
2024-03-25,16.650548934936523,16.650548934936523,16.6044262325224,16.6044262325224,21300
2024-03-26,16.585975646972656,16.6505481310221,16.585975646972656,16.62287521469704,20300
2024-03-27,16.622875213623047,16.622875213623047,16.585975645901048,16.585975645901048,17400
2024-03-28,16.595199584960938,16.6228742591634,16.585974693560118,16.585974693560118,13100
2024-04-01,16.512178421020508,16.55830288109507,16.49372863699068,16.55830288109507,47900
2024-04-02,16.521404266357422,16.558303836546262,16.502954481263004,16.512179373810213,168900
2024-04-03,16.641324996948242,16.641324996948242,16.530628053254038,16.530628053254038,59400
2024-04-04,16.641324996948242,16.69667258906123,16.63210010501804,16.650548129410215,49100
2024-04-05,16.641324996948242,16.650548129410215,16.576750753436823,16.613650321157635,72800
2024-04-08,16.668996810913086,16.668996810913086,16.613649222460356,16.613649222460356,21200
2024-04-09,16.668996810913086,16.705896376193646,16.650547028272804,16.668996810913086,22400
2024-04-10,16.502952575683594,16.576749948071612,16.475279660705677,16.576749948071612,48100
2024-04-11,16.48450469970703,16.512177614932593,16.43838024188416,16.493727831803444,36400
2024-04-12,16.364582061767578,16.401481626206063,16.336907388438718,16.401481626206063,56800
2024-04-15,16.32768440246582,16.373807098957336,16.32768440246582,16.373807098957336,66000
2024-04-16,16.28156089782715,16.336908488744513,16.28156089782715,16.318460464750853,32700
2024-04-17,16.373807907104492,16.383032798751717,16.31846031668931,16.31846031668931,26800
2024-04-18,16.3369083404541,16.373807907042867,16.3369083404541,16.373807907042867,19300
2024-04-19,16.346134185791016,16.39225864671803,16.346134185791016,16.39225864671803,12500
2024-04-22,16.3369083404541,16.364583015395677,16.309235424980706,16.309235424980706,32400
2024-04-23,16.429155349731445,16.43838024129569,16.373807759814145,16.373807759814145,11200
2024-04-24,16.429155349731445,16.447605132859934,16.39225754294263,16.447605132859934,39600
2024-04-25,16.47528076171875,16.47528076171875,16.401483384398986,16.401483384398986,12000
2024-04-26,16.373807907104492,16.4383803891669,16.35535812381004,16.4383803891669,14000
2024-04-29,16.43838119506836,16.475280763466287,16.392258494039215,16.392258494039215,12700
2024-04-30,16.3369083404541,16.401482581984443,16.3369083404541,16.401482581984443,21500
2024-05-01,16.373807907104492,16.42915549751967,16.31846031668931,16.31846031668931,10800
2024-05-02,16.48450469970703,16.50295272336802,16.401482435094028,16.401482435094028,12400
2024-05-03,16.55830192565918,16.604424623604157,16.530627251211307,16.595199732121532,18300
2024-05-06,16.55830192565918,16.595199732121532,16.530627251211307,16.595199732121532,124800
2024-05-07,16.502952575683594,16.576749948071612,16.493727684201573,16.576749948071612,33300
2024-05-08,16.48450469970703,16.493727831803444,16.45683002501331,16.466054916577882,10300
2024-05-09,16.521404266357422,16.53985405145184,16.484506455636932,16.484506455636932,33900
2024-05-10,16.512178421020508,16.567526013641736,16.512178421020508,16.512178421020508,27900
2024-05-13,16.539852142333984,16.56752505731311,16.521402359369137,16.55830192529883,107500
2024-05-14,16.585975646972656,16.585975646972656,16.558302730647597,16.558302730647597,15600
2024-05-15,16.67822265625,16.696672439945633,16.60442528093568,16.63209995647913,54700
2024-05-16,16.67822265625,16.67822265625,16.641324848326946,16.66899776440218,19600
2024-05-17,16.668996810913086,16.678221702233227,16.64132389642078,16.650547028272804,38500
2024-05-20,16.650548934936523,16.678223612065988,16.650548934936523,16.668998719689498,14400
2024-05-21,16.650548934936523,16.65977382731301,16.64132580202835,16.650548934936523,16100
2024-05-22,16.60442543029785,16.64132499802104,16.595200538367052,16.64132499802104,14800
2024-05-23,16.585975646972656,16.64132499855923,16.567525863110465,16.613650322765945,13600
2024-05-24,16.632099151611328,16.650547174946002,16.622874260209926,16.622874260209926,17200
2024-05-28,16.668996810913086,16.705896376193646,16.659771919592945,16.668996810913086,24100
2024-05-29,16.595199584960938,16.632099150564223,16.567524910758475,16.632099150564223,26000
2024-05-30,16.641324996948242,16.650548129410215,16.63210010501804,16.63210010501804,23400
2024-05-31,16.650548934936523,16.696673396818962,16.650548934936523,16.696673396818962,75400
2024-06-03,16.770469665527344,16.770469665527344,16.678222507341008,16.696672290871913,37700
2024-06-04,16.75201988220215,16.77046966573328,16.733570098671013,16.77046966573328,19400
2024-06-05,16.742795944213867,16.752020836504943,16.705898134517863,16.752020836504943,21800
2024-06-06,16.75201988220215,16.77046966573328,16.733570098671013,16.77046966573328,11300
2024-06-07,16.641324996948242,16.668997913270623,16.63210010501804,16.659773021340417,50500
2024-06-10,16.613651275634766,16.613651275634766,16.549078787881797,16.58597659825421,44000
2024-06-11,16.585975646972656,16.59520053890375,16.558302730647597,16.567525863110465,15200
2024-06-12,16.641324996948242,16.76124507310442,16.63210010501804,16.76124507310442,33000
2024-06-13,16.585975646972656,16.6505481310221,16.57675075504156,16.6505481310221,31600
2024-06-14,16.539852142333984,16.55830192529883,16.49372768492187,16.521402359369137,113500
2024-06-17,16.576749801635742,16.576749801635742,16.539851995501753,16.539851995501753,37000
2024-06-18,16.585975646972656,16.604425430834848,16.57675075504156,16.57675075504156,9800
2024-06-20,16.53062629699707,16.585973883229784,16.53062629699707,16.585973883229784,30300
2024-06-21,16.512178421020508,16.52140331303542,16.49372863699068,16.512178421020508,9300
2024-06-24,16.5490779876709,16.576750904245035,16.53985309565677,16.5490779876709,24100
2024-06-25,16.512178421020508,16.549077989080157,16.512178421020508,16.530628205050334,17100
2024-06-26,16.47528076171875,16.493728786447495,16.438381193324737,16.44760608542324,184800
2024-06-27,16.49372673034668,16.558300966986405,16.49372673034668,16.558300966986405,41100
2024-06-28,16.512178421020508,16.539853097065244,16.49372863699068,16.539853097065244,20500
2024-07-01,16.512178421020508,16.549077989080157,16.502953529005595,16.549077989080157,19900
2024-07-02,16.539852142333984,16.549077033816406,16.512177467886712,16.549077033816406,17600
2024-07-03,16.613651275634766,16.632101060555136,16.56752681333384,16.56752681333384,95800
2024-07-05,16.67822265625,16.696672439945633,16.63209995647913,16.696672439945633,57500
2024-07-08,16.659770965576172,16.69667052874369,16.659770965576172,16.668995856368053,21200
2024-07-09,16.641324996948242,16.659773021340417,16.622875213087838,16.622875213087838,10300
2024-07-10,16.668996810913086,16.678221702233227,16.64132389642078,16.678221702233227,16300
2024-07-11,16.779695510864258,16.788920403153952,16.74279594170548,16.74279594170548,46500
2024-07-12,16.816593170166016,16.825818062373212,16.78892025301271,16.78892025301271,28100
2024-07-15,16.78891944885254,16.835042148211045,16.78891944885254,16.835042148211045,22700
2024-07-16,16.798141479492188,16.798141479492188,16.75201878315851,16.788918347799918,18200
2024-07-17,16.88116455078125,16.890389442384407,16.853491635439944,16.871941418646262,48600
2024-07-18,16.8073673248291,16.862716674933473,16.79814243314504,16.862716674933473,26800
2024-07-19,16.779695510864258,16.788920403153952,16.770470618574564,16.770470618574564,21000
2024-07-22,16.78891944885254,16.816592364680364,16.77046966532186,16.816592364680364,24600
2024-07-23,16.770469665527344,16.788919449058252,16.71512207440282,16.71512207440282,18700
2024-07-24,16.798141479492188,16.8350410441336,16.779693456639567,16.816591261812892,40200
2024-07-25,16.78891944885254,16.816592364680364,16.752019881791178,16.7796945570872,29000
2024-07-26,16.816593170166016,16.83504295458041,16.798143385751622,16.83504295458041,6600
2024-07-29,16.76124382019043,16.779693602671703,16.724344255227884,16.76124382019043,41200
2024-07-30,16.770469665527344,16.770469665527344,16.71512207440282,16.73357009846553,29000
2024-07-31,16.853492736816406,16.890390546172142,16.788920250842658,16.890390546172142,20800
2024-08-01,16.8073673248291,16.84426689156535,16.78891930092916,16.825817108197224,101600
2024-08-02,16.99186134338379,17.0472089330552,16.954961777290748,16.954961777290748,180500
2024-08-05,17.093332290649414,17.1763545495478,17.0472078360014,17.157904767688596,150400
2024-08-06,17.03798484802246,17.0564346319423,17.019536823570856,17.03798484802246,35900
2024-08-07,17.010311126708984,17.019536018232394,16.98263645213875,17.00108623518557,40500
2024-08-08,17.001087188720703,17.019536972802314,16.92728981186251,16.954962728516676,26200
2024-08-09,17.028759002685547,17.04720878557245,17.001086087823328,17.04720878557245,30400
2024-08-12,17.0195369720459,17.028760104618044,16.97341251184392,16.97341251184392,27100
2024-08-13,17.139455795288086,17.139455795288086,17.037983749738192,17.037983749738192,47600
2024-08-14,17.121007919311523,17.16713238127474,17.084110109209266,17.148682596489454,36000
2024-08-15,17.056432723999023,17.06565761492704,17.00108513789896,17.03798294214299,48000
2024-08-16,17.15790557861328,17.176355361344466,17.065658424425465,17.065658424425465,33100
2024-08-19,17.240928649902344,17.250153541700513,17.167131274985188,17.176356166783357,58800
2024-08-20,17.30550193786621,17.30550193786621,17.250154343971285,17.277827261184605,41900
2024-08-21,17.333175659179688,17.379298358305224,17.26860141714847,17.26860141714847,160100
2024-08-22,17.2778263092041,17.323950767798728,17.25937652576625,17.323950767798728,44900
2024-08-23,17.406972885131836,17.43464580058407,17.277826161638085,17.277826161638085,158300
2024-08-26,17.37929916381836,17.416196972935328,17.37929916381836,17.38852405596467,53600
2024-08-27,17.453096389770508,17.453096389770508,17.38852390477605,17.4161968215061,34700
2024-08-28,17.34239959716797,17.379299165757324,17.34239959716797,17.370074273609987,31900
2024-08-29,17.296276092529297,17.33317565940476,17.277826309091566,17.314725875967028,43600
2024-08-30,17.2778263092041,17.33317565951765,17.250153393515514,17.2778263092041,64900
2024-09-03,17.268600463867188,17.296275137495694,17.24092754970677,17.287050246286192,67300
2024-09-04,17.323949813842773,17.35162272800753,17.277825357788025,17.287050248998973,89400
2024-09-05,17.37929916381836,17.37929916381836,17.33317646255508,17.37929916381836,80200
2024-09-06,17.38852310180664,17.425420908898918,17.33317551143413,17.379298210166525,97700
2024-09-09,17.314725875854492,17.333175659292102,17.296276092416882,17.323950767573297,108900
2024-09-10,17.30550193786621,17.30550193786621,17.268602368957403,17.29627704563901,53400
2024-09-11,17.296276092529297,17.296276092529297,17.277826309091566,17.296276092529297,33100
2024-09-12,17.370073318481445,17.370073318481445,17.296275944828903,17.296275944828903,87000
2024-09-13,17.397747039794922,17.443869735999115,17.388522148660467,17.443869735999115,76900
2024-09-16,17.46232032775879,17.471545219320877,17.434645653072526,17.471545219320877,91200
2024-09-17,17.397747039794922,17.443869735999115,17.397747039794922,17.443869735999115,86700
2024-09-18,17.397747039794922,17.53611688787558,17.379297257526016,17.462319518268025,116300
2024-09-19,17.453096389770508,17.48999419856666,17.397748796842155,17.443871497704407,116700
2024-09-20,17.46232032775879,17.480770110882965,17.416195869948353,17.480770110882965,93100
2024-09-23,17.434646606445312,17.45309639057837,17.425421714378786,17.45309639057837,58600
2024-09-24,17.526891708374023,17.526891708374023,17.434644558015286,17.434644558015286,109800
2024-09-25,17.453096389770508,17.54534355096327,17.425421713572202,17.53611865889717,87800
2024-09-26,17.50844383239746,17.51766872438437,17.434646455970416,17.49921894041055,342900
2024-09-27,17.554569244384766,17.56379413687198,17.508444781948704,17.56379413687198,70300
2024-09-30,17.471546173095703,17.536118658087176,17.434646604833,17.536118658087176,159700
2024-10-01,17.37929916381836,17.416196972935328,17.36084937952574,17.37929916381836,112000
2024-10-02,17.30550193786621,17.37007442398834,17.30550193786621,17.37007442398834,130500
2024-10-03,17.250154495239258,17.277827412695242,17.231704710623067,17.277827412695242,69100
2024-10-04,17.15790557861328,17.18557849324194,17.139455795882093,17.139455795882093,130900
2024-10-07,17.15790557861328,17.194803384607532,17.148680687247687,17.167130469978876,62900
2024-10-08,17.167131423950195,17.18557944823841,17.139456748315542,17.176356315828414,41900
2024-10-09,17.093332290649414,17.13945498582939,17.093332290649414,17.121005203970185,51900
2024-10-10,17.093332290649414,17.121005203970185,17.0472078360014,17.084107399719812,23200
2024-10-11,17.11178207397461,17.121006965853525,17.065659374048252,17.065659374048252,39000
2024-10-14,17.056432723999023,17.084107396783075,17.03798294214299,17.084107396783075,28700
2024-10-15,17.03798484802246,17.084109307822057,17.02875995606254,17.06565952390222,82500
2024-10-16,16.99186134338379,17.05643382457846,16.98263645186053,17.01031112643031,38400
2024-10-17,16.936513900756836,16.964186816098724,16.936513900756836,16.95496192449537,180400
2024-10-18,17.010311126708984,17.037984041811065,16.98263645213875,17.00108623518557,72800
2024-10-21,16.936513900756836,17.00108638251213,16.918064117550134,17.00108638251213,94400
2024-10-22,16.899614334106445,16.927289008916112,16.881164550900003,16.91806411731289,61500
2024-10-23,16.853492736816406,16.871942521228416,16.825818060198394,16.871942521228416,46100
2024-10-24,16.91806411743164,16.91806411743164,16.862716527280085,16.890389442621778,29300
2024-10-25,16.862716674804688,16.936514048808437,16.862716674804688,16.936514048808437,41800
2024-10-28,16.88116455078125,16.890389442384407,16.8627165270431,16.871941418646262,22000
2024-10-29,16.853492736816406,16.871942521228416,16.788920250842658,16.816593167992387,49000
2024-10-30,16.927288055419922,16.936512946503516,16.871940468386427,16.88116360000195,69900
2024-10-31,16.96418571472168,16.96418571472168,16.89961323715867,16.945737692180856,85300
2024-11-01,16.88116455078125,16.945738792003354,16.8627165270431,16.945738792003354,43300
2024-11-04,16.94573974609375,17.001087339360744,16.936514853971204,16.96418777087057,260400
2024-11-05,17.028759002685547,17.037983894129,16.982636304936428,17.019535870710232,30400
2024-11-06,16.733570098876953,16.807367473534196,16.68744739951675,16.733570098876953,356500
2024-11-07,16.88116455078125,16.899614333987564,16.825816960630473,16.83504185223363,143100
2024-11-08,16.76124382019043,16.84426608188806,16.733569146468522,16.84426608188806,157500
2024-11-11,16.67822265625,16.687447548097815,16.65054798070655,16.659772872554367,401700
2024-11-12,16.595199584960938,16.6228742591634,16.558301778825783,16.60442447636176,87200
2024-11-13,16.502952575683594,16.595199731035652,16.502952575683594,16.595199731035652,91100
2024-11-14,16.43838119506836,16.530628356594914,16.429156302968877,16.50295368029647,119400
2024-11-15,16.43838119506836,16.50295368029647,16.43838119506836,16.466055871366805,84100
2024-11-18,16.55830192565918,16.56752505767366,16.502952576763434,16.502952576763434,78400
2024-11-19,16.5490779876709,16.576750904245035,16.530628203642646,16.567526012230907,48400
2024-11-20,16.49372673034668,16.49372673034668,16.438379144123527,16.475278707917656,63300
2024-11-21,16.429155349731445,16.52140250590572,16.401482434506875,16.502952722777234,76900
2024-11-22,16.355358123779297,16.373807907073715,16.318460316658637,16.34613323213209,62500
2024-11-25,16.44760513305664,16.49372783141025,16.410707326267385,16.484504699314055,145600
2024-11-26,16.456829071044922,16.46605396207475,16.41992950692562,16.41992950692562,32100
2024-11-27,16.632099151611328,16.632099151611328,16.549076888466843,16.558301779868245,198800
2024-11-29,16.668996810913086,16.668996810913086,16.604424331140216,16.63209900510064,48800
2024-12-02,16.55830192565918,16.585974840638908,16.49372768528081,16.549077034176555,122000
2024-12-03,16.55830192565918,16.61364951508678,16.549077034176555,16.604424623604157,74300
2024-12-04,16.56752586364746,16.613650323304437,16.530628055390114,16.530628055390114,73200
2024-12-05,16.687448501586914,16.687448501586914,16.62287601443086,16.64132579918068,62800
2024-12-06,16.622875213623047,16.687447697668315,16.60442542976205,16.668997913807317,66600
2024-12-09,16.613651275634766,16.66899887092755,16.595201490714395,16.62287616809495,39900
2024-12-10,16.56752586364746,16.576750755578857,16.530628055390114,16.5583027311843,36700
2024-12-11,16.521404266357422,16.576751862172333,16.502954481263004,16.576751862172333,43900
2024-12-12,16.466054916381836,16.558302072558316,16.373807760205356,16.373807760205356,43200
2024-12-13,16.47528076171875,16.5121785706445,16.456830977521744,16.5121785706445,24000
2024-12-16,16.47528076171875,16.502953678545996,16.44760608542324,16.456830977521744,52000
2024-12-17,16.48450469970703,16.512177614932593,16.466054916577882,16.48450469970703,24000
2024-12-18,16.28156089782715,16.475280105240206,16.272336006096225,16.45683032177835,78400
2024-12-19,16.263111114501953,16.309235573156972,16.24466309050814,16.300010681425967,87000
2024-12-20,16.31846046447754,16.373808055393976,16.272336005823682,16.272336005823682,110200
2024-12-23,16.308748245239258,16.337887167963483,16.250466694434408,16.279607469836833,143200
2024-12-24,16.250465393066406,16.30874693920396,16.250465393066406,16.299033348181034,22300
2024-12-26,16.28931999206543,16.30874717439144,16.240752036250406,16.240752036250406,36700
2024-12-27,16.299034118652344,16.367027406348882,16.289320527170247,16.289320527170247,107700
2024-12-30,16.28931999206543,16.30874717439144,16.260179218576415,16.279606400902424,148400
2024-12-31,16.23103904724121,16.29903418790479,16.21161371687262,16.289320596381422,242600
2025-01-02,16.114479064941406,16.221326715112436,16.085338291437104,16.221326715112436,110700
2025-01-03,16.19218635559082,16.22132712984016,16.143620251186714,16.143620251186714,52700
2025-01-06,16.28931999206543,16.30874717439144,16.250465627413412,16.250465627413412,81400
2025-01-07,16.22132682800293,16.289320113974746,16.22132682800293,16.279606522739044,77600
2025-01-08,16.143619537353516,16.19218563961014,16.12419235537965,16.12419235537965,58000
2025-01-10,16.065914154052734,16.133907444597238,16.056200562163774,16.124193852708277,51900
2025-01-13,16.046485900878906,16.06591308336213,16.017345127154073,16.06591308336213,70900
2025-01-14,16.172758102416992,16.172758102416992,16.09505122890632,16.09505122890632,78600
2025-01-15,16.19218635559082,16.26017964282782,16.13390665977027,16.250466051411372,101400
2025-01-16,16.211612701416016,16.22132629233095,16.15333115592642,16.163044746841354,214900
2025-01-17,16.133907318115234,16.211614199939515,16.133907318115234,16.163046240875463,64500
2025-01-21,16.367027282714844,16.367027282714844,16.26989322130575,16.26989322130575,159700
2025-01-22,16.337886810302734,16.37674117665539,16.32817321871457,16.37674117665539,83800
2025-01-23,16.35731315612793,16.386453929400666,16.299033462260518,16.337885973946104,63900
2025-01-24,16.48358726501465,16.50301444852834,16.415593975394927,16.415593975394927,175300
2025-01-27,16.464160919189453,16.512727022301462,16.44473373687342,16.512727022301462,102800
2025-01-28,16.367027282714844,16.405879795671606,16.367027282714844,16.386454465532285,58400
2025-01-29,16.32817268371582,16.37674064006529,16.32817268371582,16.32817268371582,58600
2025-01-30,16.35731315612793,16.425306441086253,16.31845879176428,16.376740338309755,59200
2025-01-31,16.299034118652344,16.396166328117033,16.289320527170247,16.3184594489384,49400
2025-02-03,16.240753173828125,16.279607541201685,16.163046291759215,16.21161425097616,123800
2025-02-04,16.38645362854004,16.42530613951228,16.289319572092392,16.289319572092392,151600
2025-02-05,16.444734573364258,16.483587087294552,16.43502098171214,16.444734573364258,63100
2025-02-06,16.42530632019043,16.435019911209846,16.376740217771392,16.405879138151594,39800
2025-02-07,16.347599029541016,16.444733084590272,16.347599029541016,16.415592312272093,66100
2025-02-10,16.318458557128906,16.37674010283638,16.3087468188557,16.328172148080153,34900
2025-02-11,16.39616584777832,16.41559303017338,16.34759974446876,16.34759974446876,62300
2025-02-12,16.39616584777832,16.444733803765967,16.318458970876172,16.34759974446876,54800
2025-02-13,16.512727737426758,16.551582103741513,16.386454752260118,16.386454752260118,95900
2025-02-14,16.590435028076172,16.639001134493718,16.580721436257022,16.60014861989532,322600
2025-02-18,16.56129264831543,16.580719830071807,16.541867319237078,16.57100623919362,62000
2025-02-19,16.532154083251953,16.55158126542537,16.483586127818413,16.55158126542537,38600
2025-02-20,16.677854537963867,16.697281720479477,16.58072047806391,16.629288434352937,192200
2025-02-21,16.638999938964844,16.65842712120728,16.609861018279258,16.648713530086063,64500
2025-02-24,16.580720901489258,16.639000597846294,16.580720901489258,16.59043449299512,69800
2025-02-25,16.68756866455078,16.706995847689605,16.62928896781246,16.668141481411954,121100
2025-02-26,16.658428192138672,16.68756896737572,16.61957567783413,16.67785537563004,71500
2025-02-27,16.55158233642578,16.609862034039057,16.52244156128005,16.609862034039057,94100
2025-02-28,16.473873138427734,16.55158186995965,16.464161399664377,16.55158186995965,96200
2025-03-03,16.638999938964844,16.65842712120728,16.580720244915604,16.580720244915604,170200
2025-03-04,16.794416427612305,16.794416427612305,16.677855180704633,16.736134877819385,142300
2025-03-05,17.00811004638672,17.027537229834813,16.920689573548486,16.940116756996577,596600
2025-03-06,17.00811004638672,17.085816927500908,16.99839645466267,17.056676152328766,466700
2025-03-07,17.105243682861328,17.14409619610698,17.056675725456593,17.14409619610698,285400
2025-03-10,17.066389083862305,17.10524344925546,17.03725016249555,17.095529857907174,236300
2025-03-11,17.163522720336914,17.173236311445056,17.11495661747427,17.153809129228772,181700
2025-03-12,17.105243682861328,17.14409619610698,17.076102908418488,17.114957274342277,279100
2025-03-13,17.05667495727539,17.105242912492773,17.01782244577954,17.01782244577954,140000
2025-03-14,17.0858154296875,17.105242611432526,17.07610183881499,17.0858154296875,147200
2025-03-17,17.15380859375,17.163522184554918,17.11495608320833,17.13438141214016,91300
2025-03-18,17.173236846923828,17.18295043833485,17.114957151135822,17.163523255512807,152100
2025-03-19,17.134382247924805,17.144095839203537,17.066388961651786,17.124668656646072,81300
2025-03-20,17.0858154296875,17.0858154296875,17.027535737130446,17.027535737130446,146200
2025-03-21,17.027536392211914,17.06638890451867,17.0178228009657,17.06638890451867,209100
2025-03-24,17.00811004638672,17.046962560604722,16.97896927121458,17.027537229834813,98800
2025-03-25,17.027536392211914,17.06638890451867,17.0178228009657,17.046961722026246,80900
2025-03-26,16.969255447387695,17.008109813752437,16.949830116883483,16.99839622216125,54100
2025-03-27,17.00811004638672,17.056676152328766,16.988682862938628,17.017823638110766,96700
2025-03-28,17.05667495727539,17.085815730405823,17.01782244577954,17.037249627866494,94000
2025-03-31,17.04696273803711,17.05667632986226,17.008110223414715,17.05667632986226,115100
2025-04-01,17.027536392211914,17.05667531327246,16.998395618473275,16.998395618473275,68200
2025-04-02,17.0858154296875,17.124667940499528,17.056674657069962,17.0858154296875,132100
2025-04-03,17.386930465698242,17.503491711063667,17.367503282690983,17.484064528056408,560800
2025-04-04,17.231515884399414,17.386929635682087,17.192663372917774,17.386929635682087,362900
2025-04-07,17.14409637451172,17.24123043765385,17.134382782929688,17.24123043765385,510600
2025-04-08,17.250944137573242,17.280084912502335,17.16352366546413,17.212089771001118,340300
2025-04-09,17.231515884399414,17.41607040880186,17.192663372917774,17.386929635682087,443400
2025-04-10,17.590911865234375,17.629764377871304,17.454923439309844,17.454923439309844,940800
2025-04-11,17.756038665771484,17.872598052771604,17.678331790212052,17.872598052771604,768600
2025-04-14,17.824031829833984,17.824031829833984,17.717184181907648,17.74632495479975,948400
2025-04-15,17.726898193359375,17.785177887847954,17.697757419776043,17.765752558137148,469500
2025-04-16,17.882312774658203,17.901739957946127,17.80460589418468,17.833746669116564,503000
2025-04-17,17.862884521484375,17.88231170360872,17.81431841885157,17.862884521484375,467900
2025-04-21,18.0377254486084,18.057152630725593,18.008586528110666,18.047439039666997,1172000
2025-04-22,17.921167373657227,18.008587846908487,17.911453781887285,18.008587846908487,719000
2025-04-23,17.756038665771484,17.892025234830975,17.7463250747418,17.872598052771604,405000
2025-04-24,17.862884521484375,17.88231170360872,17.81431841885157,17.833745600975917,305600
2025-04-25,17.814319610595703,17.843460385731685,17.77546524374773,17.77546524374773,239800
2025-04-28,17.94059181213379,17.950305403420565,17.8240324220487,17.833746013335475,377000
2025-04-29,17.87259864807129,17.921166604837417,17.87259864807129,17.921166604837417,208100
2025-04-30,17.814319610595703,17.872599308189482,17.814319610595703,17.872599308189482,159300
2025-05-01,17.70747184753418,17.794892319736142,17.688044664227483,17.794892319736142,441500
2025-05-02,17.756038665771484,17.86288446174192,17.7463250747418,17.80460476824186,185700
2025-05-05,17.80460548400879,17.87259877127195,17.765752971006183,17.87259877127195,197900
2025-05-06,17.9017391204834,17.911452711672947,17.833745834834634,17.87259834691475,360900
2025-05-07,17.794891357421875,17.882311824896302,17.794891357421875,17.872598233768247,276100
2025-05-08,17.63947868347168,17.785178853946665,17.62976509174959,17.785178853946665,287700
2025-05-09,17.71718406677246,17.746324839475193,17.69775688497064,17.70747047587155,172000
2025-05-12,17.48406410217285,17.532630205829868,17.43549799851583,17.503491284706897,356400
2025-05-13,17.60062599182129,17.620051322391447,17.503491928257823,17.503491928257823,276700
2025-05-14,17.590911865234375,17.688044073165756,17.581198273905613,17.668618743186343,130700
2025-05-15,17.62005043029785,17.65890479482733,17.610336839165484,17.63947761256259,80400
2025-05-16,17.590911865234375,17.658905151857585,17.561771091248094,17.620050786542546,89800
2025-05-19,17.726898193359375,17.73661178455382,17.6880438285816,17.707471010970487,346600
2025-05-20,17.78517723083496,17.78517723083496,17.70747035682811,17.726897538499326,187900
2025-05-21,17.8337459564209,17.901739242533225,17.8337459564209,17.843459547676673,225000
2025-05-22,17.77546501159668,17.82403296952234,17.765753272689707,17.804605786352077,167300
2025-05-23,17.950305938720703,17.950305938720703,17.853171875634406,17.853171875634406,255000
2025-05-27,17.853172302246094,17.921167444905997,17.843460563115737,17.921167444905997,245500
2025-05-28,17.794891357421875,17.84345931306215,17.78517776629382,17.824032130806042,77000
2025-05-29,17.892024993896484,17.92116576659313,17.862884221199838,17.87259781209872,180000
2025-05-30,17.882312774658203,17.901739957946127,17.843460260760526,17.86288559137028,105700
2025-06-02,18.018299102783203,18.02801269429264,17.950305814895273,17.950305814895273,227600
2025-06-03,17.9017391204834,17.96001881494261,17.9017391204834,17.940591632563514,268400
2025-06-04,17.989160537719727,18.018299460147823,17.940592579209262,17.96001976261345,192500
2025-06-05,17.998872756958008,18.066866041009803,17.989159165996604,18.04743885908699,481800
2025-06-06,17.930877685546875,17.96001845853724,17.901738765234555,17.930877685546875,310300
2025-06-09,17.9697322845459,17.989159466793552,17.921166181604843,17.921166181604843,159700
2025-06-10,17.950305938720703,17.998873896602934,17.950305938720703,17.998873896602934,96000
2025-06-11,18.028013229370117,18.057154004763344,17.979447123059607,17.979447123059607,153700
2025-06-12,18.16400146484375,18.183426795550336,18.1348606897666,18.16400146484375,325700
2025-06-13,18.125146865844727,18.134860457412653,18.047439985979466,18.076580760683246,244700
2025-06-16,18.115432739257812,18.202853208109133,18.105719147976767,18.18342602554704,148100
2025-06-17,17.989160537719727,18.115433524490573,17.979446946017635,18.115433524490573,183200
2025-06-18,17.960018157958984,18.047438622788977,17.95030456712476,18.0085861121301,157500
2025-06-20,17.998872756958008,18.028011677164184,17.9794455750352,18.01829808620278,247600
2025-06-23,18.057153701782227,18.066867293416983,17.89202634934769,17.89202634934769,253100
2025-06-24,18.16400146484375,18.19314038724272,18.105719914689455,18.12514709807422,125600
2025-06-25,18.20285415649414,18.212567748281273,18.115433683088135,18.1348608666624,106700
2025-06-26,18.290273666381836,18.32912803148355,18.261132892555548,18.280560075106408,221500
2025-06-27,18.27084732055664,18.29998809571745,18.231994806353747,18.29998809571745,121600
2025-06-30,18.36798095703125,18.377694548525152,18.28056048626427,18.290274077758173,178800
2025-07-01,18.377695083618164,18.435974781600333,18.348554308287984,18.406835858948348,309400
2025-07-02,18.36798095703125,18.387408140019055,18.309701260745978,18.338840182549543,260600
2025-07-03,18.30970001220703,18.35826611368668,18.2999864213755,18.329127193870097,154400
2025-07-07,18.251420974731445,18.290273486773536,18.212566610011276,18.27084630441345,186600
2025-07-08,18.24170684814453,18.26113217725639,18.193138893669822,18.22227966635465,107100
2025-07-09,18.261133193969727,18.261133193969727,18.23199427234058,18.251421455212096,220100
2025-07-10,18.222280502319336,18.24170768500046,18.183426136957088,18.212566910978772,192600
2025-07-11,18.1737117767334,18.222279731381423,18.1737117767334,18.21256614045182,146500
2025-07-14,18.134859085083008,18.193138777402183,18.134859085083008,18.173711595736453,195400
2025-07-15,18.057153701782227,18.144574173816874,18.028012926877956,18.134860582182117,147300
2025-07-16,18.096006393432617,18.212567641516728,17.99887418148708,18.028013103999463,403900
2025-07-17,18.0377254486084,18.047439039666997,18.008586528110666,18.018298266491204,200900
2025-07-18,18.076580047607422,18.14457333322259,18.066866456422673,18.12514615085309,88500
2025-07-21,18.193140029907227,18.222280804412016,18.134860333575794,18.154287516578986,174900
2025-07-22,18.290273666381836,18.290273666381836,18.193139606305646,18.202853197581074,166000
2025-07-23,18.319414138793945,18.319414138793945,18.23199367143154,18.261132592100296,107000
2025-07-24,18.27084732055664,18.367981385081148,18.26113372883637,18.29998809571745,115000
2025-07-25,18.212566375732422,18.251420739952785,18.19313919362224,18.20285278467733,325700
2025-07-28,18.057153701782227,18.134860582182117,18.04744011014747,18.12514699054736,256200
2025-07-29,17.998872756958008,18.01829808620278,17.969731984073796,17.969731984073796,264400
2025-07-30,17.814319610595703,17.940592597495254,17.814319610595703,17.892026491613468,495800
2025-07-31,17.794891357421875,17.833745721934097,17.775464175165766,17.794891357421875,224700
2025-08-01,18.008586883544922,18.037725804617768,17.950305336043037,18.008586883544922,333900
2025-08-04,18.0377254486084,18.057152630725593,18.008586528110666,18.047439039666997,103300
2025-08-05,18.047439575195312,18.057153166542143,17.98915987979243,18.018298801154813,271500
2025-08-06,18.134859085083008,18.1639998575816,18.096004721751548,18.096004721751548,165900
2025-08-07,18.16400146484375,18.16400146484375,18.09600632299707,18.154287873151368,148800
2025-08-08,18.144573211669922,18.164000393909276,18.125146029430567,18.1542868027896,187600
2025-08-11,18.086294174194336,18.105719504460794,18.05715339977744,18.096005912988495,131500
2025-08-12,18.183425903320312,18.20285308575182,18.09600543505662,18.09600543505662,109800
2025-08-13,18.23199462890625,18.26113355110527,18.21256744565479,18.23199462890625,109800
2025-08-14,18.144573211669922,18.18342572347056,18.125146029430567,18.1542868027896,140300
2025-08-15,18.222280502319336,18.24170768500046,18.212566910978772,18.212566910978772,142400
2025-08-18,18.183425903320312,18.20285308575182,18.164000573566895,18.20285308575182,68500
2025-08-19,18.144573211669922,18.18342572347056,18.134859620550245,18.164000393909276,84300
2025-08-20,18.16400146484375,18.183426795550336,18.144574281458986,18.173713203857954,373400
2025-08-21,18.066865921020508,18.14457279551762,18.066865921020508,18.13485920462073,454600
2025-08-22,18.24170684814453,18.280559359046272,18.05715232649669,18.066865917391635,254700
2025-08-25,18.086294174194336,18.231994340922533,18.086294174194336,18.222280749450235,160800
2025-08-26,18.154287338256836,18.183426259797262,18.144573746850654,18.154287338256836,152300
2025-08-27,18.154287338256836,18.16400092966302,18.076580459685495,18.086294051091677,96000
2025-08-28,18.222280502319336,18.25142127634102,18.183426136957088,18.19313972829765,180400
2025-08-29,18.24170684814453,18.26113217725639,18.193138893669822,18.193138893669822,92000
2025-09-02,18.154287338256836,18.193139851203444,18.125146564038285,18.144573746850654,133000
2025-09-03,18.1737117767334,18.202852549522213,18.144572856622617,18.154286447552224,185600
2025-09-04,18.154287338256836,18.16400092966302,18.125146564038285,18.144573746850654,127200
2025-09-05,18.251420974731445,18.31941426031366,18.251420974731445,18.27084630441345,178000
2025-09-08,18.319414138793945,18.329127729909555,18.28055977433151,18.309700547678336,156500
2025-09-09,18.24170684814453,18.348552642632836,18.24170684814453,18.319413722626038,173200
2025-09-10,18.251420974731445,18.290273486773536,18.251420974731445,18.26113271323341,135200
2025-09-11,18.30970001220703,18.319413603038562,18.280559239712435,18.280559239712435,65700
2025-09-12,18.290273666381836,18.299987257657264,18.24170756268279,18.24170756268279,156600
2025-09-15,18.33884048461914,18.358267667926942,18.31941515398951,18.329128745643413,139800
2025-09-16,18.474828720092773,18.49425590319552,18.406835431911315,18.406835431911315,293700
2025-09-17,18.416545867919922,18.562247878204786,18.406834129733753,18.455400231376693,350300
2025-09-18,18.33884048461914,18.358267667926942,18.280560787373908,18.34855407627304,477300
2025-09-19,18.290273666381836,18.31941444020812,18.280560075106408,18.299987257657264,190700
2025-09-22,18.33884048461914,18.358267667926942,18.29998797068171,18.31941515398951,111800
2025-09-23,18.36798095703125,18.377694548525152,18.329128443733783,18.358267365537348,107300
2025-09-24,18.24170684814453,18.27084576815133,18.24170684814453,18.26113217725639,133800
2025-09-25,18.125146865844727,18.202853745709987,18.105719682708873,18.183426562574134,179200
2025-09-26,18.20285415649414,18.20285415649414,18.15428805023667,18.164001642023802,62700
2025-09-29,18.23199462890625,18.270847142731,18.22228103728052,18.24170822053198,90000
2025-09-30,18.280559539794922,18.290273130785906,18.24170702850903,18.251420619500013,75000
2025-10-01,18.280559539794922,18.31941390375886,18.251420619500013,18.309700312767877,195100
2025-10-02,18.24170684814453,18.290272949941215,18.202852484564765,18.27084576815133,129700
2025-10-03,18.290273666381836,18.299987257657264,18.270846483830976,18.280560075106408,77300
2025-10-06,18.20285415649414,18.222281340068406,18.17371338113274,18.193140564707004,132300
2025-10-07,18.1057186126709,18.164000158634053,18.1057186126709,18.164000158634053,178400
2025-10-08,18.066865921020508,18.09600484103316,18.028011557432936,18.08629310281429,136100
2025-10-09,17.94059181213379,18.05715305489698,17.930878220847013,18.05715305489698,132400
2025-10-10,18.057153701782227,18.07658088505174,17.96973322974758,17.96973322974758,177200
2025-10-13,17.979446411132812,18.00858718537216,17.9697328197197,18.00858718537216,125400
2025-10-14,18.028013229370117,18.03772682116786,17.979447123059607,17.979447123059607,73100
2025-10-15,18.096006393432617,18.115433576893,18.06686747092023,18.06686747092023,94600
2025-10-16,18.16400146484375,18.173713203857954,18.105719914689455,18.115433506381837,114900
2025-10-17,18.144573211669922,18.164000393909276,18.125146029430567,18.1542868027896,196200
2025-10-20,18.115432739257812,18.154287104382,18.105719147976767,18.154287104382,129400
2025-10-21,18.066865921020508,18.08629310281429,18.047438739226724,18.057152330123614,112200
2025-10-22,18.066865921020508,18.09600484103316,18.03772514832983,18.047438739226724,245800
2025-10-23,18.057153701782227,18.066867293416983,18.037726518512713,18.057153701782227,59300
2025-10-24,18.076580047607422,18.076580047607422,18.047439274053172,18.076580047607422,61100
2025-10-27,18.096006393432617,18.105719985162807,18.06686747092023,18.096006393432617,120900
2025-10-28,18.1057186126709,18.134859385652476,18.076579692367368,18.086293283361226,107500
2025-10-29,18.018299102783203,18.125146756708887,17.98916018093303,18.086294243349275,226200
2025-10-30,17.960018157958984,17.979445339627432,17.94059097629054,17.94059097629054,135200
2025-10-31,17.9017391204834,17.930878041373965,17.9017391204834,17.9211663028625,165600
2025-11-03,17.9017391204834,17.9211663028625,17.853171164535652,17.89202552929385,69600
2025-11-04,17.824031829833984,17.853170750048047,17.81431823886995,17.83374542079802,172800
2025-11-05,17.8337459564209,17.8337459564209,17.7948915913978,17.8337459564209,93200
2025-11-06,17.921167373657227,17.94059270451891,17.872599414807528,17.901740190117348,156700
2025-11-07,17.960018157958984,17.989158930461652,17.95030456712476,17.96973174879321,228800
2025-11-10,17.960018157958984,17.960018157958984,17.921165647300107,17.95030456712476,137600
2025-11-11,17.979446411132812,18.01829892410715,17.9697328197197,17.998873593959043,119900
2025-11-12,17.9697322845459,17.989159466793552,17.921166181604843,17.921166181604843,74900
2025-11-13,18.028013229370117,18.066867596561085,17.998874306655093,17.998874306655093,116900
2025-11-14,18.018299102783203,18.04743987731152,17.98916018093303,18.04743987731152,93800
2025-11-17,17.9697322845459,17.989159466793552,17.95030510229825,17.979445875669725,96400
2025-11-18,17.9697322845459,17.989159466793552,17.94059151117442,17.9697322845459,50600
2025-11-19,17.843460083007812,17.911453371160043,17.833746491460616,17.901739779612846,200300
2025-11-20,17.8337459564209,17.8725984687659,17.824032365165124,17.85317128625435,358700
2025-11-21,17.862884521484375,17.862884521484375,17.804604827789397,17.81431841885157,176400
2025-11-24,17.862884521484375,17.862884521484375,17.824032009913743,17.84345919203809,109100
2025-11-25,17.911453247070312,17.960019351791683,17.89202606411051,17.89202606411051,146300
2025-11-26,17.979446411132812,17.979446411132812,17.8920259410929,17.8920259410929,82600
2025-11-28,18.008586883544922,18.008586883544922,17.940591744792723,17.940591744792723,76000
2025-12-01,18.018299102783203,18.0668670603304,17.99887377244247,18.04743987731152,132500
2025-12-02,18.0377254486084,18.0377254486084,17.979445754934872,18.028011857549803,60800
2025-12-03,18.125146865844727,18.134860457412653,18.076580760683246,18.076580760683246,145900
2025-12-04,18.086294174194336,18.13486027887769,18.076580582722038,18.13486027887769,57000
2025-12-05,18.1057186126709,18.115432203664756,18.06686610137351,18.086293283361226,119700
2025-12-08,18.076580047607422,18.10571896848359,18.05715286523792,18.10571896848359,148300
2025-12-09,18.057153701782227,18.07658088505174,18.037726518512713,18.066867293416983,92800
2025-12-10,18.16400146484375,18.183426795550336,18.066867400598102,18.086294583982866,103800
2025-12-11,18.222280502319336,18.261133015003473,18.222280502319336,18.25142127634102,166200
2025-12-12,18.212566375732422,18.231993557842603,18.19313919362224,18.212566375732422,182100
2025-12-15,18.23199462890625,18.270847142731,18.21256744565479,18.23199462890625,259000
2025-12-16,18.251420974731445,18.30970066913362,18.231993792371362,18.290273486773536,122800
2025-12-17,18.222280502319336,18.25142127634102,18.202853319638212,18.202853319638212,54500
2025-12-18,18.212566375732422,18.241707148897696,18.20285278467733,18.241707148897696,163400
2025-12-19,18.16400146484375,18.202853978935103,18.09600632299707,18.183426795550336,157100
2025-12-22,18.25,18.260000228881836,18.229999542236328,18.229999542236328,141000
2025-12-23,18.299999237060547,18.309999465942383,18.270000457763672,18.280000686645508,117500
2025-12-24,18.290000915527344,18.31999969482422,18.290000915527344,18.31999969482422,147300
2025-12-26,18.290000915527344,18.31999969482422,18.270000457763672,18.299999237060547,88600
2025-12-29,18.290000915527344,18.309999465942383,18.260000228881836,18.309999465942383,126400
2025-12-30,18.25,18.280000686645508,18.239999771118164,18.280000686645508,130600
2025-12-31,18.239999771118164,18.25,18.200000762939453,18.219999313354492,133600
2026-01-02,18.219999313354492,18.260000228881836,18.200000762939453,18.229999542236328,241900
2026-01-05,18.239999771118164,18.260000228881836,18.15999984741211,18.170000076293945,369600
2026-01-06,18.200000762939453,18.229999542236328,18.18000030517578,18.209999084472656,188900
2026-01-07,18.18000030517578,18.209999084472656,18.170000076293945,18.190000534057617,86200
2026-01-08,18.1299991607666,18.15999984741211,18.1200008392334,18.1200008392334,94100
2026-01-09,18.100000381469727,18.110000610351562,18.06999969482422,18.09000015258789,546400
2026-01-12,18.139999389648438,18.170000076293945,18.1299991607666,18.15999984741211,110500
2026-01-13,18.09000015258789,18.139999389648438,18.06999969482422,18.1200008392334,80700
2026-01-14,18.100000381469727,18.139999389648438,18.09000015258789,18.1299991607666,212500
2026-01-15,18.040000915527344,18.059999465942383,18.020000457763672,18.059999465942383,174500
2026-01-16,18.040000915527344,18.09000015258789,18.020000457763672,18.059999465942383,138100
2026-01-20,18.209999084472656,18.239999771118164,18.190000534057617,18.200000762939453,386500
2026-01-21,18.15999984741211,18.229999542236328,18.149999618530273,18.229999542236328,269500
2026-01-22,18.260000228881836,18.270000457763672,18.190000534057617,18.190000534057617,318000
2026-01-23,18.40999984741211,18.420000076293945,18.260000228881836,18.270000457763672,473200
2026-01-26,18.510000228881836,18.540000915527344,18.479999542236328,18.479999542236328,546900
2026-01-27,18.729999542236328,18.770000457763672,18.59000015258789,18.59000015258789,1128000
2026-01-28,18.6299991607666,18.670000076293945,18.559999465942383,18.65999984741211,517000
2026-01-29,18.65999984741211,18.670000076293945,18.56999969482422,18.65999984741211,432800
2026-01-30,18.479999542236328,18.579999923706055,18.469999313354492,18.56999969482422,423800
2026-02-02,18.389999389648438,18.440000534057617,18.360000610351562,18.420000076293945,282500
2026-02-03,18.450000762939453,18.450000762939453,18.389999389648438,18.399999618530273,246800
2026-02-04,18.399999618530273,18.420000076293945,18.3700008392334,18.40999984741211,246100
2026-02-05,18.34000015258789,18.389999389648438,18.329999923706055,18.3799991607666,224100
2026-02-06,18.389999389648438,18.40999984741211,18.3799991607666,18.3799991607666,111100
2026-02-09,18.549999237060547,18.559999465942383,18.510000228881836,18.520000457763672,185200
2026-02-10,18.549999237060547,18.59000015258789,18.530000686645508,18.579999923706055,150700
2026-02-11,18.540000915527344,18.579999923706055,18.5,18.530000686645508,184200
2026-02-12,18.530000686645508,18.559999465942383,18.510000228881836,18.540000915527344,91500
2026-02-13,18.549999237060547,18.549999237060547,18.5,18.530000686645508,92900
2026-02-17,18.5,18.5,18.420000076293945,18.459999084472656,105300
2026-02-18,18.3799991607666,18.459999084472656,18.3799991607666,18.440000534057617,240600
2026-02-19,18.3700008392334,18.3700008392334,18.309999465942383,18.34000015258789,169900
2026-02-20,18.3700008392334,18.399999618530273,18.329999923706055,18.329999923706055,147300
2026-02-23,18.3799991607666,18.43000030517578,18.3799991607666,18.389999389648438,122200
2026-02-24,18.360000610351562,18.3799991607666,18.329999923706055,18.329999923706055,127900
2026-02-25,18.3799991607666,18.40999984741211,18.350000381469727,18.350000381469727,148400
2026-02-26,18.3799991607666,18.40999984741211,18.329999923706055,18.3799991607666,154800
2026-02-27,18.40999984741211,18.420000076293945,18.3799991607666,18.389999389648438,64700
2026-03-02,18.229999542236328,18.270000457763672,18.200000762939453,18.229999542236328,297800
2026-03-03,18.139999389648438,18.15999984741211,18.030000686645508,18.079999923706055,368200
2026-03-04,18.190000534057617,18.200000762939453,18.149999618530273,18.170000076293945,203900
2026-03-05,18.1299991607666,18.149999618530273,18.06999969482422,18.1299991607666,251100
2026-03-06,18.149999618530273,18.18000030517578,18.09000015258789,18.100000381469727,201500
2026-03-09,18.18000030517578,18.209999084472656,18.09000015258789,18.1200008392334,801700
2026-03-10,18.170000076293945,18.260000228881836,18.170000076293945,18.239999771118164,244600
2026-03-11,18.1299991607666,18.18000030517578,18.110000610351562,18.139999389648438,84400
2026-03-12,18.030000686645508,18.079999923706055,18.030000686645508,18.059999465942383,260300
2026-03-13,17.899999618530273,18.0,17.899999618530273,17.989999771118164,306100
2026-03-16,18.010000228881836,18.049999237060547,17.979999542236328,17.989999771118164,325600
2026-03-17,18.049999237060547,18.079999923706055,18.040000915527344,18.059999465942383,202800
2026-03-18,17.950000762939453,18.030000686645508,17.940000534057617,18.0,186500
2026-03-19,18.110000610351562,18.15999984741211,17.969999313354492,17.979999542236328,220300
2026-03-20,18.059999465942383,18.06999969482422,18.020000457763672,18.06999969482422,360200
2026-03-23,18.149999618530273,18.190000534057617,18.100000381469727,18.110000610351562,410200
2026-03-24,18.09000015258789,18.1200008392334,18.049999237060547,18.079999923706055,501800
2026-03-25,18.059999465942383,18.09000015258789,18.040000915527344,18.06999969482422,130700
2026-03-26,17.969999313354492,18.040000915527344,17.969999313354492,18.010000228881836,218100
2026-03-27,17.969999313354492,18.0,17.940000534057617,17.989999771118164,161900
2026-03-30,17.8799991607666,17.920000076293945,17.8700008392334,17.90999984741211,211200
2026-03-31,18.0,18.020000457763672,17.950000762939453,17.959999084472656,378400
2026-04-01,18.049999237060547,18.110000610351562,18.049999237060547,18.079999923706055,101000
2026-04-02,17.979999542236328,18.020000457763672,17.959999084472656,17.959999084472656,155900
2026-04-06,17.989999771118164,18.040000915527344,17.989999771118164,18.010000228881836,88400
2026-04-07,18.06999969482422,18.079999923706055,18.0,18.0,276000
2026-04-08,18.200000762939453,18.260000228881836,18.15999984741211,18.239999771118164,180600
2026-04-09,18.229999542236328,18.25,18.18000030517578,18.209999084472656,67600
2026-04-10,18.239999771118164,18.280000686645508,18.229999542236328,18.280000686645508,77000
2026-04-13,18.290000915527344,18.309999465942383,18.200000762939453,18.209999084472656,113300
2026-04-14,18.360000610351562,18.3799991607666,18.350000381469727,18.360000610351562,48600
2026-04-15,18.3700008392334,18.3700008392334,18.34000015258789,18.360000610351562,36900
2026-04-16,18.329999923706055,18.350000381469727,18.31999969482422,18.350000381469727,57200
2026-04-17,18.350000381469727,18.440000534057617,18.31999969482422,18.40999984741211,280000
2026-04-20,18.350000381469727,18.3799991607666,18.329999923706055,18.329999923706055,496700
2026-04-21,18.270000457763672,18.350000381469727,18.260000228881836,18.350000381469727,75400
2026-04-22,18.260000228881836,18.309999465942383,18.260000228881836,18.290000915527344,46500
2026-04-23,18.229999542236328,18.280000686645508,18.209999084472656,18.239999771118164,81100
2026-04-24,18.280000686645508,18.290000915527344,18.239999771118164,18.239999771118164,82900
2026-04-27,18.299999237060547,18.34000015258789,18.290000915527344,18.31999969482422,105500
2026-04-28,18.270000457763672,18.280000686645508,18.239999771118164,18.260000228881836,126300
2026-04-29,18.219999313354492,18.25,18.190000534057617,18.219999313354492,134800
2026-04-30,18.3799991607666,18.3799991607666,18.290000915527344,18.290000915527344,183900
2026-05-01,18.34000015258789,18.43000030517578,18.34000015258789,18.389999389648438,165300
2026-05-04,18.309999465942383,18.34000015258789,18.280000686645508,18.329999923706055,645000
2026-05-05,18.290000915527344,18.329999923706055,18.290000915527344,18.290000915527344,50400
2026-05-06,18.3799991607666,18.40999984741211,18.3700008392334,18.3799991607666,134200
2026-05-07,18.350000381469727,18.43000030517578,18.350000381469727,18.420000076293945,89100
2026-05-08,18.40999984741211,18.420000076293945,18.389999389648438,18.399999618530273,141700
2026-05-11,18.40999984741211,18.420000076293945,18.389999389648438,18.399999618530273,196600
2026-05-12,18.34000015258789,18.350000381469727,18.299999237060547,18.34000015258789,81500
2026-05-13,18.309999465942383,18.309999465942383,18.290000915527344,18.290000915527344,143400
2026-05-14,18.229999542236328,18.290000915527344,18.229999542236328,18.270000457763672,134800
2026-05-15,18.149999618530273,18.18000030517578,18.149999618530273,18.170000076293945,471900
2026-05-18,18.219999313354492,18.219999313354492,18.18000030517578,18.219999313354492,95100
2026-05-19,18.149999618530273,18.170000076293945,18.1299991607666,18.149999618530273,130900
2026-05-20,18.200000762939453,18.219999313354492,18.139999389648438,18.139999389648438,149400
2026-05-21,18.190000534057617,18.200000762939453,18.1299991607666,18.1299991607666,99400
2026-05-22,18.18000030517578,18.18000030517578,18.149999618530273,18.170000076293945,160200
2026-05-26,18.190000534057617,18.200000762939453,18.170000076293945,18.190000534057617,106900
2026-05-27,18.190000534057617,18.219999313354492,18.170000076293945,18.200000762939453,70900
2026-05-28,18.229999542236328,18.229999542236328,18.18000030517578,18.190000534057617,130200
2026-05-29,18.25,18.270000457763672,18.209999084472656,18.219999313354492,80200
2026-06-01,18.200000762939453,18.209999084472656,18.15999984741211,18.200000762939453,125500
2026-06-02,18.190000534057617,18.209999084472656,18.170000076293945,18.200000762939453,51200
2026-06-03,18.1299991607666,18.149999618530273,18.1200008392334,18.149999618530273,54800
2026-06-04,18.149999618530273,18.190000534057617,18.149999618530273,18.190000534057617,13700
2026-06-05,18.030000686645508,18.1200008392334,18.030000686645508,18.110000610351562,94700
2026-06-08,18.059999465942383,18.079999923706055,18.049999237060547,18.06999969482422,40200
2026-06-09,18.059999465942383,18.110000610351562,18.040000915527344,18.100000381469727,37900
2026-06-10,18.049999237060547,18.09000015258789,18.049999237060547,18.079999923706055,21700
2026-06-11,18.110000610351562,18.1299991607666,18.0,18.049999237060547,88000
2026-06-12,18.100000381469727,18.1200008392334,18.09000015258789,18.100000381469727,93200
2026-06-15,18.1200008392334,18.15999984741211,18.1200008392334,18.149999618530273,67600
2026-06-16,18.139999389648438,18.15999984741211,18.1200008392334,18.1299991607666,59300
2026-06-17,17.969999313354492,18.139999389648438,17.959999084472656,18.1299991607666,58400
2026-06-18,17.920000076293945,17.959999084472656,17.889999389648438,17.93000030517578,100900
2026-06-22,17.8700008392334,17.90999984741211,17.8700008392334,17.8700008392334,157200
2026-06-23,17.809999465942383,17.850000381469727,17.799999237060547,17.850000381469727,62500
2026-06-24,17.770000457763672,17.790000915527344,17.75,17.75,150200
2026-06-25,17.799999237060547,17.829999923706055,17.780000686645508,17.780000686645508,177400
