Date,Close,High,Low,Open,Volume
2016-01-04,21.461441040039062,21.544981415526745,21.411315858706374,21.428024252483937,1136200
2016-01-05,21.586750030517578,21.63687361664817,21.561687440752245,21.57004163734069,1524800
2016-01-06,21.52827262878418,21.611813002746963,21.511564235311603,21.603458806010675,1032100
2016-01-07,21.31106948852539,21.478148652417204,21.302715291320773,21.436379259794297,4223300
2016-01-08,21.352840423583984,21.453089203880758,21.352840423583984,21.411318214840307,2147600
2016-01-11,21.453086853027344,21.461441049919973,21.37790067439383,21.42802426234946,2310300
2016-01-12,21.486501693725586,21.544981071011943,21.444732303349724,21.478147496970394,2911700
2016-01-13,21.453086853027344,21.528273031660863,21.453086853027344,21.519918834768234,1176400
2016-01-14,21.511566162109375,21.544982952047683,21.419671583179277,21.444734175633005,1238700
2016-01-15,21.461441040039062,21.478147840416494,21.361192270773817,21.369546467662598,4286300
2016-01-19,21.503210067749023,21.536626854739517,21.45308648066339,21.536626854739517,1620600
2016-01-20,21.511566162109375,21.52827455707853,21.444734175633005,21.486503569655646,1599100
2016-01-21,21.486501693725586,21.611813051653385,21.469794893615305,21.586750461387805,1752900
2016-01-22,21.603456497192383,21.61181069303584,21.51991613215778,21.536624523844687,1102500
2016-01-25,21.53662872314453,21.578398117106236,21.528274525672142,21.54498292061692,431700
2016-01-26,21.494855880737305,21.553333664597048,21.486501683985896,21.544981061245746,722100
2016-01-27,21.478151321411133,21.511568114382165,21.44473612184049,21.461444518326005,1386700
2016-01-28,21.377899169921875,21.428022754350057,21.344482384703074,21.411314361740658,1931000
2016-01-29,21.603456497192383,21.653580078853174,21.57003971381857,21.57003971381857,1775200
2016-02-01,21.461441040039062,21.528273021749182,21.45308684315028,21.51156462797162,1233300
2016-02-02,21.444732666015625,21.494856253994353,21.41967007532619,21.444732666015625,675700
2016-02-03,21.077159881591797,21.31107265790807,21.010327887415777,21.31107265790807,2496900
2016-02-04,20.935136795043945,20.993614577086518,20.893367405984982,20.94349099153575,2113400
2016-02-05,21.027034759521484,21.093866748851138,21.001972165997746,21.043743155203977,1477100
2016-02-08,20.976909637451172,21.09386521190635,20.93513865128847,21.09386521190635,905600
2016-02-09,20.826536178588867,20.868305569154302,20.742995804057884,20.818181981795757,1361400
2016-02-10,20.784765243530273,20.97690858342369,20.768058443304856,20.8766598150706,1109000
2016-02-11,20.726285934448242,20.759702719240902,20.651099762064753,20.69287074305558,2050000
2016-02-12,20.818185806274414,20.868309402841092,20.793123211290872,20.83489420293011,1285800
2016-02-16,21.001970291137695,21.027032882424077,20.935138307774174,20.94349250486964,779200
2016-02-17,20.993616104125977,21.052095483822292,20.968555106227726,21.043741286722817,688400
2016-02-18,21.001970291137695,21.052095473710462,20.96855509615602,21.052095473710462,535800
2016-02-19,20.94349479675293,21.05209777747837,20.935140598743256,21.043743579468693,2762000
2016-02-22,21.102218627929688,21.143988019145883,21.093864431006423,21.135633822222616,764700
2016-02-23,21.11057472229004,21.152344117260505,21.08551212926759,21.12728311763834,588700
2016-02-24,21.127281188964844,21.19411317085678,21.068801810584283,21.18575897394527,1143800
2016-02-25,21.11057472229004,21.177406710282952,21.077157931593444,21.160698314934653,1267000
2016-02-26,21.252592086791992,21.294361480172157,21.185760101343597,21.20246690265553,1476000
2016-02-29,21.294363021850586,21.327779813694217,21.269300427967863,21.327779813694217,782000
2016-03-01,21.302715301513672,21.369547285782414,21.302715301513672,21.31106949872229,1250000
2016-03-02,21.286008834838867,21.36954922109058,21.26930043890846,21.352840825160172,946900
2016-03-03,21.152341842651367,21.252590610560663,21.127280845724126,21.24423641378488,933200
2016-03-04,21.09386444091797,21.143988029080983,21.02703245890057,21.13563383215379,919100
2016-03-07,21.052095413208008,21.169050985408,21.027032821993654,21.160696788336548,834700
2016-03-08,21.060447692871094,21.085510283699872,21.001969907670762,21.010324104613687,413600
2016-03-09,21.068801879882812,21.152342255872544,21.010324094710043,21.143988058933555,637500
2016-03-10,20.85995101928711,21.068801155379532,20.793119039473538,21.068801155379532,1419000
2016-03-11,20.843246459960938,20.910078446958718,20.793121274662408,20.88501585430945,1090600
2016-03-14,20.926782608032227,20.96019939401458,20.876659022458753,20.910075808441107,1779800
2016-03-15,20.94349479675293,20.968557390781957,20.918433796124248,20.935140598743256,944300
2016-03-16,20.71793556213379,21.027034504915918,20.701228760053905,21.001971911695648,2988300
2016-03-17,20.534147262573242,20.57591665638953,20.50073206620026,20.550855657459852,1744500
2016-03-18,20.58426856994629,20.609331159495433,20.52579078773168,20.559207573797206,2202900
2016-03-21,20.65110206604004,20.66781046030047,20.60933267378914,20.60933267378914,1761900
2016-03-22,20.70958137512207,20.73464237302683,20.676164586715498,20.701227178020428,1180700
2016-03-23,20.818185806274414,20.843248401257956,20.784769012963025,20.784769012963025,1560900
2016-03-24,20.826536178588867,20.859951372361195,20.809827785002646,20.851597175568084,809400
2016-03-28,20.784765243530273,20.79311944034304,20.75135004967932,20.768058443304856,856100
2016-03-29,20.600976943969727,20.793118683469025,20.58426855095238,20.768057687343067,2853300
2016-03-30,20.534147262573242,20.57591665638953,20.475669473870347,20.57591665638953,3034800
2016-03-31,20.500728607177734,20.500728607177734,20.417188240240424,20.467311823042824,1858700
2016-04-01,20.49237823486328,20.59262541917343,20.467315642085612,20.5341476294258,1064500
2016-04-04,20.475669860839844,20.500732453643415,20.442253070435083,20.45896146563746,822700
2016-04-05,20.49237823486328,20.567564419796025,20.458961444493056,20.500732432455838,1372300
2016-04-06,20.450605392456055,20.517437373735973,20.408836001681152,20.50908317690097,2582100
2016-04-07,20.475669860839844,20.492378256042226,20.425546268632967,20.475669860839844,932800
2016-04-08,20.400482177734375,20.450605766260463,20.36706538978355,20.425544768697492,797900
2016-04-11,20.350360870361328,20.36706767280932,20.291883078292525,20.36706767280932,1338500
2016-04-12,20.350360870361328,20.42554705827845,20.333652474513006,20.358715068285488,1052700
2016-04-13,20.509082794189453,20.534145384226782,20.45895920751488,20.45895920751488,1139800
2016-04-14,20.559207916259766,20.57591471617076,20.517436932982065,20.542499522948685,1303700
2016-04-15,20.500728607177734,20.52578960187895,20.450603430975367,20.517435405845223,1007700
2016-04-18,20.458959579467773,20.492376366791746,20.42554438554392,20.492376366791746,724900
2016-04-19,20.35871124267578,20.375418041984396,20.32529445725849,20.35035704632146,1030800
2016-04-20,20.475669860839844,20.475669860839844,20.35871428122371,20.383775280627013,1428700
2016-04-21,20.475669860839844,20.492378256042226,20.375421083025824,20.383775280627013,1002600
2016-04-22,20.592626571655273,20.60933496777548,20.50908618445457,20.550857174755098,1517300
2016-04-25,20.52579116821289,20.534145364884132,20.484021778256775,20.534145364884132,676400
2016-04-26,20.46731185913086,20.484020251227776,20.38377149204625,20.400479884143166,881700
2016-04-27,20.442251205444336,20.525791580434408,20.367065027293286,20.42554440516642,1056700
2016-04-28,20.275171279907227,20.358711651728942,20.275171279907227,20.342003258684585,1081600
2016-04-29,20.13315200805664,20.17492139494847,20.124797811998278,20.14986040017336,2024500
2016-05-02,20.057968139648438,20.10809172835297,20.024551351578644,20.099737531335524,3467800
2016-05-03,20.116445541381836,20.1331539350978,20.01619677248619,20.024550969344173,3855300
2016-05-04,20.191631317138672,20.208339710521514,20.133153533698813,20.158214530372984,2898800
2016-05-05,20.291881561279297,20.316942559777903,20.241756377481668,20.25011057478127,1761200
2016-05-06,20.31694221496582,20.34200480643928,20.25846442826126,20.275172822576902,2125600
2016-05-09,20.37541961669922,20.383773813699197,20.342004422099464,20.35871281609942,2404200
2016-05-10,20.392127990722656,20.40883638470624,20.342004402172048,20.383773793730864,1076200
2016-05-11,20.291881561279297,20.333650954377113,20.26681896938048,20.333650954377113,924700
2016-05-12,20.367069244384766,20.375423442953558,20.29188464406653,20.31694564637246,721700
2016-05-13,20.458959579467773,20.517437363884607,20.45060538263678,20.45060538263678,1182800
2016-05-16,20.450605392456055,20.467313786126066,20.417190198516156,20.44225119562105,554100
2016-05-17,20.450605392456055,20.458959589291062,20.400481804846148,20.450605392456055,662200
2016-05-18,20.592626571655273,20.60933496777548,20.4673167875544,20.50908618445457,1650600
2016-05-19,20.62604331970215,20.64275012238621,20.58427232949112,20.634397517744354,2701700
2016-05-20,20.62604331970215,20.651104320428416,20.592626527533326,20.600980725575532,888000
2016-05-23,20.617687225341797,20.65945661831072,20.575916238972667,20.642748223763068,1127200
2016-05-24,20.684518814086914,20.701227208314652,20.65110202563144,20.65945622274531,1107700
2016-05-25,20.62604331970215,20.68452111259724,20.617689121659943,20.676166914555033,1408500
2016-05-26,20.592626571655273,20.61768916583559,20.534148778634886,20.542502976694994,1425600
2016-05-27,20.70958137512207,20.71793397882354,20.64274779830893,20.64274779830893,1906300
2016-05-31,20.75135040283203,20.75135040283203,20.651101632772875,20.692872617547582,1066700
2016-06-01,20.634395599365234,20.692873386823646,20.62604140209972,20.65945659776158,1106000
2016-06-02,20.659454345703125,20.6761627384128,20.61768495732897,20.626039153683806,834700
2016-06-03,20.333650588989258,20.400482572784945,20.325296391839775,20.392128375635462,2995100
2016-06-06,20.333650588989258,20.375419981336496,20.275172802343057,20.350358983288224,941100
2016-06-07,20.300233840942383,20.333650629607067,20.283527040010224,20.308588038108553,1145800
2016-06-08,20.24175453186035,20.250108728398228,20.199985142571023,20.225046138784595,1564500
2016-06-09,20.333650588989258,20.350358983288224,20.30858799754081,20.31694219469029,1355200
2016-06-10,20.46731185913086,20.492374447276234,20.375417295997792,20.38377149204625,1867100
2016-06-13,20.41718864440918,20.475666424402903,20.383771859612764,20.4673122282038,1033900
2016-06-14,20.54250144958496,20.56756404190215,20.509084659828712,20.509084659828712,1682700
2016-06-15,20.49237823486328,20.5341476294258,20.417192049930538,20.5341476294258,1713800
2016-06-16,20.46731185913086,20.651099391997025,20.450603467033943,20.592621613057787,1753600
2016-06-17,20.37541961669922,20.44225159929888,20.35871281609942,20.400482207699152,1038700
2016-06-20,20.258464813232422,20.283527405182145,20.22504802396612,20.22504802396612,1573700
2016-06-21,20.35871124267578,20.35871124267578,20.291879265241228,20.291879265241228,812800
2016-06-22,20.26681900024414,20.308588393405564,20.208341212458063,20.258464802931815,1529300
2016-06-23,20.174922943115234,20.233400726611205,20.149861946417015,20.15821454971636,2863000
2016-06-24,20.70122718811035,20.742996580238753,20.550854827007825,20.73464238313304,5926400
2016-06-27,20.87666130065918,20.93513908910973,20.826537709615884,20.834891907023138,4645600
2016-06-28,20.77641487121582,20.859953661514165,20.77641487121582,20.77641487121582,5571900
2016-06-29,20.70958137512207,20.726288175925184,20.667810389613855,20.71793397882354,1328200
2016-06-30,20.75135040283203,20.85159757949104,20.701226814502526,20.717933615012264,2207400
2016-07-01,20.684518814086914,20.726288206256083,20.64274782851757,20.65945622274531,736500
2016-07-05,20.826536178588867,20.826536178588867,20.69287221669934,20.69287221669934,887000
2016-07-06,20.76805877685547,20.87666015036543,20.759704579908526,20.79311977429615,1914600
2016-07-07,20.818185806274414,20.83489420293011,20.742999614724194,20.75970801137989,548200
2016-07-08,20.826536178588867,20.868305569154302,20.776412591230322,20.79311939141643,1173400
2016-07-11,20.8850154876709,20.901723882477093,20.84324609405565,20.851598698058517,1126300
2016-07-12,20.868305206298828,20.868305206298828,20.809827423163977,20.834890013107522,659100
2016-07-13,20.818185806274414,20.82654000460226,20.768062209707736,20.818185806274414,1157000
2016-07-14,20.76805877685547,20.809828168190037,20.759704579908526,20.79311977429615,884500
2016-07-15,20.851598739624023,20.88501552930302,20.80982934592551,20.834891938184757,2601900
2016-07-18,20.868305206298828,20.876659402946675,20.834890013107522,20.876659402946675,488400
2016-07-19,20.96855354309082,20.993614539120856,20.95184515013743,20.95184515013743,1071200
2016-07-20,20.985261917114258,21.027031306060007,20.968553524175938,21.018677109590847,1111200
2016-07-21,20.951845169067383,21.01867714754128,20.951845169067383,20.976907758520113,614200
2016-07-22,21.060447692871094,21.077156086756943,20.976908910242127,20.98526310718505,1118300
2016-07-25,21.027034759521484,21.068804155327403,21.018680561680238,21.052097353045223,1383800
2016-07-26,21.001970291137695,21.010324488233156,20.9518467019651,20.98526349034694,1717400
2016-07-27,20.901721954345703,21.0688011067943,20.89336775771326,21.001969127134842,1522600
2016-07-28,20.893369674682617,20.901723872081558,20.826537688891317,20.85159868768791,1165900
2016-07-29,20.60933494567871,20.709583728892138,20.592626549576412,20.692875332789843,3306200
2016-08-01,20.667810440063477,20.68451883430755,20.642747848697372,20.67616463718551,705500
2016-08-02,20.52579116821289,20.559207954897857,20.50908277487041,20.550853758226616,1902300
2016-08-03,20.64274787902832,20.64274787902832,20.584270092488325,20.600978486756947,1459400
2016-08-04,20.676164627075195,20.692873021311097,20.651102035721344,20.667810429957246,349800
2016-08-05,20.784765243530273,20.851597224632297,20.75970424649209,20.818182030781344,834700
2016-08-08,20.80147361755371,20.826536207968395,20.80147361755371,20.826536207968395,601800
2016-08-09,20.75970458984375,20.809828178149246,20.742996195941867,20.801473981198306,671700
2016-08-10,20.65110206604004,20.676164657430686,20.62604106804957,20.634395265179787,1372100
2016-08-11,20.70958137512207,20.71793397882354,20.64274779830893,20.676164586715498,740500
2016-08-12,20.676164627075195,20.676164627075195,20.600978446413816,20.60933264353177,745900
2016-08-15,20.64274787902832,20.659456273296943,20.617686881025566,20.659456273296943,539000
2016-08-16,20.458959579467773,20.5257915607156,20.45060538263678,20.517437363884607,1974600
2016-08-17,20.475669860839844,20.53414765064791,20.408837873430585,20.492378256042226,1490000
2016-08-18,20.325292587280273,20.41718714532326,20.316938391694556,20.408832949737548,1147700
2016-08-19,20.400482177734375,20.43389737228505,20.400482177734375,20.425544768697492,1072200
2016-08-22,20.425546646118164,20.44225344822904,20.40048405285141,20.433899250473452,1017400
2016-08-23,20.408838272094727,20.417192469859106,20.375421481037204,20.392129876565964,1427500
2016-08-24,20.46731185913086,20.500728643324692,20.450603467033943,20.4589576630824,1047400
2016-08-25,20.46731185913086,20.475666055179317,20.433895074937027,20.442249270985485,987200
2016-08-26,20.617687225341797,20.642748223763068,20.350359286180186,20.425545468244415,2873900
2016-08-29,20.634395599365234,20.692873386823646,20.62604140209972,20.68451918955813,1152900
2016-08-30,20.742996215820312,20.76805880669715,20.69287262746678,20.701226824425728,4898800
2016-08-31,20.734642028808594,20.776413013623362,20.717933634882684,20.76805881666041,2955800
2016-09-01,20.659454345703125,20.776411501270815,20.651100149348288,20.75970310856114,1397600
2016-09-02,20.70958137512207,20.726288175925184,20.609332603302526,20.61768680040417,2454100
2016-09-06,20.46731185913086,20.659453588045483,20.46731185913086,20.651099391997025,3033400
2016-09-07,20.500728607177734,20.52578960187895,20.450603430975367,20.467311823042824,1175200
2016-09-08,20.52579116821289,20.542499561555374,20.400481404944454,20.417189798286937,1295000
2016-09-09,20.58426856994629,20.63439374904458,20.575914373429907,20.59262276646267,1208100
2016-09-12,20.550857543945312,20.60098113980605,20.50073394808458,20.584272743385675,1337500
2016-09-13,20.634395599365234,20.65945659776158,20.56756361464131,20.609333007568686,771400
2016-09-14,20.58426856994629,20.642746352160902,20.550853377280824,20.63439374904458,413600
2016-09-15,20.575916290283203,20.626041474051156,20.550855291799433,20.592624684872522,994000
2016-09-16,20.742996215820312,20.75135041277926,20.67616423354889,20.701226824425728,1459600
2016-09-19,20.69287109375,20.69287109375,20.651100112051257,20.676162701070503,2601000
2016-09-20,20.726285934448242,20.734640130646408,20.69287074305558,20.701224939253745,2403400
2016-09-21,20.634395599365234,20.742996977016542,20.592624613037653,20.71793438521999,1220700
2016-09-22,20.60933494567871,20.60933494567871,20.51744036051643,20.534148756618727,1275800
2016-09-23,20.617687225341797,20.651102421036896,20.600978830794144,20.642748223763068,632200
2016-09-26,20.575916290283203,20.575916290283203,20.534146897210118,20.559209489094094,362400
2016-09-27,20.592626571655273,20.651104364675657,20.584272373595166,20.626043363895693,317200
2016-09-28,20.60933494567871,20.667812738636396,20.592626549576412,20.61768914372986,259900
2016-09-29,20.62604331970215,20.651104320428416,20.575918131448915,20.64275012238621,958900
2016-09-30,20.617687225341797,20.651102421036896,20.58427043624649,20.617687225341797,1338600
2016-10-03,20.659454345703125,20.684516934767636,20.634393350038643,20.634393350038643,732500
2016-10-04,20.75135040283203,20.82653658202636,20.701226814502526,20.776412993696855,1735000
2016-10-05,20.77641487121582,20.809830068655103,20.751352278086145,20.759706475796037,4292500
2016-10-06,20.8850154876709,20.910078079880186,20.834891896652554,20.84324609405565,1200900
2016-10-07,20.851598739624023,20.943493317841032,20.834891938184757,20.859952937043772,2114200
2016-10-10,20.935136795043945,20.951845188027555,20.893367405984982,20.92678259855214,818600
2016-10-11,21.09386444091797,21.118927031699545,21.001969868118994,21.010324065046188,2256000
2016-10-12,21.152341842651367,21.17740443297872,21.102218255396775,21.143987645875583,1502100
2016-10-13,21.077159881591797,21.13563767732076,21.060451484697683,21.110576675380017,919700
2016-10-14,21.185760498046875,21.194114695559385,21.110574313834544,21.14398951048433,689500
2016-10-17,21.13563346862793,21.16905025576194,21.118926668461036,21.160696058978438,945200
2016-10-18,21.152341842651367,21.16069603942715,21.11057245217256,21.1356334490998,1219300
2016-10-19,21.160696029663086,21.169050226435015,21.11892663920355,21.143987636119228,1853000
2016-10-20,21.227529525756836,21.252592117861706,21.1941143296839,21.202466933651966,676300
2016-10-21,21.302715301513672,21.336132090348137,21.294361104305054,21.302715301513672,3574000
2016-10-24,21.327775955200195,21.34448275469918,21.286004972952615,21.294359169402128,721000
2016-10-25,21.319421768188477,21.402962139320575,21.294359178828834,21.386253746414145,1204400
2016-10-26,21.31106948852539,21.31106948852539,21.23588330708401,21.260945898697866,833800
2016-10-27,21.352840423583984,21.377903017008254,21.28600843451957,21.30271683013575,1390300
2016-10-28,21.227529525756836,21.33613249814438,21.210821131020253,21.33613249814438,1992400
2016-10-31,21.235881805419922,21.311067981544625,21.235881805419922,21.286005391703032,1010000
2016-11-01,21.127281188964844,21.17740477703376,21.0855102044073,21.169050580122253,2885900
2016-11-02,21.052095413208008,21.060448016879292,20.98526343003656,21.043741216136556,1744300
2016-11-03,20.993616104125977,21.052095483822292,20.968555106227726,21.035387089623345,1328500
2016-11-04,20.935136795043945,21.010322970070124,20.935136795043945,21.001968773578323,940800
2016-11-07,21.11057472229004,21.143989919586357,21.09386632694174,21.09386632694174,2672900
2016-11-08,21.169052124023438,21.169052124023438,21.093865939736514,21.110574334778107,913400
2016-11-09,21.302715301513672,21.302715301513672,21.19411392460204,21.202466528410465,2429100
2016-11-10,21.344484329223633,21.40296370868411,21.302714937294883,21.361192723355195,2705400
2016-11-11,21.377899169921875,21.402961758835975,21.311067192884295,21.319421389188992,1098700
2016-11-14,21.586750030517578,21.63687361664817,21.5533332441638,21.578395833929132,7033900
2016-11-15,21.620168685913086,21.65358547761852,21.586753487607982,21.620168685913086,4443000
2016-11-16,21.678646087646484,21.72041548005575,21.628520904675145,21.645229298998927,3750500
2016-11-17,21.803956985473633,21.803956985473633,21.64523041799241,21.64523041799241,2053000
2016-11-18,21.87914276123047,21.920912155017906,21.820664972567958,21.85408016891786,1549400
2016-11-21,21.79560089111328,21.86243287264716,21.770538300513028,21.812309284846783,3162100
2016-11-22,21.829015731811523,21.887495108932114,21.795600538285573,21.8123089317486,2045200
2016-11-23,21.962684631347656,22.012808225971177,21.92926783933175,21.97103723595129,2362100
2016-11-25,21.920909881591797,21.929264078162916,21.854077902422922,21.879140492136276,3108300
2016-11-28,21.8624324798584,21.92926446019155,21.854078283141742,21.920910263474894,2102900
2016-11-29,21.81230926513672,21.90420224378769,21.787246674559114,21.89584804692849,1772200
2016-11-30,21.92926597595215,21.987743763610656,21.879142385587745,21.89584918677574,3417000
2016-12-01,21.81230926513672,21.929264834365295,21.803955068277517,21.887495443469412,1638200
2016-12-02,21.762187957763672,21.803958949495133,21.745481154471495,21.778896354456254,1791600
2016-12-05,21.620168685913086,21.70370907177634,21.561690893828906,21.687000675923624,4654700
2016-12-06,21.703710556030273,21.72041895302563,21.645232759946964,21.67029535544,2478800
2016-12-07,21.63687515258789,21.686998742276614,21.628520955406405,21.686998742276614,1903600
2016-12-08,21.829015731811523,21.862432518737574,21.75383114802811,21.78724634155406,2135000
2016-12-09,21.920909881591797,21.971033467618437,21.895847291878443,21.912555685020678,1499800
2016-12-12,21.79560089111328,21.870787069513913,21.770538300513028,21.820663481713535,1717500
2016-12-13,21.82066535949707,21.837372161268153,21.753833372211943,21.803956964325724,1766700
2016-12-14,22.029516220092773,22.087994011653453,21.745479866740624,21.787249262598163,3033900
2016-12-15,22.271780014038086,22.355320393263927,22.19659383207485,22.21330222660006,3657600
2016-12-16,22.196590423583984,22.28013078998143,22.13811264512576,22.263422398021948,2103900
2016-12-19,22.263423919677734,22.271778116228464,22.16317674786909,22.221654530324145,1334000
2016-12-20,22.305194854736328,22.36367263706634,22.27177806860486,22.35531844053347,2896300
2016-12-21,22.238361358642578,22.26342235313131,22.188236182865204,22.21329877075389,1278800
2016-12-22,22.263423919677734,22.271778116228464,22.146468354767627,22.21330033377341,1713900
2016-12-23,22.24671745300293,22.280134242099543,22.213302257306527,22.263425847551236,909600
2016-12-27,22.238361358642578,22.26342235313131,22.238361358642578,22.26342235313131,655300
2016-12-28,22.296842575073242,22.363674559681694,22.271779983319995,22.330257770677367,1247400
2016-12-29,22.17153549194336,22.24672008952065,22.16318129367913,22.24672008952065,1331900
2016-12-30,22.104700088500977,22.104700088500977,22.012807101950166,22.08799328674645,1767900
2017-01-03,22.305194854736328,22.413796222863482,22.230008679340582,22.313547457869134,3455500
2017-01-04,22.13811492919922,22.213301107374168,22.113052338674194,22.19659271369082,3534000
2017-01-05,21.90420150756836,22.037865466022776,21.87078631465479,22.029512862844438,4269600
2017-01-06,22.062929153442383,22.08799174442454,21.97103457990797,22.04622075945428,3202700
2017-01-09,22.004451751708984,22.08799212970655,21.97938916028966,22.071283735427,3506100
2017-01-10,22.01280403137207,22.037865027208216,21.937617857063547,21.996095638547946,2060000
2017-01-11,21.962684631347656,22.23001259387355,21.862435848700276,22.138118009230148,4496600
2017-01-12,21.87914276123047,21.912557957580372,21.76218559050521,21.829017576605256,2173900
2017-01-13,21.85407829284668,21.954327060090975,21.829015702685584,21.870786686287413,1828400
2017-01-17,21.65358543395996,21.695354830107206,21.645231236050446,21.661939631869476,3444500
2017-01-18,21.85407829284668,21.870786686287413,21.69535174195992,21.737122725561754,3939800
2017-01-19,21.82066535949707,21.95432933406732,21.812311161911396,21.895849950967605,1595500
2017-01-20,21.7454776763916,21.86243324773242,21.73712347938152,21.8290164596921,11995800
2017-01-23,21.628520965576172,21.712061344030115,21.60345996742012,21.678646148688653,2300900
2017-01-24,21.63687515258789,21.661937744132345,21.5700431685362,21.628520955406405,1638200
2017-01-25,21.561689376831055,21.64522975681673,21.561689376831055,21.62852136213955,2168900
2017-01-26,21.703710556030273,21.74548154851866,21.661941156942323,21.68700215903492,3848100
2017-01-27,21.712060928344727,21.728769322395664,21.661937339592072,21.67864573364301,2262300
2017-01-30,21.670289993286133,21.770537163651966,21.645227403994653,21.76218296722147,1139200
2017-01-31,21.494855880737305,21.536626864494337,21.453086490380375,21.528272667742932,3570300
2017-02-01,21.511566162109375,21.5951065435549,21.478149372171067,21.570043951101166,4271800
2017-02-02,21.54498291015625,21.55333551422434,21.42802573899983,21.46144252887316,1361500
2017-02-03,21.53662872314453,21.570043919633846,21.478149340837806,21.570043919633846,2033200
2017-02-06,21.553335189819336,21.628521372502444,21.53662838853437,21.60346037387489,1703300
2017-02-07,21.661935806274414,21.728767784347376,21.60345802463558,21.686996802176747,1601500
2017-02-08,21.63687515258789,21.65358354695086,21.586751562899167,21.63687515258789,1412300
2017-02-09,21.720415115356445,21.728769312378063,21.62852054151881,21.636874738540428,1191500
2017-02-10,21.7454776763916,21.80395546206201,21.712060888351278,21.79560126505193,1022100
2017-02-13,21.79560089111328,21.820663481713535,21.77889249737978,21.78724669424653,1089600
2017-02-14,21.845726013183594,21.879142802997524,21.770539829502482,21.770539829502482,2502000
2017-02-15,21.803956985473633,21.937620960173525,21.795602787879858,21.920912564985972,934400
2017-02-16,21.678646087646484,21.728769677217638,21.661937693322706,21.72041548005575,2129400
2017-02-17,21.787246704101562,21.787246704101562,21.68699793505533,21.68699793505533,999100
2017-02-21,21.88749885559082,21.929268252998284,21.862436261106115,21.895851460352013,1421800
2017-02-22,21.837369918823242,21.945972882884472,21.82901572209545,21.912556095973294,2048700
2017-02-23,21.787246704101562,21.829016095054083,21.770538310360504,21.81230929471315,1291600
2017-02-24,21.829015731811523,21.829015731811523,21.770537948091036,21.78724634155406,714500
2017-02-27,21.829015731811523,21.837369928543037,21.728768557833572,21.778892144822546,768600
2017-02-28,21.81230926513672,21.8457244591734,21.74547728366323,21.787246674559114,2266900
2017-03-01,21.962684631347656,22.0044540279672,21.912559443323794,21.987745631959246,1646400
2017-03-02,22.054574966430664,22.071283360426328,22.01280557484165,22.046220769432832,2871200
2017-03-03,21.8624324798584,22.02115903067467,21.8624324798584,21.979388047091387,2932900
2017-03-06,21.937618255615234,21.95432664874291,21.88749466963228,21.88749466963228,1043200
2017-03-07,21.962684631347656,21.987745631959246,21.937622037335725,21.979391433955268,687200
2017-03-08,22.037866592407227,22.04622078941263,21.99609720078036,22.004451397785765,1171800
2017-03-09,21.996097564697266,22.02116015612813,21.962682369522962,21.979389170410023,1519800
2017-03-10,21.845726013183594,21.954328986678636,21.820665014223383,21.93762059177167,2008600
2017-03-13,21.87914276123047,21.87914276123047,21.829017576605256,21.85408016891786,1252100
2017-03-14,21.954326629638672,21.954326629638672,21.887494650586195,21.929264039968967,1214100
2017-03-15,21.69535255432129,21.92926529104988,21.69535255432129,21.92926529104988,3038700
2017-03-16,21.620168685913086,21.695354873849983,21.620168685913086,21.65358547761852,2869100
2017-03-17,21.628520965576172,21.653583557132414,21.60345996742012,21.645229359947,1814700
2017-03-20,21.63687515258789,21.661937744132345,21.60345995726214,21.61181415444362,742900
2017-03-21,21.503210067749023,21.52827265799189,21.48650167425378,21.52827265799189,1933800
2017-03-22,21.486501693725586,21.519918480746362,21.469794893615305,21.494855890480782,970200
2017-03-23,21.511566162109375,21.52827455707853,21.486503569655646,21.49485776714022,1110700
2017-03-24,21.503210067749023,21.51991846124427,21.461440677411016,21.503210067749023,2017600
2017-03-27,21.386253356933594,21.394607553234664,21.319421379925053,21.327775576226124,1814800
2017-03-28,21.503210067749023,21.51991846124427,21.36954610658727,21.38625450008251,1657600
2017-03-29,21.54498291015625,21.595106501566004,21.54498291015625,21.586752304097672,550700
2017-03-30,21.68699836730957,21.68699836730957,21.56168859855427,21.578396992628353,1195300
2017-03-31,21.678646087646484,21.69535288857008,21.628520904675145,21.653583496160817,880100
2017-04-03,21.678646087646484,21.72041548005575,21.670291890484595,21.69535288857008,645000
2017-04-04,21.703710556030273,21.728773151523306,21.68700215903492,21.71206475452795,813100
2017-04-05,21.69535255432129,21.812309719385663,21.670291556621905,21.712060948387652,4699400
2017-04-06,21.7454776763916,21.7454776763916,21.695352494331118,21.703706691341196,807500
2017-04-07,21.845726013183594,21.854080210637076,21.753833027995757,21.778894026955967,1037600
2017-04-10,21.803956985473633,21.829017984854698,21.78724859028608,21.820665380661186,666800
2017-04-11,21.737123489379883,21.762184487021496,21.712060898338112,21.762184487021496,688200
2017-04-12,21.628520965576172,21.77053913092782,21.611814164605534,21.737123935586357,1544800
2017-04-13,21.703710556030273,21.71206475452795,21.645232759946964,21.645232759946964,820600
2017-04-17,21.645227432250977,21.661935825133774,21.57839545411983,21.62851903936818,880800
2017-04-18,21.461441040039062,21.570042412792958,21.461441040039062,21.536627218637964,1290900
2017-04-19,21.53662872314453,21.553335524689068,21.511566130727363,21.519920328199753,417500
2017-04-20,21.54498291015625,21.54498291015625,21.453088331404828,21.478149330409586,668900
2017-04-21,21.561689376831055,21.586751968846823,21.544982575554094,21.553335179492468,745900
2017-04-24,21.361194610595703,21.40296559961504,21.361194610595703,21.361194610595703,1643100
2017-04-25,21.302715301513672,21.377901482991028,21.28600690709644,21.377901482991028,1698300
2017-04-26,21.352840423583984,21.428026610456488,21.33613362136811,21.386257214816343,863600
2017-04-27,21.386253356933594,21.436376941339997,21.369544964331453,21.394607553234664,724600
2017-04-28,21.361194610595703,21.386257204007308,21.336133610584405,21.352840412791835,840200
2017-05-01,21.377899169921875,21.386253366226576,21.327775585493693,21.352836581007775,617700
2017-05-02,21.344484329223633,21.40296370868411,21.344484329223633,21.37790111748676,332500
2017-05-03,21.428024291992188,21.436378488896374,21.344483916350477,21.36954650706303,876700
2017-05-04,21.294363021850586,21.394611803981142,21.294363021850586,21.394611803981142,885400
2017-05-05,21.260944366455078,21.31942214927282,21.25259016985253,21.311067952670275,680100
2017-05-08,21.377899169921875,21.394607562531277,21.344482384703074,21.344482384703074,773200
2017-05-09,21.486501693725586,21.511564283991166,21.444732303349724,21.469794893615305,1847600
2017-05-10,21.494855880737305,21.519918470991524,21.46979488388319,21.46979488388319,549000
2017-05-11,21.503210067749023,21.51991846124427,21.478147477506155,21.51991846124427,349100
2017-05-12,21.394611358642578,21.42802655639032,21.394611358642578,21.42802655639032,690600
2017-05-15,21.336132049560547,21.361193047738297,21.319423655175257,21.319423655175257,739800
2017-05-16,21.177404403686523,21.227527990871785,21.160696010158066,21.210819597343328,1746200
2017-05-17,21.03538703918457,21.127281613658266,21.03538703918457,21.118927416578824,1257800
2017-05-18,21.11057472229004,21.160698314934653,21.043742734297126,21.060449536245144,1206800
2017-05-19,20.960203170776367,21.001972567380566,20.94349477477455,20.985265764779093,1152100
2017-05-22,20.926782608032227,20.935136804527815,20.88501321895434,20.918430004936695,1134000
2017-05-23,21.018680572509766,21.027034770355314,20.90172498947269,20.91007918731824,1008900
2017-05-24,20.951845169067383,21.03538554050977,20.951845169067383,21.01867714754128,1115900
2017-05-25,20.976909637451172,20.993616438516057,20.95184704575355,20.96020124298609,1103100
2017-05-26,21.027034759521484,21.052097353045223,21.010326363838992,21.03538895736273,413400
2017-05-30,21.001970291137695,21.035387079519538,20.98526349034694,21.018678685328616,1113800
2017-05-31,20.951845169067383,20.96855356203587,20.901721583561972,20.96855356203587,959000
2017-06-01,20.976909637451172,21.0019706357486,20.96020124298609,20.993616438516057,917100
2017-06-02,20.87666130065918,20.910078090288195,20.859952905844672,20.90172389288094,1416000
2017-06-05,20.893369674682617,20.91843226687944,20.885015477283673,20.901723872081558,1086100
2017-06-06,20.843246459960938,20.876661656759698,20.83489226241118,20.851599064110435,895700
2017-06-07,20.868305206298828,20.92678298943368,20.834890013107522,20.893367796242373,522500
2017-06-08,20.94349479675293,20.976911588791634,20.92678640073358,20.92678640073358,724300
2017-06-09,21.010324478149414,21.052095463606673,20.99361608396651,21.052095463606673,652100
2017-06-12,20.976909637451172,21.01867903021368,20.968555440218633,20.985263834683714,429800
2017-06-13,20.951845169067383,20.96855356203587,20.935136776098894,20.960199365551627,398000
2017-06-14,20.935136795043945,20.976907777502966,20.809827034467,20.843243820434214,1676600
2017-06-15,21.060447692871094,21.077156086756943,21.03538669544246,21.03538669544246,1148400
2017-06-16,20.985261917114258,21.035385502529167,20.968553524175938,21.027031306060007,917400
2017-06-19,21.077159881591797,21.077159881591797,21.010327887415777,21.018682085862835,637300
2017-06-20,21.11057472229004,21.12728311763834,21.077157931593444,21.077157931593444,615200
2017-06-21,21.068801879882812,21.110572864577748,21.052095079404978,21.102218667638763,1105800
2017-06-22,21.077159881591797,21.093868278485907,21.05209887965106,21.06880568314474,896800
2017-06-23,21.010324478149414,21.03538706942377,20.98526348027523,21.03538706942377,323100
2017-06-26,21.04374122619629,21.052095423271734,20.976909242992893,20.985263440068337,596600
2017-06-27,20.809829711914062,20.9184326868806,20.809829711914062,20.901724291747247,1282600
2017-06-28,20.742996215820312,20.818182395050684,20.72628782190242,20.818182395050684,944400
2017-06-29,20.64274787902832,20.726288256971248,20.64274787902832,20.726288256971248,1831800
2017-06-30,20.676164627075195,20.709581415546996,20.659456232839293,20.684518824193145,1529700
2017-07-03,20.80147361755371,20.80147361755371,20.75970422692935,20.77641262053914,794300
2017-07-05,20.809829711914062,20.851599106347184,20.801475514347384,20.851599106347184,1570200
2017-07-06,20.71793556213379,20.759706550834235,20.709582957793994,20.74299815535406,357800
2017-07-07,20.75135040283203,20.793119794206596,20.742996205877088,20.75970459978697,376400
2017-07-10,20.75970458984375,20.784765587296427,20.75135039289281,20.77641298374563,212900
2017-07-11,20.684518814086914,20.78476599265299,20.676164616973047,20.776413388939297,1556800
2017-07-12,20.684518814086914,20.74299660048382,20.676164616973047,20.709581405428523,900900
2017-07-13,20.69287109375,20.734640482048718,20.68451689741025,20.69287109375,411500
2017-07-14,20.567562103271484,20.617685689781137,20.55920790661986,20.609331493129513,768100
2017-07-17,20.567562103271484,20.584268903174642,20.542499513316614,20.567562103271484,508200
2017-07-18,20.458959579467773,20.47566797312976,20.42554438554392,20.45060538263678,970500
2017-07-19,20.509082794189453,20.509082794189453,20.46731340419399,20.46731340419399,785600
2017-07-20,20.383773803710938,20.484022574261385,20.342004412131672,20.475668377265503,1016700
2017-07-21,20.31694221496582,20.36706580451256,20.300233820650178,20.35871320075492,644600
2017-07-24,20.325292587280273,20.358709369623135,20.316938391694556,20.325292587280273,419700
2017-07-25,20.35871124267578,20.35871124267578,20.266816676178262,20.300231868195524,757900
2017-07-26,20.24175453186035,20.39212688274203,20.199985142571023,20.367064293128397,1329500
2017-07-27,20.31694221496582,20.36706580451256,20.26681862541908,20.28352701973472,1390700
2017-07-28,20.191631317138672,20.258463297269948,20.18327712044725,20.250109100578527,859200
2017-07-31,20.10809326171875,20.2334030397358,20.083032262155506,20.225048842081296,1432700
2017-08-01,20.141511917114258,20.158218720569774,20.08303412151889,20.116449321830345,1150800
2017-08-02,20.116445541381836,20.141508131955778,20.032905166202152,20.1331539350978,2221800
2017-08-03,20.06631851196289,20.14150467738905,20.06631851196289,20.133150481963938,2071800
2017-08-04,20.24175453186035,20.300232314225433,20.14150736020594,20.14986155674382,2543100
2017-08-07,20.233400344848633,20.27517132755769,20.22504614830682,20.27517132755769,852700
2017-08-08,20.26681900024414,20.32529678803022,20.19163281783341,20.208341212458063,1390400
2017-08-09,20.25010871887207,20.32529489427754,20.241754522338123,20.300232304675696,1164800
2017-08-10,20.21669578552246,20.28352777186302,20.20834158805486,20.26681937692782,947700
2017-08-11,20.141511917114258,20.225050714593113,20.124803520258315,20.183281315853684,1472100
2017-08-14,20.225048065185547,20.24175645985275,20.19998706658496,20.21669546125216,832100
2017-08-15,20.31694221496582,20.36706580451256,20.300233820650178,20.350359003597102,915100
2017-08-16,20.25010871887207,20.37541848008117,20.233400325804176,20.37541848008117,757500
2017-08-17,20.291881561279297,20.316942559777903,20.258464772080877,20.316942559777903,542600
2017-08-18,20.225048065185547,20.27517324918715,20.21669546125216,20.225048065185547,249100
2017-08-21,20.16657066345215,20.208341650920094,20.14150966437163,20.199987453426505,632900
2017-08-22,20.25010871887207,20.266817111939968,20.225046129270225,20.225046129270225,558000
2017-08-23,20.16657066345215,20.225048452507025,20.16657066345215,20.216695848413682,686900
2017-08-24,20.208341598510742,20.216695795982666,20.183279006094974,20.19998740103882,807600
2017-08-25,20.041259765625,20.22504731999191,20.02455137157342,20.183277928263117,1768700
2017-08-28,19.98278045654297,20.032904041476595,19.966072063765083,20.032904041476595,1302600
2017-08-29,20.007844924926758,20.007844924926758,19.890887757896497,19.890887757896497,1602900
2017-08-30,20.13315200805664,20.141506204115,20.05796583693137,20.07467422904809,1435200
2017-08-31,20.074678421020508,20.174925607854398,20.074678421020508,20.16657141005152,1254400
2017-09-01,20.116445541381836,20.141508131955778,20.049613559918114,20.066321953634077,1087700
2017-09-05,20.007844924926758,20.05796851456819,19.982782333405947,20.05796851456819,702800
2017-09-06,19.991134643554688,20.01619563930973,19.941011058644573,19.999488839939712,3111600
2017-09-07,19.849119186401367,19.907596975635084,19.82405659384395,19.857473383920503,2717600
2017-09-08,19.798994064331055,19.82405506155114,19.765577276837437,19.773931473710842,922300
2017-09-11,19.93265724182129,19.941011438365397,19.865825262868494,19.890886259100753,1451100
2017-09-12,19.92430305480957,19.95771824760192,19.899240465165256,19.94101144790578,2010900
2017-09-13,20.041259765625,20.066322356702372,19.941012588115836,19.941012588115836,1976200
2017-09-14,19.98278045654297,20.041258237865538,19.966072063765083,20.041258237865538,1644000
2017-09-15,19.915950775146484,19.94101336720304,19.865827184433595,19.915950775146484,1469500
2017-09-18,19.966073989868164,19.999490778647615,19.907596202904312,19.941012991683763,611100
2017-09-19,19.907596588134766,19.966074376230214,19.890888193421716,19.91595078549129,582300
2017-09-20,20.06631851196289,20.1080878956886,19.832405820259297,19.899237790260344,2371000
2017-09-21,20.007844924926758,20.04961431739459,19.974428136232344,20.04961431739459,1203900
2017-09-22,19.991134643554688,19.999488839939712,19.93265686225955,19.966072054399614,1051700
2017-09-25,20.10809326171875,20.116447459373255,20.049615471537475,20.066323866846492,1238200
2017-09-26,20.174922943115234,20.241754923310644,20.149861946417015,20.183277139814674,1075800
2017-09-27,20.275171279907227,20.3002322760737,20.216693497652045,20.291879672951584,1619600
2017-09-28,20.21669578552246,20.24175678452502,20.19998739058726,20.24175678452502,816300
2017-09-29,20.199987411499023,20.241756805480026,20.174924819070277,20.191633214022776,642100
2017-10-02,20.31694221496582,20.350359003597102,20.275172822576902,20.300233820650178,1225700
2017-10-03,20.308589935302734,20.32529833119595,20.275174736916643,20.31694413324934,442700
2017-10-04,20.283527374267578,20.30023417547505,20.26681897965989,20.283527374267578,637400
2017-10-05,20.392127990722656,20.40048218771445,20.333650205180255,20.35035859916384,831400
2017-10-06,20.35871124267578,20.44225001941895,20.342002849967137,20.425543220110335,1172000
2017-10-09,20.325292587280273,20.358709369623135,20.308584196108843,20.35035517403742,1368300
2017-10-10,20.21669578552246,20.25846517946022,20.19998739058726,20.25846517946022,2710800
2017-10-11,20.158214569091797,20.208339749336602,20.149861965784424,20.1832771592142,1299800
2017-10-12,20.199987411499023,20.233402608003775,20.16657062159403,20.199987411499023,1161600
2017-10-13,20.199987411499023,20.208341608975275,20.12480122761303,20.133155425089278,824600
2017-10-16,20.25010871887207,20.25846291540602,20.199985133068445,20.233400325804176,733500
2017-10-17,20.300233840942383,20.35035902393941,20.283527040010224,20.316942235274723,1242500
2017-10-18,20.275171279907227,20.333649062162408,20.26681708338505,20.32529486564023,726100
2017-10-19,20.225048065185547,20.25011065718635,20.19998706658496,20.233402262519146,490100
2017-10-20,20.342004776000977,20.358713170291615,20.30023379027438,20.3085879874197,577900
2017-10-23,20.367069244384766,20.417194435797523,20.358716639216425,20.40884023722873,610200
2017-10-24,20.400482177734375,20.408836374722082,20.350358589208287,20.392127980746668,419800
2017-10-25,20.350360870361328,20.375421870733483,20.325298276588843,20.350360870361328,459500
2017-10-26,20.567562103271484,20.575914706523022,20.417189750342434,20.417189750342434,2757500
2017-10-27,20.617687225341797,20.676165012858373,20.59262463352032,20.642748223763068,2014700
2017-10-30,20.517436981201172,20.6427467445286,20.509082784525997,20.6427467445286,707600
2017-10-31,20.534147262573242,20.559209854903155,20.517438867686632,20.550855657459852,683200
2017-11-01,20.575916290283203,20.60097888216718,20.534146897210118,20.592624684872522,1327300
2017-11-02,20.575916290283203,20.592624684872522,20.50908430532614,20.58427048757786,1168200
2017-11-03,20.62604331970215,20.64275012238621,20.550857130722648,20.550857130722648,1159700
2017-11-06,20.575916290283203,20.651102472534923,20.575916290283203,20.651102472534923,753800
2017-11-07,20.60933494567871,20.667812738636396,20.600980747627563,20.634397539832158,830000
2017-11-08,20.600976943969727,20.626039533495746,20.592622747461053,20.600976943969727,1051800
2017-11-09,20.517436981201172,20.592623157877647,20.500730181250912,20.584268961202476,794900
2017-11-10,20.500728607177734,20.509081209811495,20.467311823042824,20.500728607177734,779300
2017-11-13,20.517436981201172,20.542499571226692,20.509082784525997,20.517436981201172,383600
2017-11-14,20.37541961669922,20.45060579629886,20.35871281609942,20.425544798699082,2395500
2017-11-15,20.367069244384766,20.392131840091142,20.325299844941252,20.342008242078837,976000
2017-11-16,20.392127990722656,20.40883638470624,20.367065399747275,20.383773793730864,751700
2017-11-17,20.333650588989258,20.375419981336496,20.31694219469029,20.358713180437707,969800
2017-11-20,20.433897018432617,20.442251215275654,20.37541923393148,20.37541923393148,737700
2017-11-21,20.408838272094727,20.42554666762349,20.383775678801584,20.42554666762349,914100
2017-11-22,20.25010871887207,20.350357483879385,20.241754522338123,20.350357483879385,1565200
2017-11-24,20.158214569091797,20.166568765799266,20.13315357236949,20.166568765799266,751900
2017-11-27,20.183279037475586,20.1916332349605,20.099738656026716,20.10809285351163,1222300
2017-11-28,20.26681900024414,20.27517319755647,20.208341212458063,20.208341212458063,1448100
2017-11-29,20.258464813232422,20.300234206415084,20.233402221282695,20.27517320786557,869700
2017-11-30,20.208341598510742,20.24175679499819,20.149863809607524,20.23340259752627,2147600
2017-12-01,20.191631317138672,20.26681749396137,20.124799337007392,20.250109100578527,1941700
2017-12-04,20.258464813232422,20.283527405182145,20.250110615915847,20.258464813232422,1310800
2017-12-05,20.291881561279297,20.316942559777903,20.26681896938048,20.300234165178694,593900
2017-12-06,20.342004776000977,20.358713170291615,20.3085879874197,20.3085879874197,327700
2017-12-07,20.383773803710938,20.392128000706823,20.33365021513579,20.375419606715056,431300
2017-12-08,20.41718864440918,20.44224963960649,20.392126055811868,20.400480252010972,370500
2017-12-11,20.41718864440918,20.425542840608284,20.367063467214557,20.400480252010972,562900
2017-12-12,20.450605392456055,20.484022179796074,20.44225119562105,20.458959589291062,503300
2017-12-13,20.308589935302734,20.433899717701163,20.30023573735613,20.417192915208286,2250900
2017-12-14,20.325292587280273,20.3837703629804,20.308584196108843,20.35035517403742,1208600
2017-12-15,20.408838272094727,20.42554666762349,20.35036048114436,20.35036048114436,1388900
2017-12-18,20.377899169921875,20.377899169921875,20.30264213374808,20.327726749204814,1257400
2017-12-19,20.319364547729492,20.377899038187664,20.319364547729492,20.36953696812221,591800
2017-12-20,20.294279098510742,20.336087852218235,20.269192889345216,20.32772578249639,421500
2017-12-21,20.28591537475586,20.32772412505443,20.277553305715827,20.3193620560144,1463000
2017-12-22,20.294279098510742,20.336087852218235,20.294279098510742,20.311003237954427,184700
2017-12-26,20.277557373046875,20.285919443764197,20.269195302329553,20.285919443764197,517500
2017-12-27,20.235746383666992,20.252468928356308,20.21902224407594,20.227384313871468,678700
2017-12-28,20.17721176147461,20.193935900954905,20.160489216896043,20.17721176147461,426100
2017-12-29,20.093595504760742,20.11031805038034,20.051785153457192,20.10195757502145,1459200
2018-01-02,20.009973526000977,20.043420207343026,20.001611456940065,20.009973526000977,546200
2018-01-03,20.08523178100586,20.093593850578173,20.0434214331443,20.051783502716614,679900
2018-01-04,20.018335342407227,20.035057885416393,20.001611204496484,20.026697411362598,650500
2018-01-05,20.03506088256836,20.068509163393554,20.026700407263874,20.051785022980955,370100
2018-01-08,20.12704086303711,20.13540293274614,20.10195624881174,20.11867879332808,969800
2018-01-09,20.168851852416992,20.185574397464666,20.15212771246755,20.16048978244227,1158400
2018-01-10,20.118677139282227,20.143763346346866,20.068506320054535,20.068506320054535,485100
2018-01-11,20.03506088256836,20.051785022980955,20.00997626685128,20.051785022980955,586800
2018-01-12,19.82600975036621,19.917990908425576,19.82600975036621,19.901266771523606,1098700
2018-01-16,19.717308044433594,19.800927142498868,19.69222183654352,19.784203003905485,2527000
2018-01-17,19.767480850219727,19.784204990492427,19.66713919838713,19.767480850219727,1057700
2018-01-18,19.742393493652344,19.767478105676812,19.717307286726296,19.750755562627692,425700
2018-01-19,19.775842666625977,19.775842666625977,19.717309771324324,19.734033911382447,748900
2018-01-22,19.708946228027344,19.76747911895359,19.700584158623357,19.725670366835317,1338400
2018-01-23,19.658775329589844,19.70894615091581,19.642051190847305,19.70058408154454,735500
2018-01-24,19.466453552246094,19.499900236605235,19.441367342800437,19.491538166790015,2078500
2018-01-25,19.491539001464844,19.550071897776164,19.307578242357586,19.374473208842208,4503100
2018-01-26,19.449726104736328,19.466450241522438,19.39119322088641,19.458088173129383,1603500
2018-01-29,19.499900817871094,19.55843371342068,19.483176677742133,19.516624958000058,1411200
2018-01-30,19.466453552246094,19.499900236605235,19.40791906353956,19.416281133354776,1466600
2018-01-31,19.44136619567871,19.491537016708,19.374471236005775,19.407917918391423,1401800
2018-02-01,19.341022491455078,19.441365725991094,19.32429994811708,19.43300365687129,1743300
2018-02-02,19.458091735839844,19.52498670033106,19.424643456143357,19.458091735839844,3709800
2018-02-05,19.54170799255371,19.566792603768974,19.516621786436918,19.524983855142516,3408900
2018-02-06,19.583518981933594,19.658776013993382,19.54171022852336,19.633689805006213,2694900
2018-02-07,19.734031677246094,19.742393746328467,19.608603830813706,19.625326374076852,2405400
2018-02-08,19.734031677246094,19.742393746328467,19.658774650406343,19.667136719488713,1663600
2018-02-09,19.75075912475586,19.77584374130444,19.71731084282193,19.742397054272377,1841300
2018-02-12,19.683862686157227,19.73403351041041,19.675500616298073,19.73403351041041,1097600
2018-02-13,19.575157165527344,19.600243374839067,19.558433025986197,19.59188130506849,1308500
2018-02-14,19.42464256286621,19.63368951665057,19.42464256286621,19.625327447110994,1639500
2018-02-15,19.341022491455078,19.424641587751488,19.33266201723688,19.382832837054085,1538000
2018-02-16,19.474815368652344,19.491537913163448,19.39955833619636,19.4413670898267,812600
2018-02-20,19.600242614746094,19.60860468419239,19.558432267514622,19.566794336960914,1366800
2018-02-21,19.675498962402344,19.692221505813233,19.5667936582727,19.616964478308592,1138000
2018-02-22,19.608606338500977,19.63369095405449,19.583520128045656,19.625328883902718,2011900
2018-02-23,19.650415420532227,19.667139561113373,19.61696713936993,19.642053350241653,523300
2018-02-26,19.62532615661621,19.675498570554502,19.62532615661621,19.64205029459564,1095400
2018-02-27,19.75075912475586,19.77584374130444,19.667140014822905,19.675502085306388,1527100
2018-02-28,19.809289932250977,19.82601247655091,19.767479584246896,19.77584165384771,1119700
2018-03-01,19.742393493652344,19.87618340745477,19.717307286726296,19.851097200528724,1405800
2018-03-02,19.658775329589844,19.70058408154454,19.650413260218574,19.683861537703656,602700
2018-03-05,19.658775329589844,19.70894615091581,19.642051190847305,19.70058408154454,1274300
2018-03-06,19.608606338500977,19.616966813750945,19.575158057893884,19.616966813750945,1492700
2018-03-07,19.591880798339844,19.683861968535407,19.57515665923125,19.58351872878555,443000
2018-03-08,19.717308044433594,19.734032183026976,19.61696480777494,19.61696480777494,520100
2018-03-09,19.692222595214844,19.734032943309103,19.675500050878842,19.734032943309103,641000
2018-03-12,19.66714096069336,19.70894972021965,19.650416818922064,19.692225578448355,1024800
2018-03-13,19.61696434020996,19.675498823891644,19.59187972781941,19.650412616599496,609600
2018-03-14,19.62532615661621,19.658774432575072,19.616964087626496,19.62532615661621,1280200
2018-03-15,19.700586318969727,19.725672529932616,19.650415491945783,19.650415491945783,564300
2018-03-16,19.75075912475586,19.77584374130444,19.700586701854967,19.700586701854967,782500
2018-03-19,19.66714096069336,19.700587649334004,19.64205474803642,19.68386510246465,403400
2018-03-20,19.784202575683594,19.784202575683594,19.72566968677532,19.72566968677532,841100
2018-03-21,19.62532615661621,19.75075559656036,19.616964087626496,19.7173073206015,1043800
2018-03-22,19.650415420532227,19.692224177083265,19.642053350241653,19.650415420532227,723600
2018-03-23,19.583518981933594,19.616965665681438,19.566794842608815,19.60860519092076,798700
2018-03-26,19.491539001464844,19.533349352331363,19.474816456020044,19.516625211984756,1186400
2018-03-27,19.583518981933594,19.60024312125837,19.54171022852336,19.583518981933594,533400
2018-03-28,19.759119033813477,19.759119033813477,19.650415310448647,19.650415310448647,696500
2018-03-29,19.742393493652344,19.759116036701464,19.7005831487756,19.7005831487756,942600
2018-04-02,19.734031677246094,19.750755815410837,19.68386085765346,19.68386085765346,301100
2018-04-03,19.767480850219727,19.784204990492427,19.750758304848826,19.767480850219727,541300
2018-04-04,19.759119033813477,19.759119033813477,19.708948207252924,19.73403441798411,634500
2018-04-05,19.834375381469727,19.85946159132867,19.7842045566536,19.800928696559563,720400
2018-04-06,19.759119033813477,19.79256731478839,19.74239648822784,19.759119033813477,1083700
2018-04-09,19.708946228027344,19.71730829743133,19.69222208921937,19.700584158623357,2411100
2018-04-10,19.658775329589844,19.69222201217327,19.633689121476035,19.650413260218574,876800
2018-04-11,19.642051696777344,19.667137905537313,19.591880874159102,19.642051696777344,696500
2018-04-12,19.683862686157227,19.73403351041041,19.667138546438917,19.7173093706921,1713300
2018-04-13,19.683862686157227,19.70058523097379,19.667138546438917,19.692223161114637,1506500
2018-04-16,19.61696434020996,19.63368847840473,19.59187972781941,19.600241796916794,512100
2018-04-17,19.61696434020996,19.66713675479426,19.61696434020996,19.650412616599496,574000
2018-04-18,19.658775329589844,19.667137398961113,19.616964982733492,19.633689121476035,388000
2018-04-19,19.717308044433594,19.734032183026976,19.642051015665015,19.642051015665015,298900
2018-04-20,19.834375381469727,19.85109952137569,19.792566626606583,19.809290766512547,1691000
2018-04-23,19.959802627563477,19.96816310168971,19.901268144368704,19.901268144368704,1482900
2018-04-24,19.93471908569336,19.968165771374792,19.90963287525593,19.951443225984978,1062600
2018-04-25,20.018335342407227,20.035057885416393,19.99324913554111,20.009973273451855,816400
2018-04-26,20.11031723022461,20.11867930014429,19.976527301313233,19.976527301313233,958500
2018-04-27,20.093595504760742,20.168852542205308,20.093595504760742,20.15212840168389,826800
2018-04-30,20.17721176147461,20.185573831214757,20.127040937935455,20.17721176147461,782700
2018-05-01,20.31100082397461,20.336085435257086,20.26919048033459,20.277552549062595,2809700
2018-05-02,20.402978897094727,20.402978897094727,20.260826928924377,20.310999337620792,1757300
2018-05-03,20.319364547729492,20.361174898056756,20.294279932434918,20.327726617794944,883200
2018-05-04,20.34444808959961,20.411343046447676,20.3277239516622,20.394618908510264,925100
2018-05-07,20.38625717163086,20.41970544805055,20.36953462832262,20.402981309840705,997100
2018-05-08,20.46151351928711,20.503323863423486,20.42806683887956,20.469875588114384,767000
2018-05-09,20.46151351928711,20.469875588114384,20.41970477005228,20.436428907706834,583000
2018-05-10,20.369535446166992,20.44479247623129,20.344449237845005,20.369535446166992,673200
2018-05-11,20.336090087890625,20.361176299814037,20.302643400227975,20.311005470869112,369600
2018-05-14,20.361173629760742,20.369535699305324,20.277554529216626,20.285916598761204,946400
2018-05-15,20.486600875854492,20.553495835326522,20.461514667964366,20.520049153041327,1044400
2018-05-16,20.536773681640625,20.570221962060284,20.511689066227675,20.536773681640625,2209100
2018-05-17,20.561861038208008,20.58694724992122,20.536774826494796,20.57022310877908,796700
2018-05-18,20.603668212890625,20.637116492604605,20.5785835980069,20.62875442267611,484000
2018-05-21,20.586944580078125,20.64547747158283,20.5785825105915,20.62039126312295,971300
2018-05-22,20.578582763671875,20.603667377538574,20.561858624492945,20.570220694082412,740900
2018-05-23,20.662200927734375,20.729097486580358,20.662200927734375,20.687287137301617,2260800
2018-05-24,20.637117385864258,20.653841526445138,20.59530703441206,20.653841526445138,471600
2018-05-25,20.737457275390625,20.745819344969696,20.712372661555108,20.737457275390625,604700
2018-05-29,20.879608154296875,20.90469436169549,20.829437334401256,20.837799403534127,1098400
2018-05-30,20.72073745727539,20.79599449848659,20.704013315916924,20.779270357128123,2345800
2018-05-31,20.704011917114258,20.75418274289812,20.687287776885707,20.72073605734281,3064000
2018-06-01,20.737457275390625,20.8043522371215,20.712372661555108,20.72909680071325,1583400
2018-06-04,20.72073745727539,20.737460003731954,20.653842486743425,20.670565033199992,2888900
2018-06-05,20.695646286010742,20.779265377863815,20.653837537534965,20.73745503448652,1837200
2018-06-06,20.637117385864258,20.637117385864258,20.57022241844257,20.61203117499294,1524800
2018-06-07,20.59530258178711,20.59530258178711,20.553493834275628,20.56185590275822,1027100
2018-06-08,20.603668212890625,20.6454785625331,20.603668212890625,20.637116492604605,586500
2018-06-11,20.620393753051758,20.62875582354811,20.578584995471864,20.603669612059054,948400
2018-06-12,20.662200927734375,20.695649207157366,20.603668033645885,20.62039217335738,1051300
2018-06-13,20.628753662109375,20.72073483302978,20.6036674532488,20.64547780134976,1800800
2018-06-14,20.896333694458008,20.896333694458008,20.754181699465704,20.754181699465704,3826300
2018-06-15,20.879608154296875,20.90469436169549,20.862885610932743,20.871246085164003,1226700
2018-06-18,20.879608154296875,20.91305643082836,20.879608154296875,20.90469436169549,1152700
2018-06-19,20.938142776489258,20.979951527528083,20.929780707301166,20.963227389151903,849600
2018-06-20,20.954866409301758,20.97159054854734,20.92978179533509,20.93814386495788,1258100
2018-06-21,20.896333694458008,20.954866587413356,20.862887010584256,20.93814404292734,3080000
2018-06-22,20.821077346801758,20.896334381619617,20.821077346801758,20.83780148673945,1596700
2018-06-25,20.787630081176758,20.82107676521613,20.77090594170621,20.80435262574558,941900
2018-06-26,20.896333694458008,20.896333694458008,20.82943873180879,20.837800801502656,1220600
2018-06-27,21.02176284790039,21.04684905853076,20.938145335602794,20.938145335602794,1612500
2018-06-28,21.02176284790039,21.04684905853076,20.97995409175159,21.030124918110513,798900
2018-06-29,20.854524612426758,20.93814371314669,20.854524612426758,20.921419574022366,1134200
2018-07-02,20.954866409301758,20.996676757415713,20.954866409301758,20.996676757415713,788600
2018-07-03,20.887971878051758,20.904696017642287,20.87124773846123,20.904696017642287,492100
2018-07-05,20.821077346801758,20.862887696645995,20.812715276832908,20.83780148673945,860800
2018-07-06,20.754180908203125,20.770905046953242,20.72073422560454,20.745818838828065,727600
2018-07-09,20.762542724609375,20.79599100170208,20.704009834598775,20.71237190387195,791800
2018-07-10,20.770906448364258,20.83780141297647,20.770906448364258,20.821077273097977,873200
2018-07-11,20.913057327270508,20.929781466253136,20.770905335721544,20.770905335721544,795600
2018-07-12,20.929780960083008,20.93814302937209,20.896332682926676,20.929780960083008,1109800
2018-07-13,20.90469741821289,20.98831652686611,20.90469741821289,20.9715923861551,543700
2018-07-16,20.871246337890625,20.896332545593005,20.846161725089875,20.862885863558127,458500
2018-07-17,20.963228225708008,20.996676503795147,20.904695333957196,20.904695333957196,1234200
2018-07-18,20.988313674926758,21.03012242612138,20.97158953648826,21.03012242612138,507500
2018-07-19,21.030122756958008,21.105379786213536,20.963227797053275,21.097017716862737,1390200
2018-07-20,20.862886428833008,20.913057250695502,20.846162289911618,20.896333111774116,1048500
2018-07-23,20.896333694458008,20.921419903539608,20.862887010584256,20.862887010584256,1576300
2018-07-24,20.90469741821289,20.913059488568397,20.854526590981695,20.896335347857384,353900
2018-07-25,20.804353713989258,20.90469696115962,20.795993238718385,20.854526135025342,397200
2018-07-26,20.946504592895508,20.946504592895508,20.871247560282328,20.879609630006208,1280000
2018-07-27,20.92142105102539,20.9381451913304,20.913058980872886,20.9381451913304,439700
2018-07-30,20.846162796020508,20.879609479773645,20.829438656693085,20.879609479773645,591300
2018-07-31,20.887971878051758,20.896333947847022,20.85452519377243,20.87124773846123,576200
2018-08-01,20.913057327270508,20.929781466253136,20.896333188287883,20.913057327270508,445800
2018-08-02,21.030122756958008,21.046846895659602,20.971589866404074,20.988314005105668,906700
2018-08-03,21.04684829711914,21.063572436934358,20.99667747257525,21.063572436934358,730700
2018-08-06,21.080293655395508,21.113741932921247,21.071933180915728,21.09701779415838,647900
2018-08-07,21.055208206176758,21.071932344275613,21.021759929979048,21.030121999028477,304900
2018-08-08,21.030122756958008,21.071933103711995,21.02176068760721,21.0552089650104,288500
2018-08-09,21.15555191040039,21.15555191040039,21.055210261814015,21.063572331679836,474400
2018-08-10,21.306066513061523,21.339514793364522,21.25589568750882,21.314428583137275,718400
2018-08-13,21.314428329467773,21.347876609372694,21.272619574488395,21.297704189515315,700800
2018-08-14,21.398046493530273,21.42313270235601,21.31442739234619,21.32278946195477,1770600
2018-08-15,21.398046493530273,21.4649414554972,21.389684423921697,21.456579385888624,877900
2018-08-16,21.381322860717773,21.423133209750922,21.322789966973108,21.372960790911144,640800
2018-08-17,21.27261734008789,21.331150228871643,21.27261734008789,21.314426090675827,1019300
2018-08-20,21.222444534301758,21.29770155989409,21.214084060259562,21.272616947964362,606200
2018-08-21,21.097021102905273,21.172278144239453,21.046850273649788,21.155554002853656,1564500
2018-08-22,21.03848648071289,21.080295235852947,21.02176234069616,21.03848648071289,983300
2018-08-23,21.17227554321289,21.19736175220973,21.09701851112408,21.138828859452147,1141900
2018-08-24,21.071931838989258,21.13046472603009,21.03848356359361,21.113740588332266,767500
2018-08-27,20.988313674926758,21.04684656455988,20.97158953648826,21.03848449534063,1301900
2018-08-28,20.988313674926758,20.988313674926758,20.91305664685514,20.91305664685514,993500
2018-08-29,20.954866409301758,21.021761371382382,20.946504339678967,20.988314687792922,597200
2018-08-30,20.971590042114258,21.03012293315861,20.971590042114258,20.996676250376836,610000
2018-08-31,21.063573837280273,21.105382594696085,21.005040938937398,21.038487625889672,988600
2018-09-04,21.15555191040039,21.214086399461152,21.147191435436316,21.172276050132037,2664700
2018-09-05,21.080293655395508,21.12210400230268,21.080293655395508,21.080293655395508,476900
2018-09-06,21.080293655395508,21.105379863539813,21.046846972771423,21.063571111534294,873700
2018-09-07,21.13882827758789,21.163912890992545,21.09701793041069,21.11374206928157,741000
2018-09-10,21.097021102905273,21.10538317359817,21.071936485728482,21.097021102905273,955000
2018-09-11,21.11374282836914,21.138829037577366,21.097018688896988,21.11374282836914,621900
2018-09-12,21.03848648071289,21.105381445878045,21.0050397955812,21.08865730586131,850100
2018-09-13,20.979949951171875,20.996674088291464,20.938141203274405,20.9465016769327,518500
2018-09-14,21.055208206176758,21.080292818423448,20.988313248682932,21.005037386781787,1536400
2018-09-17,20.954866409301758,20.97995261817013,20.954866409301758,20.96322847892455,338400
2018-09-18,20.988313674926758,21.013398287682882,20.92141871607439,20.946503328830513,393500
2018-09-19,20.979949951171875,21.013396630509554,20.954863745492492,20.98831201973167,267900
2018-09-20,20.829439163208008,20.887972057375634,20.821077093340953,20.854525372809167,1248000
2018-09-21,20.896333694458008,20.929781973233474,20.879609555070274,20.91305783384574,742700
2018-09-24,20.896333694458008,20.91305783384574,20.812714592421056,20.82943873180879,2013500
2018-09-25,20.913057327270508,20.913057327270508,20.854524435732994,20.87960904930526,695100
2018-09-26,20.92142105102539,20.954867736733608,20.846164014554653,20.954867736733608,629000
2018-09-27,21.071931838989258,21.088654381785528,21.005036883099514,21.046845632442523,2658200
2018-09-28,21.12210464477539,21.16391339805261,21.088656366232254,21.155551328416827,1125200
2018-10-01,21.15555191040039,21.18063811999786,21.113743155973026,21.130467295704673,1595100
2018-10-02,21.18899917602539,21.230807928452318,21.17227503709395,21.21408538442255,1471500
2018-10-03,21.25589370727539,21.280979915165567,21.214084955693405,21.22244543008849,1033800
2018-10-04,21.264257431030273,21.306066185865173,21.222447081293605,21.264257431030273,1018000
2018-10-05,21.239168167114258,21.280978510838832,21.230806098369346,21.247530235859173,1279500
2018-10-08,21.264257431030273,21.331152395707175,21.264257431030273,21.32279032575984,761000
2018-10-09,21.25589370727539,21.356236943934455,21.247531637978668,21.33115073604428,898600
2018-10-10,21.230810165405273,21.255896376445605,21.197363478920007,21.230810165405273,1051600
2018-10-11,21.11374282836914,21.1889998610921,21.11374282836914,21.147191107313443,446700
2018-10-12,21.18063735961914,21.205723568316024,21.15555115092226,21.16391322048789,1070400
2018-10-15,21.13046646118164,21.147190600252785,21.113742322110493,21.13046646118164,422600
2018-10-16,21.13882827758789,21.13882827758789,21.08029379153981,21.08029379153981,244900
2018-10-17,21.24753189086914,21.26425602966164,21.180636930600787,21.20572313878954,641500
2018-10-18,21.33951187133789,21.34787394026862,21.25589277693218,21.272616914793637,541900
2018-10-19,21.29770278930664,21.339513136438985,21.25589403707596,21.331151067012517,667200
2018-10-22,21.37295913696289,21.38132120612242,21.339512455226384,21.339512455226384,1247000
2018-10-23,21.33951187133789,21.372958552159233,21.314425664545706,21.356236009199346,711300
2018-10-24,21.448217391967773,21.473303600882037,21.423132777955217,21.456579461605862,1189200
2018-10-25,21.506750106811523,21.531836315518483,21.456579284299295,21.456579284299295,1760100
2018-10-26,21.448217391967773,21.53183649344694,21.431493252691602,21.53183649344694,585100
2018-10-29,21.506750106811523,21.531836315518483,21.481665493006254,21.498388037242535,400700
2018-10-30,21.598731994628906,21.60709406447566,21.531837030756606,21.54019910060336,571700
2018-10-31,21.590370178222656,21.640541002990382,21.57364603833283,21.623818458002315,814100
2018-11-01,21.448217391967773,21.50675028453268,21.423132777955217,21.50675028453268,781400
2018-11-02,21.498390197753906,21.523476408981942,21.423134753873505,21.46494351101838,802900
2018-11-05,21.490028381347656,21.498388856333488,21.43985596202216,21.498388856333488,752800
2018-11-06,21.439855575561523,21.473303854508938,21.43149350582467,21.464941784772083,422200
2018-11-07,21.398046493530273,21.42313270235601,21.339513601171927,21.339513601171927,892800
2018-11-08,21.52347183227539,21.5569201068004,21.41476812987214,21.439852740864385,960500
2018-11-09,21.565282821655273,21.615453640044688,21.548558683891613,21.58200536451737,756900
2018-11-12,21.757606506347656,21.757606506347656,21.673987409029237,21.69907361669525,617600
2018-11-13,21.682350158691406,21.71579684172743,21.64053981126928,21.699074297660253,1204600
2018-11-14,21.607093811035156,21.690712913620157,21.573645532040466,21.682350843871486,714100
2018-11-15,21.657264709472656,21.690712988582945,21.607093885708956,21.690712988582945,475800
2018-11-16,21.498390197753906,21.531838479391286,21.490029722246415,21.523476408981942,991400
2018-11-19,21.481666564941406,21.498389110012145,21.439856215010135,21.481666564941406,496700
2018-11-20,21.590370178222656,21.6154563880574,21.506751073675275,21.506751073675275,374800
2018-11-21,21.590370178222656,21.590370178222656,21.540199353454934,21.548561423399846,514600
2018-11-23,21.632179260253906,21.640539734807117,21.590368912979514,21.590368912979514,147200
2018-11-26,21.673992156982422,21.673992156982422,21.590373041346215,21.590373041346215,244700
2018-11-27,21.73252296447754,21.765971245468453,21.657265927149805,21.657265927149805,1076000
2018-11-28,21.623817443847656,21.774331505993498,21.582007096083984,21.74088322778256,1654300
2018-11-29,21.590370178222656,21.640541002990382,21.590370178222656,21.6154563880574,535900
2018-11-30,21.673992156982422,21.732525059457174,21.64054387276715,21.64054387276715,325700
2018-12-03,21.682350158691406,21.682350158691406,21.632179336686534,21.64053981126928,478600
2018-12-04,21.640539169311523,21.68234951549336,21.55692166675111,21.55692166675111,879100
2018-12-06,21.632179260253906,21.640539734807117,21.565284299516545,21.632179260253906,492100
2018-12-07,21.573646545410156,21.61545689611746,21.556924000029035,21.590370685693077,1236600
2018-12-10,21.715797424316406,21.73252156373393,21.61545577761471,21.61545577761471,1093100
2018-12-11,21.774333953857422,21.807780640926737,21.72416153090065,21.732523601393442,554600
2018-12-12,21.69071388244629,21.740884708277502,21.657265601957615,21.740884708277502,874300
2018-12-13,21.69071388244629,21.74924677839967,21.682351812324118,21.707436427788828,832900
2018-12-14,21.774333953857422,21.84122892289792,21.774333953857422,21.81614271141953,446600
2018-12-17,21.715797424316406,21.74088363344269,21.690712810091842,21.72415949402517,437300
2018-12-18,21.707435607910156,21.72415974752283,21.665626853780207,21.665626853780207,903600
2018-12-19,21.715797424316406,21.715797424316406,21.582007498779667,21.640540391839277,850000
2018-12-20,21.548561096191406,21.632180199469055,21.49838867728377,21.59036985037936,1127500
2018-12-21,21.69071388244629,21.715798497910995,21.590370635882064,21.590370635882064,1157000
2018-12-24,21.5943603515625,21.653524338554508,21.54364997476602,21.653524338554508,907100
2018-12-26,21.704235076904297,21.7380414579805,21.602812709568013,21.619716706133033,723700
2018-12-27,21.61126708984375,21.687333470716542,21.569008705827322,21.687333470716542,571600
2018-12-28,21.55210304260254,21.594361423354712,21.5267470469189,21.5267470469189,892100
2018-12-31,21.509845733642578,21.57746011344748,21.509845733642578,21.56900811446512,625300
2019-01-02,21.670427322387695,21.72113931264115,21.653524937690403,21.687331319138845,1241600
2019-01-03,21.55210304260254,21.645073414721992,21.55210304260254,21.645073414721992,486200
2019-01-04,21.518295288085938,21.653525654518017,21.518295288085938,21.653525654518017,1367300
2019-01-07,21.42532730102539,21.45913368481431,21.416875302064668,21.433779299986114,947600
2019-01-08,21.49294090270996,21.50984490001956,21.467584906745564,21.484488904055162,1929000
2019-01-09,21.290098190307617,21.4422309449813,21.290098190307617,21.425326947338903,1293800
2019-01-10,21.416873931884766,21.425325930304755,21.349259556578694,21.349259556578694,691400
2019-01-11,21.433778762817383,21.459133147010157,21.40842276657068,21.40842276657068,624700
2019-01-14,21.433778762817383,21.442230761566282,21.39997076782178,21.416874765319584,597000
2019-01-15,21.509845733642578,21.58591211242984,21.459133739748424,21.476037737713142,1286500
2019-01-16,21.535198211669922,21.55210220813785,21.51829421520199,21.51829421520199,268900
2019-01-17,21.535198211669922,21.594360587253842,21.526746213435956,21.535198211669922,330400
2019-01-18,21.602811813354492,21.628167807150106,21.543649439885165,21.543649439885165,1957700
2019-01-22,21.602811813354492,21.661974186823816,21.58590942954452,21.661974186823816,794700
2019-01-23,21.55210304260254,21.619717419038352,21.55210304260254,21.594361423354712,1153800
2019-01-24,21.678878784179688,21.704234778678817,21.577458030290806,21.577458030290806,267400
2019-01-25,21.50139045715332,21.594359207679883,21.49293845945932,21.594359207679883,619100
2019-01-28,21.518295288085938,21.526747286741312,21.467584908207606,21.501392902829103,932700
2019-01-29,21.52674674987793,21.52674674987793,21.484488369708867,21.51829475143334,591200
2019-01-30,21.416873931884766,21.552102682496905,21.383065938204798,21.52674668723693,1213100
2019-01-31,21.45913314819336,21.476037145692093,21.391518770252357,21.391518770252357,1455000
2019-02-01,21.45913314819336,21.484489144441458,21.42532676524982,21.42532676524982,1043600
2019-02-04,21.518295288085938,21.552103282707435,21.518295288085938,21.518295288085938,806700
2019-02-05,21.57745933532715,21.60281371930593,21.53519934193932,21.56055533797202,633000
2019-02-06,21.661975860595703,21.67042785918064,21.594361483970097,21.594361483970097,575200
2019-02-07,21.712688446044922,21.712688446044922,21.67042845196423,21.67888045078037,396900
2019-02-08,21.738040924072266,21.738040924072266,21.69578254575146,21.712686541901302,263800
2019-02-11,21.822561264038086,21.8479172605533,21.788754880738413,21.788754880738413,829300
2019-02-12,21.74649429321289,21.822560668629187,21.73804229460509,21.805656671413587,437000
2019-02-13,21.864818572998047,21.864818572998047,21.7803002070477,21.822558583996,374100
2019-02-14,21.839466094970703,21.890176477881973,21.822562096648944,21.839466094970703,522600
2019-02-15,21.797204971313477,21.873269730092044,21.78875297321501,21.83101135165353,480000
2019-02-19,21.712688446044922,21.79720682215236,21.704236447228784,21.79720682215236,1069200
2019-02-20,21.729591369628906,21.74649536767971,21.678880987530473,21.738043368654306,352200
2019-02-21,21.74649429321289,21.76339829042849,21.712687910835594,21.712687910835594,209100
2019-02-22,21.738040924072266,21.763396918297026,21.712686541901302,21.746492922147187,165800
2019-02-25,21.721139907836914,21.75494629021171,21.704235910622565,21.704235910622565,372100
2019-02-26,21.636619567871094,21.72958831999488,21.60281157651426,21.687329942852593,391400
2019-02-27,21.65352439880371,21.67042678308036,21.611264407977547,21.611264407977547,389100
2019-02-28,21.670427322387695,21.695783317514422,21.636620940939252,21.645072939314826,340500
2019-03-01,21.75494384765625,21.763395845314466,21.645071102206842,21.66197348546956,886700
2019-03-04,21.780302047729492,21.822560428249105,21.780302047729492,21.780302047729492,254100
2019-03-05,21.839466094970703,21.873272479560214,21.805658098327182,21.814110097488065,426200
2019-03-06,21.839466094970703,21.847918094131582,21.822562096648944,21.831014095809824,782600
2019-03-07,22.03385353088379,22.03385353088379,21.93243278213187,21.93243278213187,689700
2019-03-08,21.96624183654785,21.96624183654785,21.940885840244608,21.96624183654785,512400
2019-03-11,21.915531158447266,21.96624153831132,21.915531158447266,21.932435155753254,605700
2019-03-12,21.87327003479004,21.898626029438645,21.84791565219526,21.890174031222443,593800
2019-03-13,21.771848678588867,21.84791504837859,21.763396680606256,21.839463050395977,519800
2019-03-14,21.839466094970703,21.847918094131582,21.822562096648944,21.831014095809824,266500
2019-03-15,21.80565643310547,21.822560430136328,21.780302049613063,21.822560430136328,349800
2019-03-18,21.780302047729492,21.814108429734404,21.763398050700093,21.763398050700093,381500
2019-03-19,21.75494384765625,21.771847842972686,21.73803985233981,21.74649184999803,269400
2019-03-20,21.628170013427734,21.788754766406903,21.60281401704557,21.76339877002474,1034500
2019-03-21,21.763397216796875,21.814107593888128,21.704234841514776,21.712686839705622,575800
2019-03-22,21.80565643310547,21.85636842419805,21.79720604664392,21.80565643310547,690100
2019-03-25,21.80565643310547,21.814108431620898,21.771850051097633,21.771850051097633,416100
2019-03-26,21.87327003479004,21.87327003479004,21.822559657546655,21.831011655762858,254000
2019-03-27,21.89862823486328,21.90708023393069,21.86482185064764,21.881724236728466,225300
2019-03-28,21.974693298339844,22.000049294023484,21.949337302656204,21.96624129977863,315000
2019-03-29,22.000049591064453,22.000049591064453,21.94933759901247,21.9577895976878,582400
2019-04-01,21.983142852783203,22.00004684802622,21.940882864675665,21.94933486229717,877300
2019-04-02,22.008502960205078,22.059213343360874,22.000050961003442,22.016953347352697,325500
2019-04-03,21.974693298339844,21.974693298339844,21.93243491758767,21.957789301217417,2471200
2019-04-04,22.000049591064453,22.016951976361202,22.000049591064453,22.016951976361202,294000
2019-04-05,22.025405883789062,22.05076188201244,22.008503497027533,22.008503497027533,222400
2019-04-08,21.949337005615234,21.97469300095573,21.940885007168404,21.957789004062068,329800
2019-04-09,21.95779037475586,21.95779037475586,21.91553199193763,21.91553199193763,958800
2019-04-10,21.923982620239258,21.9915969957536,21.91553062179323,21.9915969957536,1064300
2019-04-11,21.991596221923828,22.00004822007245,21.957788229329342,21.983144223775206,287100
2019-04-12,21.940885543823242,21.957789541130364,21.89862716260935,21.90707916126291,336400
2019-04-15,21.93243408203125,21.949336466455858,21.915530085552813,21.915530085552813,197500
2019-04-16,21.983142852783203,21.983142852783203,21.940882864675665,21.966238857540187,267200
2019-04-17,21.96624183654785,21.983145834083345,21.957789837780105,21.96624183654785,162200
2019-04-18,22.084566116333008,22.093018114917495,22.042307735464487,22.05075973404897,491700
2019-04-22,22.03385353088379,22.059209524098637,22.03385353088379,22.050757526360353,230300
2019-04-23,22.109922409057617,22.160632789191745,22.109922409057617,22.12682640645363,734000
2019-04-24,22.21979522705078,22.2620536055333,22.135276858031936,22.16908323840719,565400
2019-04-25,22.262054443359375,22.27050644178473,22.22824644965796,22.25360244493402,709900
2019-04-26,22.236698150634766,22.236698150634766,22.185987772814837,22.22824615232247,268300
2019-04-29,22.18598747253418,22.253601846063557,22.18598747253418,22.236697849667756,293500
2019-04-30,22.11837387084961,22.1521802527671,22.101469873863927,22.109921872356768,1107300
2019-05-01,22.14373016357422,22.16908454733921,22.033855793746252,22.093018171936432,732900
2019-05-02,22.194442749023438,22.202894748469763,22.152182751791806,22.152182751791806,240100
2019-05-03,22.109922409057617,22.21134478137979,22.109922409057617,22.202892782681783,1292700
2019-05-06,22.126827239990234,22.169085623018262,22.11837524097383,22.16063362400186,453100
2019-05-07,22.14373016357422,22.185988544551805,22.13527816496792,22.152180550126616,451300
2019-05-08,22.152177810668945,22.1690818057911,22.118371432478337,22.135275427600494,254100
2019-05-09,22.109922409057617,22.16908478788975,22.076116026319504,22.152180790493738,205000
2019-05-10,22.101469039916992,22.109921038090917,22.050758662927258,22.076114657449033,273200
2019-05-13,22.101469039916992,22.109921038090917,22.033854666579405,22.033854666579405,395400
2019-05-14,22.152177810668945,22.152177810668945,22.135275427600494,22.135275427600494,200100
2019-05-15,22.16063117980957,22.194439172146346,22.13527679761079,22.177535175977958,414700
2019-05-16,22.21979522705078,22.24514960931877,22.194439232728985,22.194439232728985,169400
2019-05-17,22.270503997802734,22.270503997802734,22.22824401031361,22.22824401031361,399700
2019-05-20,22.253602981567383,22.262054980196552,22.245150982938217,22.262054980196552,400400
2019-05-21,22.287410736083984,22.304313121106404,22.236698744855058,22.287410736083984,758700
2019-05-22,22.30431365966797,22.30431365966797,22.278959275495186,22.28741127423742,311500
2019-05-23,22.262054443359375,22.371927198781236,22.236698448083313,22.363475200355886,538400
2019-05-24,22.18598747253418,22.236697849667756,22.18598747253418,22.228245851469858,228000
2019-05-28,22.27895736694336,22.295859750925942,22.228245378834238,22.228245378834238,455000
2019-05-29,22.329668045043945,22.33812004317646,22.295860052513888,22.312764048778917,355200
2019-05-30,22.33812141418457,22.363475798084433,22.329669415533314,22.346573412835827,228300
2019-05-31,22.24515151977539,22.304313899553417,22.236699520942253,22.304313899553417,569600
2019-06-03,22.126827239990234,22.228248004079095,22.101471242941027,22.228248004079095,2164100
2019-06-04,22.101469039916992,22.160631415080655,22.084565043569143,22.143729030786623,880800
2019-06-05,22.177536010742188,22.177536010742188,22.067663255619646,22.08456564037044,1373700
2019-06-06,22.101469039916992,22.135277032612695,22.050758662927258,22.101469039916992,567000
2019-06-07,22.008502960205078,22.0423093449576,21.974694963398537,22.025405346554333,685100
2019-06-10,22.03385353088379,22.093015902998033,22.03385353088379,22.042305528622073,497700
2019-06-11,22.042306900024414,22.06766289481683,22.025402903496136,22.042306900024414,160500
2019-06-12,22.101469039916992,22.109921038090917,22.033854666579405,22.067662659275108,407200
2019-06-13,22.11837387084961,22.135277867835295,22.101469873863927,22.11837387084961,288800
2019-06-14,22.236698150634766,22.253602147259357,22.17753577450254,22.194439771127133,541100
2019-06-17,22.24515151977539,22.25360351860853,22.20289313766364,22.20289313766364,226000
2019-06-18,22.27895736694336,22.295859750925942,22.21979499286984,22.21979499286984,782400
2019-06-19,22.177536010742188,22.253602384309275,22.135277630784408,22.23669838750462,853600
2019-06-20,22.042306900024414,22.07611489308097,22.033854901760275,22.050758898288553,652300
2019-06-21,21.93243408203125,22.05075883327265,21.93243408203125,22.025402838554996,1123300
2019-06-24,21.89862823486328,21.940886618146333,21.890176235795874,21.923984232065507,3073800
2019-06-25,21.949337005615234,21.983144999402565,21.88172263009445,21.898626626988115,1605700
2019-06-26,21.96624183654785,21.983145834083345,21.9155314559953,21.957789837780105,224300
2019-06-27,21.96624183654785,21.9746938353156,21.957789837780105,21.957789837780105,753200
2019-06-28,21.949337005615234,21.983144999402565,21.923982622328612,21.949337005615234,285900
2019-07-01,22.109922409057617,22.118374407755624,22.008501648789363,22.01695203543345,1022300
2019-07-02,22.093017578125,22.109921574883256,22.050759198283227,22.076115193420605,383900
2019-07-03,22.093017578125,22.109921574883256,22.050759198283227,22.076115193420605,677800
2019-07-05,22.21134376525879,22.262054143073026,22.20289176694744,22.20289176694744,389700
2019-07-08,22.253602981567383,22.262054980196552,22.228246985679878,22.236698984309047,316900
2019-07-09,22.270503997802734,22.287407992798382,22.26205200030491,22.278955995300556,370400
2019-07-10,22.177536010742188,22.23669838750462,22.16908401233986,22.219796002753828,540500
2019-07-11,22.177536010742188,22.20289200594917,22.16908401233986,22.16908401233986,158900
2019-07-12,22.135278701782227,22.177537083784642,22.118374704159685,22.177537083784642,208900
2019-07-15,22.169082641601562,22.169082641601562,22.135276262136397,22.135276262136397,217900
2019-07-16,22.270503997802734,22.278955995300556,22.22824401031361,22.22824401031361,485600
2019-07-17,22.228246688842773,22.262054682907976,22.211344303864056,22.262054682907976,260000
2019-07-18,22.109922409057617,22.245151164117903,22.109922409057617,22.228247166721886,350600
2019-07-19,22.21979522705078,22.253601607426035,22.194439232728985,22.211343228943516,332100
2019-07-22,22.262054443359375,22.262054443359375,22.236698448083313,22.245150446508667,286100
2019-07-23,22.363475799560547,22.37192779821236,22.33812141565901,22.33812141565901,309900
2019-07-24,22.363475799560547,22.38037979686418,22.329669417007196,22.355025412962643,292300
2019-07-25,22.405736923217773,22.422640921374235,22.32121854448947,22.34657454172416,1315600
2019-07-26,22.439542770385742,22.464898767013537,22.414188385811904,22.414188385811904,438500
2019-07-29,22.456445693969727,22.481801689384657,22.447993695498084,22.47334969091301,803900
2019-07-30,22.456445693969727,22.4902536878563,22.456445693969727,22.47334969091301,274300
2019-07-31,22.591676712036133,22.600128711355765,22.439543948390792,22.464899946349696,810400
2019-08-01,22.52406120300293,22.65083796234869,22.515609204106017,22.65083796234869,1117900
2019-08-02,22.473350524902344,22.532512904345495,22.464898526117047,22.532512904345495,370700
2019-08-05,22.363475799560547,22.39728379416781,22.329669417007196,22.38037979686418,1188500
2019-08-06,22.388832092285156,22.40573608981285,22.35502570928369,22.388832092285156,369900
2019-08-07,22.37192726135254,22.380379259801533,22.312764884263462,22.346572878059433,1999900
2019-08-08,22.388832092285156,22.40573608981285,22.329669712992146,22.40573608981285,2407900
2019-08-09,22.363475799560547,22.388831795515994,22.32121741835538,22.363475799560547,523600
2019-08-12,22.346572875976562,22.355024874424767,22.321216880631948,22.338120877528358,650200
2019-08-13,22.4479923248291,22.4479923248291,22.338119575514295,22.346571573469863,483800
2019-08-14,22.49870491027832,22.49870491027832,22.42263853871117,22.439540923017567,813600
2019-08-15,22.515607833862305,22.540963829009936,22.473349454003444,22.481801452385987,2435300
2019-08-16,22.532512664794922,22.574771046218213,22.515608667404038,22.574771046218213,730300
2019-08-19,22.583223342895508,22.591675341702473,22.54096496091462,22.549416959721587,517900
2019-08-20,22.532512664794922,22.600127042304543,22.52406066609948,22.5916750436091,516700
2019-08-21,22.5578670501709,22.574769434300975,22.53251105589508,22.540963053987017,1076900
2019-08-22,22.540964126586914,22.566320122069286,22.515608131104543,22.540964126586914,299600
2019-08-23,22.414188385009766,22.62548352073862,22.405736386134137,22.566321140663174,2520300
2019-08-26,22.532512664794922,22.532512664794922,22.49025428337163,22.498706282067072,487700
2019-08-27,22.515607833862305,22.515607833862305,22.49025345076853,22.498705449151075,284900
2019-08-28,22.56631851196289,22.5747688978002,22.54096251828967,22.549414516180743,808700
2019-08-29,22.6254825592041,22.642386556236975,22.56632018164293,22.591674565138355,1463500
2019-08-30,22.71000099182129,22.75225937246032,22.608578621412178,22.64238661556651,623500
2019-09-03,22.760711669921875,22.828326047064653,22.735355673973118,22.81142204976548,1803600
2019-09-04,22.617029190063477,22.676191564039325,22.608577192059244,22.66773956603509,1136600
2019-09-05,22.6254825592041,22.6254825592041,22.54096418609362,22.549416184610056,799900
2019-09-06,22.633934020996094,22.633934020996094,22.56631964652184,22.591674029416033,813300
2019-09-09,22.591676712036133,22.6085807106754,22.566322326131267,22.600128711355765,936100
2019-09-10,22.617029190063477,22.625481188067713,22.60012519405501,22.608577192059244,286900
2019-09-11,22.68464469909668,22.710000694380334,22.676192700668796,22.68464469909668,449500
2019-09-12,22.617029190063477,22.735353938015173,22.583221198046544,22.718449942006707,450400
2019-09-13,22.583223342895508,22.608579339316403,22.566320957335517,22.574771344088543,2010800
2019-09-16,22.68464469909668,22.70154869595245,22.650836705385142,22.650836705385142,433100
2019-09-17,22.583223342895508,22.684645716525146,22.583223342895508,22.667741718911216,395400
2019-09-18,22.667739868164062,22.70154786063161,22.608577493399665,22.61702949151655,895600
2019-09-19,22.617029190063477,22.64238518407618,22.591673196050778,22.617029190063477,517200
2019-09-20,22.676193237304688,22.701549233188395,22.667741238676786,22.676193237304688,303200
2019-09-23,22.71000099182129,22.726903376844568,22.693096994744124,22.726903376844568,355300
2019-09-24,22.6254825592041,22.693096935281712,22.6254825592041,22.693096935281712,513600
2019-09-25,22.802968978881836,22.811420977133995,22.718450608414084,22.7353546049184,894900
2019-09-26,22.862131118774414,22.870583116939393,22.760710364902316,22.77761436123227,821500
2019-09-27,22.828325271606445,22.85368126669388,22.802969276519008,22.85368126669388,394300
2019-09-30,22.904394149780273,22.912846149067114,22.870586152632907,22.904394149780273,427500
2019-10-01,22.828325271606445,22.963554021298396,22.819873273243964,22.955102022935918,972700
2019-10-02,22.81142234802246,22.853682341822935,22.802970349262367,22.84523034306284,713300
2019-10-03,22.802968978881836,22.82832497363831,22.7353546049184,22.819872975386154,896300
2019-10-04,22.78606605529785,22.819874049898395,22.77761566870163,22.802970052598123,2127300
2019-10-07,22.828325271606445,22.828325271606445,22.769162895122946,22.777614893485424,452900
2019-10-08,22.862131118774414,22.887487113269348,22.819872740003344,22.819872740003344,1320500
2019-10-09,22.845230102539062,22.862132487827367,22.819874106525738,22.819874106525738,346000
2019-10-10,22.75225830078125,22.811420675710774,22.743806302640774,22.786064681289343,467300
2019-10-11,22.667739868164062,22.70154786063161,22.642385485867212,22.667739868164062,558800
2019-10-14,22.735353469848633,22.735353469848633,22.701547090581624,22.71844947418825,336600
2019-10-15,22.667739868164062,22.76071023539601,22.659287870047176,22.743806239162236,413600
2019-10-16,22.608579635620117,22.667742015990303,22.591675637784647,22.650838018154833,614600
2019-10-17,22.52406120300293,22.549417199693664,22.507157205209104,22.53251320189984,545400
2019-10-18,22.439542770385742,22.50715714933924,22.439542770385742,22.490254763641328,397300
2019-10-21,22.456445693969727,22.47334969091301,22.43109131060867,22.43109131060867,391100
2019-10-22,22.507156372070312,22.51560837065436,22.44799399403588,22.490253986956116,2139300
2019-10-23,22.49870491027832,22.53251129094493,22.481800913918104,22.515607294584715,408100
2019-10-24,22.56631851196289,22.583220895691273,22.49025214299699,22.49025214299699,624900
2019-10-25,22.591676712036133,22.6085807106754,22.557870326811635,22.574772713396865,368600
2019-10-28,22.574771881103516,22.58322388011154,22.557869495141446,22.574771881103516,505800
2019-10-29,22.56631851196289,22.583220895691273,22.54096251828967,22.5747688978002,325400
2019-10-30,22.515607833862305,22.63393419916406,22.50715583547976,22.566319824157567,319200
2019-10-31,22.473350524902344,22.515608906774897,22.473350524902344,22.49025452247294,293500
2019-11-01,22.46489715576172,22.490253150570904,22.447993159222264,22.481801152301177,648800
2019-11-04,22.549415588378906,22.549415588378906,22.490253212382054,22.49870521067501,389200
2019-11-05,22.633934020996094,22.65083640557427,22.58322203110002,22.591674029416033,1795200
2019-11-06,22.633934020996094,22.642386019312106,22.608578026048058,22.608578026048058,425200
2019-11-07,22.68464469909668,22.710000694380334,22.650836705385142,22.650836705385142,548200
2019-11-08,22.735353469848633,22.75225746550901,22.71844947418825,22.743805467678822,237400
2019-11-11,22.701549530029297,22.710001528767716,22.693097531290878,22.710001528767716,135500
2019-11-12,22.735353469848633,22.75225746550901,22.71844947418825,22.735353469848633,347500
2019-11-13,22.726903915405273,22.752259911621888,22.726903915405273,22.752259911621888,150900
2019-11-14,22.71000099182129,22.7607113709989,22.693096994744124,22.743807373921733,123200
2019-11-15,22.65928840637207,22.68464440132288,22.65928840637207,22.676192403005945,439200
2019-11-18,22.617029190063477,22.64238518407618,22.591673196050778,22.64238518407618,528700
2019-11-19,22.64238739013672,22.64238739013672,22.61703139365357,22.625483392481286,269700
2019-11-20,22.64238739013672,22.676193773393642,22.64238739013672,22.650837776910492,473500
2019-11-21,22.676193237304688,22.693097234560494,22.63393485621908,22.642386854846983,111300
2019-11-22,22.743806838989258,22.752258837329048,22.659288467645176,22.659288467645176,225800
2019-11-25,22.760711669921875,22.769163668571462,22.72690367532353,22.760711669921875,601200
2019-11-26,22.735353469848633,22.769161461169393,22.735353469848633,22.75225746550901,307900
2019-11-27,22.769161224365234,22.78606360779607,22.760709226622946,22.769161224365234,176000
2019-11-29,22.743806838989258,22.802969215313958,22.735354840649464,22.77761483234843,2004200
2019-12-02,22.650836944580078,22.726903319180437,22.642386558116822,22.7184513206633,704800
2019-12-03,22.6254825592041,22.642386556236975,22.60857856217123,22.6254825592041,499700
2019-12-04,22.600126266479492,22.61703026329009,22.54941588810156,22.566319884912158,317000
2019-12-05,22.549415588378906,22.583221969496893,22.549415588378906,22.583221969496893,270800
2019-12-06,22.633934020996094,22.667740402206295,22.608578026048058,22.61703002436407,313400
2019-12-09,22.608579635620117,22.633935632373323,22.600127636702382,22.600127636702382,212200
2019-12-10,22.583223342895508,22.608579339316403,22.566320957335517,22.574771344088543,205700
2019-12-11,22.49870491027832,22.58322166797176,22.473348915737997,22.56631928366536,552300
2019-12-12,22.532512664794922,22.600127042304543,22.49025428337163,22.49025428337163,627300
2019-12-13,22.532512664794922,22.532512664794922,22.464898287285305,22.464898287285305,291700
2019-12-16,22.49025535583496,22.507157741977927,22.456447359441036,22.473351357638,814400
2019-12-17,22.532512664794922,22.532512664794922,22.507156668708596,22.515608667404038,199300
2019-12-18,22.574771881103516,22.58322388011154,22.549417496133422,22.557869495141446,237900
2019-12-19,22.574771881103516,22.591675879119563,22.557869495141446,22.58322388011154,427300
2019-12-20,22.650836944580078,22.659288943097216,22.617030562565407,22.617030562565407,686800
2019-12-23,22.638771057128906,22.733602687448336,22.621528643556815,22.733602687448336,826000
2019-12-24,22.638771057128906,22.656013470700994,22.621528643556815,22.64739226391495,274200
2019-12-26,22.60428237915039,22.638767200419785,22.595661173833044,22.621524789785088,235100
2019-12-27,22.492210388183594,22.535314771190006,22.474967977250305,22.51807400458353,573300
2019-12-30,22.449108123779297,22.45772768573259,22.414623298658263,22.449108123779297,527600
2019-12-31,22.388757705688477,22.39737891120856,22.35427452793496,22.380136500168394,505200
2020-01-02,22.46634864807129,22.48359106044459,22.406001849091698,22.457727441884643,556500
2020-01-03,22.492210388183594,22.51807400458353,22.449106005177182,22.51807400458353,663500
2020-01-06,22.440486907958984,22.457727676185208,22.43186570168239,22.43186570168239,308800
2020-01-07,22.518075942993164,22.535316711083766,22.500833530575605,22.500833530575605,145100
2020-01-08,22.57842254638672,22.595663314327858,22.53531651571653,22.54393772185057,685600
2020-01-09,22.621524810791016,22.656009632092427,22.621524810791016,22.621524810791016,167000
2020-01-10,22.60428237915039,22.647388405737132,22.595661173833044,22.638767200419785,211800
2020-01-13,22.60428237915039,22.638767200419785,22.595661173833044,22.630145995102435,217000
2020-01-14,22.612903594970703,22.656009621577464,22.60428238964935,22.64738841625611,589900
2020-01-15,22.57842254638672,22.604284520461896,22.56980134025268,22.56980134025268,242500
2020-01-16,22.612903594970703,22.621524800292054,22.578420418012076,22.578420418012076,108600
2020-01-17,22.690494537353516,22.690494537353516,22.66463256373439,22.66463256373439,284500
2020-01-21,22.67325210571289,22.681873311687422,22.638768926141676,22.638768926141676,327200
2020-01-22,22.656009674072266,22.699114056452117,22.647388468730938,22.647388468730938,216500
2020-01-23,22.71635627746582,22.733598688004513,22.690492661657782,22.699113866927128,126400
2020-01-24,22.750843048095703,22.776706667989338,22.742221841464495,22.742221841464495,221800
2020-01-27,22.785324096679688,22.79394530188145,22.759460481074395,22.759460481074395,226800
2020-01-28,22.785324096679688,22.828428478361747,22.785324096679688,22.81118606795822,158400
2020-01-29,22.819807052612305,22.837049462849187,22.793945081583722,22.828428257730746,152600
2020-01-30,22.750843048095703,22.793949081251757,22.750843048095703,22.78532787462055,160900
2020-01-31,22.656009674072266,22.724977672476104,22.647388468730938,22.716356467134776,784700
2020-02-03,22.768083572387695,22.785325984219586,22.742219954639857,22.742219954639857,860600
2020-02-04,22.802568435668945,22.802568435668945,22.785326023807094,22.785326023807094,469400
2020-02-05,22.888776779174805,22.888776779174805,22.845672394651494,22.862914806191565,388100
2020-02-06,22.931882858276367,22.94912526985422,22.88877682933173,22.88877682933173,140600
2020-02-07,22.98360824584961,22.98360824584961,22.923261450186555,22.923261450186555,95700
2020-02-10,23.018091201782227,23.02671076246911,22.983606381727792,23.00084879175501,256100
2020-02-11,22.992229461669922,23.00947187310319,22.98360825595329,23.00947187310319,268900
2020-02-12,23.052576065063477,23.0611972707082,22.983608064232563,22.983608064232563,172400
2020-02-13,23.078439712524414,23.078439712524414,23.035333684243795,23.05257609555604,592400
2020-02-14,23.0698184967041,23.087060908008752,23.043954879747126,23.078439702356427,162600
2020-02-18,23.156030654907227,23.164651861209606,23.10430341709295,23.156030654907227,148400
2020-02-19,23.199132919311523,23.224996535852075,23.190511713798006,23.199132919311523,246100
2020-02-20,23.268102645874023,23.268102645874023,23.216377053281064,23.22499825943438,385600
2020-02-21,23.130165100097656,23.224996717159833,23.121543894516837,23.224996717159833,1199500
2020-02-24,23.13878631591797,23.173269493929674,23.087060726736997,23.16464993267187,335800
2020-02-25,23.0698184967041,23.138786497595856,23.043954879747126,23.13016529194353,355000
2020-02-26,23.087060928344727,23.13878651797739,23.06981851702489,23.095682134004644,1037600
2020-02-27,22.949125289916992,23.00085088036891,22.923261672527598,22.96636605718305,1103600
2020-02-28,22.871538162231445,23.02671494770045,22.837053335909207,22.94912737712946,4081100
2020-03-02,22.750843048095703,22.776706667989338,22.664634270437663,22.768085461358126,1447200
2020-03-03,22.656009674072266,22.7508396441733,22.612903647365624,22.7508396441733,1429500
2020-03-04,22.733600616455078,22.768083796130835,22.707736998453075,22.733600616455078,613900
2020-03-05,22.561180114746094,22.656011737812143,22.55255890861946,22.621526913305605,848300
2020-03-06,22.43186378479004,22.449106195869792,22.345653373718097,22.35427457925797,1574800
2020-03-09,22.190473556518555,22.199094761512132,21.24216238347211,22.190473556518555,2684400
2020-03-10,22.518075942993164,22.552559123501325,22.33703390126272,22.33703390126272,5135700
2020-03-11,22.55255889892578,22.56118010504871,22.42324409573571,22.4491077141045,722700
2020-03-12,22.793947219848633,22.983608817265996,22.57842200464972,22.630147595885926,3224700
2020-03-13,23.656047821044922,24.112960219883288,22.880157383708763,22.90601935687961,1333500
2020-03-16,22.897396087646484,23.009470109043534,22.699113304346145,22.97498528882083,1673200
2020-03-17,23.30258560180664,23.362932395713592,23.199132780589864,23.216375191513794,1456000
2020-03-18,23.656047821044922,24.14744504321359,23.46638458138201,23.475005787214585,4116300
2020-03-19,24.216413497924805,24.914714740139353,23.923299071449183,24.90609353414573,4056500
2020-03-20,24.147443771362305,24.207790564684977,23.862950571179137,24.13882256598381,6811700
2020-03-23,24.112958908081055,24.13882252417174,23.906054912335943,24.018128937735455,2220200
2020-03-24,23.83708953857422,23.914678751063217,23.716395938847764,23.750879119772335,5991000
2020-03-25,23.612939834594727,23.828465029563503,23.535350632859828,23.750875827828605,4433200
2020-03-26,23.233619689941406,23.414660087928446,23.22499848370484,23.406038881691877,7221000
2020-03-27,23.043956756591797,23.371556020754504,22.992231162791835,23.345692401691036,4150600
2020-03-30,23.147409439086914,23.23361985774829,23.13878823278808,23.18189261995528,2272500
2020-03-31,23.130165100097656,23.31982668989518,23.09568192210121,23.25947989515628,1534800
2020-04-01,23.276723861694336,23.319828248151882,23.23361947523679,23.268102655537437,3000000
2020-04-02,23.397415161132812,23.457761953976867,23.311206396685183,23.380174394839354,3650000
2020-04-03,23.5267333984375,23.578458989933242,23.48362736858529,23.500869780526173,3110700
2020-04-06,23.53535270690918,23.587079942175396,23.492248321847555,23.50949073360296,1704900
2020-04-07,23.319826126098633,23.362932152960568,23.276721743563492,23.285342948935877,2140300
2020-04-08,23.406036376953125,23.406036376953125,23.337068378767984,23.337068378767984,2153400
2020-04-09,23.233619689941406,23.276724076797287,23.181892452522003,23.233619689941406,1685500
2020-04-13,23.199132919311523,23.250858508065807,23.173269302770972,23.224996535852075,1185600
2020-04-14,23.0698184967041,23.138786497595856,23.0698184967041,23.121544086291205,2435900
2020-04-15,23.242238998413086,23.328449415511745,23.173270993599548,23.319828209369184,2069600
2020-04-16,23.345691680908203,23.431902097464437,23.268102470440287,23.293966088705236,2609300
2020-04-17,23.285343170166016,23.311206786528903,23.250858348348835,23.293964375620313,881600
2020-04-20,23.362934112548828,23.362934112548828,23.28534490201627,23.33707049426233,1298900
2020-04-21,23.397415161132812,23.466383159286988,23.362931984219117,23.44914239299353,1643800
2020-04-22,23.466384887695312,23.475006093640424,23.362933705007784,23.362933705007784,947700
2020-04-23,23.475006103515625,23.500869721361838,23.36293371483584,23.483627309464364,1491100
2020-04-24,23.423280715942383,23.47500630775794,23.414659509918636,23.44914433401362,843600
2020-04-27,23.362934112548828,23.388796086508393,23.319828082071336,23.328449288166833,2184200
2020-04-28,23.337068557739258,23.345689763119363,23.25085814826499,23.259479353645094,1051400
2020-04-29,23.242238998413086,23.311208647553563,23.224998230454904,23.259481410698207,781800
2020-04-30,23.09568214416504,23.276722530122438,23.069818527173904,23.250858913131303,1839200
2020-05-01,23.121543884277344,23.138786295431345,23.052575883988165,23.09568191187317,1096100
2020-05-04,23.250858306884766,23.259479512323686,23.199132718578046,23.216375129455887,1000500
2020-05-05,23.268102645874023,23.302587470487293,23.19051343482111,23.27672385202734,4938200
2020-05-06,23.38017463684082,23.388794197913377,23.311206637972777,23.337068609844046,755100
2020-05-07,23.311206817626953,23.43190040549448,23.285343201229566,23.406036789097094,653200
2020-05-08,23.30258560180664,23.32844757386573,23.199132780589864,23.30258560180664,1091300
2020-05-11,23.388795852661133,23.41465947068904,23.328449054922938,23.345691466941542,4346000
2020-05-12,23.345691680908203,23.345691680908203,23.268102470440287,23.293966088705236,629400
2020-05-13,23.388795852661133,23.406038264679736,23.276723463194042,23.293965875212645,826600
2020-05-14,23.414657592773438,23.45776197503595,23.388793976819862,23.440521208727013,940300
2020-05-15,23.431901931762695,23.449144343817395,23.35431272184346,23.380176339925512,450800
2020-05-18,23.242238998413086,23.362934240081984,23.233619436597465,23.345691827796866,1819600
2020-05-19,23.22499656677246,23.233617772297453,23.16464977242432,23.216375361247465,803400
2020-05-20,23.147409439086914,23.156030645385748,23.095683845620876,23.130167026489243,1790200
2020-05-21,23.199132919311523,23.224996535852075,23.130164919530205,23.138786125043723,1025400
2020-05-22,23.268102645874023,23.302587470487293,23.25948143972071,23.27672385202734,2072200
2020-05-26,23.09568214416504,23.121544116829327,23.061197321510193,23.112922911165615,1059900
2020-05-27,23.087060928344727,23.16465013495715,23.06981851702489,23.087060928344727,581800
2020-05-28,22.966365814208984,23.05257622693469,22.94050384142007,23.03533381552418,3065100
2020-05-29,22.931882858276367,22.974987242894134,22.871536062080743,22.91464044669851,1369300
2020-06-01,22.802568435668945,22.888777206324395,22.802568435668945,22.871536438789445,1381400
2020-06-02,22.776702880859375,22.793945291254865,22.724977293999665,22.759460470463885,787400
2020-06-03,22.638771057128906,22.750843456693364,22.638771057128906,22.742222249907318,6785400
2020-06-04,22.55255889892578,22.656011728074,22.50083330651514,22.656011728074,3238700
2020-06-05,22.595661163330078,22.61290357395676,22.535314370463475,22.552556781090157,4095300
2020-06-08,22.535314559936523,22.578420586865658,22.518073793491666,22.552556970708178,1794500
2020-06-09,22.46634864807129,22.54393785942418,22.440486673838294,22.53531665323753,1034100
2020-06-10,22.354276657104492,22.474970257227675,22.31117062539837,22.40600225082486,1231100
2020-06-11,22.57842254638672,22.587043752520756,22.38875930009176,22.449107743030027,1079800
2020-06-12,22.638771057128906,22.733602687448336,22.53531822002343,22.56980304716761,1784900
2020-06-15,22.543935775756836,22.673250567950493,22.509452598524366,22.656009801497657,725200
2020-06-16,22.612903594970703,22.673250387893386,22.56117800736937,22.56117800736937,1421400
2020-06-17,22.63014793395996,22.699115938080855,22.621526727903984,22.621526727903984,751200
2020-06-18,22.71635627746582,22.742218248947083,22.66463069017652,22.681871456388436,616000
2020-06-19,22.742219924926758,22.776704748545487,22.673251922016192,22.673251922016192,1957900
2020-06-22,22.621524810791016,22.69049280906706,22.595661194814955,22.69049280906706,935100
2020-06-23,22.543935775756836,22.543935775756836,22.457725366185464,22.500831393134547,1563800
2020-06-24,22.647390365600586,22.66463277772741,22.587043567483633,22.595663129220117,1174900
2020-06-25,22.681873321533203,22.73360055740284,22.681873321533203,22.716358145446293,1144800
2020-06-26,22.71635627746582,22.76808186475512,22.690492661657782,22.699113866927128,556200
2020-06-29,22.724977493286133,22.750839464779403,22.65600949542612,22.65600949542612,551400
2020-06-30,22.690494537353516,22.76808374686472,22.656011357752377,22.750841334900695,995400
2020-07-01,22.638771057128906,22.699117860304156,22.612907436770772,22.681875446732068,736900
2020-07-02,22.656009674072266,22.699114056452117,22.587041675668427,22.621524852706955,519300
2020-07-06,22.535314559936523,22.561178176094003,22.492210177334186,22.518073793491666,984100
2020-07-07,22.5870418548584,22.604282621351043,22.543935827809786,22.543935827809786,598100
2020-07-08,22.46634864807129,22.54393785942418,22.457727441884643,22.53531665323753,439000
2020-07-09,22.543935775756836,22.55255698114665,22.440484599732628,22.449105805122443,629200
2020-07-10,22.50945281982422,22.52669358644656,22.466346792451343,22.492210408875067,219500
2020-07-13,22.47496795654297,22.492210367460373,22.42324236811757,22.47496795654297,374500
2020-07-14,22.43186378479004,22.49221057924235,22.406000168170408,22.49221057924235,774400
2020-07-15,22.371517181396484,22.39737915391016,22.302549180815287,22.328411153328965,525400
2020-07-16,22.449108123779297,22.45772768573259,22.337034086462907,22.397380886097746,373900
2020-07-17,22.354276657104492,22.38875983814241,22.337034244422043,22.38875983814241,420100
2020-07-20,22.31978988647461,22.38875788686657,22.311168680884762,22.35427470883401,296500
2020-07-21,22.181854248046875,22.302549483949573,22.13874986372032,22.29392827821889,1351000
2020-07-22,22.12150764465332,22.138750056264644,22.087024465757544,22.112886438847656,653800
2020-07-23,22.07840347290039,22.14737147568402,22.035297443456315,22.138750269795207,1249900
2020-07-24,21.983572006225586,22.05254000949165,21.974950800276467,22.026676391644287,1095200
2020-07-27,21.81977081298828,21.85425563430528,21.768045225339566,21.83701322364678,1412600
2020-07-28,21.854257583618164,21.86287878971639,21.802531991355732,21.837015171421708,1246000
2020-07-29,21.750804901123047,21.793910931904232,21.699079308512566,21.793910931904232,1282400
2020-07-30,21.664592742919922,21.768045564154352,21.655973181783295,21.724941181163977,537200
2020-07-31,21.793909072875977,21.80253027829682,21.6645926358901,21.681835046731788,1742100
2020-08-03,21.793909072875977,21.90598145469336,21.785287867455132,21.888739043851672,1447400
2020-08-04,21.716320037841797,21.854256036997867,21.716320037841797,21.845634831509763,1094400
2020-08-05,21.621488571166992,21.647352187809982,21.56114177666017,21.604246160071664,1266200
2020-08-06,21.621488571166992,21.69045657122148,21.587005393303162,21.630109776714654,766900
2020-08-07,21.750804901123047,21.819772906046005,21.742183694966812,21.76804731343552,1201700
2020-08-10,21.785287857055664,21.811149828979055,21.733560624555288,21.785287857055664,1037600
2020-08-11,21.81977081298828,21.83701322364678,21.74218160935182,21.77666643066882,1124600
2020-08-12,21.750804901123047,21.785289725747997,21.71632172082504,21.750804901123047,607700
2020-08-13,21.742183685302734,21.759426097607545,21.64735370628016,21.69907929886765,1077600
2020-08-14,21.707698822021484,21.71632002750549,21.66459279460147,21.699077616537483,1913500
2020-08-17,21.61286735534668,21.655973383064513,21.61286735534668,21.655973383064513,951900
2020-08-18,21.49217414855957,21.53527853271705,21.457689325772105,21.483552942862705,1104800
2020-08-19,21.664592742919922,21.681835153846794,21.48355236116818,21.50941597755849,1512800
2020-08-20,21.604248046875,21.716322084455776,21.604248046875,21.716322084455776,933200
2020-08-21,21.707698822021484,21.776666821566696,21.707698822021484,21.72494123298949,1667500
2020-08-24,21.742183685302734,21.742183685302734,21.64735370628016,21.64735370628016,450400
2020-08-25,21.664592742919922,21.71631997570054,21.655973181783295,21.673213948383356,869200
2020-08-26,21.638729095458984,21.716318294295693,21.62148668586712,21.716318294295693,879900
2020-08-27,21.664592742919922,21.742181947764042,21.55252036054886,21.569762771475737,698300
2020-08-28,21.49217414855957,21.56114214980765,21.483552942862705,21.518036121323316,1200300
2020-08-31,21.466310501098633,21.500795323837313,21.423206117002138,21.466310501098633,1732200
2020-09-01,21.509416580200195,21.526657347283304,21.380100138952322,21.380100138952322,1022900
2020-09-02,21.587005615234375,21.63873120472531,21.578384409598076,21.595625176543827,1923900
2020-09-03,21.595624923706055,21.66459292366212,21.587005362497514,21.612867334776777,1004400
2020-09-04,21.630109786987305,21.707698992626305,21.587005403555338,21.67321417041927,1193400
2020-09-08,21.742183685302734,21.76804730375995,21.707700505020057,21.73356247915033,1556900
2020-09-09,21.707698822021484,21.72494123298949,21.681835205569477,21.72494123298949,646300
2020-09-10,21.750804901123047,21.759426107279285,21.587006917135366,21.612868891277135,950300
2020-09-11,21.707698822021484,21.750803205114686,21.699077616537483,21.699077616537483,467800
2020-09-14,21.655975341796875,21.681837316439903,21.621490516503535,21.638732929150205,611900
2020-09-15,21.673213958740234,21.6990775751429,21.63010957572926,21.638730781196816,448500
2020-09-16,21.699077606201172,21.724941222640858,21.621488401208918,21.63873081216871,601600
2020-09-17,21.621488571166992,21.724941393412134,21.621488571166992,21.724941393412134,875600
2020-09-18,21.647354125976562,21.664594894288694,21.59562688805925,21.647354125976562,820100
2020-09-21,21.802532196044922,21.845636582613803,21.75080495896993,21.759426165149094,1408500
2020-09-22,21.88011932373047,21.9146041477548,21.793910552323464,21.81115132000872,1328300
2020-09-23,22.00081443786621,22.018056849779924,21.89736161071083,21.940467640495115,12116400
2020-09-24,21.96632957458496,22.035297577789038,21.931846395146373,22.018056810233194,2385000
2020-09-25,22.026674270629883,22.06978029622468,22.018054709837667,22.043916680867802,1410500
2020-09-28,21.95770835876465,21.983571976577128,21.923225179341575,21.940467591216564,756400
2020-09-29,21.854257583618164,21.91460438197882,21.854257583618164,21.897361969782366,1239000
2020-09-30,21.854257583618164,21.9404680002735,21.81115155312703,21.897361969782366,1218000
2020-10-01,21.81977081298828,21.880117605966245,21.81977081298828,21.83701322364678,915800
2020-10-02,21.871498107910156,21.880117668937427,21.83701328649391,21.871498107910156,1354000
2020-10-05,21.776668548583984,21.785289754751698,21.742183723913122,21.785289754751698,1047100
2020-10-06,21.837013244628906,21.854255655303973,21.742181630242825,21.742181630242825,2283000
2020-10-07,21.8111515045166,21.828393916674628,21.793910736685504,21.819772710595615,1158500
2020-10-08,21.802532196044922,21.85425778879297,21.793910989865758,21.811151757897143,885300
2020-10-09,21.673213958740234,21.72494119154557,21.65597319213193,21.6990775751429,1993200
2020-10-12,21.647354125976562,21.673216100608247,21.647354125976562,21.664594894288694,676000
2020-10-13,21.776668548583984,21.785289754751698,21.73356251774541,21.742183723913122,12537500
2020-10-14,21.72494125366211,21.750803225811914,21.69907763718549,21.733560814827502,879300
2020-10-15,21.828392028808594,21.854255644808774,21.81114961814181,21.828392028808594,1417200
2020-10-16,21.802532196044922,21.811151757897143,21.776668577507426,21.793910989865758,951300
2020-10-19,21.73356056213379,21.75080297291773,21.690456179500742,21.69907738489271,545900
2020-10-20,21.664592742919922,21.699077564773667,21.63873077085642,21.681835153846794,1538500
2020-10-21,21.552520751953125,21.595625135726294,21.51803592947312,21.595625135726294,1624000
2020-10-22,21.638729095458984,21.638729095458984,21.58700351101007,21.58700351101007,1276100
2020-10-23,21.587005615234375,21.63873120472531,21.578384409598076,21.578384409598076,481500
2020-10-26,21.664592742919922,21.664592742919922,21.630109565392985,21.630109565392985,368300
2020-10-27,21.621488571166992,21.630109776714654,21.587005393303162,21.604246160071664,181800
2020-10-28,21.75942611694336,21.785289735423557,21.724942936630036,21.750804910783295,648700
2020-10-29,21.84563636779785,21.90598316613165,21.81115154342029,21.81115154342029,1219600
2020-10-30,21.871498107910156,21.89736007964555,21.811149670431725,21.828392081139846,608500
2020-11-02,21.89735984802246,21.92322346381107,21.880117437496722,21.9146022585482,1713500
2020-11-03,21.776668548583984,21.785289754751698,21.707700543569207,21.75080493008084,6207800
2020-11-04,21.742183685302734,21.811151690195036,21.716321711172462,21.78528971606476,1126600
2020-11-05,21.5352783203125,21.612867526492177,21.509416347803832,21.561141937148005,1556800
2020-11-06,21.45768928527832,21.526657286396247,21.44044851824398,21.483552902320113,3497000
2020-11-09,21.595624923706055,21.6301097458475,21.43182695151466,21.43182695151466,1846300
2020-11-10,21.595624923706055,21.604246129241414,21.55252054035607,21.55252054035607,734400
2020-11-11,21.621488571166992,21.681835365673816,21.621488571166992,21.655973393357648,495700
2020-11-12,21.621488571166992,21.647352187809982,21.595624954524,21.63873098226232,497400
2020-11-13,21.578384399414062,21.604246371983905,21.569763193781835,21.595625166351677,1036000
2020-11-16,21.526657104492188,21.56976313253092,21.526657104492188,21.561141926923174,2991700
2020-11-17,21.49217414855957,21.509416559953305,21.474931737165836,21.474931737165836,1027300
2020-11-18,21.500795364379883,21.500795364379883,21.449068130174325,21.48355295297803,408400
2020-11-19,21.466310501098633,21.56114211930315,21.457689295413964,21.56114211930315,302800
2020-11-20,21.49217414855957,21.500795354256436,21.457689325772105,21.457689325772105,333800
2020-11-23,21.526657104492188,21.578384338138665,21.414584720245156,21.4232059258529,749600
2020-11-24,21.423206329345703,21.52665750993343,21.423206329345703,21.50079553694993,665600
2020-11-25,21.388721466064453,21.44044870058796,21.380100260310535,21.423206289080124,599100
2020-11-27,21.345617294311523,21.380100473343923,21.336996088471704,21.380100473343923,198300
2020-11-30,21.397340774536133,21.397340774536133,21.2766471933368,21.285268398326284,435700
2020-12-01,21.20768165588379,21.3369964570612,21.19043924390629,21.311132839094956,980900
2020-12-02,21.18181800842285,21.242164805933154,21.173196802446107,21.23354359995641,1125200
2020-12-03,21.069746017456055,21.112850403827252,21.043882399037173,21.069746017456055,1003000
2020-12-04,21.095605850219727,21.1214694660133,21.03525905769483,21.04388026295935,1834200
2020-12-07,21.13009262084961,21.13871382690957,21.069745822756804,21.104229002669726,896900
2020-12-08,21.155954360961914,21.164573921929772,21.11284833448874,21.11284833448874,612100
2020-12-09,21.164575576782227,21.20768160662585,21.112849985296783,21.130092397234232,518700
2020-12-10,21.10422706604004,21.16457385859512,21.078365094560304,21.16457385859512,608700
2020-12-11,21.155954360961914,21.164573921929772,21.130090745078007,21.13871195037264,1017700
2020-12-14,21.095605850219727,21.1214694660133,21.03525905769483,21.04388026295935,455400
2020-12-15,21.026639938354492,21.07836717507318,21.01801873223471,21.052503556713837,853900
2020-12-16,21.000776290893555,21.086985056568025,20.96629146916232,20.97491267459513,749800
2020-12-17,20.888704299926758,20.897325506199593,20.854221119162393,20.880083093653926,922000
2020-12-18,20.914566040039062,20.949049217705884,20.90594483454065,20.92318724553747,898400
2020-12-21,20.957672119140625,21.018018918186062,20.9145677324873,21.009399356316955,618900
2020-12-22,21.069746017456055,21.07836722359568,20.98353560038672,20.98353560038672,1401500
2020-12-23,20.974912643432617,21.01801702620581,20.94904902717262,20.974912643432617,758600
2020-12-24,20.992155075073242,21.000776280501785,20.97491266421616,20.97491266421616,280500
2020-12-28,20.992155075073242,21.009397485930325,20.93180828140025,20.957670253359073,1036100
2020-12-29,20.923185348510742,20.94042775794426,20.880079324926953,20.923185348510742,1444700
2020-12-30,20.836977005004883,20.871460182953246,20.828355799436086,20.86284062171128,1463900
2020-12-31,20.89732551574707,20.923189134577385,20.836978716136638,20.836978716136638,801500
2021-01-04,20.914566040039062,20.914566040039062,20.80249201288655,20.80249201288655,1322800
2021-01-05,20.793874740600586,20.880083516420484,20.7852535341532,20.862842747852703,723300
2021-01-06,20.768009185791016,20.880081570508533,20.768009185791016,20.84559839225962,1042800
2021-01-07,20.888704299926758,20.92318912501809,20.871461887381095,20.871461887381095,1018000
2021-01-08,20.923185348510742,20.98353213720138,20.84559615038659,20.854217355103348,1677700
2021-01-11,21.05250358581543,21.095607972146986,21.009399199483873,21.069745998078826,1445200
2021-01-12,20.9404296875,21.043880864980267,20.923187276477684,21.043880864980267,1360500
2021-01-13,21.0093994140625,21.026640182175047,20.966293382963745,21.00077820784275,956500
2021-01-14,20.966293334960938,21.052503752634113,20.931810154487838,21.0438825464341,614300
2021-01-15,21.10422706604004,21.10422706604004,21.04388027348496,21.052501478753793,1177500
2021-01-19,21.04387855529785,21.06112096442772,21.01801494160305,21.026636146167984,1408600
2021-01-20,21.03525733947754,21.086982922512824,21.018014930356898,21.0611209531585,489300
2021-01-21,20.9404296875,20.992155276240133,20.931808481988842,20.974912865217817,803900
2021-01-22,20.98353385925293,20.992155064677203,20.94904903755584,20.992155064677203,847100
2021-01-25,21.0093994140625,21.04388259461455,20.98353579540325,20.992157001623,580600
2021-01-26,20.949050903320312,20.992156934280786,20.940431341455167,20.974914521896597,857300
2021-01-27,21.078367233276367,21.130092825810948,21.026639996414847,21.04388240870202,982200
2021-01-28,21.026639938354492,21.061124762833618,21.009399170441867,21.052503556713837,663600
2021-01-29,21.05250358581543,21.061124791947126,21.009399199483873,21.009399199483873,876000
2021-02-01,21.155954360961914,21.164573921929772,21.095605923899466,21.104227129194104,2183100
2021-02-02,21.18181800842285,21.21630283232983,21.164575596469366,21.18181800842285,1459000
2021-02-03,21.17319679260254,21.21630282246622,21.17319679260254,21.19043920454801,1656900
2021-02-04,21.268028259277344,21.2852706710974,21.233543435637234,21.233543435637234,1394400
2021-02-05,21.1473331451416,21.207679937847235,21.1473331451416,21.19905873255689,1402500
2021-02-08,21.138713836669922,21.164575810534824,21.12147142454204,21.155956248797807,1732500
2021-02-09,21.026639938354492,21.0697459689534,21.009399170441867,21.052503556713837,2006900
2021-02-10,21.01801872253418,21.01801872253418,20.983535542397906,20.992156748513707,654000
2021-02-11,21.0093994140625,21.026640182175047,20.98353579540325,20.992157001623,257000
2021-02-12,21.026639938354492,21.07836717507318,21.000777964322083,21.0697459689534,501800
2021-02-16,21.026639938354492,21.061124762833618,21.009399170441867,21.035261144474273,1107500
2021-02-17,21.11284828186035,21.155954308226075,21.11284828186035,21.130090692406643,937800
2021-02-18,21.04387855529785,21.104225342925748,21.035257350732916,21.06112096442772,585300
2021-02-19,20.992155075073242,21.018017047032064,20.966291458787616,20.992155075073242,1163300
2021-02-22,20.931808471679688,20.97491285488743,20.90594485515895,20.949049238366694,706800
2021-02-23,20.949050903320312,20.974914521896597,20.914567722878882,20.949050903320312,441600
2021-02-24,20.914566040039062,21.01801721736635,20.914566040039062,20.983534039699524,913600
2021-02-25,20.98353385925293,20.98353385925293,20.836976655693903,20.85421906654245,952200
2021-02-26,21.138713836669922,21.138713836669922,21.0266398021656,21.0266398021656,1347700
2021-03-01,21.155954360961914,21.173195127224407,21.121469539783373,21.121469539783373,2242400
2021-03-02,21.078367233276367,21.17319721220194,21.078367233276367,21.147335238098123,1381600
2021-03-03,21.138713836669922,21.155956248797807,21.095607806350213,21.147335042733864,1015200
2021-03-04,21.276647567749023,21.302509538845857,21.14733277928461,21.181815955522637,2128000
2021-03-05,21.354238510131836,21.38872168918035,21.319753686756435,21.328374892600287,2631000
2021-03-08,21.474931716918945,21.474931716918945,21.40596371573589,21.423206127113367,1656300
2021-03-09,21.354238510131836,21.397342895024202,21.354238510131836,21.380100483336502,1468100
2021-03-10,21.319751739501953,21.397340940683055,21.319751739501953,21.336994149614803,2050200
2021-03-11,21.21630096435547,21.328373343531997,21.21630096435547,21.29389016698797,1643300
2021-03-12,21.28527069091797,21.36285989985357,21.27664948499991,21.34561748801746,789100
2021-03-15,21.3283748626709,21.362859685997908,21.311132451007396,21.3456172743344,504500
2021-03-16,21.3283748626709,21.38010045333453,21.319753656839147,21.33699606850265,338800
2021-03-17,21.22492218017578,21.371479380296304,21.21630097495378,21.336994559408293,3055700
2021-03-18,21.354238510131836,21.354238510131836,21.28527050770792,21.328374892600287,901800
2021-03-19,21.36286163330078,21.41458722867939,21.34561922006557,21.38872360882657,2222500
2021-03-22,21.319751739501953,21.354236559727656,21.3025093293891,21.328372944558378,850600
2021-03-23,21.44906997680664,21.44906997680664,21.397344382474685,21.414586795361004,1252400
2021-03-24,21.500795364379883,21.50941657008081,21.45768933587525,21.492174158678957,1726800
2021-03-25,21.56114387512207,21.58700749428227,21.50079707474193,21.50079707474193,1476700
2021-03-26,21.5352783203125,21.561141937148005,21.51803590908883,21.55252073153617,654800
2021-03-29,21.587005615234375,21.587005615234375,21.526657175780297,21.54389958705289,1128400
2021-03-30,21.673213958740234,21.68183516420779,21.647351986664376,21.65597319213193,749900
2021-03-31,21.655975341796875,21.655975341796875,21.595626897533535,21.647354135473538,1381600
2021-04-01,21.56114387512207,21.630111881888944,21.56114387512207,21.595627056342014,1955700
2021-04-05,21.49217414855957,21.552520944110785,21.483552942862705,21.543899738413916,1704600
2021-04-06,21.440446853637695,21.483551234367265,21.431825648626436,21.474930029356006,1845900
2021-04-07,21.466310501098633,21.483552912467974,21.397342499948127,21.423206117002138,758900
2021-04-08,21.371482849121094,21.414587237900655,21.362861642499773,21.414587237900655,582000
2021-04-09,21.388721466064453,21.431827494834042,21.380100260310535,21.423206289080124,691200
2021-04-12,21.38010025024414,21.397342661743856,21.371480688821144,21.371480688821144,479900
2021-04-13,21.30251121520996,21.362859655947332,21.30251121520996,21.362859655947332,498700
2021-04-14,21.276647567749023,21.31113074398705,21.250783952325442,21.285268772890216,632200
2021-04-15,21.276647567749023,21.29388997803141,21.250783952325442,21.259405157466635,390300
2021-04-16,21.25078773498535,21.268030148336905,21.233545321633798,21.25078773498535,431700
2021-04-19,21.13009262084961,21.17319700682249,21.13009262084961,21.14733503296953,1068000
2021-04-20,21.164575576782227,21.181817988719676,21.12147119126551,21.13871360320296,827200
2021-04-21,21.138713836669922,21.22492425298242,21.138713836669922,21.207681840854534,417300
2021-04-22,21.199060440063477,21.216302852032978,21.164575616124477,21.164575616124477,358100
2021-04-23,21.078367233276367,21.147335238098123,21.06974602713278,21.10422920738019,567800
2021-04-26,21.078367233276367,21.112850413523773,21.061124820989193,21.10422920738019,802000
2021-04-27,21.086986541748047,21.112850159868074,21.06974577399495,21.09560774778806,364800
2021-04-28,21.0093994140625,21.130093012485105,21.0093994140625,21.121471806265355,472700
2021-04-29,21.01801872253418,21.06112475311319,21.01801872253418,21.02663992864998,266300
2021-04-30,21.190439224243164,21.190439224243164,21.078366835147243,21.078366835147243,1124700
2021-05-03,21.095605850219727,21.13871187654235,21.07836508401745,21.13871187654235,1026600
2021-05-04,21.190439224243164,21.199060430223913,21.14733483866633,21.164575606300918,1225600
2021-05-05,21.18181800842285,21.19906042037634,21.173196802446107,21.190439214399596,1427800
2021-05-06,21.078367233276367,21.12147161966736,21.078367233276367,21.12147161966736,476200
2021-05-07,20.923185348510742,21.03525772117526,20.923185348510742,21.018015311741742,1844700
2021-05-10,20.923185348510742,20.9318065532275,20.880079324926953,20.880079324926953,659600
2021-05-11,20.905946731567383,20.91456793784809,20.880083112725263,20.905946731567383,549500
2021-05-12,21.061124801635742,21.061124801635742,20.974914384606034,21.00077800301303,2379900
2021-05-13,21.026639938354492,21.07836717507318,21.01801873223471,21.043882350594057,450000
2021-05-14,20.9404296875,20.966291659706656,20.9404296875,20.957670454195497,638300
2021-05-17,20.914566040039062,20.957670423204295,20.90594483454065,20.949049217705884,251800
2021-05-18,20.819734573364258,20.85421939560549,20.81111336780395,20.819734573364258,673700
2021-05-19,20.914566040039062,20.940429656534292,20.811113218384957,20.86284045137542,1294600
2021-05-20,20.811113357543945,20.862840590880293,20.811113357543945,20.862840590880293,848700
2021-05-21,20.880081176757812,20.914565998683265,20.836976793677813,20.836976793677813,685900
2021-05-24,20.82835578918457,20.854219405878236,20.819734583620015,20.84559820031368,716000
2021-05-25,20.802490234375,20.836975053420357,20.785249469178996,20.802490234375,618800
2021-05-26,20.880081176757812,20.89732358772054,20.811113177233725,20.85421920464054,336300
2021-05-27,20.86284065246582,20.897323830465016,20.854219446884315,20.880081419302,354600
2021-05-28,20.880081176757812,20.949049176281903,20.87145997127645,20.949049176281903,600300
2021-06-01,20.845598220825195,20.845598220825195,20.7938726317138,20.81973460410608,740200
2021-06-02,20.845598220825195,20.897323809936594,20.845598220825195,20.88008139879052,1497400
2021-06-03,20.974912643432617,21.000776259692614,20.931808260659423,20.931808260659423,2083200
2021-06-04,20.89732551574707,20.90594672202384,20.871461896916756,20.89732551574707,1383300
2021-06-07,20.86284065246582,20.88870262488351,20.845598241302806,20.871460213720496,842900
2021-06-08,20.888704299926758,20.905946712472424,20.871461887381095,20.897325506199593,691000
2021-06-09,20.905946731567383,20.91456793784809,20.828357519367987,20.836978725648695,814700
2021-06-10,20.888704299926758,20.940431537563754,20.862842325435224,20.940431537563754,769600
2021-06-11,20.992155075073242,21.018017047032064,20.949049047930533,20.949049047930533,1090100
2021-06-14,20.974912643432617,20.992155054272615,20.95767023259262,20.95767023259262,905900
2021-06-15,20.992155075073242,21.009397485930325,20.9835338696447,20.9835338696447,469600
2021-06-16,21.164575576782227,21.173196782750953,20.983535184419722,20.99215639038845,1917600
2021-06-17,21.3283748626709,21.33699606850265,21.24216444868026,21.259406860343763,1970500
2021-06-18,21.397340774536133,21.423204389504583,21.3714788038944,21.388719569546648,1275600
2021-06-21,21.29389190673828,21.345617497943774,21.285270700816216,21.328375086099644,655200
2021-06-22,21.25940704345703,21.345617458190222,21.25078583755102,21.3197538404722,454500
2021-06-23,21.29389190673828,21.30251146833345,21.216302697766597,21.233543465283827,1048400
2021-06-24,21.276647567749023,21.31113074398705,21.259405157466635,21.276647567749023,414200
2021-06-25,21.28527069091797,21.302511458427183,21.21630268790042,21.233543455409635,356900
2021-06-28,21.29389190673828,21.31975388017758,21.27664949489415,21.30251146833345,777600
2021-06-29,21.345617294311523,21.371480911830986,21.328374882631884,21.354238500151343,634300
2021-06-30,21.405963897705078,21.43182751499116,21.37148071898384,21.37148071898384,869600
2021-07-01,21.466310501098633,21.466310501098633,21.38872129426346,21.41458491131747,2239600
2021-07-02,21.38010025024414,21.46631066341586,21.371480688821144,21.449068251916145,1107400
2021-07-06,21.45768928527832,21.483552902320113,21.414584901202186,21.43182731256338,1152100
2021-07-07,21.49217414855957,21.526657327020185,21.449068120075236,21.46631053146897,699100
2021-07-08,21.405963897705078,21.43182751499116,21.388721486181026,21.397342691943052,1236800
2021-07-09,21.354238510131836,21.38872168918035,21.345617304287984,21.371480921819536,1252200
2021-07-12,21.38010025024414,21.397342661743856,21.35423827732143,21.397342661743856,426500
2021-07-13,21.509416580200195,21.509416580200195,21.423206167477232,21.47493175738027,1477500
2021-07-14,21.405963897705078,21.43182751499116,21.405963897705078,21.414585103467104,890100
2021-07-15,21.466310501098633,21.483552912467974,21.431827322686807,21.449068089729295,376900
2021-07-16,21.49217414855957,21.500795354256436,21.457689325772105,21.474931737165836,812600
2021-07-19,21.526657104492188,21.535278310099933,21.466310309564797,21.492173926388038,1113000
2021-07-20,21.552520751953125,21.595625135726294,21.543899546333122,21.58700557443313,1459200
2021-07-21,21.500795364379883,21.57838457136136,21.492174158678957,21.569763365660435,754900
2021-07-22,21.526657104492188,21.535278310099933,21.431827131460647,21.431827131460647,953500
2021-07-23,21.5352783203125,21.561141937148005,21.526657114700665,21.526657114700665,429200
2021-07-26,21.466310501098633,21.500795323837313,21.440448528371476,21.500795323837313,449400
2021-07-27,21.431827545166016,21.466310723935806,21.397342722069357,21.431827545166016,787300
2021-07-28,21.371482849121094,21.500797659786812,21.371482849121094,21.466312833301537,749500
2021-07-29,21.29389190673828,21.31975388017758,21.285270700816216,21.311132674255514,826200
2021-07-30,21.354238510131836,21.362859715975684,21.29389171355177,21.311132480912587,624000
2021-08-02,21.3283748626709,21.3456172743344,21.302511245175644,21.311132451007396,908000
2021-08-03,21.336994171142578,21.354236581272826,21.311130555947205,21.311130555947205,584100
2021-08-04,21.371482849121094,21.3887236180367,21.276651220613616,21.276651220613616,651900
2021-08-05,21.371482849121094,21.3887236180367,21.345619229257135,21.371482849121094,154500
2021-08-06,21.49217414855957,21.509416559953305,21.449068120075236,21.46631053146897,1315500
2021-08-09,21.5352783203125,21.543899525924335,21.483552730968327,21.483552730968327,432600
2021-08-10,21.552520751953125,21.57838436881313,21.552520751953125,21.57838436881313,868700
2021-08-11,21.509416580200195,21.543899758693268,21.492174168790232,21.51803614157832,993700
2021-08-12,21.5352783203125,21.55252073153617,21.526657114700665,21.5352783203125,178900
2021-08-13,21.431827545166016,21.4921743412583,21.414585133617685,21.474931929709967,741000
2021-08-16,21.44906997680664,21.4576911832498,21.423208001804163,21.43182920824732,487200
2021-08-17,21.578384399414062,21.578384399414062,21.518035959988467,21.518035959988467,1009400
2021-08-18,21.578384399414062,21.604246371983905,21.526657165620694,21.561141988149608,537400
2021-08-19,21.68183708190918,21.68183708190918,21.62149028262558,21.63873269508574,990400
2021-08-20,21.655975341796875,21.690458522763237,21.647354135473538,21.681837316439903,775600
2021-08-23,21.526657104492188,21.587005543746415,21.526657104492188,21.56976313253092,1123400
2021-08-24,21.509416580200195,21.55252096439825,21.492174168790232,21.535278552988284,1077100
2021-08-25,21.49217414855957,21.569763355504517,21.49217414855957,21.543899738413916,668400
2021-08-26,21.552520751953125,21.561141957573128,21.526657135093117,21.526657135093117,322000
2021-08-27,21.45768928527832,21.578384520479833,21.449068079597723,21.561142109118638,860300
2021-08-30,21.45768928527832,21.483552902320113,21.449068079597723,21.45768928527832,380200
2021-08-31,21.45768928527832,21.474931696639516,21.40596369552159,21.423206106882784,697100
2021-09-01,21.41458511352539,21.423206319291467,21.388721496227166,21.405963907759315,1026700
2021-09-02,21.36286163330078,21.405966022061783,21.354240426683173,21.38872360882657,806600
2021-09-03,21.319751739501953,21.336994149614803,21.293889768659405,21.311130534445525,726500
2021-09-07,21.423206329345703,21.431827535115826,21.380100300495094,21.39734271203534,452600
2021-09-08,21.45768928527832,21.50079531368131,21.44044851824398,21.466310490958918,1004800
2021-09-09,21.405963897705078,21.449068282188342,21.388721486181026,21.405963897705078,197600
2021-09-10,21.440446853637695,21.44906641432223,21.38871962357014,21.3973408285814,399600
2021-09-13,21.440446853637695,21.466308824344747,21.431825648626436,21.466308824344747,157500
2021-09-14,21.440446853637695,21.457687619333488,21.371478857874344,21.38009841855888,380500
2021-09-15,21.397340774536133,21.431825594494068,21.397340774536133,21.405961979525614,187700
2021-09-16,21.49217414855957,21.518036121323316,21.49217414855957,21.500795354256436,424200
2021-09-17,21.569765090942383,21.578386297332884,21.509418290535848,21.526659058989868,2018400
2021-09-20,21.578384399414062,21.604246371983905,21.561141988149608,21.595625166351677,1386000
2021-09-21,21.56114387512207,21.595627056342014,21.56114387512207,21.569765081508802,625000
2021-09-22,21.621488571166992,21.647352187809982,21.526656954469512,21.578384187755496,883600
2021-09-23,21.5352783203125,21.561141937148005,21.51803590908883,21.55252073153617,515700
2021-09-24,21.595624923706055,21.612867334776777,21.578384156962155,21.604246129241414,459200
2021-09-27,21.621488571166992,21.630109776714654,21.595624954524,21.630109776714654,255500
2021-09-28,21.699077606201172,21.716320017160964,21.664592784281588,21.68183519524138,2258100
2021-09-29,21.854257583618164,21.854257583618164,21.759425960864597,21.768047166962827,843000
2021-09-30,21.81977081298828,21.85425563430528,21.785287635998067,21.83701322364678,777700
2021-10-01,21.776668548583984,21.793910960919412,21.75080493008084,21.75080493008084,1521900
2021-10-04,21.707698822021484,21.72494123298949,21.681835205569477,21.707698822021484,875100
2021-10-05,21.750804901123047,21.76804731343552,21.71632172082504,21.76804731343552,648000
2021-10-06,21.8111515045166,21.854257534911664,21.802531942764514,21.83701512275364,1121500
2021-10-07,21.802532196044922,21.811151757897143,21.776668577507426,21.802532196044922,480000
2021-10-08,21.785287857055664,21.802530267889125,21.759424240805476,21.768045446222207,383500
2021-10-11,21.84563636779785,21.84563636779785,21.776668363369662,21.79391077555844,1882400
2021-10-12,21.871498107910156,21.88873887429149,21.84563449184797,21.85425569720203,778800
2021-10-13,21.750804901123047,21.819772906046005,21.750804901123047,21.811151699889766,759800
2021-10-14,21.750804901123047,21.759426107279285,21.724942926981278,21.724942926981278,509000
2021-10-15,21.72494125366211,21.768045636796327,21.716320048169905,21.742182020319706,488200
2021-10-18,21.73356056213379,21.759424178309697,21.70769859028468,21.74218176752576,1630300
2021-10-19,21.68183708190918,21.69907949436934,21.647353901315817,21.66459466944902,968400
2021-10-20,21.647354125976562,21.69045851324735,21.63011171333746,21.673216100608247,780500
2021-10-21,21.699077606201172,21.699077606201172,21.63873081216871,21.647352017648608,538700
2021-10-22,21.655975341796875,21.690458522763237,21.638732929150205,21.664594903793233,378400
2021-10-25,21.690458297729492,21.716321916431166,21.690458297729492,21.699079503963382,354900
2021-10-26,21.73356056213379,21.75080297291773,21.690456179500742,21.690456179500742,784000
2021-10-27,21.72494125366211,21.72494125366211,21.673214020708873,21.690456431693285,336100
2021-10-28,21.595624923706055,21.66459292366212,21.569762951426792,21.66459292366212,567800
2021-10-29,21.768047332763672,21.811151719256188,21.65597494128696,21.65597494128696,799200
2021-11-01,21.699077606201172,21.768045605713528,21.699077606201172,21.75942440023363,2226100
2021-11-02,21.750804901123047,21.77666851959176,21.724942926981278,21.733562488810573,1107800
2021-11-03,21.699077606201172,21.78528801667332,21.690456400721274,21.768045605713528,1701600
2021-11-04,21.8111515045166,21.84563632883265,21.78528953060649,21.78528953060649,1068900
2021-11-05,21.793909072875977,21.87149827733678,21.785287867455132,21.837013455653402,636700
2021-11-08,21.750804901123047,21.77666851959176,21.733562488810573,21.76804731343552,604700
2021-11-09,21.72494125366211,21.768045636796327,21.707698842677697,21.733560814827502,305300
2021-11-10,21.95770835876465,21.95770835876465,21.759425555182997,21.776667967057985,1698500
2021-11-11,22.009435653686523,22.009435653686523,21.9577084179222,21.9577084179222,568000
2021-11-12,21.983572006225586,22.026676391644287,21.966329594327345,22.01805683002207,259500
2021-11-15,22.104265213012695,22.104265213012695,21.97495041469868,21.99219282629438,505600
2021-11-16,22.190473556518555,22.190473556518555,22.112884355903052,22.138747970883795,1412100
2021-11-17,22.147371292114258,22.199096882691528,22.130128880479543,22.173233265239453,683000
2021-11-18,22.087024688720703,22.147371485642655,22.087024688720703,22.130129073857272,708100
2021-11-19,22.1990966796875,22.20771788542602,22.147371089583245,22.155992295321767,678500
2021-11-22,22.311166763305664,22.319787968154547,22.25081997369018,22.285304793085707,1089500
2021-11-23,22.302547454833984,22.328409425346216,22.276683839995044,22.319788220399904,776400
2021-11-24,22.388757705688477,22.414621322248728,22.362895733455048,22.39737891120856,1009200
2021-11-26,22.216339111328125,22.25944349573298,22.190475494089092,22.250822289986637,1100400
2021-11-29,22.259443283081055,22.29392810573699,22.250822077417073,22.26806448874504,750000
2021-11-30,22.155994415283203,22.34565602669752,22.087026407102815,22.11288838246607,2115600
2021-12-01,22.216339111328125,22.22496031707447,22.11288628669886,22.15599231543058,1826900
2021-12-02,22.224960327148438,22.23358153289869,22.155992325473285,22.155992325473285,732400
2021-12-03,22.216339111328125,22.293928318718358,22.190475494089092,22.233581522820813,1324100
2021-12-06,22.250822067260742,22.285306889900934,22.233581300267495,22.242200861600697,682100
2021-12-07,22.259443283081055,22.31979007840209,22.250822077417073,22.31979007840209,2785100
2021-12-08,22.155994415283203,22.23358363002702,22.147373208719777,22.224962423463595,584500
2021-12-09,22.23358154296875,22.26806472165851,22.199096719952124,22.20771792570628,751800
2021-12-10,22.1990966796875,22.268064681268793,22.18185426821046,22.242201064053237,560700
2021-12-13,22.268064498901367,22.27668570456928,22.20771770355281,22.20771770355281,711700
2021-12-14,22.311166763305664,22.319787968154547,22.2421987688413,22.25081997369018,621700
2021-12-15,22.276687622070312,22.397381223156316,22.259445209250313,22.319792009793318,734900
2021-12-16,22.181854248046875,22.22496027670029,22.16461183658551,22.181854248046875,1118600
2021-12-17,22.337034225463867,22.337034225463867,22.20771941910921,22.20771941910921,545200
2021-12-20,22.311166763305664,22.319787968154547,22.268062383387946,22.285304793085707,1423000
2021-12-21,22.285308837890625,22.33703443204547,22.285308837890625,22.302551250717904,887000
2021-12-22,22.1990966796875,22.250822269791755,22.190475473948982,22.242201064053237,2101600
2021-12-23,22.181854248046875,22.250822249565477,22.181854248046875,22.250822249565477,2216500
2021-12-27,22.190473556518555,22.224958376492875,22.190473556518555,22.224958376492875,1344300
2021-12-28,22.216339111328125,22.250822289986637,22.199096699835437,22.20771790558178,820200
2021-12-29,22.155994415283203,22.190477597209888,22.1215095890295,22.190477597209888,1252000
2021-12-30,22.190473556518555,22.224958376492875,22.16460994153781,22.190473556518555,367600
2021-12-31,22.095643997192383,22.164611999217033,22.087024435725315,22.147371231956022,1161300
2022-01-03,22.23358154296875,22.2508223101502,22.190475514197967,22.190475514197967,3449500
2022-01-04,22.250822067260742,22.25944327292079,22.190475271967255,22.250822067260742,1310300
2022-01-05,22.224960327148438,22.23358153289869,22.147371119723033,22.173233092646925,1029900
2022-01-06,22.24220085144043,22.259443262752647,22.190475261830617,22.216338878798947,1398600
2022-01-07,22.12150764465332,22.19909685257741,22.104265233041993,22.19047564677175,540400
2022-01-10,22.173233032226562,22.22496026658712,22.155992265099904,22.216339060860363,1004300
2022-01-11,22.07840347290039,22.190475860801207,22.07840347290039,22.164612243134762,1311700
2022-01-12,21.93184471130371,22.00943391449216,21.923223506024243,22.00943391449216,3489200
2022-01-13,21.92322540283203,21.92322540283203,21.862878604981287,21.871499811006668,3801200
2022-01-14,21.983572006225586,22.00943562407295,21.914604002959525,21.931846414857766,2303000
2022-01-18,22.12150764465332,22.13012885045898,22.052539642534892,22.069782054146216,1940200
2022-01-19,22.069780349731445,22.087022760011166,22.043916734311864,22.061159144591585,1510100
2022-01-20,22.138750076293945,22.138750076293945,22.035297250859273,22.06116086829966,1033000
2022-01-21,22.07840347290039,22.087024678789206,22.052539855233945,22.052539855233945,1224500
2022-01-24,22.147371292114258,22.199096882691528,22.121507674662183,22.173233265239453,1946000
2022-01-25,22.155994415283203,22.224962423463595,22.147373208719777,22.20772001033674,1312800
2022-01-26,22.276687622070312,22.29393003489031,22.164613583067315,22.164613583067315,1583300
2022-01-27,22.46634864807129,22.47496985425794,22.397380642905052,22.423244261464994,1530300
2022-01-28,22.457727432250977,22.474969844616876,22.414623045663173,22.449107870394975,1791500
2022-01-31,22.302547454833984,22.40599862553633,22.285305044941357,22.388756215643703,2055800
2022-02-01,22.24220085144043,22.285306879720977,22.233581290111168,22.24220085144043,4019500
2022-02-02,22.155994415283203,22.190477597209888,22.13875200215635,22.155994415283203,4401600
2022-02-03,22.043920516967773,22.08702655006391,21.992194921579433,22.078405343444683,6514000
2022-02-04,22.026674270629883,22.09564226725481,22.018054709837667,22.06978029622468,2243900
2022-02-07,22.035295486450195,22.061159101819634,22.0094335154075,22.061159101819634,1159800
2022-02-08,22.069780349731445,22.09564232082428,22.052537939451724,22.061159144591585,1590900
2022-02-09,22.043920516967773,22.069784136825458,22.018058541437117,22.035299310348545,638800
2022-02-10,22.07840347290039,22.155992681572837,21.966329440672684,22.138750269795207,2931500
2022-02-11,22.173233032226562,22.190475443680082,22.078403057885925,22.121507442192865,2208700
2022-02-14,22.23358154296875,22.259443515904355,22.199096719952124,22.224960337214593,1933900
2022-02-15,22.147371292114258,22.224960500143602,22.1387500862969,22.181854471056813,1251000
2022-02-16,22.104265213012695,22.138750036204097,22.078403239946017,22.138750036204097,695200
2022-02-17,22.112884521484375,22.130126931600646,22.0870225506367,22.112884521484375,859500
2022-02-18,22.173233032226562,22.199096649406844,22.121507442192865,22.130128647919623,1144300
2022-02-22,22.181854248046875,22.181854248046875,22.13012865798964,22.16461183658551,1171700
2022-02-23,22.207717895507812,22.216339101250245,22.130128688152777,22.147371099637642,1214300
2022-02-24,22.388757705688477,22.552557321916417,22.362895733455048,22.44910614432906,4162400
2022-02-25,22.276687622070312,22.362898041843312,22.276687622070312,22.354276835433314,1293400
2022-02-28,22.311166763305664,22.354272787550073,22.29392599793459,22.354272787550073,1352500
2022-03-01,22.48358917236328,22.518073994213978,22.397378762063347,22.414621172988696,2498000
2022-03-02,22.46634864807129,22.57842268417077,22.44910788002494,22.51807588519118,1451400
2022-03-03,22.55255889892578,22.604284491336422,22.50945451263807,22.526695280556993,1780800
2022-03-04,22.724977493286133,22.819807462639417,22.724977493286133,22.802566696419493,3212400
2022-03-07,22.888776779174805,22.914640396484913,22.776704392818072,22.78532559858811,2507900
2022-03-08,22.845672607421875,22.906019404047292,22.7680833990958,22.845672607421875,1497200
2022-03-09,22.621524810791016,22.681871603741705,22.57842042849103,22.630146016116367,1594900
2022-03-10,22.733600616455078,22.742220178128832,22.664632612776654,22.681873380451076,1098000
2022-03-11,22.854293823242188,22.897398208185752,22.724979024084615,22.750840997319997,1661300
2022-03-14,22.845672607421875,22.854293813272204,22.759462193245472,22.81118778402056,1739500
2022-03-15,22.819807052612305,22.862913078204514,22.733598290081368,22.75946026110995,762600
2022-03-16,22.656009674072266,22.845671258601122,22.656009674072266,22.733598877817432,1958400
2022-03-17,22.60428237915039,22.66463081637183,22.52669317562104,22.647388405737132,3088600
2022-03-18,22.63014793395996,22.733600762304764,22.621526727903984,22.724979556248787,913700
2022-03-21,22.71635627746582,22.71635627746582,22.630145869099135,22.647388279637827,1232300
2022-03-22,22.707735061645508,22.724977472176185,22.66463067964558,22.690492651114827,928500
2022-03-23,22.733600616455078,22.793947414132838,22.724979410454413,22.768083796130835,465600
2022-03-24,22.759462356567383,22.811187947713655,22.733600383157697,22.785325974303966,1666300
2022-03-25,22.768083572387695,22.785325984219586,22.716357981218913,22.7508411605558,599200
2022-03-28,22.837051391601562,22.897398188200633,22.811187774061867,22.897398188200633,1086700
2022-03-29,22.699115753173828,22.716358165145326,22.59566292567175,22.630147749614743,1542200
2022-03-30,22.57842254638672,22.587043752520756,22.526695309582493,22.561180134118644,3972300
2022-03-31,22.67325210571289,22.690494517661953,22.578422128646867,22.656011338090735,1679100
2022-04-01,22.707735061645508,22.759460648910775,22.707735061645508,22.733598677441528,1824200
2022-04-04,22.811187744140625,22.828430155811137,22.76808335929122,22.785325770961734,1158100
2022-04-05,22.931882858276367,22.931882858276367,22.776704442729407,22.802568060096192,2081500
2022-04-06,22.949125289916992,23.00085088036891,22.88877684934174,22.897398055138204,1653400
2022-04-07,22.992229461669922,23.00947187310319,22.91464025454707,22.93188266598034,880400
2022-04-08,22.992229461669922,23.087061080226043,22.98360825595329,23.06119746307614,1706700
2022-04-11,23.043956756591797,23.052577962946287,23.009473575500817,23.035335550237306,797200
2022-04-12,23.121543884277344,23.121543884277344,23.009471500429992,23.026712267257164,1410200
2022-04-13,23.026714324951172,23.16465198218263,23.000852350235945,23.156030775835227,2906500
2022-04-14,23.130165100097656,23.216375511579013,23.104301483355197,23.104301483355197,1525700
2022-04-18,23.22499656677246,23.242237333495627,23.156028566899323,23.173269333622493,1149000
2022-04-19,23.276723861694336,23.28534506785123,23.23361947523679,23.268102655537437,1498500
2022-04-20,23.11292266845703,23.156028696322934,23.0956819016375,23.138786285176575,1235200
2022-04-21,23.1818904876709,23.1991328986826,23.06119689924262,23.078439310254325,2180300
2022-04-22,23.319826126098633,23.354310947588182,23.25085812744633,23.259479332818717,1207300
2022-04-25,23.431901931762695,23.47500631757253,23.406038313680643,23.431901931762695,2316400
2022-04-26,23.57845687866211,23.587078083860586,23.483625265805603,23.49224647100408,2241400
2022-04-27,23.725017547607422,23.802606761412566,23.690532721770914,23.750879522657804,3872300
2022-04-28,23.862951278686523,23.940540485066613,23.85433007305242,23.897434456896093,2427100
2022-04-29,23.76811981201172,23.811225840456043,23.69053060513879,23.793983429078313,3029200
2022-05-02,23.888813018798828,23.914676635449457,23.81122545750059,23.862951046475022,2294100
2022-05-03,23.84571075439453,23.8715743733435,23.759500335558272,23.77674274819092,2199600
2022-05-04,23.64742660522461,23.888813791127266,23.61294178190887,23.79398381566274,10608800
2022-05-05,23.84571075439453,23.957784792179755,23.793985160823564,23.793985160823564,3165300
2022-05-06,23.888813018798828,23.914676635449457,23.793983046400168,23.819845018723974,2506400
2022-05-09,23.897436141967773,23.975025353818886,23.828468136358673,23.91467855445179,3017700
2022-05-10,23.94916343688965,23.96640420508808,23.880195431115048,23.880195431115048,10162000
2022-05-11,23.975021362304688,23.975021362304688,23.819842964437555,23.888810958564427,2300200
2022-05-12,24.181928634643555,24.181928634643555,24.043992627623577,24.069856245562413,3214900
2022-05-13,24.112958908081055,24.199169317389885,24.0784757309536,24.199169317389885,2855600
2022-05-16,24.018131256103516,24.11296123560265,24.000888843712055,24.07847805514668,1721900
2022-05-17,23.819847106933594,23.871574344769616,23.80260633864856,23.85433193215761,7703800
2022-05-18,23.940542221069336,23.94916342732859,23.819846977766744,23.87157421532227,2184000
2022-05-19,23.690528869628906,23.759496865760546,23.656045693726455,23.759496865760546,6258400
2022-05-20,23.742258071899414,23.80260486798589,23.725015660352742,23.733636866126076,2677600
2022-05-23,23.5267333984375,23.595701401874127,23.509490986496616,23.578458989933242,3716700
2022-05-24,23.457761764526367,23.50948899596932,23.414657382650674,23.50086779072883,3642500
2022-05-25,23.543975830078125,23.595703069556723,23.500871441506316,23.561218243237658,1545200
2022-05-26,23.466384887695312,23.518112123365977,23.44914412013199,23.500869711475755,1289400
2022-05-27,23.414657592773438,23.483625590989526,23.380174415828783,23.431900003409154,2677900
2022-05-31,23.457761764526367,23.526731406450306,23.42327858789117,23.483625380247844,2716100
2022-06-01,23.638805389404297,23.67328856837858,23.475005767377528,23.48362697320282,3746400
2022-06-02,23.431901931762695,23.56121673351911,23.431901931762695,23.52673355373663,6241000
2022-06-03,23.53535270690918,23.561216324542286,23.457763498336742,23.492248321847555,5713900
2022-06-06,23.587080001831055,23.612941975202684,23.51811199896189,23.526733204861397,2805900
2022-06-07,23.561216354370117,23.673288742268358,23.5525951484815,23.673288742268358,1496600
2022-06-08,23.630184173583984,23.630184173583984,23.56121617133771,23.58707978880264,1002500
2022-06-09,23.802602767944336,23.811223972957045,23.621560751330893,23.64742436636902,4253600
2022-06-10,23.992265701293945,24.009508112293908,23.940540112620866,23.94916131812085,2510900
2022-06-13,24.225034713745117,24.250896687409572,24.112960680109435,24.138824298100804,6183800
2022-06-14,24.276758193969727,24.319862575879494,24.16468581440827,24.173307019655574,4136500
2022-06-15,24.08709716796875,24.31986313771633,24.069854757075802,24.225033166458726,5882000
2022-06-16,23.85433006286621,24.104338448841084,23.785362062149677,24.03537044812455,4908000
2022-06-17,24.095718383789062,24.181927149637307,24.052612356538134,24.06123356198832,2106900
2022-06-21,24.00950813293457,24.05261251614472,23.957782544217025,24.000886927427175,2527800
2022-06-22,23.975021362304688,24.009506181531464,23.888810958564427,24.009506181531464,1780800
2022-06-23,24.000886917114258,24.061233711313267,23.940540122915248,24.009508122617948,2163500
2022-06-24,23.94916343688965,24.009510236401553,23.914678611838866,23.98364661761347,1427100
2022-06-27,23.906057357788086,23.93192097652447,23.845710558396814,23.914678564033547,1464900
2022-06-28,24.043991088867188,24.06123349972294,23.992265500626733,24.018129116910362,1676900
2022-06-29,24.181928634643555,24.190549840623166,24.095719863501248,24.104339425153952,2025400
2022-06-30,24.104337692260742,24.216411717611635,24.078475720508067,24.199169306891992,2113500
2022-07-01,24.181928634643555,24.31986464166353,24.17330907299085,24.259517844133153,2964500
2022-07-05,24.526769638061523,24.587116433971797,24.492284815068874,24.526769638061523,3325500
2022-07-06,24.63884162902832,24.699188423970877,24.59573724530559,24.62159921780849,4650600
2022-07-07,24.647462844848633,24.69056722858922,24.595737255494562,24.63884163923515,2323700
2022-07-08,24.630220413208008,24.71643082494457,24.595737235109485,24.656084030027028,1736300
2022-07-11,24.914714813232422,24.93195722527026,24.82850439737016,24.880231633483668,4233500
2022-07-12,24.906091690063477,24.923334100774074,24.828502486192573,24.906091690063477,1586700
2022-07-13,24.854368209838867,24.975061806393953,24.74229581937013,24.957821038548175,1624200
2022-07-14,25.02678871154785,25.173345924421525,24.957820708097117,25.121618688588295,3071100
2022-07-15,24.880229949951172,24.96643871565316,24.845745128208932,24.940576743673287,2392000
2022-07-18,24.74229621887207,24.75091578077067,24.60436020791709,24.72505380642096,3623300
2022-07-19,24.587116241455078,24.595737447135736,24.509527034656003,24.552631418732446,3228200
2022-07-20,24.656085968017578,24.707811561394458,24.552633136936848,24.561254343220824,2222100
2022-07-21,24.587116241455078,24.716431038011255,24.587116241455078,24.690567420969277,2831800
2022-07-22,24.552631378173828,24.595737406505915,24.440558993164103,24.587116200839496,3151300
2022-07-25,24.51814842224121,24.56125280663745,24.466421187773488,24.47504239351811,2012600
2022-07-26,24.707809448242188,24.707809448242188,24.638841448195894,24.638841448195894,2452400
2022-07-27,24.500905990600586,24.742294818270842,24.475042373387993,24.6560844052224,4947700
2022-07-28,24.48366355895996,24.604358794859113,24.475042353229533,24.51814838188168,2361500
2022-07-29,24.388832092285156,24.569872468566167,24.388832092285156,24.53538764775449,5538600
2022-08-01,24.294002532958984,24.328485712358773,24.242276941695856,24.302623738890656,5826900
2022-08-02,24.44917869567871,24.49228307703386,24.319862262959763,24.35434708350528,15058800
2022-08-03,24.51814842224121,24.612978396778313,24.483663599262727,24.492284805007348,2811300
2022-08-04,24.36297035217285,24.526769974984315,24.34572794043967,24.509527563251133,2536100
2022-08-05,24.569873809814453,24.621599399528858,24.53538898712028,24.604358632508625,3199400
2022-08-08,24.535390853881836,24.54401206021132,24.44918207924096,24.509528879220362,2802800
2022-08-09,24.509525299072266,24.526767709212603,24.440557302837654,24.44917850790782,1437600
2022-08-10,24.242277145385742,24.276760325075266,24.121581905655123,24.242277145385742,6198200
2022-08-11,24.259517669677734,24.259517669677734,24.12158166364969,24.164687693237763,2888900
2022-08-12,24.35434913635254,24.414695933067126,24.319864312900265,24.337106724626402,3069800
2022-08-15,24.569873809814453,24.569873809814453,24.431937807691465,24.431937807691465,4475400
2022-08-16,24.56125259399414,24.604358622344044,24.509527004301102,24.604358622344044,3038700
2022-08-17,24.59573745727539,24.6388418413696,24.5353890174859,24.6043586629596,2704800
2022-08-18,24.785398483276367,24.819883305225623,24.63884127864566,24.63884127864566,2970300
2022-08-19,24.94057846069336,24.966440434453688,24.906093636577033,24.923336048635196,3143700
2022-08-22,25.14748191833496,25.173345535852352,25.009545913562636,25.009545913562636,4688200
2022-08-23,25.044029235839844,25.14748206217426,24.94057805383232,25.138860856285817,14555300
2022-08-24,25.06127166748047,25.18196526136054,25.00092487054043,25.14748208210633,4544400
2022-08-25,25.01816749572754,25.087135499151124,24.983682671852293,25.052650675275878,2440300
2022-08-26,25.11299705505371,25.13023946670456,24.82850384012222,24.880231075074764,2743800
2022-08-29,25.121618270874023,25.15610309418944,25.05265026857007,25.104377503543194,3902000
2022-08-30,25.11299705505371,25.19058626315565,25.044029052777194,25.061271464428042,2619700
2022-08-31,25.09575653076172,25.19058650710598,25.026788527817303,25.173345739615048,2497800
2022-09-01,25.319902420043945,25.4061111886701,25.233692007090934,25.25093441854691,4864200
2022-09-02,25.328523635864258,25.33714484215537,25.156104443022944,25.216451242733754,2678200
2022-09-06,25.47507667541504,25.544044670103958,25.406108680726124,25.457835909987836,15048800
2022-09-07,25.294038772583008,25.561289572523275,25.294038772583008,25.552668366805605,3382800
2022-09-08,25.34576416015625,25.440595777966433,25.319902187536634,25.406110955371147,2431100
2022-09-09,25.164724349975586,25.19920752903258,25.13023952659171,25.173345555821555,3388900
2022-09-12,25.035409927368164,25.05265069499245,24.957820717914707,25.02678872139257,3580900
2022-09-13,25.3802490234375,25.397489790435934,25.21644940450102,25.268174994150016,7862100
2022-09-14,25.328523635864258,25.363008461028702,25.26817683615345,25.311282867609005,2120700
2022-09-15,25.34576416015625,25.371627777102713,25.302659776238993,25.354385365805072,2349500
2022-09-16,25.34576416015625,25.44921698361525,25.29403857059017,25.43197457231761,3646500
2022-09-19,25.328523635864258,25.440597673321733,25.311282867609005,25.431976467030623,1741700
2022-09-20,25.44921875,25.483701930661855,25.397491512516783,25.457839956247202,2065100
2022-09-21,25.69922637939453,25.79405800092898,25.552669166262614,25.56991157823741,4722000
2022-09-22,25.73371124267578,25.76819442235116,25.63025841499582,25.66474323899811,2584200
2022-09-23,26.138896942138672,26.182002970300132,25.906129323047317,25.906129323047317,4964300
2022-09-26,26.4320125579834,26.46649738208032,26.199244928309945,26.242350958431093,7721000
2022-09-27,26.44063377380371,26.51822298372361,26.311318972046188,26.371665769911235,7688600
2022-09-28,26.095792770385742,26.492358366733026,26.061307947576314,26.46649639395281,9864700
2022-09-29,25.992338180541992,26.173380199339018,25.966476209518664,26.130274173755563,6257300
2022-09-30,25.992338180541992,26.09579099761554,25.94061259416859,26.09579099761554,4762000
2022-10-03,25.871646881103516,26.052687271553193,25.82854085171534,26.009582886491902,3432000
2022-10-04,25.518186569213867,25.725090584654215,25.500944156845435,25.707848172285782,12310600
2022-10-05,25.75957489013672,25.888891344221026,25.725091708220717,25.79405971637974,4949000
2022-10-06,26.018203735351562,26.035446146870235,25.86302532033724,25.91475091056639,3243700
2022-10-07,26.12165641784668,26.15614124286696,26.00096281892963,26.069930824643226,4733000
2022-10-10,26.23373031616211,26.276834702882642,26.138898692184593,26.225109109952612,4099600
2022-10-11,26.2509708404541,26.285454018484902,26.04406519496197,26.216486018096468,4843100
2022-10-12,26.2509708404541,26.319938840842536,26.190622401328245,26.259590401716675,2466400
2022-10-13,26.078550338745117,26.363043549394718,25.98371872041963,26.34580113800338,7358300
2022-10-14,26.25959014892578,26.285453765445027,26.130275354983187,26.147517765996017,3993800
2022-10-17,25.992338180541992,26.09579099761554,25.94061259416859,26.07854858738216,4010000
2022-10-18,25.97509765625,26.061308069349536,25.914750860378383,25.931993271863664,5326500
2022-10-19,26.16476058959961,26.216486179126942,26.095792588787553,26.13027576703016,3372900
2022-10-20,26.1820011138916,26.207863084627917,26.000959097103756,26.130273883765515,3437500
2022-10-21,25.957857131958008,26.285454731609075,25.9061298970182,26.268212319962473,6352400
2022-10-24,25.983718872070312,26.0613080794573,25.92337207617529,26.044065667965334,3132200
2022-10-25,25.69922637939453,25.81992161889117,25.68198561174665,25.81992161889117,5338900
2022-10-26,25.431974411010742,25.595774028645714,25.414731999822465,25.595774028645714,7681000
2022-10-27,25.630258560180664,25.64750097227948,25.457839372173257,25.587154174260544,4312800
2022-10-28,25.673362731933594,25.750951936434667,25.638877910232313,25.673362731933594,2480000
2022-10-31,25.888887405395508,25.90612817156693,25.828538968651845,25.845781379150033,2920800
2022-11-01,25.880268096923828,25.931993687882624,25.70784726795866,25.725089679720554,3313600
2022-11-02,25.992338180541992,25.992338180541992,25.604393816251363,25.794055395838335,5314900
2022-11-03,26.207866668701172,26.23373028730121,26.095794276754912,26.207866668701172,8854500
2022-11-04,25.716466903686523,25.975096487016412,25.690603287622817,25.88888772212431,5481400
2022-11-07,25.56991195678711,25.664743579725492,25.53542877665393,25.61301634303532,3220200
2022-11-08,25.457839965820312,25.604397183423956,25.380250753893268,25.595775977173513,4722300
2022-11-09,25.647499084472656,25.690603467220043,25.466458703741477,25.5871522908956,2870800
2022-11-10,25.06127166748047,25.25955447009113,25.06127166748047,25.22507129083692,10429200
2022-11-11,24.699188232421875,24.914713438017753,24.664705054576487,24.83712423245709,8430900
2022-11-14,24.811264038085938,24.8888532492065,24.742296033126205,24.854368424563166,6588500
2022-11-15,24.725051879882812,24.871609085643833,24.587115879675594,24.61297785201018,5245200
2022-11-16,24.67332649230957,24.75953525989773,24.63884166981283,24.656084081061202,2510600
2022-11-17,24.768157958984375,24.897472762490843,24.768157958984375,24.854368376097668,3651700
2022-11-18,24.83712387084961,24.862987487102217,24.742293899910308,24.785398282671192,3321400
2022-11-21,25.052650451660156,25.095756481119455,25.000924860635887,25.026788478311467,3623300
2022-11-22,24.897470474243164,24.992302088784804,24.888850913218274,24.975059678081454,3115900
2022-11-23,24.63884162902832,24.837124425075825,24.630220423418404,24.828503219465908,4713200
2022-11-25,24.63884162902832,24.733673246410532,24.630220423418404,24.70780962958079,1306400
2022-11-28,24.81988525390625,24.828504815743496,24.595738826618152,24.621600800783778,2833000
2022-11-29,24.86298942565918,24.86298942565918,24.742295829056843,24.828504601300267,1322500
2022-11-30,24.664705276489258,24.931956073421134,24.604358481471753,24.759535249662402,4062300
2022-12-01,24.36297035217285,24.466421533918176,24.34572794043967,24.406074737178923,6989500
2022-12-02,24.337106704711914,24.518148739034427,24.311244731470758,24.449180736513203,3845600
2022-12-05,24.535390853881836,24.54401206021132,24.32848683495518,24.354350453943628,5149200
2022-12-06,24.552631378173828,24.595737406505915,24.431937787497684,24.48366337716934,4039400
2022-12-07,24.47504234313965,24.535389138900914,24.440559164559005,24.457801576012756,2869900
2022-12-08,24.397451400756836,24.48366180756737,24.38883183996985,24.449178631439203,2483300
2022-12-09,24.44917869567871,24.475040666761103,24.33710467323252,24.43193628540595,2643000
2022-12-12,24.466421127319336,24.526769567382566,24.388833564463187,24.43193794875292,4195200
2022-12-13,24.250896453857422,24.26813886568561,24.15606647745617,24.164687683370268,9962200
2022-12-14,24.138826370239258,24.285383596117363,24.095721980880366,24.216415586546905,5789100
2022-12-15,24.36297035217285,24.440559560645287,24.1733087560885,24.190549523494795,9086600
2022-12-16,24.40607261657715,24.423315026812165,24.311242648938027,24.38021064555136,5050300
2022-12-19,24.41216278076172,24.455648213245222,24.34258774758775,24.37737609357455,5859400
2022-12-20,24.246919631958008,24.299102147014953,24.18604168985775,24.281707975329304,3683600
2022-12-21,24.307798385620117,24.342585068979428,24.23822336010204,24.281707129001042,4431800
2022-12-22,24.342588424682617,24.40346637305322,24.325194251205392,24.35128551142123,2743500
2022-12-23,24.333890914916992,24.394768862229277,24.307801313954386,24.35998217467925,1852300
2022-12-27,24.325191497802734,24.35997984081944,24.281707727831343,24.351282755065267,3022400
2022-12-28,24.41216278076172,24.41216278076172,24.246921454923676,24.28170980091048,1992100
2022-12-29,24.264314651489258,24.333889681863436,24.23822505184867,24.30780008222285,2110500
2022-12-30,24.1860408782959,24.29040424610837,24.15125419489138,24.229526306050868,3437100
2023-01-03,24.446950912475586,24.49043468577833,24.34258753422954,24.412162566793697,4482600
2023-01-04,24.3599796295166,24.412160484789542,24.299101688564924,24.32519128680165,1979100
2023-01-05,24.586101531982422,24.612191133032496,24.516526497849455,24.525223584466033,3417800
2023-01-06,24.264314651489258,24.63828106180031,24.264314651489258,24.57740311757285,3794000
2023-01-09,24.11646842956543,24.16865094844717,24.055590483003034,24.15995386196688,9855100
2023-01-10,24.133861541748047,24.168649886140123,24.081680683959497,24.11646736955201,1670000
2023-01-11,24.133861541748047,24.1860423995366,24.10777028345399,24.12516445565003,1929800
2023-01-12,23.899044036865234,24.133860373748718,23.864257352956283,23.97731614915973,4370500
2023-01-13,23.890348434448242,23.968620551602353,23.881651348231166,23.959923465385277,2049500
2023-01-17,23.959922790527344,23.986014048443685,23.83816690451682,23.864258162433163,2566900
2023-01-18,23.959922790527344,23.97731696247157,23.751197703595217,23.768591875539446,3212900
2023-01-19,23.899044036865234,23.97731614915973,23.864257352956283,23.91643820821945,2509100
2023-01-20,23.864259719848633,24.003409786884514,23.864259719848633,23.96862144072572,2634900
2023-01-23,23.899044036865234,23.942529465250775,23.864257352956283,23.92513529389656,3615600
2023-01-24,23.872957229614258,23.98601603903538,23.855563056226494,23.907743917590114,1754000
2023-01-25,23.7946834564209,23.890348085813535,23.78598637033074,23.864258486342614,2230900
2023-01-26,23.855562210083008,23.933834328752006,23.8207738645414,23.8294709509268,2657100
2023-01-27,23.890348434448242,23.951228037967784,23.864258834596594,23.93383386553363,2554400
2023-01-30,23.977317810058594,23.977317810058594,23.872956092303163,23.899045692342224,3006500
2023-01-31,23.92513656616211,24.012105768758467,23.916439480022515,23.959923251920912,2126300
2023-02-01,23.699016571044922,23.925135827292486,23.672925313431907,23.855560799123968,7138000
2023-02-02,23.855562210083008,23.8990459832104,23.751198832257803,23.759895918643206,4302100
2023-02-03,24.168651580810547,24.168651580810547,24.003410250960837,24.046894025700386,7868200
2023-02-06,24.307798385620117,24.35997924005881,24.23822336010204,24.26431295792166,6884400
2023-02-07,24.264314651489258,24.403464712237618,24.16865002147449,24.359980940303593,4282800
2023-02-08,24.290407180786133,24.29910426738788,24.229529233373583,24.246921747777414,1416500
2023-02-09,24.255617141723633,24.255617141723633,24.099072911415846,24.099072911415846,3609000
2023-02-10,24.333890914916992,24.35998217467925,24.246921707842446,24.264315881017286,3201800
2023-02-13,24.264314651489258,24.351283854156875,24.24692047919582,24.342586768010154,2010600
2023-02-14,24.246919631958008,24.325191745743915,24.159952091128787,24.281707975329304,3456700
2023-02-15,24.41216278076172,24.47304072743899,24.40346569426502,24.42955695375512,4805900
2023-02-16,24.446950912475586,24.507828858619273,24.403465480373224,24.47304051293738,4101800
2023-02-17,24.429555892944336,24.551311781011837,24.412161720706244,24.516525095335222,4187800
2023-02-21,24.507827758789062,24.525221930849415,24.4034643852265,24.464342328638182,2532000
2023-02-22,24.586101531982422,24.60349570521558,24.473041064766562,24.507829411232876,1745200
2023-02-23,24.594797134399414,24.65567507824206,24.568705876124184,24.58610004830767,4056600
2023-02-24,24.77743148803711,24.78612857431212,24.733947715461664,24.77743148803711,4869300
2023-02-27,24.6469783782959,24.699159236864322,24.60349460595548,24.681765064408317,3470300
2023-02-28,24.716552734375,24.716552734375,24.577402676125985,24.620886447278973,4060400
2023-03-01,24.586101531982422,24.64697947949881,24.54261609889953,24.577404445365843,3932300
2023-03-02,24.716552734375,24.777430677509003,24.699158562393986,24.751339419537484,3976200
2023-03-03,24.620885848999023,24.742643391107897,24.612188763219855,24.67306836367404,2795100
2023-03-06,24.586101531982422,24.620888219649075,24.53391901228295,24.594798618599,4169000
2023-03-07,24.890491485595703,24.899186912908593,24.646978050845657,24.65567513695811,4149300
2023-03-08,24.881793975830078,24.93397483281678,24.82961146004384,24.881793975830078,3127600
2023-03-09,24.812219619750977,24.838309219552034,24.78612836115034,24.829612133351823,2749300
2023-03-10,24.655675888061523,24.673070060816322,24.525222909999744,24.655675888061523,5632800
2023-03-13,24.429555892944336,24.516525095335222,24.4034646345872,24.490433836978085,5300200
2023-03-14,24.429555892944336,24.525222181454268,24.42085880682529,24.446950065182424,3386400
2023-03-15,24.690462112426758,24.794825488201678,24.681765026212215,24.76003714334351,5141900
2023-03-16,24.664371490478516,24.707855260949653,24.620886061207866,24.690461089241392,2670100
2023-03-17,24.525222778320312,24.638281583020262,24.48173734666679,24.603494896497047,2192400
2023-03-20,24.386072158813477,24.429555930676297,24.386072158813477,24.403464672278865,2226300
2023-03-21,24.37737464904785,24.412161334173668,24.32519213315982,24.3425863051225,2354900
2023-03-22,24.194738388061523,24.38607095593918,24.099072104122694,24.34258552742176,5645600
2023-03-23,24.229528427124023,24.255618027261455,24.11646796386315,24.15995339542487,3328800
2023-03-24,24.37737464904785,24.403464248192332,24.351283391103834,24.351283391103834,2368700
2023-03-27,24.299102783203125,24.351283640826736,24.299102783203125,24.34258655475621,1910500
2023-03-28,24.212133407592773,24.28170843685829,24.203436321584643,24.24692009282576,2077200
2023-03-29,24.273012161254883,24.307800506448892,24.23822547486047,24.273012161254883,1684100
2023-03-30,24.159954071044922,24.186043671911936,24.142559897933815,24.159954071044922,1006600
2023-03-31,24.246919631958008,24.264313803643656,24.168649176971613,24.21213294738622,2569800
2023-04-03,24.133861541748047,24.229527830026694,24.12516445565003,24.203436571732635,1753500
2023-04-04,24.038196563720703,24.14255994378591,24.00340987623207,24.13386285721384,2610700
2023-04-05,24.107770919799805,24.142559265110147,23.994712115140395,24.046892974306306,2528900
2023-04-06,24.125164031982422,24.177344888854613,24.081680261055517,24.168649461708856,2156600
2023-04-10,24.264314651489258,24.333889681863436,24.264314651489258,24.29040590992941,1882500
2023-04-11,24.17734718322754,24.22083261708064,24.151257581715367,24.168651755256608,785100
2023-04-12,24.046894073486328,24.090379507111972,24.020804472110623,24.046894073486328,2645600
2023-04-13,23.933835983276367,23.94253307026299,23.881653461356628,23.91644180930312,2468300
2023-04-14,24.072982788085938,24.107769472508284,23.968619417219884,23.97731650302535,2777400
2023-04-17,24.194738388061523,24.229526730875456,24.14255753264011,24.159951704047074,2011700
2023-04-18,24.107770919799805,24.168650524092907,24.107770919799805,24.151256351437734,1713400
2023-04-19,24.159954071044922,24.177346585356382,24.116468638267154,24.142559897933815,2011200
2023-04-20,24.159954071044922,24.159954071044922,24.099074465156047,24.142559897933815,1992300
2023-04-21,24.133861541748047,24.229527830026694,24.11646736955201,24.12516445565003,1885500
2023-04-24,24.055591583251953,24.11646953259877,24.038197409495805,24.09907535884262,1424500
2023-04-25,24.168651580810547,24.194741182134408,24.10777197385563,24.10777197385563,2056500
2023-04-26,24.090377807617188,24.0990732349292,23.968620260854653,23.97731734696623,2395100
2023-04-27,24.09907341003418,24.168650099432355,24.08168089648421,24.15125592708281,1971100
2023-04-28,24.133861541748047,24.212133657830655,24.090377770057515,24.17734531343858,3285800
2023-05-01,24.255617141723633,24.273011313713287,24.151255427384804,24.151255427384804,3558800
2023-05-02,24.194738388061523,24.325191356014795,24.18604130235804,24.29040467200035,7964800
2023-05-03,24.064287185668945,24.125165131260363,24.003409240077524,24.107770958577213,3155000
2023-05-04,24.090377807617188,24.133861579375516,24.046892377059294,24.090377807617188,3589400
2023-05-05,24.055591583251953,24.15125788011107,24.038197409495805,24.13386370635492,2238100
2023-05-08,24.090377807617188,24.0990732349292,24.02080277752412,24.029498204836138,1426500
2023-05-09,24.168651580810547,24.203438268842255,24.14256032068701,24.186044095426563,1240200
2023-05-10,24.125164031982422,24.15995237576357,24.081680261055517,24.09907277414656,1378900
2023-05-11,24.281709671020508,24.299103843920864,24.22952881111907,24.246921325219798,3647200
2023-05-12,24.43825340270996,24.43825340270996,24.31649585373218,24.325192940001994,2961100
2023-05-15,24.368677139282227,24.412160909633176,24.368677139282227,24.394766737972994,1000300
2023-05-16,24.429555892944336,24.446950065182424,24.351283776672496,24.394767548468156,2215200
2023-05-17,24.473039627075195,24.54261465712091,24.464342540969536,24.481736713180855,1376300
2023-05-18,24.655675888061523,24.673070060816322,24.603495028596733,24.603495028596733,2358100
2023-05-19,24.586101531982422,24.64697947949881,24.53391901228295,24.612191133032496,1897300
2023-05-22,24.603492736816406,24.629582334718783,24.56870439454729,24.603492736816406,1093400
2023-05-23,24.67306900024414,24.699158599455266,24.620886484222805,24.664371914240583,925500
2023-05-24,24.760038375854492,24.777432549149427,24.68176625482695,24.68176625482695,2664200
2023-05-25,24.873098373413086,24.881795459896193,24.820917513314075,24.820917513314075,2450100
2023-05-26,24.86440086364746,24.907884636523114,24.82091709077181,24.83830960464231,1989400
2023-05-30,24.83831024169922,24.864401501373564,24.803523554266402,24.803523554266402,2059000
2023-05-31,24.881793975830078,24.977458603839107,24.864399803901332,24.90788357492366,1903400
2023-06-01,24.586101531982422,24.838310408664555,23.829471584336698,24.838310408664555,5617500
2023-06-02,24.84700584411621,24.855702930154838,24.699158699058625,24.70785578509725,7704500
2023-06-05,24.80352210998535,24.916580911058276,24.80352210998535,24.907883825006582,2170600
2023-06-06,24.881793975830078,24.93397483281678,24.864399803901332,24.916580660888034,704000
2023-06-07,24.890491485595703,24.899186912908593,24.768733938820898,24.829611882808518,890200
2023-06-08,24.690462112426758,24.777431315772592,24.690462112426758,24.777431315772592,1922100
2023-06-09,24.768733978271484,24.777431064397792,24.716553120313208,24.742644378692127,1252100
2023-06-12,24.77743148803711,24.820916919412152,24.751340229212087,24.760037315487093,1207500
2023-06-13,24.699159622192383,24.742645054010797,24.664372935537262,24.699159622192383,2690300
2023-06-14,24.577404022216797,24.707857001620145,24.560009849283116,24.60349528161732,6221200
2023-06-15,24.43825340270996,24.586100551697587,24.42955631644015,24.586100551697587,1918400
2023-06-16,24.481735229492188,24.51652357180652,24.429554374820153,24.44694854597732,1682400
2023-06-20,24.551311492919922,24.612189436239316,24.551311492919922,24.560008578936912,1405700
2023-06-21,24.43825340270996,24.5947976379674,24.42955631644015,24.577403465427775,1237700
2023-06-22,24.525222778320312,24.542615292182116,24.45564774647428,24.490434432997493,1311100
2023-06-23,24.655675888061523,24.69046257477151,24.61219045617452,24.62088754255192,1626800
2023-06-26,24.62958526611328,24.64697943931808,24.60349566510574,24.62958526611328,1055900
2023-06-27,24.568706512451172,24.60349485771916,24.52522273966579,24.54261525350018,1113700
2023-06-28,24.681764602661133,24.733947119052907,24.646977917199504,24.67306917539539,1333200
2023-06-29,24.7861270904541,24.812218347717135,24.73394623472753,24.7861270904541,722600
2023-06-30,24.681764602661133,24.7426442051182,24.6556750032648,24.72525003298761,1517000
2023-07-03,24.707855224609375,24.725249396292053,24.655674368360856,24.716552310450716,847300
2023-07-05,24.8209171295166,24.8209171295166,24.71655375213268,24.71655375213268,828400
2023-07-06,24.760038375854492,24.873098843471904,24.751341289207026,24.760038375854492,882700
2023-07-07,24.551311492919922,24.69915863760968,24.54261440690293,24.69046155159269,1959500
2023-07-10,24.490432739257812,24.603493194938192,24.48173565352859,24.58609902347975,1270700
2023-07-11,24.429555892944336,24.49913092309713,24.412161720706244,24.46434257862095,2025000
2023-07-12,24.142559051513672,24.255617855172815,24.142559051513672,24.255617855172815,1287900
2023-07-13,23.977317810058594,24.064287014054518,23.95992363749949,24.055589927774967,1183700
2023-07-14,24.020801544189453,24.038194056720037,23.968619030199264,23.99471028719436,838300
2023-07-17,23.994712829589844,24.081682036655632,23.994712829589844,24.046893690309457,1196900
2023-07-18,24.012104034423828,24.064284888692924,23.986012777889556,24.012104034423828,669900
2023-07-19,24.107770919799805,24.168650524092907,24.072984233289066,24.099073833472218,1566900
2023-07-20,24.246919631958008,24.281707975329304,24.159952091128787,24.168649176971613,2486600
2023-07-21,24.31649398803711,24.35128233044721,24.299101475631527,24.299101475631527,2215600
2023-07-24,24.403465270996094,24.41216235734195,24.333890239028875,24.37737567075814,1487700
2023-07-25,24.37737464904785,24.4730392772435,24.37737464904785,24.4730392772435,1526200
2023-07-26,24.307798385620117,24.39476592341812,24.281707129001042,24.368676325598503,1435500
2023-07-27,24.533918380737305,24.542615467130005,24.438253748016834,24.438253748016834,3183500
2023-07-28,24.499130249023438,24.525221506662696,24.429555220784945,24.50782733490319,1139000
2023-07-31,24.542613983154297,24.560008154887957,24.473038955019184,24.525221470220156,889000
2023-08-01,24.655675888061523,24.69046257477151,24.61219045617452,24.64697880168412,1082000
2023-08-02,24.742645263671875,24.786129037059148,24.69915983148498,24.69915983148498,726900
2023-08-03,24.725248336791992,24.794823361741834,24.69045999491735,24.77742919080451,519600
2023-08-04,24.603492736816406,24.620885249151506,24.54261313784545,24.577401480114567,851800
2023-08-07,24.620885848999023,24.664371277894872,24.603493336240184,24.620885848999023,348300
2023-08-08,24.73394775390625,24.81221987170339,24.73394775390625,24.768734440260758,649200
2023-08-09,24.751340866088867,24.751340866088867,24.690462919396953,24.725251265392124,889100
2023-08-10,24.794824600219727,24.794824600219727,24.638280371563486,24.699158314085462,1192400
2023-08-11,24.84700584411621,24.864400016193468,24.77743081460673,24.820916244799875,1444900
2023-08-14,24.933977127075195,25.003552162392474,24.864402091757917,24.96876381533399,846800
2023-08-15,24.942672729492188,24.960066901986295,24.855703525821237,24.8817947845624,952900
2023-08-16,25.01224708557129,25.029641257595916,24.916580798235383,24.942672056272325,1066900
2023-08-17,25.003549575805664,25.055730432195656,24.92527746182092,24.93397454768584,686700
2023-08-18,25.020944595336914,25.05573128117577,24.986156250698485,25.03833876765613,677100
2023-08-21,24.994853973388672,25.038339405294128,24.97745980062649,25.003551059769762,2276700
2023-08-22,25.081823348999023,25.099217521879517,25.03833957559742,25.04703500323804,649000
2023-08-23,24.994853973388672,25.11660986512472,24.994853973388672,25.107914437543243,2112800
2023-08-24,25.194881439208984,25.194881439208984,25.08182263629761,25.12530640846362,1421000
2023-08-25,25.22966957092285,25.29924460108067,25.12530619628634,25.19488122644416,2377400
2023-08-28,25.18618392944336,25.229669359677626,25.18618392944336,25.21227518758392,710700
2023-08-29,25.047035217285156,25.28185157677962,25.038339789570227,25.28185157677962,2199100
2023-08-30,25.003549575805664,25.01224666167058,24.92527746182092,24.968761232345994,2983600
2023-08-31,25.12530517578125,25.15139643308053,25.099215577281466,25.099215577281466,2707600
2023-09-01,25.281850814819336,25.290547901071786,25.055731548654368,25.06442863490682,1260500
2023-09-05,25.412302017211914,25.438393274148083,25.360121162139055,25.360121162139055,1215500
2023-09-06,25.42099952697754,25.47318204172048,25.37751575682459,25.403605355396557,647600
2023-09-07,25.48187828063965,25.51666662491007,25.464485767303994,25.4731828533716,1034600
2023-09-08,25.50796890258789,25.50796890258789,25.40360553117936,25.473182217984725,1033200
2023-09-11,25.386213302612305,25.412302901657014,25.35142495881998,25.394910388560387,630500
2023-09-12,25.429698944091797,25.464487290443056,25.403607684328353,25.45579020385524,1827200
2023-09-13,25.447092056274414,25.447092056274414,25.386214111497615,25.421000797598822,549400
2023-09-14,25.603635787963867,25.612332874018286,25.507969500164823,25.542757844382496,1268500
2023-09-15,25.586240768432617,25.603634939965353,25.54275699840027,25.586240768432617,1295700
2023-09-18,25.54275894165039,25.603636887846964,25.516667682366307,25.56884854213485,479400
2023-09-19,25.560152053833008,25.568849140464554,25.507971192843396,25.525365366106488,366500
2023-09-20,25.603635787963867,25.62102830127315,25.44709155658345,25.52536367227366,827900
2023-09-21,25.621028900146484,25.681908503950428,25.603636386430665,25.65581724517731,980500
2023-09-22,25.681909561157227,25.707999162204743,25.62102995484715,25.681909561157227,1063900
2023-09-25,25.777572631835938,25.82105806227534,25.751483032371855,25.760180118459733,1412600
2023-09-26,25.855846405029297,25.864543491674606,25.786271370666473,25.794968457311786,1642700
2023-09-27,25.977603912353516,26.012390600072276,25.908028878116333,25.916724305946275,1609900
2023-09-28,25.838451385498047,25.908028076381814,25.821058871576717,25.881936817300403,1106400
2023-09-29,25.855846405029297,25.87324057831992,25.786271370666473,25.786271370666473,1590300
2023-10-02,26.055871963500977,26.06456904932585,25.960207337026375,25.960207337026375,3727200
2023-10-03,26.08196449279785,26.151539523989992,26.021086547854676,26.090661579046817,2486400
2023-10-04,26.003690719604492,26.07326574636653,25.98629654821411,25.9949936339093,1114900
2023-10-05,25.916723251342773,26.003692455300218,25.916723251342773,25.968905768996997,1368300
2023-10-06,25.864543914794922,26.047179419734874,25.829757226444265,26.012391072584524,1492000
2023-10-09,25.855846405029297,25.942815612682743,25.855846405029297,25.93411852603743,1777700
2023-10-10,25.794967651367188,25.855845597182615,25.777573478620035,25.838451424435462,2275900
2023-10-11,25.794967651367188,25.86454268355619,25.751483878298917,25.777573478620035,1343600
2023-10-12,26.012388229370117,26.021085315207095,25.881935259414504,25.881935259414504,1691000
2023-10-13,26.02978515625,26.073268931238047,26.00369389597736,26.012390982734907,942200
2023-10-16,25.916723251342773,26.021086627851624,25.916723251342773,25.9776028552727,761500
2023-10-17,25.9254207611084,25.994995793650936,25.89063407423694,25.986298707233168,603400
2023-10-18,26.021085739135742,26.04717699707174,25.96890488206328,25.986297395221076,799000
2023-10-19,25.942813873291016,26.012388902989034,25.890633015717395,25.99499473086464,1728900
2023-10-20,25.95151138305664,25.986298069073825,25.93411721064826,25.95151138305664,769500
2023-10-23,25.821056365966797,25.977600587665396,25.794965109417213,25.951509331115812,1462800
2023-10-24,25.96890640258789,25.994996003251945,25.908028455972257,25.916723883660516,1564900
2023-10-25,26.038482666015625,26.05587518101358,25.98630014462261,26.038482666015625,1347000
2023-10-26,26.0993595123291,26.1515403727168,26.06457116620421,26.081965339266656,1026300
2023-10-27,26.0645694732666,26.090660731165602,26.021085702234476,26.047176960133474,1032400
2023-10-30,25.960208892822266,26.02978392479139,25.951511806476177,26.021086838445296,719400
2023-10-31,26.116750717163086,26.15153740053475,26.029781520534748,26.047175691620303,970400
2023-11-01,26.12544822692871,26.238507023221775,26.108054055560707,26.203718680485768,3264600
2023-11-02,25.994993209838867,26.038478637605415,25.925418184211843,25.951509440871774,1849900
2023-11-03,25.751483917236328,25.82975603591726,25.699301398915964,25.78627060398362,3525400
2023-11-06,25.777572631835938,25.78626971792382,25.707997601932448,25.734088860196092,1529900
2023-11-07,25.864543914794922,25.916724776720756,25.829757226444265,25.890635175157684,1004600
2023-11-08,25.855846405029297,25.916724352746808,25.838452231738675,25.908028924901163,585300
2023-11-09,25.96890640258789,25.977603489075786,25.82975633638083,25.864543023532775,1062400
2023-11-10,25.95151138305664,25.994995155278016,25.93411721064826,25.95151138305664,836200
2023-11-13,25.916723251342773,25.98629828274881,25.899330737590958,25.96020868272129,3831800
2023-11-14,25.50796890258789,25.673210216151606,25.49927181673722,25.664513130300936,2938300
2023-11-15,25.603635787963867,25.638422473381986,25.55145327163736,25.58624161585503,1378300
2023-11-16,25.621028900146484,25.629725986404193,25.525364268910902,25.586242213915252,790900
2023-11-17,25.48187828063965,25.586241654651356,25.48187828063965,25.56015039644854,1455100
2023-11-20,25.403606414794922,25.44709184556083,25.368819728981766,25.43839475940765,1715000
2023-11-21,25.429698944091797,25.464487290443056,25.342729737013304,25.342729737013304,1349700
2023-11-22,25.516666412353516,25.60363561350555,25.516666412353516,25.5514530975346,4330300
2023-11-24,25.403606414794922,25.455788931714014,25.39491098744131,25.44709184556083,983600
2023-11-27,25.351425170898438,25.42100020026559,25.351425170898438,25.394910601002625,1450400
2023-11-28,25.26445770263672,25.33403273677673,25.220973928349085,25.307943135724013,1524100
2023-11-29,25.290546417236328,25.32533476020505,25.238365561582743,25.281849331494147,1900400
2023-11-30,25.473182678222656,25.48187810543092,25.386213476944146,25.421000162175826,4121100
2023-12-01,25.39491081237793,25.51666670008399,25.36012246800502,25.49057544180431,2520400
2023-12-04,25.50796890258789,25.5601497588924,25.473182217984725,25.525363074289235,2271800
2023-12-05,25.603635787963867,25.62102830127315,25.499272414110408,25.542757844382496,1836800
2023-12-06,25.664514541625977,25.664514541625977,25.5688482508073,25.5688482508073,1537500
2023-12-07,25.525362014770508,25.594937039888407,25.438392818673275,25.57754286890907,2570400
2023-12-08,25.621028900146484,25.664514331435015,25.560150955142134,25.664514331435015,1460900
2023-12-11,25.65581703186035,25.690605376601926,25.629725773304173,25.67321120423114,956200
2023-12-12,25.586240768432617,25.655815795764063,25.57754368266625,25.62102745269859,1034200
2023-12-13,25.368820190429688,25.62972614457263,25.3253364176724,25.568848199192583,1509200
2023-12-14,25.134004592895508,25.229670886400395,25.0992179054026,25.212276713254116,3746200
2023-12-15,25.299243927001953,25.316638098777844,25.23836598458585,25.247063070473796,4411500
2023-12-18,25.295543670654297,25.32330093747784,25.267786403830755,25.27703882610527,1916800
2023-12-19,25.18451690673828,25.24003144157274,25.175264484265874,25.23077901910033,2544400
2023-12-20,25.295543670654297,25.30479609292881,25.20302121262826,25.212273634902775,2362500
2023-12-21,25.129003524780273,25.21227356028535,25.129003524780273,25.147508369274536,1696100
2023-12-22,25.1197509765625,25.138255820963963,25.04573336367574,25.082743052478666,1511500
2023-12-26,25.064239501953125,25.1012474279474,25.054987079274763,25.091996769988217,1106200
2023-12-27,24.934709548950195,25.017979589789164,24.916204703270598,25.017979589789164,783700
2023-12-28,25.017976760864258,25.045732261525966,24.90694946406038,24.962462230102812,2087100
2023-12-29,25.064239501953125,25.07349192463149,24.999474307923762,25.054987079274763,983800
2024-01-02,25.27703857421875,25.286290996401064,25.22152580584396,25.2492830723909,2109400
2024-01-03,25.360309600830078,25.415822371375643,25.31404925282864,25.3695620233742,1222900
2024-01-04,25.360309600830078,25.37881444591832,25.304796830284516,25.3695620233742,2839300
2024-01-05,25.360309600830078,25.388066868462438,25.221526792106594,25.37881444591832,1082100
2024-01-08,25.314048767089844,25.341804269470458,25.267786655256945,25.33255184710388,1193100
2024-01-09,25.397319793701172,25.425075297163744,25.332552834610386,25.34180525733764,407200
2024-01-10,25.351057052612305,25.406569822882673,25.341804630114055,25.388066742605318,1514800
2024-01-11,25.36956214904785,25.462084610228224,25.33255245868804,25.397319416817716,1172800
2024-01-12,25.397319793701172,25.406570451709236,25.304797331147814,25.351057680064898,849300
2024-01-16,25.61937141418457,25.637874494030957,25.554606222924445,25.563856880488085,1061500
2024-01-17,25.637874603271484,25.711893981848856,25.637874603271484,25.674884292560172,930100
2024-01-18,25.665630340576172,25.702640027659093,25.65637791880544,25.6748827623469,2123700
2024-01-19,25.628623962402344,25.684136731652504,25.61937154007413,25.665631886996078,1116600
2024-01-22,25.637874603271484,25.65637944791583,25.591614256379746,25.61937152334626,2171700
2024-01-23,25.7026424407959,25.767407634552594,25.674885172877666,25.674885172877666,996900
2024-01-24,25.628623962402344,25.63787462001144,25.499091814526484,25.508344236854697,851100
2024-01-25,25.7026424407959,25.74890278927377,25.647127904959437,25.647127904959437,1250900
2024-01-26,25.7026424407959,25.7026424407959,25.637875482320027,25.665632750238256,1154700
2024-01-29,25.7026424407959,25.795163137751647,25.69339001815649,25.767407634552594,1286200
2024-01-30,25.68413734436035,25.74890253748373,25.65638007671355,25.68413734436035,460600
2024-01-31,25.7489013671875,25.776658633572723,25.58236129831431,25.63787406636568,3424500
2024-02-01,25.61937141418457,25.75815421898757,25.591614147336326,25.730396952139326,3755500
2024-02-02,25.850675582885742,25.878431083840038,25.776657972475892,25.79516105153908,3216000
2024-02-05,25.989459991455078,26.026467916592548,25.96170272406262,25.96170272406262,3422600
2024-02-06,25.915441513061523,26.007963969901432,25.906189090905624,25.998711547745533,621700
2024-02-07,25.887685775756836,25.91544304386413,25.869180930351973,25.9061906211617,849000
2024-02-08,25.915441513061523,25.980206703433733,25.906189090905624,25.961701859121934,1686900
2024-02-09,25.89693832397461,25.93394801496371,25.887685901227336,25.924695592216437,1118200
2024-02-12,25.924694061279297,25.970954407564655,25.906189216877515,25.933946483480188,1127700
2024-02-13,26.12824249267578,26.146747337387154,26.072729723260785,26.072729723260785,3596900
2024-02-14,26.081981658935547,26.128242005131654,26.06347681456947,26.128242005131654,3242200
2024-02-15,25.980205535888672,26.035718301610252,25.961700692408478,26.007962801108963,948900
2024-02-16,25.989459991455078,26.072730028913313,25.97095514652677,26.072730028913313,643500
2024-02-20,25.952449798583984,25.96170222086881,25.878432185024526,25.906189451878987,1142700
2024-02-21,25.924694061279297,25.980206829765546,25.924694061279297,25.943198905681076,878600
2024-02-22,25.924694061279297,25.980206829765546,25.924694061279297,25.961701985363764,895300
2024-02-23,25.943199157714844,25.95244981528651,25.90618946855174,25.915441890842516,538700
2024-02-26,25.89693832397461,25.924695592216437,25.887685901227336,25.89693832397461,636800
2024-02-27,25.915441513061523,25.933946357373323,25.878431824437925,25.915441513061523,1424900
2024-02-28,25.93394660949707,25.980206956007216,25.924694187251223,25.952449689269667,502900
2024-02-29,25.989459991455078,26.017217258847538,25.87843268660438,25.90618995399684,1038700
2024-03-01,25.943199157714844,26.054224695765935,25.93394673542407,26.007964349031166,779700
2024-03-04,25.943199157714844,25.95244981528651,25.90618946855174,25.943199157714844,853200
2024-03-05,25.915441513061523,25.952449436966035,25.869179402282025,25.933946357373323,1249300
2024-03-06,25.822919845581055,25.86918019305556,25.785911920545278,25.85992953533597,841600
2024-03-07,25.693389892578125,25.79516301167586,25.693389892578125,25.776659931206652,1081500
2024-03-08,25.7026424407959,25.7026424407959,25.628624824399793,25.637875482320027,940100
2024-03-11,25.730396270751953,25.748901114827408,25.702640769357835,25.71189319139556,541900
2024-03-12,25.7489013671875,25.813666557367277,25.73964894505909,25.767406211444314,832000
2024-03-13,25.721145629882812,25.74890289791816,25.684137703888197,25.730398052561263,304700
2024-03-14,25.859928131103516,25.87843121025709,25.776658098395778,25.776658098395778,1062900
2024-03-15,25.887685775756836,25.9061906211617,25.869180930351973,25.896938198459267,396600
2024-03-18,25.943199157714844,25.95244981528651,25.896937046260966,25.896937046260966,659700
2024-03-19,26.007965087890625,26.035720590832348,25.98946024278337,26.017217510444254,909000
2024-03-20,25.887685775756836,26.09123554577196,25.887685775756836,26.081983123069527,837900
2024-03-21,26.0634765625,26.072728984593557,25.970954106283518,25.98020652837707,719600
2024-03-22,26.202260971069336,26.202260971069336,26.12824335450154,26.146748199823282,736500
2024-03-25,26.137495040893555,26.146747463293796,26.10973777369283,26.137495040893555,255200
2024-03-26,26.1560001373291,26.165252559818356,26.10048560239358,26.109738024882834,245800
2024-03-27,26.174503326416016,26.20225882740872,26.165250904512103,26.183753983600894,209600
2024-03-28,26.24852180480957,26.24852180480957,26.183754849340726,26.202259693760396,392000
2024-04-01,26.350296020507812,26.378053288296925,26.248522901386075,26.257773559263274,664400
2024-04-02,26.31328773498535,26.331790815205878,26.276278045106007,26.331790815205878,582100
2024-04-03,26.19300651550293,26.29478139215434,26.174503436336437,26.285528970211573,3024900
2024-04-04,26.19300651550293,26.19300651550293,26.109736482737055,26.118988904679824,1404900
2024-04-05,26.220766067504883,26.304036107531026,26.19300879925644,26.28553126203206,469200
2024-04-08,26.183753967285156,26.2115112329796,26.165250888207897,26.2115112329796,379200
2024-04-09,26.174503326416016,26.193006405504807,26.109736373088626,26.11898879499254,599900
2024-04-10,26.452070236206055,26.479827503294057,26.35954777729851,26.35954777729851,1016800
2024-04-11,26.4705753326416,26.54459294752765,26.424313220388356,26.424313220388356,1112400
2024-04-12,26.68337631225586,26.701881157543717,26.646366621680144,26.664871466968002,620700
2024-04-15,26.72963523864746,26.73888766079913,26.683374892608203,26.69262731475987,614100
2024-04-16,26.766645431518555,26.803653356103347,26.70188023995583,26.729635742214647,1490800
2024-04-17,26.68337631225586,26.757393928688114,26.646366621680144,26.7203842381124,1293500
2024-04-18,26.738889694213867,26.738889694213867,26.674124498946068,26.683376921801354,826400
2024-04-19,26.738889694213867,26.75739453992444,26.66487207609078,26.683376921801354,831000
2024-04-22,26.74814224243164,26.803655015104326,26.720384973735683,26.803655015104326,302600
2024-04-23,26.637115478515625,26.729636173831143,26.609358211089482,26.72038375135576,780900
2024-04-24,26.664871215820312,26.701880906047446,26.646366370706744,26.65561879326353,299700
2024-04-25,26.609357833862305,26.720383372554632,26.600105411518093,26.711132714929537,639700
2024-04-26,26.72963523864746,26.78514977155747,26.683374892608203,26.69262731475987,1018400
2024-04-29,26.646366119384766,26.720383734421755,26.600105771756326,26.69262823173235,783200
2024-04-30,26.81290626525879,26.81290626525879,26.701880724769456,26.729636227532215,819900
2024-05-01,26.7851505279541,26.82215845288677,26.664870801304872,26.80365360806087,3025300
2024-05-02,26.581600189208984,26.729635415175164,26.572347766996213,26.692627491043165,1344600
2024-05-03,26.50758171081543,26.553843820368947,26.415059256427437,26.461321365980954,856400
2024-05-06,26.535341262817383,26.544593685525268,26.48907914927795,26.48907914927795,1365000
2024-05-07,26.609357833862305,26.627862678550734,26.526087797483502,26.535340219827717,450300
2024-05-08,26.646366119384766,26.6648709643238,26.627863039164875,26.646366119384766,361700
2024-05-09,26.55384635925293,26.63711639969189,26.55384635925293,26.62786397689654,388400
2024-05-10,26.590852737426758,26.627862426453223,26.55384481311939,26.58160031517014,406200
2024-05-13,26.581600189208984,26.60010503363453,26.544592265076986,26.544592265076986,371700
2024-05-14,26.52608871459961,26.563096640536862,26.52608871459961,26.544593559927826,525200
2024-05-15,26.359548568725586,26.498331378894203,26.359548568725586,26.424313762489664,705600
2024-05-16,26.424314498901367,26.45207176759632,26.38730657202732,26.424314498901367,1726900
2024-05-17,26.424314498901367,26.479829036291274,26.396558994925638,26.470576613392957,698000
2024-05-20,26.461322784423828,26.461322784423828,26.433565517203807,26.44281793961048,296000
2024-05-21,26.461322784423828,26.489078286924716,26.44281793961048,26.4705752068305,281200
2024-05-22,26.544593811035156,26.563096891819228,26.489079274525352,26.507584120028618,309400
2024-05-23,26.60010528564453,26.60010528564453,26.47982732517716,26.489077982758477,326300
2024-05-24,26.516834259033203,26.544591524897527,26.48907699316888,26.526086680987977,253100
2024-05-28,26.479827880859375,26.498330961129415,26.424313345891814,26.424313345891814,402200
2024-05-29,26.62786293029785,26.62786293029785,26.535340470700103,26.55384531556348,383000
2024-05-30,26.544593811035156,26.553846233786793,26.507584120028618,26.544593811035156,322100
2024-05-31,26.52608871459961,26.544593559927826,26.452071098005927,26.47982836599825,797000
2024-06-03,26.387304306030273,26.516834686044913,26.387304306030273,26.49832984183737,786900
2024-06-04,26.396556854248047,26.45206962241682,26.378052009952096,26.44281720026884,540300
2024-06-05,26.433565139770508,26.48907790869877,26.405809637665925,26.415060295221384,1348600
2024-06-06,26.396556854248047,26.461322044564792,26.396556854248047,26.44281720026884,222500
2024-06-07,26.618610382080078,26.627862804468045,26.572348270140246,26.572348270140246,369400
2024-06-10,26.68337631225586,26.738889083400256,26.67412388961193,26.729636660756327,752800
2024-06-11,26.720382690429688,26.766644800969765,26.701879610932732,26.75739237886175,396600
2024-06-12,26.60010528564453,26.60010528564453,26.470574902876727,26.489077982758477,835200
2024-06-13,26.701879501342773,26.738887424903872,26.433564555468767,26.461321821678894,2156700
2024-06-14,26.82215690612793,26.886922094564625,26.80365206236915,26.859166593645487,434500
2024-06-17,26.75739288330078,26.84066291912368,26.75739288330078,26.812905652276342,204900
2024-06-18,26.74814224243164,26.78515193402625,26.720384973735683,26.78515193402625,179600
2024-06-20,26.859169006347656,26.859169006347656,26.79440204737405,26.803654470084567,346900
2024-06-21,26.923933029174805,26.94243787379071,26.89617576225094,26.905428184558897,935100
2024-06-24,26.831409454345703,26.868419142037528,26.812904610499793,26.831409454345703,1158700
2024-06-25,26.859169006347656,26.91468177789156,26.849916583637143,26.886924509760014,872400
2024-06-26,26.988698959350586,27.016456227034222,26.951689269105735,26.988698959350586,334700
2024-06-27,26.951688766479492,26.960941188868155,26.905428419255305,26.914680841643968,314400
2024-06-28,26.951688766479492,26.997950878422806,26.92393326403263,26.970193611256818,941200
2024-07-01,26.960941314697266,26.997951004424642,26.86842061981709,26.905428544825334,770900
2024-07-02,26.923933029174805,26.979445798303413,26.91468060686685,26.960940953687505,544000
2024-07-03,26.81290626525879,26.859168377728633,26.75739349501412,26.859168377728633,1535700
2024-07-05,26.720382690429688,26.803652724682753,26.720382690429688,26.75739237886175,969300
2024-07-08,26.766645431518555,26.77589785384453,26.71113266228181,26.72038331988867,333900
2024-07-09,26.803653717041016,26.822158561942157,26.766645791957878,26.785150636859015,633200
2024-07-10,26.775897979736328,26.79440105975616,26.775897979736328,26.79440105975616,929600
2024-07-11,26.637115478515625,26.655618558747243,26.572348521187962,26.6001057886141,1004700
2024-07-12,26.544593811035156,26.600106582825767,26.535341388283523,26.57234931457086,1111400
2024-07-15,26.590852737426758,26.60935758193999,26.535339968606156,26.544592390862775,1727000
2024-07-16,26.590852737426758,26.66487035076059,26.590852737426758,26.646365506247356,382600
2024-07-17,26.4705753326416,26.507583257725056,26.452070487740304,26.47982775509225,1065900
2024-07-18,26.590852737426758,26.60935758193999,26.516835124092925,26.52608754634954,1840600
2024-07-19,26.664871215820312,26.664871215820312,26.627863290312337,26.627863290312337,378000
2024-07-22,26.646366119384766,26.674123386793315,26.646366119384766,26.65561854185428,1065600
2024-07-23,26.692626953125,26.711131797177632,26.67412210907237,26.692626953125,359000
2024-07-24,26.68337631225586,26.68337631225586,26.609358695823605,26.627863541111463,313800
2024-07-25,26.68337631225586,26.701881157543717,26.63711596375539,26.68337631225586,272000
2024-07-26,26.664871215820312,26.683376060933877,26.646366370706744,26.65561879326353,230400
2024-07-29,26.738889694213867,26.794402466626376,26.729637271358577,26.75739453992444,1107000
2024-07-30,26.75739288330078,26.8036532299939,26.73888803873589,26.785150150148116,273800
2024-07-31,26.609357833862305,26.711132714929537,26.59085298917388,26.600105411518093,533400
2024-08-01,26.701879501342773,26.72963500283383,26.637114311571548,26.674122235132646,1206500
2024-08-02,26.433565139770508,26.48907790869877,26.405809637665925,26.48907790869877,1180300
2024-08-05,26.28553009033203,26.350295281972244,26.193007631680675,26.202260054017724,2084300
2024-08-06,26.368799209594727,26.39655647564053,26.350294365564192,26.39655647564053,787300
2024-08-07,26.424314498901367,26.45207176759632,26.40581141782396,26.442819344698,921900
2024-08-08,26.461322784423828,26.52608797655141,26.452070362017153,26.489078286924716,304900
2024-08-09,26.433565139770508,26.452069984319632,26.415060295221384,26.442817562045068,350500
2024-08-12,26.433565139770508,26.48907790869877,26.433565139770508,26.470574828868756,181600
2024-08-13,26.294782638549805,26.396557520025432,26.294782638549805,26.396557520025432,229400
2024-08-14,26.322540283203125,26.322540283203125,26.23001782278191,26.30403543817505,615900
2024-08-15,26.415061950683594,26.461324064955704,26.387306446839546,26.461324064955704,378400
2024-08-16,26.28553009033203,26.39655739365748,26.28553009033203,26.350295281972244,320200
2024-08-19,26.146747589111328,26.248522471284577,26.146747589111328,26.248522471284577,4595700
2024-08-20,26.054224014282227,26.118989203904526,26.03571917018469,26.100484359806995,487200
2024-08-21,25.97095489501953,26.118990123574097,25.91544212549135,26.054224931671364,568500
2024-08-22,26.09123420715332,26.118989709117425,26.017216594050552,26.017216594050552,3506400
2024-08-23,25.869178771972656,26.10048402607707,25.850675692830773,26.091233368865648,968500
2024-08-26,25.924694061279297,25.943198905681076,25.887684372475736,25.915441639078406,318200
2024-08-27,25.8414249420166,25.924694980056632,25.8414249420166,25.915442557527832,1806500
2024-08-28,25.989459991455078,26.017217258847538,25.943199643853454,25.989459991455078,588200
2024-08-29,26.081981658935547,26.128242005131654,26.05422439238643,26.072729236752508,1799000
2024-08-30,26.1560001373291,26.183755640077713,26.10048560239358,26.137495292350593,2138600
2024-09-03,26.202260971069336,26.230018239051955,26.118990931840667,26.146748199823282,2698700
2024-09-04,26.072729110717773,26.165251567381826,26.06347668857946,26.155999145243513,738600
2024-09-05,26.035720825195312,26.100486018934536,25.99871289936683,26.035720825195312,426500
2024-09-06,26.072729110717773,26.11898945669026,25.961701809777097,26.06347668857946,759100
2024-09-09,26.183753967285156,26.183753967285156,26.137493622513457,26.146746044411604,361600
2024-09-10,26.19300651550293,26.230016203274005,26.18375409356016,26.2022589374457,371600
2024-09-11,26.220766067504883,26.230018490254366,26.19300879925644,26.220766067504883,332800
2024-09-12,26.109737396240234,26.202259854185968,26.100484973973753,26.183755009652998,330200
2024-09-13,26.072729110717773,26.0912339549944,26.02646700002621,26.035719422164522,957300
2024-09-16,25.989459991455078,26.026467916592548,25.96170272406262,25.97095514652677,1623800
2024-09-17,26.072729110717773,26.072729110717773,26.017216342606975,26.017216342606975,456000
2024-09-18,26.100486755371094,26.118991601167043,25.87843389997736,25.989461210033838,638800
2024-09-19,25.989459991455078,26.109737954050782,25.97095514652677,26.072730028913313,331100
2024-09-20,26.035720825195312,26.100486018934536,25.99871289936683,26.044973247832225,370000
2024-09-23,26.072729110717773,26.100484612413634,26.035719422164522,26.06347668857946,310900
2024-09-24,25.924694061279297,26.054224442653574,25.924694061279297,26.017216518569107,213000
2024-09-25,26.100486755371094,26.109739178269066,25.91544359156926,25.924696014467237,263300
2024-09-26,25.980205535888672,26.091232832050835,25.970953114148575,26.04497072335035,389400
2024-09-27,25.97095489501953,26.007964584517737,25.906189703116798,25.9246945478659,845300
2024-09-30,26.072729110717773,26.100484612413634,25.97095423191541,25.97095423191541,1322300
2024-10-01,26.183753967285156,26.230016076775893,26.128241200615307,26.15599846630975,1300200
2024-10-02,26.294782638549805,26.313287483312486,26.248522291362224,26.248522291362224,815000
2024-10-03,26.3780517578125,26.43356452545064,26.350294491633896,26.368799335752964,1203700
2024-10-04,26.52608871459961,26.58160148586508,26.5168362919355,26.553845982591934,456200
2024-10-07,26.544593811035156,26.553846233786793,26.507584120028618,26.535341388283523,283200
2024-10-08,26.544593811035156,26.581601737322497,26.516836542780254,26.516836542780254,5172200
2024-10-09,26.664871215820312,26.664871215820312,26.609358445198772,26.618610867755557,222300
2024-10-10,26.65561866760254,26.738888705501875,26.64636624508937,26.64636624508937,349900
2024-10-11,26.674123764038086,26.683376186638455,26.646366496236972,26.664871341437713,270200
2024-10-14,26.75739288330078,26.794400807711455,26.720383194171,26.75739288330078,1291800
2024-10-15,26.775897979736328,26.79440105975616,26.711132787869097,26.711132787869097,373800
2024-10-16,26.849916458129883,26.868421303464412,26.775898841510937,26.785151264178204,191500
2024-10-17,26.933185577392578,26.933185577392578,26.89617588798775,26.92393315504137,720000
2024-10-18,26.859169006347656,26.877672087049497,26.840664160926625,26.859169006347656,352900
2024-10-21,26.979446411132812,26.997951256169053,26.88692395067077,26.88692395067077,304500
2024-10-22,27.0072021484375,27.01645457043137,26.970192460462023,26.98869730444976,197200
2024-10-23,27.0997257232666,27.145986070428116,27.090473300890473,27.090473300890473,1481600
2024-10-24,26.99795150756836,27.0719691236834,26.99795150756836,27.04421185587057,294400
2024-10-25,27.090473175048828,27.099725597381976,27.016455561102756,27.016455561102756,211400
2024-10-28,27.090473175048828,27.10897625499601,27.06271590804938,27.06271590804938,208700
2024-10-29,27.0997257232666,27.182993995213504,27.081220878514344,27.173743337556502,423900
2024-10-30,27.034957885742188,27.118227919694995,27.016454806311952,27.108975497620342,395000
2024-10-31,27.016454696655273,27.090472308232997,26.98869743054398,26.997949852581076,754400
2024-11-01,27.12748146057129,27.136733883027535,27.01645592053464,27.02570657827174,591000
2024-11-04,27.025705337524414,27.025705337524414,26.95168772599174,26.97944499208614,504800
2024-11-05,26.91468048095703,26.988698094355286,26.88692321416302,26.951688405296604,1181500
2024-11-06,27.349533081054688,27.40504761330703,27.284767891479348,27.395795191264973,1287600
2024-11-07,27.12748146057129,27.220003920414594,27.0997259579217,27.173743572852512,1276600
2024-11-08,27.31252670288086,27.386544318685992,27.229256664510192,27.23850908707573,439600
2024-11-11,27.469812393188477,27.51607273798976,27.46055997128441,27.469812393188477,1832800
2024-11-12,27.590091705322266,27.65485689711668,27.562336202964154,27.57158686060411,1604300
2024-11-13,27.747379302978516,27.747379302978516,27.599344074954338,27.599344074954338,778700
2024-11-14,27.85840606689453,27.876909146499912,27.71037084173697,27.75663118782905,678000
2024-11-15,27.830650329589844,27.858407597601694,27.756632712944096,27.812145484248614,738200
2024-11-18,27.69186782836914,27.775137868615882,27.65485813727317,27.76588544584189,1559100
2024-11-19,27.682613372802734,27.728873718556507,27.664108528613596,27.673360950708165,707200
2024-11-20,27.82139778137207,27.86765989451639,27.80289293611434,27.80289293611434,717900
2024-11-21,27.91391944885254,27.941676715949498,27.74737937570903,27.812144567549478,706200
2024-11-22,28.061954498291016,28.135972112025044,28.01569415147691,28.04344965367773,337600
2024-11-25,27.867658615112305,27.941676228025894,27.80289165968371,27.812144081887794,1069600
2024-11-26,27.9046688079834,27.960181581002253,27.85840845792089,27.876911539114353,904800
2024-11-27,27.664108276367188,27.756630731750167,27.617847931035225,27.701117964408002,780700
2024-11-29,27.617849349975586,27.70111938762658,27.617849349975586,27.673362120169866,475200
2024-12-02,27.784387588500977,27.867657620647137,27.738125479131426,27.784387588500977,850200
2024-12-03,27.775136947631836,27.784389370099035,27.70111933261341,27.710371755080608,375700
2024-12-04,27.765884399414062,27.84915443652256,27.70111920715615,27.821397169246683,475100
2024-12-05,27.617849349975586,27.70111938762658,27.608596927490016,27.654857275198726,1046900
2024-12-06,27.69186782836914,27.7473806002939,27.617850210896396,27.62710263367039,557500
2024-12-09,27.738126754760742,27.756631599359565,27.64560429648572,27.664109141084545,1351700
2024-12-10,27.802892684936523,27.867659642753452,27.78438960456513,27.79364202711041,480300
2024-12-11,27.895414352416992,27.913919196981325,27.830649161160927,27.839901583443094,1269400
2024-12-12,27.98793601989746,27.98793601989746,27.8491532190236,27.91391840845013,815600
2024-12-13,27.997188568115234,28.00644099017774,27.95092645780272,27.96017887986522,1272800
2024-12-16,27.950927734375,28.03419777202157,27.932424654123988,27.98793742431532,1629900
2024-12-17,27.978683471679688,27.99718831563782,27.93242312650341,27.969431049700624,392100
2024-12-18,28.30251121520996,28.339519138450505,27.97868350443969,28.015693192399286,988500
2024-12-19,28.35802459716797,28.395034285929853,28.265502139982353,28.28400698436329,713700
2024-12-20,28.219242095947266,28.3117645541237,28.163729326929047,28.302512131834145,992000
2024-12-23,28.322710037231445,28.380728044167526,28.284030136367935,28.322710037231445,818700
2024-12-24,28.400068283081055,28.400068283081055,28.31304034961333,28.33237845588233,388600
2024-12-26,28.34204864501953,28.38072854656776,28.31304056321758,28.371058571180704,554600
2024-12-27,28.293699264526367,28.342047294799123,28.28402928959999,28.293699264526367,462200
2024-12-30,28.322710037231445,28.41940610067185,28.322710037231445,28.36138809373577,775000
2024-12-31,28.448415756225586,28.487093812362694,28.3710577995922,28.38072777471627,752400
2025-01-02,28.690160751342773,28.728838809030357,28.51610488085054,28.535444831873956,1397600
2025-01-03,28.603132247924805,28.699830156761823,28.583792297285562,28.65148028016371,7968000
2025-01-06,28.41940689086914,28.45808679280814,28.38072883328938,28.41940689086914,3883300
2025-01-07,28.525774002075195,28.525774002075195,28.390398037684015,28.400068012906125,1505600
2025-01-08,28.63214111328125,28.68048914372923,28.60313118839698,28.670819168767807,2158500
2025-01-10,28.77718734741211,28.835205353423177,28.699829391277632,28.7578473972887,1409900
2025-01-13,28.864215850830078,28.91256388273792,28.835205925069857,28.864215850830078,1352600
2025-01-14,28.680490493774414,28.79652835441448,28.680490493774414,28.777188403581267,1161100
2025-01-15,28.63214111328125,28.719169043574926,28.52577323306473,28.554783157949,1056200
2025-01-16,28.63214111328125,28.728837174177208,28.593461213435557,28.690159118690655,658100
2025-01-17,28.738508224487305,28.748178199810564,28.603132258680102,28.70950014287674,1072300
2025-01-21,28.371057510375977,28.50643347201458,28.351717560324992,28.467755416271757,1743100
2025-01-22,28.41940689086914,28.44841681732339,28.39039880877413,28.400068784258877,1497400
2025-01-23,28.40973663330078,28.516104518217656,28.35171862532759,28.43874655946699,876500
2025-01-24,28.235681533813477,28.293699539576618,28.177661683691184,28.274359589535855,10044500
2025-01-27,28.245349884033203,28.25501985912875,28.158323796891587,28.158323796891587,978000
2025-01-28,28.361387252807617,28.40006715252425,28.3420473029493,28.35171727787846,390100
2025-01-29,28.41940689086914,28.45808679280814,28.371058857804627,28.43874684183864,1136700
2025-01-30,28.41940689086914,28.46775676829289,28.313040849255366,28.33237895586563,897100
2025-01-31,28.535444259643555,28.545114234961346,28.35171841732393,28.49676435837239,810300
2025-02-03,28.661149978637695,28.79652778744555,28.564453915093896,28.748177911314464,2511700
2025-02-04,28.400068283081055,28.53544424876009,28.400068283081055,28.516104298131882,1148400
2025-02-05,28.35171890258789,28.35171890258789,28.245351016630813,28.29370089404732,1628200
2025-02-06,28.332378387451172,28.438746271290192,28.322710256519624,28.40973634541795,1254400
2025-02-07,28.458086013793945,28.516104020755016,28.342048155512614,28.351718130732657,1054500
2025-02-10,28.545114517211914,28.55478449262532,28.496764640144878,28.535444541798505,754200
2025-02-11,28.448415756225586,28.506433762610833,28.39039774984034,28.487093812362694,973400
2025-02-12,28.467756271362305,28.564454180162617,28.36138838724604,28.516104303582857,865600
2025-02-13,28.235681533813477,28.429075501143668,28.20667160875233,28.409735551102905,1642600
2025-02-14,28.158323287963867,28.158323287963867,28.10030343843921,28.119643388280764,658600
2025-02-18,28.21634292602539,28.245351008107303,28.177663024103857,28.206672950545006,1484900
2025-02-19,28.245349884033203,28.322709684797598,28.22601177820127,28.25501985912875,518600
2025-02-20,28.022947311401367,28.17766323150782,28.022947311401367,28.167993255956265,1311300
2025-02-21,28.119644165039062,28.14865409060274,28.08096610864667,28.129314140226953,680500
2025-02-24,28.13898468017578,28.167992761962484,28.080966672243157,28.129314704793806,885500
2025-02-25,28.032615661621094,28.109973617189105,28.013275711639306,28.071295561584673,1099300
2025-02-26,28.090635299682617,28.138985177446923,28.02294731517184,28.10997525078834,610400
2025-02-27,28.293699264526367,28.3227091893055,28.226011284400855,28.255019364820857,1078900
2025-02-28,28.41940689086914,28.42907686635389,28.313040849255366,28.33237895586563,2018300
2025-03-03,28.14865493774414,28.216342921737297,28.119645011307398,28.197002970779472,1346700
2025-03-04,27.897239685058594,28.10030362667779,27.897239685058594,28.051955596109163,971100
2025-03-05,27.55879783630371,27.65549574144327,27.539457886403973,27.636155791543533,1374200
2025-03-06,27.539459228515625,27.56846915477901,27.413753236759423,27.47177124492696,575500
2025-03-07,27.452430725097656,27.491110625980475,27.3654027924705,27.375072767691204,531300
2025-03-10,27.471771240234375,27.510451141912277,27.413753232076747,27.423423207496224,1299800
2025-03-11,27.317054748535156,27.375072755474307,27.28804482288599,27.326724723751546,1346900
2025-03-12,27.384742736816406,27.442760743768535,27.33639470508283,27.413752662472064,408700
2025-03-13,27.481441497802734,27.500781448840247,27.42342348904944,27.49111147332149,468900
2025-03-14,27.452430725097656,27.471770675539066,27.413752668574023,27.433092619015433,1693600
2025-03-17,27.346065521240234,27.404083529976518,27.326725570208396,27.394413554460595,569900
2025-03-18,27.326725006103516,27.413752939591042,27.307385055470906,27.384743013642133,457600
2025-03-19,27.394412994384766,27.49111090320775,27.37507304374833,27.423422920339423,382600
2025-03-20,27.471771240234375,27.55879917465043,27.471771240234375,27.53945922381148,765300
2025-03-21,27.55879783630371,27.58780776115332,27.52011793650423,27.539457886403973,621400
2025-03-24,27.607147216796875,27.665167069333503,27.558799184042247,27.558799184042247,551000
2025-03-25,27.57813835144043,27.597478301736558,27.520118500552048,27.54912842599624,329100
2025-03-26,27.70384407043457,27.70384407043457,27.616816139306863,27.655496039523246,318900
2025-03-27,27.616817474365234,27.674837327494618,27.56846944111666,27.65549737645149,618200
2025-03-28,27.56846809387207,27.61681612475792,27.529788193676065,27.597478019019075,364700
2025-03-31,27.59747886657715,27.655496874293817,27.56846894053921,27.56846894053921,980900
2025-04-01,27.62648582458496,27.655495749442963,27.578137794180765,27.62648582458496,371300
2025-04-02,27.51045036315918,27.578138344820204,27.481440437721954,27.549128419382978,382800
2025-04-03,27.026962280273438,27.09465026095333,26.8722463689025,26.930264374576815,5057800
2025-04-04,27.326725006103516,27.365403063009524,27.094651131589842,27.11399108222245,1486100
2025-04-07,27.442760467529297,27.481440368014155,27.31705447967185,27.31705447967185,2740500
2025-04-08,27.317054748535156,27.452430712846233,27.268706716812396,27.326724723751546,491600
2025-04-09,27.35573387145996,27.404081901807803,27.05597018135412,27.05597018135412,1720700
2025-04-10,26.785219192504883,26.978613164985113,26.717529365559642,26.95927321442933,1867600
2025-04-11,26.543476104736328,26.649842147124648,26.388760184572178,26.40809829132326,1811600
2025-04-14,26.45644760131836,26.59182356746688,26.427437675275442,26.5724836167716,967700
2025-04-15,26.60149383544922,26.62083378635725,26.485455974360267,26.514465900722314,757700
2025-04-16,26.37908935546875,26.466117288290025,26.34040945449965,26.437107362563204,1330500
2025-04-17,26.398427963256836,26.45644781581306,26.369419881337947,26.42743788953495,499900
2025-04-21,26.147014617919922,26.18569267325055,26.09866474330772,26.12767466807504,1208900
2025-04-22,26.29206085205078,26.31139895775646,26.16635302098855,26.19536294608579,2219200
2025-04-23,26.53380584716797,26.562813929165902,26.35008000229104,26.37908992864821,3933500
2025-04-24,26.417766571044922,26.47578457629232,26.38875849060079,26.417766571044922,757100
2025-04-25,26.485454559326172,26.543474408950445,26.446776503935787,26.51446448413831,680600
2025-04-28,26.321069717407227,26.485455609140228,26.311399742086554,26.475785633819555,520300
2025-04-29,26.408098220825195,26.417768196354547,26.340410236478984,26.350080212008336,852100
2025-04-30,26.50479507446289,26.5144650496065,26.427437117673197,26.46611701824763,829300
2025-05-01,26.65951156616211,26.717529573922725,26.57248363234158,26.582153607694885,1921400
2025-05-02,26.620832443237305,26.640170548810424,26.45644655753139,26.533804512901284,1285500
2025-05-05,26.57248306274414,26.611162963328233,26.48545513078911,26.48545513078911,617700
2025-05-06,26.408098220825195,26.49512615623011,26.408098220825195,26.466118074001304,650000
2025-05-07,26.60149383544922,26.611163810903232,26.456447892357453,26.485455974360267,812100
2025-05-08,26.823896408081055,26.852906333005,26.601492516741562,26.61116249171621,869400
2025-05-09,26.746540069580078,26.765880020698553,26.678852085024666,26.73687009402084,1307000
2025-05-12,27.123659133911133,27.181678985639394,27.0269630697491,27.055971151254028,1948500
2025-05-13,26.891584396362305,27.03663033230592,26.891584396362305,27.01729222671014,736900
2025-05-14,26.949604034423828,26.949604034423828,26.794886280359577,26.814226230162497,1026600
2025-05-15,26.881916046142578,26.92059594839025,26.83356801269224,26.862577939377992,850400
2025-05-16,26.959272384643555,26.997952284564583,26.852906348579012,26.8915844041409,807800
2025-05-19,26.775548934936523,26.80455701610517,26.72719905905681,26.736869034232754,894200
2025-05-20,26.698190689086914,26.79488675108199,26.678850738944234,26.79488675108199,430300
2025-05-21,26.5821533203125,26.591823295561262,26.495125387432836,26.572483345063738,859200
2025-05-22,26.65951156616211,26.717529573922725,26.620833509108103,26.630503484461407,656700
2025-05-23,26.46611785888672,26.5628139246758,26.437107932534456,26.533805842682767,1261300
2025-05-27,26.611164093017578,26.611164093017578,26.49512623069847,26.49512623069847,1060500
2025-05-28,26.698190689086914,26.698190689086914,26.620832732875357,26.669180763872895,801300
2025-05-29,26.553142547607422,26.591822447368706,26.51446449220527,26.572482497488064,980400
2025-05-30,26.543476104736328,26.640172171569482,26.533806129181162,26.60149411370807,1030000
2025-06-02,26.35974884033203,26.446776771289084,26.350078865296897,26.427436821218816,1051200
2025-06-03,26.53380584716797,26.54347582262036,26.475785994453634,26.5047959208108,1306600
2025-06-04,26.417766571044922,26.48545455122674,26.379088515666368,26.46611644571703,769700
2025-06-05,26.398427963256836,26.42743788953495,26.301731897714912,26.301731897714912,1105500
2025-06-06,26.53380584716797,26.57248390461829,26.495125945358414,26.562813929165902,758400
2025-06-09,26.46611785888672,26.543475818133523,26.46611785888672,26.543475818133523,604600
2025-06-10,26.49512481689453,26.524134742016123,26.446776786051025,26.446776786051025,732100
2025-06-11,26.398427963256836,26.4661177912391,26.369419881337947,26.446777840387025,833300
2025-06-12,26.205034255981445,26.24371231372218,26.166354353881466,26.19536428045645,1260800
2025-06-13,26.272722244262695,26.388760106220904,26.243712317683332,26.369420155167994,2720900
2025-06-16,26.30173110961914,26.30173110961914,26.156683326933962,26.20503320261541,1534100
2025-06-17,26.475786209106445,26.495126160168024,26.292062207099207,26.292062207099207,2361400
2025-06-18,26.52413558959961,26.543475540298683,26.388759623424516,26.446777631162526,2202600
2025-06-20,26.49512481689453,26.514464766975593,26.427436835969964,26.45644676109156,1191600
2025-06-23,26.38875961303711,26.620833488257013,26.36941966234565,26.611163512911283,2885600
2025-06-24,26.253381729125977,26.32106971199756,26.20503369689176,26.311399736678876,1538800
2025-06-25,26.185693740844727,26.32106970655992,26.17602376552804,26.32106970655992,1828600
2025-06-26,26.07932472229004,26.11800462187424,26.011636742376815,26.069654747393987,1559900
2025-06-27,26.127676010131836,26.156684092030037,26.059988026557072,26.098666083874413,1373700
2025-06-30,25.992298126220703,26.10833598656795,25.982629995187718,26.10833598656795,1023100
2025-07-01,25.982629776000977,26.021307832884297,25.924609924137194,25.943949874758456,1503800
2025-07-02,25.963289260864258,26.079325273350467,25.963289260864258,26.050317192408496,774500
2025-07-03,26.0889949798584,26.108334929860046,26.02130699921178,26.059986899215076,1148900
2025-07-07,26.176023483276367,26.243711465404097,26.12767545157347,26.137345426785885,1337800
2025-07-08,26.195363998413086,26.29206190826265,26.185694022992205,26.253382006579134,1337300
2025-07-09,26.195363998413086,26.234042055737376,26.185694022992205,26.205033973833963,703200
2025-07-10,26.243711471557617,26.31139945370122,26.224373365487438,26.243711471557617,1244700
2025-07-11,26.321069717407227,26.34040966804857,26.263051709842404,26.29206163580442,597500
2025-07-14,26.38875961303711,26.39842774402363,26.321069785616995,26.350079711654185,1313500
2025-07-15,26.53380584716797,26.553143953713512,26.3887599041006,26.398428035193753,1713300
2025-07-16,26.43710708618164,26.60149297486338,26.28239117264108,26.562813074298653,2539400
2025-07-17,26.553142547607422,26.582152472428387,26.533804442085913,26.553142547607422,1520200
2025-07-18,26.51446533203125,26.51446533203125,26.408097448677726,26.427437399170948,910600
2025-07-21,26.340410232543945,26.41776819240795,26.292062199263658,26.39842824135214,2401200
2025-07-22,26.205034255981445,26.350080200137878,26.19536428045645,26.33074024908789,1688600
2025-07-23,26.166353225708008,26.282391082645677,26.156683250599936,26.26305113242954,2129500
2025-07-24,26.234041213989258,26.243711189099866,26.156683257463566,26.205033133016602,895000
2025-07-25,26.29206085205078,26.37908878298336,26.29206085205078,26.350078857886114,871000
2025-07-28,26.59182357788086,26.601493553232284,26.466117587030748,26.495125668725812,1843200
2025-07-29,26.65951156616211,26.72719954927603,26.6401716154555,26.707861442928635,1876000
2025-07-30,26.920595169067383,26.939935119631347,26.756209277992074,26.84323721117072,1900300
2025-07-31,26.978612899780273,26.99795285014594,26.901254942676786,26.978612899780273,1316200
2025-08-01,26.65951156616211,26.746539499982642,26.620833509108103,26.65951156616211,3105600
2025-08-04,26.64984130859375,26.669181259095556,26.59182330144753,26.611163251949336,935500
2025-08-05,26.64984130859375,26.717529290990875,26.611163251949336,26.678851234346457,1073700
2025-08-06,26.49512481689453,26.57248277285963,26.46611673613209,26.562812797819095,1137500
2025-08-07,26.475786209106445,26.58215409558587,26.475786209106445,26.50479613569881,1405500
2025-08-08,26.52413558959961,26.543475540298683,26.485455688201462,26.514465614250074,490900
2025-08-11,26.630502700805664,26.649840806584,26.572482850393186,26.59182280053068,1225200
2025-08-12,26.49512481689453,26.60149269798122,26.437106811010494,26.60149269798122,863100
2025-08-13,26.42743682861328,26.42743682861328,26.369418822745395,26.42743682861328,962300
2025-08-14,26.52413558959961,26.562813646638546,26.495125663551,26.504795638900536,657100
2025-08-15,26.43710708618164,26.456447036464002,26.408097160758096,26.43710708618164,660600
2025-08-18,26.50479507446289,26.533804999893718,26.485455124175676,26.485455124175676,646000
2025-08-19,26.57248306274414,26.57248306274414,26.504795081081152,26.514465056227177,582100
2025-08-20,26.553142547607422,26.562812522547745,26.51446449220527,26.543474417026236,658600
2025-08-21,26.688520431518555,26.688520431518555,26.591822526187862,26.591822526187862,1186400
2025-08-22,26.42743682861328,26.70786057163317,26.388758772821074,26.698190596595328,1552700
2025-08-25,26.64017105102539,26.659511001322244,26.45644705628283,26.485455137368934,791300
2025-08-26,26.57248306274414,26.601492988182212,26.543474981665245,26.582153037890166,675500
2025-08-27,26.5821533203125,26.698191178938448,26.562813369814975,26.698191178938448,524000
2025-08-28,26.485454559326172,26.55314253952869,26.45644647887317,26.533804434013067,819400
2025-08-29,26.46611785888672,26.5628139246758,26.46611785888672,26.553143949225046,661500
2025-09-02,26.64017105102539,26.659511001322244,26.553143119048737,26.659511001322244,931700
2025-09-03,26.59182357788086,26.6498415856302,26.553143676475155,26.620833503935135,577200
2025-09-04,26.630502700805664,26.678850731790238,26.620832725736918,26.620832725736918,906000
2025-09-05,26.49512481689453,26.514464766975593,26.408096885888902,26.475784866813466,1127400
2025-09-08,26.408098220825195,26.475786205171406,26.408098220825195,26.4274381718839,513600
2025-09-09,26.51446533203125,26.52413530727786,26.3887593425437,26.427437399170948,385200
2025-09-10,26.53380584716797,26.54347582262036,26.466117863360477,26.5047959208108,465200
2025-09-11,26.44677734375,26.504795350857496,26.44677734375,26.504795350857496,926000
2025-09-12,26.485454559326172,26.543474408950445,26.47578458438879,26.543474408950445,1069900
2025-09-15,26.398427963256836,26.45644781581306,26.398427963256836,26.437107864960986,586800
2025-09-16,26.234041213989258,26.321069145625557,26.21470310812721,26.31139917051495,874700
2025-09-17,26.321069717407227,26.330739692727896,26.118005768750745,26.272721685163074,1662000
2025-09-18,26.44677734375,26.504795350857496,26.417767418016656,26.427437393261105,1542100
2025-09-19,26.52413558959961,26.533805564949148,26.475785712851923,26.514465614250074,715300
2025-09-22,26.42743682861328,26.504794784556843,26.42743682861328,26.456446753726798,805500
2025-09-23,26.408098220825195,26.466118074001304,26.398428245295843,26.4467781229426,886000
2025-09-24,26.60149383544922,26.611163810903232,26.56281393363316,26.58215388454119,802100
2025-09-25,26.785219192504883,26.804557298701464,26.67885130880728,26.67885130880728,1273600
2025-09-26,26.688520431518555,26.746538436973314,26.678850456549572,26.746538436973314,605500
2025-09-29,26.630502700805664,26.649840806584,26.59182280053068,26.601492775599425,748800
2025-09-30,26.60149383544922,26.630503761811262,26.55314395817914,26.62083378635725,1106800
2025-10-01,26.59182357788086,26.620833503935135,26.514465619428663,26.52413559478009,1273400
2025-10-02,26.630502700805664,26.69819068192773,26.572482850393186,26.572482850393186,949500
2025-10-03,26.5821533203125,26.620833221307546,26.562813369814975,26.601493270810025,707700
2025-10-06,26.707860946655273,26.756208978164207,26.67885102113441,26.746539002990584,967700
2025-10-07,26.862577438354492,26.862577438354492,26.77554950427967,26.804557586065133,891000
2025-10-08,26.920595169067383,26.978613176400078,26.891585243221435,26.9109251937854,937200
2025-10-09,27.104320526123047,27.133328607091176,26.959272743845737,26.959272743845737,2422400
2025-10-10,26.968942642211914,27.084980498831733,26.93026458624475,27.084980498831733,1210600
2025-10-13,27.065641403198242,27.07531137858513,27.026963346009914,27.036631477037584,580700
2025-10-14,26.988283157348633,27.07531109054555,26.97861318206462,27.055971139977526,805500
2025-10-15,26.910924911499023,26.96894291822313,26.88191498595738,26.96894291822313,1133500
2025-10-16,26.80455780029297,26.891585735063337,26.794887824834124,26.872247628504883,868100
2025-10-17,26.833566665649414,26.881914696672684,26.823896690572926,26.833566665649414,670700
2025-10-20,26.901254653930664,26.901254653930664,26.843236647815583,26.862576597973664,714500
2025-10-21,27.00762367248535,27.00762367248535,26.94960566392766,26.988283721513042,1433400
2025-10-22,26.978612899780273,27.036630906518095,26.949604818590952,27.036630906518095,1081100
2025-10-23,26.988283157348633,27.026963058484686,26.988283157348633,27.026963058484686,501300
2025-10-24,26.988283157348633,27.036631189409498,26.97861318206462,26.988283157348633,691800
2025-10-27,26.959272384643555,27.00762225954484,26.959272384643555,26.968942359623814,818000
2025-10-28,26.9399356842041,27.0076236682373,26.920595733234833,26.988283717268033,1573900
2025-10-29,27.094650268554688,27.1333283242287,26.930264382132055,26.988282387822647,1968800
2025-10-30,27.201017379760742,27.201017379760742,27.152669347167993,27.19134924872957,1519100
2025-10-31,27.27837562561035,27.27837562561035,27.230027592508776,27.230027592508776,972400
2025-11-03,27.297714233398438,27.346064108480174,27.249366202675848,27.32672415844748,852300
2025-11-04,27.384742736816406,27.413752662472064,27.346064680301385,27.375072761597856,1204600
2025-11-05,27.394412994384766,27.442761026616655,27.384743019066548,27.413752945021205,1340000
2025-11-06,27.249366760253906,27.326724717608442,27.249366760253906,27.30738476718001,1293800
2025-11-07,27.230026245117188,27.24936619514454,27.18167821440796,27.22035627010351,1150600
2025-11-10,27.249366760253906,27.288044816751583,27.230026809825475,27.23969678503969,997900
2025-11-11,27.2106876373291,27.220357612819775,27.16233960423498,27.17200957972565,1383900
2025-11-12,27.220355987548828,27.288043967582787,27.20101603772223,27.278373992669486,1043900
2025-11-13,27.14299964904785,27.18167955100455,27.094651615961222,27.172009575515375,1014100
2025-11-14,27.181678771972656,27.210686853249562,27.133328895912502,27.142998871124533,1099300
2025-11-17,27.249366760253906,27.268706710682338,27.22035683461126,27.23969678503969,1188500
2025-11-18,27.27837562561035,27.29771557659468,27.220357617016614,27.2493675434931,1428100
2025-11-19,27.452430725097656,27.46210070031836,27.336394711167575,27.355734661608984,1917200
2025-11-20,27.471771240234375,27.471771240234375,27.394413281237796,27.413753232076747,1492900
2025-11-21,27.452430725097656,27.510450576421885,27.433092619015433,27.491110625980475,1305200
2025-11-24,27.452430725097656,27.48144065075977,27.433092619015433,27.44276074987695,996000
2025-11-25,27.375072479248047,27.394412429485676,27.30738449777551,27.38474245436686,1281600
2025-11-26,27.297714233398438,27.394412139202768,27.28804425838209,27.394412139202768,1130500
2025-11-28,27.27837562561035,27.336395478563333,27.2493675434931,27.336395478563333,1215800
2025-12-01,27.268707275390625,27.27837540644587,27.18167934101961,27.19134931643408,2996300
2025-12-02,27.259037017822266,27.317055025349333,27.249367042507888,27.288045099406197,1528300
2025-12-03,27.123659133911133,27.17200901035135,27.094651052406203,27.162339035063304,1962500
2025-12-04,27.181678771972656,27.181678771972656,27.094650839423565,27.094650839423565,1479800
2025-12-05,27.152667999267578,27.201016029460256,27.133328049446856,27.152667999267578,1639400
2025-12-08,27.191349029541016,27.230027086431587,27.152669128291237,27.152669128291237,1143400
2025-12-09,27.230026245117188,27.268706145171887,27.201016320076164,27.210686295089836,1191700
2025-12-10,27.084980010986328,27.23002594587921,27.0559700862641,27.23002594587921,2309500
2025-12-11,26.988283157348633,27.017293083200673,26.939935125287768,26.97861318206462,1143000
2025-12-12,27.026962280273438,27.05597036093102,27.007622330262283,27.026962280273438,1141700
2025-12-15,27.00762367248535,27.036631754584576,26.959273795054578,26.988283721513042,568400
2025-12-16,26.978612899780273,27.01729280051161,26.89158496749395,26.930264868225287,881400
2025-12-17,27.036630630493164,27.065640555745496,26.997952574515885,27.065640555745496,655400
2025-12-18,27.055971145629883,27.08498107148798,27.007623113558914,27.007623113558914,764300
2025-12-19,27.14299964904785,27.14299964904785,27.084981640472048,27.094651615961222,553300
2025-12-22,27.030000686645508,27.040000915527344,27.0,27.020000457763672,1148200
2025-12-23,26.940000534057617,26.989999771118164,26.93000030517578,26.969999313354492,1032800
2025-12-24,26.950000762939453,26.959999084472656,26.93000030517578,26.940000534057617,699400
2025-12-26,26.969999313354492,27.0,26.920000076293945,26.920000076293945,743400
2025-12-29,26.979999542236328,27.020000457763672,26.940000534057617,26.959999084472656,794700
2025-12-30,27.049999237060547,27.049999237060547,27.0,27.020000457763672,627500
2025-12-31,27.030000686645508,27.110000610351562,27.030000686645508,27.059999465942383,575900
2026-01-02,27.110000610351562,27.1200008392334,27.040000915527344,27.079999923706055,2375000
2026-01-05,27.06999969482422,27.190000534057617,27.049999237060547,27.170000076293945,1632900
2026-01-06,27.15999984741211,27.15999984741211,27.09000015258789,27.100000381469727,1253200
2026-01-07,27.200000762939453,27.200000762939453,27.139999389648438,27.149999618530273,1122800
2026-01-08,27.270000457763672,27.280000686645508,27.219999313354492,27.25,591000
2026-01-09,27.329999923706055,27.360000610351562,27.299999237060547,27.299999237060547,806900
2026-01-12,27.280000686645508,27.280000686645508,27.219999313354492,27.25,991700
2026-01-13,27.350000381469727,27.3700008392334,27.270000457763672,27.270000457763672,747800
2026-01-14,27.329999923706055,27.350000381469727,27.280000686645508,27.309999465942383,535700
2026-01-15,27.43000030517578,27.450000762939453,27.389999389648438,27.40999984741211,700000
2026-01-16,27.43000030517578,27.450000762939453,27.3700008392334,27.3799991607666,1463100
2026-01-20,27.209999084472656,27.229999542236328,27.149999618530273,27.170000076293945,931300
2026-01-21,27.270000457763672,27.299999237060547,27.18000030517578,27.18000030517578,1005400
2026-01-22,27.149999618530273,27.219999313354492,27.1200008392334,27.209999084472656,826800
2026-01-23,26.90999984741211,27.139999389648438,26.90999984741211,27.1299991607666,686100
2026-01-26,26.780000686645508,26.81999969482422,26.719999313354492,26.809999465942383,1392400
2026-01-27,26.469999313354492,26.670000076293945,26.399999618530273,26.65999984741211,1780800
2026-01-28,26.6299991607666,26.739999771118164,26.559999465942383,26.600000381469727,2744700
2026-01-29,26.59000015258789,26.709999084472656,26.56999969482422,26.56999969482422,1592500
2026-01-30,26.850000381469727,26.850000381469727,26.700000762939453,26.729999542236328,2763800
2026-02-02,26.989999771118164,27.030000686645508,26.90999984741211,26.959999084472656,2780900
2026-02-03,26.920000076293945,26.989999771118164,26.899999618530273,26.979999542236328,1165000
2026-02-04,27.010000228881836,27.030000686645508,26.950000762939453,26.969999313354492,1122400
2026-02-05,27.09000015258789,27.09000015258789,27.0,27.010000228881836,1840300
2026-02-06,27.010000228881836,27.020000457763672,26.969999313354492,27.020000457763672,1305200
2026-02-09,26.790000915527344,26.850000381469727,26.780000686645508,26.809999465942383,1344900
2026-02-10,26.799999237060547,26.809999465942383,26.729999542236328,26.729999542236328,1037900
2026-02-11,26.829999923706055,26.8700008392334,26.760000228881836,26.81999969482422,1454400
2026-02-12,26.81999969482422,26.860000610351562,26.770000457763672,26.809999465942383,1103000
2026-02-13,26.81999969482422,26.889999389648438,26.799999237060547,26.81999969482422,840600
2026-02-17,26.90999984741211,27.010000228881836,26.889999389648438,26.950000762939453,1048600
2026-02-18,27.079999923706055,27.079999923706055,26.969999313354492,26.989999771118164,1865700
2026-02-19,27.1200008392334,27.170000076293945,27.100000381469727,27.15999984741211,937600
2026-02-20,27.09000015258789,27.15999984741211,27.040000915527344,27.139999389648438,1281600
2026-02-23,27.09000015258789,27.09000015258789,27.020000457763672,27.06999969482422,713500
2026-02-24,27.110000610351562,27.149999618530273,27.09000015258789,27.1299991607666,817300
2026-02-25,27.079999923706055,27.139999389648438,27.049999237060547,27.139999389648438,1029100
2026-02-26,27.100000381469727,27.170000076293945,27.059999465942383,27.09000015258789,1354900
2026-02-27,27.079999923706055,27.1200008392334,27.049999237060547,27.100000381469727,1037400
2026-03-02,27.329999923706055,27.399999618530273,27.280000686645508,27.31999969482422,3348800
2026-03-03,27.459999084472656,27.649999618530273,27.450000762939453,27.540000915527344,3237200
2026-03-04,27.40999984741211,27.459999084472656,27.389999389648438,27.420000076293945,2493200
2026-03-05,27.479999542236328,27.59000015258789,27.479999542236328,27.489999771118164,4089300
2026-03-06,27.469999313354492,27.59000015258789,27.440000534057617,27.56999969482422,3315900
2026-03-09,27.459999084472656,27.59000015258789,27.40999984741211,27.510000228881836,4290500
2026-03-10,27.450000762939453,27.479999542236328,27.34000015258789,27.360000610351562,3283500
2026-03-11,27.549999237060547,27.56999969482422,27.469999313354492,27.520000457763672,3203200
2026-03-12,27.68000030517578,27.709999084472656,27.6200008392334,27.6299991607666,2316100
2026-03-13,27.889999389648438,27.90999984741211,27.75,27.770000457763672,4225700
2026-03-16,27.729999542236328,27.780000686645508,27.68000030517578,27.739999771118164,7286100
2026-03-17,27.68000030517578,27.709999084472656,27.639999389648438,27.670000076293945,3599400
2026-03-18,27.850000381469727,27.850000381469727,27.700000762939453,27.739999771118164,4278500
2026-03-19,27.579999923706055,27.809999465942383,27.5,27.790000915527344,5031400
2026-03-20,27.68000030517578,27.75,27.65999984741211,27.65999984741211,4216900
2026-03-23,27.559999465942383,27.639999389648438,27.479999542236328,27.600000381469727,4152900
2026-03-24,27.649999618530273,27.709999084472656,27.579999923706055,27.65999984741211,3131800
2026-03-25,27.700000762939453,27.719999313354492,27.6299991607666,27.6299991607666,3161100
2026-03-26,27.809999465942383,27.81999969482422,27.719999313354492,27.760000228881836,2410200
2026-03-27,27.84000015258789,27.8799991607666,27.780000686645508,27.829999923706055,2421300
2026-03-30,27.979999542236328,28.0,27.90999984741211,27.90999984741211,2470800
2026-03-31,27.780000686645508,27.889999389648438,27.770000457763672,27.850000381469727,3450000
2026-04-01,27.729999542236328,27.739999771118164,27.6299991607666,27.670000076293945,4154600
2026-04-02,27.860000610351562,27.889999389648438,27.780000686645508,27.850000381469727,3579400
2026-04-06,27.829999923706055,27.8700008392334,27.770000457763672,27.809999465942383,3497200
2026-04-07,27.75,27.84000015258789,27.729999542236328,27.829999923706055,3871900
2026-04-08,27.530000686645508,27.610000610351562,27.450000762939453,27.450000762939453,5403000
2026-04-09,27.479999542236328,27.559999465942383,27.440000534057617,27.510000228881836,3167600
2026-04-10,27.440000534057617,27.489999771118164,27.420000076293945,27.420000076293945,4865800
2026-04-13,27.3799991607666,27.540000915527344,27.3799991607666,27.540000915527344,3728900
2026-04-14,27.31999969482422,27.329999923706055,27.270000457763672,27.299999237060547,4075700
2026-04-15,27.290000915527344,27.34000015258789,27.280000686645508,27.309999465942383,1926300
2026-04-16,27.3700008392334,27.3799991607666,27.329999923706055,27.34000015258789,1324700
2026-04-17,27.360000610351562,27.360000610351562,27.200000762939453,27.239999771118164,1974600
2026-04-20,27.31999969482422,27.3799991607666,27.299999237060547,27.350000381469727,1209500
2026-04-21,27.469999313354492,27.469999313354492,27.34000015258789,27.350000381469727,1641300
2026-04-22,27.479999542236328,27.489999771118164,27.399999618530273,27.440000534057617,768400
2026-04-23,27.530000686645508,27.579999923706055,27.469999313354492,27.530000686645508,830200
2026-04-24,27.479999542236328,27.530000686645508,27.450000762939453,27.5,1463800
2026-04-27,27.450000762939453,27.459999084472656,27.389999389648438,27.40999984741211,1210300
2026-04-28,27.530000686645508,27.549999237060547,27.489999771118164,27.530000686645508,3308700
2026-04-29,27.610000610351562,27.6299991607666,27.549999237060547,27.559999465942383,2659200
2026-04-30,27.360000610351562,27.5,27.34000015258789,27.479999542236328,3652900
2026-05-01,27.40999984741211,27.420000076293945,27.260000228881836,27.329999923706055,2575400
2026-05-04,27.479999542236328,27.510000228881836,27.420000076293945,27.43000030517578,1855900
2026-05-05,27.5,27.5,27.440000534057617,27.479999542236328,691900
2026-05-06,27.350000381469727,27.3700008392334,27.31999969482422,27.34000015258789,2479300
2026-05-07,27.40999984741211,27.40999984741211,27.299999237060547,27.31999969482422,1528600
2026-05-08,27.34000015258789,27.350000381469727,27.309999465942383,27.31999969482422,1070300
2026-05-11,27.350000381469727,27.360000610351562,27.329999923706055,27.350000381469727,959200
2026-05-12,27.450000762939453,27.510000228881836,27.440000534057617,27.479999542236328,2007800
2026-05-13,27.510000228881836,27.540000915527344,27.5,27.520000457763672,2113600
2026-05-14,27.6200008392334,27.6299991607666,27.540000915527344,27.549999237060547,2309200
2026-05-15,27.770000457763672,27.770000457763672,27.709999084472656,27.719999313354492,1851100
2026-05-18,27.700000762939453,27.729999542236328,27.670000076293945,27.68000030517578,2992100
2026-05-19,27.790000915527344,27.809999465942383,27.760000228881836,27.790000915527344,1914800
2026-05-20,27.729999542236328,27.81999969482422,27.670000076293945,27.790000915527344,2509300
2026-05-21,27.729999542236328,27.829999923706055,27.709999084472656,27.799999237060547,1832400
2026-05-22,27.770000457763672,27.81999969482422,27.75,27.760000228881836,2021800
2026-05-26,27.75,27.780000686645508,27.729999542236328,27.75,1929200
2026-05-27,27.75,27.790000915527344,27.709999084472656,27.719999313354492,2693300
2026-05-28,27.700000762939453,27.790000915527344,27.690000534057617,27.770000457763672,2942100
2026-05-29,27.65999984741211,27.739999771118164,27.6299991607666,27.709999084472656,4610000
2026-06-01,27.760000228881836,27.829999923706055,27.75,27.770000457763672,2057400
2026-06-02,27.760000228881836,27.809999465942383,27.739999771118164,27.739999771118164,2048200
2026-06-03,27.860000610351562,27.8799991607666,27.829999923706055,27.860000610351562,1725500
2026-06-04,27.84000015258789,27.850000381469727,27.780000686645508,27.790000915527344,880100
2026-06-05,28.020000457763672,28.049999237060547,27.899999618530273,27.920000076293945,2008900
2026-06-08,28.030000686645508,28.040000915527344,27.969999313354492,27.989999771118164,2424900
2026-06-09,28.010000228881836,28.049999237060547,27.940000534057617,27.959999084472656,2008200
2026-06-10,28.049999237060547,28.049999237060547,27.950000762939453,27.979999542236328,1741900
2026-06-11,27.950000762939453,28.1299991607666,27.920000076293945,28.079999923706055,2647800
2026-06-12,27.950000762939453,27.989999771118164,27.940000534057617,27.959999084472656,2225500
2026-06-15,27.969999313354492,27.969999313354492,27.8700008392334,27.889999389648438,4139500
2026-06-16,27.93000030517578,27.969999313354492,27.889999389648438,27.959999084472656,1794200
2026-06-17,28.18000030517578,28.219999313354492,27.940000534057617,27.940000534057617,2963900
2026-06-18,28.299999237060547,28.31999969482422,28.209999084472656,28.229999542236328,2054900
2026-06-22,28.360000610351562,28.3700008392334,28.290000915527344,28.34000015258789,2516200
2026-06-23,28.450000762939453,28.479999542236328,28.399999618530273,28.43000030517578,2494600
2026-06-24,28.530000686645508,28.559999465942383,28.489999771118164,28.540000915527344,2043800
2026-06-25,28.479999542236328,28.510000228881836,28.440000534057617,28.489999771118164,2075800
